time,frozen_gate_rel_rms_all,block_selector_rel_rms_all,frozen_gate_rel_rms_cluster1,block_selector_rel_rms_cluster1,frozen_gate_rel_rms_cluster2,block_selector_rel_rms_cluster2
2.4,0.0,0.11055462412937861,0.0,0.11027218207131274,0.0,0.11131444608915816
2.41,8.63082111845567e-07,0.11030949581214909,9.974852105527065e-07,0.11011737744033913,2.8286205008447894e-07,0.11081869868396309
2.42,2.4192971267965373e-06,0.11008082772848164,2.802939061143335e-06,0.10998129300613657,7.805842591478228e-07,0.1103409153199324
2.43,4.24267814117937e-06,0.1098822060638409,4.927309902049142e-06,0.10988290576118774,1.3474784868900717e-06,0.10988040224941005
2.44,6.246229500838827e-06,0.10966737135165856,7.270333089197356e-06,0.10975809669070694,1.960999875039053e-06,0.10943652338261675
2.45,8.451304467101497e-06,0.1094613572313134,9.860417909064373e-06,0.10964152720379872,2.6026850923610522e-06,0.10900863066695779
2.46,1.0815981458984067e-05,0.10921246086459435,1.2650546563891274e-05,0.10946079233806706,3.249050018303221e-06,0.1085961057347429
2.47,1.3364460183675023e-05,0.10900429420502944,1.5672027585544934e-05,0.10933279466737245,3.88327807941274e-06,0.10819836941179896
2.48,1.5997359128656754e-05,0.10879447558376117,1.8805676066240036e-05,0.1091982662460701,4.505466472846822e-06,0.10781484303245763
2.49,1.8697094946931147e-05,0.10860375087365097,2.2029798858220675e-05,0.10908647574903563,5.1206814933968015e-06,0.10744498651522136
2.5,2.1471703829188566e-05,0.1084298519506243,2.535489069428512e-05,0.10899441623030107,5.719659570077199e-06,0.1070882468242403
2.5100000000000002,2.4287727664299082e-05,0.1082384852610638,2.873992670210451e-05,0.10887352646544646,6.307606627770485e-06,0.10674413213655405
2.52,2.711751959222068e-05,0.10806732748735137,3.215285693291801e-05,0.10877728965423834,6.866867670391663e-06,0.10641212797695523
2.5300000000000002,2.9964602417915563e-05,0.10790823406807593,3.559785200337286e-05,0.10869428475001142,7.393432321157219e-06,0.10609178115063299
2.54,3.2825162925457785e-05,0.10776479140108591,3.9067881980606743e-05,0.10862977480243484,7.909063668288401e-06,0.10578263167135252
2.5500000000000003,3.571748749394673e-05,0.10761717024267453,4.258502264806299e-05,0.10855549918232384,8.410689926815057e-06,0.10548422458987394
2.56,3.8647125609962025e-05,0.10747644476316576,4.615599835724962e-05,0.10848735401843031,8.894780836925268e-06,0.10519614041070073
2.5700000000000003,4.161320105092525e-05,0.10734865378151447,4.977966421641006e-05,0.10843412036812805,9.358600233858096e-06,0.10491797901286484
2.58,4.464204251117224e-05,0.10722484879081283,5.348777270212355e-05,0.10838303597360827,9.801569821322902e-06,0.10464934836887868
2.5900000000000003,4.7750911906234046e-05,0.10711063559561666,5.7300927430956e-05,0.10834226997332838,1.0225782226251596e-05,0.1043898729698819
2.6,5.107845610379263e-05,0.10700441615502757,6.138760022749068e-05,0.10830961987220825,1.063494565528237e-05,0.1041392030063972
2.6100000000000003,5.462220166477222e-05,0.10690609057248632,6.574512020297166e-05,0.10828504666713074,1.1027364735880582e-05,0.10389698488198205
2.62,5.83916074983501e-05,0.10681546893234745,7.038543167576491e-05,0.10826837582565745,1.1399718802597537e-05,0.1036628870817028
2.6300000000000003,6.243086520799682e-05,0.10672271368016242,7.536251478131122e-05,0.10824540216757327,1.1753230040004788e-05,0.10343660958042399
2.64,6.675548896473262e-05,0.106644310242157,8.069550825847597e-05,0.10824016157506118,1.2087844077206648e-05,0.1032178349282405
2.65,7.134516961999785e-05,0.10658616006391168,8.635948027568344e-05,0.10826138916710187,1.2407675498953394e-05,0.10300626437989258
2.66,7.624385732063809e-05,0.10652675958600036,9.240817791358262e-05,0.10827787060956116,1.2714961534491606e-05,0.10280163806947443
2.67,8.144544375130251e-05,0.1064576449820966,9.88336881674427e-05,0.10827730728134813,1.3020018927607976e-05,0.10260366699433902
2.68,8.69838454899464e-05,0.1063986355536535,0.00010567719586414416,0.1082886801814852,1.3332661929921103e-05,0.10241209004072858
2.69,9.291278143434278e-05,0.10636717211189387,0.00011300421118998702,0.10833760542265054,1.3664072578504237e-05,0.10222666011136433
2.7,9.92721257389831e-05,0.10631983035481686,0.0001208636252602637,0.10836067379300046,1.402274764639537e-05,0.10204713907861852
2.71,0.0001061559335453567,0.10625880096467413,0.00012937044853555922,0.1083610936378064,1.4425124677969122e-05,0.10187329986199357
2.72,0.00011351733558207074,0.10623525339287963,0.00013846689421980675,0.10841391750531654,1.489155817383126e-05,0.10170491738968229
2.73,0.00012128868209730245,0.1062159311073819,0.00014806932798792967,0.10847051924515266,1.5447831036314135e-05,0.10154179282649434
2.74,0.0001295128348935036,0.106173804574281,0.00015822868942273654,0.10849128126841937,1.6139318345937884e-05,0.10138372713283418
2.75,0.0001382163588598561,0.1061577540078252,0.000168976846813017,0.10854801098856477,1.6994854500717672e-05,0.10123053334063836
2.7600000000000002,0.00014739196675264937,0.10614532151821603,0.00018030411241391528,0.1086078248045802,1.8040508384263835e-05,0.10108201804293922
2.77,0.0001570597361877973,0.10612105929081364,0.00019223431878181212,0.1086480821026708,1.930057458197169e-05,0.10093797760157737
2.7800000000000002,0.00016724489861656743,0.10609549296314945,0.00020479884403525235,0.10868429946998256,2.0772091903173213e-05,0.100798246423925
2.79,0.00017796625414334043,0.10607716456886916,0.00021801867869834495,0.10872909870908101,2.2497225477381613e-05,0.10066267940932687
2.8000000000000003,0.00018918097474055466,0.10605830597736067,0.0002318399370124316,0.10877111621627743,2.4492539864177487e-05,0.1005311088672205
2.81,0.00020087940437270722,0.10605848396969961,0.00024624756890559554,0.1088392291099129,2.680465172081402e-05,0.10040339512681616
2.8200000000000003,0.00021311302032637163,0.10604659426019872,0.0002613035650697067,0.10888768394705339,2.9443143437520287e-05,0.10027939110283951
2.83,0.00022586903888975629,0.10602411271935085,0.00027699220307573233,0.10891869649606634,3.238915624094436e-05,0.10015894958735742
2.8400000000000003,0.00023914588058367785,0.10603041396940993,0.00029331122083296946,0.108990363610102,3.563075857283269e-05,0.10004195072509017
2.85,0.0002529244383375553,0.10598690456952158,0.000310235525303867,0.10898684536580179,3.917487757091428e-05,0.09992826484666642
2.8600000000000003,0.00026726527423407554,0.10597114978392004,0.000327839271413584,0.10902258349282709,4.301671228065571e-05,0.09981775886857763
2.87,0.00028215211073196443,0.10594819028090222,0.0003460990729030453,0.10904606622065276,4.7188902579965184e-05,0.09971031552360324
2.8800000000000003,0.00029761397299927085,0.10596004678286196,0.0003650504286719555,0.10911937180267368,5.1681427282663145e-05,0.0996058208979165
2.89,0.0003136413094684933,0.10592700066292651,0.0003846810248762891,0.10912486282182704,5.648699712666756e-05,0.09950418368302297
2.9000000000000004,0.00033021767293588567,0.10591390413110502,0.0004049701919255397,0.10915832784862628,6.1596869733766e-05,0.09940529206293905
2.91,0.0003473250325433483,0.10592387503821506,0.0004258945665543708,0.10922444514999861,6.701212335863558e-05,0.09930902680281081
2.92,0.0003649645601176268,0.10588460502635605,0.00044745470825621877,0.10921644277391616,7.27328061261956e-05,0.09921531000727145
2.93,0.00038315882316488866,0.10584668553014422,0.00046967915521012104,0.1092090795584874,7.874401987814624e-05,0.09912405059799517
2.94,0.0004019261063767882,0.10586138731398685,0.0004925916866695591,0.10927818504536592,8.502773713256939e-05,0.09903515092964338
2.95,0.0004212675612211235,0.10582160938551351,0.0005161884926540832,0.10926552609712264,9.163593559748698e-05,0.09894851833188156
2.96,0.00044119078010260913,0.1058021000386828,0.00054047706091113,0.10928160128253982,9.858114262854122e-05,0.09886409781177452
2.97,0.00046164647530339746,0.10577245778564898,0.0005653966971782492,0.10928151346799118,0.0001058472291720626,0.09878180837026826
2.98,0.0004826258034777361,0.10572306525751395,0.0005909348321644024,0.10925106500393947,0.00011344176456984288,0.09870158545671005
2.99,0.0005041282233268677,0.10572587647384835,0.0006170883440853888,0.10929672681366577,0.00012138046506402675,0.09862332877544228
3.0,0.0005261581354736138,0.10572571609768694,0.0006438661915355077,0.10933693994766949,0.00012962255841560914,0.09854696609052781
3.0100000000000002,0.000548697082496187,0.10568827880367801,0.0006712425921087398,0.10932098501868204,0.00013818792462940306,0.09847244741552182
3.02,0.0005717532500444381,0.10565607739577601,0.0006992290263249109,0.10931176778122871,0.0001470593287443347,0.0983997224170808
3.0300000000000002,0.0005953073523287456,0.10563994789435084,0.0007277978637748624,0.1093253584296743,0.00015626277785237025,0.09832872987988396
3.04,0.000619360798852166,0.10564532349927848,0.000756950680976236,0.10936983792517688,0.00016579378703463054,0.09825939902916322
3.0500000000000003,0.0006438860208698027,0.10560515284475544,0.0007866481388773159,0.109346027415128,0.00017568699078454678,0.09819166596191051
3.06,0.0006688804481506206,0.10559620422392242,0.0008168879807310529,0.10936753884472299,0.0001859268454796357,0.0981254977595239
3.0700000000000003,0.0006943371532748223,0.10554596550098523,0.0008476588357193808,0.10932710856782718,0.00019652863266975888,0.09806081287165974
3.08,0.0007202534774410716,0.10553280437718797,0.0008789575090931412,0.10934073677414935,0.00020748428290966284,0.0979975770339701
3.0900000000000003,0.0007466214197624834,0.10549576583294525,0.0009107716403736014,0.10931823323319154,0.0002188055591723239,0.09793574437929857
3.1,0.0007734277486425787,0.10547026663406063,0.0009430851899059887,0.10931204889014982,0.00023048127934341634,0.0978752624521847
3.1100000000000003,0.0008006685201555462,0.10547334736570473,0.0009758871110395538,0.10934744239151231,0.00024255136525256908,0.09781607619780615
3.12,0.0008283556767871684,0.10544097347115636,0.0010091900559511626,0.10932963351495725,0.0002550259678862776,0.09775817019810798
3.1300000000000003,0.0008564950891249253,0.10539387173475392,0.0010430018855568193,0.10928932987806853,0.0002678942294518162,0.09770148802677737
3.14,0.0008850568754665985,0.10536235278271372,0.0010772806641756773,0.1092714304143466,0.0002811799179787271,0.097645986223229
3.1500000000000004,0.0009140356409519724,0.10531572638560331,0.001112026775032529,0.10923052870897505,0.0002948246063653504,0.09759160192750613
3.16,0.000943410902881408,0.10530022501934595,0.0011472065804039484,0.1092350984298186,0.00030887723067429275,0.09753831709934474
3.1700000000000004,0.0009731703262732291,0.10525604415758373,0.0011828060759035998,0.10919659579153676,0.00032331980646830585,0.09748610326909267
3.18,0.0010033219102569644,0.10521265376860581,0.0012188280757230092,0.10915866645250875,0.0003381951477070083,0.09743495293149132
3.19,0.0010339083518277003,0.10519638625604355,0.001255319409665156,0.10916033052871296,0.00035354325211001006,0.09738484013788434
3.2,0.001064934811545905,0.10515377110155077,0.001292291694969786,0.10912241927354457,0.0003693225625409693,0.09733571229944174
3.21,0.0010963428081834905,0.10511122088510662,0.0013296745344325356,0.10908407091644386,0.0003855028467113632,0.09728753578345035
3.22,0.0011281367932739934,0.10508574866543437,0.0013674760724472497,0.1090705080650705,0.0004020626703456545,0.09724027941182183
3.23,0.0011603349431211821,0.1050578496466914,0.0014057079223656307,0.109052855055508,0.0004190691018398713,0.09719391258974337
3.24,0.001192913262336991,0.10501559511167911,0.0014443461274794842,0.10901345628233212,0.00043647534064139527,0.09714840417859366
3.25,0.0012258637042048947,0.10497671654432168,0.0014833825916856758,0.10897859031519473,0.0004542635938820684,0.09710373867364508
3.2600000000000002,0.0012592227083286288,0.10496796049135834,0.0015228540003556484,0.10898789203718895,0.0004724876371619076,0.0970599135564489
3.27,0.001292962288671887,0.10492630346828499,0.0015627220750067156,0.10894801114879203,0.0004911576931470364,0.09701687448962944
3.2800000000000002,0.0013270618687275105,0.10487320985654588,0.0016029671622985713,0.10889075404712095,0.0005102294935031412,0.09697460999693232
3.29,0.0013615169587932428,0.10483658760552964,0.0016435775733603109,0.1088574826178894,0.0005297329094185717,0.09693311100172916
3.3000000000000003,0.0013963035479559898,0.10480263428083036,0.0016845328606200063,0.10882776567826724,0.0005496046248083613,0.09689234068706935
3.31,0.0014314184350751806,0.10476332762233999,0.0017258317460877306,0.10878973906124127,0.0005698255302877705,0.09685225105395545
3.3200000000000003,0.0014668730634777862,0.10471211832365362,0.0017674707592982787,0.10873368272676018,0.0005904934306326983,0.09681286851005359
3.33,0.0015026758807407913,0.10466140702312239,0.001809457076138797,0.10867798093522703,0.0006116224742698779,0.09677418421148193
3.3400000000000003,0.001538819437679804,0.10464237634908352,0.0018517789223497791,0.10866887885955624,0.0006332189608707686,0.09673616858988705
3.35,0.0015752743664285735,0.10460737873918287,0.001894413849110691,0.10863575403862175,0.0006551957065865896,0.09669880376708527
3.3600000000000003,0.0016120406003329209,0.10457397475838262,0.0019373576267067297,0.10860464778343984,0.0006775713523133027,0.09666207430968057
3.37,0.0016490995486438157,0.10454190926362536,0.001980577041225243,0.10857518526369654,0.000700391157986106,0.09662597691355308
3.3800000000000003,0.0016864053190073108,0.10450771260538683,0.002024017110679625,0.10854223547838872,0.0007236294550795828,0.0965904879180604
3.39,0.001723959579233387,0.10445954254536266,0.0020676886972540746,0.1084882483695003,0.0007472364394566835,0.09655559145299597
3.4000000000000004,0.0017617660163410287,0.10441182757250408,0.00211160008572362,0.10843463705901736,0.0007711907280424134,0.09652124451342511
3.41,0.001799823342929916,0.10438230586907266,0.0021557487399901545,0.10840771765028744,0.0007954941595535298,0.09648742890137195
3.4200000000000004,0.001838116922563635,0.10433541423975558,0.0022001044178371573,0.10835475589667849,0.000820200720095754,0.09645413998755305
3.43,0.0018766589155691708,0.10430513987536022,0.0022446911489975934,0.10832615699236009,0.0008452649628600539,0.0964213769563091
3.44,0.0019154469014444056,0.10427540760573525,0.0022894996355132917,0.10829808766976912,0.0008707142200540552,0.09638912973946362
3.45,0.0019544677485315667,0.104241648252395,0.0023345074518723074,0.10826377366992415,0.0008965714349383203,0.09635739528438443
3.46,0.0019937021439513252,0.10421275091559784,0.0023796933668582994,0.10823641950328211,0.0009228147515982016,0.096326133648489
3.47,0.0020331380461370745,0.10416780656498503,0.0024250509609618468,0.1081850135170113,0.0009493972220254366,0.09629534301695267
3.48,0.00207275724045572,0.10412326630600247,0.0024705591516033533,0.1081339649370202,0.0009763047649017196,0.09626500534843233
3.49,0.0021125596255746953,0.104091490077691,0.0025162203286738763,0.10810161665817536,0.0010035233541908547,0.09623510993730684
3.5,0.00215256012889064,0.10404772079089644,0.0025620472448865247,0.10805124709177132,0.001031081236373717,0.0962056477892636
3.5100000000000002,0.002192747758305853,0.10401998140569405,0.002608007841295333,0.10802442543734335,0.0010590571031677504,0.0961766316268675
3.52,0.0022331366662850897,0.10397696855169186,0.0026541290208495624,0.10797471615190722,0.0010874077220368666,0.09614804810949079
3.5300000000000002,0.0022737214637280553,0.10393435295168266,0.0027003890759683324,0.10792536441600455,0.001116195582392688,0.09611990625511316
3.54,0.002314476064273079,0.10390662939910056,0.0027467696711898372,0.10789790157919768,0.0011453469686049833,0.09609216286016374
3.5500000000000003,0.002355404538172749,0.10388389778947464,0.002793273812075412,0.10787764113253447,0.0011748686989374165,0.0960648135753726
3.56,0.00239647736091785,0.10384230566347061,0.0028398590313368326,0.10782917628953062,0.0012047751833419093,0.09603788302908353
3.5700000000000003,0.0024377026387085382,0.10380108702298564,0.0028865356227563955,0.1077810690995483,0.001235063541290995,0.09601132772076133
3.58,0.002479095504940145,0.10376023716999316,0.002933326370089032,0.10773332082741872,0.0012657168646998283,0.09598513223091576
3.5900000000000003,0.002520619700378612,0.10373186974069341,0.0029801903997542785,0.10770390802946865,0.0012967048991619882,0.09595930541762769
3.6,0.0025622817255039946,0.10370470130362287,0.0030271212033680054,0.107676082852381,0.0013280879761309748,0.09593385178868687
3.6100000000000003,0.002604105861039896,0.10366484944956864,0.003074130076412847,0.10762924246025264,0.0013599471487233557,0.09590876546394138
3.62,0.002646070014392056,0.10362535304607051,0.003121206435152181,0.10758274245757717,0.0013922009486960973,0.09588404141846818
3.6300000000000003,0.002688159425312377,0.10358620378281275,0.003168346965821575,0.10753658357660438,0.0014247797302593887,0.0958596539476101
3.64,0.0027303686148701534,0.10354740081993151,0.003215530392920246,0.10749076663425505,0.0014577384416634745,0.09583559953659188
3.6500000000000004,0.002772691226962551,0.10350894075845542,0.003262748318749587,0.10744529041390476,0.0014910736063867185,0.09581187155333745
3.66,0.002815128166023957,0.10348856731085938,0.0033100003385974712,0.10742649942602056,0.0015247878240744364,0.09578847518908948
3.6700000000000004,0.0028576859897051026,0.10345071808439402,0.0033572947805236863,0.1073815971543799,0.0015588784249065558,0.09576539891681171
3.68,0.002900340719535183,0.10342549399238846,0.003404604319537453,0.10735527944104784,0.0015933253899475597,0.09574264080887586
3.6900000000000004,0.0029431011199208827,0.10338827286884071,0.0034519268127318763,0.10731098354949882,0.0016281787666393797,0.0957202045748545
3.7,0.0029859706110087164,0.10336663981571667,0.0034992700060486747,0.10728968017682376,0.0016634215360595349,0.09569807466785941
3.71,0.0030289219495210004,0.10333002438773985,0.0035466049032233118,0.1072459704401881,0.0016990232512907328,0.09567625530735302
3.72,0.0030719637455247765,0.10329373293594543,0.0035939410174717526,0.10720258570306493,0.0017349873679921193,0.09565474291901124
3.73,0.003115105674005764,0.10325775871605618,0.0036412873285481834,0.10715952472151478,0.001771324714864363,0.09563352003716898
3.74,0.0031583074788089226,0.10322208218911327,0.003688604140488329,0.10711676810403635,0.0018079810431077335,0.0956125673331343
3.75,0.003201585050839214,0.10319979695286619,0.0037359118143185568,0.10709377010878275,0.0018449558574195565,0.09559187618784315
3.7600000000000002,0.003244952929508106,0.10316467793986335,0.0037832304711277027,0.10705157340879924,0.0018822432547801547,0.09557145334670027
3.77,0.0032884063440451056,0.10312985822585337,0.003830550662905349,0.10700968625477551,0.001919852442312144,0.0955512969335533
3.7800000000000002,0.0033319132500417865,0.10309533243634593,0.003877840482240642,0.10696810415948972,0.0019577423485052834,0.09553140033713943
3.79,0.003375493534621905,0.10306110199699643,0.003925119427891227,0.10692682922324806,0.001995935842719773,0.09551176409954809
3.8000000000000003,0.003419128115935107,0.10302715597580062,0.003972378885541776,0.1068858544275537,0.002034370428594289,0.0954923697390376
3.81,0.003462817618703191,0.10300477269570951,0.004019596868720202,0.10686194213144559,0.0020731265400307105,0.09547320973807748
3.8200000000000003,0.003506573943714751,0.10297134869529492,0.004066791696996466,0.10682149834230414,0.0021121924436236835,0.09545430162597411
3.83,0.003550421718980879,0.10293821924460543,0.004113988390179857,0.10678136634591531,0.002151593043321472,0.09543564372104059
3.8400000000000003,0.0035943383987984013,0.10290537140189353,0.004161164904759344,0.1067415284146351,0.002191297711703871,0.09541723332316249
3.85,0.0036383328615623286,0.10288904787141145,0.004208326405728175,0.10672612844275042,0.0022313273903275766,0.0953990621940297
3.8600000000000003,0.0036824108095797237,0.10285670178011377,0.004255492305981478,0.10668680636235159,0.002271638683058208,0.09538111177244862
3.87,0.0037265690081013185,0.10282462659164673,0.004302660356774292,0.10664777597644082,0.0023122228374710192,0.09536338214112065
3.8800000000000003,0.003770785537022919,0.10279281397907009,0.0043497893711209115,0.10660902454394462,0.002353118860927879,0.09534587399748479
3.89,0.0038150684871214886,0.10276126297451761,0.004396903452072895,0.10657055551712617,0.002394279253852095,0.09532857782474587
3.9000000000000004,0.0038594353058636942,0.10272998166480994,0.0044440117360714,0.10653237502315675,0.002435750437238106,0.09531150608465955
3.91,0.0039038664848397553,0.10271143580498533,0.004491085890626698,0.10651301080025553,0.0024775375437395284,0.09529466747126553
3.9200000000000004,0.003948363946900211,0.10268064037991703,0.004538131519284461,0.10647532895722824,0.002519628048078324,0.09527804520286175
3.93,0.003992929158696471,0.10265010091513109,0.004585165411309575,0.10643791942499792,0.002561970793473713,0.09526163963957383
3.9400000000000004,0.004037552613104434,0.10261980529164663,0.004632177800243645,0.10640077497788866,0.002604554695615653,0.09524542884223595
3.95,0.004082248426016477,0.10258975382047242,0.0046791695335663295,0.10636389210036594,0.002647437743703316,0.09522942097681485
3.9600000000000004,0.004127016941072805,0.10257369866798045,0.004726150316561832,0.10634772471337459,0.002690587952178942,0.09521360632067004
3.97,0.004171858736308343,0.10254408538779641,0.004773135032469212,0.106311304968724,0.0027339584782814217,0.09519797792724251
3.98,0.004216767978245209,0.10251471199982519,0.0048200905554049754,0.10627513610392204,0.00277762958358466,0.0951825620582163
3.99,0.0042617440802606675,0.10248558282042722,0.004867016783565611,0.10623922606790917,0.0028215969966135517,0.09516735584057809
4.0,0.004306777456619643,0.10245668950806942,0.004913906971819257,0.10620356712152593,0.002865839050787792,0.09515234983218174
4.01,0.0043518901819285,0.10242803368461263,0.004960783107541713,0.10616815857510202,0.002910378767585616,0.09513755060440542
4.0200000000000005,0.0043970666427705024,0.10239961035788905,0.005007623079570777,0.10613299606071118,0.002955217302298121,0.09512295193660078
4.03,0.004442298661017254,0.10237141438745365,0.005054428312660798,0.10609807940657366,0.003000313717476379,0.09510853870931325
4.04,0.004487596289622312,0.10234344203897423,0.005101206647986597,0.10606340909789365,0.003045684468512398,0.095094298597469
4.05,0.0045329513448804,0.10231569391914828,0.0051479590014837946,0.1060289808784288,0.003091291003305884,0.09508024249281417
4.0600000000000005,0.004578374371988005,0.102288176134808,0.005194684106968389,0.10599479563496761,0.0031371799587717195,0.09506638744342985
4.07,0.004623870735723762,0.1022608831119234,0.005241385818395019,0.10596085180465528,0.0031833600703014167,0.09505271964878838
4.08,0.004669449463342116,0.10224644888968146,0.00528807590711068,0.10594594680591343,0.003229831124100684,0.09503924057732603
4.09,0.004715093231864112,0.10221956491690817,0.005334742436478808,0.10591242626110219,0.003276556355793134,0.09502594839475814
4.1000000000000005,0.004760790946710445,0.10219289811344269,0.0053813603260987625,0.10587913743010048,0.003323564217925067,0.0950128403466552
4.11,0.004806543268784251,0.10216643785156518,0.0054279302246996956,0.10584607120279453,0.0033708536091235173,0.09499990272779033
4.12,0.004852354785764325,0.10214018962770277,0.0054744758208876655,0.10581323647904739,0.003418371273019776,0.0949871344241511
4.13,0.0048982150043368165,0.10211414802749043,0.005520978131901697,0.10578062498884658,0.0034661299065537137,0.09497453587179229
4.140000000000001,0.004944118956798244,0.10208830926036348,0.005567432985051414,0.10574823225065823,0.0035141205963180816,0.09496210475728839
4.15,0.004990079916235756,0.10206268297114524,0.0056138401455200675,0.10571605616986553,0.003562395792887119,0.09494987492290027
4.16,0.00503610495379749,0.1020372638740305,0.005660205908202651,0.10568409845796296,0.003610963531902215,0.09493782675685322
4.17,0.005082194599139132,0.1020249537716439,0.005706539742341361,0.10567156967797377,0.0036597968241553706,0.09492594885486452
4.180000000000001,0.00512834527934648,0.10199990384628685,0.005752835007224461,0.10563999878666117,0.003708899197078725,0.09491423092868033
4.19,0.005174539331833404,0.10197505740057211,0.005799086912642922,0.10560865030022401,0.003758213597832867,0.09490267545525931
4.2,0.0052207822396364715,0.10195040540185338,0.005845306155990594,0.10557751330281877,0.003807730280750236,0.09489127729203134
4.21,0.005267080800202207,0.10192595210336625,0.005891487001393785,0.10554659247391357,0.0038574912032317576,0.09488003984748174
4.220000000000001,0.00531342058805203,0.1019016842118069,0.0059376255647378175,0.10551587445759074,0.003907450264121329,0.09486895003096098
4.23,0.005359802439551188,0.10187760604467822,0.005983708908967835,0.10548535589972327,0.003957646118531741,0.09485802786055957
4.24,0.005406224428124417,0.10185371260237384,0.0060297417980576746,0.10545503638437619,0.004008056934619787,0.09484725902717443
4.25,0.005452699843716574,0.10182999837763343,0.006075743688215889,0.10542491179390796,0.00405867885675248,0.09483663526102004
4.26,0.005499226075040737,0.10180646589466133,0.006121700529569539,0.10539498436810331,0.004109539832307583,0.0948261596178396
4.2700000000000005,0.005545789329474254,0.10178311350293577,0.0061676016333164435,0.10536525216335055,0.004160615648044762,0.09481583116374136
4.28,0.005592399444540542,0.10175994005596073,0.006213457291128232,0.1053357112178431,0.00421191449076813,0.09480565454055372
4.29,0.005639044411032782,0.10173693823337837,0.00625927915139744,0.10530636414211714,0.00426335866570372,0.09479560228476212
4.3,0.005685735349053749,0.10172734748453785,0.006305075062781872,0.10529692451841437,0.004314968714553997,0.09478568816234723
4.3100000000000005,0.005732462427847172,0.10170465492302388,0.006350817634851356,0.10526789479417446,0.004366781219012309,0.09477592724234238
4.32,0.005779222089245632,0.10168213490749123,0.0063965024227919465,0.10523904315218545,0.004418794008815554,0.09476632573522534
4.33,0.005826027732634196,0.10165978452485057,0.006442139878242101,0.10521036900127265,0.004471028161583928,0.09475687596099323
4.34,0.00587287840258681,0.10163760591690878,0.006487737084927815,0.10518188005040052,0.00452346046050941,0.09474756881685625
4.3500000000000005,0.005919748071003949,0.10161558842995597,0.0065332717705711895,0.10515356482243413,0.004576053106768711,0.09473839524099305
4.36,0.0059666416011209394,0.10159373018585488,0.006578748239402183,0.10512542504415603,0.004628812237495523,0.09472934601588849
4.37,0.006013560534451311,0.10157203203844681,0.006624167073443779,0.10509745724032621,0.004681741531402074,0.0947204309853035
4.38,0.006060493871307141,0.10155048712227563,0.006669526558277939,0.10506966042413943,0.0047348048960847875,0.09471163130707394
4.390000000000001,0.0061074486780274264,0.10154131671378078,0.0067148193616701326,0.10506023986862566,0.0047880468026027054,0.09470295957620747
4.4,0.006154417426573785,0.1015200564427644,0.006760055846152748,0.10503273901643483,0.004841412702575627,0.0946944203240352
4.41,0.006201393849814065,0.10149895089565557,0.006805227904761963,0.1050054074980847,0.004894900722305694,0.0946860043061072
4.42,0.0062483900445101884,0.10147800037930527,0.006850343975718459,0.10497824505494224,0.004948532698769977,0.0946777130642271
4.430000000000001,0.006295435568986954,0.10145720989054761,0.006895427187045964,0.10495125197745828,0.005002355402417316,0.09466956127515798
4.44,0.006342507889824398,0.10143657362673579,0.006940457761024112,0.10492442650538795,0.005056337946311444,0.09466153481712611
4.45,0.006389614173674027,0.10141609515410706,0.006985422219666578,0.10489776090179356,0.0051105394051362855,0.09465366020940653
4.46,0.006436748601873888,0.10139577522655457,0.0070303271346371255,0.10487126466517745,0.00516492159858009,0.09464592047128595
4.470000000000001,0.006483881880681314,0.10137559834391144,0.007075159458092287,0.10484492743059773,0.005219412987626981,0.0946382896527404
4.48,0.006531034029360602,0.10136835943845773,0.0071199294093180765,0.10483781260829934,0.005274058593822956,0.09463079019239655
4.49,0.0065781986741562945,0.10134844204391832,0.0071646422967956225,0.10481173702280001,0.00532882246804235,0.09462341356518536
4.5,0.006625395132521201,0.1013286840321626,0.007209291763236208,0.10478581923504439,0.005383787903948179,0.09461619816720356
4.51,0.006672610005023001,0.10130906760387058,0.007253872411469043,0.10476005506558816,0.005438920528102705,0.09460909826754343
4.5200000000000005,0.006719841393937084,0.10128959790713932,0.007298386315602429,0.10473444762972149,0.005494208050551058,0.09460212315919797
4.53,0.006767086901535446,0.10127027224508055,0.007342829678464011,0.10470899024302265,0.005549650960173861,0.09459527830283752
4.54,0.006814338758697631,0.10125107989084726,0.0073871977516877406,0.10468367783980076,0.005605233431487088,0.09458854138286885
4.55,0.006861591555577062,0.10124270427768642,0.007431501701290498,0.10467444626017036,0.005660909394225954,0.09458190423329924
4.5600000000000005,0.0069088615725534635,0.10122375490737254,0.007475745754230032,0.10464939347243893,0.0057167247069196585,0.09457537528080778
4.57,0.006956139407443183,0.10120494747147814,0.0075199316803652005,0.10462449884913014,0.005772642600328996,0.09456895390159815
4.58,0.0070034234849456044,0.1011862758232104,0.00756405592386593,0.1045997557273263,0.005828666218849307,0.09456263491934856
4.59,0.007050707582276972,0.10115718675177614,0.007608112251990528,0.10455942168132346,0.00588478916747486,0.09455642140573585
4.6000000000000005,0.00709799477702296,0.10113881797646603,0.007652100623700254,0.10453501578274355,0.005941021986818081,0.09455033082414493
4.61,0.007145285874472339,0.10113106777966586,0.007696016426329345,0.10452639315992308,0.005997378190036292,0.09454435418257931
4.62,0.0071925796278250525,0.10111292482258447,0.007739860070668621,0.1045022187834568,0.00605385231612744,0.09453847638221385
4.63,0.007239874102415152,0.10109490920346248,0.007783644684085019,0.10447818632460852,0.006110406783761268,0.09453269487044323
4.640000000000001,0.0072871840909077,0.10107703030044017,0.00782736227846115,0.10445429548742825,0.006167110187498507,0.09452703870461304
4.65,0.007334513661926675,0.1010592806794941,0.007871018609521569,0.10443054158577751,0.00622396227345234,0.09452149480285087
4.66,0.007381840106562189,0.10104165763480114,0.007914616555321309,0.10440692946429272,0.006280880002578182,0.09451604521829943
4.67,0.007429156732255267,0.10102415681879018,0.007958148249053151,0.10438345662901859,0.006337859528535066,0.09451068177559092
4.680000000000001,0.007476468143230412,0.10100677979743712,0.008001606239793712,0.10436011256901426,0.0063949335687155055,0.09450543049173823
4.69,0.007523787620666371,0.10099977706596408,0.008044999647267471,0.10435219601060325,0.006452125118611276,0.09450028730299376
4.7,0.007571117290191185,0.1009826138079315,0.008088328108439452,0.1043290663166146,0.006509441826305829,0.09449524708215273
4.71,0.0076184512782366395,0.10096557260463818,0.008131593566783103,0.10430606874531961,0.0065668595834863785,0.09449030689994306
4.720000000000001,0.007665807344425268,0.10094866249445118,0.008174794357470594,0.10428319965579251,0.006624440563705127,0.09448550157457282
4.73,0.007713194789398232,0.1009318847482374,0.00821793175995781,0.1042604595919498,0.006682211842086589,0.09448083385577423
4.74,0.007760601500815088,0.10091523574669721,0.008261006403709775,0.10423785181638583,0.006740131568555505,0.09447628625237062
4.75,0.007808013613592145,0.10089870357400157,0.008304015709267249,0.10421537790777476,0.006798159794550718,0.09447181933907194
4.76,0.007855434256916193,0.10088229431727351,0.00834695394218467,0.10419303032975646,0.0068563194524363935,0.09446746705550882
4.7700000000000005,0.00790285005253811,0.10086600125547562,0.008389818176128832,0.10417080330106919,0.006914573187770825,0.0944632206182317
4.78,0.007950256366871826,0.10086088069358132,0.008432609249189347,0.10416520819856703,0.0069729039873560736,0.09445906981107913
4.79,0.007997662585285514,0.10084478521974088,0.008475324336388044,0.10414317636850325,0.007031348498901317,0.09445502460700259
4.8,0.008045072502127396,0.1008288090148291,0.008517967264802983,0.10412126737854847,0.00708991020379941,0.0944510899247708
4.8100000000000005,0.008092471963182893,0.10081294375669579,0.008560543335791858,0.104099477081223,0.007148531507105457,0.09444724898114748
4.82,0.008139872988539116,0.10079719083644781,0.008603049679885233,0.10407779960740021,0.007207257497929243,0.09444351789556257
4.83,0.00818727031903497,0.10078154705459338,0.008645479534200797,0.10405623696797259,0.007266085966892515,0.0944398828423801
4.84,0.008234672386581599,0.1007660145801943,0.008687842448930052,0.10403479020684925,0.007325022759195128,0.09443634828391591
4.8500000000000005,0.008282077564877054,0.10076312828876441,0.008730139801957618,0.10403218454322086,0.007384059455333834,0.09443290290544641
4.86,0.008329476815545462,0.10074777782549511,0.008772360492360824,0.10401091402343561,0.007443191287185506,0.09442956088875784
4.87,0.008376865328403326,0.10073253707021995,0.008814504567756178,0.10398975957565375,0.007502402692282723,0.09442631418653616
4.88,0.008424246059647355,0.10071740657184884,0.00885657589068505,0.10396872189529992,0.007561694609668493,0.0944231630475029
4.890000000000001,0.008471612049281626,0.1006899800338411,0.00889857470600305,0.10392927832418196,0.007621044423633125,0.09442008927631346
4.9,0.008518953097717927,0.1006750878084739,0.008940499457467986,0.10390851775845665,0.0076804233720533755,0.09441709272002256
4.91,0.008566278126431478,0.10067263178409147,0.00898235444682932,0.10390629237009386,0.00773985057596837,0.09441418188895025
4.92,0.008613587618277192,0.10065790755153733,0.009024137977024175,0.10388570021763129,0.0077993313087205834,0.09441135141336285
4.930000000000001,0.00866088058529391,0.10064328495354045,0.00906584418685282,0.10386521699064459,0.007858875036649757,0.09440860626565568
4.94,0.008708166889299289,0.10062876649282695,0.009107475104420726,0.10384483835354386,0.00791850828717403,0.09440596270971713
4.95,0.008755440763064408,0.10062539136333988,0.009149024993018106,0.10384106219982443,0.00797822502864963,0.0944034127667209
4.96,0.008802694389326479,0.10061104184789182,0.009190493399684026,0.10382084739135251,0.008038001692886433,0.09440094712201141
4.970000000000001,0.008849936219150971,0.10059679532397565,0.009231884664948696,0.10380073763563094,0.008097855400680875,0.09439857875488648
4.98,0.00889717435399066,0.10057170057065572,0.009273197769663882,0.10376436179681299,0.00815781331075377,0.09439631984778488
4.99,0.00894439709675675,0.10055768454591638,0.009314436684833378,0.1037444992867386,0.00821783060459207,0.09439414316447031
5.0,0.008991613325482813,0.1005437729367763,0.009355602314846851,0.10372474156431671,0.008277932846329508,0.09439206865975237
5.010000000000001,0.009038813830924466,0.1005408248984822,0.009396698305560454,0.10372132285734417,0.008338083894975775,0.09439008800918343
5.0200000000000005,0.009085996925483668,0.10052708180895199,0.00943771750491616,0.10370172471711146,0.00839829345938748,0.09438819874440672
5.03,0.009133162351265994,0.10051343489540268,0.009478664284847962,0.10368222811504872,0.008458551687483457,0.09438639320133416
5.04,0.009180302502033352,0.10049987684423793,0.009519535749415373,0.10366282541724012,0.008518841283689405,0.09438466469253687
5.05,0.009227435322516317,0.10049911333714873,0.009560331840262072,0.10366249605027238,0.008579217421847203,0.09438304070719902
5.0600000000000005,0.009274552157990527,0.1004730575189539,0.009601048713022106,0.10362431715608403,0.008639661356171988,0.09438149883776797
5.07,0.009321652206726356,0.10045978472897964,0.009641692692491073,0.10360520809179638,0.008700157610708794,0.09438003370612884
5.08,0.009368738839856174,0.10044660727928305,0.009682257548012446,0.10358619276206484,0.00876072916704067,0.09437866554441042
5.09,0.009415814563843229,0.10043352197862132,0.009722745136942953,0.10356726859874016,0.008821379707908592,0.09437738987324264
5.1000000000000005,0.00946287369397248,0.10042052702175196,0.009763158670064867,0.10354843617589003,0.008882085324102205,0.09437620007988033
5.11,0.009509907951894785,0.1004076206322887,0.009803501290447564,0.10352969522855911,0.008942814593321564,0.09437509135170913
5.12,0.009556911245110924,0.10039480117342177,0.009843765956380344,0.10351104653880165,0.009003563490910414,0.0943740571516781
5.13,0.009603891019282603,0.10038206794743279,0.00988394971664391,0.10349248670283814,0.009064360547775197,0.09437310220746997
5.140000000000001,0.009650855617655843,0.10036942665596242,0.009924057442109656,0.10347401698809278,0.009125221070252886,0.09437224121703335
5.15,0.009697788027040785,0.100369229009944,0.009964084892545437,0.10347412305039773,0.00918610236085021,0.0943714502986178
5.16,0.009744690108967875,0.10035672529494644,0.010004029053005285,0.10345578682123024,0.009247016130044422,0.09437073388509618
5.17,0.009791557893497315,0.10034430533094008,0.010043895527669383,0.103437540366961,0.009307939372904922,0.09437008743899765
5.180000000000001,0.009838404164374108,0.10033197825618725,0.01008368449988922,0.10341938835379212,0.009368910099203018,0.0943695291444148
5.19,0.009885226019464628,0.10031974411393163,0.010123398144259058,0.10340132752709859,0.009429915327009673,0.09436906582564221
5.2,0.009932032720479954,0.1003170704525259,0.01016303876700517,0.10339752669192845,0.0094909781202316,0.09436868614225058
5.21,0.009978824070108916,0.1003049881779514,0.010202612488171423,0.10337961351953646,0.009552085761458336,0.09436838148331482
5.220000000000001,0.010025592790174441,0.10028356638333277,0.010242114596218519,0.10334769022735911,0.009613225942916755,0.09436814949760336
5.23,0.010072341652548805,0.10027167602975727,0.010281539560750598,0.10332998399055213,0.009674417784881912,0.09436800152884667
5.24,0.010119068658639992,0.10025987156181836,0.010320886081397388,0.10331236422847288,0.009735657862386043,0.09436793658250145
5.25,0.010165766262310392,0.10024814614365506,0.010360158283548505,0.103294828099302,0.009796915788504322,0.09436793968316502
5.260000000000001,0.010212427233338983,0.10024581971595557,0.010399350404747846,0.10329132666077952,0.009858181587291712,0.09436800257059832
5.2700000000000005,0.010259057163397306,0.1002342257706199,0.010438463471794234,0.10327392248891294,0.009919469852232882,0.09436813424023481
5.28,0.010305651825869868,0.10022271281990007,0.010477495713189322,0.10325660762518982,0.009980771662048412,0.09436832850598949
5.29,0.010352210423715752,0.10021127555072747,0.010516444466062605,0.10323937474639727,0.010042089913439536,0.0943685840535066
5.3,0.010398729768237332,0.1002105870364064,0.010555315772974787,0.10323820212876278,0.010103403680828871,0.09436889346132002
5.3100000000000005,0.01044520599567624,0.10018861900849359,0.010594110469296234,0.10320515354880005,0.010164700245849955,0.0943692545764132
5.32,0.010491644540643665,0.10017740488767388,0.010632829600946612,0.10318816512848454,0.01022599371139515,0.09436968539696364
5.33,0.010538051344726223,0.1001662751786527,0.010671473458265822,0.10317126162745151,0.01028730101404098,0.09437019804635276
5.34,0.010584432351736367,0.10015522490521986,0.010710046447349797,0.10315443926019338,0.010348631123286087,0.09437078500309819
5.3500000000000005,0.010630776325895996,0.10014424656813803,0.010748541897519504,0.10313769437657334,0.010409964166508386,0.09437143093236486
5.36,0.010677083187378209,0.10014385640865733,0.010786957804171196,0.10313676822219385,0.010471303850654957,0.09437214340733253
5.37,0.01072335744860671,0.10013300159987454,0.010825300074430642,0.10312014089108332,0.01053265213871567,0.0943729231746156
5.38,0.010769599098021035,0.10012221721661048,0.010863562358201568,0.10310358779322827,0.01059402111865426,0.09437376389932421
5.390000000000001,0.010815802473105653,0.10011149931194123,0.010901749024827146,0.10308710708976573,0.0106553862102387,0.09437465740269306
5.4,0.010861972921353782,0.10011176603060337,0.010939863066806957,0.1030870381633779,0.01071675734520159,0.09437562395149562
5.41,0.010908117887959954,0.10010117621649588,0.010977909718481992,0.10307067567932349,0.010778146237639693,0.09437666365638323
5.42,0.010954236859293054,0.10009066386181042,0.011015888656806421,0.10305439183499875,0.010839552096437544,0.09437777671977456
5.430000000000001,0.01100031960129423,0.10008022584750158,0.011053791735343902,0.10303818175165548,0.010900960858982092,0.09437896357686863
5.44,0.01104636622093437,0.10006985799255823,0.011091623165649581,0.10302204668078045,0.010962365069598282,0.09438020909451834
5.45,0.011092374550874437,0.10004879100591743,0.01112938011582355,0.10298985439705001,0.01102376394606661,0.09438151593884232
5.46,0.011138351551513858,0.1000493396872906,0.01116705790852831,0.10299000459008732,0.011085186214784054,0.09438289094805692
5.470000000000001,0.011184290789984981,0.10003919016193674,0.011204656845635368,0.10297409138505356,0.01114661294020813,0.09438434245235701
5.48,0.011230199331870529,0.10002911015806606,0.011242182620597927,0.10295824907769068,0.011208053795105337,0.09438585892082887
5.49,0.011276065834254865,0.10001909627619913,0.011279628554631238,0.10294247699404176,0.011269488870366919,0.09438743146437759
5.5,0.011321886446130164,0.10000914576889527,0.01131699729066281,0.1029267726584634,0.011330902446861675,0.09438905682782969
5.510000000000001,0.011367667428249345,0.09999926248462743,0.011354292670116058,0.10291113847078485,0.011392305406305663,0.09439074177076706
5.5200000000000005,0.011413411213649954,0.09998944798351656,0.011391520911589384,0.10289557743192851,0.01145369337299573,0.09439248499161706
5.53,0.011459123656794796,0.09997970275730245,0.011428676941288561,0.10288008812694478,0.011515092392931595,0.09439429077923013
5.54,0.011504794811059801,0.09997002064520118,0.011465758936231482,0.10286466430268731,0.011576477721472425,0.09439615313101282
5.55,0.011550429571770838,0.09996040603200118,0.011502774975786088,0.10284931192751082,0.01163784858470765,0.0943980732515652
5.5600000000000005,0.011596032865078319,0.09995086455751208,0.01153972456232535,0.10283403319174152,0.011699219949600381,0.094400063731183
5.57,0.011641607610654463,0.09995144729497714,0.011576606302131379,0.10283389165051274,0.011760602675324392,0.0944021259422037
5.58,0.011687147937983425,0.0999420194196934,0.011613413924001934,0.10281871389116021,0.011821991670105052,0.09440425336919211
5.59,0.011732645837193205,0.09993265443414856,0.011650147027722518,0.10280360422794159,0.011883365203116586,0.09440643141424652
5.6000000000000005,0.011778103052787483,0.09992335333419608,0.011686808869834423,0.10278856107134576,0.01194472241466115,0.09440866628108818
5.61,0.011823522270772218,0.09991412041327648,0.01172339671350454,0.10277358485122848,0.012006075900030352,0.0944109700185992
5.62,0.011868911941147553,0.09990495723718457,0.011759917210604551,0.10275867695954301,0.012067437418731465,0.0944133445884586
5.63,0.011914263971745888,0.09989585981186781,0.011796369685913797,0.10274383332348914,0.012128785621802304,0.09441578611583634
5.640000000000001,0.011959584788123605,0.09988683051377341,0.011832752286509197,0.10272905642654506,0.01219014189467893,0.0944182967287786
5.65,0.012004878646671846,0.09988650002573397,0.011869065059548578,0.10272728453822194,0.01225151806143708,0.0944208808938962
5.66,0.012050142177383186,0.09987758829369106,0.011905310030432223,0.10271260714238076,0.012312901117242097,0.0944235429940692
5.67,0.012095377094567941,0.099868746531143,0.011941489118037487,0.1026979994948124,0.012374292455173826,0.09442627378388305
5.680000000000001,0.012140587950718682,0.09985140693742532,0.011977600270848899,0.10267061258883005,0.012435708417354627,0.09442907446983216
5.69,0.012185756143035504,0.09984271658121788,0.012013641737761375,0.10265616741772671,0.01249710047731866,0.09443192949395945
5.7,0.012230884781990753,0.09983408644099938,0.012049614393685829,0.10264178542355194,0.012558475852582117,0.09443483697806929
5.71,0.012275971543315212,0.09983402164309679,0.012085518914753268,0.10264022278067346,0.012619827036645355,0.09443779752583138
5.720000000000001,0.012321024710804427,0.09982550250297503,0.012121354949575476,0.10262593660769768,0.012681177688962849,0.09444084424273703
5.73,0.01236604407750834,0.09981704733407526,0.012157119023935433,0.1026117107075056,0.012742533418641398,0.0944439604703877
5.74,0.012411019035239397,0.09980864902351823,0.012192811888969483,0.10259754451456973,0.012803863671304363,0.0944471259995433
5.75,0.012455946908580214,0.09980030179054569,0.012228431375415735,0.10258343534858277,0.01286516501394082,0.0944503288051988
5.760000000000001,0.012500832459530983,0.09979201080303489,0.012263981682067868,0.10256938734354618,0.012926443334401135,0.09445357609298065
5.7700000000000005,0.012545675115958582,0.09978377993800927,0.012299464591124918,0.10255540280383899,0.012987694071755453,0.09445687488977769
5.78,0.012590493373474234,0.09977561315519871,0.012334881007969522,0.10254147572330291,0.013048966562413234,0.09446024912243517
5.79,0.012635282672926802,0.09976750377977464,0.012370232229762256,0.10252760495933572,0.013110246025048325,0.09446368099315032
5.800000000000001,0.01268004223193185,0.09976605397651833,0.012405519951468146,0.10252369853202438,0.013171527396722015,0.09446716829794308
5.8100000000000005,0.012724754501920281,0.09975804492347613,0.012440740115785963,0.10250992629385385,0.013232769750710398,0.09447070141062486
5.82,0.012769422910352154,0.09975009123530376,0.012475892432446827,0.10249621141297191,0.013293983128971365,0.09447428402742673
5.83,0.012814050850105988,0.09974219990218207,0.012510974635443654,0.10248255531624353,0.013355180847271105,0.09447793424082107
5.84,0.012858643935475032,0.0997343658512429,0.012545986637577177,0.10246895446446173,0.013416378445476112,0.094481643872187
5.8500000000000005,0.012903199751941128,0.09973704594526964,0.01258093247742067,0.10247110354042363,0.0134775624073789,0.0944854132650306
5.86,0.012947717541125742,0.09972930565541623,0.012615811038003376,0.10245758398641167,0.013538732671049988,0.09448923959390174
5.87,0.012992193404266392,0.09972162211931847,0.012650618827831101,0.10244412039789871,0.013599884708310778,0.09449312238857441
5.88,0.013036632856370176,0.09970361321073576,0.012685358407820417,0.10241512677880077,0.013661029185009199,0.0944970631206044
5.890000000000001,0.013081034248649653,0.09969606706749974,0.012720032104000712,0.10240180943176588,0.013722157698460078,0.09450106013218657
5.9,0.013125404816758546,0.09968858197802642,0.012754640376719036,0.10238854817515317,0.013783289145423495,0.09450512625092342
5.91,0.013169741868149712,0.09968115381319101,0.012789186227898843,0.10237534183159942,0.01384441114319108,0.09450925144078424
5.92,0.0132140465285176,0.09967378306070444,0.012823670313274868,0.10236219120917306,0.013905525691050724,0.0945134355247605
5.930000000000001,0.013258316148366114,0.09967673265352756,0.0128580877398122,0.10236450628031948,0.013966634003314684,0.09451767981741536
5.94,0.013302556837647654,0.09966945819230066,0.012892441141166628,0.10235143329472769,0.014027748140108742,0.0945219953946891
5.95,0.013346759076643344,0.09966223620668768,0.012926732216368525,0.10233841358153131,0.014088839583226074,0.0945263599311747
5.96,0.013390924211187226,0.09965506766388496,0.012960963606053649,0.10232544826431557,0.01414990759279043,0.09453077411268072
5.970000000000001,0.013435045303311804,0.09964794901443508,0.012995131695689466,0.102312537516933,0.014210939722408358,0.09453522691998933
5.98,0.013479126086907777,0.09964088002731471,0.013029232159605747,0.10229967699533317,0.01427195343826941,0.09453972624849728
5.99,0.013523158009803964,0.09963386042861355,0.01306326639066108,0.1022868669721886,0.014332923491251384,0.09454427085818184
6.0,0.013567146931694342,0.09962688954591199,0.013097233450688403,0.10227410808131188,0.014393867320922115,0.09454885741585746
6.010000000000001,0.013611093781287626,0.09962997003726841,0.013131136717441445,0.10227642783564758,0.01445478184560682,0.09455348253905008
6.0200000000000005,0.013654991651934598,0.09962307067186305,0.013164975180467327,0.10226373781992833,0.014515650365750893,0.09455814364871376
6.03,0.013698842502518094,0.09961622084380901,0.013198749086732336,0.10225109865722481,0.0145764778556235,0.0945628497651165
6.04,0.013742653065038671,0.0996094228394381,0.013232459035703267,0.10223850977413779,0.014637281427439489,0.09456760888811874
6.050000000000001,0.013786425660526179,0.09960267752480083,0.01326610668842481,0.1022259704518513,0.014698064597493619,0.09457242500300497
6.0600000000000005,0.013830167217084039,0.0995959900638323,0.013299700327533812,0.10221348467575865,0.014758832145108118,0.0945773056067004
6.07,0.013873869159691367,0.09958935375313151,0.01333323450174285,0.10220104926719997,0.014819570357314633,0.09458223700729068
6.08,0.01391753110178155,0.09958277349555567,0.013366712070815513,0.10218866726388964,0.014880273554973334,0.09458722793029445
6.09,0.013961152885072851,0.09957624165249128,0.013400129117820287,0.10217633273994298,0.014940947956641784,0.09459226714059059
6.1000000000000005,0.014004726886666546,0.09955996116210045,0.013433483708976589,0.10214932278604487,0.015001576601650803,0.09459735161752307
6.11,0.014048258442428843,0.09956332744549505,0.013466776337962562,0.10215181410936236,0.01506217297469462,0.09460248731599025
6.12,0.01409175764333361,0.09955694559827379,0.013500006814246368,0.1021396258098395,0.015122764248279892,0.0946076781006399
6.13,0.014135218235799357,0.09955061185090604,0.013533176210566813,0.10212748470067716,0.015183332114121968,0.09461291679006983
6.140000000000001,0.014178629751809868,0.09954432110900303,0.01356628348501139,0.10211538779988964,0.015243850650920971,0.09461819411261546
6.15,0.0142220036299191,0.09954823160963173,0.013599328486837706,0.10211859643960833,0.015304350495779025,0.09462352902708687
6.16,0.014265338891831613,0.09954201650249499,0.01363231256919283,0.1021065584644976,0.015364826892873632,0.09462891293050849
6.17,0.014308621241443156,0.09953584510956255,0.013665236089588315,0.10209456691639406,0.015425241592312856,0.09463433320890835
6.180000000000001,0.014351864365962292,0.09952972418250444,0.013698097785407702,0.1020826222389321,0.015485632923110924,0.09463980912491347
6.19,0.01439507179318262,0.09952365639661481,0.013730898583506172,0.1020707261777241,0.015546008731486816,0.0946453452010284
6.2,0.014438232386468991,0.09950759788560908,0.01376364107981469,0.10204378288146024,0.015606335519575798,0.09465092677185237
6.21,0.014481352501294288,0.09951166392718591,0.013796325459385608,0.102047074180633,0.01566662984219048,0.09465656047774729
6.220000000000001,0.014524434129622787,0.0995057426966855,0.01382895136696282,0.10203531842036173,0.0157268976021733,0.09466224962553309
6.23,0.014567474330578414,0.09949986823495748,0.013861519331130077,0.10202360860275396,0.01578713030190925,0.09466798518125272
6.24,0.01461047391687149,0.09949404101260853,0.013894029713925744,0.10201194471997993,0.015847329578584018,0.09467376859151705
6.25,0.014653438521389192,0.099488262997373,0.013926483062473257,0.10200032532233326,0.015907509413664447,0.09467960856695092
6.260000000000001,0.0146963631871026,0.09948252960402666,0.013958876006426956,0.10198874821562948,0.01596766231869662,0.09468549576620734
6.2700000000000005,0.014739253674391413,0.0994768395617764,0.013991208157107254,0.10197721201329235,0.016027804074236637,0.09469142906100088
6.28,0.01478210850205037,0.09947119551717097,0.014023479740548007,0.10196571649494134,0.01608793045929283,0.0946974168317937
6.29,0.014824921708051985,0.09946559551767209,0.014055688964242929,0.1019542648110004,0.016148028808841874,0.09470344700706605
6.300000000000001,0.014867690847082376,0.09946003842681087,0.01408783558964345,0.10194285566217381,0.016208093187805583,0.09470951875388775
6.3100000000000005,0.014910424219695904,0.09945452688493076,0.014119923130763969,0.10193148876293863,0.01626813967634145,0.09471564055064866
6.32,0.014953114598687565,0.0994490593699599,0.014151953053285574,0.10192016458884513,0.01632814713220637,0.09472180694710439
6.33,0.01499576777364093,0.09944364103111346,0.014183926178881761,0.10190888531152811,0.01638812941005485,0.0947280290026085
6.340000000000001,0.01503838363325064,0.09943826904518338,0.014215838680947387,0.10189764833435568,0.016448092394457416,0.0947343033927595
6.3500000000000005,0.015080952445022645,0.09944167111868263,0.014247695990709753,0.10189959282336793,0.01650800215709951,0.09474062154652324
6.36,0.015123478221580111,0.09942765728060476,0.014279497476441427,0.10187530425142548,0.01656787025509379,0.09474698307619152
6.37,0.01516595168831508,0.09942241198160272,0.014311239863400141,0.10186419261005225,0.016627677922275687,0.0947533808821144
6.38,0.01520837868249952,0.09941720694048142,0.014342929483655963,0.10185312484784703,0.01668743038931464,0.09475980976909854
6.390000000000001,0.015250764713893654,0.0994120413830667,0.014374563661121512,0.10184209853389771,0.0167471463230872,0.09476627218154483
6.4,0.015293115834627505,0.09940692009642936,0.01440614207702399,0.10183111452505712,0.016806841976636525,0.09477278070829913
6.41,0.015335428464637084,0.0994104592315787,0.014437661460461555,0.10183314258070844,0.016866513296909975,0.09477933861706302
6.42,0.015377692454176934,0.09940540077191631,0.01446912467296492,0.10182220994392581,0.01692612957067117,0.0947859300596884
6.430000000000001,0.015419910211307408,0.0994003840897576,0.014500529259658501,0.10181131762667764,0.016985700998588562,0.09479256416941499
6.44,0.015462078253741882,0.09939540763729036,0.014531874108657705,0.10180046429409395,0.017045220447306258,0.0947992389262246
6.45,0.015504196074103976,0.09939978475535564,0.014563160396008152,0.10180367724612616,0.01710468487121405,0.09480594709159985
6.46,0.015546273618105552,0.09939486714747388,0.014594389679234286,0.10179287236689719,0.01716411756252019,0.09481269869247216
6.470000000000001,0.01558830432187584,0.09938998855831442,0.014625563491173109,0.10178210648082715,0.017223499278687052,0.09481948728670152
6.48,0.015630284671784254,0.09937588780423315,0.014656681193213178,0.10175743547396168,0.017282822090684765,0.09482630606378094
6.49,0.01567221722726851,0.09937109833953676,0.014687743963319734,0.1017467739334303,0.01734209085825132,0.09483314789812816
6.5,0.01571410382906724,0.0993663458121137,0.014718751903207703,0.10173615038630833,0.01740131026357856,0.09484002249486075
6.510000000000001,0.015755945961681183,0.09936163349976371,0.01474970809528019,0.10172556679114202,0.01746047941083592,0.09484693575740435
6.5200000000000005,0.01579774781107551,0.0993569613928044,0.014780610271294792,0.1017150199938735,0.017519612673638548,0.09485389389766279
6.53,0.015839513643837278,0.09936149264456799,0.014811458044381713,0.1017183090157866,0.017578721658319515,0.0948609065852956
6.54,0.015881240287404712,0.09935688733639986,0.014842249610477722,0.1017078085567337,0.017637801093442547,0.0948679693679589
6.550000000000001,0.01592292347130043,0.09935232510262901,0.014872986260931005,0.10169734722119991,0.01769683807210138,0.09487508098724812
6.5600000000000005,0.015964564908716193,0.09934780034122417,0.014903667193974691,0.10168692202109735,0.017755838314934484,0.09488223060630505
6.57,0.01600615578469244,0.09934331408013139,0.014934296279941675,0.1016765349502253,0.01781477335609245,0.094889417387296
6.58,0.016047693566725155,0.09933886336467278,0.01496487029887012,0.10166618477689122,0.017873641822223736,0.09489663499184743
6.590000000000001,0.016089187584644046,0.09933445214538086,0.014995385856313754,0.10165587006250008,0.017932472915861024,0.09490389794105036
6.6000000000000005,0.01613064241515115,0.09933008683119454,0.015025845705929674,0.10164559251433006,0.01799127410161623,0.09491122198600453
6.61,0.016172054597607576,0.09933385025887784,0.015056249992468866,0.10164754159947974,0.01805003638343407,0.09491859166087176
6.62,0.016213430059916663,0.09932955061822117,0.015086602062532805,0.10163731320605922,0.018108769782284265,0.09492601118595226
6.63,0.016254762102660567,0.09932528860847394,0.015116898687495528,0.10162712041400233,0.018167462257138046,0.09493347021535066
6.640000000000001,0.016296041870844952,0.0993210616253571,0.015147141355805374,0.10161696399435893,0.018226089052033816,0.09494095952233321
6.65,0.016337276736364946,0.09931687215606466,0.01517732984802791,0.10160684258636553,0.01828466936865598,0.09494848916310707
6.66,0.016378465461337373,0.09931271600209753,0.015207466665118574,0.10159675629012727,0.018343196306965445,0.09495604646805009
6.67,0.01641960345233119,0.09930859303088917,0.015237549826254278,0.10158670317530566,0.0184016613284313,0.09496363485571133
6.680000000000001,0.016460699774860154,0.09930451016747276,0.015267581129103803,0.10157668483706911,0.018460084785244465,0.09497127178740507
6.69,0.016501752194093156,0.09930046590681903,0.015297559641153907,0.10156670265571772,0.018518462513830332,0.09497895003220719
6.7,0.01654275871752528,0.09928851614866613,0.01532748264571328,0.10154478196240169,0.01857679367305596,0.09498666128591542
6.71,0.01658371610641904,0.09929248200430814,0.015357354745360999,0.10154684563364375,0.01863506312752288,0.09499439944866242
6.720000000000001,0.016624623916093897,0.09928853576638547,0.015387172218150726,0.10153696737776664,0.018693275521136435,0.0950021577435412
6.73,0.01666549176443938,0.09928462695530917,0.015416934812109161,0.10152712382251541,0.018751455644511163,0.09500995671301138
6.74,0.016706317461376498,0.09928075481522187,0.015446643531508234,0.10151731369377323,0.018809596483195204,0.09501779661635315
6.75,0.016747100654677976,0.09928517624980891,0.015476298945750621,0.10151998853150124,0.01886769633975589,0.09502568178601563
6.760000000000001,0.01678784131022223,0.09928136226551064,0.015505901417585854,0.10151022285498353,0.018925754617938086,0.09503360404240822
6.7700000000000005,0.016828537710742882,0.09927758575259414,0.015535449895875002,0.10150049031581007,0.0189837686423661,0.09504157018743248
6.78,0.016869186700041346,0.09927384718399142,0.015564944092446104,0.10149079220500562,0.019041730953438415,0.09504957908146322
6.79,0.016909779680176207,0.09927014045285235,0.015594380303417,0.1014811265041587,0.01909962555116685,0.09505761655290798
6.800000000000001,0.01695033086781192,0.09925829512842196,0.015623764659012301,0.10145915877349299,0.019157479097741445,0.09506569730755299
6.8100000000000005,0.016990840294925577,0.09926283622696604,0.015653096340478914,0.10146189204823641,0.019215292984268495,0.09507381842490424
6.82,0.017031306900777515,0.09925924047912672,0.015682377708799638,0.10145232691916378,0.0192730610337698,0.09508198085910531
6.83,0.017071733209161492,0.09925568000170443,0.015711609670102454,0.10144279566002032,0.019330788275629413,0.09509017919023156
6.840000000000001,0.017112121123288096,0.09925215440939668,0.01574079222449428,0.10143329639235825,0.019388479569012934,0.09509841592284439
6.8500000000000005,0.017152457088473273,0.09924865775985775,0.01576992261858826,0.1014238288135273,0.01944610505101259,0.09510667406000335
6.86,0.01719274792336375,0.0992451943669158,0.015799004084689976,0.10141439386702301,0.01950367708886285,0.09511496454567837
6.87,0.017232985593418577,0.09924176040022481,0.01582803644571342,0.10140499038045665,0.019561175879354274,0.09512327834785696
6.88,0.017273179466820592,0.09923835996497216,0.015857020673593857,0.1013956203120168,0.019618623567480405,0.09513162376290654
6.890000000000001,0.017313324346579315,0.09923499282782287,0.01588595778373225,0.1013862839590961,0.019676005702155996,0.09513999953004341
6.9,0.017353420015762074,0.09923165544116955,0.015914845863335938,0.10137697775452817,0.01973332468147594,0.09514840214922139
6.91,0.017393469726773747,0.09922835172504953,0.015943680415315877,0.10136770176244353,0.01979059543818122,0.09515684306936403
6.92,0.01743347211376163,0.09922508185173746,0.015972463757021275,0.10135845918481508,0.019847811162173903,0.09516531653530252
6.930000000000001,0.017473427376217807,0.09922945305714777,0.016001196544403132,0.10136073857032485,0.019904971463231894,0.0951738168883279
6.94,0.017513335324942012,0.09922622705994626,0.016029882803855994,0.10135153529414007,0.019962069979997974,0.09518234020463257
6.95,0.017553200351981053,0.09922303071406294,0.016058522160315017,0.10134236167015018,0.020019118317676835,0.09519089099341947
6.96,0.01759303048128761,0.09921986667859957,0.016087113434836233,0.1013332166516494,0.02007613831306035,0.0951994791479821
6.970000000000001,0.017632818028256624,0.09921673262083178,0.016115659850689076,0.10132410155233804,0.020133106079697965,0.09520809520058034
6.98,0.01767255679290952,0.09920608977117312,0.016144159082486672,0.1013036309679338,0.020190009640410275,0.09521673866390289
6.99,0.017712247828080317,0.09920303051401659,0.016172607327218508,0.1012945971522184,0.02024685732904514,0.09522541122791722
7.0,0.017751891449738086,0.09920000082547782,0.016201007153630778,0.10128559272200562,0.020303646210518556,0.09523411159076567
7.010000000000001,0.01779149126480968,0.09920449569790055,0.016229360641285915,0.1012879382829772,0.020360382278463447,0.09524284169473547
7.0200000000000005,0.017831054929762793,0.09920151823626581,0.016257669566421173,0.10127897349049617,0.020417082011294847,0.09525161599902966
7.03,0.017870583032481437,0.09919857551215372,0.016285932422380373,0.10127003785817434,0.020473749152641198,0.09526043378536206
7.04,0.01791006584047072,0.09919566196825841,0.01631415061009911,0.10126113209510902,0.020530357513369166,0.09526927724172402
7.050000000000001,0.017949504379605886,0.09919277913732376,0.016342321271925427,0.10125225518056677,0.020586913906906406,0.09527815290096957
7.0600000000000005,0.01798890025539403,0.09918992753713388,0.016370444993418058,0.10124340689136617,0.020643421533147785,0.0952870627101986
7.07,0.018028257430567213,0.09919504548434988,0.016398520992625572,0.10124657948178017,0.020699891402105666,0.0952960123072404
7.08,0.018067573212964597,0.0991922444071465,0.01642655108269956,0.10123776753282684,0.020756314240454158,0.09530499746384523
7.090000000000001,0.01810684050480368,0.09918947181329567,0.016454533387248366,0.10122898381158,0.02081267527374709,0.09531400942499994
7.1000000000000005,0.018146063641246435,0.09918673027002081,0.016482470106152728,0.10122022862610712,0.020868982099203622,0.0953230551785292
7.11,0.018185237120845972,0.09918401587304451,0.016510359940572893,0.10121150237393678,0.020925223061675248,0.09533212241374502
7.12,0.018224362757320027,0.09918132882798181,0.016538201462516316,0.10120280379811471,0.020981404803006993,0.09534121419712849
7.130000000000001,0.01826344438318,0.09917867254288128,0.016565994084792136,0.10119413175646169,0.021037537739318973,0.09535034279767597
7.140000000000001,0.01830247534097903,0.09916821401848815,0.016593738263036634,0.10117365078497503,0.02109360481065211,0.09535949748032828
7.15,0.018341461189088772,0.09916562790680095,0.01662143635316797,0.10116505678432232,0.02114961640275339,0.0953686750920324
7.16,0.01838039473150328,0.09916306332358993,0.016649090156926838,0.10115649053142259,0.021205552226873592,0.09537785986858803
7.17,0.01841927651241601,0.09916830808319385,0.016676698288350087,0.10115972241637156,0.021261415726801694,0.09538706040375099
7.180000000000001,0.018458113295741818,0.09916577617191644,0.016704260049089776,0.10115118414888022,0.021317224674417122,0.09539628397822297
7.19,0.01849690721080757,0.09916327370350224,0.016731775632662472,0.1011426715143198,0.021372984084585194,0.09540554224544118
7.2,0.0185356603187836,0.09916080140807045,0.01675924707134117,0.10113418542039303,0.021428696146727936,0.09541483558962821
7.21,0.018574371862960484,0.09915835985424987,0.016786675064776553,0.1011257269035704,0.02148435803537089,0.09542416367539291
7.220000000000001,0.01861303484958916,0.09915594338342698,0.016814057879409212,0.10111729460294619,0.021539955102327812,0.09543351245619557
7.23,0.01865165505282296,0.0991535531458855,0.016841397491653372,0.10110888747542392,0.02159549877390023,0.09544288735611349
7.24,0.01869022996969805,0.09915118961369011,0.016868694754023184,0.10110050687218834,0.02165098174623435,0.09545228712351028
7.25,0.018728754965912014,0.09914885439644054,0.016895946339320247,0.1010921513789098,0.021706397445818714,0.09546171934343922
7.260000000000001,0.01876723109240952,0.09914654736147131,0.01692314872945312,0.10108382360859043,0.021761753607294657,0.09547117846887214
7.2700000000000005,0.018805661463434986,0.09914426747643207,0.01695030676075188,0.10107552201310435,0.02181705101911654,0.09548066443802776
7.28,0.018844049620627752,0.09915342279414634,0.016977418577002436,0.1010845049186997,0.021872301096690416,0.09549017858180942
7.29,0.018882392794603294,0.09915117689506062,0.01700448598164256,0.10107622005495494,0.021927494457535848,0.09549972984460282
7.300000000000001,0.018920688814638154,0.09914895696959289,0.01703150823469641,0.10106796029416917,0.021982626951722085,0.0955093065596248
7.3100000000000005,0.018958943530573848,0.09914676358192935,0.01705848539394974,0.10105972417452366,0.022037712878023353,0.09551891323795147
7.32,0.018997150158490572,0.09914459470726751,0.017085417173467586,0.10105151246608414,0.022092736071793573,0.09552854243101667
7.33,0.019035310190766635,0.09913114830799354,0.017112304683779674,0.10102622084829714,0.022147698658511242,0.0955381951542113
7.340000000000001,0.019073427806165225,0.09912905193616481,0.017139147320751114,0.10101809029776265,0.02220261177727322,0.09554787359138289
7.3500000000000005,0.019111499907161038,0.09912697888409347,0.017165945431859515,0.10100998520250669,0.022257467409323897,0.09555756899974836
7.36,0.019149530401887983,0.09912493339790117,0.017192697510468827,0.10100190611324616,0.022312277307638108,0.09556729281368037
7.37,0.019187517285777615,0.09912291289004146,0.017219407015942562,0.10099385157676133,0.022367031705593683,0.09557704023457192
7.380000000000001,0.019225458721703392,0.09913211525107198,0.017246072187436644,0.10100277463321036,0.022421728688875323,0.09558680790653454
7.390000000000001,0.01926335742887052,0.09913012288783632,0.01727269414639842,0.10099473916209646,0.022476373358496927,0.09559659870026298
7.4,0.019301207731456122,0.09912815258841345,0.017299273756112173,0.10098672875511916,0.022530950698931226,0.09560640350231024
7.41,0.019339006259717885,0.09912620017310285,0.017325810962362777,0.100978742372411,0.022585452656606053,0.0956162120139294
7.42,0.019376756424344888,0.09912426806914869,0.017352307075861807,0.100970780386693,0.022639885758152994,0.09562603067765346
7.430000000000001,0.019414459640658445,0.09911126437557984,0.01737876110536368,0.10094604089497777,0.022694254903718326,0.0956358710890668
7.44,0.019452120979710857,0.09910940219354107,0.017405173615164873,0.10093815561511274,0.02274857169403166,0.09564574016118485
7.45,0.01948973767886244,0.09910756428821839,0.0174315441952301,0.10093029470612976,0.02280283003965218,0.09565563115739058
7.46,0.01952731064449502,0.09910574819235804,0.017457872398903847,0.10092245668887793,0.022857032862055322,0.09566553964816372
7.470000000000001,0.019564846098519304,0.09910395873083097,0.017484159093889555,0.10091464165303615,0.02291119411118831,0.09567547966373363
7.48,0.0196023345964806,0.09911318451732036,0.01751040452018291,0.10092350221235369,0.02296529051651693,0.09568543564960097
7.49,0.019639783634108163,0.09911142002798135,0.017536606693727894,0.10091570267656802,0.023019343127595467,0.09569541663943454
7.5,0.019677193508003676,0.09910968105727104,0.017562767904574075,0.10090792657687722,0.023073349482698475,0.09570542500806313
7.510000000000001,0.01971455598036259,0.09910796461595354,0.017588887391162895,0.10090017509081575,0.023127290703187812,0.09571544968016617
7.5200000000000005,0.019751870216536637,0.09910627192644766,0.017614962899578323,0.10089244775085625,0.02318116801047412,0.09572549514061829
7.53,0.01978913802424107,0.09910459993234495,0.0176409986572026,0.10088474215208075,0.023234979921336107,0.0957355570657551
7.54,0.019826362535662875,0.09910295082896448,0.01766699358317936,0.1008770583141161,0.02328873558821635,0.09574564188957074
7.550000000000001,0.01986354393310794,0.09911057151431278,0.017692948750512208,0.10088340888109999,0.023342433978821405,0.09575574769043683
7.5600000000000005,0.019900686091490743,0.09910895466638822,0.017718863373024866,0.10087574570682008,0.023396085659932047,0.09576588455493719
7.57,0.01993778008190569,0.09910735819693817,0.017744737920627474,0.10086810546052985,0.0234496684021291,0.0957760346550434
7.58,0.019974822604950863,0.09910577958291576,0.01777057345705384,0.1008604875177349,0.02350317278549075,0.09578619181315529
7.590000000000001,0.020011821516940868,0.09909504343289409,0.01779637165779962,0.10083897924309491,0.023556615538227497,0.09579636761853386
7.6000000000000005,0.020048772711049035,0.09909352337993509,0.01782213060920959,0.10083143007284298,0.023609989504704776,0.09580655754146288
7.61,0.020085673302798465,0.0990920222603624,0.017847850403494552,0.10082390258579622,0.02366328764280487,0.09581675888953532
7.62,0.02012252805154698,0.09909967516884662,0.017873529416748392,0.10083023884007111,0.023716523773400878,0.09582698340033481
7.630000000000001,0.020159336107118845,0.09909820296854294,0.017899167094135558,0.10082273131752262,0.023769696658669476,0.09583722831413799
7.640000000000001,0.02019610095925293,0.0990967523773902,0.017924764092185956,0.10081524419731602,0.023822813874932864,0.09584749498788148
7.65,0.02023281707525169,0.09909532183306947,0.01795032153637553,0.10080778167685557,0.023875860566455836,0.09585777069676052
7.66,0.02026948583583861,0.09909391225026866,0.017975841114459976,0.10080034289004358,0.023928837771407096,0.09586805982819013
7.67,0.02030611012937514,0.0990925266705456,0.01800132250004346,0.10079292778198852,0.023981752965640223,0.09587837142740321
7.680000000000001,0.0203426912452076,0.09909116401957914,0.01802676728910122,0.10078553457952005,0.024034607097735864,0.09588870577616533
7.69,0.020379225081819184,0.09908080327222003,0.018052172793414544,0.10076448788126291,0.024087394104301052,0.09589905199413484
7.7,0.02041571028409752,0.09907949319932548,0.01807753816173573,0.10075715877593813,0.024140111967460166,0.09590941061100701
7.71,0.020452155832456388,0.09907820626789059,0.018102861827390477,0.10074985013333926,0.02419278451141845,0.09591979535243653
7.720000000000001,0.02048856471727843,0.09908591273881992,0.01812814869994071,0.10075616617559077,0.024245412176924296,0.09593021061227266
7.73,0.02052493406757919,0.09908465743228684,0.018153397247639307,0.10074887571360128,0.02429799020242351,0.09594065020262703
7.74,0.02056125718064329,0.09908342387834497,0.01817860521674861,0.10074160819808303,0.024350505612554932,0.09595110705303578
7.75,0.020597534903658878,0.09908221147836346,0.01820377585225613,0.10073436352451871,0.02440295601828227,0.09596157961751875
7.760000000000001,0.020633765789153265,0.09908101739596484,0.018228907567929106,0.10072713883072255,0.024455340211102718,0.09597206508430864
7.7700000000000005,0.020669948809723837,0.09907983984313155,0.018253999620153703,0.10071993375340706,0.024507656831192007,0.0959825588851061
7.78,0.02070608892034354,0.09907868508769874,0.01827905096467895,0.100712750547509,0.024559919226564336,0.0959930750765237
7.79,0.02074218593308222,0.09907755111722734,0.018304064563686395,0.10070558826800276,0.024612122891421295,0.09600360960749184
7.800000000000001,0.02077824240322119,0.0990840032667514,0.01832904215808657,0.10070992560567932,0.02466427161064221,0.0960141660603436
7.8100000000000005,0.020814256597915394,0.09908289915864048,0.018353984946359144,0.10070278464035304,0.024716359641207854,0.0960247439726173
7.82,0.020850222441426085,0.09908181293455641,0.01837889013398861,0.10069566382646772,0.02476837630228561,0.09603533321297851
7.83,0.02088614932434277,0.09907322375917514,0.018403757711716175,0.10067714147880552,0.02482034415666715,0.09604594650053101
7.840000000000001,0.020922030018366358,0.09907219071498287,0.018428588545628153,0.10067007941313699,0.024872244744149574,0.09605657247430564
7.8500000000000005,0.020957864832978727,0.09907117213896002,0.018453381364869008,0.10066303666149976,0.024924080625636936,0.09606720136193451
7.86,0.020993659752836864,0.09907017241032332,0.018478138031942135,0.10065601302265094,0.024975863596915625,0.09607784641469609
7.87,0.021029411699817053,0.09906918972108734,0.01850285966697459,0.1006490085079449,0.025027584827679705,0.09608850230110477
7.880000000000001,0.0210651155375945,0.09907568297636368,0.01852754351748518,0.10065334833071558,0.025079235841030917,0.09609916773191085
7.890000000000001,0.02110077952383998,0.09907472544252387,0.01855218885048134,0.10064636458449139,0.02513083740900241,0.09610985422281319
7.9,0.021136402583941418,0.09907378949464715,0.01857679586487552,0.1006394022807728,0.025182386712076385,0.09612056041689317
7.91,0.021171982865582976,0.09907287300382012,0.018601363995735167,0.10063245904556431,0.025233880138769656,0.09613128465210272
7.920000000000001,0.02120751220009159,0.09907197407844387,0.01862589305269083,0.10062553629002209,0.025285298477124886,0.09614201868240323
7.930000000000001,0.021242994269514846,0.09906369824231617,0.018650384762246026,0.10060740206028052,0.025336648242292016,0.09615276600787276
7.94,0.0212784330548265,0.09906284803750581,0.018674841293081806,0.10060053482690653,0.025387936043223643,0.0961635300003861
7.95,0.02131382534025285,0.09906201335431784,0.01869926185146396,0.1005936860149076,0.025439155325120456,0.09617430176980815
7.96,0.021349173842271738,0.09906855103203191,0.018723647316677534,0.10059802853303688,0.02549031142948981,0.09618508536006942
7.970000000000001,0.021384479517554376,0.09906773695616965,0.01874799743387906,0.10059119713116678,0.025541407044431176,0.09619588087317245
7.98,0.021419741370130918,0.09906693951084185,0.01877231196060007,0.1005843826556879,0.025592440191682466,0.0962066902601162
7.99,0.02145495539509003,0.09906615650024028,0.018796589128507967,0.10057758667209696,0.025643403746389383,0.09621750410091863
8.0,0.0214901290901853,0.0990653904793895,0.018820831215465735,0.10057080964893363,0.025694312527384307,0.09622832896800611
8.01,0.02152526245997249,0.09906464224986555,0.018845035667022014,0.10056405109996004,0.02574517005239242,0.09623916813102668
8.02,0.02156034999455517,0.09906391160387788,0.018869202420723766,0.10055731239788762,0.025795963319122216,0.0962500183557465
8.030000000000001,0.02159539499838169,0.09906319928328053,0.018893332326951583,0.1005505926951898,0.02584669905418304,0.09626088346410033
8.040000000000001,0.02163039692637284,0.09907090974302271,0.018917426239546047,0.10055666273058037,0.02589737486218379,0.09627176593096622
8.05,0.02166535978494637,0.09907022012251664,0.018941486049411933,0.10054995926091694,0.025947997756372077,0.09628266336695447
8.06,0.02170027985672573,0.0990695470796024,0.018965511582434254,0.10054327349831395,0.02599855916187288,0.09629357306227596
8.07,0.021735160829430302,0.09906053087440565,0.018989501105834788,0.10052389655345088,0.02604907022947528,0.09630449980957181
8.08,0.021770001072254276,0.09905990645053835,0.01901345725019419,0.10051726808508427,0.026099523570321328,0.09631543564396246
8.09,0.021804796491929526,0.09905929544348926,0.019037379118925134,0.10051065682859354,0.026149910736048245,0.09632637544097836
8.1,0.0218395479213607,0.0990587013000162,0.019061266034660494,0.10050406266858206,0.026200234642683805,0.09633732951489754
8.110000000000001,0.021874254378837013,0.09905812173969945,0.01908511738655685,0.10049748415320794,0.026250493830203666,0.09634829398863122
8.120000000000001,0.021908915317549963,0.09905755760916257,0.01910893318616793,0.10049092226509623,0.026300687033485357,0.09635926944816636
8.13,0.021943539781962923,0.09905701252896838,0.019132715439531288,0.10048437685639525,0.026350833043028876,0.09637026675179611
8.14,0.02197812338585488,0.0990647481314322,0.019156466323034037,0.10049041380486126,0.026400918575129155,0.09638127961713645
8.15,0.022012665550457333,0.09906422318336286,0.019180184352837085,0.1004838829558378,0.026450944289754974,0.0963923049409391
8.16,0.022047164754429843,0.0990637126265243,0.01920386885266796,0.10047736906390124,0.0265009075333613,0.09640333758141219
8.17,0.022081618909615363,0.099054998118115,0.019227515937867326,0.10045837051455173,0.026550808582277916,0.09641438247425585
8.18,0.022116028516856446,0.09905453516423977,0.01925112599411082,0.10045191512623108,0.02660064815553875,0.09642543606308283
8.190000000000001,0.02215039405790424,0.09905408531881796,0.0192747023188542,0.10044547584163722,0.026650423042044784,0.09643649486896867
8.200000000000001,0.02218472270206633,0.09905365222160845,0.019298244423136386,0.10043905231435009,0.02670015087854143,0.09644757018759277
8.21,0.022219011330922855,0.09905323526963825,0.019321752453802604,0.10043264543950874,0.026749824107018524,0.09645865855437523
8.22,0.022253258286250306,0.09905283420926868,0.019345228231796446,0.10042625507806273,0.02679943642915674,0.09646975949197302
8.23,0.022287460098034676,0.09905244552306909,0.019368671125109056,0.10041988060418994,0.02684898053903918,0.09648086393202741
8.24,0.022321617379251348,0.09906019547562146,0.01939208148799623,0.10042588486015572,0.026898457427529308,0.0964919746074208
8.25,0.022355732557839805,0.09905982115800638,0.019415459311662896,0.10041952225083256,0.026947872909204407,0.09650309541597975
8.26,0.02238980862331414,0.09905946389097503,0.01943880449757315,0.1004131756488958,0.02699723419662008,0.09651423315527581
8.27,0.02242384209037864,0.09905912185337858,0.019462116862164362,0.10040684495698966,0.027046533348366243,0.09652538269787572
8.280000000000001,0.022457836900224945,0.09905879686832568,0.01948539577713845,0.1004005296530825,0.027095780524020115,0.09653655036580633
8.290000000000001,0.022491790490042386,0.09905848824577167,0.019508641005904385,0.1003942300688579,0.027144970019860024,0.0965477335138204
8.3,0.02252570302699023,0.09905819467866121,0.01953185314294343,0.10038794587525425,0.027194101481097212,0.09655892895667309
8.31,0.022559570547168985,0.09906496417331087,0.01955503160820042,0.10039240833935233,0.02724316633826397,0.09657013007815342
8.32,0.02259339960456596,0.09906469232554486,0.019578173625583003,0.10038614315626875,0.02729218375899353,0.09658134946695511
8.33,0.022627185115582944,0.0990644352518876,0.019601282299401883,0.10037989507789676,0.0273411376874605,0.0965925770581378
8.34,0.02266092829830103,0.09906419351834037,0.019624358176986607,0.10037366312267167,0.027390030329317878,0.09660381637042939
8.35,0.022694625011806874,0.0990639639752142,0.019647400649181284,0.10036744626271618,0.027438852784304194,0.09661506019223896
8.360000000000001,0.022728272594943272,0.09906374308070595,0.01967041064662177,0.10036124433924051,0.027487597602249392,0.09662629851182535
8.370000000000001,0.02276187542958341,0.09906353403540402,0.01969338804012024,0.10035505736529526,0.027536275306111278,0.09663754063865954
8.38,0.022795433162028415,0.09906333853803696,0.01971633269490423,0.10034888555637982,0.027584885285496987,0.09664879111364846
8.39,0.022828944279026177,0.09906315450381212,0.019739243003437688,0.10034272807686516,0.02763342615035329,0.09666004545909408
8.4,0.02286241076334442,0.09905603818383646,0.01976211990995343,0.10032600864407787,0.02768190135384938,0.09667130638237391
8.41,0.022895838265473905,0.09906282581925956,0.01978496453571795,0.10033045775762443,0.027730322753176287,0.09668257715226103
8.42,0.02292923130101331,0.09906268489862667,0.019807777118223614,0.10032434606154958,0.027778700635247625,0.09669386318189425
8.43,0.02296258621888393,0.09906255759329155,0.019830558038117934,0.10031824921609629,0.02782702595429014,0.09670515836357166
8.440000000000001,0.02299590072615158,0.099062445395323,0.019853307547735892,0.10031216748382117,0.027875293036397814,0.09671646653845857
8.450000000000001,0.023029172718094928,0.09906234758755432,0.01987602567915984,0.10030610080335992,0.027923496921211013,0.09672778574450794
8.46,0.02306240778462257,0.09906226581754814,0.01989871296456777,0.10030005063668102,0.02797165005569766,0.09673911798409454
8.47,0.02309560073723402,0.09906219645164535,0.01992136776138683,0.10029401630065475,0.028019742440717536,0.09675045399473543
8.48,0.02312875402575017,0.09906214262649218,0.019943989663148323,0.10028799700529843,0.028067780393130244,0.09676180441416658
8.49,0.023161867753088056,0.09906210293870976,0.019966581579461008,0.10028199239120564,0.028115760370512263,0.09677316584510633
8.5,0.023194940362667615,0.0990552436265007,0.01998914365038037,0.10026559061162678,0.02816367858361585,0.0967845348331147
8.51,0.02322797239144435,0.09906206276791232,0.020011674155352335,0.10027002687473865,0.028211538596010874,0.09679591302756027
8.52,0.023260960109229536,0.09906206134153402,0.020034172444167477,0.1002640657280014,0.028259332552039836,0.0968072964980814
8.530000000000001,0.023293907198536804,0.09906207272599148,0.020056639488155253,0.10025811926807256,0.02830706781983773,0.09681868711540369
8.540000000000001,0.02332681975450822,0.09906210030995659,0.020079072971384754,0.1002521880079626,0.028354761723129448,0.09683009375406913
8.55,0.02335969271671296,0.0990621424082405,0.020101474190416278,0.10024627108858997,0.028402400724671636,0.096841513164468
8.56,0.02339252706941966,0.09906929288368245,0.020123842019862444,0.10025118377793062,0.028449988638332174,0.09685294204459834
8.57,0.023425323760437617,0.09906935090641861,0.020146177525937625,0.10024527761942884,0.028497526321336328,0.09686438430114297
8.58,0.023458086228701557,0.09906942310111425,0.020168482538970398,0.10023938544200728,0.028545019447542775,0.09687583900413317
8.59,0.0234908158716759,0.09906951172383431,0.02019075813290473,0.10023350658203212,0.028592469918818073,0.09688731397132547
8.6,0.023523508852896426,0.09906961416422606,0.020213003946241138,0.10022764166644522,0.028639869219352403,0.09689880043857838
8.610000000000001,0.023556163211529795,0.09906972972324085,0.020235217894975878,0.10022179152403761,0.028687215503615592,0.09691029479595582
8.620000000000001,0.02358877334137494,0.09906985736833628,0.020257400530636124,0.10021595561744606,0.028734494981043083,0.09692179507488724
8.63,0.02362134377729822,0.09906999788046533,0.020279552567885654,0.10021013510671459,0.02878171734117328,0.09693330133677323
8.64,0.02365387400015984,0.09907014888859204,0.020301674095692196,0.10020432843423283,0.02882888129677328,0.09694480965800485
8.65,0.023686368810635895,0.09906332119346392,0.020323764232602366,0.1001878708939316,0.02887599924514785,0.09695632939382413
8.66,0.023718825864692934,0.09907049060558538,0.02034582513993128,0.10019275654852867,0.028923062904885014,0.09696785643391673
8.67,0.023751245949932817,0.09907067886445306,0.02036785403181986,0.10018699105709801,0.02897007778038817,0.09697938830530554
8.68,0.023783621247597482,0.09907087769349862,0.020389851795312205,0.10018123661713212,0.0290170244361258,0.09699092779489084
8.690000000000001,0.023815956079238212,0.09907108846056674,0.020411820798203233,0.10017549531516985,0.029063909927151455,0.097002474896256
8.700000000000001,0.02384825111442349,0.09907131035366395,0.02043376203838017,0.10016976821501812,0.029110734561484285,0.09701402522538051
8.71,0.023880502345516554,0.09907154347362508,0.020455674711209373,0.10016405484495744,0.029157490054602022,0.09702557998699692
8.72,0.023912708035995642,0.09907178374970471,0.020477556733206552,0.1001583542332799,0.02920417516739003,0.09703712918454838
8.73,0.023944873565660916,0.09907203405055155,0.020499408691073324,0.10015266628184823,0.02925080171772636,0.09704868132982158
8.74,0.02397700033210734,0.0990722971786498,0.02052123061569374,0.10014699192077836,0.029297372943272174,0.09706024279178187
8.75,0.024009083984735557,0.09906568686730498,0.020543020201578995,0.1001308293011542,0.02934388171676295,0.09707179972925233
8.76,0.024041120990559824,0.09907284736207415,0.020564778866405474,0.10013567972994207,0.029390317955883236,0.09708335953897411
8.77,0.024073122181368648,0.0990731405057014,0.020586507985251613,0.10013004101207147,0.02943670513878971,0.09709493420010633
8.780000000000001,0.024105085678518514,0.0990734468475436,0.02060820860684801,0.10012441470948691,0.029483037575252807,0.09710652151011223
8.790000000000001,0.02413701091084887,0.09907376480697258,0.02062987876735192,0.10011880215090102,0.029529316523857426,0.0971181143468533
8.8,0.024168898987886593,0.09907409718985591,0.020651516271027764,0.10011320452748325,0.02957554742476208,0.09712971858217438
8.81,0.02420074922240105,0.09907444137817843,0.02067312489215065,0.10010761994756794,0.029621723819318338,0.0971413302283959
8.82,0.02423256443027,0.09907480014186054,0.02069470273542152,0.10010204855806026,0.02966785471885737,0.09715295703551326
8.83,0.024264340923948358,0.09907517043359594,0.020716252748964128,0.10009648952035866,0.029713927775861307,0.09716459176625841
8.84,0.02429607364346193,0.09907554946094761,0.020737773803545335,0.10009094359537835,0.029759932701058017,0.09717622489186059
8.85,0.024327762822824225,0.09908342740653125,0.02075926439623159,0.10009684696987976,0.029805872007446332,0.09718785837670045
8.860000000000001,0.024359411460936207,0.09908381643039017,0.020780726236294796,0.1000913101956651,0.02985175052180856,0.09719950033618877
8.870000000000001,0.02439102291024287,0.09908421680632519,0.020802160155712963,0.1000857857367238,0.02989757496613496,0.09721114978490653
8.88,0.024422593491013708,0.09908462747522358,0.020823565544297297,0.100080274521006,0.029943337610694794,0.09722280189626543
8.89,0.024454124020826185,0.09908504834450338,0.02084494248842888,0.10007477598566272,0.02998904028255324,0.09723445746852162
8.9,0.024485617275133407,0.09907804824119601,0.02086629126220574,0.10005794077857147,0.030034689125265118,0.09724611427204596
8.91,0.02451707748703792,0.09908592255208826,0.020887610562559288,0.10006381527275042,0.03008029560968138,0.0972577875854552
8.92,0.024548500569276672,0.09908637864197192,0.02090890171246132,0.10005835397362743,0.030125848537325445,0.09726946846773042
8.93,0.02457988568811304,0.09908684615319403,0.02093016530893371,0.10005290558965271,0.03017134526384925,0.09728115591826168
8.940000000000001,0.024611234563777593,0.09908732427717547,0.020951401717620093,0.1000474691190645,0.030216789346501013,0.09729284949093535
8.950000000000001,0.02464254917233195,0.09908781411455404,0.020972611521543536,0.1000420448881529,0.0302621846260821,0.09730455176049203
8.96,0.024673829235346237,0.09908831778131927,0.020993795062799376,0.1000366338108106,0.030307529992534884,0.09731626713953258
8.97,0.024705066667587712,0.09908882845366718,0.0210149504679196,0.10003123455679254,0.03035280918992399,0.09732797838130686
8.98,0.024736264206357283,0.09908934626578789,0.021036078925684737,0.10002584774553118,0.030398027080238463,0.09733968470153022
8.99,0.02476742317415823,0.09908987243602457,0.02105718010232345,0.10002047308294072,0.03044318717505907,0.09735139018939341
9.0,0.02479854731303569,0.09908309629427992,0.02107825546415024,0.10000393312138275,0.030488296288466245,0.09736310296047102
9.01,0.024829629964067273,0.09909095340645699,0.021099303504478535,0.1000097590816902,0.03053334095834119,0.09737481109663547
9.02,0.024860677430401344,0.09909150902613739,0.02112032072795978,0.10000441988057218,0.03057834025791282,0.09738652862687915
9.030000000000001,0.024891687830783802,0.09909207846812851,0.0211413068375337,0.09999909409411767,0.030623290212826216,0.09739825874859791
9.040000000000001,0.02492265679791107,0.09909265700611675,0.021162264621673133,0.09999378025551357,0.030668177188042337,0.09740999057247265
9.05,0.024953586022345257,0.09909324367525058,0.02118319594264015,0.09998847703975192,0.0307130027708887,0.09742172381102614
9.06,0.024984479103161834,0.09909384111967443,0.021204100115938717,0.09998318525909757,0.030757776150342347,0.0974334645834352
9.07,0.025015331713627912,0.09909444763924517,0.021224975122851868,0.09997790528722056,0.030802489911356364,0.0974452072721035
9.08,0.025046144403782368,0.0990950630337686,0.021245821637506258,0.09997263625064982,0.0308471445148013,0.09745695294574419
9.09,0.025076917515158177,0.09909568583309905,0.02126664074599013,0.09996737732357465,0.030891739410509187,0.09746869891388066
9.1,0.025107651276049768,0.09908911846440288,0.021287432749906583,0.09995111989075438,0.030936274747500155,0.0974804484496749
9.110000000000001,0.025138349456306903,0.09909696100132788,0.021308197135009067,0.09995689185927345,0.030980759898790046,0.09749220912703811
9.120000000000001,0.025169014002763907,0.09909761777504451,0.021328933690854875,0.09995166693657198,0.03102519964411975,0.0975039830516638
9.13,0.025199643039976714,0.09909828552351607,0.021349642163023777,0.09994645439556549,0.0310695899714422,0.09751576331404013
9.14,0.025230234555398055,0.09909896258943447,0.021370322775764724,0.09994125381734012,0.031113925945677037,0.09752754592819271
9.15,0.025260783266307613,0.09910587074013033,0.021390976830762964,0.0999455861357299,0.03115819379796659,0.09753932373351973
9.16,0.025291298241658725,0.0991065563963302,0.021411603947448992,0.09994039553979368,0.031202414940760183,0.09755110942761615
9.17,0.025321775953546757,0.09910104567775396,0.02143220558414317,0.09992572458750361,0.031246579401090636,0.09756289488926255
9.18,0.02535222444653539,0.09910176391318978,0.02145278065357772,0.09992057217608832,0.03129070715288951,0.09757469756357919
9.190000000000001,0.025382640333380797,0.09910249350458464,0.021473328967029647,0.09991543106003883,0.03133479064735207,0.09758650972877411
9.200000000000001,0.0254130206057929,0.09910323225841618,0.021493851967224174,0.09991030064578435,0.031378821127332354,0.09759832617994832
9.21,0.025443365919988394,0.09910397893349904,0.02151434943543215,0.09990518126257304,0.031422800428542744,0.09761014270788053
9.22,0.02547367532231321,0.09910473610710104,0.02153482103435159,0.09990007369426449,0.03146672675920453,0.09762196528832205
9.23,0.025503948484041344,0.09910550200623124,0.021555265273929692,0.09989497707962193,0.03151060128540384,0.0976337904242316
9.24,0.025534186684287256,0.0991124141588088,0.0215756832140904,0.09989928437115991,0.031554425637002906,0.09764561882305793
9.25,0.02556439168906903,0.09911319025699696,0.02159607223317592,0.09989419468635537,0.031598207185694255,0.09765745744375941
9.26,0.025594557886378082,0.09911397505417407,0.02161643219967409,0.09988911596514351,0.031641933193981564,0.09766929853194557
9.27,0.02562468870442416,0.09910866008589467,0.02163676498284009,0.09987469589261505,0.03168560921046137,0.09768114548059635
9.280000000000001,0.025654782430738828,0.09910947182774676,0.021657072230659668,0.09986965268421984,0.031729229221160005,0.09769299240765696
9.290000000000001,0.025684839714915985,0.09911029225608835,0.02167735354791657,0.09986461971353693,0.03177279522797967,0.09770484315350089
9.3,0.025714863100891553,0.09911112249967921,0.021697609228474492,0.09985959745286493,0.031816312748165536,0.09771670008008476
9.31,0.025744844864667618,0.09911195886196199,0.021717838520710762,0.09985458558350363,0.03185976499122159,0.09772855313305928
9.32,0.02577478948268483,0.09911280516113495,0.021738039443029888,0.09984958553321423,0.0319031647482856,0.0977404106378235
9.33,0.025804700162378208,0.09911366055507106,0.021758213176402797,0.09984459694457845,0.031946517938819495,0.09775227083729673
9.34,0.02583457658558202,0.09912056966624878,0.021778359066364363,0.09984887540937874,0.031989824673741465,0.0977641357077467
9.35,0.025864415218979732,0.09912143298875972,0.02179847820759366,0.09984389472200673,0.03203307546650833,0.09777600103758485
9.360000000000001,0.02589421908770192,0.09912230554262594,0.02181857019120038,0.09983892487200693,0.03207627779172441,0.09778787063841553
9.370000000000001,0.025923989147967924,0.09911717071323049,0.021838636430568138,0.09982475028452058,0.032119432082048344,0.09779974486022487
9.38,0.025953723180850655,0.09911806994067926,0.021858674595772547,0.09981981503748466,0.03216253620631339,0.09781162131761688
9.39,0.025983420095752448,0.09911897618572328,0.02187868605300047,0.09981488990889688,0.03220558595517068,0.09782349702968783
9.4,0.026013078938476535,0.09911988813213364,0.021898671376853012,0.09980997439229719,0.032248578436801,0.09783536916206974
9.41,0.026042701323253353,0.09912678674569918,0.021918628968753632,0.0998142296694491,0.03229151937290919,0.09784724106329865
9.42,0.026072289059314982,0.099127705592061,0.021938559047738813,0.09980932187809301,0.03233441265950663,0.09785911571275197
9.43,0.02610184132634136,0.09912863155408795,0.02195846438075808,0.09980442446774457,0.03237725295355042,0.09787098942037163
9.440000000000001,0.026131359576839222,0.09912956717137339,0.021978344583487876,0.09979953682974164,0.03242004410349658,0.09788287064077204
9.450000000000001,0.026160841363148047,0.09913051120382081,0.02199819872985269,0.09979465939680185,0.032462781668837606,0.09789475499322067
9.46,0.026190287750913966,0.09913146468482056,0.022018026010233865,0.09978979254713859,0.03250546911024937,0.0979066447462977
9.47,0.026219693997497167,0.0991382950197687,0.02203782526300689,0.09979393085521537,0.03254809703994166,0.09791853486789438
9.48,0.026249065677620163,0.09913925615830442,0.022057598212678123,0.09978907151003329,0.03259067608013868,0.09793042973371208
9.49,0.026278407448268273,0.09914022652798678,0.02207734658399305,0.09978422141884831,0.032633214769961706,0.09794233187133036
9.5,0.02630772008323904,0.0991412062239468,0.022097071102109494,0.09977938071045335,0.032675713970823354,0.09795424131710594
9.51,0.02633700060366923,0.09914219529632423,0.022116771037518506,0.09977455024074319,0.032718167774015164,0.09796615661206488
9.52,0.02636624628241239,0.09914319314213643,0.022136443811618316,0.09976973023703828,0.03276057319700202,0.09797807558993868
9.530000000000001,0.026395455473466355,0.0991441978881131,0.02215608950818007,0.09976492032957045,0.032802926366914675,0.09798999356215718
9.540000000000001,0.026424629125444247,0.0991394025280957,0.02217571003234495,0.09975121689703265,0.03284522708950096,0.09800191167134896
9.55,0.02645376322758052,0.09914042893502446,0.02219530458024309,0.09974644031256465,0.032887467214319,0.0980138246385158
9.56,0.02648286151867064,0.0991414631474977,0.022214873867125284,0.09974167317758378,0.032929654426255756,0.09802574043141939
9.57,0.0265119261605293,0.09914828769751746,0.02223441830230343,0.09974578089560056,0.03297179317651049,0.09803766216110121
9.58,0.02654095537929135,0.09914932937333278,0.022253937818426998,0.09974102077947693,0.033013879482699154,0.09804958344456134
9.59,0.026569948511652747,0.09915037712084439,0.022273432428474935,0.09973626981864508,0.03305591186135269,0.09806150312428952
9.6,0.0265989050811425,0.09915143163980736,0.022292900860402507,0.09973152882654707,0.033097890820592425,0.09807342169079726
9.610000000000001,0.02662782081307014,0.0991524919570821,0.022312341304087435,0.09972679770214557,0.03313980883739573,0.09808533654450723
9.620000000000001,0.026656698035617297,0.09915355852020306,0.022331754406361343,0.09972207646577184,0.0331816704467137,0.09809724893762731
9.63,0.02668553440077446,0.09915462971694897,0.022351142558321387,0.09971736447156791,0.033223467332681035,0.09810915545314418
9.64,0.026714334520208282,0.0991499881971709,0.022370507158032113,0.09970388508370871,0.033265208271605895,0.09812106717594032
9.65,0.026743101778520382,0.09915108386603337,0.022389847478708088,0.09969920387789154,0.03330690197001133,0.09813298162653662
9.66,0.026771833525958282,0.09915218445373669,0.022409163457130704,0.09969453209048786,0.033348542481688746,0.09814489069819461
9.67,0.02680053329450012,0.09915898851408426,0.022428455939730464,0.09969860808406072,0.03339013681888754,0.09815680388093706
9.68,0.026829197953495164,0.09916009388621444,0.022447725600333954,0.09969394310923116,0.033431677029209995,0.09816871116321976
9.690000000000001,0.02685782171080312,0.0991612003514727,0.02246697131132166,0.0996892869551146,0.03347315133714539,0.0981806032076815
9.700000000000001,0.02688640804447538,0.09916231076926967,0.022486192726106233,0.0996846403958843,0.03351456809516374,0.09819248678849127
9.71,0.02691495994288649,0.09916342776855373,0.02250539038332701,0.09968000357936369,0.03355593343889114,0.09820436918687656
9.72,0.02694347684115333,0.09916455207373635,0.022524565046501768,0.09967537693160994,0.03359724516749834,0.09821625168652975
9.73,0.026971957685084993,0.0991656822605898,0.022543715167408832,0.09967076031067967,0.03363850282012534,0.09822813046683872
9.74,0.02700040157360838,0.09916118146619132,0.022562841688137464,0.09965750201714514,0.033679703195562904,0.09824000437734189
9.75,0.02702881044678839,0.09916233215180784,0.0225819442439644,0.09965291653144749,0.0337208511793324,0.09825187914110171
9.76,0.0270571830715509,0.09916910961855425,0.02260102017834047,0.09965696724700102,0.033761947262222265,0.098263755147486
9.770000000000001,0.027085519582031252,0.09917026621106916,0.022620073188771135,0.09965238879075043,0.033802987193197014,0.09827563098597189
9.780000000000001,0.02711382824092822,0.0991714331043258,0.022639104119509555,0.0996478195189692,0.0338439887509985,0.09828751737808483
9.790000000000001,0.027142106379799105,0.09917260862548001,0.022658112294799016,0.09964325929950624,0.03388494674537344,0.0982994097661641
9.8,0.02717035069393985,0.09917379142975244,0.02267709665331275,0.0996387083692778,0.03392585494830574,0.0983113038558951
9.81,0.027198559733476995,0.0991749793498798,0.022696057161766533,0.0996341657609095,0.03396671013431586,0.09832319523914021
9.82,0.02722673801093255,0.09917617453000074,0.02271499473559452,0.09962963153038205,0.03400752145467224,0.09833508996371552
9.83,0.027254884382579354,0.09917737642161491,0.022733908548797175,0.09962510542223328,0.034048287340596554,0.09834698693511976
9.84,0.027282997802562162,0.09918457342154724,0.02275279683842729,0.09962978365952804,0.03408900759577926,0.09835888757138607
9.85,0.02731107624236119,0.0991857805558601,0.0227716603741343,0.09962526181694566,0.03412967666516158,0.0983707889507923
9.860000000000001,0.027339118530296587,0.0991869941411289,0.022790497924241905,0.09962074936314388,0.03417029338970731,0.09838268947398031
9.870000000000001,0.027367127565633958,0.09918225338739832,0.022809311657705698,0.09960708847290212,0.034210861725242285,0.09839459220762416
9.88,0.027395105670749778,0.09918349069623948,0.022828101131390107,0.09960260694530301,0.034251387497302645,0.09840649837977093
9.89,0.027423049288900866,0.09918473567846962,0.022846865245666773,0.09959813491493125,0.03429186397257557,0.09841840700821121
9.9,0.027450959263199307,0.09918598754858661,0.02286560571932084,0.09959367209592093,0.03433229097146631,0.09843031637804109
9.91,0.027478837947419347,0.09918724529808845,0.02288432304363253,0.09958921807366325,0.03437267327708332,0.09844222437362833
9.92,0.027506679430839905,0.0991885076132491,0.022903015121613562,0.09958477253006544,0.034413000055855264,0.09845412782737274
9.93,0.027534489969533463,0.09918977882207557,0.0229216829997414,0.09958033565951355,0.03445328419052528,0.09846603878254084
9.940000000000001,0.027562269692188363,0.099196959278906,0.022940326858528752,0.09958497488437666,0.03449352581257256,0.09847795651594739
9.950000000000001,0.027590015137557787,0.0991982362839427,0.022958948146967213,0.09958054275746354,0.03453371527022313,0.09848987259475012
9.96,0.027617724362514348,0.099199516470876,0.022977546653001564,0.09957611865889862,0.03457384843762306,0.09850178102059404
9.97,0.02764540206144731,0.09919492832878532,0.022996122175831534,0.09956267467041195,0.03461393622128656,0.09851368856890656
9.98,0.027673047369110436,0.09919623158937259,0.02301467292461549,0.09955828181745473,0.03465397886266078,0.09852560027540602
9.99,0.02770065634777677,0.09919753932178364,0.023033199820971486,0.09955389720187179,0.03469396630801895,0.09853750764821895
10.0,0.02772823123623531,0.09919885136122115,0.023051703349932416,0.09954952089752314,0.03473390306087143,0.09854941008244002
