arch,dt,epsilon,exp,init,log_dt,mu1,mu2,n_per_cluster,save_params,seed,sigma,t_end,width,run_id,t_end_logged,loss_final,loss_max_increase,antipodal_asym,n_in_S_ge_1e-04,n_off_S_ge_1e-04,n_in_rise_ge_1e-04,n_off_rise_ge_1e-04,n_in_S_ge_5e-05,n_off_S_ge_5e-05,n_in_rise_ge_5e-05,n_off_rise_ge_5e-05,n_in_S_ge_1e-05,n_off_S_ge_1e-05,n_in_rise_ge_1e-05,n_off_rise_ge_1e-05,n_in,n_off,comp_pop_S,comp_pop_rise,comp_pop_t_rev,comp_pop_t_min,comp_pop_E0,comp_pop_Emin,comp_pop_Eend,comp_pop_final_excess,comp_pop_class_1e-04,comp_emp_S,comp_emp_rise,comp_emp_t_rev,comp_emp_t_min,comp_emp_E0,comp_emp_Emin,comp_emp_Eend,comp_emp_final_excess,comp_emp_class_1e-04,m85_S,m85_rise,m85_t_rev,m85_t_min,m85_E0,m85_Emin,m85_Eend,m85_final_excess,m85_class_1e-04,p176_S,p176_rise,p176_t_rev,p176_t_min,p176_E0,p176_Emin,p176_Eend,p176_final_excess,p176_class_1e-04,e1_S,e1_rise,e1_t_rev,e1_t_min,e1_E0,e1_Emin,e1_Eend,e1_final_excess,e1_class_1e-04,e2_S,e2_rise,e2_t_rev,e2_t_min,e2_E0,e2_Emin,e2_Eend,e2_final_excess,e2_class_1e-04,neg_e1_S,neg_e1_rise,neg_e1_t_rev,neg_e1_t_min,neg_e1_E0,neg_e1_Emin,neg_e1_Eend,neg_e1_final_excess,neg_e1_class_1e-04,neg_e2_S,neg_e2_rise,neg_e2_t_rev,neg_e2_t_min,neg_e2_E0,neg_e2_Emin,neg_e2_Eend,neg_e2_final_excess,neg_e2_class_1e-04
linear,0.0002,0.001,E2_grid,iso,0.01,3.0,1.8,2000,False,0,0.12,10.0,200,E2_grid__linear__mu3-1.8_sd0.12__h200_eps1.00e-03_iso__s0__dt0.0002__fc32caeed9,10.0,3.650839898054642e-21,-2.470050267870433e-22,3.469446951953614e-18,0,0,0,0,0,0,0,0,0,0,0,0,181,539,0.0,0.0,nan,10.0,0.4999013653348171,5.887214274074804e-22,5.887214274074804e-22,0.0,monotone,0.0,0.0,nan,10.0,0.49990137911171845,5.900936831413351e-22,5.900936831413351e-22,0.0,monotone,0.0,0.0,nan,10.0,0.49990704535772357,2.214827555698174e-21,2.214827555698174e-21,0.0,monotone,0.0,0.0,nan,10.0,0.4998910711785225,1.1165955410407726e-23,1.1165955410407726e-23,0.0,monotone,4.632995595247021e-08,4.792100228085445e-08,2.02,10.0,0.49989181400638544,2.165876279653895e-27,2.165876279653895e-27,0.0,other,0.0,0.0,nan,10.0,0.4999081960956587,2.231410201679642e-21,2.231410201679642e-21,0.0,monotone,4.632995595247021e-08,4.7921002280869035e-08,2.02,10.0,0.49989181400638544,2.1646902621961488e-27,2.1646902621961488e-27,0.0,other,0.0,0.0,nan,10.0,0.4999081960956587,2.231402784953771e-21,2.231402784953771e-21,0.0,monotone
linear,0.0002,0.001,E2_grid,iso,0.01,3.0,1.8,2000,False,1,0.12,10.0,200,E2_grid__linear__mu3-1.8_sd0.12__h200_eps1.00e-03_iso__s1__dt0.0002__86adf4ec72,10.0,3.446486942989967e-21,-2.322646851767584e-22,6.938893903907228e-18,0,0,0,0,0,0,0,0,0,0,0,0,181,539,0.0,0.0,nan,10.0,0.4999087212859977,5.61137141371798e-22,5.61137141371798e-22,0.0,monotone,0.0,0.0,nan,10.0,0.4999087233697168,5.604752854637808e-22,5.604752854637808e-22,0.0,monotone,0.0,0.0,nan,10.0,0.4998922648831382,2.098126800778224e-21,2.098126800778224e-21,0.0,monotone,0.0,0.0,nan,10.0,0.49990581851651084,1.0066457991916336e-23,1.0066457991916336e-23,0.0,monotone,0.0,0.0,nan,10.0,0.49990675781399313,1.2224922741216728e-27,1.2224922741216728e-27,0.0,monotone,0.0,0.0,nan,10.0,0.49989325227102366,2.1145057708104792e-21,2.1145057708104792e-21,0.0,monotone,0.0,0.0,nan,10.0,0.49990675781399313,1.2243298848131688e-27,1.2243298848131688e-27,0.0,monotone,0.0,0.0,nan,10.0,0.49989325227102366,2.1145057688934184e-21,2.1145057688934184e-21,0.0,monotone
linear,0.0002,0.001,E2_grid,iso,0.01,3.0,1.8,2000,False,2,0.12,10.0,200,E2_grid__linear__mu3-1.8_sd0.12__h200_eps1.00e-03_iso__s2__dt0.0002__52f2f3f1dc,10.0,2.4412505305754377e-21,-1.659143455888485e-22,1.3877787807814457e-17,0,0,0,0,0,0,0,0,0,0,0,0,181,539,0.0,0.0,nan,10.0,0.49989474288539737,3.879170200866299e-22,3.879170200866299e-22,0.0,monotone,0.0,0.0,nan,10.0,0.49989474386811117,3.9077651823100017e-22,3.9077651823100017e-22,0.0,monotone,0.0,0.0,nan,10.0,0.4999034172432936,1.475307991030694e-21,1.475307991030694e-21,0.0,monotone,0.0,0.0,nan,10.0,0.49989799940156104,8.096128170503376e-24,8.096128170503376e-24,0.0,monotone,0.0,0.0,nan,10.0,0.49989734120738843,2.4680339357826553e-26,2.4680339357826553e-26,0.0,monotone,0.0,0.0,nan,10.0,0.4999026688203522,1.4855175687850284e-21,1.4855175687850284e-21,0.0,monotone,0.0,0.0,nan,10.0,0.49989734120738843,2.467679413386473e-26,2.467679413386473e-26,0.0,monotone,0.0,0.0,nan,10.0,0.4999026688203522,1.4855115189804962e-21,1.4855115189804962e-21,0.0,monotone
linear,0.0002,0.001,E2_grid,iso,0.01,3.0,1.8,2000,False,3,0.12,10.0,200,E2_grid__linear__mu3-1.8_sd0.12__h200_eps1.00e-03_iso__s3__dt0.0002__26f01f2f88,10.0,3.006404675081611e-21,-2.031664290761879e-22,1.734723475976807e-18,0,0,0,0,0,0,0,0,0,0,0,0,181,539,0.0,0.0,nan,10.0,0.4998992244084996,4.883161519165272e-22,4.883161519165272e-22,0.0,monotone,0.0,0.0,nan,10.0,0.49989923030331695,4.874699544313473e-22,4.874699544313473e-22,0.0,monotone,0.0,0.0,nan,10.0,0.49989600891247704,1.8253090045369425e-21,1.8253090045369425e-21,0.0,monotone,0.0,0.0,nan,10.0,0.49990507925428024,8.737901744470468e-24,8.737901744470468e-24,0.0,monotone,1.509531312070645e-08,1.6990312070356822e-08,2.04,10.0,0.4999046561598145,1.2960561499300943e-27,1.2960561499300943e-27,0.0,other,0.0,0.0,nan,10.0,0.4998953538731505,1.83958461186665e-21,1.83958461186665e-21,0.0,monotone,1.509531312070645e-08,1.6990312070360303e-08,2.04,10.0,0.4999046561598145,1.2962681313587133e-27,1.2962681313587133e-27,0.0,other,0.0,0.0,nan,10.0,0.4998953538731505,1.839584611696468e-21,1.839584611696468e-21,0.0,monotone
linear,0.0002,0.001,E2_grid,iso,0.01,3.0,1.8,2000,False,4,0.12,10.0,200,E2_grid__linear__mu3-1.8_sd0.12__h200_eps1.00e-03_iso__s4__dt0.0002__e24f547230,10.0,2.699205954258249e-21,-1.833048045598706e-22,3.469446951953614e-18,0,0,0,0,0,0,0,0,0,0,0,0,181,539,0.0,0.0,nan,10.0,0.49990208481843956,4.328183783779561e-22,4.328183783779561e-22,0.0,monotone,0.0,0.0,nan,10.0,0.4999020979688046,4.341913621564706e-22,4.341913621564706e-22,0.0,monotone,0.0,0.0,nan,10.0,0.49990418607202525,1.6317601705736852e-21,1.6317601705736852e-21,0.0,monotone,0.0,0.0,nan,10.0,0.4998942001540109,8.36528564677571e-24,8.36528564677571e-24,0.0,monotone,4.554433210366615e-08,5.3176885613481856e-08,1.96,10.0,0.49989486001927547,4.128778775184982e-27,4.128778775184982e-27,0.0,other,0.0,0.0,nan,10.0,0.49990515003322733,1.6437884122762404e-21,1.6437884122762404e-21,0.0,monotone,4.554433210366615e-08,5.317688561348673e-08,1.96,10.0,0.49989486001927547,4.1285982355547395e-27,4.1285982355547395e-27,0.0,other,0.0,0.0,nan,10.0,0.49990515003322733,1.6437884137674556e-21,1.6437884137674556e-21,0.0,monotone
linear,0.0002,0.001,E2_grid,iso,0.01,3.0,1.8,2000,False,0,0.15,10.0,200,E2_grid__linear__mu3-1.8_sd0.15__h200_eps1.00e-03_iso__s0__dt0.0002__d21f8ebf66,10.0,2.5992053691033313e-21,-1.7681382543855768e-22,1.3877787807814457e-17,0,0,0,0,0,0,0,0,0,0,0,0,181,539,0.0,0.0,nan,10.0,0.4999013653348171,4.1660452062257423e-22,4.1660452062257423e-22,0.0,monotone,0.0,0.0,nan,10.0,0.4999013825585882,4.178135677527823e-22,4.178135677527823e-22,0.0,monotone,0.0,0.0,nan,10.0,0.49990704535772357,1.5686463618296157e-21,1.5686463618296157e-21,0.0,monotone,0.0,0.0,nan,10.0,0.4998910711785225,7.96255856298758e-24,7.96255856298758e-24,0.0,monotone,5.948328213827896e-08,6.27722651425813e-08,1.99,10.0,0.49989181400638544,2.3922653055944625e-27,2.3922653055944625e-27,0.0,other,0.0,0.0,nan,10.0,0.4999081960956587,1.5803527418026864e-21,1.5803527418026864e-21,0.0,monotone,5.948328213827896e-08,6.277226514258834e-08,1.99,10.0,0.49989181400638544,2.3903804955376595e-27,2.3903804955376595e-27,0.0,other,0.0,0.0,nan,10.0,0.4999081960956587,1.5803589843006979e-21,1.5803589843006979e-21,0.0,monotone
linear,0.0002,0.001,E2_grid,iso,0.01,3.0,1.8,2000,False,1,0.15,10.0,200,E2_grid__linear__mu3-1.8_sd0.15__h200_eps1.00e-03_iso__s1__dt0.0002__f86253a8f5,10.0,2.622650270681459e-21,-1.7752404708555665e-22,2.7755575615628914e-17,0,0,0,0,0,0,0,0,0,0,0,0,181,539,0.0,0.0,nan,10.0,0.4999087212859977,4.255075797833797e-22,4.255075797833797e-22,0.0,monotone,0.0,0.0,nan,10.0,0.4999087238904743,4.249053783382023e-22,4.249053783382023e-22,0.0,monotone,0.0,0.0,nan,10.0,0.4998922648831382,1.5897655893337695e-21,1.5897655893337695e-21,0.0,monotone,0.0,0.0,nan,10.0,0.49990581851651084,7.578062364697531e-24,7.578062364697531e-24,0.0,monotone,0.0,0.0,nan,10.0,0.49990675781399313,1.558264124849258e-27,1.558264124849258e-27,0.0,monotone,0.0,0.0,nan,10.0,0.49989325227102366,1.6022165070543104e-21,1.6022165070543104e-21,0.0,monotone,0.0,0.0,nan,10.0,0.49990675781399313,1.5586312249639285e-27,1.5586312249639285e-27,0.0,monotone,0.0,0.0,nan,10.0,0.49989325227102366,1.6022165050587503e-21,1.6022165050587503e-21,0.0,monotone
linear,0.0002,0.001,E2_grid,iso,0.01,3.0,1.8,2000,False,2,0.15,10.0,200,E2_grid__linear__mu3-1.8_sd0.15__h200_eps1.00e-03_iso__s2__dt0.0002__f9e6f7544b,10.0,1.6226624960903221e-21,-1.110021333510478e-22,1.3877787807814457e-17,0,0,0,0,0,0,0,0,0,0,0,0,181,539,0.0,0.0,nan,10.0,0.49989474288539737,2.5535885796910016e-22,2.5535885796910016e-22,0.0,monotone,0.0,0.0,nan,10.0,0.49989474412991663,2.5771524982829993e-22,2.5771524982829993e-22,0.0,monotone,0.0,0.0,nan,10.0,0.4999034172432936,9.746527433796484e-22,9.746527433796484e-22,0.0,monotone,0.0,0.0,nan,10.0,0.49989799940156104,5.493943735056315e-24,5.493943735056315e-24,0.0,monotone,0.0,0.0,nan,10.0,0.49989734120738843,2.5341472936169912e-26,2.5341472936169912e-26,0.0,monotone,0.0,0.0,nan,10.0,0.4999026688203522,9.812125787164304e-22,9.812125787164304e-22,0.0,monotone,0.0,0.0,nan,10.0,0.49989734120738843,2.5339362571303502e-26,2.5339362571303502e-26,0.0,monotone,0.0,0.0,nan,10.0,0.4999026688203522,9.812125807758177e-22,9.812125807758177e-22,0.0,monotone
linear,0.0002,0.001,E2_grid,iso,0.01,3.0,1.8,2000,False,3,0.15,10.0,200,E2_grid__linear__mu3-1.8_sd0.15__h200_eps1.00e-03_iso__s3__dt0.0002__133d38aed4,10.0,2.184892182425502e-21,-1.4840952361574698e-22,2.220446049250313e-16,0,0,0,0,0,0,0,0,0,0,0,0,181,539,0.0,0.0,nan,10.0,0.4998992244084996,3.5342443783574958e-22,3.5342443783574958e-22,0.0,monotone,0.0,0.0,nan,10.0,0.49989923177568746,3.526780524803688e-22,3.526780524803688e-22,0.0,monotone,0.0,0.0,nan,10.0,0.49989600891247704,1.3200050175709782e-21,1.3200050175709782e-21,0.0,monotone,0.0,0.0,nan,10.0,0.49990507925428024,6.2734312494011866e-24,6.2734312494011866e-24,0.0,monotone,1.229228274723937e-08,1.609541503081909e-08,2.02,10.0,0.4999046561598145,1.5782275450939497e-27,1.5782275450939497e-27,0.0,other,0.0,0.0,nan,10.0,0.4998953538731505,1.3303731480538395e-21,1.3303731480538395e-21,0.0,monotone,1.229228274723937e-08,1.6095415030838256e-08,2.02,10.0,0.4999046561598145,1.577438426080633e-27,1.577438426080633e-27,0.0,other,0.0,0.0,nan,10.0,0.4998953538731505,1.3303731476149695e-21,1.3303731476149695e-21,0.0,monotone
linear,0.0002,0.001,E2_grid,iso,0.01,3.0,1.8,2000,False,4,0.15,10.0,200,E2_grid__linear__mu3-1.8_sd0.15__h200_eps1.00e-03_iso__s4__dt0.0002__0f9fb7dc5b,10.0,1.821751782074771e-21,-1.2448972059133583e-22,2.7755575615628914e-17,0,0,0,0,0,0,0,0,0,0,0,0,181,539,0.0,0.0,nan,10.0,0.49990208481843956,2.8999773030868205e-22,2.8999773030868205e-22,0.0,monotone,0.0,0.0,nan,10.0,0.49990210125181617,2.911566387339792e-22,2.911566387339792e-22,0.0,monotone,0.0,0.0,nan,10.0,0.49990418607202525,1.094712581725141e-21,1.094712581725141e-21,0.0,monotone,0.0,0.0,nan,10.0,0.4998942001540109,5.669497436690627e-24,5.669497436690627e-24,0.0,monotone,3.532570890353204e-08,4.840051487232492e-08,1.94,10.0,0.49989486001927547,4.200455165841034e-27,4.200455165841034e-27,0.0,other,0.0,0.0,nan,10.0,0.49990515003322733,1.102696023578532e-21,1.102696023578532e-21,0.0,monotone,3.532570890353204e-08,4.840051487232132e-08,1.94,10.0,0.49989486001927547,4.19630224682326e-27,4.19630224682326e-27,0.0,other,0.0,0.0,nan,10.0,0.49990515003322733,1.1026908113917447e-21,1.1026908113917447e-21,0.0,monotone
linear,0.0002,0.001,E2_grid,iso,0.01,3.0,1.8,2000,False,0,0.18,10.0,200,E2_grid__linear__mu3-1.8_sd0.18__h200_eps1.00e-03_iso__s0__dt0.0002__d491654ac7,10.0,1.7212199131570624e-21,-1.178571299191254e-22,6.938893903907228e-18,0,0,0,0,0,0,0,0,0,0,0,0,181,539,0.0,0.0,nan,10.0,0.4999013653348171,2.7390635260737384e-22,2.7390635260737384e-22,0.0,monotone,0.0,0.0,nan,10.0,0.4999013860065154,2.748504324158968e-22,2.748504324158968e-22,0.0,monotone,0.0,0.0,nan,10.0,0.49990704535772357,1.0322709390512304e-21,1.0322709390512304e-21,0.0,monotone,0.0,0.0,nan,10.0,0.4998910711785225,5.27745873147792e-24,5.27745873147792e-24,0.0,monotone,6.677295774889816e-08,7.200119531839164e-08,1.96,10.0,0.49989181400638544,2.296647057553688e-27,2.296647057553688e-27,0.0,other,0.0,0.0,nan,10.0,0.4999081960956587,1.039897196817558e-21,1.039897196817558e-21,0.0,monotone,6.677295774889816e-08,7.200119531837425e-08,1.96,10.0,0.49989181400638544,2.2968364224534763e-27,2.2968364224534763e-27,0.0,other,0.0,0.0,nan,10.0,0.4999081960956587,1.0398971976791327e-21,1.0398971976791327e-21,0.0,monotone
linear,0.0002,0.001,E2_grid,iso,0.01,3.0,1.8,2000,False,1,0.18,10.0,200,E2_grid__linear__mu3-1.8_sd0.18__h200_eps1.00e-03_iso__s1__dt0.0002__985ae20ea5,10.0,1.860585556780513e-21,-1.2663127664640226e-22,2.7755575615628914e-17,0,0,0,0,0,0,0,0,0,0,0,0,181,539,0.0,0.0,nan,10.0,0.4999087212859977,3.0051452733469203e-22,3.0051452733469203e-22,0.0,monotone,0.0,0.0,nan,10.0,0.4999087244111623,2.999867292471279e-22,2.999867292471279e-22,0.0,monotone,0.0,0.0,nan,10.0,0.4998922648831382,1.1218322270205632e-21,1.1218322270205632e-21,0.0,monotone,0.0,0.0,nan,10.0,0.49990581851651084,5.3102159894186754e-24,5.3102159894186754e-24,0.0,monotone,0.0,0.0,nan,10.0,0.49990675781399313,1.70357821151479e-27,1.70357821151479e-27,0.0,monotone,0.0,0.0,nan,10.0,0.49989325227102366,1.1306686448160488e-21,1.1306686448160488e-21,0.0,monotone,0.0,0.0,nan,10.0,0.49990675781399313,1.7042508855034776e-27,1.7042508855034776e-27,0.0,monotone,0.0,0.0,nan,10.0,0.49989325227102366,1.1306633640485276e-21,1.1306633640485276e-21,0.0,monotone
linear,0.0002,0.001,E2_grid,iso,0.01,3.0,1.8,2000,False,2,0.18,10.0,200,E2_grid__linear__mu3-1.8_sd0.18__h200_eps1.00e-03_iso__s2__dt0.0002__c5ce8c9afd,10.0,1.003979436360388e-21,-6.920056889522581e-23,5.551115123125783e-17,0,0,0,0,0,0,0,0,0,0,0,0,181,539,0.0,0.0,nan,10.0,0.49989474288539737,1.562898362766168e-22,1.562898362766168e-22,0.0,monotone,0.0,0.0,nan,10.0,0.4998947443981899,1.5803382658971213e-22,1.5803382658971213e-22,0.0,monotone,0.0,0.0,nan,10.0,0.4999034172432936,5.987065512062629e-22,5.987065512062629e-22,0.0,monotone,0.0,0.0,nan,10.0,0.49989799940156104,3.468446284787706e-24,3.468446284787706e-24,0.0,monotone,0.0,0.0,nan,10.0,0.49989734120738843,2.2585544193788256e-26,2.2585544193788256e-26,0.0,monotone,0.0,0.0,nan,10.0,0.4999026688203522,6.026355183717712e-22,6.026355183717712e-22,0.0,monotone,0.0,0.0,nan,10.0,0.49989734120738843,2.258747799972751e-26,2.258747799972751e-26,0.0,monotone,0.0,0.0,nan,10.0,0.4999026688203522,6.026355201951309e-22,6.026355201951309e-22,0.0,monotone
linear,0.0002,0.001,E2_grid,iso,0.01,3.0,1.8,2000,False,3,0.18,10.0,200,E2_grid__linear__mu3-1.8_sd0.18__h200_eps1.00e-03_iso__s3__dt0.0002__163bbe202b,10.0,1.478372916348222e-21,-1.010458569887339e-22,6.938893903907228e-18,0,0,0,0,0,0,0,0,0,0,0,0,181,539,0.0,0.0,nan,10.0,0.4998992244084996,2.3791819386470734e-22,2.3791819386470734e-22,0.0,monotone,0.0,0.0,nan,10.0,0.4998992332475247,2.373034586954819e-22,2.373034586954819e-22,0.0,monotone,0.0,0.0,nan,10.0,0.49989600891247704,8.877441271100008e-22,8.877441271100008e-22,0.0,monotone,0.0,0.0,nan,10.0,0.49990507925428024,4.186074640989098e-24,4.186074640989098e-24,0.0,monotone,5.773843786920973e-09,1.1974526204190025e-08,2.0,10.0,0.4999046561598145,1.6532886193865776e-27,1.6532886193865776e-27,0.0,other,0.0,0.0,nan,10.0,0.4998953538731505,8.947375629054279e-22,8.947375629054279e-22,0.0,monotone,5.773843786920973e-09,1.1974526204198495e-08,2.0,10.0,0.4999046561598145,1.653228893172131e-27,1.653228893172131e-27,0.0,other,0.0,0.0,nan,10.0,0.4998953538731505,8.947375625788804e-22,8.947375625788804e-22,0.0,monotone
linear,0.0002,0.001,E2_grid,iso,0.01,3.0,1.8,2000,False,4,0.18,10.0,200,E2_grid__linear__mu3-1.8_sd0.18__h200_eps1.00e-03_iso__s4__dt0.0002__7c48a44623,10.0,1.1460492261330653e-21,-7.889552346948832e-23,4.336808689942018e-19,0,0,0,0,0,0,0,0,0,0,0,0,181,539,0.0,0.0,nan,10.0,0.49990208481843956,1.8091053564781447e-22,1.8091053564781447e-22,0.0,monotone,0.0,0.0,nan,10.0,0.49990210453299644,1.8177108606273447e-22,1.8177108606273447e-22,0.0,monotone,0.0,0.0,nan,10.0,0.49990418607202525,6.838686630707177e-22,6.838686630707177e-22,0.0,monotone,0.0,0.0,nan,10.0,0.4998942001540109,3.579725835965572e-24,3.579725835965572e-24,0.0,monotone,2.0318211113590223e-08,3.876984319499644e-08,1.93,10.0,0.49989486001927547,3.774503239636938e-27,3.774503239636938e-27,0.0,other,0.0,0.0,nan,10.0,0.49990515003322733,6.8879640754135525e-22,6.8879640754135525e-22,0.0,monotone,2.0318211113590223e-08,3.8769843194993266e-08,1.93,10.0,0.49989486001927547,3.769960232052645e-27,3.769960232052645e-27,0.0,other,0.0,0.0,nan,10.0,0.49990515003322733,6.887964092604418e-22,6.887964092604418e-22,0.0,monotone
linear,0.0002,0.001,E2_grid,iso,0.01,3.0,2.2,2000,False,0,0.12,10.0,200,E2_grid__linear__mu3-2.2_sd0.12__h200_eps1.00e-03_iso__s0__dt0.0002__50e42a7719,10.0,1.5967467044590602e-26,-4.200365230245845e-31,1.3877787807814457e-17,0,0,0,0,0,0,0,0,0,0,0,0,181,539,0.0,1.1709654061874394e-31,nan,9.8,0.4999031799104242,2.3159538692849838e-27,2.316009336067382e-27,5.546678239835239e-32,monotone,0.0,7.648252995150591e-30,nan,9.68,0.49990319344527867,2.2782549461815703e-27,2.2782549461815703e-27,0.0,monotone,0.0,3.0333396624098965e-32,nan,9.98,0.49990704535772357,6.525704023317588e-27,6.525704023317588e-27,0.0,monotone,0.0,1.1281134649248234e-30,nan,8.870000000000001,0.4998910711785225,3.03126928771968e-29,3.1440806342121625e-29,1.1281134649248234e-30,monotone,0.0,1.624253988057709e-09,nan,8.6,0.49989181400638544,2.4854688176560787e-32,3.168952309659394e-32,6.834834920033156e-33,other,0.0,1.8465826472342873e-32,nan,10.0,0.4999081960956587,6.538368368074701e-27,6.538368368074701e-27,0.0,monotone,0.0,1.6242539880653067e-09,nan,8.6,0.49989181400638544,9.87093271389917e-32,1.055196905975818e-31,6.810363458590112e-33,other,0.0,2.05527526639872e-32,nan,9.97,0.4999081960956587,6.538361582067579e-27,6.538361582067579e-27,0.0,monotone
linear,0.0002,0.001,E2_grid,iso,0.01,3.0,2.2,2000,False,1,0.12,10.0,200,E2_grid__linear__mu3-2.2_sd0.12__h200_eps1.00e-03_iso__s1__dt0.0002__7c071ad7f3,10.0,1.6291128362466812e-26,0.0,6.938893903907228e-18,0,0,0,0,0,0,0,0,0,0,0,0,181,539,0.0,8.011868568650901e-32,nan,9.18,0.49990802144573976,2.338633620310088e-27,2.338633620310088e-27,0.0,monotone,0.0,0.0,nan,9.18,0.4999080238170279,2.369349891807131e-27,2.369349891807131e-27,0.0,monotone,0.0,1.4733364074562354e-32,nan,9.18,0.4998922648831382,6.653073474259694e-27,6.653073474259694e-27,0.0,monotone,0.0,2.68426485998971e-30,nan,8.65,0.49990581851651084,2.865793386897929e-29,3.1342198728969e-29,2.68426485998971e-30,monotone,0.0,5.417625688623948e-31,nan,9.19,0.49990675781399313,1.1616405279105419e-31,1.1616405279105419e-31,0.0,monotone,0.0,1.615002058782011e-32,nan,9.19,0.49989325227102366,6.704418652601939e-27,6.704418652601939e-27,0.0,monotone,0.0,5.4164191347091055e-31,nan,9.19,0.49990675781399313,1.7265574890284774e-31,1.7265574890284774e-31,0.0,monotone,0.0,1.2246197580966679e-32,nan,9.19,0.49989325227102366,6.717277147473229e-27,6.717277147473229e-27,0.0,monotone
linear,0.0002,0.001,E2_grid,iso,0.01,3.0,2.2,2000,False,2,0.12,10.0,200,E2_grid__linear__mu3-2.2_sd0.12__h200_eps1.00e-03_iso__s2__dt0.0002__5b2e9f3c22,10.0,1.5818747894820576e-26,0.0,8.673617379884035e-19,0,0,0,0,0,0,0,0,0,0,0,0,181,539,0.0,7.765349535769335e-30,nan,8.77,0.4998948713665228,2.2525183591487347e-27,2.2525183591487347e-27,0.0,monotone,0.0,7.666741922616708e-30,nan,8.790000000000001,0.4998948764309663,2.235711924082034e-27,2.2433786660046507e-27,7.666741922616708e-30,monotone,0.0,1.0688911191349159e-32,nan,8.84,0.4999034172432936,6.4245896197493475e-27,6.4245896197493475e-27,0.0,monotone,0.0,7.268459610117428e-31,nan,8.84,0.49989799940156104,4.0013987193064186e-29,4.0013987193064186e-29,0.0,monotone,0.0,9.677699679220033e-32,nan,8.84,0.49989734120738843,3.598375112907043e-30,3.598375112907043e-30,0.0,monotone,0.0,2.2976782764809203e-33,nan,8.83,0.4999026688203522,6.449732925602326e-27,6.449732947998422e-27,2.239609607453424e-35,monotone,0.0,9.067286884180478e-32,nan,8.84,0.49989734120738843,3.592599402039257e-30,3.592599402039257e-30,0.0,monotone,0.0,1.616077948927672e-33,nan,8.84,0.4999026688203522,6.462348701994086e-27,6.462348701994086e-27,0.0,monotone
linear,0.0002,0.001,E2_grid,iso,0.01,3.0,2.2,2000,False,3,0.12,10.0,200,E2_grid__linear__mu3-2.2_sd0.12__h200_eps1.00e-03_iso__s3__dt0.0002__c2c9981116,10.0,1.5916181183828195e-26,0.0,1.734723475976807e-18,0,0,0,0,0,0,0,0,0,0,0,0,181,539,0.0,7.796164414879531e-30,nan,9.32,0.4998981933699347,2.2932433033807695e-27,2.2932679552840576e-27,2.465190328815662e-32,monotone,0.0,1.501917207830942e-29,nan,9.72,0.49989819940897684,2.2857306358537037e-27,2.2857306358537037e-27,0.0,monotone,0.0,5.238529448733282e-32,nan,9.81,0.49989600891247704,6.4497329240628146e-27,6.4497329240628146e-27,0.0,monotone,0.0,1.2933582541532482e-30,nan,9.81,0.49990507925428024,3.1292894922392686e-29,3.1292894922392686e-29,0.0,monotone,0.0,1.5544273324623531e-30,nan,7.94,0.4999046561598145,2.4651904575350234e-32,2.688511232824991e-32,2.2332077528996767e-33,monotone,0.0,1.9217620564008683e-33,nan,9.82,0.4998953538731505,6.474976883182268e-27,6.474976883182268e-27,0.0,monotone,0.0,1.5463187942659567e-30,nan,9.67,0.4999046561598145,2.4652219009291636e-32,2.628331048012557e-32,1.631091470833933e-33,monotone,0.0,2.4931437328499394e-32,nan,9.82,0.4998953538731505,6.474976473365936e-27,6.474976473365936e-27,0.0,monotone
linear,0.0002,0.001,E2_grid,iso,0.01,3.0,2.2,2000,False,4,0.12,10.0,200,E2_grid__linear__mu3-2.2_sd0.12__h200_eps1.00e-03_iso__s4__dt0.0002__f5e146b773,10.0,1.5885771761072082e-26,2.718902409018829e-32,5.551115123125783e-17,0,0,0,0,0,0,0,0,0,0,0,0,181,539,0.0,8.011868568650901e-32,nan,9.14,0.4999033237626116,2.2708963530500555e-27,2.2708963530500555e-27,0.0,monotone,0.0,7.524993478709808e-30,nan,8.870000000000001,0.49990333426273403,2.270840886267657e-27,2.270840886267657e-27,0.0,monotone,0.0,1.9548188935530444e-32,nan,9.040000000000001,0.49990418607202525,6.512969004153322e-27,6.512969004153322e-27,0.0,monotone,0.0,2.704005641919679e-30,nan,8.31,0.4998942001540109,3.1676251277822965e-29,3.4137108264263755e-29,2.4608569864407906e-30,monotone,0.0,3.275232191520524e-31,nan,8.4,0.49989486001927547,1.5412687393949882e-31,1.7668804861685398e-31,2.256117467735516e-32,monotone,0.0,5.741018228952982e-33,nan,9.24,0.49990515003322733,6.487623515728732e-27,6.487624347776663e-27,8.320479307221802e-34,monotone,0.0,3.4538422234565967e-31,nan,8.41,0.49989486001927547,1.5410418927852672e-31,1.743032381787262e-31,2.019904890019948e-32,monotone,0.0,8.343782056406804e-33,nan,9.15,0.49990515003322733,6.48762753588951e-27,6.487628579742567e-27,1.0438530573199775e-33,monotone
linear,0.0002,0.001,E2_grid,iso,0.01,3.0,2.2,2000,False,0,0.15,10.0,200,E2_grid__linear__mu3-2.2_sd0.15__h200_eps1.00e-03_iso__s0__dt0.0002__2c57b6649a,10.0,1.590797728043668e-26,-5.3235229741391e-31,7.105427357601002e-15,0,0,0,0,0,0,0,0,0,0,0,0,181,539,0.0,1.4791141972893971e-31,nan,9.94,0.4999031799104242,2.263420663377922e-27,2.263420663377922e-27,0.0,monotone,0.0,9.860761315262648e-32,nan,9.9,0.49990319683055273,2.2409689424582334e-27,2.2409689424582334e-27,0.0,monotone,0.0,1.8103741477240017e-32,nan,9.97,0.49990704535772357,6.386899941109667e-27,6.386899941109667e-27,0.0,monotone,0.0,1.1791506084510852e-30,nan,8.83,0.4998910711785225,2.9561098716399683e-29,3.074024932485077e-29,1.1791506084510852e-30,monotone,0.0,4.518077515780228e-10,nan,8.58,0.49989181400638544,3.3047783943495884e-36,3.255907764763775e-33,3.252602986369425e-33,monotone,0.0,2.1541846793516707e-32,nan,9.98,0.4999081960956587,6.500331896765759e-27,6.500331896765759e-27,0.0,monotone,0.0,4.518077515780261e-10,nan,8.58,0.49989181400638544,5.461604033552975e-36,3.747334342261632e-33,3.7418727382280786e-33,monotone,0.0,2.148501834564567e-32,nan,9.97,0.4999081960956587,6.500331318669252e-27,6.500331318669252e-27,0.0,monotone
linear,0.0002,0.001,E2_grid,iso,0.01,3.0,2.2,2000,False,1,0.15,10.0,200,E2_grid__linear__mu3-2.2_sd0.15__h200_eps1.00e-03_iso__s1__dt0.0002__7b9af427af,10.0,1.6246351692930212e-26,0.0,6.938893903907228e-18,0,0,0,0,0,0,0,0,0,0,0,0,181,539,0.0,7.623601091862434e-30,nan,9.13,0.49990802144573976,2.300866904472632e-27,2.300866904472632e-27,0.0,monotone,0.0,7.672904898438748e-30,nan,9.16,0.49990802441004856,2.3538438446388805e-27,2.3538438446388805e-27,0.0,monotone,0.0,1.4155585091246184e-32,nan,9.16,0.4998922648831382,6.730137538757908e-27,6.730137538757908e-27,0.0,monotone,0.0,2.6698203854068057e-30,nan,8.63,0.49990581851651084,2.8904741791352513e-29,3.157456217675932e-29,2.6698203854068057e-30,monotone,0.0,5.139847730565651e-31,nan,9.16,0.49990675781399313,4.125675284820734e-31,4.125675284820734e-31,0.0,monotone,0.0,1.3474505799555036e-32,nan,9.16,0.49989325227102366,6.781777585580733e-27,6.781777585580733e-27,0.0,monotone,0.0,5.33802983688342e-31,nan,9.16,0.49990675781399313,3.2564628985518796e-31,3.2564628985518796e-31,0.0,monotone,0.0,6.784244609456755e-33,nan,9.16,0.49989325227102366,6.781777542886792e-27,6.781777542886792e-27,0.0,monotone
linear,0.0002,0.001,E2_grid,iso,0.01,3.0,2.2,2000,False,2,0.15,10.0,200,E2_grid__linear__mu3-2.2_sd0.15__h200_eps1.00e-03_iso__s2__dt0.0002__7c0eb60a80,10.0,1.5750715580593689e-26,0.0,6.938893903907228e-18,0,0,0,0,0,0,0,0,0,0,0,0,181,539,0.0,7.666741922616708e-30,nan,8.790000000000001,0.4998948713665228,2.2216541762319627e-27,2.2216541762319627e-27,0.0,monotone,0.0,7.716045729193022e-30,nan,8.66,0.4998948777128011,2.243896355973702e-27,2.2444633497493296e-27,5.669937756276022e-31,monotone,0.0,1.2229655146858948e-32,nan,8.790000000000001,0.4999034172432936,6.412006652754191e-27,6.412006652754191e-27,0.0,monotone,0.0,3.420451581231731e-31,nan,8.790000000000001,0.49989799940156104,4.009795773863947e-29,4.009795773863947e-29,0.0,monotone,0.0,1.0951690103116836e-31,nan,8.8,0.49989734120738843,5.259617058980968e-30,5.259617058980968e-30,0.0,monotone,0.0,8.2016898633527e-34,nan,8.8,0.4999026688203522,6.4245388308103206e-27,6.4245388308103206e-27,0.0,monotone,0.0,1.0477140072697879e-31,nan,8.8,0.49989734120738843,5.253366908686173e-30,5.253366908686173e-30,0.0,monotone,0.0,2.4470147045846516e-33,nan,8.8,0.4999026688203522,6.424539196838405e-27,6.424539196838405e-27,0.0,monotone
linear,0.0002,0.001,E2_grid,iso,0.01,3.0,2.2,2000,False,3,0.15,10.0,200,E2_grid__linear__mu3-2.2_sd0.15__h200_eps1.00e-03_iso__s3__dt0.0002__5eaa3d7978,10.0,1.586358661627162e-26,0.0,1.3877787807814457e-17,0,0,0,0,0,0,0,0,0,0,0,0,181,539,0.0,7.574297285286121e-30,nan,9.700000000000001,0.4998981933699347,2.278236457254104e-27,2.278236457254104e-27,0.0,monotone,0.0,7.65441597097263e-30,nan,9.76,0.4998982009177641,2.2633220557647694e-27,2.2633220557647694e-27,0.0,monotone,0.0,2.9851914138002156e-33,nan,9.77,0.49989600891247704,6.474976569326384e-27,6.474976569326384e-27,0.0,monotone,0.0,1.8214482449042283e-30,nan,9.76,0.49990507925428024,3.074641230067281e-29,3.074641230067281e-29,0.0,monotone,0.0,1.7462818343033835e-30,nan,9.58,0.4999046561598145,9.86130141695979e-32,1.0122603993150505e-31,2.6130257619071542e-33,monotone,0.0,2.4171604634786697e-32,nan,9.790000000000001,0.4998953538731505,6.437129813228026e-27,6.437129813228026e-27,0.0,monotone,0.0,1.799959202786404e-30,nan,9.59,0.4999046561598145,1.540760785272625e-31,1.566805913904021e-31,2.6045128631396087e-33,monotone,0.0,1.82037303023734e-32,nan,9.790000000000001,0.4998953538731505,6.437129679301501e-27,6.437129679301501e-27,0.0,monotone
linear,0.0002,0.001,E2_grid,iso,0.01,3.0,2.2,2000,False,4,0.15,10.0,200,E2_grid__linear__mu3-2.2_sd0.15__h200_eps1.00e-03_iso__s4__dt0.0002__9533a82a7f,10.0,1.5819108386948952e-26,2.879933022840497e-32,3.469446951953614e-18,0,0,0,0,0,0,0,0,0,0,0,0,181,539,0.0,7.43871181720126e-30,nan,8.96,0.4999033237626116,2.241215461491115e-27,2.241215461491115e-27,0.0,monotone,0.0,0.0,nan,8.86,0.49990333688356603,2.2485062618885873e-27,2.2485062618885873e-27,0.0,monotone,0.0,1.0785207688568521e-32,nan,9.03,0.49990418607202525,6.361787644268305e-27,6.361790436866724e-27,2.792598419361492e-33,monotone,0.0,2.7328945910854877e-30,nan,8.28,0.4998942001540109,3.190302952877456e-29,3.440827920043348e-29,2.5052496716589164e-30,monotone,0.0,2.486858815728593e-31,nan,8.14,0.49989486001927547,8.874790256018241e-31,9.170194215315864e-31,2.9540395929762285e-32,monotone,0.0,6.025308551610798e-33,nan,9.09,0.49990515003322733,6.487626990868542e-27,6.487628008655635e-27,1.0177870928499516e-33,monotone,0.0,2.193394241861252e-31,nan,8.370000000000001,0.49989486001927547,8.87468518378491e-31,9.093155111301318e-31,2.1846992751640862e-32,monotone,0.0,6.777701270088454e-33,nan,9.05,0.49990515003322733,6.474989952616434e-27,6.474989952616434e-27,0.0,monotone
linear,0.0002,0.001,E2_grid,iso,0.01,3.0,2.2,2000,False,0,0.18,10.0,200,E2_grid__linear__mu3-2.2_sd0.18__h200_eps1.00e-03_iso__s0__dt0.0002__37a95efae1,10.0,1.583819711576991e-26,-1.2943561811513768e-31,1.734723475976807e-18,0,0,0,0,0,0,0,0,0,0,0,0,181,539,0.0,7.611275140218356e-30,nan,9.99,0.4999031799104242,2.2483768393963244e-27,2.2483768393963244e-27,0.0,monotone,0.0,6.77927340424307e-32,nan,9.96,0.49990320021645024,2.240919638651657e-27,2.240919638651657e-27,0.0,monotone,0.0,2.0511153907724062e-32,nan,9.98,0.49990704535772357,6.374349040848084e-27,6.374349040848084e-27,0.0,monotone,0.0,1.1916691530896022e-30,nan,8.8,0.4998910711785225,3.0029966361360756e-29,3.122163551445036e-29,1.1916691530896022e-30,monotone,0.0,1.3670673547147513e-31,nan,8.55,0.49989181400638544,2.467227165589843e-32,2.66368068497116e-32,1.9645351938131682e-33,monotone,0.0,2.1727746082311467e-32,nan,9.96,0.4999081960956587,6.386899349208015e-27,6.386899349208015e-27,0.0,monotone,0.0,1.3555930923951807e-31,nan,8.55,0.49989181400638544,2.4730075896788406e-32,2.7460943346341077e-32,2.7308674495526713e-33,monotone,0.0,1.803740781157859e-32,nan,10.0,0.4999081960956587,6.38689759899966e-27,6.38689759899966e-27,0.0,monotone
linear,0.0002,0.001,E2_grid,iso,0.01,3.0,2.2,2000,False,1,0.18,10.0,200,E2_grid__linear__mu3-2.2_sd0.18__h200_eps1.00e-03_iso__s1__dt0.0002__64b3171c7f,10.0,1.6190016944990234e-26,0.0,4.336808689942018e-19,0,0,0,0,0,0,0,0,0,0,0,0,181,539,0.0,0.0,nan,9.1,0.49990802144573976,2.3388801393429694e-27,2.3388801393429694e-27,0.0,monotone,0.0,9.244463733058732e-32,nan,9.08,0.4999080250031487,2.3462757103294164e-27,2.3462757103294164e-27,0.0,monotone,0.0,1.242224814129767e-32,nan,9.13,0.4998922648831382,6.512950515225856e-27,6.512950515225856e-27,0.0,monotone,0.0,2.6642351885680827e-30,nan,8.6,0.49990581851651084,2.777508758247218e-29,3.043932277104026e-29,2.6642351885680827e-30,monotone,0.0,4.771158427780643e-31,nan,9.13,0.49990675781399313,1.7705265219648083e-31,1.7705265219648083e-31,0.0,monotone,0.0,1.3264982429174217e-32,nan,9.13,0.49989325227102366,6.691574000971068e-27,6.691574000971068e-27,0.0,monotone,0.0,4.870098672866334e-31,nan,9.13,0.49990675781399313,1.7690720863629266e-31,1.7690720863629266e-31,0.0,monotone,0.0,1.3989696112780847e-32,nan,9.13,0.49989325227102366,6.67872747816765e-27,6.67872747816765e-27,0.0,monotone
linear,0.0002,0.001,E2_grid,iso,0.01,3.0,2.2,2000,False,2,0.18,10.0,200,E2_grid__linear__mu3-2.2_sd0.18__h200_eps1.00e-03_iso__s2__dt0.0002__0f65c94841,10.0,1.5671939208146122e-26,0.0,3.469446951953614e-18,0,0,0,0,0,0,0,0,0,0,0,0,181,539,0.0,7.592786212752239e-30,nan,8.66,0.4998948713665228,2.1914124538732165e-27,2.191652809930276e-27,2.4035605705952703e-31,monotone,0.0,7.451037768845338e-30,nan,8.75,0.4998948790009339,2.2077566657532644e-27,2.2077566657532644e-27,0.0,monotone,0.0,1.1459283169104053e-32,nan,8.76,0.4999034172432936,6.3242793882293855e-27,6.3242793882293855e-27,0.0,monotone,0.0,9.253130417808475e-31,nan,8.76,0.49989799940156104,3.7811493708662943e-29,3.7811493708662943e-29,0.0,monotone,0.0,1.230364344598136e-31,nan,8.76,0.49989734120738843,5.660962922251716e-30,5.660962922251716e-30,0.0,monotone,0.0,1.6438561381534212e-33,nan,8.76,0.4999026688203522,6.29930731071298e-27,6.29930731071298e-27,0.0,monotone,0.0,1.2150748284006725e-31,nan,8.76,0.49989734120738843,5.292807920266567e-30,5.292807920266567e-30,0.0,monotone,0.0,1.69504657389165e-33,nan,8.76,0.4999026688203522,6.3117756992860164e-27,6.3117756992860164e-27,0.0,monotone
linear,0.0002,0.001,E2_grid,iso,0.01,3.0,2.2,2000,False,3,0.18,10.0,200,E2_grid__linear__mu3-2.2_sd0.18__h200_eps1.00e-03_iso__s3__dt0.0002__8a525015e7,10.0,1.5799465297812456e-26,0.0,1.1102230246251565e-16,0,0,0,0,0,0,0,0,0,0,0,0,181,539,0.0,7.5866232369302e-30,nan,9.620000000000001,0.4998981933699347,2.2782857610606804e-27,2.2782857610606804e-27,0.0,monotone,0.0,7.549645381997965e-30,nan,9.75,0.499898202426162,2.2410120832889876e-27,2.2410120832889876e-27,0.0,monotone,0.0,1.4155585091246184e-32,nan,9.75,0.49989600891247704,6.311775576954943e-27,6.311775576954943e-27,0.0,monotone,0.0,2.5241237851139113e-30,nan,9.73,0.49990507925428024,3.057847120952224e-29,3.057847120952224e-29,0.0,monotone,0.0,1.8556749492916086e-30,nan,9.47,0.4999046561598145,1.849627329768024e-37,5.577519843902525e-33,5.577334881169548e-33,monotone,0.0,1.9130739865505044e-33,nan,9.74,0.4998953538731505,6.4497329260850724e-27,6.449732951108763e-27,2.502369042074743e-35,monotone,0.0,1.917622584871018e-30,nan,9.48,0.4999046561598145,6.163372588627101e-33,1.084563930435095e-32,4.6822667157238485e-33,monotone,0.0,2.3048525127934602e-33,nan,9.75,0.4998953538731505,6.449733208255275e-27,6.449733208255275e-27,0.0,monotone
linear,0.0002,0.001,E2_grid,iso,0.01,3.0,2.2,2000,False,4,0.18,10.0,200,E2_grid__linear__mu3-2.2_sd0.18__h200_eps1.00e-03_iso__s4__dt0.0002__3480f0129c,10.0,1.5741584484586403e-26,1.1865958322569219e-32,8.673617379884035e-19,0,0,0,0,0,0,0,0,0,0,0,0,181,539,0.0,1.4174844390690056e-31,nan,8.73,0.4999033237626116,2.2192875935162996e-27,2.2192875935162996e-27,0.0,monotone,0.0,1.6640034719505718e-31,nan,8.83,0.4999033395027206,2.2342328098847446e-27,2.2343745583286515e-27,1.4174844390690056e-31,monotone,0.0,2.3400048824304916e-32,nan,8.77,0.49990418607202525,6.3242894993615936e-27,6.324293254924985e-27,3.75556339155511e-33,monotone,0.0,2.8608726358900195e-30,nan,8.25,0.4998942001540109,3.1302139386125744e-29,3.3938063404511335e-29,2.6359240183855904e-30,monotone,0.0,2.4364736909626877e-31,nan,8.32,0.49989486001927547,1.0415514639382794e-30,1.0764817201850477e-30,3.49302562467683e-32,monotone,0.0,4.2516657751081475e-33,nan,9.0,0.49990515003322733,6.3743050897313096e-27,6.3743050897313096e-27,0.0,monotone,0.0,2.3217808105960566e-31,nan,8.11,0.49989486001927547,1.2079508068249487e-30,1.2390305081623922e-30,3.107970133744345e-32,monotone,0.0,7.617972258756343e-33,nan,9.49,0.49990515003322733,6.374308404010575e-27,6.374308404010575e-27,0.0,monotone
linear,0.0002,0.001,E2_grid,iso,0.01,3.0,2.0,2000,False,0,0.12,10.0,200,E2_grid__linear__mu3-2_sd0.12__h200_eps1.00e-03_iso__s0__dt0.0002__d2d1bce1d2,10.0,2.154645810448903e-26,-9.526383534108243e-29,5.551115123125783e-17,0,0,0,0,0,0,0,0,0,0,0,0,181,539,0.0,0.0,nan,10.0,0.49990231022964543,3.2842559785404876e-27,3.2842559785404876e-27,0.0,monotone,0.0,0.0,nan,10.0,0.49990232399145607,3.2662847410434214e-27,3.2662847410434214e-27,0.0,monotone,0.0,0.0,nan,10.0,0.49990704535772357,1.0592522634678455e-26,1.0592522634678455e-26,0.0,monotone,0.0,0.0,nan,10.0,0.4998910711785225,5.535315253163355e-29,5.535315253163355e-29,0.0,monotone,2.1301232777659607e-08,2.50424669414022e-08,2.0300000000000002,10.0,0.49989181400638544,5.567745861961723e-32,5.567745861961723e-32,0.0,other,0.0,0.0,nan,10.0,0.4999081960956587,1.0689703329537469e-26,1.0689703329537469e-26,0.0,monotone,2.1301232777659607e-08,2.5042466941410923e-08,2.0300000000000002,10.0,0.49989181400638544,4.712568353667885e-32,4.712568353667885e-32,0.0,other,0.0,0.0,nan,10.0,0.4999081960956587,1.0705948699010161e-26,1.0705948699010161e-26,0.0,monotone
linear,0.0002,0.001,E2_grid,iso,0.01,3.0,2.0,2000,False,1,0.12,10.0,200,E2_grid__linear__mu3-2_sd0.12__h200_eps1.00e-03_iso__s1__dt0.0002__0414806eec,10.0,2.343893994970758e-26,-1.0619106264422853e-28,1.1102230246251565e-16,0,0,0,0,0,0,0,0,0,0,0,0,181,539,0.0,0.0,nan,10.0,0.4999083963526142,3.636278994519542e-27,3.636278994519542e-27,0.0,monotone,0.0,0.0,nan,10.0,0.49990839865837,3.627188605182034e-27,3.627188605182034e-27,0.0,monotone,0.0,0.0,nan,10.0,0.4998922648831382,1.1568454508001644e-26,1.1568454508001644e-26,0.0,monotone,0.0,5.631419157388278e-31,nan,9.99,0.49990581851651084,5.143003323491675e-29,5.157033723136536e-29,1.4030399644861013e-31,monotone,0.0,5.166586608827909e-31,nan,9.540000000000001,0.49990675781399313,5.895712521200403e-32,1.5422678102460772e-31,9.52696558126037e-32,monotone,0.0,0.0,nan,10.0,0.49989325227102366,1.168710367152845e-26,1.168710367152845e-26,0.0,monotone,0.0,5.1410145329302e-31,nan,9.540000000000001,0.49990675781399313,5.433292431109961e-32,1.4964527845811149e-31,9.531235414701188e-32,monotone,0.0,0.0,nan,10.0,0.49989325227102366,1.1670095010608716e-26,1.1670095010608716e-26,0.0,monotone
linear,0.0002,0.001,E2_grid,iso,0.01,3.0,2.0,2000,False,2,0.12,10.0,200,E2_grid__linear__mu3-2_sd0.12__h200_eps1.00e-03_iso__s2__dt0.0002__a40594db8f,10.0,2.0325712432133483e-26,-3.6571262174650243e-29,4.336808689942018e-19,0,0,0,0,0,0,0,0,0,0,0,0,181,539,0.0,2.4035605705952703e-31,nan,10.0,0.49989478688939665,3.0309576722546783e-27,3.0309576722546783e-27,0.0,monotone,0.0,0.0,nan,10.0,0.49989479002515325,3.091059012471204e-27,3.091059012471204e-27,0.0,monotone,0.0,2.465190328815662e-32,nan,10.0,0.4999034172432936,9.8937767619273e-27,9.8937767619273e-27,0.0,monotone,0.0,8.712907068407855e-31,nan,9.93,0.49989799940156104,5.880413010248381e-29,5.96754208093246e-29,8.712907068407855e-31,monotone,0.0,1.2657788877728106e-31,nan,9.89,0.49989734120738843,6.798313690141726e-30,6.919955294833387e-30,1.2164160469166126e-31,monotone,0.0,1.2072736144518588e-32,nan,9.99,0.4999026688203522,9.971790422351325e-27,9.971802495087469e-27,1.2072736144518588e-32,monotone,0.0,1.3511112612938733e-31,nan,9.89,0.49989734120738843,6.794009979993824e-30,6.914360260140086e-30,1.2035028014626177e-31,monotone,0.0,1.2354288182358727e-32,nan,9.99,0.4999026688203522,9.971799725518434e-27,9.971812079806616e-27,1.2354288182358727e-32,monotone
linear,0.0002,0.001,E2_grid,iso,0.01,3.0,2.0,2000,False,3,0.12,10.0,200,E2_grid__linear__mu3-2_sd0.12__h200_eps1.00e-03_iso__s3__dt0.0002__49d9cf807b,10.0,2.3374747663811012e-26,-1.1034360989842547e-28,6.938893903907228e-18,0,0,0,0,0,0,0,0,0,0,0,0,181,539,0.0,0.0,nan,10.0,0.49989868748808,3.5041447928950226e-27,3.5041447928950226e-27,0.0,monotone,0.0,0.0,nan,10.0,0.4998986935116795,3.495079055460803e-27,3.495079055460803e-27,0.0,monotone,0.0,0.0,nan,10.0,0.49989600891247704,1.1451063300101409e-26,1.1451063300101409e-26,0.0,monotone,0.0,1.8187519429820862e-30,nan,10.0,0.49990507925428024,6.49632540646342e-29,6.49632540646342e-29,0.0,monotone,1.5499411047544125e-09,4.84786475214706e-09,2.05,9.52,0.4999046561598145,1.0158881326648801e-31,3.6531617922431246e-31,2.6372736595782445e-31,other,0.0,0.0,nan,10.0,0.4998953538731505,1.1568929542466832e-26,1.1568929542466832e-26,0.0,monotone,1.5499411047544125e-09,4.847864752146293e-09,2.05,9.52,0.4999046561598145,1.0285180005259456e-31,3.7891292194281347e-31,2.760611218902189e-31,other,0.0,0.0,nan,10.0,0.4998953538731505,1.1568973768123773e-26,1.1568973768123773e-26,0.0,monotone
linear,0.0002,0.001,E2_grid,iso,0.01,3.0,2.0,2000,False,4,0.12,10.0,200,E2_grid__linear__mu3-2_sd0.12__h200_eps1.00e-03_iso__s4__dt0.0002__77ac9f6e01,10.0,2.0576404726956147e-26,-5.773156826534018e-29,1.3877787807814457e-17,0,0,0,0,0,0,0,0,0,0,0,0,181,539,0.0,0.0,nan,10.0,0.49990273488652265,3.1169003700930143e-27,3.1169003700930143e-27,0.0,monotone,0.0,0.0,nan,10.0,0.499902746697225,3.1693596202902116e-27,3.1693596202902116e-27,0.0,monotone,0.0,8.762981246961923e-33,nan,10.0,0.49990418607202525,1.0081889272943401e-26,1.0081889272943401e-26,0.0,monotone,0.0,1.3317805565437736e-31,nan,9.99,0.4998942001540109,4.7021290702722705e-29,4.715446875837708e-29,1.3317805565437736e-31,monotone,0.0,7.189285500379261e-09,nan,9.8,0.49989486001927547,7.457301703946549e-31,8.161867487684796e-31,7.045657837382475e-32,other,0.0,0.0,nan,10.0,0.49990515003322733,1.0240215022460015e-26,1.0240215022460015e-26,0.0,monotone,0.0,7.189285500379579e-09,nan,9.8,0.49989486001927547,8.875236777903726e-31,9.63001866908652e-31,7.54781891182795e-32,other,0.0,0.0,nan,10.0,0.49990515003322733,1.0240193089329456e-26,1.0240193089329456e-26,0.0,monotone
linear,0.0002,0.001,E2_grid,iso,0.01,3.0,2.0,2000,False,0,0.15,10.0,200,E2_grid__linear__mu3-2_sd0.15__h200_eps1.00e-03_iso__s0__dt0.0002__d252f15ce7,10.0,2.106406919690178e-26,-9.429450289762954e-29,5.551115123125783e-17,0,0,0,0,0,0,0,0,0,0,0,0,181,539,0.0,0.0,nan,10.0,0.49990231022964543,3.2037736772804783e-27,3.2037736772804783e-27,0.0,monotone,0.0,1.7256332301709633e-31,nan,10.0,0.49990232743401575,3.2039215887002072e-27,3.2039215887002072e-27,0.0,monotone,0.0,0.0,nan,10.0,0.49990704535772357,1.035153140592327e-26,1.035153140592327e-26,0.0,monotone,0.0,0.0,nan,10.0,0.4998910711785225,5.317145909063168e-29,5.317145909063168e-29,0.0,monotone,2.649360004108365e-08,3.4136760992921865e-08,1.98,10.0,0.49989181400638544,2.2323653315528482e-32,2.2323653315528482e-32,0.0,other,0.0,0.0,nan,10.0,0.4999081960956587,1.0415515063757646e-26,1.0415515063757646e-26,0.0,monotone,2.649360004108365e-08,3.413676099292739e-08,1.98,10.0,0.49989181400638544,2.4427860434245372e-32,2.4427860434245372e-32,0.0,other,0.0,0.0,nan,10.0,0.4999081960956587,1.0431550401324986e-26,1.0431550401324986e-26,0.0,monotone
linear,0.0002,0.001,E2_grid,iso,0.01,3.0,2.0,2000,False,1,0.15,10.0,200,E2_grid__linear__mu3-2_sd0.15__h200_eps1.00e-03_iso__s1__dt0.0002__2c4c95e973,10.0,2.302448391967363e-26,-1.0119274026302521e-28,3.469446951953614e-18,0,0,0,0,0,0,0,0,0,0,0,0,181,539,0.0,0.0,nan,10.0,0.4999083963526142,3.5622000251386314e-27,3.5622000251386314e-27,0.0,monotone,0.0,0.0,nan,10.0,0.4999083992348615,3.5330738014036744e-27,3.5330738014036744e-27,0.0,monotone,0.0,0.0,nan,10.0,0.4998922648831382,1.1299645147129729e-26,1.1299645147129729e-26,0.0,monotone,0.0,4.186008734125657e-31,nan,9.99,0.49990581851651084,5.05922537091083e-29,5.069702429808296e-29,1.0477058897466563e-31,monotone,0.0,4.970442081992798e-31,nan,9.52,0.49990675781399313,2.9868618906047785e-31,3.424346331533672e-31,4.3748444092889347e-32,monotone,0.0,0.0,nan,10.0,0.49989325227102366,1.1349909771439175e-26,1.1349909771439175e-26,0.0,monotone,0.0,4.918758481622105e-31,nan,9.52,0.49990675781399313,3.823177232808481e-31,4.252158610728017e-31,4.289813779195365e-32,monotone,0.0,0.0,nan,10.0,0.49989325227102366,1.1349880081276716e-26,1.1349880081276716e-26,0.0,monotone
linear,0.0002,0.001,E2_grid,iso,0.01,3.0,2.0,2000,False,2,0.15,10.0,200,E2_grid__linear__mu3-2_sd0.15__h200_eps1.00e-03_iso__s2__dt0.0002__b2ff536368,10.0,2.0039327348462087e-26,-3.6344570554745223e-29,4.336808689942018e-19,0,0,0,0,0,0,0,0,0,0,0,0,181,539,0.0,0.0,nan,10.0,0.49989478688939665,2.9782580660004215e-27,2.9782580660004215e-27,0.0,monotone,0.0,0.0,nan,10.0,0.49989479082524113,2.9964943114578354e-27,2.9964943114578354e-27,0.0,monotone,0.0,2.4266717299279172e-32,nan,10.0,0.4999034172432936,9.800390441150405e-27,9.800390441150405e-27,0.0,monotone,0.0,1.756448109281159e-30,nan,9.85,0.49989799940156104,6.066871917814232e-29,6.242516728742348e-29,1.756448109281159e-30,monotone,0.0,2.302229001086175e-31,nan,9.84,0.49989734120738843,6.055658516791725e-30,6.285881416900343e-30,2.302229001086175e-31,monotone,0.0,1.5042246341709816e-32,nan,10.0,0.4999026688203522,9.831283276482808e-27,9.831283276482808e-27,0.0,monotone,0.0,2.260464602784681e-31,nan,9.84,0.49989734120738843,5.673392547099122e-30,5.89943900737759e-30,2.260464602784681e-31,monotone,0.0,1.7487493896019928e-32,nan,9.99,0.4999026688203522,9.846853800375546e-27,9.846871287869442e-27,1.7487493896019928e-32,monotone
linear,0.0002,0.001,E2_grid,iso,0.01,3.0,2.0,2000,False,3,0.15,10.0,200,E2_grid__linear__mu3-2_sd0.15__h200_eps1.00e-03_iso__s3__dt0.0002__1749a5f443,10.0,2.289113462334655e-26,-9.818580458277923e-29,2.842170943040401e-14,0,0,0,0,0,0,0,0,0,0,0,0,181,539,0.0,0.0,nan,10.0,0.49989868748808,3.393728918067369e-27,3.393728918067369e-27,0.0,monotone,0.0,0.0,nan,10.0,0.4998986950164125,3.4854093463960236e-27,3.4854093463960236e-27,0.0,monotone,0.0,0.0,nan,10.0,0.49989600891247704,1.1249834820978042e-26,1.1249834820978042e-26,0.0,monotone,0.0,1.7238035967237955e-30,nan,9.99,0.49990507925428024,6.22402780127623e-29,6.22402780127623e-29,0.0,monotone,0.0,1.8543649575874045e-10,nan,9.49,0.4999046561598145,9.953602954532983e-32,2.9727349510396548e-31,1.9773746555863565e-31,monotone,0.0,0.0,nan,10.0,0.4998953538731505,1.141714702683035e-26,1.141714702683035e-26,0.0,monotone,0.0,1.85436495767899e-10,nan,9.49,0.4999046561598145,1.000478446073663e-31,3.0622748400404616e-31,2.0617963939667984e-31,monotone,0.0,0.0,nan,10.0,0.4998953538731505,1.1417181239173752e-26,1.1417181239173752e-26,0.0,monotone
linear,0.0002,0.001,E2_grid,iso,0.01,3.0,2.0,2000,False,4,0.15,10.0,200,E2_grid__linear__mu3-2_sd0.15__h200_eps1.00e-03_iso__s4__dt0.0002__c033725a61,10.0,2.0243077014655216e-26,-4.338358095172402e-29,1.3877787807814457e-17,0,0,0,0,0,0,0,0,0,0,0,0,181,539,0.0,0.0,nan,10.0,0.49990273488652265,3.0727364853522818e-27,3.0727364853522818e-27,0.0,monotone,0.0,1.1709654061874394e-31,nan,10.0,0.4999027496454481,3.0900236325331016e-27,3.0900236325331016e-27,0.0,monotone,0.0,1.617781153285278e-32,nan,9.99,0.49990418607202525,9.940433570388048e-27,9.940433570388048e-27,0.0,monotone,0.0,5.300159206953673e-31,nan,9.97,0.4998942001540109,4.670341596540159e-29,4.723343188609696e-29,5.300159206953673e-31,monotone,0.0,4.49939232435435e-31,nan,9.78,0.49989486001927547,4.992141164112297e-31,5.276695948085266e-31,2.845547839729696e-32,monotone,0.0,1.3025501502036774e-33,nan,10.0,0.49990515003322733,9.971863394264422e-27,9.971863394264422e-27,0.0,monotone,0.0,4.5727959758928845e-31,nan,9.76,0.49989486001927547,6.162997389244051e-31,6.5161040258253e-31,3.5310663658124933e-32,monotone,0.0,3.8661579609313165e-33,nan,10.0,0.49990515003322733,9.971856345867973e-27,9.971856345867973e-27,0.0,monotone
linear,0.0002,0.001,E2_grid,iso,0.01,3.0,2.0,2000,False,0,0.18,10.0,200,E2_grid__linear__mu3-2_sd0.18__h200_eps1.00e-03_iso__s0__dt0.0002__a3d65f70a5,10.0,2.0559162163343764e-26,-7.513911537155017e-29,6.938893903907228e-18,0,0,0,0,0,0,0,0,0,0,0,0,181,539,0.0,8.011868568650901e-32,nan,10.0,0.49990231022964543,3.1155198635088776e-27,3.1155198635088776e-27,0.0,monotone,0.0,0.0,nan,10.0,0.49990233087741776,3.0805634646462715e-27,3.0805634646462715e-27,0.0,monotone,0.0,0.0,nan,10.0,0.49990704535772357,9.987399009122383e-27,9.987399009122383e-27,0.0,monotone,0.0,0.0,nan,10.0,0.4998910711785225,5.139777390834826e-29,5.139777390834826e-29,0.0,monotone,2.046663638566315e-08,3.336669959089641e-08,1.95,10.0,0.49989181400638544,1.2253342216837763e-31,1.2253342216837763e-31,0.0,other,0.0,0.0,nan,10.0,0.4999081960956587,1.005023849593224e-26,1.005023849593224e-26,0.0,monotone,2.046663638566315e-08,3.336669959090067e-08,1.95,9.98,0.49989181400638544,1.7653178480788267e-31,1.771023827681445e-31,5.705979602618396e-34,other,0.0,0.0,nan,10.0,0.4999081960956587,1.0050245775795603e-26,1.0050245775795603e-26,0.0,monotone
linear,0.0002,0.001,E2_grid,iso,0.01,3.0,2.0,2000,False,1,0.18,10.0,200,E2_grid__linear__mu3-2_sd0.18__h200_eps1.00e-03_iso__s1__dt0.0002__493601e8ef,10.0,2.2512943100339502e-26,-9.897498409840006e-29,5.551115123125783e-17,0,0,0,0,0,0,0,0,0,0,0,0,181,539,0.0,0.0,nan,10.0,0.4999083963526142,3.495670701139719e-27,3.495670701139719e-27,0.0,monotone,0.0,0.0,nan,10.0,0.4999083998113736,3.431181322137901e-27,3.431181322137901e-27,0.0,monotone,0.0,0.0,nan,10.0,0.4998922648831382,1.1083441792316773e-26,1.1083441792316773e-26,0.0,monotone,0.0,4.174453154459334e-31,nan,9.98,0.49990581851651084,4.9806955774284403e-29,4.9806955774284403e-29,0.0,monotone,0.0,4.9299418226660575e-31,nan,10.0,0.49990675781399313,6.182039282420545e-31,6.182039282420545e-31,0.0,monotone,0.0,0.0,nan,10.0,0.49989325227102366,1.1116675336328224e-26,1.1116675336328224e-26,0.0,monotone,0.0,5.005822574867003e-31,nan,10.0,0.49990675781399313,6.152465649238947e-31,6.152465649238947e-31,0.0,monotone,0.0,0.0,nan,10.0,0.49989325227102366,1.1116657338206392e-26,1.1116657338206392e-26,0.0,monotone
linear,0.0002,0.001,E2_grid,iso,0.01,3.0,2.0,2000,False,2,0.18,10.0,200,E2_grid__linear__mu3-2_sd0.18__h200_eps1.00e-03_iso__s2__dt0.0002__5b421062c0,10.0,1.9719356804041341e-26,-2.967897457005704e-29,6.938893903907228e-18,0,0,0,0,0,0,0,0,0,0,0,0,181,539,0.0,0.0,nan,10.0,0.49989478688939665,2.875847896765597e-27,2.875847896765597e-27,0.0,monotone,0.0,0.0,nan,10.0,0.499894791631801,2.9447006626494183e-27,2.9447006626494183e-27,0.0,monotone,0.0,2.9274135154685985e-32,nan,10.0,0.4999034172432936,9.553367584995387e-27,9.553367584995387e-27,0.0,monotone,0.0,1.9165891841569578e-30,nan,9.81,0.49989799940156104,6.030635545910586e-29,6.173539547784119e-29,1.429040018735329e-30,monotone,0.0,3.45489600193588e-31,nan,9.790000000000001,0.49989734120738843,4.351505286773414e-30,4.6898693864316625e-30,3.3836409965824875e-31,monotone,0.0,2.273689562344352e-32,nan,10.0,0.4999026688203522,9.614660334481048e-27,9.614660334481048e-27,0.0,monotone,0.0,3.3376842909460447e-31,nan,9.790000000000001,0.49989734120738843,4.0206512832132e-30,4.347487152860515e-30,3.2683586964731486e-31,monotone,0.0,2.0585738832003166e-32,nan,9.99,0.4999026688203522,9.614654851014767e-27,9.6146754367536e-27,2.0585738832003166e-32,monotone
linear,0.0002,0.001,E2_grid,iso,0.01,3.0,2.0,2000,False,3,0.18,10.0,200,E2_grid__linear__mu3-2_sd0.18__h200_eps1.00e-03_iso__s3__dt0.0002__0698660b69,10.0,2.233057046959655e-26,-8.613309177810121e-29,8.673617379884035e-19,0,0,0,0,0,0,0,0,0,0,0,0,181,539,0.0,0.0,nan,10.0,0.49989868748808,3.366617987426219e-27,3.366617987426219e-27,0.0,monotone,0.0,0.0,nan,10.0,0.49989869652067875,3.311915414029799e-27,3.311915414029799e-27,0.0,monotone,0.0,0.0,nan,10.0,0.49989600891247704,1.0869947161674101e-26,1.0869947161674101e-26,0.0,monotone,0.0,1.6293367329516015e-30,nan,10.0,0.49990507925428024,5.844282564491677e-29,5.844282564491677e-29,0.0,monotone,0.0,2.111768047753217e-30,nan,9.46,0.4999046561598145,3.945637583679288e-31,5.132004036011551e-31,1.186366452332263e-31,monotone,0.0,0.0,nan,10.0,0.4998953538731505,1.101779818201334e-26,1.101779818201334e-26,0.0,monotone,0.0,2.079806715590347e-30,nan,9.46,0.4999046561598145,3.946128752693259e-31,5.162621784140823e-31,1.2164930314475644e-31,monotone,0.0,0.0,nan,10.0,0.4998953538731505,1.1017838813482697e-26,1.1017838813482697e-26,0.0,monotone
linear,0.0002,0.001,E2_grid,iso,0.01,3.0,2.0,2000,False,4,0.18,10.0,200,E2_grid__linear__mu3-2_sd0.18__h200_eps1.00e-03_iso__s4__dt0.0002__5fcbd4d36a,10.0,1.991109374097377e-26,-3.4854105727175333e-29,1.734723475976807e-18,0,0,0,0,0,0,0,0,0,0,0,0,181,539,0.0,0.0,nan,10.0,0.49990273488652265,3.012622819184112e-27,3.012622819184112e-27,0.0,monotone,0.0,1.7872629883913549e-31,nan,10.0,0.49990275259189143,2.9864856387228438e-27,2.9864856387228438e-27,0.0,monotone,0.0,2.3881531310401725e-32,nan,10.0,0.49990418607202525,9.614387497498888e-27,9.614387497498888e-27,0.0,monotone,0.0,2.003448624648822e-30,nan,9.92,0.4998942001540109,4.532290938126482e-29,4.7326358005913643e-29,2.003448624648822e-30,monotone,0.0,3.985587638225972e-31,nan,10.0,0.49989486001927547,3.01989489981047e-31,3.01989489981047e-31,0.0,monotone,0.0,0.0,nan,10.0,0.49990515003322733,9.800024109868318e-27,9.800024109868318e-27,0.0,monotone,0.0,4.261663639852655e-31,nan,9.72,0.49989486001927547,3.944329648484109e-31,3.949022568782931e-31,4.692920298822586e-34,monotone,0.0,0.0,nan,10.0,0.49990515003322733,9.800024019559581e-27,9.800024019559581e-27,0.0,monotone
relu,0.0002,0.001,E2_grid,iso,0.01,3.0,1.8,2000,False,0,0.12,10.0,200,E2_grid__relu__mu3-1.8_sd0.12__h200_eps1.00e-03_iso__s0__dt0.0002__89fb8d5c01,10.0,0.0004946861367537978,-8.853342338755506e-07,0.4999708341683231,0,90,0,91,0,95,0,96,10,109,10,280,181,539,0.0,0.0,nan,10.0,0.4999513105463105,1.2360692355299115e-05,1.2360692355299115e-05,0.0,monotone,0.0,0.0,nan,10.0,0.499951310667645,1.2391169043726398e-05,1.2391169043726398e-05,0.0,monotone,0.005153257614743112,0.005362807035053319,4.5600000000000005,4.5600000000000005,0.49995832648864963,0.4845733116654104,0.4899361187004637,0.005362807035053319,persistent,0.00306361420616047,0.0031389490904206174,4.26,4.26,0.4999387980139392,0.4940242788301066,0.4971632279205272,0.0031389490904206174,persistent,3.0406872564402548e-05,3.111561370207958e-05,1.84,3.71,0.4999520507943429,3.0262912306762355e-08,4.830993840375592e-07,4.5283647173079687e-07,other,2.7030166333733263e-05,2.7164451181883266e-05,4.86,4.8500000000000005,0.49994953135594317,1.4877371684239847e-05,3.159721957908112e-05,1.6719847894841276e-05,other,2.226417330386532e-05,2.2285447194014818e-05,2.12,2.13,0.49993976033462195,0.4999332175064734,0.4999547175729042,2.1500066430812925e-05,other,0.0030776663565151297,0.003111295391114266,4.15,4.15,0.49995866264611,0.4964123762911964,0.49952367168231065,0.003111295391114266,persistent
relu,0.0002,0.001,E2_grid,iso,0.01,3.0,1.8,2000,False,1,0.12,10.0,200,E2_grid__relu__mu3-1.8_sd0.12__h200_eps1.00e-03_iso__s1__dt0.0002__4d58a94b5c,10.0,0.0004999137188804343,-9.202165983876204e-07,0.4999762146981084,0,88,0,88,0,91,0,92,8,110,8,282,181,539,0.0,0.0,nan,10.0,0.4999524789838946,1.0569943305044636e-05,1.0569943305044636e-05,0.0,monotone,0.0,0.0,nan,10.0,0.49995247810926813,1.0556817669613248e-05,1.0556817669613248e-05,0.0,monotone,0.0055119869838439195,0.005726608819504653,4.54,4.54,0.49994502486229775,0.4848093859656863,0.49053599478519094,0.005726608819504653,persistent,0.0035601114591656824,0.003648399880886166,4.21,4.21,0.49995715487424097,0.4938117529496129,0.49746015283049905,0.003648399880886166,persistent,3.0644372752161345e-05,3.131853688741429e-05,1.83,3.67,0.4999492616195273,3.7415940052552826e-08,5.111796280599567e-07,4.737636880074038e-07,other,4.2024929652742757e-05,4.227252596285548e-05,4.78,4.7700000000000005,0.49994750361329615,2.6542215038066947e-05,3.167283600578341e-05,5.130620967716463e-06,other,1.210339514107206e-05,1.2135383682110312e-05,3.65,3.65,0.49995749402918027,0.49995261600659974,0.49996475139028185,1.2135383682110312e-05,other,0.002913075365277351,0.002930245613229243,4.1,4.1,0.49994574580132856,0.4967155238244323,0.49964576943766154,0.002930245613229243,persistent
relu,0.0002,0.001,E2_grid,iso,0.01,3.0,1.8,2000,False,2,0.12,10.0,200,E2_grid__relu__mu3-1.8_sd0.12__h200_eps1.00e-03_iso__s2__dt0.0002__b3a1187fcb,10.0,0.0005682756629915564,-1.050281628237927e-06,0.49997064064342567,1,110,1,111,8,118,8,120,38,132,43,301,181,539,0.0,0.0,nan,10.0,0.4999473739756293,1.5185008390830292e-05,1.5185008390830292e-05,0.0,monotone,0.0,0.0,nan,10.0,0.4999473673536554,1.530535354656903e-05,1.530535354656903e-05,0.0,monotone,0.006453292931540344,0.006714281382427245,4.58,4.58,0.4999536132612047,0.48085155199740737,0.4875658333798346,0.006714281382427245,persistent,0.00363001924914258,0.0037154108675067077,4.3100000000000005,4.3100000000000005,0.49994615015643123,0.49314791096218813,0.49686332182969484,0.0037154108675067077,persistent,5.5693176931144564e-05,5.659331755141804e-05,1.83,3.77,0.4999512275089187,1.3268990829220092e-08,5.893255325306402e-07,5.760565417014201e-07,other,4.004271802541966e-05,4.0137024551725865e-05,5.03,5.0200000000000005,0.4999495251583495,1.981849587972829e-06,3.493220732887448e-05,3.295035774090165e-05,other,2.5599662517472588e-05,2.5728158500437637e-05,3.56,3.5500000000000003,0.49994611106999565,0.49993947575289127,0.4999652039113917,2.5728158500437637e-05,other,0.0046390579743419424,0.004695291319142592,4.23,4.23,0.4999531412918823,0.49461270785990435,0.49930799917904695,0.004695291319142592,persistent
relu,0.0002,0.001,E2_grid,iso,0.01,3.0,1.8,2000,False,3,0.12,10.0,200,E2_grid__relu__mu3-1.8_sd0.12__h200_eps1.00e-03_iso__s3__dt0.0002__47c8dbd119,10.0,0.0005885260047988555,-1.0797600489645962e-06,0.49997715324707315,0,101,0,102,4,104,4,104,12,121,12,246,181,539,0.0,0.0,nan,10.0,0.49994103695498276,1.5216561718440946e-05,1.5216561718440946e-05,0.0,monotone,0.0,0.0,nan,10.0,0.4999410392363217,1.5188263571117447e-05,1.5188263571117447e-05,0.0,monotone,0.0062839124580229555,0.0065388920293013575,4.58,4.58,0.4999497682129671,0.48261389010364575,0.4891527821329471,0.0065388920293013575,persistent,0.003843101928964643,0.0039398931139660864,4.28,4.28,0.4999604683402302,0.49330770919397143,0.4972476023079375,0.0039398931139660864,persistent,4.337602860198848e-05,4.404732829178642e-05,1.81,3.71,0.49994421327174854,8.898650014451069e-09,6.037293955439662e-07,5.948307455295152e-07,other,3.8861012719528596e-05,3.913579475064463e-05,4.79,4.79,0.4999452233201762,1.884954248596795e-05,3.894957770467244e-05,2.010003521870449e-05,other,2.2605223129135155e-05,2.267156398755299e-05,3.46,3.47,0.4999604406796341,0.4999517564903386,0.4999744280543261,2.267156398755299e-05,other,0.0037123873406931795,0.003761740090484189,4.18,4.17,0.49995012783447546,0.49567651986562655,0.49943825995611074,0.003761740090484189,persistent
relu,0.0002,0.001,E2_grid,iso,0.01,3.0,1.8,2000,False,4,0.12,10.0,200,E2_grid__relu__mu3-1.8_sd0.12__h200_eps1.00e-03_iso__s4__dt0.0002__981f552ce6,10.0,0.00055130852918419,-1.0069673869688269e-06,0.4999778078652639,0,104,0,105,4,108,4,108,12,127,12,262,181,539,0.0,0.0,nan,10.0,0.49994574088504257,1.3023721522623307e-05,1.3023721522623307e-05,0.0,monotone,0.0,0.0,nan,10.0,0.49994574135947933,1.3068225904081102e-05,1.3068225904081102e-05,0.0,monotone,0.006181471888009049,0.00642640648310161,4.58,4.58,0.4999571697542683,0.4820996659842075,0.4885260724673091,0.00642640648310161,persistent,0.004018672785752575,0.004117153457243838,4.21,4.21,0.49994838689903426,0.4931951926103786,0.4973123460676224,0.004117153457243838,persistent,4.4107712242371435e-05,4.49289354332217e-05,1.81,3.7,0.4999456779836631,3.197136068307927e-08,5.89515821488592e-07,5.575444608055127e-07,other,4.472127547346231e-05,4.486372395287329e-05,4.9,4.89,0.49994733444606904,6.261591653103359e-06,2.8856486540604354e-05,2.2594894887500996e-05,other,2.8498557674894176e-05,2.852702285616182e-05,2.29,2.3000000000000003,0.49994917927873034,0.49994177847652493,0.4999702838417444,2.8505365219477774e-05,other,0.0038892018837011766,0.003947156632553572,4.18,4.18,0.4999578133595181,0.4954086178439438,0.49935577447649737,0.003947156632553572,persistent
relu,0.0002,0.001,E2_grid,iso,0.01,3.0,1.8,2000,False,0,0.15,10.0,200,E2_grid__relu__mu3-1.8_sd0.15__h200_eps1.00e-03_iso__s0__dt0.0002__8d20a68e79,10.0,0.0007152547126994145,-1.203565043961458e-06,0.4999707966747451,0,90,0,91,0,94,0,95,9,106,9,276,181,539,0.0,0.0,nan,10.0,0.4999513105463105,1.3200174543513168e-05,1.3200174543513168e-05,0.0,monotone,0.0,0.0,nan,10.0,0.4999513106979495,1.3241642324716811e-05,1.3241642324716811e-05,0.0,monotone,0.006593512768101939,0.006835529565311582,4.47,4.47,0.49995832648864963,0.4846403093334508,0.4914758388987624,0.006835529565311582,persistent,0.0045212239159143075,0.00463515225627914,4.13,4.13,0.4999387980139392,0.49441812804438645,0.4990532803006656,0.00463515225627914,persistent,2.2433460529214244e-05,2.3344306095502554e-05,1.85,3.69,0.4999520507943429,9.916031270200475e-08,7.353410795208377e-07,6.361807668188329e-07,other,3.3157853204618895e-05,3.341344792178817e-05,4.75,4.74,0.49994953135594317,3.8636891060921914e-05,4.076426328550349e-05,2.1273722245815764e-06,other,2.5289871733114033e-05,2.5311061163713067e-05,1.8900000000000001,1.9100000000000001,0.49993976033462195,0.49993456887414495,0.4999593002671431,2.4731392998134094e-05,other,0.00315782186699598,0.0031804225996692748,4.09,4.09,0.49995866264611,0.49640346225701976,0.49958388485668903,0.0031804225996692748,persistent
relu,0.0002,0.001,E2_grid,iso,0.01,3.0,1.8,2000,False,1,0.15,10.0,200,E2_grid__relu__mu3-1.8_sd0.15__h200_eps1.00e-03_iso__s1__dt0.0002__137df56beb,10.0,0.0007223528027794383,-1.2425121023663032e-06,0.49997593317829114,0,88,0,89,0,91,0,91,8,104,8,274,181,539,0.0,0.0,nan,10.0,0.4999524789838946,1.165679125991444e-05,1.165679125991444e-05,0.0,monotone,0.0,0.0,nan,10.0,0.4999524778900327,1.1638357044626279e-05,1.1638357044626279e-05,0.0,monotone,0.007056880992195147,0.007311378801531654,4.45,4.45,0.49994502486229775,0.48506891098946986,0.4923802897910015,0.007311378801531654,persistent,0.0052486180961027196,0.005366518476413562,4.09,4.09,0.49995715487424097,0.49425949063257774,0.4996260091089913,0.005366518476413562,persistent,2.2540057485607377e-05,2.3334110736782635e-05,1.83,3.65,0.4999492616195273,1.1285941033712354e-07,7.951885884441724e-07,6.823291781070488e-07,other,4.282090738043239e-05,4.318810203046423e-05,4.67,10.0,0.49994750361329615,3.856581381515711e-05,3.856581381515711e-05,0.0,other,1.6202761014771916e-05,1.6225097455191406e-05,1.71,1.71,0.49995749402918027,0.4999541999213589,0.4999700487119018,1.5848790542893898e-05,other,0.0027904274423633524,0.0027992359144656254,4.03,4.03,0.49994574580132856,0.49684382727518256,0.4996430631896482,0.0027992359144656254,persistent
relu,0.0002,0.001,E2_grid,iso,0.01,3.0,1.8,2000,False,2,0.15,10.0,200,E2_grid__relu__mu3-1.8_sd0.15__h200_eps1.00e-03_iso__s2__dt0.0002__0cb042b8ed,10.0,0.0008029279481491638,-1.3820373305086604e-06,0.4999707889309377,0,108,0,109,7,113,7,114,14,127,14,295,181,539,0.0,0.0,nan,10.0,0.4999473739756293,1.5685526799108408e-05,1.5685526799108408e-05,0.0,monotone,0.0,0.0,nan,10.0,0.4999473657041368,1.5844262621658045e-05,1.5844262621658045e-05,0.0,monotone,0.008168837956209152,0.008478282083436595,4.49,4.49,0.4999536132612047,0.48079501525018703,0.4892732973336236,0.008478282083436595,persistent,0.005139352889513449,0.005258404017164764,4.18,4.18,0.49994615015643123,0.49360430620828777,0.49886271022545253,0.005258404017164764,persistent,4.3368566300020205e-05,4.446415401049075e-05,1.84,3.74,0.4999512275089187,6.929195066694235e-08,8.914711535920575e-07,8.221792029251152e-07,other,6.023306392225178e-05,6.042241019534965e-05,4.84,4.83,0.4999495251583495,9.99605671821785e-06,4.566212056220276e-05,3.5666063843984916e-05,other,2.6883408445810275e-05,2.6897718190088682e-05,1.8,1.8,0.49994611106999565,0.4999427499304699,0.49996961531189354,2.6865381423657464e-05,other,0.004846537222616354,0.004885138985384063,4.16,4.16,0.4999531412918823,0.4945276648140895,0.49941280379947356,0.004885138985384063,persistent
relu,0.0002,0.001,E2_grid,iso,0.01,3.0,1.8,2000,False,3,0.15,10.0,200,E2_grid__relu__mu3-1.8_sd0.15__h200_eps1.00e-03_iso__s3__dt0.0002__f6c56f09ad,10.0,0.0008366916686488879,-1.4419996395215792e-06,0.4999776745852955,0,101,0,102,1,104,1,105,11,120,11,250,181,539,0.0,0.0,nan,10.0,0.49994103695498276,1.610431351951512e-05,1.610431351951512e-05,0.0,monotone,0.0,0.0,nan,10.0,0.4999410398065864,1.60661690555462e-05,1.60661690555462e-05,0.0,monotone,0.007969983508626322,0.008251791488485039,4.49,4.49,0.4999497682129671,0.4828317570208448,0.49108354850932984,0.008251791488485039,persistent,0.00548509761450916,0.005606272133249157,4.15,4.15,0.4999604683402302,0.4937933913656717,0.49939966349892084,0.005606272133249157,persistent,3.3507231832304144e-05,3.4465907250901266e-05,1.82,3.68,0.49994421327174854,5.733171592907711e-08,9.086049601112249e-07,8.512732441821478e-07,other,4.919764242055697e-05,4.961802041154176e-05,4.69,4.69,0.4999452233201762,5.021295305718944e-05,5.081154525022454e-05,5.985921930350981e-07,other,2.191454535832582e-05,2.193391857552296e-05,1.9000000000000001,1.9000000000000001,0.4999604406796341,0.4999551639361021,0.4999769891285374,2.182519243526526e-05,other,0.003770599650798845,0.003799357695908334,4.11,4.11,0.49995012783447546,0.4957367817735,0.49953613946940834,0.003799357695908334,persistent
relu,0.0002,0.001,E2_grid,iso,0.01,3.0,1.8,2000,False,4,0.15,10.0,200,E2_grid__relu__mu3-1.8_sd0.15__h200_eps1.00e-03_iso__s4__dt0.0002__f3de432644,10.0,0.0007842002616140545,-1.3312830420892556e-06,0.4999776607927515,0,102,0,102,3,105,4,106,10,118,10,260,181,539,0.0,0.0,nan,10.0,0.49994574088504257,1.3894271004703292e-05,1.3894271004703292e-05,0.0,monotone,0.0,0.0,nan,10.0,0.4999457414775508,1.3954801596559242e-05,1.3954801596559242e-05,0.0,monotone,0.007820969374341236,0.008119592863411962,4.48,4.48,0.4999571697542683,0.48222629044051846,0.4903458833039304,0.008119592863411962,persistent,0.0057169155946248384,0.005831876618433263,4.09,4.09,0.49994838689903426,0.49372801853379333,0.4995598951522266,0.005831876618433263,persistent,3.2685051016430436e-05,3.358531643081784e-05,1.82,3.67,0.4999456779836631,1.1009522322840927e-07,8.707627087425872e-07,7.60667485514178e-07,other,5.983024291564024e-05,6.01331729602313e-05,4.73,4.72,0.49994733444606904,2.4213959224552307e-05,4.2477257096246493e-05,1.8263297871694186e-05,other,2.9501815846655344e-05,2.952676774686802e-05,2.04,2.05,0.49994917927873034,0.49994370001103283,0.49997284917579565,2.914916476282059e-05,other,0.004039705561160123,0.004085495080368429,4.11,4.1,0.4999578133595181,0.49543594013923087,0.4995214352195993,0.004085495080368429,persistent
relu,0.0002,0.001,E2_grid,iso,0.01,3.0,1.8,2000,False,0,0.18,10.0,200,E2_grid__relu__mu3-1.8_sd0.18__h200_eps1.00e-03_iso__s0__dt0.0002__f11c9ecc92,10.0,0.0009898446353603814,-1.5864959494202389e-06,0.49997079988611404,0,92,0,93,0,96,0,97,8,112,9,280,181,539,0.0,0.0,nan,10.0,0.4999513105463105,1.4331502932297646e-05,1.4331502932297646e-05,0.0,monotone,0.0,0.0,nan,10.0,0.4999513107282875,1.4386644920678189e-05,1.4386644920678189e-05,0.0,monotone,0.007920060226971615,0.00818275662994361,4.4,4.4,0.49995832648864963,0.48462135329348077,0.4928041099234244,0.00818275662994361,persistent,0.005070841401734749,0.005079726737073409,4.0200000000000005,4.0200000000000005,0.4999387980139392,0.4947571277658497,0.4998368545029231,0.005079726737073409,persistent,1.8538403805027055e-05,1.879460840507672e-05,3.67,3.66,0.4999520507943429,2.2526904323520967e-07,1.0916692708072937e-06,8.664002275720841e-07,other,3.522747060845755e-05,3.563000685623633e-05,4.66,10.0,0.49994953135594317,5.015138919996897e-05,5.015138919996897e-05,0.0,other,2.803086017233447e-05,2.8042308132913973e-05,1.76,1.75,0.49993976033462195,0.49993514495048114,0.4999628441785297,2.7699228048572166e-05,other,0.0032097876922421165,0.003228179615877902,4.04,4.04,0.49995866264611,0.4963826434433579,0.4996108230592358,0.003228179615877902,persistent
relu,0.0002,0.001,E2_grid,iso,0.01,3.0,1.8,2000,False,1,0.18,10.0,200,E2_grid__relu__mu3-1.8_sd0.18__h200_eps1.00e-03_iso__s1__dt0.0002__99574705fc,10.0,0.001002273816797388,-1.6288894460526632e-06,0.4999754800089704,0,90,0,91,0,94,0,94,7,111,7,279,181,539,0.0,0.0,nan,10.0,0.4999524789838946,1.299641803002037e-05,1.299641803002037e-05,0.0,monotone,0.0,0.0,nan,10.0,0.4999524776705654,1.29712588272875e-05,1.29712588272875e-05,0.0,monotone,0.008527380008507113,0.008776052771402865,4.37,4.37,0.49994502486229775,0.48521196082452733,0.4939880135959302,0.008776052771402865,persistent,0.005239251425564362,0.00524406709072589,3.98,3.98,0.49995715487424097,0.49462750655127485,0.49987157364200074,0.00524406709072589,persistent,1.96790356409596e-05,1.9941709590878085e-05,3.63,3.63,0.4999492616195273,2.565313898914541e-07,1.154704411800778e-06,8.981730219093238e-07,other,3.3994767420608696e-05,3.443958097899759e-05,4.61,10.0,0.49994750361329615,4.626975536220203e-05,4.626975536220203e-05,0.0,other,1.7351788433095372e-05,1.737455991629444e-05,1.61,1.61,0.49995749402918027,0.49995444041772,0.4999705974539034,1.6157036183350737e-05,other,0.002677506789824091,0.0026885803071856063,3.97,3.97,0.49994574580132856,0.4969333614807856,0.4996219417879712,0.0026885803071856063,persistent
relu,0.0002,0.001,E2_grid,iso,0.01,3.0,1.8,2000,False,2,0.18,10.0,200,E2_grid__relu__mu3-1.8_sd0.18__h200_eps1.00e-03_iso__s2__dt0.0002__e923ce3568,10.0,0.0010920694546548832,-1.7683595739202002e-06,0.4999710755387383,0,109,0,110,6,113,6,114,14,128,15,295,181,539,0.0,0.0,nan,10.0,0.4999473739756293,1.6642721405129384e-05,1.6642721405129384e-05,0.0,monotone,0.0,0.0,nan,10.0,0.499947364057022,1.6849522166660734e-05,1.6849522166660734e-05,0.0,monotone,0.009755145418720024,0.010084087450744794,4.42,4.41,0.4999536132612047,0.4807281777484844,0.4908122651992292,0.010084087450744794,persistent,0.0058481391454460185,0.0058552718636492584,4.07,4.07,0.49994615015643123,0.4939918055835326,0.4998470774471819,0.0058552718636492584,persistent,3.2237084251495276e-05,3.386259622875561e-05,1.84,3.71,0.4999512275089187,1.8784200541412797e-07,1.2885039555720584e-06,1.1006619501579305e-06,other,7.973061513604824e-05,8.007019373143081e-05,4.71,4.7,0.4999495251583495,2.6544803205839203e-05,5.5526083200519374e-05,2.898127999468017e-05,other,2.7054092392730933e-05,2.7069288037806505e-05,1.68,1.67,0.49994611106999565,0.4999432586502133,0.4999702353960025,2.6976745789220047e-05,other,0.004945908515108788,0.004967694509680487,4.1,4.1,0.4999531412918823,0.49447652232546463,0.4994442168351451,0.004967694509680487,persistent
relu,0.0002,0.001,E2_grid,iso,0.01,3.0,1.8,2000,False,3,0.18,10.0,200,E2_grid__relu__mu3-1.8_sd0.18__h200_eps1.00e-03_iso__s3__dt0.0002__6960cdefeb,10.0,0.0011389411698059062,-1.8620516411718517e-06,0.49997802559900606,0,105,0,106,1,109,1,110,10,127,11,266,181,539,0.0,0.0,nan,10.0,0.49994103695498276,1.736964147084734e-05,1.736964147084734e-05,0.0,monotone,0.0,0.0,nan,10.0,0.49994104037682296,1.731924902482475e-05,1.731924902482475e-05,0.0,monotone,0.009376829331536995,0.009658352237599033,4.41,4.41,0.4999497682129671,0.4829850360737905,0.49264338831138954,0.009658352237599033,persistent,0.0056679781560443065,0.005676708607685876,4.04,4.04,0.4999604683402302,0.49421439263513517,0.49989110124282105,0.005676708607685876,persistent,2.483500100293088e-05,2.5921935673516136e-05,1.82,3.65,0.49994421327174854,1.6753471504456497e-07,1.3049615665285527e-06,1.1374268514839879e-06,other,5.297626509301071e-05,5.3570637642331735e-05,4.61,10.0,0.4999452233201762,6.132664899105819e-05,6.132664899105819e-05,0.0,other,2.1431629433410482e-05,2.1457247401990287e-05,1.76,1.77,0.4999604406796341,0.4999556140711044,0.49997591731586627,2.0303244761876726e-05,other,0.0037563958957543275,0.0037760897624001255,4.0600000000000005,4.05,0.49995012783447546,0.4957859296811738,0.4995620194435739,0.0037760897624001255,persistent
relu,0.0002,0.001,E2_grid,iso,0.01,3.0,1.8,2000,False,4,0.18,10.0,200,E2_grid__relu__mu3-1.8_sd0.18__h200_eps1.00e-03_iso__s4__dt0.0002__4152ce1b48,10.0,0.001076172093413427,-1.7135784903014265e-06,0.4999773538173713,0,103,0,104,2,108,3,108,10,122,10,269,181,539,0.0,0.0,nan,10.0,0.49994574088504257,1.5105401503822572e-05,1.5105401503822572e-05,0.0,monotone,0.0,0.0,nan,10.0,0.4999457415954076,1.5186060150471153e-05,1.5186060150471153e-05,0.0,monotone,0.009489165412250311,0.009803916418370195,4.39,4.39,0.4999571697542683,0.48225549428420783,0.492059410702578,0.009803916418370195,persistent,0.005703490926485033,0.005710591693769529,3.98,3.98,0.49994838689903426,0.4941689635079321,0.49987955520170163,0.005710591693769529,persistent,2.3202317478230526e-05,2.4309795415306294e-05,1.83,3.64,0.4999456779836631,2.5286814464685164e-07,1.2503753477169752e-06,9.975072030701235e-07,other,6.72299001161553e-05,6.765680314467103e-05,4.62,10.0,0.49994733444606904,5.3608461164251086e-05,5.3608461164251086e-05,0.0,other,3.0246388440291483e-05,3.026470263545189e-05,1.85,1.82,0.49994917927873034,0.4999444472535183,0.4999735572666949,2.9110013176625316e-05,other,0.004093035019138824,0.004118853098408537,4.04,4.04,0.4999578133595181,0.49545762733095416,0.4995764804293627,0.004118853098408537,persistent
relu,0.0002,0.001,E2_grid,iso,0.01,3.0,2.2,2000,False,0,0.12,10.0,200,E2_grid__relu__mu3-2.2_sd0.12__h200_eps1.00e-03_iso__s0__dt0.0002__7eb234c9d5,10.0,0.0002994032273942762,-5.880792238497994e-07,0.49997072308721613,1,117,2,117,10,120,14,120,67,126,72,297,181,539,0.0,0.0,nan,10.0,0.49995133586411356,3.627296774765321e-06,3.627296774765321e-06,0.0,monotone,0.0,0.0,nan,10.0,0.49995133615785464,3.6350762188087946e-06,3.6350762188087946e-06,0.0,monotone,0.009415575581259272,0.00963154307022307,3.13,3.13,0.49995832648864963,0.481041243279984,0.49067278635020706,0.00963154307022307,persistent,0.005322026029843274,0.005408657949932227,2.99,2.98,0.4999387980139392,0.49153929804251417,0.4969479559924464,0.005408657949932227,persistent,2.99450964582413e-05,3.059113355962974e-05,2.65,2.64,0.4999520507943429,1.2749275391179064e-08,4.17417678770185e-07,4.0466840337900596e-07,other,2.7108237732291357e-05,2.723500367160462e-05,3.39,3.39,0.49994953135594317,1.3764294559009863e-06,9.845752369064376e-06,8.46932291316339e-06,other,0.0004137601866654461,0.00041583424123115,2.52,2.52,0.49993976033462195,0.4995343254647858,0.4999498805951306,0.0004155551303448024,persistent,0.004904356806483934,0.004916253819625516,2.89,2.89,0.49995866264611,0.49491422243730615,0.49983047625693167,0.004916253819625516,persistent
relu,0.0002,0.001,E2_grid,iso,0.01,3.0,2.2,2000,False,1,0.12,10.0,200,E2_grid__relu__mu3-2.2_sd0.12__h200_eps1.00e-03_iso__s1__dt0.0002__ca540965cc,10.0,0.0003033651226418737,-5.850148247268905e-07,0.4999760005212579,3,116,4,117,6,119,6,119,57,128,63,299,181,539,0.0,0.0,nan,10.0,0.49995261489668713,2.8948463496631892e-06,2.8948463496631892e-06,0.0,monotone,0.0,0.0,nan,10.0,0.4999526148182448,2.892580949512595e-06,2.892580949512595e-06,0.0,monotone,0.010184632643152058,0.010397787005948678,3.1,3.1,0.49994502486229775,0.48098374676780425,0.49138153377375293,0.010397787005948678,persistent,0.0059865230327111885,0.006086931552083674,2.96,2.96,0.49995715487424097,0.49122875331519855,0.4973156848672822,0.006086931552083674,persistent,3.2534659859932575e-05,3.329189668520916e-05,2.62,2.62,0.4999492616195273,5.866231440677154e-09,4.295374044012769e-07,4.2367117296059973e-07,other,4.483261750336127e-05,4.5059661542546014e-05,3.33,3.3200000000000003,0.49994750361329615,2.5985924421982086e-06,7.515470765677492e-06,4.916878323479283e-06,other,0.0003881670403583781,0.00039052351576240873,2.5,2.5100000000000002,0.49995749402918027,0.499569731491378,0.4999602550071404,0.00039052351576240873,persistent,0.004644759345136584,0.004652356312674744,2.86,2.86,0.49994574580132856,0.4951656400835346,0.49981799639620933,0.004652356312674744,persistent
relu,0.0002,0.001,E2_grid,iso,0.01,3.0,2.2,2000,False,2,0.12,10.0,200,E2_grid__relu__mu3-2.2_sd0.12__h200_eps1.00e-03_iso__s2__dt0.0002__ec31000ec1,10.0,0.0003298540295417931,-6.630636116464173e-07,0.49997072659064656,48,153,50,153,76,156,77,156,116,163,118,332,181,539,6.576550872368472e-06,8.024837544869887e-06,3.0500000000000003,10.0,0.49994714655299355,3.959445288643501e-06,3.959445288643501e-06,0.0,other,6.761021814647648e-06,8.256650851328314e-06,3.0500000000000003,10.0,0.4999471426821229,3.985683550743774e-06,3.985683550743774e-06,0.0,other,0.011946526385460454,0.012208623276796615,3.13,3.13,0.4999536132612047,0.47662234370278217,0.4888309669795788,0.012208623276796615,persistent,0.006280096048419115,0.00637740370232287,3.02,3.0100000000000002,0.49994615015643123,0.4902622211405118,0.4966396248428347,0.00637740370232287,persistent,3.2305236324894146e-05,3.2879882632215133e-05,2.74,2.74,0.4999512275089187,4.27924288122408e-09,5.013428448970722e-07,4.970636020158482e-07,other,3.029766566891629e-05,3.0381186837109504e-05,3.65,3.65,0.4999495251583495,8.29565199143813e-10,1.025355010197058e-05,1.0252720536771435e-05,other,0.0007600810071023978,0.0007628537519215883,2.61,2.61,0.49994611106999565,0.4991977718387232,0.4999606255906448,0.0007628537519215883,persistent,0.007019279256801569,0.00703100773355092,2.93,2.93,0.4999531412918823,0.4927260038418837,0.4997570115754346,0.00703100773355092,persistent
relu,0.0002,0.001,E2_grid,iso,0.01,3.0,2.2,2000,False,3,0.12,10.0,200,E2_grid__relu__mu3-2.2_sd0.12__h200_eps1.00e-03_iso__s3__dt0.0002__d792de54b9,10.0,0.0003447755387879559,-6.780864588731513e-07,0.4999779288608437,16,129,19,129,52,132,54,132,96,138,99,260,181,539,0.0,0.0,nan,10.0,0.49994069189486423,4.259432008108924e-06,4.259432008108924e-06,0.0,monotone,0.0,0.0,nan,10.0,0.4999406935539955,4.252202110158966e-06,4.252202110158966e-06,0.0,monotone,0.010953599690566307,0.011199598670790234,3.12,3.12,0.4999497682129671,0.47936504284478243,0.49056464151557266,0.011199598670790234,persistent,0.006235058347876743,0.006339350241113262,3.0,3.0,0.4999604683402302,0.49083270260291567,0.49717205284402893,0.006339350241113262,persistent,3.337915564248885e-05,3.405730417985862e-05,2.67,2.66,0.49994421327174854,1.1315990365163183e-08,5.121589925149136e-07,5.008430021497504e-07,other,3.442333595222119e-05,3.471989205840412e-05,3.34,3.34,0.4999452233201762,1.8496250638546001e-06,1.1682256189769122e-05,9.832631125914522e-06,other,0.0005627115581809949,0.0005649295423065803,2.56,2.56,0.4999604406796341,0.4994078206160539,0.49997275015836046,0.0005649295423065803,persistent,0.00558846294828963,0.005600947231809983,2.88,2.88,0.49995012783447546,0.494211516177832,0.49981246340964197,0.005600947231809983,persistent
relu,0.0002,0.001,E2_grid,iso,0.01,3.0,2.2,2000,False,4,0.12,10.0,200,E2_grid__relu__mu3-2.2_sd0.12__h200_eps1.00e-03_iso__s4__dt0.0002__f9f55eb3de,10.0,0.0003390226265989778,-6.535500234657737e-07,0.4999776594615355,21,146,24,146,54,150,56,150,97,157,100,289,181,539,0.0,0.0,nan,10.0,0.4999457730045308,3.503875662018695e-06,3.503875662018695e-06,0.0,monotone,0.0,0.0,nan,10.0,0.4999457731790624,3.5126577125709017e-06,3.5126577125709017e-06,0.0,monotone,0.011654832733111908,0.011904666034738443,3.13,3.13,0.4999571697542683,0.47767966626660513,0.48958433230134357,0.011904666034738443,persistent,0.006940470087468731,0.007054710677526221,2.95,2.95,0.49994838689903426,0.49006576811452135,0.49712047879204757,0.007054710677526221,persistent,3.6608822107744096e-05,3.738131100197686e-05,2.68,2.67,0.4999456779836631,1.5374486083939303e-08,5.019363253837885e-07,4.865618392998491e-07,other,3.4650635773852464e-05,3.471753006172348e-05,3.52,3.52,0.49994733444606904,7.936828331851458e-08,1.0060088003182231e-05,9.980719719863716e-06,other,0.0006539244906129671,0.000657056049291227,2.5500000000000003,2.5500000000000003,0.49994917927873034,0.4993089054582323,0.49996596150752354,0.000657056049291227,persistent,0.006352303112609259,0.006362766336460823,2.9,2.9,0.4999578133595181,0.49347636101823533,0.49983912735469616,0.006362766336460823,persistent
relu,0.0002,0.001,E2_grid,iso,0.01,3.0,2.2,2000,False,0,0.15,10.0,200,E2_grid__relu__mu3-2.2_sd0.15__h200_eps1.00e-03_iso__s0__dt0.0002__17069376ca,10.0,0.00043714616332138237,-7.966713926145291e-07,0.4999707048480104,0,113,0,113,6,114,6,115,39,123,47,293,181,539,0.0,0.0,nan,10.0,0.49995133586411356,3.946147060403947e-06,3.946147060403947e-06,0.0,monotone,0.0,0.0,nan,10.0,0.49995133623155247,3.956983893194734e-06,3.956983893194734e-06,0.0,monotone,0.011601502022911492,0.011843355961197788,3.08,3.08,0.49995832648864963,0.48104688411952246,0.49289024008072024,0.011843355961197788,persistent,0.007082978570743748,0.0071938235528696826,2.92,2.92,0.4999387980139392,0.49188311933804785,0.49907694289091753,0.0071938235528696826,persistent,4.008229888602893e-05,4.1138704863070985e-05,2.57,2.57,0.4999520507943429,4.6253337443347535e-08,6.328648494231739e-07,5.866115119798264e-07,other,4.22184387916373e-05,4.25173427875752e-05,3.27,3.27,0.49994953135594317,5.733180233161317e-06,1.1984671864052927e-05,6.25149163089161e-06,other,0.00023065547180134427,0.00023258866260272848,2.44,2.44,0.49993976033462195,0.4997224669450018,0.49995483805818886,0.00023237111318707981,persistent,0.005006734399743917,0.005014090136799265,2.84,2.84,0.49995866264611,0.49483217632809057,0.49984626646488983,0.005014090136799265,persistent
relu,0.0002,0.001,E2_grid,iso,0.01,3.0,2.2,2000,False,1,0.15,10.0,200,E2_grid__relu__mu3-2.2_sd0.15__h200_eps1.00e-03_iso__s1__dt0.0002__b15f833019,10.0,0.00044887831468425456,-8.091303190006522e-07,0.49997598110081753,2,111,3,111,6,114,6,114,20,124,30,294,181,539,0.0,0.0,nan,10.0,0.49995261489668713,3.325763674014471e-06,3.325763674014471e-06,0.0,monotone,0.0,0.0,nan,10.0,0.4999526147983145,3.3224368350790494e-06,3.3224368350790494e-06,0.0,monotone,0.0124768347783763,0.012720852104869784,3.0500000000000003,3.0500000000000003,0.49994502486229775,0.4812181297260618,0.4939389818309316,0.012720852104869784,persistent,0.007904707553641588,0.007971518046452242,2.89,2.89,0.49995715487424097,0.4916392059384902,0.49961072398494244,0.007971518046452242,persistent,4.167151508289118e-05,4.280769652846607e-05,2.54,2.54,0.4999492616195273,4.2538485731334235e-08,6.707287508943244e-07,6.281902651629901e-07,other,6.798606016450941e-05,6.849897393327561e-05,3.21,10.0,0.49994750361329615,9.687022911451498e-06,9.687022911451498e-06,0.0,other,0.00018902586102920171,0.00019101152679318334,2.42,2.42,0.49995749402918027,0.49977663560867724,0.4999676471354704,0.00019101152679318334,persistent,0.004583332636992121,0.004591939391428379,2.81,2.81,0.49994574580132856,0.49523410631023496,0.49982604570166334,0.004591939391428379,persistent
relu,0.0002,0.001,E2_grid,iso,0.01,3.0,2.2,2000,False,2,0.15,10.0,200,E2_grid__relu__mu3-2.2_sd0.15__h200_eps1.00e-03_iso__s2__dt0.0002__5e25b281db,10.0,0.0004767743801239852,-8.737679716032246e-07,0.49997068787769194,32,141,34,141,59,145,63,145,101,154,104,322,181,539,0.0,0.0,nan,10.0,0.49994714655299355,4.2529878069384776e-06,4.2529878069384776e-06,0.0,monotone,0.0,0.0,nan,10.0,0.49994714172314425,4.289145594975959e-06,4.289145594975959e-06,0.0,monotone,0.014598836041598562,0.014893434735001931,3.0700000000000003,3.0700000000000003,0.4999536132612047,0.4764079841707699,0.49130141890577184,0.014893434735001931,persistent,0.00805322514099771,0.00817605778363445,2.95,2.95,0.49994615015643123,0.4906378927189101,0.49881395050254457,0.00817605778363445,persistent,4.473261413422009e-05,4.570570717792845e-05,2.66,2.66,0.4999512275089187,2.529400161370974e-08,7.674704561066757e-07,7.42176454492966e-07,other,4.9846555030667744e-05,5.0028965246344424e-05,3.44,3.43,0.4999495251583495,2.3441980708792588e-07,1.2214563077180738e-05,1.1980143270092811e-05,other,0.0005671961485272936,0.0005700049793058715,2.5500000000000003,2.5500000000000003,0.49994611106999565,0.49939761408269756,0.49996761906200343,0.0005700049793058715,persistent,0.007316195581115459,0.007326999005919155,2.88,2.88,0.4999531412918823,0.4924350657939414,0.4997620647998606,0.007326999005919155,persistent
relu,0.0002,0.001,E2_grid,iso,0.01,3.0,2.2,2000,False,3,0.15,10.0,200,E2_grid__relu__mu3-2.2_sd0.15__h200_eps1.00e-03_iso__s3__dt0.0002__07b9221e9b,10.0,0.0005013544069517987,-9.09513355837983e-07,0.49997787427383855,6,123,6,123,29,126,34,127,74,135,80,262,181,539,0.0,0.0,nan,10.0,0.49994069189486423,4.5963877417431105e-06,4.5963877417431105e-06,0.0,monotone,0.0,0.0,nan,10.0,0.499940693969146,4.586406661039212e-06,4.586406661039212e-06,0.0,monotone,0.013377171725455717,0.013638628497551264,3.06,3.06,0.4999497682129671,0.47941191517703735,0.4930505436745886,0.013638628497551264,persistent,0.008059430008361568,0.008161932372863168,2.93,2.93,0.4999604683402302,0.4911962867092636,0.49935821908212674,0.008161932372863168,persistent,4.488728411641577e-05,4.58956418784504e-05,2.59,2.59,0.49994421327174854,1.664400149453608e-08,7.704125784622235e-07,7.537685769676874e-07,other,5.441513170270892e-05,5.501397227947053e-05,3.22,3.22,0.4999452233201762,8.156643944524014e-06,1.4119567646312506e-05,5.962923701788492e-06,other,0.00037819171608077795,0.00038052610209482474,2.49,2.49,0.4999604406796341,0.4995957744544062,0.49997630055650105,0.00038052610209482474,persistent,0.005683898587705016,0.005693407212495172,2.83,2.83,0.49995012783447546,0.49413918101208293,0.4998325882245781,0.005693407212495172,persistent
relu,0.0002,0.001,E2_grid,iso,0.01,3.0,2.2,2000,False,4,0.15,10.0,200,E2_grid__relu__mu3-2.2_sd0.15__h200_eps1.00e-03_iso__s4__dt0.0002__975d4b74e7,10.0,0.0004938314947172803,-8.756491086280753e-07,0.49997763378974014,6,134,6,134,37,138,42,138,76,146,81,284,181,539,0.0,0.0,nan,10.0,0.4999457730045308,3.8960750582995005e-06,3.8960750582995005e-06,0.0,monotone,0.0,0.0,nan,10.0,0.49994577322253553,3.9085859781410936e-06,3.9085859781410936e-06,0.0,monotone,0.014273822199038999,0.014560533002733245,3.0700000000000003,3.0700000000000003,0.4999571697542683,0.4776724068809327,0.49223293988366595,0.014560533002733245,persistent,0.00887643847060171,0.00894494495496534,2.89,2.89,0.49994838689903426,0.49053995952378415,0.4994849044787495,0.00894494495496534,persistent,4.85628252284507e-05,4.975305102453762e-05,2.59,2.59,0.4999456779836631,2.7757482601206268e-08,7.470238433326522e-07,7.192663607314459e-07,other,5.7217492805638024e-05,5.744015866170593e-05,3.34,3.34,0.49994733444606904,1.1595417901414448e-06,1.2414455487579222e-05,1.1254913697437778e-05,other,0.00041954781265601815,0.0004223621525279442,2.48,2.48,0.49994917927873034,0.49954803571267875,0.49997021105591655,0.00042217534323779615,persistent,0.006490224146791568,0.006499995362578059,2.85,2.85,0.4999578133595181,0.4933525812015198,0.4998525765640979,0.006499995362578059,persistent
relu,0.0002,0.001,E2_grid,iso,0.01,3.0,2.2,2000,False,0,0.18,10.0,200,E2_grid__relu__mu3-2.2_sd0.18__h200_eps1.00e-03_iso__s0__dt0.0002__79cec57e13,10.0,0.0006106331403837606,-1.0462669503128645e-06,0.49997073072724163,0,110,0,110,15,113,15,114,20,124,28,294,181,539,0.0,0.0,nan,10.0,0.49995133586411356,4.354547756758272e-06,4.354547756758272e-06,0.0,monotone,0.0,0.0,nan,10.0,0.4999513363053557,4.3692612765068115e-06,4.3692612765068115e-06,0.0,monotone,0.013298693609995471,0.013533982309832382,3.0300000000000002,3.0300000000000002,0.49995832648864963,0.4811150017640528,0.4946489840738852,0.013533982309832382,persistent,0.0075803533760692154,0.0075975330561090515,2.86,2.86,0.4999387980139392,0.49218244353680224,0.4997799765929113,0.0075975330561090515,persistent,5.086337179640375e-05,5.2139270696945636e-05,2.5300000000000002,2.52,0.4999520507943429,1.3453126446297707e-07,9.262785350078168e-07,7.917472705448398e-07,other,5.751949177579263e-05,5.8015543602714125e-05,3.19,10.0,0.49994953135594317,1.4404457544331268e-05,1.4404457544331268e-05,0.0,other,9.370474375136606e-05,9.445280283332247e-05,2.38,2.38,0.49993976033462195,0.49986456659899253,0.499958974774909,9.440817591649386e-05,other,0.005004650164445179,0.0050135209323546315,2.81,2.81,0.49995866264611,0.49483611933057653,0.49984964026293116,0.0050135209323546315,persistent
relu,0.0002,0.001,E2_grid,iso,0.01,3.0,2.2,2000,False,1,0.18,10.0,200,E2_grid__relu__mu3-2.2_sd0.18__h200_eps1.00e-03_iso__s1__dt0.0002__5dbf5c8257,10.0,0.0006295052655101044,-1.076017168733694e-06,0.49997597754588696,2,111,2,111,12,115,12,116,18,126,18,296,181,539,0.0,0.0,nan,10.0,0.49995261489668713,3.8136410278322625e-06,3.8136410278322625e-06,0.0,monotone,0.0,0.0,nan,10.0,0.49995261477825587,3.8089520001165537e-06,3.8089520001165537e-06,0.0,monotone,0.014181178329346789,0.014388529775001824,3.0100000000000002,3.0100000000000002,0.49994502486229775,0.48150303874703176,0.4958915685220336,0.014388529775001824,persistent,0.007849479823159367,0.00785677935547685,2.84,2.83,0.49995715487424097,0.4919843888134463,0.49984116816892316,0.00785677935547685,persistent,5.2598493406916e-05,5.38970405798167e-05,2.5,2.5,0.4999492616195273,1.412477233100771e-07,9.621884535898632e-07,8.209407302797861e-07,other,8.834201060313842e-05,8.92679160910606e-05,3.13,10.0,0.49994750361329615,1.2371147143321315e-05,1.2371147143321315e-05,0.0,other,6.235319429365171e-05,6.308374726921029e-05,2.35,2.35,0.49995749402918027,0.4999063029797607,0.4999691084605408,6.280548078013704e-05,other,0.004444277814079911,0.004453819815033677,2.77,2.77,0.49994574580132856,0.4953821368414493,0.499835956656483,0.004453819815033677,persistent
relu,0.0002,0.001,E2_grid,iso,0.01,3.0,2.2,2000,False,2,0.18,10.0,200,E2_grid__relu__mu3-2.2_sd0.18__h200_eps1.00e-03_iso__s2__dt0.0002__70a3eb9cbc,10.0,0.0006636311980813223,-1.1286877174198837e-06,0.49997068263439814,16,137,20,137,54,138,58,139,85,151,90,317,181,539,0.0,0.0,nan,10.0,0.49994714655299355,4.668932591298141e-06,4.668932591298141e-06,0.0,monotone,0.0,0.0,nan,10.0,0.49994714076767244,4.717884392846448e-06,4.717884392846448e-06,0.0,monotone,0.01682590648980209,0.017140706942439243,3.02,3.02,0.4999536132612047,0.47634213126052055,0.4934828382029598,0.017140706942439243,persistent,0.008819218712145305,0.008831691913611772,2.89,2.89,0.49994615015643123,0.49096133590513014,0.4997930278187419,0.008831691913611772,persistent,5.6838439315304804e-05,5.823800629272742e-05,2.6,2.59,0.4999512275089187,6.469644925824967e-08,1.1004666583724777e-06,1.035770209114228e-06,other,7.348194451915127e-05,7.380753194431346e-05,3.3000000000000003,3.29,0.4999495251583495,1.7714266159589639e-06,1.4601912032478756e-05,1.2830485416519793e-05,other,0.00038154350641861345,0.0003841908164033403,2.48,2.48,0.49994611106999565,0.4995850643285981,0.49996918863174444,0.00038412430314632706,persistent,0.007440724185432734,0.007450654913720767,2.84,2.84,0.4999531412918823,0.4923050313370644,0.49975568625078515,0.007450654913720767,persistent
relu,0.0002,0.001,E2_grid,iso,0.01,3.0,2.2,2000,False,3,0.18,10.0,200,E2_grid__relu__mu3-2.2_sd0.18__h200_eps1.00e-03_iso__s3__dt0.0002__a5fe4bc66a,10.0,0.000702038671378205,-1.1943588261733532e-06,0.4999776453906293,5,121,6,121,18,124,24,125,53,135,62,268,181,539,0.0,0.0,nan,10.0,0.49994069189486423,5.051907160983694e-06,5.051907160983694e-06,0.0,monotone,0.0,0.0,nan,10.0,0.4999406943844431,5.038405808370629e-06,5.038405808370629e-06,0.0,monotone,0.015100158413363596,0.015349094790331141,3.02,3.0100000000000002,0.4999497682129671,0.4795435203703717,0.4948926151607028,0.015349094790331141,persistent,0.008315180679372536,0.008329160164441463,2.87,2.86,0.4999604683402302,0.4915154831612688,0.49984464332571027,0.008329160164441463,persistent,5.727639084989794e-05,5.8753775296420045e-05,2.5300000000000002,2.5300000000000002,0.49994421327174854,3.307009316719022e-08,1.0974777632665454e-06,1.064407670099355e-06,other,7.60593303784741e-05,7.69863769886656e-05,3.15,10.0,0.4999452233201762,1.6957986879769918e-05,1.6957986879769918e-05,0.0,other,0.0002084626007323731,0.00021055514797685415,2.42,2.42,0.4999604406796341,0.4997662202540286,0.4999762807463151,0.00021006049228650125,persistent,0.005663618046032659,0.0056736803320130424,2.8000000000000003,2.79,0.49995012783447546,0.49416584378709,0.49983952411910304,0.0056736803320130424,persistent
relu,0.0002,0.001,E2_grid,iso,0.01,3.0,2.2,2000,False,4,0.18,10.0,200,E2_grid__relu__mu3-2.2_sd0.18__h200_eps1.00e-03_iso__s4__dt0.0002__43cc0a9941,10.0,0.000688431034130854,-1.1447015721145455e-06,0.4999777793775877,6,130,7,130,19,133,24,133,53,143,62,286,181,539,0.0,0.0,nan,10.0,0.4999457730045308,4.3765998229621694e-06,4.3765998229621694e-06,0.0,monotone,0.0,0.0,nan,10.0,0.499945773265945,4.393924095285438e-06,4.393924095285438e-06,0.0,monotone,0.016440764407847863,0.016730100701189132,3.0100000000000002,3.0100000000000002,0.4999571697542683,0.4777856918487295,0.4945157925499186,0.016730100701189132,persistent,0.00887062489065793,0.008883103101313183,2.83,2.83,0.49994838689903426,0.4909565797949225,0.4998396828962357,0.008883103101313183,persistent,6.107529068864117e-05,6.272540864706307e-05,2.5300000000000002,2.5300000000000002,0.4999456779836631,1.1718911498369463e-07,1.061973163111039e-06,9.447840481273443e-07,other,8.296760133868537e-05,8.347878818261545e-05,3.22,3.21,0.49994733444606904,5.511537799372054e-06,1.518933089760528e-05,9.677793098233226e-06,other,0.00021784227017074276,0.0002201646917022182,2.41,2.41,0.49994917927873034,0.4997519421390983,0.49997179059869484,0.00021984845959654997,persistent,0.006491230785157287,0.00650138060351374,2.81,2.81,0.4999578133595181,0.49335544606251014,0.4998568266660239,0.00650138060351374,persistent
relu,0.0002,0.001,E2_grid,iso,0.01,3.0,2.0,2000,False,0,0.12,10.0,200,E2_grid__relu__mu3-2_sd0.12__h200_eps1.00e-03_iso__s0__dt0.0002__a5fa4c9c91,10.0,0.00038166286365649594,-7.25435358763665e-07,0.4999708077132823,0,103,0,104,3,108,4,109,14,116,16,287,181,539,0.0,0.0,nan,10.0,0.4999513208079791,6.768233778623385e-06,6.768233778623385e-06,0.0,monotone,0.0,0.0,nan,10.0,0.49995132098558714,6.7837771907258935e-06,6.7837771907258935e-06,0.0,monotone,0.00732172780973106,0.007539149727433747,3.74,3.74,0.49995832648864963,0.48287697946699093,0.4904161291944247,0.007539149727433747,persistent,0.0040930898237082625,0.0041730561501409635,3.54,3.54,0.4999387980139392,0.49291157524034956,0.49708463139049053,0.0041730561501409635,persistent,2.0407885312000558e-05,2.523405877275154e-05,1.77,3.0500000000000003,0.4999520507943429,1.5704453406602372e-08,4.432225468053509e-07,4.2751809339874857e-07,other,2.8426168034395065e-05,2.85651912828539e-05,4.01,4.0,0.49994953135594317,5.174055193669972e-06,1.8015214312782367e-05,1.2841159119112395e-05,other,5.4081765948787996e-05,5.430982796561512e-05,2.88,2.88,0.49993976033462195,0.49989821314651656,0.49995203649806846,5.3823351551907095e-05,other,0.004004881661767379,0.004024792395690147,3.42,3.42,0.49995866264611,0.4956967087505532,0.49972150114624336,0.004024792395690147,persistent
relu,0.0002,0.001,E2_grid,iso,0.01,3.0,2.0,2000,False,1,0.12,10.0,200,E2_grid__relu__mu3-2_sd0.12__h200_eps1.00e-03_iso__s1__dt0.0002__84f3a87a10,10.0,0.000387762741038661,-7.392284012983975e-07,0.4999761461892547,0,102,0,102,4,104,4,104,12,117,12,289,181,539,0.0,0.0,nan,10.0,0.49995257477617727,5.574977432654515e-06,5.574977432654515e-06,0.0,monotone,0.0,0.0,nan,10.0,0.49995257433517204,5.569472776241999e-06,5.569472776241999e-06,0.0,monotone,0.007863779699541551,0.008082158723143051,3.71,3.71,0.49994502486229775,0.4829610961283881,0.49104325485153116,0.008082158723143051,persistent,0.0046873602779866075,0.004780825639120467,3.49,3.49,0.49995715487424097,0.49262868883598354,0.497409514475104,0.004780825639120467,persistent,2.5992849736992837e-05,3.077557042268335e-05,1.75,3.02,0.4999492616195273,2.032967304707204e-08,4.593343804064463e-07,4.3900470735937424e-07,other,4.7316698996269224e-05,4.75735408356907e-05,3.93,3.93,0.49994750361329615,9.063051832946495e-06,1.5281014621049852e-05,6.217962788103357e-06,other,3.3706745669659366e-05,3.3862677210727554e-05,2.86,2.86,0.49995749402918027,0.4999282785778143,0.499962141255025,3.3862677210727554e-05,other,0.003784928964018275,0.0037927515664697986,3.39,3.39,0.49994574580132856,0.495953976860167,0.4997467284266368,0.0037927515664697986,persistent
relu,0.0002,0.001,E2_grid,iso,0.01,3.0,2.0,2000,False,2,0.12,10.0,200,E2_grid__relu__mu3-2_sd0.12__h200_eps1.00e-03_iso__s2__dt0.0002__df6fe9d7e5,10.0,0.000430611144520921,-8.426846074095296e-07,0.499970886292715,5,133,5,133,47,137,50,137,94,147,97,317,181,539,0.0,0.0,nan,10.0,0.4999472426742212,7.865782787946988e-06,7.865782787946988e-06,0.0,monotone,0.0,0.0,nan,10.0,0.4999472373676479,7.922521910531584e-06,7.922521910531584e-06,0.0,monotone,0.009242770253419796,0.009510938711462857,3.75,3.75,0.4999536132612047,0.47880324909565164,0.4883141878071145,0.009510938711462857,persistent,0.004845797769870708,0.004935607067847014,3.5700000000000003,3.5700000000000003,0.49994615015643123,0.4918570759155682,0.4967926829834152,0.004935607067847014,persistent,4.619524834675366e-05,5.270669337095605e-05,1.75,3.13,0.4999512275089187,4.573701203742445e-09,5.334383278581524e-07,5.2886462665441e-07,other,3.476210928645494e-05,3.484502752279077e-05,4.23,4.23,0.4999495251583495,1.9855343731836116e-07,2.0347178919395257e-05,2.0148625482076897e-05,other,0.00019794797325095592,0.00019936410449566955,2.96,2.96,0.49994611106999565,0.49976306715010665,0.4999624312546023,0.00019936410449566955,persistent,0.005925728933727281,0.005955263283614842,3.48,3.48,0.4999531412918823,0.49367201922236537,0.4996272825059802,0.005955263283614842,persistent
relu,0.0002,0.001,E2_grid,iso,0.01,3.0,2.0,2000,False,3,0.12,10.0,200,E2_grid__relu__mu3-2_sd0.12__h200_eps1.00e-03_iso__s3__dt0.0002__c3805b7171,10.0,0.00044883588704327187,-8.618982295452719e-07,0.49997777522477804,2,116,2,116,7,119,9,119,65,128,70,252,181,539,0.0,0.0,nan,10.0,0.4999408422822128,8.135499439174299e-06,8.135499439174299e-06,0.0,monotone,0.0,0.0,nan,10.0,0.4999408442974995,8.121050025183818e-06,8.121050025183818e-06,0.0,monotone,0.008819070508353233,0.009074879955790205,3.73,3.73,0.4999497682129671,0.4808890310078477,0.4899639109636379,0.009074879955790205,persistent,0.004993392952831688,0.005093930345922981,3.5500000000000003,3.5500000000000003,0.4999604683402302,0.49213999354064875,0.4972339238865717,0.005093930345922981,persistent,3.6792508906687146e-05,4.21371267521608e-05,1.73,3.06,0.49994421327174854,7.584535988580907e-10,5.488049067141973e-07,5.480464531153391e-07,other,3.85593837289765e-05,3.8851411287434e-05,3.95,3.95,0.4999452233201762,6.341795938813199e-06,2.2027312075001682e-05,1.5685516136188483e-05,other,0.0001227268154169736,0.00012377697648996433,2.9,2.9,0.4999604406796341,0.4998494840837522,0.49997326106024215,0.00012377697648996433,persistent,0.004751454451794979,0.004771987312925885,3.43,3.43,0.49995012783447546,0.4949163612977247,0.4996883486106506,0.004771987312925885,persistent
relu,0.0002,0.001,E2_grid,iso,0.01,3.0,2.0,2000,False,4,0.12,10.0,200,E2_grid__relu__mu3-2_sd0.12__h200_eps1.00e-03_iso__s4__dt0.0002__1216867a52,10.0,0.0004311610994713994,-8.203898951086668e-07,0.49997776280258677,3,126,3,126,8,128,8,128,60,140,65,275,181,539,0.0,0.0,nan,10.0,0.49994576092814536,6.891138165610672e-06,6.891138165610672e-06,0.0,monotone,0.0,0.0,nan,10.0,0.49994576122237633,6.911223644066121e-06,6.911223644066121e-06,0.0,monotone,0.008936373916268059,0.009190571749834786,3.75,3.75,0.4999571697542683,0.4799368960679934,0.4891274678178282,0.009190571749834786,persistent,0.005379396705023964,0.005484613076540856,3.49,3.49,0.49994838689903426,0.4917601382710592,0.49724475134760004,0.005484613076540856,persistent,4.344704991154913e-05,4.906722828228519e-05,1.73,3.0500000000000003,0.4999456779836631,1.8775203231113217e-08,5.366665537967332e-07,5.178913505656199e-07,other,4.0461667535654754e-05,4.056522484401865e-05,4.1,4.09,0.49994733444606904,1.0811774949937719e-06,1.891561887948835e-05,1.783444138449458e-05,other,0.00012032118534804903,0.00012149111407927515,2.88,2.88,0.49994917927873034,0.4998464114354289,0.4999679025495082,0.00012149111407927515,persistent,0.005235942722107867,0.005262423741984601,3.45,3.45,0.4999578133595181,0.4944446728484272,0.4997070965904118,0.005262423741984601,persistent
relu,0.0002,0.001,E2_grid,iso,0.01,3.0,2.0,2000,False,0,0.15,10.0,200,E2_grid__relu__mu3-2_sd0.15__h200_eps1.00e-03_iso__s0__dt0.0002__7b1e86fe18,10.0,0.0005528816319974583,-9.77922296842076e-07,0.49997080179559816,0,103,0,103,2,105,2,105,14,116,14,286,181,539,0.0,0.0,nan,10.0,0.4999513208079791,7.245321180983159e-06,7.245321180983159e-06,0.0,monotone,0.0,0.0,nan,10.0,0.49995132103008055,7.266579424864214e-06,7.266579424864214e-06,0.0,monotone,0.009092574568967393,0.009336059730672308,3.67,3.67,0.49995832648864963,0.48298853821886045,0.49232459794953276,0.009336059730672308,persistent,0.005687874483237987,0.005800313994030193,3.44,3.44,0.4999387980139392,0.49331494603755344,0.49911526003158363,0.005800313994030193,persistent,2.380810497532531e-05,2.4283428262572497e-05,3.0300000000000002,3.02,0.4999520507943429,7.343104509131625e-08,6.700622104315244e-07,5.966311653402081e-07,other,4.029920505000849e-05,4.0565377760698043e-05,3.89,3.89,0.49994953135594317,1.6912988408920754e-05,2.2065610879841818e-05,5.1526224709210645e-06,other,2.5862418975841628e-05,2.5938746602172102e-05,2.8000000000000003,2.8000000000000003,0.49993976033462195,0.49993126071796534,0.49995673207858965,2.5471360624307327e-05,other,0.0040443538607632945,0.004057486446108705,3.37,3.37,0.49995866264611,0.49569274177872136,0.49975022822483006,0.004057486446108705,persistent
relu,0.0002,0.001,E2_grid,iso,0.01,3.0,2.0,2000,False,1,0.15,10.0,200,E2_grid__relu__mu3-2_sd0.15__h200_eps1.00e-03_iso__s1__dt0.0002__2d7aa61c7a,10.0,0.0005645651328709171,-1.003719225587253e-06,0.49997583009513846,0,99,0,99,3,102,3,102,12,114,12,284,181,539,0.0,0.0,nan,10.0,0.49995257477617727,6.251757179581241e-06,6.251757179581241e-06,0.0,monotone,0.0,0.0,nan,10.0,0.4999525742244724,6.24387840785332e-06,6.24387840785332e-06,0.0,monotone,0.009753549058788502,0.010008965723847407,3.65,3.65,0.49994502486229775,0.48328730584976404,0.49329627157361144,0.010008965723847407,persistent,0.0065021666203997075,0.006569904021904938,3.41,3.4,0.49995715487424097,0.4930805782381445,0.49965048226004943,0.006569904021904938,persistent,2.534533616615032e-05,2.58461743815784e-05,2.99,2.99,0.4999492616195273,8.158892970506924e-08,7.147799096269155e-07,6.331909799218463e-07,other,6.238761986826995e-05,6.285464347452244e-05,3.8200000000000003,10.0,0.49994750361329615,1.8847124824300992e-05,1.8847124824300992e-05,0.0,other,2.1603651250923228e-05,2.165791037339604e-05,2.86,2.86,0.49995749402918027,0.4999472720566885,0.4999688292528314,2.1557196142940604e-05,other,0.00363180296165988,0.0036401910196079412,3.33,3.33,0.49994574580132856,0.49610457387645224,0.4997447648960602,0.0036401910196079412,persistent
relu,0.0002,0.001,E2_grid,iso,0.01,3.0,2.0,2000,False,2,0.15,10.0,200,E2_grid__relu__mu3-2_sd0.15__h200_eps1.00e-03_iso__s2__dt0.0002__355858a9c1,10.0,0.0006172265354006878,-1.1055032441078952e-06,0.4999708761780681,6,124,6,125,12,129,16,129,64,139,69,308,181,539,0.0,0.0,nan,10.0,0.4999472426742212,8.23913901950017e-06,8.23913901950017e-06,0.0,monotone,0.0,0.0,nan,10.0,0.49994723604926294,8.315228951734249e-06,8.315228951734249e-06,0.0,monotone,0.011413538593555705,0.01171638688581389,3.67,3.67,0.4999536132612047,0.47873747955437007,0.49045386644018396,0.01171638688581389,persistent,0.006470622359826594,0.006591763381520843,3.48,3.48,0.49994615015643123,0.4922908620044429,0.49888262538596373,0.006591763381520843,persistent,2.7557628891889347e-05,3.15366664271746e-05,3.0700000000000003,3.0700000000000003,0.4999512275089187,4.1700825018912205e-08,8.085920146869424e-07,7.668911896680301e-07,other,5.595141807775276e-05,5.613255246102011e-05,4.0200000000000005,4.0200000000000005,0.4999495251583495,2.1284648427615103e-06,2.3858211398856364e-05,2.1729746556094855e-05,other,5.218512247684437e-05,5.2500452295767275e-05,2.87,2.87,0.49994611106999565,0.49991594236374776,0.4999684428160435,5.2500452295767275e-05,other,0.006094738638366071,0.006112107132697497,3.42,3.42,0.4999531412918823,0.4935284539421766,0.4996405610748741,0.006112107132697497,persistent
relu,0.0002,0.001,E2_grid,iso,0.01,3.0,2.0,2000,False,3,0.15,10.0,200,E2_grid__relu__mu3-2_sd0.15__h200_eps1.00e-03_iso__s3__dt0.0002__32828bcb9c,10.0,0.0006460446483489355,-1.153572315997593e-06,0.49997791371545475,0,112,0,113,7,116,7,116,24,128,33,257,181,539,0.0,0.0,nan,10.0,0.4999408422822128,8.664414213293526e-06,8.664414213293526e-06,0.0,monotone,0.0,0.0,nan,10.0,0.49994084480160483,8.644769138881214e-06,8.644769138881214e-06,0.0,monotone,0.010854154266367433,0.011127968542748723,3.67,3.67,0.4999497682129671,0.48108412315045995,0.4922120916932087,0.011127968542748723,persistent,0.006733660741420233,0.0068479571403872175,3.45,3.45,0.4999604683402302,0.4925790094806187,0.49942696662100594,0.0068479571403872175,persistent,2.866211696719099e-05,2.92081115495629e-05,3.02,3.02,0.49994421327174854,2.7693749235637928e-08,8.237894310365053e-07,7.960956818008673e-07,other,5.564738670732988e-05,5.6127537822464976e-05,3.84,3.83,0.4999452233201762,2.205026726809364e-05,2.6686734421892606e-05,4.636467153798966e-06,other,3.8110155910209276e-05,3.8214996398555634e-05,2.88,2.87,0.4999604406796341,0.4999383403004651,0.49997655529686363,3.8214996398555634e-05,other,0.004765517176193446,0.004783316991085473,3.38,3.37,0.49995012783447546,0.4949390420844772,0.49972235907556267,0.004783316991085473,persistent
relu,0.0002,0.001,E2_grid,iso,0.01,3.0,2.0,2000,False,4,0.15,10.0,200,E2_grid__relu__mu3-2_sd0.15__h200_eps1.00e-03_iso__s4__dt0.0002__b135ad7760,10.0,0.0006171537321250042,-1.0846467449914833e-06,0.49997758685367444,3,119,3,119,6,122,6,122,18,132,25,271,181,539,0.0,0.0,nan,10.0,0.49994576092814536,7.456955131081334e-06,7.456955131081334e-06,0.0,monotone,0.0,0.0,nan,10.0,0.49994576129548873,7.484741377711937e-06,7.484741377711937e-06,0.0,monotone,0.011044220689947037,0.011344089552868253,3.67,3.67,0.4999571697542683,0.48008742792608705,0.4914315174789553,0.011344089552868253,persistent,0.007175291869316425,0.00724034747779867,3.4,3.4,0.49994838689903426,0.49230280431293133,0.49954315179073,0.00724034747779867,persistent,2.9409588277412073e-05,3.0014834721426478e-05,3.0100000000000002,3.0100000000000002,0.4999456779836631,6.713266247035392e-08,7.910709643854572e-07,7.239383019151034e-07,other,6.277511833859121e-05,6.305817292773782e-05,3.92,3.91,0.49994733444606904,6.655078358833181e-06,2.3638322661037455e-05,1.6983244302204273e-05,other,4.334368969438618e-05,4.346928445969622e-05,2.82,2.83,0.49994917927873034,0.4999283003737722,0.49997140478648855,4.3104412716321594e-05,other,0.005280605060239529,0.00529751479201257,3.39,3.39,0.4999578133595181,0.49445044386607906,0.49974795865809163,0.00529751479201257,persistent
relu,0.0002,0.001,E2_grid,iso,0.01,3.0,2.0,2000,False,0,0.18,10.0,200,E2_grid__relu__mu3-2_sd0.18__h200_eps1.00e-03_iso__s0__dt0.0002__7cbee8d0cd,10.0,0.0007695090871679635,-1.2811619347714766e-06,0.4999708006287733,0,102,0,102,2,106,3,106,14,119,14,288,181,539,0.0,0.0,nan,10.0,0.4999513208079791,7.904236131219523e-06,7.904236131219523e-06,0.0,monotone,0.0,0.0,nan,10.0,0.49995132107461093,7.932713777974673e-06,7.932713777974673e-06,0.0,monotone,0.010565979618922416,0.010808798102653228,3.62,3.62,0.49995832648864963,0.4830705496297976,0.49387934773245085,0.010808798102653228,persistent,0.006142695962381595,0.006157225128443244,3.36,3.36,0.4999387980139392,0.493643218198702,0.49980044332714524,0.006157225128443244,persistent,3.075153463072411e-05,3.134258261526286e-05,3.0,3.0,0.4999520507943429,1.8610913954575017e-07,9.81494888950304e-07,7.953857494045539e-07,other,5.008060656760707e-05,5.0599730880732795e-05,3.8000000000000003,10.0,0.49994953135594317,2.6749545743887416e-05,2.6749545743887416e-05,0.0,other,2.6833741994303217e-05,2.6874854720526642e-05,1.6500000000000001,1.6400000000000001,0.49993976033462195,0.49993397792563504,0.49996059754282096,2.6619617185918987e-05,other,0.004039543569934856,0.004051277131552622,3.33,3.33,0.49995866264611,0.49571506257035963,0.49976633970191225,0.004051277131552622,persistent
relu,0.0002,0.001,E2_grid,iso,0.01,3.0,2.0,2000,False,1,0.18,10.0,200,E2_grid__relu__mu3-2_sd0.18__h200_eps1.00e-03_iso__s1__dt0.0002__0de0189a49,10.0,0.0007838773987770652,-1.3189259832248204e-06,0.49997567689964484,0,100,0,101,2,104,2,105,11,118,12,286,181,539,0.0,0.0,nan,10.0,0.49995257477617727,7.034434301674394e-06,7.034434301674394e-06,0.0,monotone,0.0,0.0,nan,10.0,0.49995257411359306,7.023555284939473e-06,7.023555284939473e-06,0.0,monotone,0.011300005802708457,0.011531511333421895,3.59,3.59,0.49994502486229775,0.4835674203027508,0.4950989316361727,0.011531511333421895,persistent,0.006403781044920953,0.006409519953039955,3.33,3.33,0.49995715487424097,0.49344597027962117,0.4998554902326611,0.006409519953039955,persistent,3.271007392994947e-05,3.332506060878629e-05,2.97,2.97,0.4999492616195273,2.0873044613399767e-07,1.0282739587279388e-06,8.195435125939411e-07,other,6.904240767756743e-05,6.980469544520613e-05,3.74,10.0,0.49994750361329615,2.317750309508744e-05,2.317750309508744e-05,0.0,other,1.6578214440843286e-05,1.6601203963184652e-05,1.54,1.55,0.49995749402918027,0.4999539538819954,0.4999698403889595,1.588650696404681e-05,other,0.0034667459971547965,0.003476073823786008,3.2800000000000002,3.2800000000000002,0.49994574580132856,0.49626512614955437,0.4997411999733404,0.003476073823786008,persistent
relu,0.0002,0.001,E2_grid,iso,0.01,3.0,2.0,2000,False,2,0.18,10.0,200,E2_grid__relu__mu3-2_sd0.18__h200_eps1.00e-03_iso__s2__dt0.0002__82a0a144a0,10.0,0.0008496146575125963,-1.4211815611109117e-06,0.49997091086321177,6,123,6,123,8,127,11,127,38,138,46,306,181,539,0.0,0.0,nan,10.0,0.4999472426742212,8.875290690661225e-06,8.875290690661225e-06,0.0,monotone,0.0,0.0,nan,10.0,0.499947234734195,8.97617397222934e-06,8.97617397222934e-06,0.0,monotone,0.013276951086546473,0.013613046349003954,3.61,3.61,0.4999536132612047,0.47870993885069013,0.4923229851996941,0.013613046349003954,persistent,0.00716143706450173,0.007171111838170541,3.4,3.4,0.49994615015643123,0.49264861845538016,0.4998197302935507,0.007171111838170541,persistent,3.5895519194442926e-05,3.661131683746336e-05,3.04,3.04,0.4999512275089187,1.1890132157885354e-07,1.1615824063335874e-06,1.0426810847547339e-06,other,7.932876648520835e-05,7.968988998954857e-05,3.89,3.88,0.4999495251583495,8.355786642844897e-06,2.8181052979208565e-05,1.982526633636367e-05,other,2.940413027247013e-05,2.9434977271536322e-05,2.9,2.89,0.49994611106999565,0.4999403253166826,0.49996959789994355,2.9272583260964158e-05,other,0.00615210524097165,0.0061653329149647385,3.38,3.37,0.4999531412918823,0.4934710909386144,0.49963642385357915,0.0061653329149647385,persistent
relu,0.0002,0.001,E2_grid,iso,0.01,3.0,2.0,2000,False,3,0.18,10.0,200,E2_grid__relu__mu3-2_sd0.18__h200_eps1.00e-03_iso__s3__dt0.0002__bedb0742bb,10.0,0.0008915050657171688,-1.4958392640236325e-06,0.49997797765330176,0,112,0,113,6,117,6,117,16,131,16,267,181,539,0.0,0.0,nan,10.0,0.4999408422822128,9.414970522128327e-06,9.414970522128327e-06,0.0,monotone,0.0,0.0,nan,10.0,0.4999408453058234,9.38874360647213e-06,9.38874360647213e-06,0.0,monotone,0.012391287746985613,0.012651100630801326,3.61,3.61,0.4999497682129671,0.4812762136510246,0.4939273142818259,0.012651100630801326,persistent,0.006904087714750817,0.006913668777049187,3.37,3.37,0.4999604683402302,0.4929516883080894,0.4998653570851386,0.006913668777049187,persistent,3.719874424490399e-05,3.790394554554771e-05,2.99,2.99,0.49994421327174854,9.341757911084377e-08,1.169005240084917e-06,1.0755876609740733e-06,other,7.177562109074063e-05,7.251751043057928e-05,3.7600000000000002,10.0,0.4999452233201762,3.2375095252576776e-05,3.2375095252576776e-05,0.0,other,2.2823097553581473e-05,2.2847910772616498e-05,1.67,1.69,0.4999604406796341,0.49995403043237524,0.49997608024258894,2.2049810213697896e-05,other,0.004724681703180522,0.004739737180948167,3.33,3.33,0.49995012783447546,0.49500825601605164,0.4997479931969998,0.004739737180948167,persistent
relu,0.0002,0.001,E2_grid,iso,0.01,3.0,2.0,2000,False,4,0.18,10.0,200,E2_grid__relu__mu3-2_sd0.18__h200_eps1.00e-03_iso__s4__dt0.0002__44c9655927,10.0,0.0008492352051925688,-1.3958941900178842e-06,0.4999776828637721,3,117,3,117,5,121,5,121,17,132,17,277,181,539,0.0,0.0,nan,10.0,0.49994576092814536,8.197744129657386e-06,8.197744129657386e-06,0.0,monotone,0.0,0.0,nan,10.0,0.4999457613684235,8.235305600466106e-06,8.235305600466106e-06,0.0,monotone,0.012937658837829102,0.013248803527948216,3.61,3.61,0.4999571697542683,0.48023077846350654,0.49347958199145475,0.013248803527948216,persistent,0.007096009846184803,0.007105165786524648,3.3200000000000003,3.3200000000000003,0.49994838689903426,0.49275261682174254,0.4998577826082672,0.007105165786524648,persistent,3.755840612934042e-05,3.829091639501483e-05,2.99,2.98,0.4999456779836631,1.9245374621967756e-07,1.1248623504811444e-06,9.324086042614668e-07,other,8.300558429074168e-05,8.355563203044498e-05,3.8000000000000003,3.79,0.49994733444606904,2.1327460715318598e-05,2.871438819810067e-05,7.3869274827820705e-06,other,3.0375113616643024e-05,3.0413033305698445e-05,1.74,1.74,0.49994917927873034,0.4999430089244029,0.4999726430271404,2.963410273748579e-05,other,0.00524018070566451,0.005252643936322854,3.34,3.33,0.4999578133595181,0.4945103818959173,0.49976302583224014,0.005252643936322854,persistent
