time,frozen_gate_rel_rms_all,block_selector_rel_rms_all,frozen_gate_rel_rms_cluster1,block_selector_rel_rms_cluster1,frozen_gate_rel_rms_cluster2,block_selector_rel_rms_cluster2
2.42,0.0,0.13872586574892745,0.0,0.13826577028662498,0.0,0.13994713636175535
2.43,7.64680578925798e-07,0.13856422504368687,8.158354853005497e-07,0.1382527225794649,6.100742149064206e-07,0.13937979876253792
2.44,2.1038008475214245e-06,0.1384033443009044,2.2608327591213823e-06,0.13823702771891652,1.6282508866145805e-06,0.1388330873951302
2.45,3.9001775196256395e-06,0.1382434854130389,4.248247294591504e-06,0.1382189167745412,2.8236289512070666e-06,0.13830616886501132
2.46,6.041594835718405e-06,0.13808487251385243,6.65170023651912e-06,0.13819856271307557,4.1242724779699904e-06,0.13779831422909736
2.47,8.510046307480704e-06,0.13792091997892406,9.454256584064445e-06,0.13816662806218913,5.504227736668633e-06,0.13730881602138642
2.48,1.1205465400753099e-05,0.137756404325397,1.253413897333522e-05,0.13812966531677673,6.944621030547099e-06,0.1368369398248658
2.49,1.4165808026647991e-05,0.13759974277315334,1.5943693260517914e-05,0.13809943614244866,8.427837718570276e-06,0.13638200225038985
2.5,1.724395194366672e-05,0.1374414268853884,1.950044141778283e-05,0.1380625305302849,9.945411738894743e-06,0.13594337031303308
2.5100000000000002,2.051103536015819e-05,0.1372364638012318,2.3300771394314267e-05,0.13795522276550415,1.1465978109637446e-05,0.13552038246434464
2.52,2.387316258868106e-05,0.1370524610977839,2.7228088187546896e-05,0.13787288565139352,1.2984685330862023e-05,0.13511245098043595
2.5300000000000002,2.728398064557403e-05,0.13684600387986792,3.1225355253896504e-05,0.13775398934409508,1.4497303762721442e-05,0.1347189806106139
2.54,3.0711881461796354e-05,0.1366328586154209,3.525237885319677e-05,0.13762076812268162,1.600711705831291e-05,0.13433943582692146
2.5500000000000003,3.4137963754120165e-05,0.1364448389191613,3.9289312414515234e-05,0.13751863514382123,1.749415189798597e-05,0.13397326772475895
2.56,3.75461673337668e-05,0.13626602369007032,4.3316650865547815e-05,0.13742505607896374,1.8953631056108475e-05,0.1336199597032915
2.5700000000000003,4.0958281700630064e-05,0.13609137906266897,4.736363742115686e-05,0.13733292406520692,2.0373281239145687e-05,0.1332790062209383
2.58,4.437143707353488e-05,0.13592230332332078,5.1425643633349474e-05,0.1372443236478493,2.175617420477264e-05,0.1329499266049035
2.5900000000000003,4.778539131744074e-05,0.13576941406765905,5.550228909748813e-05,0.13717465229078288,2.31004064911017e-05,0.13263223538235017
2.6,5.1228605130619724e-05,0.13562958413498585,5.962939157289107e-05,0.13711956724301338,2.440284595453119e-05,0.1323255066467952
2.6100000000000003,5.4720287772218806e-05,0.1354952241754742,6.383033038011136e-05,0.1370682456297805,2.5664937662992187e-05,0.13202931816307367
2.62,5.8289158115610805e-05,0.13535958540921636,6.814098322568965e-05,0.13701102012346397,2.6885074794871655e-05,0.13174323751854727
2.6300000000000003,6.19529894629564e-05,0.13523123766317716,7.258294557519938e-05,0.1369603675995085,2.8064575247583425e-05,0.13146687772064594
2.64,6.57387061479267e-05,0.13511166214538864,7.718951749563008e-05,0.1369185517867343,2.9203329322033634e-05,0.13119986176211368
2.65,6.967715643160705e-05,0.13499804164929383,8.199745069317102e-05,0.1368815964938637,3.0309255672526615e-05,0.1309418283588666
2.66,7.37960931315889e-05,0.13489064119738794,8.704175484631844e-05,0.13684999191944908,3.1378004118292435e-05,0.13069242929225
2.67,7.812003805834801e-05,0.13479017728853,9.235230159669788e-05,0.13682489166261896,3.2410871064670666e-05,0.13045132378551652
2.68,8.267519787814503e-05,0.13469391285598015,9.796050228970354e-05,0.1368024118955549,3.341221712844452e-05,0.13021818451177777
2.69,8.750280209696337e-05,0.1346027607155663,0.00010391722046899033,0.13678398034695705,3.4382179558062894e-05,0.1299927056203368
2.7,9.266123797169667e-05,0.1345190803991334,0.00011029476281497365,0.13677314293708584,3.532011598128042e-05,0.12977460303983251
2.71,9.814393303781869e-05,0.13445098936327796,0.00011708387582009069,0.13678189951053596,3.622690354153158e-05,0.1295635873531275
2.72,0.00010396700100521256,0.13436986981561405,0.00012430398369628773,0.13676843953908777,3.7101426446584096e-05,0.12935938091032304
2.73,0.00011021067939443653,0.13429011603835295,0.00013205380700489661,0.13675390724487177,3.794712921930054e-05,0.1291617174515552
2.74,0.00011688824522851921,0.13423009474078815,0.00014034894322488678,0.136765354406716,3.876396405165006e-05,0.12897035248780464
2.75,0.00012401985126987418,0.13416571391670656,0.0001492133175745821,0.1367675250628801,3.955398040038017e-05,0.12878503099132269
2.7600000000000002,0.00013158378552721817,0.13410731353777772,0.00015861905420373425,0.13677568376043617,4.0317500801025866e-05,0.12860552770403902
2.77,0.00013960808652404032,0.13404614629822964,0.0001686004753193461,0.13677704761180332,4.105370535013981e-05,0.12843162304187253
2.7800000000000002,0.000148080524240568,0.1340045947586506,0.0001791417162520723,0.13680464610390394,4.176295819968679e-05,0.12826310691309953
2.79,0.0001570339430619997,0.13394153488652777,0.00019028275736657525,0.1367980066484812,4.244817495530765e-05,0.1280997614830507
2.8000000000000003,0.00016649602193304948,0.13389791174117463,0.00020205713645683252,0.136817521282305,4.31130923405039e-05,0.12794139051566308
2.81,0.00017646854758879784,0.1338476643755472,0.0002144666168686661,0.1368248544249284,4.375885615761117e-05,0.12778781516586266
2.8200000000000003,0.00018693670737373125,0.1338079020902559,0.00022749230840707035,0.13684531923717155,4.4388158577204505e-05,0.12763884890229812
2.83,0.00019791243980509467,0.1337609655480741,0.00024114840506346986,0.1368529271187383,4.500605041108229e-05,0.12749431559314622
2.8400000000000003,0.00020938663480113225,0.1337090130275561,0.0002554234883460142,0.13685091577282715,4.561344654017656e-05,0.12735405498789582
2.85,0.00022135847862733653,0.13368040292215833,0.00027031592522586075,0.13688126760787356,4.621757006425935e-05,0.1272178991464902
2.8600000000000003,0.0002338018003660708,0.13364276597074337,0.0002857930385727181,0.13689622213533564,4.68225529759234e-05,0.12708569079818868
2.87,0.00024671313734993727,0.13359995287586232,0.00030185025990094185,0.13690152495491628,4.743385237158516e-05,0.12695727895197484
2.8800000000000003,0.00026006515499482716,0.1335523104363426,0.0003184532056662002,0.13689774431744803,4.806071955045145e-05,0.12683251826641936
2.89,0.00027383657182831735,0.1335199778502302,0.00033557498376938697,0.13691475197003733,4.871379936887925e-05,0.12671126938875496
2.9000000000000004,0.00028805696456150144,0.13349295176822487,0.00035325150272860333,0.13693781029113222,4.9407620710279755e-05,0.1265934113792726
2.91,0.00030269832044335887,0.13344138055625815,0.00037144768697896396,0.13692276177077364,5.015292965788778e-05,0.1264788184551505
2.92,0.00031775728178150736,0.1333916533823477,0.0003901589537375749,0.13690873412629684,5.096178533826936e-05,0.12636737061741915
2.93,0.0003332556754718645,0.1333688257729138,0.0004094116955847785,0.13693292865314288,5.18501116334812e-05,0.1262589487850538
2.94,0.00034917789227562187,0.1333447390920016,0.00042918650695810225,0.13695368403979252,5.282559776977378e-05,0.12615343138975407
2.95,0.0003655170375130653,0.13331709068463074,0.0004494730846555262,0.13696763848035656,5.392245847437843e-05,0.12605070603402574
2.96,0.00038226141477590406,0.13327926588800174,0.00047025678424435615,0.1369650243960918,5.515060385774254e-05,0.1259506768030274
2.97,0.0003993989127167073,0.13325317730011912,0.0004915229085218001,0.13697838622690708,5.651136718295885e-05,0.1258532534650644
2.98,0.0004169109834106004,0.13320947457229465,0.0005132474040996418,0.1369642327418778,5.8027699659063615e-05,0.12575833620310325
2.99,0.00043479770784846485,0.1331711101411255,0.0005354301248927605,0.13695666326538763,5.970832513625666e-05,0.1256658272912256
3.0,0.00045307343993140485,0.13314537629604917,0.000558088556047821,0.13696655002665592,6.156185469222628e-05,0.12557564512419198
3.0100000000000002,0.0004717329280226134,0.13313780071121556,0.0005812153966377803,0.13700215013614356,6.360418311751919e-05,0.12548770718012678
3.02,0.0004907251131871895,0.13308483429002022,0.0006047467632039455,0.13696915538049728,6.584634832311999e-05,0.12540194106076763
3.0300000000000002,0.000510029684289477,0.13305707439880504,0.000628656430270174,0.13697241898840903,6.830568964485147e-05,0.12531826340490002
3.04,0.0005296795158921481,0.13300090339100687,0.0006529841284248148,0.13693236479020301,7.09983223220975e-05,0.12523658910726324
3.0500000000000003,0.0005496796342822807,0.13297788169587738,0.0006777366341589131,0.13694046019813028,7.391172600670359e-05,0.1251568532668872
3.06,0.0005699954156871603,0.1329375254494399,0.0007028692599493088,0.13692175318489552,7.70714271866164e-05,0.12507899460825145
3.0700000000000003,0.0005906170170734967,0.13291281958926682,0.000728370385750234,0.1369252856498992,8.046134501939187e-05,0.12500294041376053
3.08,0.0006115436850234275,0.13286674379641927,0.0007542387200628216,0.13689608153404656,8.408109322136055e-05,0.12492863632678793
3.0900000000000003,0.0006327951859519537,0.13283726322778727,0.0007804980959534546,0.13689059596899253,8.793568689257688e-05,0.12485600627984662
3.1,0.0006543469697037327,0.13280662816152228,0.0008071172326627399,0.13688248964339292,9.203093391450177e-05,0.1247849847089007
3.1100000000000003,0.0006761905474658104,0.13277740321679674,0.0008340848956140272,0.13687560917936367,9.637000736949437e-05,0.12471550777971145
3.12,0.000698274520409621,0.13276499936549302,0.0008613377901094493,0.13689288581590953,0.00010093525446934692,0.12464753818343802
3.1300000000000003,0.000720610471641138,0.13271683861049255,0.000888888795007816,0.13685618865666757,0.00010574214235875573,0.12458102521113022
3.14,0.0007431936284629396,0.13267568271469973,0.0009167318761190389,0.1368291118584098,0.00011078326132428866,0.12451591455905821
3.1500000000000004,0.0007660219607852567,0.1326276512984977,0.0009448642320995832,0.13679104875499284,0.0001160541719986557,0.12445215255492391
3.16,0.0007890932721359248,0.13258832606438817,0.0009732830645559624,0.13676519027764927,0.00012154754737762976,0.12438970273293348
3.1700000000000004,0.000812399116924045,0.13257196068397528,0.001001975129367834,0.13677276064037588,0.0001272958173790736,0.12432852542873779
3.18,0.0008359511901025741,0.13252702188677312,0.0010309560007445285,0.13673713978109184,0.00013327473698849764,0.12426859016504281
3.19,0.0008597406488118171,0.13248112781081997,0.0010602141456450644,0.13669943225195724,0.00013948391048677463,0.12420983305609816
3.2,0.0008837526493207126,0.1324447552020346,0.0010897293413486843,0.13667524625384564,0.00014593992004892817,0.12415221256686357
3.21,0.0009079812457296343,0.1324098625865605,0.0011194941836416856,0.1366526440872465,0.0001526341344380242,0.12409568999593763
3.22,0.0009324192155378313,0.13239059139261916,0.001149498389441012,0.1366526772816157,0.0001595758660646174,0.1240402440826103
3.23,0.0009570691706149849,0.13235472237917995,0.0011797426579562094,0.13662743916247602,0.00016679045233591205,0.12398583293869218
3.24,0.0009819495726266958,0.1323117231366874,0.001210249946715737,0.13659103310744863,0.00017426903765076457,0.12393241959612679
3.25,0.00100703854168923,0.13226202073903917,0.0012409927927014357,0.1365441109469744,0.00018200540296264614,0.12387997170575642
3.2600000000000002,0.001032331205600921,0.1322295868404054,0.0012719649019762233,0.13652236135776535,0.00018999399938797782,0.12382845387155952
3.27,0.0010578125698670789,0.13220528865243433,0.0013031464981915434,0.1365122122687536,0.00019824014039053153,0.12377784130212074
3.2800000000000002,0.0010834843830013238,0.13217406501401416,0.0013345400537971403,0.13649126640275616,0.00020673229561875766,0.12372811131088074
3.29,0.001109350442089135,0.1321263046900896,0.001366151730315541,0.13644523807106007,0.0002154465020266603,0.12367923226523204
3.3000000000000003,0.0011354231886661072,0.13208612718014837,0.0013979931133421216,0.13641003300971094,0.00022442285580514664,0.12363117955018457
3.31,0.0011616742532285676,0.13206621418209252,0.0014300249670595453,0.13640454182174108,0.0002336973706935828,0.12358392667970947
3.3200000000000003,0.0011881102060262165,0.13201985282045173,0.0014622564524220622,0.13635925880423522,0.00024324996518180377,0.12353744908375545
3.33,0.0012147387378187962,0.13197398678061636,0.0014946967698769899,0.13631429536091377,0.00025307706147187,0.12349172218049018
3.3400000000000003,0.0012415481821440822,0.13192861078191798,0.0015273303354811053,0.13626965419289006,0.0002631818922638304,0.12344672908601022
3.35,0.001268522611395049,0.13190022062990786,0.0015601381619443004,0.13624990244203422,0.00027354690605225243,0.12340244982312068
3.3600000000000003,0.0012956477532673955,0.13186297083503762,0.0015931007879499853,0.1362165878634791,0.00028418211537548934,0.12335884983200113
3.37,0.00132293126439907,0.13182624244061666,0.0016262255761390816,0.13618368151226637,0.0002951029458794562,0.12331591805988562
3.3800000000000003,0.0013503677944834936,0.13178259153826488,0.0016595066634599305,0.1361401082894288,0.0003062932580276918,0.12327364489632732
3.39,0.0013779598506717251,0.1317555825437822,0.0016929462448401372,0.13612096524399941,0.0003177555759722313,0.12323199991123132
3.4000000000000004,0.0014057218486076553,0.13172965065074538,0.0017265590740016927,0.13610309199318765,0.0003295152399260049,0.12319096480764913
3.41,0.001433649629591933,0.13170473332234264,0.0017603424331018214,0.13608640692710236,0.0003415407793670906,0.12315051938020705
3.4200000000000004,0.0014617374681026767,0.13166261832464296,0.0017942905952083618,0.13604380686439907,0.0003538125506903532,0.12311064656696381
3.43,0.001489988224021246,0.13163018439442611,0.001828404761279756,0.13601532428595833,0.00036634769357252585,0.12307131333986945
3.44,0.0015183876957958853,0.13158885143785298,0.0018626652997630418,0.1359732986658819,0.0003791572350277313,0.1230325204231356
3.45,0.0015469437828707694,0.1315479231002997,0.0018970800438802438,0.13593158291688906,0.00039225368951578986,0.12299426630655987
3.46,0.0015756661533247313,0.13151633092148798,0.0019316612038265532,0.13590348916856287,0.00040562996840943686,0.12295652642190662
3.47,0.001604525731724068,0.1314761531206537,0.001966376478187635,0.13586234721681725,0.0004192436163730147,0.1229192745824117
3.48,0.0016335193178297,0.13144462240559657,0.0020012139051512057,0.13583381963569177,0.0004331585299613923,0.12288250561686657
3.49,0.0016626563195634779,0.1314131783277934,0.002036185402063044,0.13580517136504694,0.0004473670139136859,0.12284619924904003
3.5,0.0016919566468638644,0.13137407662765746,0.002071317094885169,0.13576486896886367,0.00046185364857181634,0.12281036147856417
3.5100000000000002,0.0017214262565017871,0.13134491940314083,0.002106615250083115,0.13573913311994676,0.0004766231994378583,0.12277497375726378
3.52,0.0017510624560468319,0.13130651913133148,0.0021420776867334176,0.1356993949797982,0.0004916606605120556,0.12274003207909928
3.5300000000000002,0.0017808244462629804,0.13126847805471256,0.002177648138946601,0.13565995750331628,0.0005070005864499951,0.12270552867853336
3.54,0.0018106991625250757,0.13123077971979885,0.0022133113720285784,0.1356208068183332,0.0005226270214363732,0.1226714436604992
3.5500000000000003,0.0018406886129784278,0.1312021636135543,0.0022490662845568565,0.13559496932653972,0.0005385623146767664,0.12263775618260779
3.56,0.001870817533366771,0.13117294492531356,0.0022849508899736685,0.13556802710839694,0.0005547477789511093,0.12260445854993991
3.5700000000000003,0.001901093992416737,0.13113618807233288,0.002320971164015061,0.13552965772910763,0.0005712112549345988,0.12257153891064616
3.58,0.0019315158596400327,0.13109975566463286,0.0023571273481433766,0.13549157629567576,0.0005879263301536905,0.12253898668751671
3.5900000000000003,0.0019620715353785316,0.13107208892892722,0.0023934016117664824,0.13546636369376946,0.0006049128550450523,0.1225067848385701
3.6,0.001992750249253132,0.13104493549240562,0.0024297740397003216,0.13544172983007816,0.0006222121656435201,0.12247493427235799
3.6100000000000003,0.0020235500672651516,0.13100937624929726,0.0024662471997866854,0.1354043953468769,0.0006397824900330004,0.12244342802495134
3.62,0.002054471551665594,0.13097412218119098,0.002502818414212855,0.13536733937731146,0.0006576433709143706,0.12241225532224483
3.6300000000000003,0.0020854967883617123,0.13093916570678324,0.0025394734778208714,0.1353305572222317,0.000675731050159063,0.12238140408489287
3.64,0.002116619360395891,0.13090450318484168,0.0025762028098149092,0.13529404315546653,0.0006940528761986064,0.12235087620252215
3.6500000000000004,0.0021478428132350505,0.13087013184530094,0.002613003005386134,0.13525779453365577,0.0007126593918562556,0.1223206696368063
3.66,0.0021791599149253967,0.13084260881152104,0.0026498626970791308,0.13523158458165313,0.0007315606597959897,0.12229077249958856
3.6700000000000004,0.0022105787391841453,0.13080878569652643,0.0026867965676568377,0.13519583053239528,0.000750722051237055,0.12226118266435186
3.68,0.0022421019998752484,0.13077523558058157,0.002723803915005495,0.1351603343122367,0.0007701669161673674,0.12223187745303712
3.6900000000000004,0.002273717189124123,0.13074996673401576,0.0027608679780361627,0.13513702082110918,0.0007898966575876073,0.12220286599462153
3.7,0.00230542183918724,0.13071693545509544,0.0027979854432415583,0.1351019922380254,0.0008099078583557248,0.12217414901508161
3.71,0.0023372267895006593,0.13069263273821996,0.0028351665199978678,0.13507981040032938,0.0008302185382096676,0.12214573253017588
3.72,0.0023691051671131174,0.13066010208750767,0.0028723878088774022,0.13504524429653234,0.0008507567757682497,0.12211756244597194
3.73,0.0024010522938328694,0.13062782776232942,0.0029096428060465585,0.1350109307047649,0.0008715233570937731,0.12208964162301682
3.74,0.002433072469736641,0.1305958100879412,0.00294693154678079,0.13497686384235894,0.0008925487461230952,0.12206198358354899
3.75,0.002465172872162711,0.13057225424337907,0.0029842559118378608,0.13495527017426234,0.0009138730887562688,0.12203458143223443
3.7600000000000002,0.0024973547930752338,0.13054070730432182,0.003021622165825336,0.1349216439898773,0.0009354639682206572,0.12200742955478373
3.77,0.0025296155444013524,0.13050940628586638,0.00305903231782117,0.1348882646333519,0.0009572855865343825,0.12198050975854458
3.7800000000000002,0.002561954873888479,0.13047834847902023,0.0030964854091887076,0.13485513322973094,0.000979339140425671,0.12195381211125342
3.79,0.0025943651744542973,0.13043943389357157,0.003133967631541212,0.13481018051785132,0.001001645877741758,0.12192734182774469
3.8000000000000003,0.0026268307321542003,0.13040888332625306,0.0031714611361187343,0.13477756941500108,0.0010241899732549241,0.1219011031888743
3.81,0.0026593560549385614,0.13038660849384018,0.003208965604672586,0.13475717260872588,0.001047002954598697,0.12187508922035878
3.8200000000000003,0.002691946550309365,0.1303564956033759,0.0032464860201042536,0.13472498614891518,0.001070091806936725,0.1218492961267527
3.83,0.002724616210475,0.13032661210132968,0.003284032527250433,0.1346930299123217,0.0010934956081492173,0.12182372180267437
3.8400000000000003,0.002757336911823229,0.13029694986522822,0.003321576896189748,0.13466129558003173,0.001117166991776058,0.12179835901295674
3.85,0.002790104557755428,0.13026750986287203,0.0033591163035552765,0.1346297804929193,0.0011410890421781144,0.12177321663331002
3.8600000000000003,0.0028229314882489997,0.13024559969331806,0.0033966539390860315,0.1346093771958348,0.0011653264716950291,0.12174828411116151
3.87,0.002855804358242008,0.13021656629262005,0.003434186857493645,0.13457826066410877,0.0011897988032310472,0.12172355025798001
3.8800000000000003,0.002888724758424767,0.13018774224136886,0.003471707128474209,0.1345473560756156,0.0012145559926794271,0.12169901355426231
3.89,0.00292168253614413,0.13015912920444137,0.0035092096658950237,0.13451665931870235,0.0012395523617944847,0.12167468803998471
3.9000000000000004,0.002954678607228884,0.13013792641893515,0.0035466918141911115,0.13449690058248148,0.001264804875738971,0.12165056578372453
3.91,0.002987728839188441,0.13010970347354828,0.0035841664007079505,0.13446658118529306,0.001290348958165052,0.1216266448916697
3.9200000000000004,0.003020817895219346,0.13008168514461488,0.0036216221790623462,0.13443646905109283,0.0013161374262016087,0.12160291791714108
3.93,0.00305394063580554,0.1300538681258773,0.003659048004303471,0.13440656217689892,0.001342190202126233,0.12157937908512612
3.9400000000000004,0.0030871001924171917,0.1300262520384119,0.0036964420501447437,0.13437685584922848,0.001368532985798399,0.12155603710663275
3.95,0.003120298488420624,0.12999883073589222,0.0037338156572139757,0.1343473491225883,0.0013951176869764132,0.1215328756543118
3.9600000000000004,0.0031535201221365673,0.12997160080184422,0.0037711512334923265,0.13431803631739342,0.0014219304586895157,0.12150989617613396
3.97,0.0031867661371643833,0.12994456322074074,0.0038084464276294874,0.13428891909868151,0.0014489866546850345,0.12148709847828752
3.98,0.0032200426451280515,0.12992532319511724,0.0038457079651822877,0.13427133116672377,0.0014762888503596738,0.12146447898725686
3.99,0.003253352391467522,0.12989864356753866,0.003882929075591737,0.1342425701135808,0.0015038833357712844,0.12144203580730598
4.0,0.0032866884948637323,0.12987214838641312,0.003920112560625232,0.13421400411273657,0.0015317106241509006,0.121419752126981
4.01,0.003320052647586206,0.12984583578830244,0.003957257945849577,0.13418562914369314,0.0015597805558975044,0.12139763064242111
4.0200000000000005,0.0033534482107276495,0.12981970463856748,0.003994361523740715,0.13415744359687007,0.0015881277381639472,0.12137567123121737
4.03,0.0033868674973702587,0.12979375717039157,0.004031425180300104,0.1341294508513105,0.0016166939256130857,0.12135387426870789
4.04,0.0034203207348363503,0.12976798979976978,0.004068459694556619,0.1341016540079663,0.00164548809986833,0.12133222260686596
4.05,0.0034538019791911416,0.12974240099549256,0.0041054550848423155,0.13407404750896576,0.0016745182302286494,0.12131072303063349
4.0600000000000005,0.003487314896145512,0.12972449547235818,0.004142403035123148,0.13405780807884965,0.001703840480103903,0.12128938786490422
4.07,0.003520845282988643,0.12969923061391248,0.0041792999880059375,0.13403052694945378,0.0017333845716760716,0.12126820499397363
4.08,0.003554397481970381,0.12967413913964854,0.004216152307306048,0.13400343273227505,0.0017631449377816133,0.12124716597883195
4.09,0.00358797546695747,0.12964921856543477,0.004252967278166179,0.13397652282720596,0.0017931100883849152,0.12122626871339606
4.1000000000000005,0.003621573248029688,0.12962446584151396,0.004289733622740518,0.13394979115723357,0.0018232933817891653,0.12120551638838903
4.11,0.0036551922341494128,0.12960836450785843,0.004326463843827912,0.1339358844222934,0.0018536465411764264,0.12118489892997941
4.12,0.0036888366173218595,0.12958391862475785,0.004363159145485204,0.1339094743712669,0.0018841867299780823,0.12116442073720574
4.13,0.0037225166028560376,0.12955964130499054,0.004399823028783143,0.13388324850584182,0.0019149542101711398,0.12114407785896174
4.140000000000001,0.003756229101766655,0.1295355307035648,0.004436456112105998,0.13385720660205683,0.0019459271812449234,0.12112386532085005
4.15,0.003789982868286177,0.12951158843849636,0.00447306800927474,0.133831346512636,0.001977111483460286,0.12110379253828762
4.16,0.003823780150102393,0.129487807584039,0.004509655921744267,0.13380566352943923,0.0020085291713046985,0.12108384799575389
4.17,0.0038576143584590655,0.12946418905547033,0.0045462212415887295,0.13378015917922306,0.0020401367830353615,0.1210640315608444
4.180000000000001,0.0038914663746862075,0.1294407205821366,0.004582743718869542,0.13375481972417952,0.0020719135300742786,0.12104433393273148
4.19,0.003925341678198062,0.12941740394689466,0.004619222681500552,0.13372964518045746,0.0021038902100799315,0.12102476051460674
4.2,0.003959236327087771,0.12938599634454487,0.004655650628821198,0.13369235039761113,0.002136074570579987,0.12100531391025954
4.21,0.00399315886084168,0.1293712187811814,0.004692030309254112,0.13367977979600673,0.00216849853094963,0.12098598638091548
4.220000000000001,0.004027111412497844,0.1293483506228282,0.004728362989018534,0.133655089074688,0.002201165719619703,0.12096678663495679
4.23,0.004061086527329878,0.12932563504324496,0.004764654427819344,0.13363056162544618,0.0022340122910273984,0.1209477171379553
4.24,0.004095086817910495,0.12930306364037095,0.004800905598042701,0.133606190806818,0.0022670466333397418,0.1209287658124479
4.25,0.004129118908389697,0.12928809307139766,0.0048371122441452355,0.13359308597990066,0.0023003178195789577,0.12090993900004518
4.26,0.0041631867900128825,0.12926579127297966,0.004873272672562632,0.13356898679134008,0.00233385039012742,0.12089125209131321
4.2700000000000005,0.004197293136805957,0.12923622730077097,0.004909394151745138,0.13353400105759428,0.002367627209902709,0.1208726946457729
4.28,0.004231433447045053,0.129214246918918,0.004945469410880033,0.13351025026621668,0.0024016510196189,0.12085427312641418
4.29,0.0042656038382113725,0.1291924110118304,0.0049815010194736295,0.13348665121718584,0.0024358902523243676,0.12083598100244777
4.3,0.004299814219371931,0.12917071870713145,0.005017499273831901,0.13346320281182583,0.002470353522671629,0.12081781793677569
4.3100000000000005,0.004334059521702389,0.12915648528174237,0.005053460012368017,0.13345080838985895,0.00250502945721135,0.1207997819148271
4.32,0.004368333214395671,0.12913504737794848,0.005089374672338793,0.13342761577183238,0.0025399160402186,0.12078187016607482
4.33,0.004402619905739428,0.12911374336931566,0.005125231553103652,0.1334045644298724,0.0025749796211754824,0.12076407710106188
4.34,0.00443692527109182,0.12909256943910632,0.005161027960944627,0.13338165071706296,0.0026102562933214748,0.1207463984676494
4.3500000000000005,0.004471257900436304,0.12907920666345518,0.005196768923558901,0.1333703226402749,0.0026457672625813953,0.12072883342044538
4.36,0.004505616696633286,0.12905826623364172,0.005232457741207969,0.13334764763820658,0.0026814931451849175,0.12071137742680686
4.37,0.004539994131387769,0.12903745487413007,0.005268089349907732,0.13332510752133922,0.0027174144353586654,0.12069403859328882
4.38,0.004574397444683286,0.12901678067051955,0.005303676010086501,0.13330271065710206,0.0027535202066990296,0.12067682465158318
4.390000000000001,0.004608818183495665,0.12898864334786822,0.0053392095395489855,0.13326914266239764,0.002789798367510633,0.12065970864992139
4.4,0.0046432678971224176,0.12896823660944556,0.005374694171851443,0.1332470483850049,0.0028262869860416926,0.1206426903107508
4.41,0.004677738342881325,0.12894795133958697,0.00541012546125768,0.13322508435759686,0.002862961536431885,0.12062577556579977
4.42,0.004712224225468289,0.12893530624778218,0.0054454999766940584,0.13321445288672387,0.002899808113506511,0.1206089725271921
4.430000000000001,0.004746747692781524,0.12891525129874634,0.005480838083821296,0.13319272308519842,0.002936857309274146,0.12059228069666243
4.44,0.004781292812896621,0.12889532176964702,0.005516122220522009,0.1331711199140272,0.0029740949485948663,0.12057571200713192
4.45,0.004815864720627288,0.12887551776071052,0.005551354631260573,0.1331496482492783,0.0030115354320883634,0.12055925677482482
4.46,0.004850476377705403,0.12885583755456353,0.005586531781237599,0.13312830300201356,0.003049247954939675,0.12054291996902164
4.470000000000001,0.0048851081429625316,0.12883627510805867,0.005621650526346701,0.13310707935417007,0.003087151870523276,0.12052669322642288
4.48,0.004919743775695017,0.12881682086826213,0.0056567104539774135,0.13308597524250312,0.0031251742889406363,0.12051055186326284
4.49,0.004954386390634561,0.1287974768759972,0.005691704309194068,0.13306498800956962,0.0031633529773706618,0.12049450740148702
4.5,0.004989044084233026,0.12877824882600872,0.005726639538369835,0.13304412328279225,0.003201698335438491,0.1204785657541047
4.51,0.0050237125714096735,0.1287591351662012,0.005761513730122226,0.13302337672960102,0.003240198315123599,0.12046273099354378
4.5200000000000005,0.005058397310912816,0.12874013115640406,0.005796325667069306,0.1330027438363315,0.003278880051954536,0.12044699787504654
4.53,0.005093100256915252,0.1287212380657823,0.005831083565899123,0.13298222961781966,0.003317724121522647,0.12043136017220307
4.54,0.00512781323591521,0.1287101617498074,0.005865779157944355,0.13297331753068625,0.0033567207535344554,0.12041582287022662
4.55,0.00516253975834675,0.12869146431117637,0.005900411400910812,0.13295299931362756,0.0033958876708575494,0.1204003808313766
4.5600000000000005,0.005197281001200394,0.12867288074224098,0.005934979581795637,0.13293279575438738,0.003435231131421486,0.12038505136110944
4.57,0.005232023630703446,0.12864676385471158,0.005969485219998182,0.13290132186103829,0.003474687888147404,0.12036980657949284
4.58,0.005266782747210509,0.12862841260197003,0.006003931530694407,0.13288137762193952,0.0035143120016109444,0.12035465493355788
4.59,0.005301555951277602,0.12861016632968103,0.006038320642052691,0.1328615465629164,0.003554085547568174,0.12033959188332452
4.6000000000000005,0.005336332580777631,0.12859202163764477,0.006072646237923506,0.13284182268493216,0.0035939823984139536,0.12032461938083948
4.61,0.005371127673733885,0.12858152598779296,0.006106907702909983,0.13283344962630658,0.003634067374916678,0.120309751097025
4.62,0.005405932941601011,0.1285635652190673,0.006141107538173469,0.13281390603981147,0.0036742966596885287,0.12029497074351027
4.63,0.005440752807601644,0.12854570897517553,0.006175249419969556,0.13279447086579785,0.0037146766822433517,0.12028028737198307
4.640000000000001,0.00547558002268342,0.1285279548248124,0.006209323488116687,0.1327751403253322,0.003755206695605976,0.12026570121363103
4.65,0.005510419091789418,0.12851030695194954,0.006243327046141191,0.13275591438084028,0.003795912708853287,0.12025122504506344
4.66,0.0055452594241308965,0.12849275778521702,0.006277262903944979,0.13273679059154947,0.0038367413801607504,0.12023684094337751
4.67,0.005580108152353691,0.1284815759162542,0.006311136170100023,0.13272711393042252,0.0038777060977015242,0.12022254751923278
4.680000000000001,0.005614964297572017,0.12846420077049348,0.006344940100410959,0.13270816284376644,0.00391882245862038,0.12020834098493806
4.69,0.00564982404532743,0.12844691751829762,0.006378675227413988,0.13268931017042576,0.003960072481079496,0.12019421338702534
4.7,0.005684698756327195,0.12842973039941277,0.006412349568205817,0.13267055877384723,0.0040014777603034,0.1201801717917075
4.71,0.005719580402186715,0.1284126387975495,0.0064459633716003354,0.13265190971886406,0.004043004325507037,0.12016621218807397
4.720000000000001,0.005754482272949789,0.12839564650884414,0.006479521541907727,0.13263336482947757,0.004084690726830431,0.12015234234078997
4.73,0.0057893988934727405,0.128378752311995,0.006513019195352451,0.13261492314536338,0.00412652847501953,0.12013856053002961
4.74,0.0058243168561700545,0.12835580736274663,0.006546446558422954,0.13258742007146868,0.004168491773802668,0.12012486331736241
4.75,0.005859236789367857,0.12833911132768155,0.006579802966305084,0.13256919532845063,0.004210584475299319,0.12011124193329765
4.76,0.005894161557635089,0.12832861285654176,0.006613092926083267,0.13256016807768908,0.004252804321362647,0.12009770561883602
4.7700000000000005,0.005929082784778252,0.12831207663936642,0.006646316416303996,0.132542105550514,0.0042951178532618295,0.12008424007063123
4.78,0.005964000498416211,0.12829563104022712,0.006679474449090987,0.132524140390246,0.004337522151353893,0.12007085185841399
4.79,0.005998922294058803,0.12827927750858348,0.0067125588521854285,0.132506268770713,0.004380069914064426,0.12005755300924817
4.8,0.0060338530162136845,0.12826873796936059,0.006745572555797938,0.13249702076485279,0.004422770908636589,0.1200443435223119
4.8100000000000005,0.006068795374843576,0.1282525507307952,0.006778516387578451,0.1324793078371863,0.004465632419626429,0.12003122718866134
4.82,0.006103744634946972,0.1282364543485536,0.006811392154927732,0.13246168463520147,0.004508630146407383,0.1200182043693463
4.83,0.006138701602373771,0.12821477305157186,0.006844205841607892,0.13243569433419577,0.004551749864295499,0.12000526564896577
4.84,0.0061736654111740315,0.12819887036196664,0.006876955891284038,0.13241827931021732,0.004594992102216741,0.11999240766771296
4.8500000000000005,0.006208631407295928,0.12818305257517462,0.006909635498059788,0.13240095011630387,0.00463835737107733,0.11997963305572061
4.86,0.006243606335823435,0.12817295161847939,0.006942250220322233,0.13239210093545242,0.004681855507930497,0.1199669461090438
4.87,0.006278586248630894,0.12815729383563254,0.006974802195274779,0.1323749294287783,0.004725465114242116,0.11995433710637746
4.88,0.0063135726813575875,0.12814172342759242,0.0070072884670284025,0.1323578453912692,0.004769199650650025,0.11994181565137094
4.890000000000001,0.006348570745788379,0.12812623829875516,0.007039711018311787,0.13234084678119845,0.004813072434162746,0.11992937949977973
4.9,0.006383567632738134,0.12811083495757092,0.007072068511526193,0.1323239341345674,0.004857038414681475,0.11991701703724851
4.91,0.006418566836284915,0.1280955139844676,0.007104363306979133,0.13230710690612288,0.004901104106656368,0.11990473111713186
4.92,0.006453576028046617,0.12808651170930743,0.007136594820039955,0.13229965995232737,0.004945299365380891,0.1198925273141017
4.930000000000001,0.0064885857519030345,0.12807134485056837,0.0071687641105156645,0.13228298206053798,0.004989585741839386,0.11988040617532918
4.94,0.006523605902055043,0.12805626267879403,0.007200870230527003,0.13226638810232821,0.005034002131550139,0.11986837159314374
4.95,0.006558628190852053,0.1280412635146035,0.0072329153424541956,0.13224987848863504,0.0050785117423856095,0.11985641769312316
4.96,0.006593657775930486,0.12802634429375098,0.007264896000284396,0.1322334472263131,0.005123142353531994,0.11984454728548097
4.970000000000001,0.006628685151306933,0.12801150442671694,0.00729680940681718,0.13221709414528535,0.00516786601952525,0.11983275898263536
4.98,0.0066637210077621955,0.127996745159784,0.007328652423928809,0.13220081873634615,0.005212729625178068,0.11982105745949037
4.99,0.006698764877948756,0.1279820635885583,0.007360430471616215,0.13218461819203875,0.005257716696519649,0.11980943964720973
5.0,0.006733804826979348,0.12796745616037922,0.007392144067803258,0.13216849238059744,0.005302782173852465,0.11979789514905895
5.010000000000001,0.00676885026932544,0.12795292587130386,0.007423795928669501,0.13215244426204517,0.005347952968593172,0.11978642698040382
5.0200000000000005,0.006803900737933972,0.12794395309298412,0.007455381607017974,0.1321446415410401,0.005393238452246792,0.11977504197259634
5.03,0.006838955907839151,0.12792956800610128,0.007486899581142166,0.13212872480731333,0.005438640884408591,0.1197637479154977
5.04,0.006874007188735565,0.12791525885747407,0.007518352502692417,0.13211288099013496,0.0054841223543870155,0.11975253634525744
5.05,0.006909062208949494,0.12790102452381655,0.0075497345075106305,0.13209710557942886,0.005529724745655537,0.11974141292213007
5.0600000000000005,0.006944121400806993,0.12788686322316536,0.007581050078043391,0.13208140158797227,0.005575437765286472,0.11973036610849853
5.07,0.0069791796382448115,0.12787277769201869,0.007612299665748359,0.1320657703410834,0.00562124171776354,0.11971940158620832
5.08,0.007014224387673745,0.127858761024342,0.007643478948735806,0.13205020854166016,0.005667102928996913,0.11970850510444453
5.09,0.007049263224990189,0.12784481672594172,0.0076745896789921116,0.13203471857044585,0.005713043727609501,0.1196976823766455
5.1000000000000005,0.007084307316017524,0.12783676510574177,0.007705634083939199,0.1320279794964745,0.005759097608026434,0.11968693184437584
5.11,0.007119355665690164,0.12782294593231605,0.007736615341880108,0.13201260822972186,0.00580525279978573,0.11967624797912556
5.12,0.007154406456521417,0.12780919870034144,0.00776753331682191,0.13199730931309356,0.005851502978541884,0.11966563550703178
5.13,0.007189455504052086,0.12779551985583903,0.007798389281324071,0.13198208256720537,0.005897830219411189,0.11965508401562618
5.140000000000001,0.007224495829916583,0.12777614657693712,0.007829180353328533,0.13195833633870804,0.005944217269587811,0.11964459100320081
5.15,0.007259534545744313,0.12776261524800553,0.007859900330699575,0.13194326756615252,0.005990703778659228,0.1196341661266583
5.16,0.007294576177933921,0.12774915446856625,0.00789055295983464,0.13192826468747515,0.006037295910289657,0.11962382153735758
5.17,0.0073296311155110335,0.12774148492371154,0.007921142265509933,0.13192185076863466,0.006084019253382246,0.1196135719779302
5.180000000000001,0.007364687887721097,0.12772815364305892,0.007951667741147741,0.13190695933284638,0.006130835144241364,0.11960339436762199
5.19,0.007399749570748905,0.12771489505241027,0.007982129444329392,0.13189213887845275,0.0061777536922849015,0.1195932932365154
5.2,0.007434817111426889,0.12770170536339284,0.008012522369241085,0.13187738203978794,0.006224789692119669,0.11958327200563726
5.21,0.007469879846011643,0.12768858001774058,0.008042846118661436,0.13186268837472936,0.006271907362826049,0.1195733177620074
5.220000000000001,0.007504935972138299,0.1276755211218769,0.008073098626444704,0.13184805993426604,0.00631910526098429,0.11956343263145779
5.23,0.007539991221749977,0.1276625272617433,0.008103285442662773,0.13183349478362708,0.006366389468213647,0.11955361638362404
5.24,0.007575048705331604,0.12764960028580785,0.008133409109125732,0.13181899363343547,0.006413764258055469,0.11954387318835218
5.25,0.007610106121419692,0.12763673674250922,0.00816347107322068,0.131804557271421,0.00646121826497666,0.1195341909696072
5.260000000000001,0.007645155148049483,0.12762988319892668,0.00819347156147804,0.13179905424702515,0.006508722937973313,0.11952456798581824
5.2700000000000005,0.007680196267590495,0.12761712906106676,0.008223407487089121,0.13178472245034534,0.006556287128686682,0.11951500587855636
5.28,0.007715240979641298,0.12760443858195464,0.008253282951498407,0.13177045557427045,0.006603939624462456,0.11950550506813631
5.29,0.007750288252642587,0.1275918150715583,0.008283092661107588,0.1317562505355381,0.0066516889775191865,0.11949608192684828
5.3,0.007785333856777289,0.12757925324445143,0.008312835743591509,0.13174210459429356,0.006699522840899047,0.119486725948108
5.3100000000000005,0.007820372680042422,0.12756675350479774,0.008342514940496119,0.13172802082688986,0.006747417806266765,0.11947743214405258
5.32,0.007855406830544908,0.12755431496970507,0.008372129335631062,0.13171399668530637,0.006795382863617228,0.11946820296251015
5.33,0.007890437909495151,0.1275419402355696,0.008401678421108491,0.13170003440436165,0.006843424320149392,0.11945904180739109
5.34,0.007925451840383237,0.12752962451434027,0.008431163041261482,0.13168613210263522,0.006891493929281722,0.11944993804787667
5.3500000000000005,0.00796045987462044,0.12751737314649944,0.008460588162094515,0.13167229396361357,0.0069396174782785066,0.11944089936438294
5.36,0.007995456572610445,0.12750518125140567,0.008489951381244209,0.13165851480973517,0.006987782643822854,0.11943192145737082
5.37,0.008030449047320375,0.12749305134235864,0.008519256022981201,0.13164479740020546,0.007036005219797081,0.11942300632774402
5.38,0.008065433177651873,0.12748703996884997,0.008548502754295638,0.13164017902157588,0.0070842703239282915,0.11941414418267429
5.390000000000001,0.008100408255320574,0.12747501413461496,0.00857768432764021,0.13162655970107157,0.0071325919031572016,0.11940534594482793
5.4,0.008135368658549752,0.12746304766265865,0.008606800359723206,0.13161299774052282,0.0071809525973959305,0.11939661137506367
5.41,0.008170319708368736,0.12745114072883726,0.008635849982077531,0.13159949071574528,0.00722937154785547,0.1193879459178814
5.42,0.008205255772108814,0.12743928853766132,0.008664834675790503,0.13158603931999285,0.007277827307479954,0.1193793336092065
5.430000000000001,0.00824018923453457,0.12742749417117472,0.008693753960811505,0.13157264147840336,0.007326360732759299,0.1193707879746982
5.44,0.0082751149664067,0.12741575800312857,0.008722609862506062,0.13155929927476992,0.007374950766247095,0.11936230597150944
5.45,0.008310029536795044,0.12740408255617242,0.008751402726005922,0.13154601702411992,0.007423585650363075,0.11935388651385942
5.46,0.008344929125476058,0.12739246463752654,0.008780134406422106,0.131532792994485,0.0074722492080935045,0.11934552343464902
5.470000000000001,0.008379817526495295,0.1273809037142363,0.008808803401977941,0.13151962202562908,0.0075209568897127415,0.11933722555484992
5.48,0.008414695681049368,0.1273694047093909,0.008837412319341532,0.13150650785104623,0.007569706075343757,0.11932900030957945
5.49,0.008449555047892528,0.12735796324163562,0.008865956962638906,0.13149345017389782,0.007618478846228936,0.11932083497882609
5.5,0.0084844063012912,0.12735222059923484,0.008894434550735904,0.1314888598760594,0.007667314997429831,0.11931273583092576
5.510000000000001,0.008519251798730308,0.12733525107448607,0.008922846473143895,0.1314674891085225,0.007716218830346604,0.11930470900626747
5.5200000000000005,0.008554095800617471,0.1273239854601363,0.008951200827524753,0.1314545898089142,0.00776518628741453,0.11929675557437214
5.53,0.008588933528157958,0.12731277608341754,0.008979497259029962,0.13144174508158943,0.007814203047931017,0.11928886194375023
5.54,0.008623761898301045,0.12730162199930423,0.009007731756737036,0.13142895310840919,0.007863267974546393,0.11928102894278839
5.55,0.008658579352351939,0.12729052016762535,0.009035905667108572,0.1314162112072255,0.007912373332808842,0.11927325278942404
5.5600000000000005,0.008693384178366343,0.1272850307847151,0.009064016168720507,0.13141181427542786,0.007961519772040718,0.11926553079372353
5.57,0.008728177379248133,0.12727402325004575,0.009092062714687692,0.1313991561395952,0.00801071156929403,0.11925787084143961
5.58,0.008762952424899145,0.12726307105798412,0.009120047653561954,0.1313865530351665,0.008059923532450941,0.11925026704991373
5.59,0.008797723312083628,0.12725217479886358,0.009147972249044616,0.1313740008132871,0.008109196467659055,0.11924272957809938
5.6000000000000005,0.008832478879548702,0.12724709809891843,0.009175838426101746,0.13137009960782323,0.008158491803623727,0.11923525258846703
5.61,0.008867219100962739,0.1272362979127583,0.009203644060669616,0.13135762971691614,0.008207814010003818,0.11922783973771595
5.62,0.008901943277094388,0.12722554926034993,0.009231387563118565,0.1313452076005469,0.008257164325145751,0.11922048624231099
5.63,0.008936658874499048,0.1272148545142556,0.009259072215399159,0.13133283508316423,0.008306558958002816,0.1192131955662748
5.640000000000001,0.00897136284720303,0.1272042122512334,0.009286695369762494,0.13132051132950154,0.008355994023052048,0.11920596508614117
5.65,0.009006059720648763,0.1271879254790818,0.009314259181750786,0.13129973804137035,0.008405478921687408,0.11919879482627145
5.66,0.009040737225233086,0.1271830826992099,0.009341761785613982,0.1312960071981019,0.008454980008105708,0.11919168313290397
5.67,0.00907539505399521,0.1271725916226204,0.00936920401823843,0.13128382521031867,0.008504494783035275,0.11918462351016437
5.680000000000001,0.00911003968315844,0.12716215211045312,0.009396584124090205,0.1312716909118379,0.008554046637486216,0.11917762346792203
5.69,0.009144667552546474,0.12715176118521168,0.009423903234137668,0.13125960238400047,0.008603622488112967,0.1191706778772094
5.7,0.009179284884311698,0.1271414224933724,0.009451163251960815,0.13124756119104466,0.008653237387919795,0.11916379459464857
5.71,0.009213884098970327,0.1271311348498768,0.00947836394122965,0.13123556824357813,0.008702868932974296,0.11915696822681689
5.720000000000001,0.009248460399279236,0.12712089370587565,0.009505504601603872,0.13122362120445744,0.008752504202426067,0.1191501897056431
5.73,0.009283016182471255,0.12711069596462538,0.009532584011548913,0.13121171871513457,0.008802153049390126,0.1191434523614824
5.74,0.00931755249437192,0.127106538361531,0.00955960781357189,0.1312088077125153,0.00885180745464148,0.11913675452740219
5.75,0.009352074651788129,0.1270964204096958,0.009586576394524034,0.131196979964921,0.008901482775155956,0.11913010770604916
5.760000000000001,0.009386577221232716,0.12708635114863492,0.009613489881740002,0.13118520020354227,0.008951162615310532,0.11912351116005444
5.7700000000000005,0.009421064478226777,0.12707037310269495,0.009640346096546244,0.13116458067328945,0.009000864251809359,0.11911696462613279
5.78,0.009455535842001641,0.1270604128309789,0.00966714655703197,0.13115291109525096,0.009050583037018936,0.1191104746177423
5.79,0.009489990594880156,0.12705050528790315,0.009693891414981988,0.13114129172981412,0.009100316653436061,0.11910404259640309
5.800000000000001,0.009524427957930114,0.12704064789479227,0.009720578355615201,0.13112971695413866,0.009150067465024237,0.11909767212940457
5.8100000000000005,0.009558838981239132,0.1270367350825127,0.009747206331592912,0.1311269898475183,0.009199811104752126,0.11909134513788024
5.82,0.009593229769082013,0.12702695203163153,0.009773775683817825,0.13111548204515938,0.009249565179003088,0.11908506436367369
5.83,0.009627605667983662,0.1270172130747249,0.00980028715974492,0.1311040160994679,0.009299344134764066,0.11907883225588992
5.84,0.009661960872037483,0.127007518343194,0.009826745075594289,0.13109259461371445,0.00934912250694407,0.11907264400399835
5.8500000000000005,0.009696292216969962,0.1269978685034065,0.009853148445347036,0.13108121632996697,0.00939889309858403,0.11906650420593914
5.86,0.009730601437371844,0.1269882631917617,0.009879495984791096,0.1310698803025827,0.00944866371700718,0.11906041366402305
5.87,0.0097648928087216,0.12697870277726825,0.009905783610506699,0.13105858768780443,0.00949845495743231,0.11905437109205344
5.88,0.009799167044241103,0.12697448494777058,0.009932014151555951,0.13105524144912076,0.009548263500129968,0.11904837928021181
5.890000000000001,0.00983342553853307,0.12696500534193597,0.009958189255411462,0.13104401766195312,0.009598090328361753,0.11904244211596124
5.9,0.009867669061071413,0.1269555693617605,0.00998430755968849,0.13103283374125174,0.009647940369612053,0.11903655621973622
5.91,0.009901890720550447,0.12694617683352177,0.010010366917275935,0.1310216912484299,0.009697797702259864,0.11903071796683319
5.92,0.009936100362324726,0.1269368318247071,0.010036371535651865,0.1310105907083365,0.009747683029030316,0.11902493860703593
5.930000000000001,0.009970298717802195,0.1269222967062818,0.010062319343135135,0.13099171552834066,0.009797602431307013,0.11901922091233948
5.94,0.010004470171056119,0.12691305219297208,0.010088208286256445,0.13098071186090585,0.009847514539446448,0.1190135493240121
5.95,0.010038610406359425,0.12690384755184597,0.010114041577660304,0.13096974855732874,0.009897400961212844,0.11900791674413434
5.96,0.010072729805335877,0.1268998887772713,0.010139817432377324,0.13096658624368404,0.00994729531631904,0.11900233866078269
5.970000000000001,0.010106829222863423,0.12689075759375085,0.01016553523118006,0.1309556814008754,0.009997201329756202,0.11899681029931852
5.98,0.010140901650150446,0.1268816634254347,0.010191196080241991,0.13094481297692043,0.01004709681975051,0.11899132019513411
5.99,0.010174952933989323,0.12687261104261008,0.010216802253651382,0.13093398575537293,0.010096994507972511,0.11898587311400051
6.0,0.010208984242239353,0.1268685583748207,0.010242352230484066,0.13093059769150625,0.010146900714229455,0.11898046983884764
6.010000000000001,0.010242994677877081,0.12685957799093667,0.010267846762073448,0.13091983330730153,0.010196811553493121,0.11897511365679003
6.0200000000000005,0.0102769848354363,0.1268506387910974,0.010293287008816413,0.13090910963772778,0.010246726672423141,0.1189697996751564
6.03,0.01031095548650012,0.1268417414868843,0.010318674019108152,0.13089842449643005,0.010296646437739393,0.11896453448410772
6.04,0.010344904027718059,0.12682796750556521,0.010344007271482322,0.13088044068528384,0.010346564501038122,0.11895931243523951
6.050000000000001,0.010378825195513993,0.1268191588012768,0.010369286623236723,0.13086984854809908,0.010396466273685177,0.11895412681857681
6.0600000000000005,0.010412730630359853,0.12681528657005559,0.010394511413584943,0.13086659858349114,0.010446386260113542,0.11894899138147827
6.07,0.010446609988302998,0.12680654920668236,0.010419681147138149,0.1308560648893303,0.010496296043588963,0.11894390358046085
6.08,0.010480468898074998,0.12679785678811953,0.01044479879521964,0.13084557228761007,0.010546206283821292,0.11893886863014817
6.09,0.010514302451938204,0.12678920686576906,0.01046986280295037,0.13083511695267686,0.01059610605766036,0.11893388681794718
6.1000000000000005,0.010548119912159183,0.12678607794677688,0.010494871657691366,0.1308328771411308,0.010646024457005982,0.11892895356445699
6.11,0.010581920544961603,0.12677203073949977,0.010519828426489457,0.13081431750068914,0.010695953843935204,0.11892407233031611
6.12,0.010615702322172987,0.12676350633405273,0.010544733089171041,0.13080397482350825,0.010745888606260707,0.1189192422397672
6.13,0.01064946135842942,0.12675502225010282,0.010569585635402383,0.13079366986477614,0.010795817919356961,0.118914457809863
6.140000000000001,0.010683203358806894,0.12674658006399508,0.010594386320361594,0.13078340131672983,0.01084575748024557,0.11890972646506179
6.15,0.01071692347046413,0.12673818073994783,0.01061913328002898,0.13077316999834868,0.010895697102775527,0.11890504948698923
6.16,0.010750623740172365,0.12672982140222674,0.010643826418302615,0.13076297443884308,0.01094564278993281,0.11890042108661071
6.17,0.010784306076530798,0.12672150323794085,0.01066846957456914,0.13075281650180484,0.010995593048962046,0.11889584109261542
6.180000000000001,0.010817971144689475,0.12671322745794278,0.010693064069099138,0.13074269591639517,0.01104554746020328,0.11889131370670983
6.19,0.010851614225215215,0.12670498970421584,0.01071760743083557,0.13073260915954504,0.011095497373668935,0.11888683289103376
6.2,0.010885239088960443,0.12670215575387653,0.010742100439515309,0.13073056431368496,0.01114545201683767,0.11888240013265162
6.21,0.010918845954912281,0.126693985464126,0.010766542039260295,0.13072052893486713,0.011195413959835528,0.11887801971780736
6.220000000000001,0.010952420890346733,0.126685852420765,0.010790933051473337,0.13071052876920922,0.011245343103746492,0.1188736807548281
6.23,0.010985965349397546,0.12667775293858824,0.010815272937874505,0.13070056319582612,0.011295244665791694,0.11886937328031591
6.24,0.011019482727454719,0.12666968955503635,0.010839559581750926,0.1306906314727307,0.011345131997504079,0.11886510650846138
6.25,0.011052973449998598,0.12666166055729458,0.010863794860726646,0.13068073357113083,0.011395003097001016,0.11886087525690517
6.260000000000001,0.011086431888519509,0.12665366722933308,0.010887979451480009,0.1306708699123947,0.011444841370968479,0.11885668258477021
6.2700000000000005,0.011119865333866968,0.1266503579247673,0.010912112653232409,0.13066797515393255,0.011494668383141497,0.1188525362592052
6.28,0.011153284131612175,0.12664243090780922,0.010936195109148816,0.13065816150244672,0.011544511632555163,0.1188484430971729
6.29,0.011186685328261945,0.12663454103974742,0.010960229050911128,0.1306483812785842,0.011594359097419366,0.1188443946297519
6.300000000000001,0.011220062009967368,0.1266266871983993,0.01098421448917715,0.1306386354206901,0.011644191829028847,0.11884038555087209
6.3100000000000005,0.011253408362180467,0.12661886753730858,0.011008150366431052,0.13062892182506528,0.011693995852878804,0.11883641457543795
6.32,0.011286726173192398,0.12661107930729223,0.01103203539342908,0.13061923868121364,0.011743778505467886,0.11883247696137321
6.33,0.01132001360694738,0.1266033229133544,0.011055870686724714,0.13060958700368283,0.011793532973257227,0.11882857190284536
6.340000000000001,0.01135327193686918,0.12659102088387342,0.01107965621646122,0.1305931309716834,0.011843262969379539,0.11882470444017443
6.3500000000000005,0.011386504403833292,0.1265833425482394,0.011103392918576137,0.13058355736448016,0.011892975889686906,0.1188208771534081
6.36,0.011419710131310759,0.1265802616008229,0.011127081780981414,0.13058082505950375,0.011942667772230893,0.1188170944238673
6.37,0.01145288675104702,0.1265726445687598,0.011150724522522167,0.1305713034002427,0.011992329360429217,0.11881334759004057
6.38,0.011486036034531594,0.12656506209884272,0.011174319187936963,0.13056181324708876,0.012041969024466062,0.11880964149112966
6.390000000000001,0.01151914675874826,0.12655751141661048,0.011197864695903873,0.13055235577219115,0.012091558271392936,0.11880596540607184
6.4,0.011552227037477809,0.12654999304953882,0.011221363839319246,0.13054292981973858,0.012141114586894488,0.11880232324510441
6.41,0.011585286253757439,0.12654251136188785,0.011244815432854847,0.1305335368613337,0.012190665621084848,0.11879872518719524
6.42,0.011618315028702135,0.12654023388470254,0.011268219710090836,0.13053189491290865,0.012240185668025276,0.11879516492996818
6.430000000000001,0.011651310450601736,0.12653280711902187,0.0112915752511386,0.13052254953539516,0.012289669445387317,0.11879163683451427
6.44,0.011684282462889797,0.12652541491773234,0.011314882661602585,0.13051323512595792,0.012339142965605662,0.11878815052699944
6.45,0.011717227965677032,0.12651805668711927,0.011338140187597679,0.13050395100251125,0.0123886009303589,0.11878470561554473
6.46,0.01175014427542093,0.12651073146332942,0.011361348739607613,0.1304946957417811,0.01243803467425905,0.11878130204584632
6.470000000000001,0.011783031093094812,0.12650343960336283,0.011384510624024222,0.13048547041946873,0.012487439629830082,0.11877793875609093
6.48,0.011815893883826332,0.12649618409668206,0.011407622825060667,0.13047627635952197,0.01253683572717096,0.11877462209284338
6.49,0.011848731237425943,0.12648386424242627,0.011430687363794677,0.13045950184035776,0.012586215850072607,0.11877134370766534
6.5,0.011881538153153088,0.12647668244118945,0.011453707165076652,0.13045038313810298,0.012635561785363585,0.11876809711113266
6.510000000000001,0.011914305144832563,0.1264746052746608,0.011476681940196002,0.1304488749562284,0.01268484877857408,0.11876487364860902
6.5200000000000005,0.011947040920331988,0.1264674725143851,0.011499610725637443,0.1304398011237443,0.012734101999479878,0.11876168469506
6.53,0.011979749382027779,0.1264603714690171,0.011522492335861794,0.1304307554903571,0.012783334023662983,0.11875853450788036
6.54,0.012012432316505967,0.12645330290638127,0.011545328000882017,0.13042173734994122,0.012832547685566032,0.11875542686051592
6.550000000000001,0.012045090610249632,0.1264462671358264,0.011568119057722079,0.13041274724536048,0.012881743234570094,0.11875236158048459
6.5600000000000005,0.012077719352317199,0.12643926225919608,0.011590863848795784,0.13040378488373408,0.012930910450159934,0.11874933351686223
6.57,0.012110318340267481,0.12643228793862582,0.011613561254831714,0.13039485071212978,0.012980050784619408,0.11874634073006243
6.58,0.012142891822783239,0.1264253468277286,0.011636212685840988,0.13038594544496396,0.013029173323934433,0.11874338981560482
6.590000000000001,0.012175438680320182,0.1264230435298574,0.011658816057556833,0.1303839453945816,0.013078278633852821,0.11874048010371066
6.6000000000000005,0.01220795542213727,0.12641615849750493,0.011681373657649175,0.13037508467957568,0.013127353774829348,0.11873760871603245
6.61,0.012240443594811433,0.12640930326976077,0.011703886043113954,0.13036625181234182,0.013176402064699734,0.11873477101593906
6.62,0.012272907314592912,0.12639790146032573,0.011726352898922373,0.1303506099378608,0.013225435039911599,0.11873197252391839
6.63,0.012305340540115946,0.12639111478697163,0.011748774009671687,0.1303418438754599,0.013274437165556402,0.1187292065769744
6.640000000000001,0.012337742277019836,0.12638435736525677,0.011771151387413378,0.13033310403666498,0.013323402657570487,0.11872647594782741
6.65,0.012370102381557438,0.1263776281884143,0.011793484460869072,0.13032439256207587,0.013372305837052043,0.11872377330285876
6.66,0.012402425302791033,0.12637546776580189,0.011815772864786052,0.13032249106805713,0.013421159259958888,0.1187210972349151
6.67,0.012434717635402394,0.12636878852976674,0.01183801732881574,0.13031382318565946,0.013469979286567072,0.11871845748994378
6.680000000000001,0.012466980999802193,0.1263621402383975,0.011860218799097128,0.13030518330010493,0.013518768787799092,0.11871585455639147
6.69,0.012499210547110071,0.1263555223825356,0.011882377154177748,0.13029657006032172,0.013567515348795491,0.11871328966323846
6.7,0.012531409417821585,0.12634893334503705,0.011904490801048474,0.1302879828177449,0.01361622995285119,0.11871075924305723
6.71,0.01256357977531436,0.1263423719681589,0.01192656193676879,0.13027942055589217,0.013664914846036554,0.11870826184519898
6.720000000000001,0.012595714345428093,0.1263409270205425,0.011948590841364567,0.13027848554936916,0.01371355064236248,0.11870579342740904
6.73,0.012627820953452298,0.12633441253775374,0.011970576601364965,0.1302699620212944,0.013762159476633326,0.11870335955949006
6.74,0.012659897585928132,0.1263279279952127,0.011992520290668359,0.13026146595809923,0.013810734466341849,0.11870096057998783
6.75,0.01269195284053441,0.1263214766046263,0.012014420742437592,0.1302529968731281,0.013859300077175925,0.11869860715996339
6.760000000000001,0.012723978598863518,0.12631505261048218,0.012036279332563536,0.13024455448931016,0.013907832968568502,0.11869628246828891
6.7700000000000005,0.0127559705219194,0.12630865447273515,0.012058095459543169,0.13023613904042117,0.013956322920610635,0.11869398134975782
6.78,0.012787929562725564,0.12630228364759002,0.012079868311022464,0.130227748522226,0.0140047738574226,0.11869171233768942
6.79,0.012819858895010276,0.12629092391978286,0.01210159840107258,0.1302118856034707,0.014053193354237206,0.1186894848648364
6.800000000000001,0.012851756073319004,0.12628462257111883,0.012123286359609459,0.13020356312012082,0.014101574170494176,0.11868728790688585
6.8100000000000005,0.012883618335935619,0.12627834718143385,0.012144933754410163,0.13019526668744255,0.014149906776422395,0.1186851166365406
6.82,0.01291545269886241,0.1262770941534865,0.012166540231593463,0.13019445220052778,0.014198210109040859,0.11868298624884305
6.83,0.012947249642046414,0.12627086665749945,0.012188105874579662,0.13018619294456385,0.014246459463146685,0.11868088459923207
6.840000000000001,0.012979012541024697,0.12626466684604584,0.01220962968363287,0.13017795974641247,0.0142946653450468,0.11867881378892653
6.8500000000000005,0.013010745318255048,0.12625849609589496,0.01223111074286636,0.13016975066553593,0.014342839486962699,0.11867678194769954
6.86,0.013042449865239026,0.12625235470144253,0.012252549025710418,0.13016156666309545,0.014390986922326751,0.11867478802343455
6.87,0.013074118393440842,0.12624623821006412,0.012273946696869953,0.1301534068737698,0.014439084220442195,0.11867282028281402
6.88,0.013105750388910887,0.12624014596782115,0.012295302580388301,0.1301452694914841,0.01448713206619011,0.118670880383868
6.890000000000001,0.013137355618317647,0.12623408156790633,0.012316616799238829,0.13013715598446637,0.014535155593397043,0.11866897622096763
6.9,0.013168928618776323,0.1262328064817848,0.012337890152690477,0.13013618147163755,0.01458313955649506,0.11866710397106765
6.91,0.01320047079714981,0.12622678639563115,0.012359123616521906,0.13012810230319347,0.014631086174910943,0.11866526432263133
6.92,0.013231993389581871,0.1262207987839788,0.012380316830542179,0.13012004835035362,0.014679025025272277,0.11866347169828052
6.930000000000001,0.013263487746141533,0.12621483985447374,0.012401468791810323,0.13011201994872945,0.014726935482414275,0.1186617139874283
6.94,0.013294947743351155,0.12620890839408178,0.01242257993460493,0.13010401507474606,0.014774801244565587,0.1186599916307252
6.95,0.01332637788709161,0.12619828570574868,0.012443652320851732,0.13008898446280343,0.014822630790710936,0.11865830344131331
6.96,0.013357776920301684,0.12619712562727167,0.012464682297052908,0.13008807640622247,0.014870426693112731,0.11865664507736107
6.970000000000001,0.013389140030785405,0.12619127256221,0.01248567152862404,0.13008014326689865,0.014918174137238274,0.11865501424440963
6.98,0.013420465950368698,0.12618544499307194,0.012506620281127909,0.13007223502554727,0.014965869610220861,0.11865340999819614
6.99,0.01345175225286788,0.1261796398030786,0.012527528319184803,0.13006434949962878,0.01501350742347554,0.11865182730800608
7.0,0.01348300104009444,0.12617385657924768,0.012548396619227999,0.1300564872749009,0.015061091591910488,0.11865026373709986
7.010000000000001,0.013514211947422526,0.12616809629993714,0.012569225005548988,0.13004864847306155,0.015108621600449465,0.11864872202198704
7.0200000000000005,0.01354538282305635,0.12616235715071134,0.012590013818471293,0.13004083137139213,0.015156091588387113,0.11864720015642928
7.03,0.013576517181800479,0.12615664206612537,0.012610762150476509,0.13003303653334297,0.01520351206150543,0.11864570588423955
7.04,0.013607615788540648,0.12615095320117414,0.01263147027847647,0.1300252649178256,0.015250884674038,0.11864424377644597
7.050000000000001,0.013638678974943252,0.12614528811990783,0.012652137496731348,0.13001751541165887,0.015298211481876472,0.11864280866935333
7.0600000000000005,0.013669715229119635,0.12614397385703963,0.012672766796971194,0.13001625121547275,0.01534550959016746,0.11864140558908846
7.07,0.01370071831548432,0.12613835037082144,0.012693358904772429,0.1300085344075823,0.015392762143607385,0.11864002994365179
7.08,0.013731683484203715,0.12613274808194302,0.012713913030970886,0.1300008376694335,0.015439958423222766,0.1186386776009042
7.090000000000001,0.013762611825297304,0.12612716787909828,0.01273442769538768,0.1299931626035824,0.01548710359040767,0.11863734800283834
7.1000000000000005,0.013793510248177031,0.1261216131158667,0.012754903363259117,0.12998550906222558,0.015534214569199078,0.11863605156969181
7.11,0.013824378912029023,0.12611608246175085,0.012775342664076863,0.12997787721505893,0.015581287854105251,0.11863478394126921
7.12,0.013855222710649847,0.1261105779052954,0.012795743827970673,0.12997026679291196,0.015628338606167278,0.11863355166773357
7.130000000000001,0.013886038557014818,0.1261051004157427,0.01281610626737266,0.12996267783654913,0.015675359969383212,0.11863235763904859
7.140000000000001,0.013916820397337654,0.12609964602962848,0.012836430924579546,0.1299551090847784,0.015722335302327077,0.1186311924473648
7.15,0.013947569111339408,0.12608996297844163,0.012856716914034496,0.1299412068991909,0.01576926828140024,0.11863005510224596
7.16,0.013978284130350712,0.12608880937203149,0.0128769628275358,0.12994003852133085,0.01581615969277125,0.11862894416267236
7.17,0.014008965258472646,0.12608342841912173,0.012897171815272569,0.1299325375580746,0.015863004390997342,0.11862786338545911
7.180000000000001,0.014039613887281427,0.12607807116922903,0.012917342988739387,0.12992505760300618,0.015909807326491825,0.11862681163906422
7.19,0.014070227386485418,0.126072738179462,0.012937476283056137,0.12991759833628783,0.015956562079838615,0.1186257912674766
7.2,0.014100810169577295,0.12606743101975537,0.012957573173439707,0.12991016048595622,0.01600327764740086,0.11862480551828596
7.21,0.014131355489008793,0.12606214584473133,0.012977632713384394,0.1299027429807732,0.01604993859763128,0.11862384492111436
7.220000000000001,0.014161872821487342,0.12605688412732294,0.012997656212184327,0.129895344986982,0.016096566888531092,0.11862291556049763
7.23,0.014192359488914476,0.12605164470847954,0.013017643196302034,0.12988796654848764,0.01614315658983584,0.11862201384479534
7.24,0.014222813425864879,0.12604642886540324,0.01303759360381254,0.129880608967315,0.01618970269477477,0.11862114106511416
7.25,0.014253237108702221,0.12604584319980403,0.013057505500951527,0.12988015682655868,0.016236214389333217,0.1186202987981553
7.260000000000001,0.014283630393139284,0.12604066665862682,0.013077380006148873,0.1298728283213785,0.01628268971920864,0.11861948588617123
7.2700000000000005,0.014313993323513432,0.12603551257694387,0.01309721689336291,0.1298655183928656,0.016329129221886868,0.11861870307465615
7.28,0.0143443226989928,0.12603037833953692,0.013117018231660114,0.1298582278320857,0.01637552190454562,0.11861794086128996
7.29,0.014374616226300523,0.12602526474338532,0.013136783269630513,0.12985095624532594,0.016421863252149695,0.11861720249339873
7.300000000000001,0.014404883140516137,0.1260156077684751,0.013156511740218648,0.12983687736285152,0.016468176811193048,0.11861649602175946
7.3100000000000005,0.014435115658031739,0.12601510628107537,0.013176202797020104,0.12983646954213293,0.01651444448491058,0.11861581876757657
7.32,0.014465308300642708,0.12601005913400454,0.013195857340790564,0.12982925537657325,0.016560651387929975,0.11861516462276689
7.33,0.014495462830676138,0.12600503266824106,0.013215475507430973,0.1298220597160404,0.016606801835194952,0.11861453540736727
7.340000000000001,0.014525580923239221,0.1260000272323683,0.013235057619692904,0.12981488320585197,0.016652899632906337,0.11861393087566656
7.3500000000000005,0.014555661740183986,0.12599504056921568,0.013254604346562483,0.1298077248898559,0.01669894182251828,0.11861334612991374
7.36,0.014585702938463218,0.12599007312366287,0.013274114937772669,0.1298005860730122,0.01674492379937892,0.11861277987814291
7.37,0.014615704853157574,0.12598512535483405,0.013293589322264382,0.12979346764776778,0.01679084661728763,0.1186122317144729
7.380000000000001,0.014645666199686373,0.12598019784919812,0.013313029150246403,0.12978636889189524,0.01683670479523119,0.11861170486515149
7.390000000000001,0.014675595017621357,0.125975292982507,0.013332434886440609,0.12977929034101357,0.016882517718538357,0.11861120541629884
7.4,0.014705488663128142,0.12596592257888262,0.013351805203402364,0.12976552281760342,0.016928280871225134,0.11861073168798679
7.41,0.014735351721164849,0.12596554838428922,0.013371140141922007,0.12976519214660226,0.016974005649867622,0.11861028369264978
7.42,0.01476518057594785,0.1259607075868149,0.013390441423356658,0.12975817221294345,0.017019680657946918,0.11860985880666498
7.430000000000001,0.01479497936476349,0.1259558891488307,0.013409708837106123,0.12975117094156347,0.017065316543421933,0.11860946356529915
7.44,0.01482475162189809,0.1259510937251071,0.013428942864734918,0.12974418851526878,0.017110921421737427,0.11860909955376228
7.45,0.014854496816652692,0.125946321924923,0.013448143219781777,0.12973722581633557,0.017156494446447082,0.11860876687595709
7.46,0.014884205193290373,0.12594551645910196,0.013467309553073709,0.12973618165931383,0.017202012103612222,0.11860845785622273
7.470000000000001,0.01491388138985673,0.12594077987264046,0.013486442786124176,0.12972924691105767,0.01724748461177844,0.11860817494944617
7.48,0.01494352748582092,0.12593606534733495,0.013505542739025286,0.12972232988959667,0.017292917452341204,0.11860792265954571
7.49,0.01497314333029136,0.12593137307039992,0.013524607591043049,0.12971543150306078,0.017338312957456848,0.11860769971604344
7.5,0.015002732291437818,0.12592670411172846,0.0135436394757349,0.12970855209980256,0.017383676402045398,0.11860750865635686
7.510000000000001,0.015032286326733405,0.12592205553160923,0.013562637849112118,0.1297016901197094,0.017428988826287965,0.11860734382307403
7.5200000000000005,0.015061812366275571,0.12591742849765367,0.013581602085864198,0.12969484582663388,0.017474268274828612,0.11860720814897119
7.53,0.015091306228570377,0.1259128213343218,0.013600533054103046,0.1296880195766318,0.017519503280830424,0.11860709586066455
7.54,0.015120770699288431,0.12590823411023988,0.013619431805342579,0.12968121022233622,0.017564699259547477,0.11860700946432916
7.550000000000001,0.01515019974284824,0.12589978070026378,0.013638297542716877,0.1296686075291792,0.017609842617094387,0.11860694687216376
7.5600000000000005,0.01517960066679128,0.1258991196439058,0.013657130122441548,0.1296676433027532,0.01765495157571875,0.11860691261113897
7.57,0.015208966364120035,0.1258945916106566,0.013675930271798078,0.12966088638782938,0.017700007721331353,0.11860689848584946
7.58,0.015238296072214007,0.12589008431890908,0.013694695904250355,0.12965414863908015,0.01774501226868825,0.11860690811159068
7.590000000000001,0.015267589902142375,0.12588559790422527,0.013713427955954885,0.1296474301614484,0.017789964237811384,0.11860694169122278
7.6000000000000005,0.015296852558809963,0.12588548573194117,0.013732127507342977,0.1296472423326949,0.017834873689716056,0.11860699728343713
7.61,0.015326083156842743,0.12588102894753836,0.013750795057523923,0.12964054769431924,0.017879737815559186,0.11860707203721733
7.62,0.015355277543951423,0.12587658939145435,0.013769431771475207,0.12963387027236362,0.01792454489280576,0.11860716386534992
7.630000000000001,0.015384440384132881,0.12587216992560685,0.013788035762998798,0.12962721003882086,0.017969309100374364,0.11860728144205333
7.640000000000001,0.015413573197294275,0.1258634439726121,0.013806607671906815,0.12961409551334147,0.018014033309483375,0.11860742612874761
7.65,0.015442677970647762,0.12585907263176827,0.01382514731198278,0.12960747860333757,0.01805872270545389,0.11860760087908159
7.66,0.015471752296841317,0.12585472129423333,0.01384365696825378,0.12960087794635233,0.01810336823229467,0.11860780300378783
7.67,0.015500793526719734,0.12585469560451296,0.013862134974185876,0.1296007327117296,0.018147965859763086,0.11860803386962655
7.680000000000001,0.015529799024937528,0.12585037633113444,0.013880579979836969,0.1295941554138321,0.0181925111731154,0.11860828546179866
7.69,0.015558766759650395,0.12584607563274694,0.013898993879847145,0.12958759426657837,0.018236996630888024,0.11860856032793722
7.7,0.015587702805792901,0.1258417918561309,0.013917377110758715,0.12958104911338358,0.01828143650206714,0.11860885373356479
7.71,0.015616604308966563,0.12583752562228107,0.013935729076209557,0.12957451984173796,0.018325824755991673,0.11860916781262025
7.720000000000001,0.015645470748310564,0.125833278237593,0.01395405058341164,0.12956800678994562,0.018370159066815155,0.11860950585762806
7.73,0.015674303611272672,0.125829050934738,0.01397234063538802,0.12956151036357078,0.018414444539944747,0.11860987075399225
7.74,0.01570310250879858,0.12582058493325382,0.013990599724938334,0.1295486636854097,0.01845867962222243,0.11861025515540789
7.75,0.015731866525300862,0.12581639907535752,0.014008827135535591,0.12954220760360757,0.018502863173846047,0.11861066303602608
7.760000000000001,0.01576059525135716,0.12581223048329984,0.014027022611739751,0.12953576647954512,0.018546994635333165,0.1186110926231403
7.7700000000000005,0.01578929281795605,0.1258123157147128,0.014045186831839548,0.12953567503930397,0.01859108314960524,0.11861154967149438
7.78,0.015817955259756034,0.1258081774147383,0.014063320752025939,0.1295292552965203,0.018635117829069903,0.11861202731606828
7.79,0.01584658284355989,0.1258040551946841,0.014081424976718925,0.12952285122228588,0.018679098557475533,0.11861252166697725
7.800000000000001,0.015875171814293813,0.1257999474474178,0.014099497384967267,0.12951646242320633,0.018723019304679928,0.11861302863792708
7.8100000000000005,0.01590372934158265,0.12579585798519782,0.014117537944111126,0.12951008977767967,0.018766897538789698,0.1186135579496933
7.82,0.01593224698233353,0.1257917837463832,0.014135547371756532,0.12950373235694432,0.018810711919807984,0.11861410225316081
7.83,0.015960723509558038,0.1257877254797691,0.01415352469386671,0.1294973901667437,0.018854460928777732,0.11861466381527691
7.840000000000001,0.015989170743967874,0.1257836878689713,0.014171471408422339,0.12949106408032673,0.018898171114501615,0.11861525497780467
7.8500000000000005,0.016017585061732453,0.12578379581946467,0.014189387523511275,0.12949092719598193,0.018941833778873773,0.11861587217421442
7.86,0.01604596734484445,0.12577566951075017,0.014207272555212614,0.12947845874497993,0.018985451785242594,0.11861651367181969
7.87,0.016074315548308488,0.12577168727872426,0.014225127606099737,0.12947217923242454,0.01902901873513489,0.11861717726579972
7.880000000000001,0.01610262936968906,0.12576772068334538,0.014242953199663285,0.12946591433110052,0.019072533248203533,0.11861785833029415
7.890000000000001,0.016130909048035533,0.1257637705432184,0.014260749177148297,0.12945966426580435,0.01911599619474695,0.11861855888286083
7.9,0.016159155941298207,0.12575983848368252,0.014278513020927466,0.12945343039911902,0.01915941438620588,0.11861928108287675
7.91,0.01618736349617563,0.1257559232954453,0.014296245156286996,0.12944721287824956,0.019202771535003733,0.11862002099575114
7.920000000000001,0.01621554073177112,0.12575202601704957,0.014313946849464578,0.1294410104549092,0.019246087657361483,0.11862078424939328
7.930000000000001,0.016243685643473834,0.12574814637376594,0.014331617732144745,0.12943482288787975,0.019289358499322822,0.11862157050038451
7.94,0.01627180097688907,0.125744284062614,0.014349259700550652,0.12942864976950208,0.019332588106548136,0.11862237964425877
7.95,0.01629988305739773,0.12574449897499773,0.014366872460911229,0.1294285665413928,0.019375768116082267,0.11862321106831983
7.96,0.01632792761370906,0.12573660964705982,0.014384453550654003,0.12941634784936712,0.019418891723201017,0.11862405931988881
7.970000000000001,0.016355937457155335,0.12573279532431014,0.014402004061213312,0.12941021877537406,0.019461964248865874,0.11862492369589256
7.98,0.01638390699461652,0.1257289959289458,0.014419523988713698,0.12940410406752662,0.019504972360083108,0.11862580390201402
7.99,0.016411838692353006,0.12572521299581313,0.014437014052601681,0.12939800446228264,0.019547921064746464,0.11862670307885209
8.0,0.016439728856006506,0.12572144393706086,0.014454473945704864,0.12939191935588262,0.019590802013909836,0.11862761464273705
8.01,0.01646757954720943,0.12572171023726253,0.014471905238605889,0.12939186608293884,0.019633618076659195,0.11862854055237966
8.02,0.016495395360165026,0.12571796237153032,0.01448930851523549,0.12938579878359407,0.019676379544788195,0.11862947987071222
8.030000000000001,0.016523174608090947,0.12571422966568235,0.014506683793409027,0.12937974537185679,0.01971908242955179,0.11863043667362128
8.040000000000001,0.01655092024578076,0.12571051286717025,0.01452402940532008,0.12937370621615857,0.019761736149187057,0.11863141243382914
8.05,0.016578627706979383,0.12570681064428277,0.014541346179841064,0.1293676810504794,0.019804328723143153,0.11863240370156765
8.06,0.016606302227401618,0.12570719000713593,0.014558633924009065,0.12936775519220584,0.019846872982643034,0.11863341362584601
8.07,0.016633946648431642,0.12570351632957796,0.014575891554843274,0.12936175241664571,0.019889377249443733,0.11863444552493077
8.08,0.016661558295872927,0.12569985913167842,0.014593119685779067,0.12935576386406106,0.019931834349697485,0.11863549819235988
8.09,0.016689133387075547,0.1256962169642694,0.014610319303202871,0.12934978938405256,0.019974233978275274,0.11863656758536971
8.1,0.016716675060370126,0.12569259127936433,0.01462748974697267,0.12934382925529503,0.020016584584548035,0.11863765749509034
8.110000000000001,0.01674418497493324,0.12568898230264378,0.014644631269029191,0.1293378832671945,0.02005888983767909,0.1186387690178328
8.120000000000001,0.016771663781995974,0.12568539124856398,0.014661743945897246,0.1293319521848612,0.020101151235679918,0.11863990427600266
8.13,0.016799109491995454,0.12568181646256288,0.01467882782423025,0.1293260353204237,0.020143364019945143,0.11864105969329132
8.14,0.016826525124465443,0.12567825944069722,0.0146958838155933,0.12932013215924343,0.02018553419783793,0.11864224081598136
8.15,0.01685390938474072,0.12567071390591092,0.014712910117877228,0.1293082464776764,0.020227661169822476,0.11864344617621321
8.16,0.016881260749856006,0.12567119721263637,0.014729907509407376,0.12930836913229715,0.020269740316403082,0.11864467129801398
8.17,0.016908574119190098,0.12566768877701862,0.01474687519685035,0.12930250921411554,0.020311760650060726,0.11864591101449316
8.18,0.01693585298348262,0.12566419515859362,0.014763813949756885,0.12929666368297324,0.020353729477146216,0.11864716617334808
8.190000000000001,0.016963093739303315,0.12566071453855077,0.014780725205703216,0.1292908316262868,0.020395636367112013,0.11864843315547947
8.200000000000001,0.016990296934934056,0.1256572490964453,0.01479760740304492,0.12928501411395005,0.020437484803538995,0.11864971634176812
8.21,0.017017469477043905,0.12565379896995432,0.014814462314192103,0.12927920971776455,0.020479288843762107,0.11865101902052443
8.22,0.017044608264748913,0.12565036292374845,0.014831289389622065,0.12927341965049355,0.0205210419266218,0.11865233501964403
8.23,0.01707171103441554,0.1256469408482384,0.01484808867708074,0.1292676438523078,0.020562738680631885,0.11865366414135993
8.24,0.017098779839890076,0.12564353262879963,0.014864860733675165,0.1292618815749294,0.020604383289538064,0.11865500753538177
8.25,0.017125814729958555,0.12563619466371595,0.014881605929394949,0.1292502283244067,0.020645975427094964,0.11865636581386707
8.26,0.01715281669275727,0.12563675842309868,0.014898325338019604,0.12925039708415,0.02068751605755528,0.11865774018511349
8.27,0.017179784648671752,0.12563339214478803,0.01491501949011346,0.12924467353574579,0.020729001976120924,0.11865913125836189
8.280000000000001,0.01720672338716055,0.12563004169675346,0.014931688690705363,0.1292389628305192,0.020770444159648287,0.11866054393094584
8.290000000000001,0.01723362293480984,0.1256267045448672,0.014948332071936724,0.12923326576481237,0.020811820247050895,0.11866196898685634
8.3,0.0172604896411595,0.1256275167836428,0.01496495016871402,0.12923377146612167,0.020853144601653665,0.11866341391670819
8.31,0.017287324858470867,0.12562420478474226,0.014981540023434483,0.12922809219752823,0.020894424403752325,0.11866487865351315
8.32,0.01731412476721663,0.12562090649435112,0.014998104179079541,0.12922242607188394,0.020935647310502733,0.11866635798456546
8.33,0.017340893078001386,0.12561350834470125,0.01501464205458757,0.1292106119320157,0.020976822909125514,0.11866785529496035
8.34,0.01736762833227414,0.1256102458543822,0.01503115418850044,0.12920498183655488,0.02101794710140173,0.11866936920075953
8.35,0.017394332903101384,0.12560699701864375,0.01504764202907791,0.12919936428168166,0.021059023605952035,0.11867089874440838
8.360000000000001,0.01742100664803588,0.12560376417971816,0.015064105227326735,0.12919376058641585,0.02110005259260074,0.11867244835191852
8.370000000000001,0.017447644078085096,0.12560054498792408,0.015080544551008775,0.12918817000134725,0.02114102018036094,0.11867401244783977
8.38,0.017474248336695756,0.1256014217603069,0.015096960274124537,0.12918870612717004,0.02118193347323894,0.11867559028050238
8.39,0.01750082190956126,0.12559822218511657,0.015113350166165546,0.12918312995502484,0.021222801332545532,0.11867718414940276
8.4,0.017527364631528448,0.12559503530169502,0.015129714582707985,0.12917756650302484,0.021263622945102513,0.11867879036655693
8.41,0.017553880930848323,0.12559186315702456,0.015146053648885414,0.1291720155452545,0.021304408601070995,0.11868041554926817
8.42,0.017580365909119985,0.12558870538228678,0.015162366711298088,0.12916647808706025,0.021345147671491687,0.11868205659878954
8.43,0.017606821110698872,0.1255815089132287,0.01517865557250383,0.12915488398743377,0.021385841469059457,0.11868371381216686
8.440000000000001,0.01763324896772637,0.12557838609527544,0.015194920105607825,0.1291493801804378,0.021426495920506286,0.11868539166221011
8.450000000000001,0.017659649674355793,0.12557527839833263,0.015211159363988725,0.1291438890844653,0.02146711275889096,0.11868708919645787
8.46,0.017686021146532168,0.1255721854337089,0.01522737276331156,0.12913841125772538,0.021507687884789854,0.11868880414507522
8.47,0.017712359206633728,0.12556910575412722,0.015243562256606705,0.12913294536065542,0.021548208980531815,0.11869053485593828
8.48,0.017738663894573486,0.12557006059989037,0.015259727252241062,0.12913351544974064,0.021588676971572383,0.11869227894428687
8.49,0.01776493391050251,0.12556700137947982,0.015275867391285242,0.1291280658653656,0.02162908933172139,0.11869403816443531
8.5,0.01779117024408407,0.12556395397656195,0.015291984020557816,0.12912262700596958,0.021669446685411254,0.11869581112210585
8.51,0.017817367640276315,0.12556091582851284,0.015308077180284948,0.1291171997195189,0.021709736713787994,0.11869758843345117
8.52,0.017843532256417854,0.12555788803527956,0.015324146221747116,0.12911178346344152,0.02174997475709233,0.11869937446175255
8.530000000000001,0.017869664503317534,0.12555487055340414,0.015340190496727175,0.12910637887093845,0.021790162676403328,0.11870116779001186
8.540000000000001,0.017895762916567498,0.12555186426372525,0.015356210109714361,0.129100986539434,0.021830296949640976,0.1187029698922095
8.55,0.017921833794294083,0.1255488714266131,0.01537220522199823,0.12909560579811127,0.021870392144243297,0.11870478890906402
8.56,0.017947873212770513,0.12554589212285652,0.015388175439759465,0.12909023657971067,0.02191043963782192,0.11870662522841889
8.57,0.017973878924166926,0.12554292558925456,0.015404122276391152,0.12908487890753112,0.02195043225580515,0.1187084765090883
8.58,0.017999856876540852,0.12553997268983208,0.015420045302701243,0.1290795330474328,0.021990384494541694,0.11871034480830817
8.59,0.018025803121878042,0.12553703175410724,0.01543594374923832,0.1290741985628582,0.022030288173889273,0.11871222597520668
8.6,0.018051719958471987,0.1255381277265358,0.015451817642392946,0.1290749025587537,0.02207014866367981,0.11871412516871468
8.610000000000001,0.018077605378141886,0.12553119041619681,0.015467668575035376,0.12906356531293633,0.0221099592479672,0.11871603770854265
8.620000000000001,0.018103459209068962,0.12552828804595875,0.015483495812944436,0.1290582655847039,0.022149720530298456,0.11871796428144922
8.63,0.018129280603949596,0.12552539816953054,0.015499299580320607,0.12905297710039954,0.022189430289671377,0.11871990558607214
8.64,0.018155068780725966,0.12552251988024954,0.01551507880881783,0.12904769994373777,0.022229088126401775,0.11872185873102645
8.65,0.018180823294522867,0.12551965299868514,0.015530833628372638,0.12904243390194983,0.022268692888195617,0.11872382359215475
8.66,0.018206543239679965,0.125516798629952,0.015546563455168439,0.12903717988481997,0.02230824326767453,0.11872580166867203
8.67,0.018232232397644387,0.1255139574593081,0.015562270009902462,0.1290319367959058,0.022347745890634582,0.11872779722718488
8.68,0.018257887669680783,0.12551112846269075,0.015577953886672387,0.12902670470271468,0.022387192820782182,0.11872980705939629
8.690000000000001,0.01828350984745555,0.12550831151453332,0.01559361534431568,0.1290214832543524,0.022426585621234403,0.1187318314814702
8.700000000000001,0.01830910493604275,0.12550947236871604,0.015609254193221912,0.12902221189867363,0.02246593854207176,0.118733875821506
8.71,0.018334666285720152,0.1255027163474585,0.015624870012855578,0.1290110725109469,0.022505236695589324,0.11873593144098038
8.72,0.018360194594977872,0.1254999367735169,0.015640461309051987,0.12900588392803763,0.022544483674007895,0.11873800148482534
8.73,0.01838568900261926,0.1254971682817144,0.015656029163904392,0.12900070598122632,0.02258367612509663,0.11874008324734585
8.74,0.01841115279588564,0.12549441168241882,0.01567157391216706,0.12899553902086053,0.022622821303264044,0.11874217844617413
8.75,0.01843658520641362,0.1254916658029609,0.015687094955695115,0.12899038266266308,0.022661918247793386,0.1187442842911364
8.76,0.018461985539236895,0.12548893229993208,0.01570259280716576,0.12898523648498697,0.022700964721527273,0.11874640663577764
8.77,0.018487354691640968,0.1254862106210053,0.015718067658754078,0.1289801000986533,0.02273996259500634,0.11874854460627492
8.780000000000001,0.018512693772442843,0.12548350177741077,0.01573351909972703,0.1289749746576946,0.022778915003329223,0.11875069892570386
8.790000000000001,0.01853800051959718,0.12548080350349683,0.015748948089091948,0.12896985942724998,0.022817815510838106,0.11875286425742129
8.8,0.018563275681487967,0.12548202129239985,0.01576435487076638,0.12897060794355525,0.022856665588997287,0.11875503931854484
8.81,0.018588518993327845,0.1254793377494058,0.0157797390433687,0.12896550397929538,0.022895465171977006,0.11875722597868588
8.82,0.01861372897940664,0.12547666413686676,0.015795100045378097,0.1289604104555685,0.02293421160369394,0.11875942125811066
8.83,0.018638905310550916,0.125474000833125,0.015810437827663986,0.12895532719078134,0.02297290422517506,0.11876162666578892
8.84,0.018664045267510736,0.12547134624023548,0.01582575350385772,0.12895025374020372,0.023011535366885723,0.11876383829472485
8.85,0.018689151353297465,0.12547217618554307,0.015841045736074318,0.1289503966478234,0.02305011257132718,0.11876606189997567
8.860000000000001,0.018714226636607496,0.12546953883138756,0.015856316307407668,0.12894533650176573,0.023088640709180666,0.11876829830381191
8.870000000000001,0.01873927079384747,0.12546691206012475,0.01587156501873775,0.12894028711095887,0.02312711933518387,0.11877054464310462
8.88,0.018764284805987633,0.12546429536386108,0.015886792741193312,0.12893524746229448,0.023165549646846872,0.11877280142579831
8.89,0.018789268649747958,0.1254582357137162,0.0159019990568507,0.12892504113033576,0.02320393215438375,0.11877507025736808
8.9,0.018814219634817105,0.12545564518478644,0.015917182782067357,0.1289200278504003,0.023242262186136894,0.11877735203833249
8.91,0.01883913438813325,0.12545306541560747,0.015932343350382808,0.12891502436747043,0.02328053271991422,0.11877964622082117
8.92,0.018864014387796318,0.1254539342771441,0.015947480865062046,0.12891518530709795,0.023318747061074965,0.11878194997555047
8.93,0.018888863329256853,0.12545137241549711,0.015962594547418767,0.12891019571582693,0.02335691478246321,0.11878426975208621
8.940000000000001,0.01891367661109836,0.12544882088798823,0.015977684772006628,0.128905216635538,0.02339502482021713,0.11878659922920765
8.950000000000001,0.018938457494232144,0.12544628081316558,0.01599275112027254,0.12890024809936115,0.02343308526302999,0.11878894170049202
8.96,0.018963212032596315,0.12544375309401515,0.016007795134170406,0.12889529029413632,0.0234711081508952,0.11879129949440764
8.97,0.018987938093555274,0.125441236125607,0.016022815822762732,0.12889034378850028,0.023509089856238383,0.11879366662290824
8.98,0.01901263204148413,0.12543872994761807,0.016037815662342497,0.12888540716933056,0.0235470189026303,0.11879604606429278
8.99,0.019037295835109637,0.12543283135128808,0.016052794163083237,0.12887537765354765,0.02358490045075884,0.1187984395619127
9.0,0.019061928550258567,0.12543035201449915,0.016067749902209043,0.12887046891777354,0.023622734200530973,0.11880084299671753
9.01,0.019086532134103325,0.12542788274972347,0.016082683754311634,0.1288655700660089,0.02366052356798494,0.11880325658290328
9.02,0.019111107358749393,0.12542881371756653,0.016097596292994718,0.12886576273021796,0.023698269620103626,0.11880568238184584
9.030000000000001,0.019135654205430647,0.1254263608226192,0.01611248795787357,0.12886087653149156,0.023735971797411888,0.11880811943366239
9.040000000000001,0.019160167641332992,0.1254239176476337,0.016127358201541594,0.12885600041390066,0.0237736192479077,0.11881056520999743
9.05,0.019184648575678136,0.12542148500712186,0.01614220688418459,0.12885113418942237,0.023811214282856263,0.11881302252674192
9.06,0.019209096777129155,0.12541906229650474,0.01615703475465728,0.1288462777971192,0.02384875546627973,0.11881548969138174
9.07,0.019233510344004372,0.12541664846022121,0.016171841683964027,0.12884143058522055,0.02388623863692167,0.1188179648302991
9.08,0.01925788993236194,0.12541424347026317,0.01618662814704032,0.1288365923950946,0.02392366474655414,0.11882044817999804
9.09,0.019282236689589807,0.12541184713930267,0.01620139265880509,0.12883176380640743,0.023961038334921785,0.11882293800217426
9.1,0.019306549990397836,0.12541320882854834,0.016216135423099576,0.1288325653021981,0.02399835774022651,0.11882543724950159
9.110000000000001,0.01933083017382,0.12541082595801784,0.01623085679461724,0.12882774840890057,0.024035623333698918,0.11882794371508508
9.120000000000001,0.019355080897034478,0.12540845402584339,0.016245555604641766,0.12882294184024373,0.024072845011537343,0.11883046204594844
9.13,0.0193793011601622,0.12540609224119392,0.016260234143443637,0.12881814479916762,0.02411001764709189,0.11883299146714632
9.14,0.019403490675219508,0.12540001277096616,0.016274892432734406,0.1288077680250868,0.02414714058884336,0.11883553031061951
9.15,0.019427653181205814,0.1253976758671488,0.016289531131058847,0.12880299648295157,0.02418422162148207,0.11883808254942461
9.16,0.019451788342527504,0.1253953494913258,0.016304148431494286,0.12879823452330744,0.02422126224108932,0.11884064691950616
9.17,0.019475894724259975,0.12539674413990567,0.01631874602828871,0.12879904729287467,0.024258257075360425,0.11884322194729624
9.18,0.01949996700636838,0.12539443081754495,0.016333322855658347,0.12879429641815757,0.02429519530032845,0.11884580294796085
9.190000000000001,0.019524010643053064,0.1253921286855015,0.016347877244925573,0.12878955588453136,0.024332091519552936,0.1188483965447872
9.200000000000001,0.019548026255314793,0.12538983689448374,0.0163624104838778,0.12878482530111832,0.024368945568366635,0.11885100097953549
9.21,0.019572010969740043,0.1253875543999074,0.016376923177205235,0.12878010412681062,0.02440575015572553,0.11885361418977253
9.22,0.019595965217828533,0.1253852828899841,0.016391414986635607,0.12877539309671118,0.024442506725282843,0.11885623976986812
9.23,0.01961988910505103,0.12538302081717773,0.01640588721704779,0.1287706917085189,0.024479213911756736,0.11885887410030432
9.24,0.01964377817141051,0.1253770926702663,0.01642033896309521,0.12876048875415638,0.024515862675591683,0.1188615142463969
9.25,0.019667638673044968,0.1253748558141522,0.016434769683005775,0.1287558154546714,0.0245524680258221,0.11886416728858112
9.26,0.019691467634261255,0.12537262794578782,0.016449180532603677,0.1287511513383763,0.02458902176228652,0.11886682864296168
9.27,0.019715265829866307,0.12537406866403422,0.016463572940094068,0.12875198501631926,0.024625523921481117,0.1188694993345032
9.280000000000001,0.019739030338810425,0.12537185331462156,0.016477946485674348,0.1287473311552783,0.024661968389837297,0.11887217737356162
9.290000000000001,0.01976276554019356,0.12536964749527862,0.016492299900692464,0.12874268691494556,0.024698366774155454,0.1188748644628454
9.3,0.019786467602719564,0.1253674504026807,0.016506633774461592,0.1287380520685452,0.024734709636399906,0.11887755864349203
9.31,0.0198101367475366,0.12536526209133492,0.016520947950331585,0.12873342646710517,0.024770997707823466,0.11888026038176884
9.32,0.01983377362133458,0.1253630828740227,0.016535242036529403,0.12872881072020037,0.024807232990261923,0.11888296938231087
9.33,0.019857373111416245,0.1253609121934725,0.016549515014892553,0.12872420503476728,0.024843405105018555,0.11888568358088919
9.34,0.019880937247638248,0.12535512503844204,0.01656376742381819,0.1287141726221365,0.02487951805658989,0.11888840060941833
9.35,0.019904470112002817,0.12535297582696717,0.016577998852286117,0.12870959289005562,0.024915581694709085,0.11889112650051839
9.360000000000001,0.019927975662046588,0.12535445045450877,0.01659221020094507,0.1287104434841948,0.024951603951437296,0.11889386426599576
9.370000000000001,0.019951451219291903,0.12535231532100596,0.016606402043910413,0.12870587395769595,0.02498757804665515,0.11889661157888123
9.38,0.019974893029343136,0.12535018771068748,0.0166205730425178,0.12870131327655268,0.025023497112412536,0.11889936345492567
9.39,0.019998303275860222,0.12534806918901134,0.016634723169949052,0.1286967620940757,0.0250593661799734,0.11890212329312086
9.4,0.020021677470883043,0.1253500163445992,0.016648852673280125,0.12869831075192403,0.02509517476062189,0.11890488239411068
9.41,0.020045019949818388,0.12534385232937995,0.016662960958247763,0.1286876870446741,0.0251309334869881,0.11890764795246796
9.42,0.0200683332417952,0.12534175794232177,0.016677048984415768,0.12868316352700943,0.025166646949199414,0.11891042394807788
9.43,0.02009161931330237,0.12533967265313603,0.016691118191476794,0.12867864841950247,0.025202317877757133,0.11891321012173436
9.440000000000001,0.0201148718262391,0.12533759578168904,0.016705168566119536,0.12867414169084845,0.025237931903308093,0.11891600450564727
9.450000000000001,0.020138094919967472,0.12533552830402023,0.016719200413286787,0.12866964336922532,0.02527349810811713,0.11891880994935919
9.46,0.020161289419620195,0.12533347075979165,0.016733212787208268,0.12866515353331331,0.025309019557816562,0.11892162790695678
9.47,0.020184452923656324,0.1253314217388085,0.016747205707561923,0.12866067218072513,0.025344490778240678,0.11892445417793679
9.48,0.02020758667141648,0.12532938083690146,0.016761179161238732,0.12865619937793002,0.025379914632356542,0.11892728740698266
9.49,0.02023069497285578,0.12532734915471921,0.016775133922497035,0.1286517347308163,0.02541529999400573,0.11893013167029093
9.5,0.020253773432092375,0.12532933074203917,0.016789069509428652,0.12865328689929562,0.02545063748549605,0.11893298628964047
9.51,0.02027682323567878,0.12532331364226476,0.01680298584976049,0.12864283155669964,0.025485929915284512,0.11893585062239223
9.52,0.020299842837553456,0.12532130781417783,0.01681688274973758,0.12863839315429407,0.02552117403423995,0.11893871906213493
9.530000000000001,0.02032283634603222,0.1253193105474355,0.016830760198964127,0.1286339636760257,0.02555637920735957,0.11894159502248328
9.540000000000001,0.020345796538094794,0.12531731978915087,0.01684461856037067,0.1286295423546318,0.025591528629227023,0.11894447389105102
9.55,0.02036873283861536,0.12531533894226368,0.016858458014076504,0.12862512942979062,0.025626643482174076,0.11894736538749
9.56,0.02039164110661432,0.12531336673672833,0.01687227856140134,0.12862072490743226,0.02566171438479769,0.11895026570702247
9.57,0.020414518266763316,0.12531140210706465,0.01688608104538602,0.1286163285108817,0.025696733366924983,0.11895317220785065
9.58,0.02043736688373697,0.12530944734306834,0.016899865143229026,0.12861194057240827,0.025731706665968662,0.11895609108908556
9.59,0.020460185082675168,0.12530750087360143,0.01691363074159182,0.12860756086314856,0.0257666301946547,0.11895901809778889
9.6,0.020482971486760614,0.1253095101867416,0.01692737771894352,0.12860911651111864,0.0258015009936542,0.118961948127204
9.610000000000001,0.020505726577440746,0.12530362955612326,0.016941105707616286,0.12859882686162658,0.02583632063600011,0.11896488530567054
9.620000000000001,0.020528456466644803,0.12530170811584615,0.01695481465478568,0.12859447321598036,0.025871103048916103,0.11896783441621243
9.63,0.020551156765833883,0.12529979414894687,0.016968505287245556,0.1285901277536003,0.0259058374369316,0.11897078928782359
9.64,0.020573827180203764,0.12529788662113261,0.01698217752828759,0.12858579010535084,0.025940523246710135,0.11897374756069579
9.65,0.02059647058364956,0.12529598682436827,0.01699583176949009,0.12858146023132494,0.025975166541460412,0.11897671317210567
9.66,0.02061908545940136,0.12529409534379493,0.017009467634668974,0.12857713835727366,0.026009764358933374,0.11897968744237176
9.67,0.02064167528511972,0.12529221263745946,0.017023085169275344,0.12857282471909479,0.026044324534968705,0.11898267126004324
9.68,0.020664236476846114,0.12529033793252367,0.017036683936285855,0.12856851906069217,0.026078839513186163,0.11898566282632998
9.690000000000001,0.020686767529151204,0.12528847029897974,0.017050264179965455,0.1285642213514026,0.0261133056099104,0.1189886594256277
9.700000000000001,0.020709268032529423,0.12529050479927387,0.017063825722335155,0.12856577923191514,0.026147722143461012,0.11899165975585334
9.71,0.020731738744171026,0.1252886465381627,0.017077368479336608,0.12856149030649186,0.02618209094848942,0.11899466654308424
9.72,0.020754180111139057,0.12528679464299,0.01709089287440602,0.12855720928854994,0.02621641255476486,0.11899767631499658
9.73,0.02077659645361385,0.1252849511444563,0.017104399468126183,0.12855293588067968,0.02625069606398801,0.1190006957514942
9.74,0.020798984187789544,0.1252831128985035,0.017117887802076317,0.12854867011836363,0.026284933960540706,0.11900371534835283
9.75,0.0208213411739774,0.12528466472062766,0.01713135835007418,0.12854949167116508,0.02631912085865153,0.11900673869897324
9.76,0.020843669775430774,0.12528283569239737,0.017144811344932995,0.12854523425402298,0.02635326183289698,0.11900976886203835
9.770000000000001,0.020865970020230502,0.12527763882341653,0.017158247014396784,0.12853591833067352,0.026387356711384386,0.11901280337411517
9.780000000000001,0.020888239080667784,0.12527582764779194,0.017171665056111632,0.12853168300162116,0.026421399490173882,0.11901584214103364
9.790000000000001,0.020910485447352987,0.1252740253245075,0.01718506591220353,0.12852745545564906,0.026455408803997233,0.11901889160156151
9.8,0.020932709501623438,0.12527223232959508,0.01719844882666388,0.12852323578514735,0.026489386451774934,0.1190219529766751
9.81,0.020954907567853558,0.12527044764741524,0.017211812176909532,0.1285190244967876,0.02652332609750328,0.11902502223077134
9.82,0.020977081683132538,0.12526867166503738,0.01722515777812231,0.12851482109714082,0.026557230168497658,0.11902810150510783
9.83,0.020999229303552518,0.12526690492927126,0.017238485419932243,0.12851062543076058,0.02659109321260686,0.11903119274108627
9.84,0.021021344497106076,0.1252684868791595,0.01725179471817531,0.12851145566421854,0.026624902353374814,0.11903428800815717
9.85,0.021043432231120974,0.12526672871557698,0.017265085634719412,0.1285072684119188,0.026658668828500962,0.11903738771159471
9.860000000000001,0.021065495665954653,0.12526497851363633,0.017278358851934274,0.12850308852479708,0.026692398954964003,0.11904049626920303
9.870000000000001,0.02108753430072677,0.12525990725287775,0.017291615140189398,0.1284939172550878,0.0267260906937197,0.11904361351138512
9.88,0.021109548088559398,0.12525817723042978,0.01730485383316763,0.1284897589840686,0.02675974475542384,0.11904673860992719
9.89,0.021131535275017876,0.12525645464405796,0.01731807574331957,0.12848560819334826,0.026793356227843488,0.11904987077565264
9.9,0.021153495736275906,0.1252547393656082,0.017331280292954013,0.12848146486850398,0.026826925541612028,0.11905300965458628
9.91,0.021175430146936645,0.12525303283022318,0.01734446770437947,0.128477329376095,0.026860453977629616,0.11905615880367348
9.92,0.021197336577529802,0.12525133369516284,0.017357638379527956,0.12847320099009993,0.026893936740581256,0.1190593156434099
9.93,0.02121921426261722,0.1252496422000185,0.01737079202643851,0.12846907972026464,0.026927372481692424,0.11906248087172662
9.940000000000001,0.021241069280184367,0.12525125678374666,0.017383928276630118,0.12846991795510118,0.02696077531078104,0.11906565685830905
9.950000000000001,0.02126290072682238,0.1252495773757656,0.017397048174747298,0.12846580481161593,0.026994141961695448,0.1190688416784571
9.96,0.02128470420579565,0.12524790409990502,0.017410151079633042,0.12846169900812798,0.027027463342755763,0.11907202992671273
9.97,0.02130647794563136,0.125242953063586,0.017423236365013854,0.12845266840875993,0.027060736236005193,0.11907522186435694
9.98,0.021328221360901248,0.12524129663982145,0.01743630498083353,0.12844858378435922,0.027093958222474648,0.11907841757965937
9.99,0.021349936440338436,0.1252396464038086,0.017449356711229474,0.12844450660452028,0.02712713404773115,0.11908161668408193
10.0,0.021371626464758483,0.12523800328455276,0.017462392100330647,0.12844043678970532,0.027160270436336884,0.11908482213096976
