time,relu_E_pp,linear_E_pp,relu_f1_pp,relu_f2_pp,linear_f1_pp,linear_f2_pp,weak_gate_pp,relu_E_pm,linear_E_pm,relu_f1_pm,relu_f2_pm,linear_f1_pm,linear_f2_pm,weak_gate_pm,relu_E_mp,linear_E_mp,relu_f1_mp,relu_f2_mp,linear_f1_mp,linear_f2_mp,weak_gate_mp,relu_E_mm,linear_E_mm,relu_f1_mm,relu_f2_mm,linear_f1_mm,linear_f2_mm,weak_gate_mm
0.0,6.499300266288241,6.4986590065584675,0.0001620886035529109,0.00010674336726528737,0.00031835767043807844,0.00019299486476512582,1,6.499354220789288,6.498687988155719,0.00015873997724617648,-8.478773632249317e-05,0.00031352692115452945,-0.00018574874083980233,0,6.499333734235302,6.498687988155719,-0.0001547869439083529,0.00010096100451730915,-0.00031352692115452945,0.00018574874083980233,1,6.499358705734015,6.4986590065584675,-0.00015626906688516755,-8.625149749983842e-05,-0.00031835767043807844,-0.00019299486476512582,0
0.01,6.499242851284867,6.49843772215902,0.00017780067669237297,0.00011188437532627858,0.00038111314977951456,0.0002095164819181465,1,6.499310122824157,6.498471124468597,0.0001731476592092348,-8.522641002084071e-05,0.0003755454612950953,-0.0002011649491915176,0,6.4993253303101,6.498471124468597,-0.00015527244387140486,0.00010443493318962148,-0.0003755454612950953,0.0002011649491915176,1,6.499360817018992,6.49843772215902,-0.00015591719863262146,-8.572360723247197e-05,-0.00038111314977951456,-0.0002095164819181465,0
0.02,6.49918037089635,6.498176467342345,0.00019500065434745585,0.00011732651799574003,0.000456241858999331,0.00022746851496806974,1,6.499262105977427,6.498214961660853,0.00018889901783064584,-8.560923748638863e-05,0.00044982529759018334,-0.00021784367285434826,0,6.49931668488268,6.498214961660853,-0.00015576129231457118,0.00010802460291222676,-0.00044982529759018334,0.00021784367285434826,1,6.499362908976614,6.498176467342345,-0.00015557852666175503,-8.518558701597979e-05,-0.000456241858999331,-0.00022746851496806974,0
0.030000000000000002,6.499112367200009,6.497867674843233,0.00021386710442946732,0.00012303096229018725,0.0005461833904893924,0.0002469773211728402,1,6.49920980062067,6.4979120351508675,0.00020615152604496856,-8.588486926329664e-05,0.0005387888909985425,-0.00023588557193656535,0,6.499307794439957,6.4979120351508675,-0.0001562228952335428,0.00011177766213036885,-0.0005387888909985425,0.00023588557193656535,1,6.499364978874042,6.497867674843233,-0.00015521595159806667,-8.469445186707913e-05,-0.0005461833904893924,-0.0002469773211728402,0
0.04,6.499038336999763,6.497502313715218,0.00023452493888309096,0.00012906200653122404,0.000653858123648907,0.00026818081976706675,1,6.499152804239798,6.497553432615393,0.00022500678460538113,-8.61022136039614e-05,0.0006453368266871625,-0.0002553988743244501,0,6.499298653330082,6.497553432615393,-0.00015669458983421226,0.0001156409317129066,-0.0006453368266871625,0.0002553988743244501,1,6.499367027286128,6.497502313715218,-0.0001548592477442835,-8.420525329695215e-05,-0.000653858123648907,-0.00026818081976706675,0
0.05,6.498957736514149,6.497069604004757,0.0002571636984645151,0.00013540731230543432,0.0007827618442823676,0.0002912296138961431,1,6.499090678579659,6.497128511183577,0.0002456158611880707,-8.625386010827006e-05,0.0007729420112069128,-0.00027649986428296083,0,6.499289253305726,6.497128511183577,-0.00015717744975757888,0.00011961692574037868,-0.0007729420112069128,0.00027649986428296083,1,6.499369049544893,6.497069604004757,-0.00015448801333055152,-8.375092774891735e-05,-0.0007827618442823676,-0.0002912296138961431,0
0.060000000000000005,6.498869960558029,6.496556675848482,0.00028197601694540295,0.00014208061991164626,0.0009370789220629148,0.00031628823145201155,1,6.499022943834797,6.496624559458988,0.00026814412684000996,-8.633173095159187e-05,0.0009257623594200737,-0.0002993133874877498,0,6.499279585683996,6.496624559458988,-0.00015767270374197732,0.00012370814348586473,-0.0009257623594200737,0.0002993133874877498,1,6.4993710523545545,6.496556675848482,-0.00015409455441137994,-8.333966376367305e-05,-0.0009370789220629148,-0.00031628823145201155,0
0.07,6.498774348902762,6.4959481622752415,0.0003091618724732417,0.00014911219378634883,0.0011218176576991217,0.00034353649887626156,1,6.498949074710621,6.496026393716667,0.00029277260820632635,-8.632702441854661e-05,0.0011087755716140668,-0.00032397336974867934,0,6.499269641295744,6.496026393716667,-0.00015818175614153065,0.00012791706397657026,-0.0011087755716140668,0.00032397336974867934,1,6.499373042836319,6.4959481622752415,-0.00015368110731294132,-8.296454612105399e-05,-0.0011218176576991217,-0.00034353649887626156,0
0.08,6.498670181439756,6.495225712981922,0.0003389309248478698,0.00015654773819108523,0.0013429721019206167,0.000373171063835507,1,6.498868495850383,6.49531587561984,0.0003197100295302198,-8.621444237186528e-05,0.0013279402898871138,-0.0003506233457852524,0,6.499259410683805,6.49531587561984,-0.00015869564959942908,0.0001322618530751054,-0.0013279402898871138,0.0003506233457852524,1,6.499375028352608,6.495225712981922,-0.00015325911206323423,-8.260473357564395e-05,-0.0013429721019206167,-0.000373171063835507,0
0.09000000000000001,6.498556680178983,6.494367413986098,0.00037154000032611116,0.00016439117662689766,0.001607715465446186,0.0004054070847619505,1,6.498780573534357,6.494471336446612,0.0003491915055051009,-8.595830544819914e-05,0.0015903887378330658,-0.00037941699334227,0,6.499248887620077,6.494471336446612,-0.00015919801909182723,0.00013677017384623827,-0.0015903887378330658,0.00037941699334227,1,6.499377009023439,6.494367413986098,-0.00015281349188433775,-8.228278105887327e-05,-0.001607715465446186,-0.0004054070847619505,0
0.1,6.498432989852508,6.493347095288241,0.00040725472275702547,0.00017267190760956726,0.0019246312035071207,0.0004404801076173564,1,6.498684615972037,6.493466890059805,0.0003814320576171291,-8.558213123459658e-05,0.0019046569095401754,-0.0004105186666669384,0,6.4992380635526885,6.493466890059805,-0.00015971337739114418,0.00014140953382441433,-0.0019046569095401754,0.0004105186666669384,1,6.499378991147996,6.493347095288241,-0.0001523429452694136,-8.199749108807427e-05,-0.0019246312035071207,-0.0004404801076173564,0
0.11,6.49829818560516,6.49213350544875,0.00044634047300623887,0.00018145452430074835,0.0023039889933656483,0.00047864815290991257,1,6.498579867013071,6.492271613640468,0.0004166924049588042,-8.507310352478945e-05,0.0022809595060151386,-0.00044410392188414823,0,6.499226928162065,6.492271613640468,-0.00016024329772372568,0.00014618273420813907,-0.0022809595060151386,0.00044410392188414823,1,6.499380972984534,6.49213350544875,-0.00015187109024404367,-8.171430788091251e-05,-0.0023039889933656483,-0.00047864815290991257,0
0.12000000000000001,6.498151259647701,6.49068932824837,0.0004891122533025485,0.0001907707022604176,0.0027580741536907117,0.000520194038997569,1,6.498465498690438,6.490848571485148,0.0004552579599022187,-8.441731145055559e-05,0.002731518144415446,-0.0004803600250846699,0,6.499215470533722,6.490848571485148,-0.0001607895768147913,0.0001510925384777559,-0.002731518144415446,0.0004803600250846699,1,6.499382950958126,6.49068932824837,-0.00015139890347273008,-8.143355399071587e-05,-0.0027580741536907117,-0.000520194038997569,0
0.13,6.497991112023877,6.488970012308376,0.0005359144401743164,0.00020065419439772647,0.00330158060704394,0.0005654279710704248,1,6.498340604414741,6.489153652892703,0.0004974411619962729,-8.359965878784417e-05,0.0032709529143080157,-0.0005194864319665386,0,6.499203679094167,6.489153652892703,-0.00016135426308930658,0.00015614166213664417,-0.0032709529143080157,0.0005194864319665386,1,6.499384921084477,6.488970012308376,-0.00015092748633101818,-8.115556959827583e-05,-0.00330158060704394,-0.0005654279710704248,0
0.14,6.497816542114323,6.486922379667001,0.0005871235274623873,0.0002111409752822808,0.003952079287548546,0.0006146904289314288,1,6.498204191518383,6.48713419030539,0.0005435840335997144,-8.260376715533009e-05,0.0039167491520194,-0.0005616952256377095,0,6.499191541551964,6.48713419030539,-0.00016193968588555646,0.0001613327583700062,-0.0039167491520194,0.0005616952256377095,1,6.499386878930226,6.486922379667001,-0.00015045807771460096,-8.088071314635657e-05,-0.003952079287548546,-0.0006146904289314288,0
0.15,6.497626239395798,6.484482973834102,0.0006431511167275009,0.00022226938877050812,0.00473057596943058,0.0006683553907859109,1,6.498055173084808,6.484727318414084,0.0005940609763384925,-8.14118771723611e-05,0.004689813373379417,-0.0006072114967091653,0,6.499179044816567,6.484727318414084,-0.00016254849023219115,0.00016666840646025025,-0.004689813373379417,0.0006072114967091653,1,6.499388819567163,6.484482973834102,-0.0001499920683299458,-8.060936279562719e-05,-0.00473057596943058,-0.0006683553907859109,0
0.16,6.4974187733633615,6.481576101814364,0.000704447183046105,0.00023408030360591686,0.005662174857374505,0.0007268339346774959,1,6.4978923589746795,6.481858028924962,0.0006492818362947494,-8.000475013365707e-05,0.005615134665668975,-0.0006562736471192006,0,6.499166174916228,6.481858028924962,-0.0001631836740036432,0.00017215109710824825,-0.005615134665668975,0.0006562736471192006,1,6.499390737534085,6.481576101814364,-0.00014953101495768055,-8.034191410735343e-05,-0.005662174857374505,-0.0007268339346774959,0
0.17,6.497192580013979,6.478111518108425,0.000771535901079673,0.00024657015751279506,0.006776866944519567,0.0007905782639022616,1,6.497714444320433,6.4784368692213,0.0007097322564000206,-7.830691814576176e-05,0.006722570499457166,-0.0007091335963086617,0,6.499152918711219,6.4784368692213,-0.00016381161630174969,0.00017783783507325184,-0.006722570499457166,0.0007091335963086617,1,6.499392629218231,6.478111518108425,-0.0001490444181303688,-8.012592228926217e-05,-0.006776866944519567,-0.0007905782639022616,0
0.18000000000000002,6.496945937020234,6.473981691988318,0.0008450027805665852,0.00025972269042708783,0.008110465097579803,0.0008600862075667043,1,6.497519995575342,6.47435722645412,0.0007758933382954009,-7.631416346725356e-05,0.00804777886956893,-0.0007660568655503949,0,6.499139267040992,6.47435722645412,-0.00016444611710327,0.0001837125020512583,-0.00804777886956893,0.0007660568655503949,1,6.499394505517118,6.473981691988318,-0.00014848652527990616,-8.002456656620604e-05,-0.008110465097579803,-0.0008600862075667043,0
0.19,6.4966769689291395,6.469058592780759,0.0009253789959643825,0.00027367984821966126,0.009705711029455128,0.0009359062522128885,1,6.497307448369976,6.4694921320378675,0.0008482857024370496,-7.402852857011068e-05,0.009633321870412121,-0.0008273225136483791,0,6.499125205008687,6.4694921320378675,-0.0001651084043324561,0.00018975070568701862,-0.009633321870412121,0.0008273225136483791,1,6.499396373415812,6.469058592780759,-0.00014791628594892572,-7.994593081532013e-05,-0.009705711029455128,-0.0009359062522128885,0
0.2,6.496383637079437,6.463189922103412,0.001013274798751704,0.0002885467584164869,0.011613582678433407,0.0010186431647752293,1,6.49707509039567,6.463690515731447,0.0009274989462426406,-7.142272167609887e-05,0.011529969165391962,-0.000893222895213062,0,6.49911071620471,6.463690515731447,-0.00016580211093091067,0.00019595520344385824,-0.011529969165391962,0.000893222895213062,1,6.499398231652185,6.463189922103412,-0.00014736863435327275,-7.983824529274264e-05,-0.011613582678433407,-0.0010186431647752293,0
0.21000000000000002,6.496063716346178,6.456194717959951,0.0011094222472857675,0.0003043393160178762,0.013894833867985953,0.0011089642705387742,1,6.496821046922633,6.456772834417987,0.0010141784280114387,-6.846720807703663e-05,0.013798233162171679,-0.0009640632118173652,0,6.499095783068453,6.456772834417987,-0.00016653134046826684,0.0002023286224607566,-0.013798233162171679,0.0009640632118173652,1,6.49940007820201,6.456194717959951,-0.00014681689310846942,-7.974253785070763e-05,-0.013894833867985953,-0.0011089642705387742,0
0.22,6.495714779003491,6.4478582547795265,0.0012145879752237985,0.0003211231214213712,0.01662180120394478,0.0012076064514712692,1,6.496543265433962,6.448525999818829,0.001109030528232678,-6.513003832799781e-05,0.01651017078784311,-0.0010401608273187613,0,6.499080386749866,6.448525999818829,-0.00016730072444825367,0.00020887344280648022,-0.01651017078784311,0.0010401608273187613,1,6.499401909184406,6.4478582547795265,-0.00014626560754637722,-7.965393107182637e-05,-0.01662180120394478,-0.0012076064514712692,0
0.23,6.4953341721485645,6.437926168045391,0.0013295901876996022,0.0003389993268210599,0.01988051555433951,0.00131538392919232,1,6.496239496022458,6.438697533834074,0.001212882805798308,-6.129649056350735e-05,0.019751489149953557,-0.0011218443226133931,0,6.499064509886614,6.438697533834074,-0.0001680610701164182,0.0002156721412671046,-0.019751489149953557,0.0011218443226133931,1,6.49940372262863,6.437926168045391,-0.00014573967568556033,-7.953606366647268e-05,-0.01988051555433951,-0.00131538392919232,0
0.24000000000000002,6.494919000248738,6.426097745194928,0.0014553767434519866,0.0003579963311625613,0.02377315651142911,0.0014331968913536693,1,6.495907269800302,6.426988893074102,0.0013265584939129306,-5.696810968051341e-05,0.023623993432956444,-0.0012094522736446668,0,6.499048139545584,6.426988893074102,-0.00016884121815925981,0.00022268792428665893,-0.023623993432956444,0.0012094522736446668,1,6.499405515467274,6.426097745194928,-0.00014521295952668817,-7.942967604245234e-05,-0.02377315651142911,-0.0014331968913536693,0
0.25,6.494466102096134,6.412018350338202,0.0015929279187447648,0.00037822719260694534,0.028420887013620312,0.0015620410081564548,1,6.4955438910451235,6.413047929756788,0.0014509658150498456,-5.213275976884169e-05,0.028248414176053054,-0.0013033317518055714,0,6.499031254996235,6.413047929756788,-0.0001696656686135696,0.00022989440843125216,-0.028248414176053054,0.0013033317518055714,1,6.499407284032701,6.412018350338202,-0.00014471285209172662,-7.929551290928964e-05,-0.028420887013620312,-0.0015620410081564548,0
0.26,6.4939720249498984,6.395270994996227,0.0017433630926940087,0.0003997426632773478,0.03396710045568781,0.0017030178641578924,1,6.49514640925291,6.396460500423101,0.0015871199744873896,-4.674569555727049e-05,0.033767646260197,-0.001403836570921692,0,6.4990138335271626,6.396460500423101,-0.00017054018575113068,0.00023729430592798854,-0.033767646260197,0.001403836570921692,1,6.499409025644382,6.395270994996227,-0.00014422156277341393,-7.916160025316987e-05,-0.03396710045568781,-0.0017030178641578924,0
0.27,6.493433001793686,6.375367138466607,0.0019078915572531738,0.0004226164309880775,0.04058110224662137,0.0018573462954676917,1,6.494711591473947,6.376741304790414,0.0017362073047342843,-4.064732292725752e-05,0.040350421612133425,-0.0015113253437357764,0,6.498995854090922,6.376741304790414,-0.000171395952266034,0.00024500137670184746,-0.040350421612133425,0.0015113253437357764,1,6.499410734644794,6.375367138466607,-0.00014373403329977387,-7.903835428651173e-05,-0.04058110224662137,-0.0018573462954676917,0
0.28,6.492844917646463,6.351736909890489,0.002087861069051751,0.00044688929166188823,0.04846222930111478,0.002026374568765283,1,6.4942358831729745,6.353324144775584,0.0018994932810639294,-3.3720794871233615e-05,0.04819541923418613,-0.0016261594683723152,0,6.498977309865286,6.353324144775584,-0.00017219063719589868,0.0002530825366594964,-0.04819541923418613,0.0016261594683723152,1,6.499412407115299,6.351736909890489,-0.00014321890763808364,-7.897476806078895e-05,-0.04846222930111478,-0.002026374568765283,0
0.29000000000000004,6.492203267985893,6.323719102431547,0.0022846799540169505,0.0004727068795995036,0.057844380941486175,0.0022115932598099075,1,6.493715404275374,6.325551951031428,0.0020782154037757555,-2.6054671177156765e-05,0.057535786267020016,-0.001748701248110678,0,6.498958183224239,6.325551951031428,-0.00017302542592854796,0.00026139481524882144,-0.057535786267020016,0.001748701248110678,1,6.499414050444778,6.323719102431547,-0.00014270688040669979,-7.892110545001193e-05,-0.057844380941486175,-0.0022115932598099075,0
0.3,6.491503142703927,6.29055151322147,0.002499924402848781,0.0005001669910234621,0.06900088873691827,0.0024146485774467043,1,6.493145909798011,6.2926671462271315,0.0022739126992352594,-1.7468798172560743e-05,0.06864399799445488,-0.0018793124637515998,0,6.49893845424587,6.2926671462271315,-0.0001738263574066443,0.0002700591278383749,-0.06864399799445488,0.0018793124637515998,1,6.499415664934481,6.29055151322147,-0.0001421947609825663,-7.88820017154026e-05,-0.06900088873691827,-0.0024146485774467043,0
0.31,6.490739171637495,6.251362507008992,0.002735334063457044,0.0005293536529991493,0.08224958550678742,0.002637355725637955,1,6.492522746761802,6.253803216845552,0.0024881428648167022,-7.960051443065538e-06,0.08183691760690302,-0.002018353875811345,0,6.498918108868627,6.253803216845552,-0.0001746390106643904,0.0002790141366082862,-0.08183691760690302,0.002018353875811345,1,6.499417260530133,6.251362507008992,-0.00014166229257861945,-7.888286874376679e-05,-0.08224958550678742,-0.002637355725637955,0
0.32,6.489905502242625,6.20516508136762,0.0029927727863478673,0.0005604073855136015,0.09795783882464064,0.002881711691596231,1,6.491840832949734,6.207978763040993,0.002722632725088067,2.5123786824085666e-06,0.0974808219255013,-0.002166186342887234,0,6.498897122847212,6.207978763040993,-0.00017549099106703604,0.00028823055827921636,-0.0974808219255013,0.002166186342887234,1,6.49941883800233,6.20516508136762,-0.00014112494782667683,-7.890011246534539e-05,-0.09795783882464064,-0.002881711691596231,0
0.33,6.488995750250549,6.1508552148875495,0.0032742940068340625,0.0005934521611516496,0.11654718536904876,0.0031499065848872624,1,6.491094605336595,6.1540957971538015,0.002979363306696032,1.4128427010369674e-05,0.11599603065284708,-0.002323174510584739,0,6.49887547267927,6.1540957971538015,-0.00017632097802428847,0.0002978121386177882,-0.11599603065284708,0.002323174510584739,1,6.499420393545677,6.1508552148875495,-0.00014058334337010072,-7.893471069770742e-05,-0.11654718536904876,-0.0031499065848872624,0
0.34,6.488002946225669,6.087216879822393,0.0035821312664453394,0.0006286366996247393,0.1384970338076144,0.003444332327052962,1,6.490277966089435,6.090944658784359,0.0032604289896371935,2.6968748045671308e-05,0.13786060849340964,-0.002489694355745781,0,6.498853144735958,6.090944658784359,-0.00017713496896178477,0.00030775670132448315,-0.13786060849340964,0.002489694355745781,1,6.499421923177275,6.087216879822393,-0.0001400488917273119,-7.897153632080863e-05,-0.1384970338076144,-0.003444332327052962,0
0.35000000000000003,6.486919478546362,6.012936761443661,0.0039187426043319085,0.0006660968774832008,0.1643466931561697,0.0037675871099145768,1,6.4893842547928,6.017218572484651,0.0035680755097352154,4.1057448863949776e-05,0.16361239925447743,-0.002666146257376133,0,6.498830114257094,6.017218572484651,-0.0001779851234169668,0.00031799838674704845,-0.16361239925447743,0.002666146257376133,1,6.499423426812859,6.012936761443661,-0.0001395169934067943,-7.901753065116923e-05,-0.1643466931561697,-0.0037675871099145768,0
0.36000000000000004,6.485737030102072,5.926632364816689,0.004286838377190905,0.0007059462190121914,0.1946947350869289,0.004122473626104042,1,6.488406187623076,5.931541510680468,0.003904811683558878,5.6498650281043416e-05,0.1938484031267739,-0.0028529756858715425,0,6.49880635329067,5.931541510680468,-0.00017887642969503862,0.00032854369455692525,-0.1938484031267739,0.0028529756858715425,1,6.499424914025065,5.926632364816689,-0.00013895836378952553,-7.911183381088418e-05,-0.1946947350869289,-0.004122473626104042,0
0.37,6.484446527832732,5.826897652363376,0.00468926373329533,0.0007484778370490876,0.23019442895460338,0.004511988677296827,1,6.4873357983792825,5.832513486886594,0.004273381584671259,7.34047720413129e-05,0.22922023917392761,-0.0030507040062832244,0,6.498781832072437,5.832513486886594,-0.0001798145310846572,0.0003393990483994211,-0.22922023917392761,0.0030507040062832244,1,6.499426390741818,5.826897652363376,-0.00013845757794400334,-7.912461997630973e-05,-0.23019442895460338,-0.004511988677296827,0
0.38,6.483038072857342,5.712370395753626,0.0051292497841437905,0.0007938237349809812,0.2715437330425787,0.004939301472752901,1,6.486164375742122,5.718777447378244,0.004676796742570632,9.191276598536903e-05,0.27042418018808834,-0.003259972191017297,0,6.498756518886854,5.718777447378244,-0.00018079537366919978,0.00035058639551661984,-0.27042418018808834,0.003259972191017297,1,6.499427861503175,5.712370395753626,-0.00013798468218394539,-7.909854922504285e-05,-0.2715437330425787,-0.004939301472752901,0
0.39,6.481500870027725,5.581824692171752,0.00561032819057969,0.0008421189369455898,0.3194681474642288,0.005407717882010306,1,6.484882382653526,5.5891112038713775,0.005118475446680046,0.00011235164333543445,0.3181840690722112,-0.0034816002939838365,0,6.498730392833319,5.5891112038713775,-0.0001816897432669577,0.0003623100383718695,-0.3181840690722112,0.0034816002939838365,1,6.499429325376916,5.581824692171752,-0.000137505451100059,-7.908542545512498e-05,-0.3194681474642288,-0.005407717882010306,0
0.4,6.47982314234169,5.434290152085405,0.006136295472725298,0.0008935987802942298,0.37469472946262516,0.005920628294978921,1,6.483479392904174,5.442545921699414,0.005601884710570471,0.00013467370561369202,0.37322542070476283,-0.003716665158185437,0,6.4987034306275975,5.442545921699414,-0.00018262728288013524,0.00037438714149512855,-0.37322542070476283,0.003716665158185437,1,6.499430780682042,5.434290152085405,-0.00013704412258180892,-7.904973259458047e-05,-0.37469472946262516,-0.005920628294978921,0
0.41000000000000003,6.477992038044882,5.269195673135101,0.006711293621520306,0.0009485258361128352,0.43791587014254363,0.006481437808324972,1,6.481944020392698,5.2785091088870555,0.006130951003859079,0.0001590332391913867,0.43623931011997563,-0.00396659777447301,0,6.498675598344057,5.2785091088870555,-0.00018361403071451992,0.0003868256189420156,-0.43623931011997563,0.00396659777447301,1,6.49943223049274,5.269195673135101,-0.00013663221680883445,-7.894265349289384e-05,-0.43791587014254363,-0.006481437808324972,0
0.42000000000000004,6.475993541942965,5.086530199021061,0.007339928902140818,0.0010070578557591914,0.5097421823527911,0.007093479440372317,1,6.480263822951542,5.096984567934355,0.006709966572881753,0.00018559681069708247,0.5078353958856289,-0.00423329973962899,0,6.498646859835221,5.096984567934355,-0.00018465681093852732,0.00039963331721366824,-0.5078353958856289,0.00423329973962899,1,6.49943367588041,5.086530199021061,-0.0001362219861078619,-7.883527349031141e-05,-0.5097421823527911,-0.007093479440372317,0
0.43,6.473812373812411,4.887005590429977,0.008027169637419467,0.0010694534334237341,0.59064518570866,0.0077599141390876135,1,6.478425206636901,4.898674538448024,0.0073436229167593535,0.00021454398692274132,0.5884847597597987,-0.004519275215795823,0,6.498617176532642,4.898674538448024,-0.00018576331967532674,0.0004128179858411791,-0.5884847597597987,0.004519275215795823,1,6.499435114574332,4.887005590429977,-0.00013582335023001662,-7.871384845212811e-05,-0.59064518570866,-0.0077599141390876135,0
0.44,6.471431870502263,4.672198651385577,0.008778436617119877,0.0011359976832327292,0.6808924491027465,0.008483625439524849,1,6.476413322612302,4.685141212145509,0.008037047138701726,0.0002460683451185406,0.6784552126226994,-0.004827770719454231,0,6.498586507169652,4.685141212145509,-0.00018694223050230225,0.00042638725779356966,-0.6784552126226994,0.004827770719454231,1,6.4994365475639615,4.672198651385577,-0.00013545139365250667,-7.855525704291e-05,-0.6808924491027465,-0.008483625439524849,0
0.45,6.468833871412375,4.4446424425559545,0.009599692124839512,0.00120692879805738,0.7804803468106819,0.009267121329866354,1,6.474211948019042,4.4588979136385145,0.008795998297669147,0.00028060937410649255,0.7777442061797878,-0.005162910383525265,0,6.498554816673803,4.4588979136385145,-0.00018804641122124063,0.00044057941418533563,-0.7777442061797878,0.005162910383525265,1,6.4994379731417045,4.4446424425559545,-0.00013507855442513412,-7.840169577087662e-05,-0.7804803468106819,-0.009267121329866354,0
0.46,6.465998586503962,4.207834239670936,0.01049741362812948,0.0012825464604007378,0.8890722279928684,0.010112460285536487,1,6.471803357161806,4.223417461537555,0.00962651169903694,0.00031825337628254517,0.8860171277699853,-0.00552980995121173,0,6.4985220804176524,4.223417461537555,-0.00018917161481351463,0.00045526313155829564,-0.8860171277699853,0.00552980995121173,1,6.499439388175551,4.207834239670936,-0.00013470559405794443,-7.825358844264055e-05,-0.8890722279928684,-0.010112460285536487,0
0.47000000000000003,6.462904453877384,3.966132153976647,0.011478687133876543,0.0013631469674871533,1.0059519250642506,0.011021221129213344,1,6.469168222945472,3.983029833558149,0.0105352356682652,0.0003591849240348254,1.0025608776918364,-0.005934650070592283,0,6.498488254497128,3.983029833558149,-0.0001903663709743655,0.0004703875709297775,-1.0025608776918364,0.005934650070592283,1,6.499440789794653,3.966132153976647,-0.00013431683001590496,-7.813589420675699e-05,-1.0059519250642506,-0.011021221129213344,0
0.48000000000000004,6.459527977792483,3.7245267694862365,0.012551241637838984,0.0014490570052144774,1.1300032585444137,0.011994535742428388,1,6.466285459570596,3.742695497292149,0.011529474047603561,0.00040366792680155187,1.1262633614422706,-0.006384690089213831,0,6.498453291352587,3.742695497292149,-0.000191640136252744,0.0004859623406619916,-1.1262633614422706,0.006384690089213831,1,6.499442186529262,3.7245267694862365,-0.00013389804868163947,-7.806566808054917e-05,-1.1300032585444137,-0.011994535742428388,0
0.49000000000000005,6.455843577606294,3.4882975991027116,0.013723441614150334,0.0015407254467872046,1.2597246977841068,0.013033198389362849,1,6.463132070491293,3.5076640769219303,0.012617200673346733,0.00045198674445519685,1.2556280380564355,-0.0068882087978557275,0,6.498417140111265,3.5076640769219303,-0.00019300353626539165,0.0005019969527960185,-1.2556280380564355,0.0068882087978557275,1,6.4994435848267145,3.4882975991027116,-0.0001335010087983215,-7.796204859538498e-05,-1.2597246977841068,-0.013033198389362849,0
0.5,6.451823419464258,3.262592068616572,0.015004493263662976,0.0016385052517663844,1.3932841945794954,0.014137855276685382,1,6.459682984671495,3.2830557882784377,0.013807118647154348,0.0005044475583097068,1.3888285368494262,-0.007454368681581574,0,6.498379746303226,3.2830557882784377,-0.00019446848483791265,0.000518500786394045,-1.3888285368494262,0.007454368681581574,1,6.499444983977552,3.262592068616572,-0.00013309872603525704,-7.786586676169805e-05,-1.3932841945794954,-0.014137855276685382,0
0.51,6.44743722228321,3.0519887966126107,0.01640440479581324,0.0017428171417481915,1.5286128051419086,0.015309264385794014,1,6.455910880818507,3.073427030666386,0.01510877651312607,0.0005614575883553572,1.5238019714100757,-0.00809301378804501,0,6.4983410523260625,3.073427030666386,-0.0001959961999411292,0.0005355608470400999,-1.5238019714100757,0.00809301378804501,1,6.499446382103563,3.0519887966126107,-0.0001326914699784295,-7.777765734840967e-05,-1.5286128051419086,-0.015309264385794014,0
0.52,6.4426520553346425,2.8601179241251256,0.017934085497264225,0.0018541113746857933,1.6635283771238345,0.01654860168014212,1,6.4517859772458905,2.8823924936621506,0.016532705105783398,0.0006236164727153875,1.658372259484944,-0.008814425221806005,0,6.498301022002517,2.8823924936621506,-0.0001974293921074788,0.0005534312267020342,-1.658372259484944,0.008814425221806005,1,6.499447777145198,2.8601179241251256,-0.00013227955336421647,-7.76979810690498e-05,-1.6635283771238345,-0.01654860168014212,0
0.53,6.437432124080592,2.6894032717163983,0.01960542295549141,0.00197286973252786,1.7958742752197245,0.0178577794832247,1,6.447275856994511,2.7123682516213647,0.018090068392279515,0.0006910990375954224,1.7903884679348347,-0.009629068555890285,0,6.498259607062329,2.7123682516213647,-0.00019891605236503217,0.0005719140536077953,-1.7903884679348347,0.009629068555890285,1,6.499449166837248,2.6894032717163983,-0.00013186333779732393,-7.762742816915135e-05,-1.7958742752197245,-0.0178577794832247,0
0.54,6.431738541631208,2.5409651155819404,0.021431347727869206,0.002099635376128681,1.923654785104296,0.019239739510356298,1,6.442345240101337,2.564474509664857,0.01979338475321049,0.0007646065047103894,1.9178598726016902,-0.010547370756447483,0,6.498216771629018,2.564474509664857,-0.0002002685167638578,0.0005913088487535772,-1.9178598726016902,0.010547370756447483,1,6.4994505491020975,2.5409651155819404,-0.00013146168459796478,-7.753874566210372e-05,-1.923654785104296,-0.019239739510356298,0
0.55,6.425529083191321,2.4146865195396248,0.023425947578289745,0.0022349795753155415,2.0451495638201376,0.020698688019841604,1,6.436955765320738,2.4386010180753126,0.021655998034894576,0.000844455873558777,2.039070144635618,-0.01157955924306266,0,6.498172472043964,2.4386010180753126,-0.00020157853155883306,0.0006114998221639946,-2.039070144635618,0.01157955924306266,1,6.499451925598404,2.4146865195396248,-0.00013108705664638122,-7.741240995268418e-05,-2.0451495638201376,-0.020698688019841604,0
0.56,6.418757939858951,2.309412307321481,0.025604597655279008,0.002379447885938816,2.1589940574176083,0.0222402524108076,1,6.431065733283519,2.3336044913063896,0.023692611985935086,0.0009312328563248984,2.1526576117202696,-0.012735583864798908,0,6.498126679838526,2.3336044913063896,-0.00020277560692543724,0.0006326069977386729,-2.1526576117202696,0.012735583864798908,1,6.499453294817926,2.309412307321481,-0.00013071056168286122,-7.729251335840043e-05,-2.1589940574176083,-0.0222402524108076,0
0.5700000000000001,6.411375442537173,2.2232281266825153,0.027983957168649792,0.002533723381686534,2.264219722078265,0.023871553773276287,1,6.424629883188347,2.247585821763679,0.02591898890367026,0.001025213687455355,2.2576554378368665,-0.014025127411179054,0,6.498079342691474,2.247585821763679,-0.00020402714136137504,0.0006544054106002776,-2.2576554378368665,0.014025127411179054,1,6.499454655352475,2.2232281266825153,-0.00013036790233764196,-7.712620631686583e-05,-2.264219722078265,-0.023871553773276287,0
0.5800000000000001,6.403327780273611,2.1537620594161115,0.0305821978839175,0.002698451153828098,2.3602551181635305,0.025601204164603153,1,6.417599121331444,2.178189871305733,0.028352452871565875,0.001126957069052973,2.3534927793952343,-0.01545769601215937,0,6.498030398144527,2.178189871305733,-0.00020534074476462308,0.0006769149052423104,-2.3534927793952343,0.01545769601215937,1,6.499456008455393,2.1537620594161115,-0.00013003992921210223,-7.694158608351112e-05,-2.3602551181635305,-0.025601204164603153,0
0.5900000000000001,6.3945567122625695,2.0984607079054713,0.03341905937824294,0.0028743286250434525,2.4468946815501527,0.02743924744675199,1,6.40992023269465,2.1228800169232276,0.031011841359454218,0.0012370622296398314,2.439963697053165,-0.017042770701270048,0,6.4979797801061965,2.1228800169232276,-0.00020672497819675941,0.0007001557179177375,-2.439963697053165,0.017042770701270048,1,6.499457351286974,2.0984607079054713,-0.00012971324594372903,-7.676016700946738e-05,-2.4468946815501527,-0.02743924744675199,0
0.6,6.384999258507455,2.054809274262503,0.036516003484264786,0.0030620642067929215,2.524245201036542,0.029397066939093993,1,6.401535591500017,2.0791570976358695,0.03391762433261347,0.0013561711387971287,2.5171738210436785,-0.018789996949799045,0,6.4979274186135845,2.0791570976358695,-0.00020818944723643274,0.0007241484558112216,-2.5171738210436785,0.018789996949799045,1,6.499458683727658,2.054809274262503,-0.00012934876573341742,-7.664063879348401e-05,-2.524245201036542,-0.029397066939093993,0
0.61,6.3745873809354965,2.0204838255318527,0.03989626739384013,0.003262497451887288,2.592660667787545,0.03148728236355654,1,6.392382861617399,2.044710979552766,0.03709203055885642,0.001484970679759497,2.585475406002569,-0.020709389686093472,0,6.49787323946258,2.044710979552766,-0.00020974491382038757,0.0007489141142993734,-2.585475406002569,0.020709389686093472,1,6.499460014978805,2.0204838255318527,-0.00012895802145444725,-7.656110135927908e-05,-2.592660667787545,-0.03148728236355654,0
0.62,6.3632476832497415,1.9934387228212331,0.04358504162701621,0.0034765314657701123,2.652674824286922,0.033723654223967996,1,6.38239469504445,2.01750766412812,0.04055917986926899,0.0016241960550051858,2.645400078507692,-0.02281153555512328,0,6.497817163790893,2.01750766412812,-0.00021140341440880082,0.0007744741083276197,-2.645400078507692,0.02281153555512328,1,6.499461344276139,1.9934387228212331,-0.00012856222462733304,-7.649011973536828e-05,-2.652674824286922,-0.033723654223967996,0
0.63,6.350901082853486,1.9719410450900194,0.04760964403081485,0.0037050940086230232,2.7049383211361797,0.03612100784032439,1,6.371498425849076,1.99582367877631,0.04434522143884809,0.0017746330860467327,2.697596169230476,-0.02510777998176886,0,6.497759107815982,1.99582367877631,-0.00021317836658300818,0.0008008502436665081,-2.697596169230476,0.02510777998176886,1,6.499462669640637,1.9719410450900194,-0.00012816163345901095,-7.642829616486636e-05,-2.7049383211361797,-0.03612100784032439,0
0.64,6.337462493764029,1.9545671258289614,0.05199964706095446,0.003949172340713855,2.7501647182616806,0.03869518339023666,1,6.359615762515796,1.978242769154236,0.04847847897804587,0.0019371208846300633,2.7427748575613973,-0.027610392339811426,0,6.497698982383877,1.978242769154236,-0.00021508469034090975,0.000828064760718176,-2.7427748575613973,0.027610392339811426,1,6.499463988912131,1.9545671258289614,-0.00012775654502601458,-7.637626516231904e-05,-2.7501647182616806,-0.03869518339023666,0
0.65,6.3228405155613565,1.9401756657093714,0.056787032551750195,0.004209815795463259,2.7890872124871064,0.04146301350158732,1,6.346662489806818,1.963629269820901,0.052989599664930345,0.0021125542612653357,2.781667008278964,-0.030332707189373143,0,6.497636692576145,1.963629269820901,-0.00021713893966084476,0.0008561403338339844,-2.781667008278964,0.030332707189373143,1,6.499465299731324,1.9401756657093714,-0.00012734729909308476,-7.633469677837249e-05,-2.7890872124871064,-0.04146301350158732,0
0.66,6.306937143987906,1.9278691319624346,0.062006348534876105,0.0044881378637608845,2.822426212938911,0.04444232657953748,1,6.332548176949565,1.9510897990179972,0.05791170869548572,0.002301885347964337,2.814990823712037,-0.033289242739226954,0,6.497572137354647,1.9510897990179972,-0.00021935942528845153,0.0008851000649142797,-2.814990823712037,0.033289242739226954,1,6.499466599529922,1.9278691319624346,-0.0001269342807551737,-7.630429757069516e-05,-2.822426212938911,-0.04444232657953748,0
0.67,6.289647498490925,1.916951771915627,0.06769487005096317,0.004785319356231934,2.850866765235179,0.04765197208083957,1,6.317175911780852,1.9399315621636761,0.06328056563932516,0.002506126684765976,2.8434293168280433,-0.036495799470136286,0,6.497505208971569,1.9399315621636761,-0.00022176637993105068,0.0009149675307965817,-2.8434293168280433,0.036495799470136286,1,6.499467885510478,1.916951771915627,-0.00012651792490496515,-7.628581398114418e-05,-2.850866765235179,-0.04765197208083957,0
0.68,6.270859584537217,1.9068894544542714,0.07389276126847046,0.00510261002792998,2.8750442531264953,0.051111863078891984,1,6.30044206261472,1.929622453660257,0.06913472146881261,0.00272635283249417,2.8676160394120136,-0.03996954250716994,0,6.497435792354736,1.929622453660257,-0.00022438209963288606,0.0009457668787611078,-2.8676160394120136,0.03996954250716994,1,6.499469154633657,1.9068894544542714,-0.00012609871862498856,-7.628003511644073e-05,-2.8750442531264953,-0.051111863078891984,0
0.6900000000000001,6.250454101319991,1.8972741136276767,0.08064320239512879,0.0054413794229527515,2.895536635510845,0.05484303133784087,1,6.282236082433357,1.919755720710088,0.07551620285838201,0.0029644742538137685,2.8881273287555573,-0.043729071204908695,0,6.497363802875558,1.919755720710088,-0.0002267041691476567,0.000978294422189014,-2.8881273287555573,0.043729071204908695,1,6.499470404654428,1.8972741136276767,-0.00012570887647102188,-7.623976188527365e-05,-2.895536635510845,-0.05484303133784087,0
0.7000000000000001,6.228304302320394,1.8877938754660932,0.08799262060028912,0.00580301199645357,2.912861560700102,0.05886769041145365,1,6.262440289686497,1.9100202685034253,0.08246916307143212,0.003221005017639343,2.905479419644191,-0.04779447882758729,0,6.497289154959289,1.9100202685034253,-0.00022920511129940666,0.0010118839644411223,-2.905479419644191,0.04779447882758729,1,6.499471636966485,1.8877938754660932,-0.00012533997021546832,-7.617693969246665e-05,-2.912861560700102,-0.05886769041145365,0
0.7100000000000001,6.204275953977762,1.8782089011072058,0.0959908082384305,0.006188945230807863,2.9274769189070864,0.06320930275798713,1,6.240929923751987,1.9001766431591103,0.09004145570591066,0.0034972218582681215,2.9201289866734927,-0.052187404407596075,0,6.49721172363547,1.9001766431591103,-0.00023190601387173274,0.0010465664318815148,-2.9201289866734927,0.052187404407596075,1,6.499472848688047,1.8782089011072058,-0.00012497115387698603,-7.612427833497538e-05,-2.9274769189070864,-0.06320930275798713,0
0.7200000000000001,6.178227364250429,1.8683324146551876,0.10469102649351476,0.006600723278529948,2.9397836636639654,0.06789264735402413,1,6.21757309530431,1.8900381664149992,0.09828431542033733,0.003794469618328794,2.932475950767626,-0.0569310780095158,0,6.497131376086178,1.8900381664149992,-0.00023482935379004282,0.0010823745961243809,-2.932475950767626,0.0569310780095158,1,6.49947403607149,1.8683324146551876,-0.00012460318641809094,-7.608251325351108e-05,-2.9397836636639654,-0.06789264735402413,0
0.73,6.15000954196504,1.8580161441578449,0.11415015513270485,0.007039951025237327,2.950130000780337,0.0729438847056062,1,6.192230898972524,1.87945645662829,0.10725247658857416,0.004114159358720964,2.942867650845779,-0.062050359803769106,0,6.497047971034508,1.87945645662829,-0.00023799961363108266,0.0011193424551361533,-2.942867650845779,0.062050359803769106,1,6.499475195190444,1.8580161441578449,-0.000124228308244849,-7.606524705964956e-05,-2.950130000780337,-0.0729438847056062,0
0.74,6.1194664894934165,1.8471393608036426,0.12442881796363134,0.007508254464075675,2.9588162815555066,0.07839061645131173,1,6.164757680652861,1.8683105270223992,0.1170045583703834,0.004458192342402819,2.951603718991919,-0.06757177260593056,0,6.496961368488574,1.8683105270223992,-0.00024115687612291594,0.001157930181265152,-2.951603718991919,0.06757177260593056,1,6.499476331430639,1.8471393608036426,-0.00012380109403431396,-7.613792455311462e-05,-2.9588162815555066,-0.07839061645131173,0
0.75,6.086435660467829,1.8356007636276814,0.13559132177628336,0.008007468625367031,2.9661001339665853,0.08426193691875505,1,6.135001354009885,1.8564987135280333,0.12760277007954218,0.004828387060860895,2.9589411939379877,-0.07352352687585928,0,6.496871479756471,1.8564987135280333,-0.00024412062166294244,0.0011984531604842443,-2.9589411939379877,0.07352352687585928,1,6.499477447576412,1.8356007636276814,-0.0001233691871411957,-7.622768873617652e-05,-2.9661001339665853,-0.08426193691875505,0
0.76,6.0507486370701855,1.823312565471145,0.1477058291601599,0.008539421145013418,2.97220152021214,0.0905884740413412,1,6.102804078268837,1.8439327921151396,0.13911346150743528,0.005227261536633115,2.9650995619109786,-0.07993553658959833,0,6.496778244209778,1.8439327921151396,-0.00024627331767802964,0.0012418686406610036,-2.9650995619109786,0.07993553658959833,1,6.499478540651841,1.823312565471145,-0.00012293288267100277,-7.633558497680747e-05,-2.97220152021214,-0.0905884740413412,0
0.77,6.01223200699557,1.8101962556535458,0.16084429779922632,0.009106001653535343,2.9773075253443775,0.09740241698327187,1,6.068002817776721,1.8305337643570283,0.1516053774707408,0.005655431498601877,2.9702655299448475,-0.08683942388397625,0,6.49668161386702,1.8305337643570283,-0.0002482962425325978,0.0012871783224555058,-2.9702655299448475,0.08683942388397625,1,6.499479607475678,1.8101962556535458,-0.00012249250522991252,-7.646271705657575e-05,-2.9773075253443775,-0.09740241698327187,0
0.78,5.970708516800753,1.796179627269821,0.17508241148429177,0.009709153993793304,2.981576766013448,0.10473752767878644,1,6.030430704045216,1.8162289016632271,0.1651513762015802,0.006114325814617901,2.974597420838152,-0.09426850991584343,0,6.496581453558716,1.8162289016632271,-0.00025038825219009665,0.0013341515059863219,-2.974597420838152,0.09426850991584343,1,6.499480644653007,1.796179627269821,-0.0001220484100669216,-7.661024963275316e-05,-2.981576766013448,-0.10473752767878644,0
0.79,5.925998515703836,1.7811947540250237,0.19049940655486772,0.010350923695557884,2.9851433671959393,0.11262913328837981,1,5.9899182436923315,1.8009497349970653,0.17982801193010955,0.006605702446443335,2.9782291376465784,-0.10225778896433896,0,6.496477617880179,1.8009497349970653,-0.00025255605297757944,0.0013828509958033687,-2.9782291376465784,0.10225778896433896,1,6.499481649895433,1.7811947540250237,-0.00012163861173143413,-7.672230525210262e-05,-2.9851433671959393,-0.11262913328837981,0
0.8,5.877921750058924,1.76517668082944,0.20717796512656245,0.01103328794993664,2.9881204942455355,0.12111409633210853,1,5.946294905097027,1.7846307557142074,0.19571514198644346,0.007131347298910726,2.9812736849771238,-0.11084388242949099,0,6.496369954284814,1.7846307557142074,-0.0002548068835726239,0.0014333423814665367,-2.9812736849771238,0.11084388242949099,1,6.499482631911427,1.76517668082944,-0.0001212293477256906,-7.6845173131993e-05,-2.9881204942455355,-0.12111409633210853,0
0.81,5.826299497433521,1.7480626548449845,0.22520380120423217,0.011758301912063852,2.9906034527942884,0.13023075899976905,1,5.899391084862229,1.767208655250526,0.2128956346234011,0.007693060759827017,2.9838262594898355,-0.120064969043089,0,6.496258302653876,1.767208655250526,-0.00025714848395982183,0.0014856943003467653,-2.9838262594898355,0.120064969043089,1,6.499483602474889,1.7480626548449845,-0.00012082435916084509,-7.696735443917271e-05,-2.9906034527942884,-0.13023075899976905,0
0.8200000000000001,5.770957133073868,1.7297917714956081,0.24466530296822342,0.012527994290097868,2.992672384025117,0.1400188578817953,1,5.849040437968904,1.748621978926324,0.23145497774917134,0.008292641949366433,2.985966936979247,-0.12996068731299032,0,6.496142495282369,1.748621978926324,-0.0002595890731458654,0.0015399784791471415,-2.985966936979247,0.12996068731299032,1,6.499484560329391,1.7297917714956081,-0.0001204116999624451,-7.710739649267819e-05,-2.992672384025117,-0.1400188578817953,0
0.8300000000000001,5.711727065807326,1.7103049456949313,0.265652978452417,0.013344393869810083,2.9943945907584903,0.15051940513637782,1,5.795082608039677,1.728811104662815,0.25148076877836406,0.008931868352976512,2.987762991321088,-0.1405720059802739,0,6.496022356114848,1.728811104662815,-0.00026213734151855645,0.001596270128876567,-2.987762991321088,0.1405720059802739,1,6.499485503663156,1.7103049456949313,-0.00011999128270809264,-7.726633635866167e-05,-2.9943945907584903,-0.15051940513637782,0
0.8400000000000001,5.648452130251105,1.6895451446393377,0.28825875653053795,0.014209555625542002,2.9958265329751868,0.16177453193258465,1,5.737366348094109,1.707718483343752,0.2730620833849909,0.009612473865449384,2.989270883750674,-0.1519410580958158,0,6.495897700355555,1.707718483343752,-0.00026480236020407335,0.0016546482772188506,-2.989270883750674,0.1519410580958158,1,6.49948643221298,1.6895451446393377,-0.00011960651786318055,-7.737919002979331e-05,-2.9958265329751868,-0.16177453193258465,0
0.8500000000000001,5.580989425315985,1.6674578370581632,0.3125752979885942,0.01512536374438081,2.9970155315166376,0.1738272899136298,1,5.67575308047185,1.6852890959789069,0.2962886940441102,0.010336124878125116,2.9905379610675635,-0.16411093424001924,0,6.495768334724078,1.6852890959789069,-0.00026759353968826505,0.0017151957040806363,-2.9905379610675635,0.16411093424001924,1,6.499487349038457,1.6674578370581632,-0.00011922843943690037,-7.74878765637778e-05,-2.9970155315166376,-0.1738272899136298,0
0.86,5.509214558185378,1.6439916264999652,0.3386949415504556,0.01609362563612323,2.998001216954359,0.18672140643908036,1,5.610120900381484,1.6614710954204948,0.3212503507393297,0.011104700742555741,2.9916038996233025,-0.17712543044249646,0,6.4956340611215015,1.6614710954204948,-0.00027031111012629564,0.001778311639155772,-2.9916038996233025,0.17712543044249646,1,6.499488252712828,1.6439916264999652,-0.00011884356181917789,-7.761333776311762e-05,-2.998001216954359,-0.18672140643908036,0
0.87,5.433026280987593,1.6190990443854767,0.36670856966556675,0.017116038467600972,2.998816757819881,0.2005009895226682,1,5.540368886396035,1.6362166084597287,0.34803577624317683,0.011920358440149601,2.992501929163195,-0.1910287465376394,0,6.495494742911646,1.6362166084597287,-0.0002724591367839383,0.001844809227768415,-2.992501929163195,0.1910287465376394,1,6.499489141421071,1.6190990443854767,-0.00011845182065497266,-7.775657771149813e-05,-2.998816757819881,-0.2005009895226682,0
0.88,5.3523514603232645,1.5927374831760923,0.3967043142622457,0.018194133305251166,2.9994898990863574,0.21521017871872605,1,5.4664213386597655,1.6094826786840861,0.37672999848728456,0.012783440035963684,2.9932598673077213,-0.2058651310507722,0,6.495350194982761,1.6094826786840861,-0.0002746530612207774,0.0019138574879851641,-2.9932598673077213,0.2058651310507722,1,6.499490013252632,1.5927374831760923,-0.00011805314845674401,-7.791865296441853e-05,-2.9994898990863574,-0.21521017871872605,0
0.89,5.267150279168613,1.5648702518439215,0.428766079870866,0.01932923323572257,3.000043838349458,0.2308927387617103,1,5.388233234372912,1.581232332253876,0.4074146355674627,0.013695010888200937,2.9939009920307136,-0.2216784692835937,0,6.495200197321044,1.581232332253876,-0.00027689688811626456,0.001985560788186602,-2.9939009920307136,0.2216784692835937,1,6.499490866194561,1.5648702518439215,-0.00011764747313280411,-7.810067818099445e-05,-3.000043838349458,-0.2308927387617103,0
0.9,5.177421616469428,1.535467735453824,0.46297187450777577,0.020522411493308253,3.000497963790386,0.24759159356623966,1,5.305794995486333,1.5514357483242747,0.44016570023205376,0.014655888409783182,2.994444776141456,-0.2385118120928455,0,6.495044518417876,1.5514357483242747,-0.0002791948671545879,0.002060028907548493,-2.994444776141456,0.2385118120928455,1,6.4994916981370885,1.535467735453824,-0.0001172347162042262,-7.830382601623401e-05,-3.000497963790386,-0.24759159356623966,0
0.91,5.083208323594893,1.5045086385233932,0.499392012558767,0.021774446546883094,3.000868474847147,0.26534829928362086,1,5.219137550985914,1.520071513638018,0.4750518288986284,0.015666598230884635,2.994907504635706,-0.25640684396646,0,6.494882915705942,1.520071513638018,-0.0002815514704416843,0.0021373768541287355,-2.994907504635706,0.25640684396646,1,6.499492506870386,1.5045086385233932,-0.00011681479096539886,-7.852933149669322e-05,-3.000868474847147,-0.26534829928362086,0
0.92,4.984602337003822,1.4719812882847365,0.538087162346828,0.02308577479796803,3.0011689036389972,0.2842024565136609,1,5.1283371851215875,1.487127937214686,0.5121323878900801,0.01672732784024626,2.995302792913602,-0.2754032904255675,0,6.494715135427767,1.487127937214686,-0.0002839713789864744,0.0022177249535648724,-2.995302792913602,0.2754032904255675,1,6.499493290086048,1.4719812882847365,-0.00011638760024721635,-7.877849463623647e-05,-3.0011689036389972,-0.2842024565136609,0
0.93,4.881749435761057,1.4378849693732818,0.5791062544235106,0.024456443367864216,3.0014105526098804,0.3041910635074781,1,5.033519946386062,1.4526043964064002,0.5514554975670247,0.017837880598284638,2.9956420212972583,-0.29553826653854526,0,6.4945409105081,1.4526043964064002,-0.00028645941111326743,0.0023012000244169617,-2.9956420212972583,0.29553826653854526,1,6.499494045381886,1.4378849693732818,-0.00011595303396722966,-7.905268171409047e-05,-3.0014105526098804,-0.3041910635074781,0
0.9400000000000001,4.7748531275467725,1.4022312561600938,0.6224842550812297,0.025886239915011603,3.0016028615812713,0.32534781427457626,1,4.934865585563623,1.416512680224207,0.593055936212675,0.018997633709907136,2.9959346990191635,-0.3168455704314148,0,6.49435996035503,1.416512680224207,-0.000289020507580584,0.0023879355033194416,-2.9959346990191635,0.3168455704314148,1,6.499494774981641,1.4022312561600938,-0.00011562439732189564,-7.918082284753071e-05,-3.0016028615812713,-0.32534781427457626,0
0.9500000000000001,4.664177944034774,1.3650453033029049,0.6682403350322343,0.02737414776674827,3.0017537154187766,0.34770234791426297,1,4.832610548291841,1.3788782901442778,0.6369530566683221,0.02020549454616049,2.996188768879919,-0.33935492810597684,0,6.494171992989582,1.3788782901442778,-0.0002916597070001751,0.0024780704193059448,-2.996188768879919,0.33935492810597684,1,6.499495486010898,1.3650453033029049,-0.00011529510663910896,-7.931923071782697e-05,-3.0017537154187766,-0.34770234791426297,0
0.9600000000000001,4.550051162936383,1.3263670495437978,0.7163753611488536,0.028918866534221554,3.0018697017983436,0.37127945819340114,1,4.727049857619194,1.3397416530077706,0.683148742388756,0.02145985993874862,2.996410862068663,-0.36309119859888006,0,6.49397669989224,1.3397416530077706,-0.0002943820862175131,0.002571752066929895,-2.996410862068663,0.36309119859888006,1,6.499496179019296,1.3263670495437978,-0.00011501816026305452,-7.938813287034294e-05,-3.0018697017983436,-0.37127945819340114,0
0.9700000000000001,4.432863282865896,1.286252284810985,0.766870187567487,0.030518391414400402,3.0019563270802996,0.39609827532784153,1,4.618537750493616,1.2991591956192647,0.7316254292535482,0.022758588605689814,2.996606511174744,-0.3880735514695088,0,6.493773758926443,1.2991591956192647,-0.0002971926987074266,0.0026691346395233745,-2.996606511174744,0.3880735514695088,1,6.499496857110739,1.286252284810985,-0.00011473890540996019,-7.946795655818232e-05,-3.0019563270802996,-0.39609827532784153,0
0.9800000000000001,4.313066659368056,1.2447735268231113,0.8196836717394105,0.03217022396337024,3.0020181970360853,0.422171435000955,1,4.507486605669506,1.2572042267652115,0.7823443588211414,0.024098976949150572,2.9967803281681493,-0.4143146316990505,0,6.493562833077396,1.2572042267652115,-0.0003000966363315451,0.002770379772322793,-2.9967803281681493,0.4143146316990505,1,6.499497518860123,1.2447735268231113,-0.00011445549844347896,-7.956217982421533e-05,-3.0020181970360853,-0.422171435000955,0
0.9900000000000001,4.191172338964258,1.2020206512172065,0.8747511785064596,0.033871284816572755,3.0020591680968067,0.44950425274328404,1,4.394364106265502,1.2139675701905175,0.8352440977899361,0.025477745219062035,2.9969361530617524,-0.4418197301907029,0,6.493343569221534,1.2139675701905175,-0.0003030989459664633,0.0028756572887366585,-2.9969361530617524,0.4418197301907029,1,6.499498162784587,1.2020206512172065,-0.00011416780408256502,-7.967174705141396e-05,-3.0020591680968067,-0.44950425274328404,0
1.0,4.067744793175853,1.158101219300569,0.9319834178820465,0.035617908237584345,3.0020824738801672,0.47809392474316065,1,4.27968853305549,1.169557892167646,0.890239396747576,0.02689103384344431,2.997077178065887,-0.47058598102174004,0,6.493115599151434,1.169557892167646,-0.00030620457043778904,0.0029851447812776774,-2.997077178065887,0.47058598102174004,1,6.499498787387227,1.158101219300569,-0.00011387566035697184,-7.979764968338144e-05,-3.0020824738801672,-0.47809392474316065,0
1.01,3.943394492751957,1.1131404503986555,0.9912657685156085,0.03740585633026866,3.002090830980778,0.507928778769887,1,4.164022201451695,1.12410167020852,0.9472204452733971,0.028334415869297032,2.9972060512821987,-0.5006016092220178,0,6.492878536436862,1.12410167020852,-0.00030941837083161357,0.0030990291556807267,-2.9972060512821987,0.5006016092220178,1,6.4994993911781656,1.1131404503986555,-0.00011357887645238106,-7.994091891633418e-05,-3.002090830980778,-0.507928778769887,0
1.02,3.8187686552706657,1.0672807918774847,1.0524580428879815,0.03923034605550377,3.0020865273582715,0.5389876009565995,1,4.04796280838208,1.077742755650048,1.0060527307485851,0.029802922504789383,2.997324963338858,-0.5318452549274795,0,6.49263197849801,1.077742755650048,-0.0003127450880011354,0.0032175056570292425,-2.997324963338858,0.5318452549274795,1,6.499499972638409,1.0672807918774847,-0.00011327723201343004,-8.010264481611335e-05,-3.0020865273582715,-0.5389876009565995,0
1.03,3.694539989572897,1.0206810495455227,1.1153949258702207,0.041086093338943405,3.0020714961108554,0.5712390654854437,1,3.932133238324676,1.0306414925759235,1.0665773853643368,0.03129108447429228,2.997435719825001,-0.5642854010566615,0,6.492375504858973,1.0306414925759235,-0.00031618947958276015,0.0033407785454081665,-2.997435719825001,0.5642854010566615,1,6.499500530247451,1.0206810495455227,-0.00011297047616597413,-8.028396398675102e-05,-3.0020714961108554,-0.5712390654854437,0
1.04,3.5713940409762435,0.9735150543511223,1.1798870039866798,0.042967357529286904,3.0020473769635436,0.6046412945232278,1,3.817169797355554,0.9829733688841983,1.1286122070776416,0.032792985823271836,2.997539801922979,-0.5978799319623807,0,6.492108676919013,0.9829733688841983,-0.0003197562747081576,0.0034690612860012265,-2.997539801922979,0.5978799319623807,1,6.499501062325543,0.9735150543511223,-0.00011265071925472306,-8.049755085635262e-05,-3.0020473769635436,-0.6046412945232278,0
1.05,3.4500153202755506,0.9259698578738653,1.2457225072095177,0.044868004752661145,3.0020155674175184,0.6391415748742574,1,3.7037095012968306,0.9349271920550296,1.1919532603014709,0.0343023348704044,2.9976384172493526,-0.632575849622009,0,6.49183103593786,0.9349271920550296,-0.00032345031864273685,0.003602577349021709,-2.9976384172493526,0.632575849622009,1,6.49950157061203,0.9259698578738653,-0.00011229335739259106,-8.077944167501872e-05,-3.0020155674175184,-0.6391415748742574,0
1.06,3.3310728113877244,0.8782434685292783,1.312669578517299,0.04678171432006619,3.0019772651882324,0.6746762555960404,1,3.592376698734074,0.8867028017772548,1.2563771432617252,0.035812548081970236,2.997732542587605,-0.6683091716950993,0,6.491542104787178,0.8867028017772548,-0.0003272766327903552,0.003741559251131347,-2.997732542587605,0.6683091716950993,1,6.4995020563835375,0.8782434685292783,-0.00011193713743111878,-8.10708776867308e-05,-3.0019772651882324,-0.6746762555960404,0
1.07,3.215205576776103,0.830542161800665,1.3804792244943354,0.04870207009341181,3.0019335032956103,0.711170847177045,1,3.483769620831488,0.8385083531811781,1.3216438661351548,0.0373168456529352,2.9978229599179884,-0.7050050321106118,0,6.49124138966947,0.8385083531811781,-0.0003312404326625747,0.003886247676578129,-2.9978229599179884,0.7050050321106118,1,6.499502521411539,0.830542161800665,-0.00011167768515727824,-8.122753394899339e-05,-3.0019335032956103,-0.711170847177045,0
1.08,3.103009209690544,0.7830774200010009,1.44888911173849,0.05062229629615453,3.0018851789512846,0.7485403378045605,1,3.3784475635072457,0.7905572268081883,1.3875001932163462,0.038808352969246195,2.997910286914146,-0.7425779997488531,0,6.490928371351641,0.7905572268081883,-0.00033534748049539694,0.004036895348933839,-2.997910286914146,0.7425779997488531,1,6.499502974780903,0.7830774200010009,-0.0001114210278122052,-8.138582740485606e-05,-3.0018851789512846,-0.7485403378045605,0
1.09,2.9950230294980527,0.7360625786220036,1.5176271808032997,0.05253578109816555,3.0018330772081763,0.7866897358581538,1,3.276918993511575,0.7430646431822393,1.4536835229605003,0.04028021111299851,2.997995002875742,-0.7809326243595024,0,6.490602510597821,0.7430646431822393,-0.00033960394694585735,0.004193764528611881,-2.997995002875742,0.7809326243595024,1,6.499503415773585,0.7360625786220036,-0.00011115874501865656,-8.155874770410232e-05,-3.0018330772081763,-0.7866897358581538,0
1.1,2.891719320036345,0.6897092756672684,1.5864160212688625,0.05443607785625887,3.0017778901903824,0.8255148402636125,1,3.179631407094467,0.6962440793401776,1.519926002225555,0.041725685615211616,2.99807747089561,-0.819964211321454,0,6.490263249209595,0.6962440793401776,-0.0003440166542625369,0.0043571261377187,-2.99807747089561,0.819964211321454,1,6.499503843269326,0.6897092756672684,-0.00011089070292047613,-8.174705578844164e-05,-3.0017778901903824,-0.8255148402636125,0
1.11,2.793494719615392,0.644223815899429,1.6549773772631513,0.05631700538465563,3.0017202326006385,0.8649032320552322,1,3.086963267415326,0.6503036003215917,1.58595879879676,0.0431382763117992,2.9981579569144823,-0.8595598185259979,0,6.4899100049607386,0.6503036003215917,-0.00034859316366436376,0.004527262179142363,-2.9981579569144823,0.8595598185259979,1,6.499504256078387,0.644223815899429,-0.00011061676405371357,-8.195155275733124e-05,-3.0017202326006385,-0.8649032320552322,0
1.12,2.700664219358072,0.599803572212092,1.7230365919726482,0.05817279520671169,3.001660654103895,0.9047354718369944,1,2.9992182118279582,0.6054422289571418,1.651516463757501,0.0445118185373352,2.9982366461927716,-0.8995994599703097,0,6.489542174821562,0.6054422289571418,-0.0003533420696884467,0.004704463691998272,-2.9982366461927716,0.8995994599703097,1,6.499504652273394,0.599803572212092,-0.00011036283466181121,-8.213434281193206e-05,-3.001660654103895,-0.9047354718369944,0
1.1300000000000001,2.6134580319061302,0.5566335502300206,1.7903269825401575,0.05999813024784423,3.0015996491041874,0.9448864792910744,1,2.91662179945937,0.5618464811834233,1.716341192982168,0.04584057689847759,2.9983136576241898,-0.9399574920710784,0,6.489159133251182,0.5618464811834233,-0.00035827294421802937,0.004889031705711685,-2.9983136576241898,0.9399574920710784,1,6.49950503537566,0.5566335502300206,-0.00011013906837806402,-8.22784346916427e-05,-3.0015996491041874,-0.9448864792910744,0
1.1400000000000001,2.53202110911959,0.5148832390652696,1.8565940196627329,0.061788199817121595,3.00153766436449,0.9852270629747553,1,2.8393209715834535,0.5196871908683076,1.7801867350586327,0.04711932769928895,2.9983890562281235,-0.9805041507702059,0,6.4887602280644066,0.5196871908683076,-0.00036339645516251823,0.0050812791487452515,-2.9983890562281235,0.9805041507702059,1,6.499505406746257,0.5148832390652696,-0.0001099236145050769,-8.241592400972254e-05,-3.00153766436449,-0.9852270629747553,0
1.1500000000000001,2.4564152191397097,0.47470386079329885,1.9215989309385457,0.06353890497987752,3.0014751048623256,1.0256255618848353,1,2.7673858731243186,0.4791167376359179,1.842821985667932,0.0483434256479376,2.998462864084822,-1.0211072007185802,0,6.488344780288324,0.4791167376359179,-0.00036872460481075325,0.00528153057939552,-2.998462864084822,1.0211072007185802,1,6.499505768092777,0.47470386079329885,-0.00010975228792802795,-8.249223435244576e-05,-3.0014751048623256,-1.0256255618848353,0
1.1600000000000001,2.3866238900674377,0.43622611415047624,1.9851219163734042,0.06524671973161311,3.0014123382248323,1.0659495551086702,1,2.7008137965346655,0.4402667739310631,1.9040341924722433,0.04950885379872505,2.9985350699179865,-1.0616336526484014,0,6.487912085161355,0.4402667739310631,-0.00037427076113227635,0.005490121656224844,-2.9985350699179865,1.0616336526484014,1,6.499506122911675,0.43622611415047624,-0.00010959121204566114,-8.255643254376449e-05,-3.0014123382248323,-1.0659495551086702,0
1.1700000000000002,2.322558626072911,0.3995584852684091,2.0469647559571413,0.06690893236816407,3.001349698043799,1.1060675926827528,1,2.6395353141191027,0.40324652464691796,1.9636313348650036,0.050612254465605314,2.9986056374821226,-1.1019515018402377,0,6.487461410241822,0.40324652464691796,-0.0003800497526739989,0.005707399963116503,-2.9986056374821226,1.1019515018402377,1,6.499506473179603,0.3995584852684091,-0.000109474984653149,-8.255563326966811e-05,-3.001349698043799,-1.1060675926827528,0
1.1800000000000002,2.2640674864992705,0.3647861715217447,2.106952809489001,0.06852344344567515,3.0012874863319383,1.1458508997707517,1,2.583421572789454,0.3681417056435063,2.021444156045172,0.051650946394333236,2.99867451287546,-1.1419314395860345,0,6.4869920084036625,0.3681417056435063,-0.00038607793611080776,0.005933718411593247,-2.99867451287546,1.1419314395860345,1,6.499506823626333,0.3647861715217447,-0.00010935626850314505,-8.25584777527441e-05,-3.0012874863319383,-1.1458508997707517,0
1.19,2.2109440485832383,0.3319706356878933,2.164936273271614,0.07008894778309109,3.0012259753455623,1.1851750075260095,1,2.5322928394479978,0.3350140783399145,2.0773273488806945,0.05262292147692539,2.9987416308724004,-1.1814484908162666,0,6.486503099586385,0.3350140783399145,-0.0003923731137175387,0.006169444536869583,-2.9987416308724004,1.1814484908162666,1,6.4995071739583175,0.3319706356878933,-0.0001092350112393196,-8.256519130673439e-05,-3.0012259753455623,-1.1851750075260095,0
1.2,2.1629373805465715,0.30114977866341575,2.2207908462438484,0.07160484967531466,3.0011654089648103,1.2239212674291504,1,2.4859274869108283,0.303901628352698,2.131160235128806,0.05352682884841435,2.9988069203506638,-1.220383534507931,0,6.485993867278745,0.303901628352698,-0.0003989543566189259,0.006414962552983086,-2.9988069203506638,1.220383534507931,1,6.499507523862219,0.30114977866341575,-0.00010911115921457739,-8.257601107932027e-05,-3.0011654089648103,-1.2239212674291504,0
1.21,2.1197619779297323,0.27233869195916677,2.2744178230435437,0.07307123630825554,3.0011060037904578,1.261978211247155,1,2.4440712085465908,0.2748193289005512,2.1828467631886075,0.0543619458756156,2.9988703088764233,-1.2586246688761031,0,6.485463464395067,0.2748193289005512,-0.00040584239977876316,0.006670669838837206,-2.9988703088764233,1.2586246688761031,1,6.499507872985209,0.27233869195916677,-0.00010898465749318223,-8.259119589625592e-05,-3.0011060037904578,-1.261978211247155,0
1.22,2.0811075447926086,0.24553092786000105,2.325743476553913,0.07448883924927263,3.001047950086156,1.2992427256741326,1,2.4064458673922333,0.24776042617057975,2.232315125879506,0.055128139272845475,2.998931726504318,-1.2960683903013746,0,6.484911024931241,0.24776042617057975,-0.00041305958659477516,0.00693697120140491,-2.998931726504318,1.2960683903013746,1,6.499508220986988,0.24553092786000105,-0.00010885544935301168,-8.26110009975875e-05,-3.001047950086156,-1.2992427256741326,0
1.23,2.0466480625337824,0.22070020683177552,2.374718114581566,0.07585897376644093,3.0009914126665644,1.3356210187216369,1,2.372757949856749,0.22269816540122483,2.279516730029905,0.05582580911095106,2.9989911088468184,-1.3326205629920183,0,6.484335641504817,0.22269816540122483,-0.0004206296041834864,0.0072142905707417646,-2.9989911088468184,1.3326205629920183,1,6.499508567505307,0.22070020683177552,-0.000108723476481904,-8.263569498663664e-05,-3.0009914126665644,-1.3356210187216369,0
1.24,2.016050012274217,0.1978024693271511,2.4213146838468163,0.0771834904450389,3.0009365318059147,1.3710293635133046,1,2.3427061989976137,0.19958786392482497,2.3244248399457152,0.056455834953149514,2.999048399467911,-1.3681971650062994,0,6.483736380942686,0.19958786392482497,-0.00042857762229012945,0.007503063003525091,-2.999048399467911,1.3681971650062994,1,6.49950891214155,0.1978024693271511,-0.00010858867897035383,-8.266556704328981e-05,-3.0009365318059147,-1.3710293635133046,0
1.25,1.9889795876167344,0.17677817287614409,2.4655270992139955,0.0784647040559305,3.000883424218125,1.40539461378664,1,2.315988335782332,0.1783692311228769,2.36703287011651,0.057019514747422444,2.9991035516580724,-1.4027248049465606,0,6.483112263059615,0.1783692311228769,-0.00043692934817722454,0.007803746790734109,-2.9991035516580724,1.4027248049465606,1,6.499509254484687,0.17677817287614409,-0.00010845099529302937,-8.270091498180265e-05,-3.000883424218125,-1.40539461378664,0
1.26,1.965108833336366,0.15755473502418066,2.507368211794967,0.0797053382559636,3.0008321841391177,1.4386544936334487,1,2.292306668618585,0.15896883495163586,2.407352601411713,0.05751850494320079,2.9991565296502203,-1.4361410119001021,0,6.482462276938458,0.15896883495163586,-0.0004457122186480373,0.008116813533127234,-2.9991565296502203,1.4361410119001021,1,6.499509594091825,0.15755473502418066,-0.00010831036217073784,-8.274205517705803e-05,-3.0008321841391177,-1.4386544936334487,0
1.27,1.944120599138598,0.140049027638748,2.546867692752233,0.0809084674238409,3.0007828845246167,1.4707576714119353,1,2.271372704861125,0.14130261972609584,2.445412186246358,0.057954753282541266,2.999207309338709,-1.4683943086330742,0,6.481785393111666,0.14130261972609584,-0.0004549554633544033,0.008442741968238677,-2.999207309338709,1.4683943086330742,1,6.499509930513591,0.140049027638748,-0.00010816671420136597,-8.278931042915852e-05,-3.0007828845246167,-1.4707576714119353,0
1.28,1.9257123883217728,0.12416983736350534,2.584069962462632,0.08207743104219403,3.000735578362737,1.5016636340266918,1,2.252910817273568,0.12527838921426138,2.48125397973756,0.05833044018909056,2.9992558785652212,-1.4994440843304186,0,6.48108051753308,0.12527838921426138,-0.00046468877036903613,0.008782043132213617,-2.9992558785652212,1.4994440843304186,1,6.499510263284759,0.12416983736350534,-0.00010801998415014283,-8.284301421494878e-05,-3.000735578362737,-1.5016636340266918,0
1.29,1.909599160732976,0.1098202193857646,2.6190319671981275,0.08321579737075682,3.000690300089668,1.5313423826957302,1,2.2366608632896874,0.11079818160943351,2.5149325163670433,0.05864792106405754,2.999302237035749,-1.5292602881148514,0,6.480346532472348,0.11079818160943351,-0.0004749435786668585,0.009135237931693877,-2.999302237035749,1.5292602881148514,1,6.499510591899491,0.1098202193857646,-0.0001078701028477603,-8.290352322086006e-05,-3.000690300089668,-1.5313423826957302,0
1.3,1.895515196525095,0.096899685973304,2.6518211557611036,0.08432730210125489,3.0006470670891123,1.5597739748143118,1,2.222380024211053,0.09776047737846837,2.546512381643595,0.0589096698057304,2.999346395932091,-1.5578229680787805,0,6.479582278880734,0.09776047737846837,-0.0004857517573322204,0.009502868037562038,-2.999346395932091,1.5578229680787805,1,6.499510915839423,0.096899685973304,-0.00010771699854389758,-8.297120426558629e-05,-3.0006470670891123,-1.5597739748143118,0
1.31,1.883215245572992,0.08530618626234938,2.6825133332036732,0.08541578729152208,3.000605881251094,1.5869479385929561,1,2.209843794038198,0.08606219615109471,2.5760664167725698,0.05911823484916668,2.9993883772789443,-1.5851216826347314,0,6.478786530663768,0.08606219615109471,-0.0004971465917857107,0.009885507383176197,-2.9993883772789443,1.5851216826347314,1,6.499511234570907,0.08530618626234938,-0.00010756059784726161,-8.304643427420208e-05,-3.000605881251094,-1.5869479385929561,0
1.32,1.8724748712582635,0.07493784852095364,2.711190770096122,0.08648517872506248,3.000566730563316,1.6128625878859344,1,2.1988463990992737,0.07560045369158964,2.603673917907419,0.05927619197903894,2.9994282131241268,-1.6111548117271504,0,6.477958046438162,0.07560045369158964,-0.0005091627171954933,0.010283736324994686,-2.9994282131241268,1.6111548117271504,1,6.499511547501157,0.07493784852095364,-0.00010740082603768683,-8.312962173297822e-05,-3.000566730563316,-1.6128625878859344,0
1.33,1.8630902135659266,0.06569446975660724,2.737940799613597,0.08753943762892392,3.0005295907077754,1.6375242641956613,1,2.1892008330368244,0.06627406375855889,2.629418620115139,0.059386099534587344,2.999465944584861,-1.63592879501129,0,6.477095529940925,0.06627406375855889,-0.0005218354830895636,0.010698162553476154,-2.999465944584861,1.63592879501129,1,6.499511854021717,0.06569446975660724,-0.00010723760575597723,-8.322118692525603e-05,-3.0005295907077754,-1.6375242641956613,0
1.34,1.8548775022669515,0.057478749500578595,2.762853962099487,0.08858252565223432,3.0004944266365565,1.6609465314386855,1,2.1807382435433995,0.05798478172387194,2.6533875245715244,0.05945047985236682,2.9995016208075627,-1.6594573226951952,0,6.476197630473986,0.05798478172387194,-0.0005352018316977272,0.011129419620985364,-2.9995016208075627,1.6594573226951952,1,6.499512153489395,0.057478749500578595,-0.00010707085748417876,-8.332157073948597e-05,-3.0004944266365565,-1.6609465314386855,0
1.35,1.8476720838468996,0.05019727453103777,2.786022709205159,0.08961839238389366,3.000461194103191,1.683149346912343,1,2.173307164747147,0.05063829683258328,2.675669470495145,0.05947178595031865,2.9995352978827032,-1.6817605025816111,0,6.4752629708779175,0.05063829683258328,-0.0005492995809517875,0.011578154034834325,-2.9995352978827032,1.6817605025816111,1,6.499512445220339,0.05019727453103777,-0.0001069004995247345,-8.343123766514089e-05,-3.000461194103191,-1.683149346912343,0
1.36,1.841327151186679,0.04376126904743815,2.8075401440609102,0.09065102555209606,3.000429841129109,1.7041582292314352,1,2.1667725063042034,0.044144987796522615,2.696353964710223,0.05945237814842581,2.9995670377500074,-1.7028640241627828,0,6.474290118936126,0.044144987796522615,-0.0005641677526874749,0.012045039216651711,-2.9995670377500074,1.7028640241627828,1,6.499512724001152,0.04376126904743815,-0.00010678259878186857,-8.346869363797518e-05,-3.000429841129109,-1.7041582292314352,0
1.37,1.8357128725467655,0.03808713040762347,2.8274993012705805,0.09168418388585546,3.0004003093885423,1.724003441022102,1,2.1610144561558453,0.03842046205390637,2.7155300339234696,0.05939451070262613,2.9995969071232285,-1.7227983376241307,0,6.473277542670696,0.03842046205390637,-0.0005798472084254225,0.012530797126868996,-2.9995969071232285,1.7227983376241307,1,6.499512999576391,0.03808713040762347,-0.00010667012704854877,-8.349960890699642e-05,-3.0004003093885423,-1.724003441022102,0
1.3800000000000001,1.830714680008158,0.033096774144911544,2.8459915938263114,0.0927216325758434,3.0003725354989674,1.742719201052381,1,2.1559270897329395,0.03338590265610157,2.7332859313715305,0.05930031444214737,2.9996249764576266,-1.7415978624903699,0,6.472223707066771,0.03338590265610157,-0.0005963798430414121,0.01303615092702983,-2.9996249764576266,1.7415978624903699,1,6.499513272630335,0.033096774144911544,-0.00010655527201276503,-8.353535985876725e-05,-3.0003725354989674,-1.742719201052381,0
1.3900000000000001,1.8262319574156558,0.02871781384118609,2.8631065649022505,0.09376703882803211,3.00034645220811,1.760342937401712,1,2.1514227241362773,0.028968248609425783,2.7497099274563808,0.059174671527081404,2.999651318977915,-1.7593002375564188,0,6.471127020763168,0.028968248609425783,-0.0006118807936723238,0.01356476272437605,-2.999651318977915,1.7593002375564188,1,6.499513542794196,0.02871781384118609,-0.00010643797984579036,-8.357621164000701e-05,-3.00034645220811,-1.760342937401712,0
1.4000000000000001,1.822176614078456,0.02488360183847275,2.878931365078488,0.09482399401127413,3.000321989472012,1.7769145903477204,1,2.1474272689053535,0.02510023490224175,2.7648882755899824,0.059023315762999226,2.9996760097792996,-1.775945620808652,0,6.469985427815366,0.02510023490224175,-0.0006239505371936588,0.014121310467424517,-2.9996760097792996,1.775945620808652,1,6.499513809672232,0.02488360183847275,-0.00010631819548630712,-8.362244472292233e-05,-3.000321989472012,-1.7769145903477204,0
1.4100000000000001,1.818471820741467,0.021533156036066595,2.8935500725426504,0.09589599695099146,3.000299075421886,1.7924759709671547,1,2.143858028466115,0.02172031769901799,2.7788979137186276,0.05884188911491077,2.99969912500992,-1.7915760453492058,0,6.468796819317415,0.02172031769901799,-0.0006367752579425834,0.014700555407382205,-2.99969912500992,1.7915760453492058,1,6.499514072850778,0.021533156036066595,-0.00010619586210027856,-8.367435120010386e-05,-3.000299075421886,-1.7924759709671547,0
1.4200000000000002,1.8150507391053032,0.018610996443757695,2.9070434413908535,0.09698645395726338,3.0002776372202775,1.807070179067389,1,2.1406529139132084,0.018772508587002516,2.7918167516513184,0.058631963934643545,2.9997207411391966,-1.8062348349457682,0,6.467559335992785,0.018772508587002516,-0.0006504102361936954,0.01530337069635279,-2.9997207411391966,1.8062348349457682,1,6.499514331898303,0.018610996443757695,-0.00010607092184850428,-8.373223360767573e-05,-3.0002776372202775,-1.807070179067389,0
1.4300000000000002,1.811855343903914,0.016066913017638854,2.9194888254377904,0.09809867801233152,3.0002576018092717,1.8207410820165826,1,2.13775801086135,0.01620613959365689,2.8037191323939195,0.05839496762271146,2.9997409343134573,-1.8199660807728615,0,6.4662710483416035,0.01620613959365689,-0.000664912406530902,0.0159306642624902,-2.9997409343134573,1.8199660807728615,1,6.499514586361334,0.016066913017638854,-0.00010594331534605653,-8.379640776997119e-05,-3.0002576018092717,-1.8207410820165826,0
1.4400000000000002,1.8088353786558429,0.01385568382895579,2.930959647537632,0.09923589389857262,3.0002388965553832,1.833532854333513,1,2.135126508253542,0.013975578191657487,2.814676027286415,0.0581321730260032,2.9997597797977145,-1.8328141791970103,0,6.4649299497773285,0.013975578191657487,-0.0006803390162101736,0.0165833844623718,-2.9997597797977145,1.8328141791970103,1,6.499514835763925,0.01385568382895579,-0.00010581298164184714,-8.386720309789858e-05,-3.0002388965553832,-1.833532854333513,0
1.4500000000000002,1.80594735827562,0.011936760001414628,2.9415256831367342,0.10040123425534547,3.0002214497970945,1.845489576523729,1,2.1327179110743426,0.012039908867602218,2.824754595352272,0.05784471481658188,2.9997773515005015,-1.844823429078839,0,6.463533949238583,0.012039908867602218,-0.0006967497023397235,0.017262520848749595,-2.9997773515005015,1.844823429078839,1,6.49951507960791,0.011936760001414628,-0.00010567985801383673,-8.394496277140978e-05,-3.0002214497970945,-1.845489576523729,0
1.46,1.803153669855218,0.010273931248217455,2.9512529571355737,0.101597759819482,3.0002051913019727,1.8566548905858156,1,2.1304972091849805,0.010362595201702362,2.8340182074953497,0.05753358731441002,2.99979372157721,-1.8560376859986718,0,6.462080887341719,0.010362595201702362,-0.0007142059417378738,0.017969097051275217,-2.99979372157721,1.8560376859986718,1,6.499515317369048,0.010273931248217455,-0.0001055438806702736,-8.403004461035555e-05,-3.0002051913019727,-1.8566548905858156,0
1.47,1.800421766622185,0.00883498335660404,2.960203819364131,0.1028284744780806,3.0001900526409324,1.8670717088306565,1,2.1284341772587045,0.008911133899269895,2.842526397175691,0.05719965461083559,2.999808960106402,-1.8665000700288616,0,6.460568534251609,0.008911133899269895,-0.0007327708195426947,0.01870417239943753,-2.999808960106402,1.8665000700288616,1,6.499515548499784,0.00883498335660404,-0.00010540498418458612,-8.412282054653489e-05,-3.0001900526409324,-1.8670717088306565,0
1.48,1.7977234885552806,0.007591356679224526,2.968436319592921,0.10409633388462458,3.0001759674874555,1.8767819721230192,1,2.1265026219433403,0.007656709905635745,2.8503356337848222,0.056843655062798086,2.999823134832867,-1.8762527231411368,0,6.458994617444212,0.007656709905635745,-0.0007525093428882603,0.019468827643593457,-2.999823134832867,1.8762527231411368,1,6.499515772427717,0.007591356679224526,-0.00010526310137873394,-8.422367756025546e-05,-3.0001759674874555,-1.8767819721230192,0
1.49,1.795034466135062,0.006517812642962054,2.976005118187878,0.10540421780345288,3.0001628718497035,1.885826453332286,1,2.124679922038945,0.006573859669241883,2.857498542455052,0.056466187097530596,2.9998363109709696,-1.885336612014185,0,6.457356740984196,0.006573859669241883,-0.000773490067964842,0.020264203463175555,-2.9998363109709696,1.885336612014185,1,6.499515988550788,0.006517812642962054,-0.00010511816381864717,-8.433301934957714e-05,-3.0001628718497035,-1.885826453332286,0
1.5,1.7923335127924187,0.0055921134979183525,2.982961801375912,0.10675497481903223,3.00015070424321,1.8942446016315584,1,2.122946608095771,0.005640147814164122,2.8640638395128812,0.05606774607831494,2.999848551061649,-1.893791371859216,0,6.455652453799422,0.005640147814164122,-0.0007957815827517443,0.021091471586665696,-2.999848551061649,1.893791371859216,1,6.499516196246413,0.0055921134979183525,-0.00010497010110848535,-8.445126281520884e-05,-3.00015070424321,-1.8942446016315584,0
1.51,1.7896022046498294,0.00479471900521258,2.9893537626192286,0.10815141543270146,3.0001394058116087,1.9020744232774458,1,2.12128571556125,0.004835860946220084,2.8700777122212555,0.055648712757322444,2.99985991487662,-1.9016551868749634,0,6.453879204560686,0.004835860946220084,-0.0008194559030150689,0.021951852701384292,-2.99985991487662,1.9016551868749634,1,6.499516394852531,0.00479471900521258,-0.00010481884142145807,-8.457884674461448e-05,-3.0001394058116087,-1.9020744232774458,0
1.52,1.7868244784036353,0.004108502492118643,2.9952253808566565,0.10959629713140195,3.0001289204023958,1.909352394605444,1,2.1196965047812344,0.004143721036030027,2.8755876211265887,0.055216428881768254,2.9998704593635694,-1.908964703047205,0,6.452034434306822,0.004143721036030027,-0.0008398836400277688,0.02285370671533738,-2.9998704593635694,1.908964703047205,1,6.499516583682392,0.004108502492118643,-0.00010466431107223999,-8.471622505989347e-05,-3.0001289204023958,-1.909352394605444,0
1.53,1.7839861846626628,0.0035184876683556853,3.000618257943013,0.11109238259716848,3.0001191946042307,1.9161134031602325,1,2.118200355601445,0.0035486197791806777,2.880644016690578,0.0547882763075936,2.9998802386264622,-1.9157549691935793,0,6.450114580470365,0.0035486197791806777,-0.0008460920026608354,0.023815545783992774,-2.9998802386264622,1.9157549691935793,1,6.499516762020814,0.0035184876683556853,-0.00010450643481786623,-8.486386823361818e-05,-3.0001191946042307,-1.9161134031602325,0
1.54,1.781074841608922,0.0030116067743806286,3.0055706551172747,0.11264241569876111,3.000110177751765,1.9223907131225633,1,2.1167534598960285,0.003037374504065926,2.885272256345664,0.0543476980852197,2.9998893039355763,-1.9220594023982804,0,6.448115063548841,0.003037374504065926,-0.000849721399791675,0.024822100804594703,-2.9998893039355763,1.9220594023982804,1,6.499516929118179,0.0030116067743806286,-0.00010434513573942218,-8.50222664748634e-05,-3.000110177751765,-1.9223907131225633,0
1.55,1.7780793346162986,0.002576479995186811,3.01011792196668,0.11424914241364492,3.0001018219033844,1.9282159514747628,1,2.1153661765559875,0.0025985055556588896,2.889513081505965,0.05390481618639477,2.999897703762274,-1.9279097742630977,0,6.446032229017585,0.0025985055556588896,-0.0008444298541746322,0.025884926328143466,-2.999897703762274,1.9279097742630977,1,6.499517084204903,0.002576479995186811,-0.00010418033452441848,-8.519192356347226e-05,-3.0001018219033844,-1.9282159514747628,0
1.56,1.7749897391348022,0.0022032155948448766,3.0142930208767487,0.11591529175999582,3.0000940817967425,1.9336191116487187,1,2.114001592705967,0.002222034601602854,2.8933881603084735,0.053445178486516844,2.999905483834052,-1.9333362147046833,0,6.443861795009908,0.002222034601602854,-0.000840179737456742,0.026991139770892146,-2.999905483834052,1.9333362147046833,1,6.49951722646503,0.0022032155948448766,-0.00010401195078238374,-8.537336808580879e-05,-3.0000940817967425,-1.9336191116487187,0
1.57,1.771797052645957,0.0018832298822358173,3.018126363357323,0.11764362028776491,3.000086914786383,1.9386285717105138,1,2.1126523627868123,0.0018993029597578145,2.896926715950543,0.052968734220978114,2.9999126872058834,-1.9383672303397648,0,6.441600392532092,0.0018993029597578145,-0.0008370719592940858,0.02814236920347491,-2.9999126872058834,1.9383672303397648,1,6.499517355062761,0.0018832298822358173,-0.00010383990181248606,-8.5567142016351e-05,-3.000086914786383,-1.9386285717105138,0
1.58,1.7684931410722535,0.0016090858833946312,3.021646050821739,0.11943685811182339,3.0000802807672264,1.9432711244445329,1,2.1113119860395106,0.001622808809760393,2.9001557209316795,0.052475357225111666,2.9999193543443208,-1.9430297348101748,0,6.439244462414999,0.001622808809760393,-0.0008352088267284552,0.029340343890760946,-2.9999193543443208,1.9430297348101748,1,6.499517469090672,0.0016090858833946312,-0.00010366410373016416,-8.577382491788104e-05,-3.0000802807672264,-1.9432711244445329,0
1.59,1.7650704198996099,0.001374349449290688,3.0248781955299395,0.12129781093798842,3.0000741420872346,1.947572016999199,1,2.1099747040522128,0.0013860620037401898,2.9030998350620836,0.05196485499616429,2.9999255232212962,-1.947349088700291,0,6.436790342008422,0.0013860620037401898,-0.0008346962295694755,0.030586847643069362,-2.9999255232212962,1.947349088700291,1,6.499517562297388,0.001374349449290688,-0.00010351475704500013,-8.5951241468368e-05,-3.0000741420872346,-1.947572016999199,0
1.6,1.7615217447744391,0.0011734614510174757,3.0278461302027364,0.12322934736776892,3.0000684634520676,1.9515549980411737,1,2.1086352618828297,0.00118345511421744,2.9057825135652915,0.051436957114593895,2.9999312294149307,-1.951349146985469,0,6.434234288644499,0.00118345511421744,-0.0008356433738285823,0.0318837078993218,-2.9999312294149307,1.951349146985469,1,6.499517631866273,0.0011734614510174757,-0.00010343112067418947,-8.604191115421592e-05,-3.0000684634520676,-1.9515549980411737,0
1.61,1.7578405857692683,0.0010016246912282975,3.030571811128379,0.12523427172810014,3.000063211824204,1.9552423706311217,1,2.1072889387251084,0.0010101493342265552,2.9082249812641225,0.05089132412866934,2.999936506215128,-1.9550523122175079,0,6.431572500150592,0.0010101493342265552,-0.0008381655982739001,0.033232781600918956,-2.999936506215128,1.9550523122175079,1,6.499517690759898,0.0010016246912282975,-0.00010337560774090584,-8.609573318682818e-05,-3.000063211824204,-1.9552423706311217,0
1.62,1.7540207298611614,0.0008547041777531647,3.0330757606801786,0.12731544199837258,3.0000583563185343,1.958655049279913,1,2.1059748368010887,0.0008619738622681059,2.91046077147835,0.05034933612736468,2.9999413847319576,-1.958479591900048,0,6.42880122551969,0.0008619738622681059,-0.0008280622862708771,0.03465775523196586,-2.9999413847319576,1.958479591900048,1,6.499517745360481,0.0008547041777531647,-0.00010331890599222967,-8.615348507639523e-05,-3.0000583563185343,-1.958655049279913,0
1.6300000000000001,1.7500562739106784,0.0007291394515541245,3.035376450305506,0.12947572734670476,3.000053868096192,1.9618126198681232,1,2.1046524899657686,0.0007353374515838996,2.912495220084983,0.04979215859158775,2.9999458940052732,-1.9616506587317444,0,6.425914379193548,0.0007353374515838996,-0.000818156274916917,0.036142309978417275,-2.9999458940052732,1.9616506587317444,1,6.499517795373631,0.0007291394515541245,-0.00010326098897997063,-8.621535369451424e-05,-3.000053868096192,-1.9618126198681232,0
1.6400000000000001,1.7459414768647163,0.0006218677274956839,3.0374911215302007,0.13171807011472697,3.000049720258016,1.9647334013138875,1,2.103314474869857,0.0006271508703744042,2.914343344314019,0.049217384046018525,2.999950061114182,-1.9645839125981357,0,6.422907525357109,0.0006271508703744042,-0.0008098987817387421,0.03768662353114133,-2.999950061114182,1.9645839125981357,1,6.499517840538601,0.0006218677274956839,-0.0001032018293318511,-8.628151048083216e-05,-3.000049720258016,-1.9647334013138875,0
1.6500000000000001,1.7416707434815029,0.0005302566856569475,3.039435855372775,0.13404547207762227,3.0000458877388336,1.9674345080548548,1,2.101957564736735,0.0005347590997109614,2.9160198913549604,0.048624531441874036,2.999953911285301,-1.967296543374556,0,6.419776189461366,0.0005347590997109614,-0.0008034208650107543,0.039292918708225,-2.999953911285301,1.967296543374556,1,6.499517880555362,0.0005302566856569475,-0.00010314139935131238,-8.635214700242845e-05,-3.0000458877388336,-1.9674345080548548,0
1.6600000000000001,1.7372385446096965,0.00045204583748867594,3.0412248285046504,0.13646100047942256,3.0000423472034954,1.9699319125701067,1,2.1005786652459086,0.0004558821833873082,2.9175389824365814,0.04801306418543696,2.9999574679989114,-1.9698045937632311,0,6.416515768899946,0.0004558821833873082,-0.0007988621815659621,0.04096348356940984,-2.9999574679989114,1.9698045937632311,1,6.4995179150914515,0.00045204583748867594,-0.0001030796708753774,-8.642747174274717e-05,-3.0000423472034954,-1.9699319125701067,0
1.6700000000000002,1.7326393702533676,0.00038529548074452434,3.042871450838759,0.13896781886778903,3.000039076945401,1.972240507308645,1,2.0991748855447936,0.00038856373449574106,2.9189131723623727,0.047382401378221584,2.999960753092315,-1.9721230215290158,0,6.413121626734158,0.00038856373449574106,-0.000796363555926258,0.042700635924857,-2.999960753092315,1.9721230215290158,1,6.499517943822997,0.00038529548074452434,-0.00010301661512490084,-8.65076898150676e-05,-3.000039076945401,-1.972240507308645,0
1.6800000000000002,1.7278677255893653,0.00032834234660156746,3.0443879134701226,0.14156916611984205,3.0000360567881112,1.9743741655138576,1,2.0977434912974466,0.0003311261938906561,2.9201540568058473,0.04673193358346993,2.9999637868598747,-1.9742657606215028,0,6.40958889115465,0.0003311261938906561,-0.000796071841311123,0.04450681933513535,-2.9999637868598747,1.9742657606215028,1,6.499517957409467,0.00032834234660156746,-0.00010300101400261672,-8.652429817869079e-05,-3.0000360567881112,-1.9743741655138576,0
1.6900000000000002,1.7229183369829608,0.000279761129433457,3.0457849766073153,0.14426822792651708,3.0000332679904504,1.9763458005396985,1,2.0962817702000804,0.0002821320235987866,2.921272716172612,0.04606098520579831,2.9999665881493325,-1.9762457807780216,0,6.405912508886006,0.0002821320235987866,-0.0007981380077095668,0.046384580119722435,-2.9999665881493325,1.9762457807780216,1,6.499517967367376,0.000279761129433457,-0.00010300064162703621,-8.651987757650595e-05,-3.0000332679904504,-1.9763458005396985,0
1.7000000000000002,1.7177858618663573,0.00023833117271833108,3.0470726878688152,0.14706829975049546,3.0000306931554337,1.9781674233456774,1,2.09478712908371,0.00024035010205319574,2.9222791286913585,0.04536884799061257,2.9999691744541193,-1.9780751452937058,0,6.402087355934797,0.00024035010205319574,-0.0008027231383383357,0.04833650279173703,-2.9999691744541193,1.9780751452937058,1,6.499517977285454,0.00023833117271833108,-0.00010300026835596504,-8.651547823515087e-05,-3.0000306931554337,-1.9781674233456774,0
1.7100000000000002,1.7124648794401318,0.0002030076625150938,3.0482605474922044,0.14997278981199405,3.0000283161432235,1.9798501979358054,1,2.0932570662861254,0.00020472666671783292,2.923182114652075,0.04465477405427126,2.999971562001497,-1.9797650667232158,0,6.398108222368314,0.00020472666671783292,-0.0008099943816905035,0.05036522524451456,-2.999971562001497,1.9797650667232158,1,6.499517987158981,0.0002030076625150938,-0.00010299989328285943,-8.651110387230759e-05,-3.0000283161432235,-1.9798501979358054,0
1.72,1.7069499760555085,0.00017289675222855388,3.049357183644976,0.1529851596336177,3.00002612198823,1.9814044945726437,1,2.091689126449799,0.00017436022263579262,2.923989796086328,0.04391797824682802,2.9999737658364007,-1.9813259603449,0,6.393969699746185,0.00017436022263579262,-0.0008201247738964829,0.05247349811842007,-2.9999737658364007,1.9813259603449,1,6.499517996995346,0.00017289675222855388,-0.0001029995165766852,-8.650675054137303e-05,-3.00002612198823,-1.9814044945726437,0
1.73,1.7012356675250917,0.00014723410872216717,3.050370127791303,0.15610895515042142,3.0000240968204253,1.9828399406531452,1,2.0900808685665715,0.00014847990238898756,2.9247100013935654,0.04315764277820375,2.999975799900965,-1.9827674952739545,0,6.389666285674261,0.00014847990238898756,-0.0008332956219274622,0.05466412907732189,-2.999975799900965,1.9827674952739545,1,6.49951800677961,0.00014723410872216717,-0.00010299913849203066,-8.650242532975408e-05,-3.0000240968204253,-1.9828399406531452,0
1.74,1.6953164847982893,0.0001253664301949429,3.0513064487796093,0.1593477737741429,3.000022227790866,1.9841654691791895,1,2.0884298840240167,0.00012642682387185793,2.9253497049250696,0.04237290950826608,2.999977677109745,-1.9840986431575074,0,6.385192308496943,0.00012642682387185793,-0.0008496943787469085,0.0569400263281039,-2.999977677109745,1.9840986431575074,1,6.499518016534639,0.0001253664301949429,-0.00010299875829987804,-8.649811789859445e-05,-3.000022227790866,-1.9841654691791895,0
1.75,1.6891869548718408,0.00010673554074982438,3.0521728338034047,0.16270527536908108,3.000020503001362,1.9853893647938707,1,2.0867338076989115,0.00010763804729192071,2.9259150593058565,0.04156289076779802,2.9999794094206806,-1.9853277244228482,0,6.380541931148925,0.00010763804729192071,-0.0008695182310461352,0.059304192918896895,-2.9999794094206806,1.9853277244228482,1,6.4995180262586185,0.00010673554074982438,-0.00010299837635335921,-8.649382862299562e-05,-3.000020503001362,-1.9853893647938707,0
1.76,1.682841490123499,9.086471550129278e-05,3.0529751788705037,0.16618522999986823,3.0000189114382447,1.9865193073857428,1,2.084990265692545,9.163278217591123e-05,2.9264119006400975,0.040726665435057235,2.9999810079019262,-1.9864624520812655,0,6.37570924622919,9.163278217591123e-05,-0.0008929714278220536,0.06175968372666929,-2.9999810079019262,1.9864624520812655,1,6.499518035956685,9.086471550129278e-05,-0.00010299799215749772,-8.648955567875715e-05,-3.0000189114382447,-1.9865193073857428,0
1.77,1.6762744641974934,7.73469337323321e-05,3.053718997588046,0.16979148791917076,3.000017442910081,1.9875624132883605,1,2.083196909563869,7.800053921793076e-05,2.9268454501504944,0.039863287321984645,2.9999824827946315,-1.987509973115186,0,6.370688247792846,7.800053921793076e-05,-0.0009202639998499439,0.0643096237520423,-2.9999824827946315,1.987509973115186,1,6.499518045623031,7.73469337323321e-05,-0.000102997605402694,-8.648530243360027e-05,-3.000017442910081,-1.9875624132883605,0
1.78,1.6694802198779337,6.583479639536755e-05,3.0544090683412497,0.17352796543771182,3.000016087989241,1.9885252741223445,1,2.0813513433108985,6.639096094017687e-05,2.927220694407561,0.0389717652040404,2.999983843571839,-1.9884769074962412,0,6.365472728353597,6.639096094017687e-05,-0.0009516200683512163,0.0669572504632639,-2.999983843571839,1.9884769074962412,1,6.499518055284579,6.583479639536755e-05,-0.00010299721609739057,-8.64810554146509e-05,-3.000016087989241,-1.9885252741223445,0
1.79,1.66245309198223,5.603187855566857e-05,3.05504994664563,0.17739864826705087,3.000014837957144,1.9894139933427961,1,2.0794511960126525,5.650509974827092e-05,2.9275420184457897,0.03805108692946992,2.999985098993643,-1.9893693848975447,0,6.360056384729293,5.650509974827092e-05,-0.0009872692301523302,0.06970587470744091,-2.999985098993643,1.9893693848975447,1,6.499518064907371,5.603187855566857e-05,-0.00010299682355138402,-8.647683263439377e-05,-3.000014837957144,-1.9894139933427961,0
1.8,1.655187312788242,4.7685317606485696e-05,3.0556458470519443,0.18140764180579605,3.000013684753038,1.9902342205666672,1,2.0775158614718836,4.808794246416939e-05,2.9278206056919447,0.03711115503820469,2.9999862571587683,-1.9901930791752633,0,6.354433558187878,4.808794246416939e-05,-0.0010201746831632603,0.07256981352933264,-2.9999862571587683,1.9901930791752633,1,6.499518074480251,4.7685317606485696e-05,-0.00010299642850571426,-8.64726385610889e-05,-3.000013684753038,-1.9902342205666672,0
1.81,1.6476770123921407,4.057946463672427e-05,3.0562002461991664,0.1855591613085219,3.000012620926144,1.9909911837633532,1,2.0755888025083022,4.092200720740482e-05,2.9280749982901586,0.03617396092417531,2.9999873255527474,-1.9909532407032575,0,6.348597299560303,4.092200720740482e-05,-0.0010360041729921836,0.07557552737086792,-2.9999873255527474,1.9909532407032575,1,6.499518084020402,4.057946463672427e-05,-0.00010299603089048865,-8.64684647073331e-05,-3.000012620926144,-1.9909911837633532,0
1.82,1.6399165847196882,3.453044958285407e-05,3.056716542554034,0.18985735279230193,3.0000116395910155,1.9916897193979006,1,2.0736048272479097,3.4821861952714964e-05,2.928287104232866,0.0352068482285803,2.999988311092868,-1.9916547266506794,0,6.342537442834362,3.4821861952714964e-05,-0.0010564583130686284,0.07869509982330797,-2.999988311092868,1.9916547266506794,1,6.499518093531101,3.453044958285407e-05,-0.00010299563055171521,-8.646430966613647e-05,-3.0000116395910155,-1.9916897193979006,0
1.83,1.6319001627116183,2.9381531105530803e-05,3.057197724335915,0.19430657481563907,3.0000107343859015,1.9923343006200334,1,2.0716249568758895,2.96294345801823e-05,2.928481069872915,0.03424063384479107,2.9999892201700527,-1.9923020292962605,0,6.336249030894595,2.96294345801823e-05,-0.0010608368141859117,0.08196403649473832,-2.9999892201700527,1.9923020292962605,1,6.499518103010015,2.9381531105530803e-05,-0.00010299522721782527,-8.64601750101884e-05,-3.0000107343859015,-1.9923343006200334,0
1.84,1.6236220198794693,2.4999119825589754e-05,3.057646344578296,0.19891117967055855,3.0000098994339988,1.9929290635943755,1,2.0696190723298233,2.5210002084454314e-05,2.928649674144266,0.03326025772893297,2.9999900586878576,-1.9928993024751633,0,6.329721369557574,2.5210002084454314e-05,-0.0010597013694470226,0.08537214468063355,-2.9999900586878576,1.9928993024751633,1,6.499518112486244,2.4999119825589754e-05,-0.00010299482016886587,-8.645604727028303e-05,-3.0000098994339988,-1.9929290635943755,0
1.85,1.6150763968652941,2.126937893962194e-05,3.058065185024711,0.2036756339628873,3.0000091293073896,1.9934778320678634,1,2.0675547433581447,2.1448762130244448e-05,2.928784973786833,0.03224946961679574,2.9999908320987436,-1.9934503862548945,0,6.32294590329999,2.1448762130244448e-05,-0.0010636060355447446,0.088908083959474,-2.9999908320987436,1.9934503862548945,1,6.499518121932095,2.126937893962194e-05,-0.00010299440938081258,-8.645194032857383e-05,-3.0000091293073896,-1.9934778320678634,0
1.86,1.6062576050244761,1.8095319586199913e-05,3.0584563675121386,0.20860443699716677,3.0000084189935126,1.993984140269841,1,2.0654964578972885,1.8247903609359802e-05,2.9289115460084916,0.031240839364863125,2.9999915454377883,-1.9939588299362543,0,6.315917575540111,1.8247903609359802e-05,-0.001050739394344854,0.09260950946246549,-2.9999915454377883,1.9939588299362543,1,6.499518131377517,1.8095319586199913e-05,-0.00010299399472974341,-8.644783939490437e-05,-3.0000084189935126,-1.993984140269841,0
1.87,1.5971600214881805,1.5394319899568846e-05,3.0588216482828807,0.21370213663296167,3.000007763864034,1.9944512542388795,1,2.063416302253826,1.5524104521348383e-05,2.9290221680177146,0.03022037027381528,2.9999922033540076,-1.9944279134738405,0,6.30862508410419,1.5524104521348383e-05,-0.0010311018615721634,0.09646756891121855,-2.9999922033540076,1.9944279134738405,1,6.499518140827451,1.5394319899568846e-05,-0.0001029935759436115,-8.644374240821055e-05,-3.000007763864034,-1.9944512542388795,0
1.8800000000000001,1.5877780389765357,1.3096006690812812e-05,3.0591630607232974,0.21897338307398606,3.0000071596459272,1.9948821916681947,1,2.0612769254902443,1.3206395590462166e-05,2.929106623095426,0.029169283251536428,2.9999928101394135,-1.9948606674084246,0,6.301059114481858,1.3206395590462166e-05,-0.0010170120721591876,0.10046867172896645,-2.9999928101394135,1.9948606674084246,1,6.499518150267005,1.3096006690812812e-05,-0.00010299315351755564,-8.643965607179534e-05,-3.0000071596459272,-1.9948821916681947,0
1.8900000000000001,1.578106290223614,1.1140447336039937e-05,3.0594825033271538,0.22442279462560027,3.000006602394664,1.995279740358787,1,2.059076377864498,1.1234336746324511e-05,2.929166434583505,0.02808662579767089,2.999993369755985,-1.995259891400768,0,6.293211973387973,1.1234336746324511e-05,-0.0010088214656783926,0.10461722656101322,-2.999993369755985,1.995259891400768,1,6.499518159695528,1.1140447336039937e-05,-0.0001029927273555745,-8.643558085567306e-05,-3.000006602394664,-1.995279740358787,0
1.9000000000000001,1.5681392844251365,9.47660690281816e-06,3.059781281466373,0.23005515135739008,3.0000060884693385,1.9956464753663063,1,2.056812646731333,9.556461112285683e-06,2.929203349456384,0.026971417591888897,2.9999938858606576,-1.995628171453285,0,6.285076137288247,9.556461112285683e-06,-0.0010068890381201754,0.10891761285244872,-2.9999938858606576,1.995628171453285,1,6.4995181691150385,9.47660690281816e-06,-0.00010299229650240117,-8.643151718234926e-05,-3.0000060884693385,-1.9956464753663063,0
1.9100000000000001,1.557871809129841,8.06103196615451e-06,3.060060521866493,0.23587518809671326,3.0000056145096257,1.995984774924168,1,2.0544837272051844,8.128947621111191e-06,2.929219029834876,0.025822674538137375,2.9999943618285,-1.9959678959024791,0,6.276643924031038,8.128947621111191e-06,-0.0010115953938728732,0.1133743357252682,-2.9999943618285,1.9959678959024791,1,6.499518178513647,8.06103196615451e-06,-0.00010299186010040982,-8.64274722843744e-05,-3.0000056145096257,-1.995984774924168,0
1.9200000000000002,1.5472986401063957,6.856728089830315e-06,3.0603209473682442,0.24188775571029336,3.0000051774144274,1.9962968352218622,1,2.0520875778604393,6.914488950116197e-06,2.9292152732795627,0.02463939460438057,2.9999948007741613,-1.9962812702614625,0,6.267907835252,6.914488950116197e-06,-0.001023337185726442,0.11799185804116077,-2.9999948007741613,1.9962812702614625,1,6.499518187911628,6.856728089830315e-06,-0.00010299141899828147,-8.64234347489298e-05,-3.0000051774144274,-1.9962968352218622,0
1.9300000000000002,1.5364150694756935,5.832202699098536e-06,3.0605636740788995,0.2480975539906763,3.000004774322106,1.9965846841135781,1,2.0496221926066367,5.88132625908786e-06,2.9291932098313387,0.02342056520123505,2.9999952055717443,-1.996570330988035,0,6.2588600769132015,5.88132625908786e-06,-0.0010425179727692575,0.12277487369807066,-2.9999952055717443,1.996570330988035,1,6.499518197316082,5.832202699098536e-06,-0.00010299097241920668,-8.641940219382482e-05,-3.000004774322106,-1.9965846841135781,0
1.9400000000000002,1.5252162751058844,4.960649150423126e-06,3.060789380763304,0.2545094668265363,3.0000044025921837,1.9968501938284986,1,2.047085547514651,5.00242632927997e-06,2.9291541906545318,0.022165167914700218,2.999995578873189,-1.9968369582500072,0,6.249493221427867,5.00242632927997e-06,-0.0010695621897409543,0.12772793856477635,-2.999995578873189,1.9968369582500072,1,6.499518206700597,4.960649150423126e-06,-0.00010299052108702543,-8.641538673745225e-05,-3.0000044025921837,-1.9968501938284986,0
1.9500000000000002,1.5136978064054527,4.219251305586758e-06,3.0609986815170482,0.26112830442723944,3.0000040597884152,1.9970950927503117,1,2.044475623204923,4.254780233581252e-06,2.929099413698352,0.020872176381259745,2.999995923125294,-1.9970828877556297,0,6.239799772568382,4.254780233581252e-06,-0.001104903219844943,0.13285572500550769,-2.999995923125294,1.9970828877556297,1,6.499518216093458,4.219251305586758e-06,-0.00010299006518195806,-8.641137396812084e-05,-3.0000040597884152,-1.9970950927503117,0
1.9600000000000002,1.5018553142520223,3.588590920519566e-06,3.0611921080133166,0.2679589628357729,3.0000037436631275,1.9973209763297004,1,2.0418477097612966,3.6188056968811217e-06,2.929049109407336,0.01956960529878769,2.999996240585444,-1.9973097217131746,0,6.229775896358884,3.6188056968811217e-06,-0.0011298080399552066,0.13819190986522684,-2.999996240585444,1.9973097217131746,1,6.499518225472402,3.588590920519566e-06,-0.00010298960431400727,-8.640737560150656e-05,-3.0000037436631275,-1.9973209763297004,0
1.9700000000000002,1.4896849187118797,3.052142732696623e-06,3.061370120241966,0.2750062186299784,3.0000034521427286,1.997529317189904,1,2.039224348111504,3.0778379012360534e-06,2.9290112111317406,0.018268883988955847,2.999996533336159,-1.9975189389800503,0,6.219412503807863,3.0778379012360534e-06,-0.0011377689329445384,0.1437536998837557,-2.999996533336159,1.9975189389800503,1,6.499518234842875,3.052142732696623e-06,-0.00010298913781355912,-8.640338991903771e-05,-3.0000034521427286,-1.997529317189904,0
1.9800000000000002,1.4771829082029933,2.5958443351508834e-06,3.0615334607513454,0.2822749202465638,3.00000318331433,1.9977214744818608,1,2.0365286169332153,2.61769571365127e-06,2.9289606000767954,0.016930994735561193,2.9999968032985564,-1.9977119044582006,0,6.208696716329948,2.61769571365127e-06,-0.0011549220690106976,0.1495077327292143,-2.9999968032985564,1.9977119044582006,1,6.499518244221268,2.5958443351508834e-06,-0.00010298866567751051,-8.639940873051512e-05,-3.00000318331433,-1.9977214744818608,0
1.99,1.46434593415802,2.2077298119460522e-06,3.0616822826547567,0.28976985048136317,3.0000029354133666,1.9978987025419421,1,2.033758706464495,2.226312217208035e-06,2.9288981982740965,0.015554997195641187,2.99999705224477,-1.9978898777890475,0,6.197621501058355,2.226312217208035e-06,-0.0011817812380313863,0.15545878524279005,-2.99999705224477,1.9978898777890475,1,6.499518253600956,2.2077298119460522e-06,-0.00010298818704701896,-8.639543663584615e-05,-3.0000029354133666,-1.9978987025419421,0
2.0,1.4511711025739498,1.8776177239632385e-06,3.0618166137354814,0.2974956941569346,3.000002706812166,1.998062158902001,1,2.0309128321712535,1.8934200541503122e-06,2.9288249055125553,0.014139957963996735,2.999997281809448,-1.9980540213979232,0,6.186179990697579,1.8934200541503122e-06,-0.0012188477983394463,0.16161168884393817,-2.999997281809448,1.9980540213979232,1,6.49951826301173,1.8776177239632385e-06,-0.00010298770034436081,-8.639146110631948e-05,-3.000002706812166,-1.998062158902001,0
2.0100000000000002,1.4376555980762726,1.596845414176523e-06,3.0619360769545434,0.3054572538516398,3.000002496009382,1.9982129116982392,1,2.027989132568467,1.6102834816846552e-06,2.928741856094837,0.012684908788289649,2.999997493500357,-1.9982054079347025,0,6.174365826533131,1.6102834816846552e-06,-0.0012666595574408342,0.1679710684641272,-2.999997493500357,1.9982054079347025,1,6.499518272450852,1.596845414176523e-06,-0.00010298720749406274,-8.63874806231119e-05,-3.000002496009382,-1.9982129116982392,0
2.02,1.4237976686516551,1.3580427813278443e-06,3.0620413700040454,0.3136589296019232,3.0000023016202366,1.9983519465223483,1,2.0249859667344072,1.3694702310687633e-06,2.9286490904076086,0.011188947157664162,2.9999976887081914,-1.9983450271542809,0,6.162172418884557,1.3694702310687633e-06,-0.0013257624462203728,0.17454179593167,-2.9999976887081914,1.9983450271542809,1,6.499518281881961,1.3580427813278443e-06,-0.0001029867086195599,-8.638351318336924e-05,-3.0000023016202366,-1.9983519465223483,0
2.0300000000000002,1.4095956478168195,1.1549396787518382e-06,3.062132532816295,0.3221052345276624,3.0000021223675044,1.9984801727555213,1,2.021901692511079,1.1646572770102114e-06,2.92854718727681,0.00965118380680724,2.999997868715615,-1.9984737922776872,0,6.149593831099467,1.1646572770102114e-06,-0.0013967213256472642,0.18132849603828777,-2.999997868715615,1.9984737922776872,1,6.499518291329625,1.1549396787518382e-06,-0.00010298620329218859,-8.637954714470539e-05,-3.0000021223675044,-1.9984801727555213,0
2.04,1.3950483610250226,9.822019559976704e-07,3.062209233711618,0.33080057114464045,3.0000019570732004,1.9985984294231613,1,2.0187346115664564,9.904654926725288e-07,2.928436921800127,0.008070703180411198,2.999998034705632,-1.9985925458718086,0,6.136624417707453,9.904654926725288e-07,-0.0014801108924778917,0.18833576233300897,-2.999998034705632,1.9985925458718086,1,6.499518300787169,9.822019559976704e-07,-0.00010298569121136515,-8.637558629720883e-05,-3.0000019570732004,-1.9985984294231613,0
2.0500000000000003,1.3801553299505835,8.352918957466015e-07,3.062271536245346,0.33974914073962553,3.0000018046508896,1.998707490605555,1,2.015483166465972,8.423189066658174e-07,2.928318640390432,0.006446639115146747,2.9999981877693,-1.9987020652831704,0,6.12325881671026,8.423189066658174e-07,-0.0015765201069654245,0.1955681590465474,-2.9999981877693,1.9987020652831704,1,6.499518310260054,8.352918957466015e-07,-0.00010298517238166473,-8.637162790128174e-05,-3.0000018046508896,-1.998707490605555,0
2.06,1.3649167567018392,7.103494258251948e-07,3.062318951817157,0.34895491834774867,3.0000016640985963,1.998808070437305,1,2.012145763220675,7.163249111039998e-07,2.9281930915803907,0.004778115988043199,2.9999983289128527,-1.9988030676586892,0,6.109491874246324,7.163249111039998e-07,-0.0016865417219763968,0.20303028561928024,-2.9999983289128527,1.9988030676586892,1,6.499518319765141,7.103494258251948e-07,-0.00010298464598409285,-8.636766475623877e-05,-3.0000016640985963,-1.998808070437305,0
2.0700000000000003,1.3493331119257501,6.040910212304615e-07,3.0623512664214427,0.35842193501888475,3.000001534492254,1.9989008277260618,1,2.0088706346589817,6.091723094245371e-07,2.928110701602035,0.003140833314975002,2.999998459064276,-1.9988962145840943,0,6.095332277391986,6.091723094245371e-07,-0.0017607746976676004,0.21080294471446137,-2.999998459064276,1.9988962145840943,1,6.499518329288458,6.040910212304615e-07,-0.00010298411293982229,-8.636370246575694e-05,-3.000001534492254,-1.9989008277260618,0
2.08,1.3334054712261507,5.137236676320099e-07,3.062367802972872,0.3681540515095677,3.00000141497967,1.998986370218918,1,2.005535809902356,5.180445531584134e-07,2.9280301158586006,0.001472446870400032,2.999998579079383,-1.9989821163684873,0,6.0807611073154275,5.180445531584134e-07,-0.0018420706501481275,0.21882868726574642,-2.999998579079383,1.9989821163684873,1,6.499518338826533,5.137236676320099e-07,-0.00010298357266846014,-8.635974363656955e-05,-3.00000141497967,-1.998986370218918,0
2.0900000000000003,1.31713588067103,4.3687164712307247e-07,3.062368006758154,0.3781547567430872,3.0000013047749348,1.9990652585428,1,2.0021184946187844,4.405459094174557e-07,2.9279446192731564,-0.00023876141528356154,2.9999986897474042,-1.9990613360015037,0,6.065772568876658,4.405459094174557e-07,-0.0019384024927326425,0.22710073740624323,-2.9999986897474042,1.9990613360015037,1,6.4995183483905015,4.3687164712307247e-07,-0.00010298302630382236,-8.635578099961136e-05,-3.0000013047749348,-1.9990652585428,0
2.1,1.3005270632877182,3.7151423887790496e-07,3.062351851526974,0.3884273602512996,3.000001203153294,1.9991380098433404,1,1.9986175789280192,3.746386355988749e-07,2.9278542795507767,-0.0019934552467299072,2.9999987917961692,-1.999134392807654,0,6.050363777573424,3.746386355988749e-07,-0.0020504297152723764,0.23562307621742407,-2.9999987917961692,1.999134392807654,1,6.499518357980711,3.7151423887790496e-07,-0.00010298247329995833,-8.635181520091646e-05,-3.000001203153294,-1.9991380098433404,0
2.1100000000000003,1.2835825255902957,3.1593271036188533e-07,3.062318542455526,0.3989748751356803,3.0000011094463823,1.9992051011448917,1,1.9950318950466022,3.1858952318040284e-07,2.9277598095864477,-0.003792309156630423,2.9999988858968663,-1.9992017658206171,0,6.034532273375715,3.1858952318040284e-07,-0.0021788366783867166,0.24439958433233466,-2.9999988858968663,1.9992017658206171,1,6.499518367571853,3.1593271036188533e-07,-0.00010298191347007213,-8.634785917475802e-05,-3.0000011094463823,-1.9992051011448917,0
2.12,1.2663064781516673,2.6866521581651423e-07,3.062267512409637,0.40980010275385503,3.0000010230378593,1.9992669724527505,1,1.991360414184719,2.70924415622896e-07,2.9276616833271443,-0.005635941882632202,2.999998972668451,-1.9992638968986374,0,6.018276427145711,2.70924415622896e-07,-0.002324298768123291,0.25343387055187644,-2.999998972668451,1.9992638968986374,1,6.499518377184824,2.6866521581651423e-07,-0.00010298134591346917,-8.634390382442354e-05,-3.0000010230378593,-1.9992669724527505,0
2.13,1.24870382961485,2.2846842425713314e-07,3.0621985244400465,0.4209056384157465,3.0000009433593453,1.9993240296170782,1,1.9876022195813088,2.3038951264121312e-07,2.9275600057954136,-0.0075249345594668796,2.999999052681691,-1.999321193600597,0,6.001595430509114,2.3038951264121312e-07,-0.0024875168088987127,0.26272921680823025,-2.999999052681691,1.999321193600597,1,6.499518386820287,2.2846842425713314e-07,-0.00010298077123370959,-8.633994791271726e-05,-3.0000009433593453,-1.9993240296170782,0
2.14,1.2307805992114405,1.9428487424621563e-07,3.0621109518520244,0.4322935772017401,3.0000008698867173,1.999376646976594,1,1.9837564583350638,1.9591844962415881e-07,2.9274552243308545,-0.009459829043070769,2.999999126462935,-1.9993740318409206,0,5.98448887554404,1.9591844962415881e-07,-0.002669188464104031,0.27228886751701287,-2.999999126462935,1.9993740318409206,1,6.49951839647768,1.9428487424621563e-07,-0.00010298018822447921,-8.633599352904183e-05,-3.0000008698867173,-1.999376646976594,0
2.15,1.2125432182078058,1.6521520183022774e-07,3.062004045123235,0.4439659596255719,3.000000802136647,1.9994251697987777,1,1.9798223447300054,1.6660429136577982e-07,2.927347842543645,-0.011441136532049284,2.999999194497544,-1.9994227583401232,0,5.966957606574182,1.6660429136577982e-07,-0.0028700153035854923,0.2821155254261023,-2.999999194497544,1.9994227583401232,1,6.499518406169635,1.6521520183022774e-07,-0.00010297959570767213,-8.63320361254318e-05,-3.000000802136647,-1.9994251697987777,0
2.16,1.1939993306729135,1.4049451504031655e-07,3.061876952783259,0.4559242557244528,3.000000739663442,1.9994699165320644,1,1.9757992046062212,1.4167570737008278e-07,2.9272384741380697,-0.01346931320790151,2.999999257233094,-1.9994676928865425,0,5.949002935287675,1.4167570737008278e-07,-0.0030906973614147184,0.2922118098740527,-2.999999257233094,1.9994676928865425,1,6.499518415882498,1.4049451504031655e-07,-0.0001029789942839112,-8.632808162776307e-05,-3.000000739663442,-1.9994699165320644,0
2.17,1.1751572429593173,1.194722964957704e-07,3.061728874662292,0.468169711765836,3.000000682056111,1.9995111808843846,1,1.9718328208307965,1.204767050340543e-07,2.92717707189413,-0.015469208401220118,2.9999993150823085,-1.9995091304236807,0,5.930647127616887,1.204767050340543e-07,-0.003282505516678338,0.3026554523340355,-2.9999993150823085,1.9995091304236807,1,6.4995184256106056,1.194722964957704e-07,-0.00010297838307080361,-8.632413419186726e-05,-3.000000682056111,-1.9995111808843846,0
2.18,1.1560261921029047,1.0159530776517762e-07,3.0615592299301175,0.4807031740254901,3.000000628935667,1.9995492337413134,1,1.967840280233865,1.0244938991748154e-07,2.9271340968399886,-0.017483639254292187,2.9999993684257733,-1.9995473429764723,0,5.911878074879546,1.0244938991748154e-07,-0.003476009272530408,0.3134057622671035,-2.9999993684257733,1.9995473429764723,1,6.499518435356454,1.0159530776517762e-07,-0.00010297776315579942,-8.632019093803012e-05,-3.000000628935667,-1.9995492337413134,0
2.19,1.1366164961166636,8.639304755356368e-08,3.061367282661641,0.493524959100864,3.0000005799526352,1.9995843249360834,1,1.9637653570430027,8.711930138522744e-08,2.9270907486862514,-0.01954173102312642,2.9999994176144344,-1.9995825814287822,0,5.89269160864397,8.711930138522744e-08,-0.003691165271374995,0.32443544313711037,-2.9999994176144344,1.9995825814287822,1,6.499518445138152,8.639304755356368e-08,-0.00010297713356223798,-8.631624427660463e-05,-3.0000005799526352,-1.9995843249360834,0
2.2,1.1169397951120814,7.346538251750578e-08,3.0611526770332946,0.5066346929448828,3.000000534784755,1.999616684882844,1,1.9596079558507438,7.408293920160001e-08,2.9270470312733003,-0.02164366807810677,2.999999462971907,-1.9996150771635717,0,5.87309237737074,7.408293920160001e-08,-0.003928694020893992,0.3357459676389146,-2.999999462971907,1.9996150771635717,1,6.4995184549393485,7.346538251750578e-08,-0.00010297649556954966,-8.631230046488459e-05,-3.000000534784755,-1.999616684882844,0
2.21,1.097007631303834,6.247202636717815e-08,3.060914789611104,0.5200322128457312,3.0000004931348694,1.9996465260836322,1,1.9553681205497746,6.29971539986038e-08,2.9270032808408635,-0.023789555717420093,2.9999995047966057,-1.9996450435762367,0,5.853087186951768,6.29971539986038e-08,-0.004189340017304136,0.3473376438493003,-2.9999995047966057,1.9996450435762367,1,6.499518464751248,6.247202636717815e-08,-0.00010297584951027248,-8.630836340042644e-05,-3.0000004931348694,-1.9996465260836322,0
2.22,1.0768328270558951,5.3123591263991356e-08,3.060653239244865,0.5337166581179149,3.0000004547289603,1.9996740445187613,1,1.951045970262748,5.357012329552416e-08,2.9269595427735506,-0.02597947525015653,2.9999995433637014,-1.9996726774708726,0,5.832683468556407,5.357012329552416e-08,-0.004473852802956096,0.3592105441063897,-2.9999995433637014,1.9996726774708726,1,6.499518474573504,5.3123591263991356e-08,-0.00010297519500863197,-8.630443382089677e-05,-3.0000004547289603,-1.9996740445187613,0
2.23,1.0564298848542848,4.517397669347166e-08,3.060366870636895,0.5476861184172072,3.000000419314349,1.9996994209296002,1,1.9466877463815364,4.5553676269668114e-08,2.9269323215456424,-0.02818951034122855,2.999999578926928,-1.9996981603484683,0,5.811897073709603,4.5553676269668114e-08,-0.004767104768792131,0.3713889197404797,-2.999999578926928,1.9996981603484683,1,6.499518484407735,4.517397669347166e-08,-0.0001029745327568612,-8.63005098800776e-05,-3.000000419314349,-1.9996994209296002,0
2.24,1.0358138529382248,3.8413896036044444e-08,3.060055401312475,0.5619384385049272,3.0000003866580465,1.9997228220020138,1,1.942424675149118,3.873676581304679e-08,2.92696492157682,-0.030351496429386643,2.999999611720266,-1.9997216595953424,0,5.790757802025057,3.873676581304679e-08,-0.005026420163916106,0.38394032903053166,-2.999999611720266,1.9997216595953424,1,6.499518494257473,3.8413896036044444e-08,-0.00010297386091972724,-8.629659256360553e-05,-3.0000003866580465,-1.9997228220020138,0
2.25,1.0150006515396464,3.26653708654922e-08,3.0597182368244025,0.5764709222253739,3.0000003565452005,1.9997444014581292,1,1.9380880175594433,3.293991647150278e-08,2.9269986345275476,-0.032553219078583606,2.9999996419594606,-1.9997433295795188,0,5.7692436146437736,3.293991647150278e-08,-0.0053114726639968525,0.39677579436634425,-2.9999996419594606,1.9997433295795188,1,6.499518504126341,3.26653708654922e-08,-0.00010297317920189722,-8.629268050292561e-05,-3.0000003565452005,-1.9997444014581292,0
2.2600000000000002,0.9940067683744489,2.777704838534745e-08,3.0593544888983413,0.5912805171374556,3.0000003287777037,1.9997643010634816,1,1.9336783578288388,2.8010502458467735e-08,2.927033856448231,-0.034794499917919504,2.9999996698434614,-1.9997633126621182,0,5.747366083792334,2.8010502458467735e-08,-0.005622938634119569,0.40989365703091984,-2.9999996698434614,1.9997633126621182,1,6.499518514011582,2.777704838534745e-08,-0.00010297248988307897,-8.628877165613256e-05,-3.0000003287777037,-1.9997643010634816,0
2.27,0.9728497048849486,2.362021899379657e-08,3.0589636601639447,0.6063634991325866,3.000000303172874,1.9997826515560815,1,1.9291965243368245,2.3818731694011972e-08,2.9270707401298814,-0.037075046842481564,2.9999996955557164,-1.9997817401303453,0,5.725137757836286,2.3818731694011972e-08,-0.005961492276668215,0.4232917422863487,-2.9999996955557164,1.9997817401303453,1,6.499518523919713,2.362021899379657e-08,-0.00010297179262923417,-8.628486326668543e-05,-3.000000303172874,-1.9997826515560815,0
2.2800000000000002,0.9515478590431986,2.0085429340130254e-08,3.058544447468669,0.6217154627011934,3.0000002795622596,1.9997995735034353,1,1.9246433250432613,2.0254230352344766e-08,2.9271101727583875,-0.03939455188678749,2.999999719265384,-1.9997987330581224,0,5.702571989459639,2.0254230352344766e-08,-0.006327790177786936,0.4369674734486597,-2.999999719265384,1.9997987330581224,1,6.499518533842126,2.0085429340130254e-08,-0.00010297108620352467,-8.628096149397842e-05,-3.0000002795622596,-1.9997995735034353,0
2.29,0.9301204719116194,1.7079601869384982e-08,3.05809652168352,0.6373313909862327,3.000000257790529,1.9998151780930657,1,1.9202471017844647,1.7223138162838043e-08,2.9272294726339636,-0.04163367729226956,2.999999741128446,-1.9998144030999419,0,5.679730579501497,1.7223138162838043e-08,-0.006645075679326902,0.4510366511604705,-2.999999741128446,1.9998144030999419,1,6.499518543774844,1.7079601869384982e-08,-0.00010297037040081809,-8.627706863413107e-05,-3.000000257790529,-1.9998151780930657,0
2.3000000000000003,0.9085872712365065,1.4523585137220254e-08,3.0576195061611924,0.6532058305061039,3.0000002377144526,1.9998295678616977,1,1.9159508490164017,1.4645638109267708e-08,2.927406846660971,-0.043822111330081535,2.999999761288736,-1.9998288532231228,0,5.656615246531439,1.4645638109267708e-08,-0.006935789728301538,0.4654651759397799,-2.999999761288736,1.9998288532231228,1,6.499518553720998,1.4523585137220254e-08,-0.00010296964515434245,-8.627318322183483e-05,-3.0000002377144526,-1.9998295678616977,0
2.31,0.8869685853153677,1.2350070498815935e-08,3.057112796725278,0.6693327617015017,3.000000219201958,1.9998428373678379,1,1.9116738254303796,1.2453855587429302e-08,2.9276125160113757,-0.04600212307624151,2.9999997798788822,-1.9998421783832248,0,5.633221677408322,1.2453855587429302e-08,-0.007230641494445376,0.48020563180182374,-2.9999997798788822,1.9998421783832248,1,6.499518563669142,1.2350070498815935e-08,-0.00010296891274622124,-8.626930755728821e-05,-3.000000219201958,-1.9998428373678379,0
2.3200000000000003,0.865285385074802,1.0501820392740254e-08,3.0565760720088004,0.6857055435612386,3.000000202131258,1.9998550738121372,1,1.9073442308415374,1.0590071781106828e-08,2.9278210550147756,-0.04821141985513846,2.9999997970211827,-1.9998544661470248,0,5.609551210959126,1.0590071781106828e-08,-0.007555672154830613,0.4952145114118342,-2.9999997970211827,1.9998544661470248,1,6.499518573639786,1.0501820392740254e-08,-0.00010296816892612018,-8.626543776064398e-05,-3.000000202131258,-1.9998550738121372,0
2.33,0.8435594163126864,8.930161629407488e-09,3.0560095914170273,0.7023167727466497,3.0000001863900545,1.9998663576095785,1,1.9029636129084555,9.005204274159519e-09,2.928031918711392,-0.05044932841114716,2.999999812828409,-1.9998657972671101,0,5.5856227208293845,9.005204274159519e-09,-0.007911455223343302,0.5104861256520368,-2.999999812828409,1.9998657972671101,1,6.499518583623189,8.930161629407488e-09,-0.00010296741541081765,-8.626157612602119e-05,-3.0000001863900545,-1.9998663576095785,0
2.3400000000000003,0.821812513443171,7.5937040571853e-09,3.0554129117432716,0.7191586998778989,3.0000001718747957,1.9998767629172147,1,1.8985335075861396,7.657514936321233e-09,2.9282452145171307,-0.05271515541958098,2.999999827404547,-1.999876246211842,0,5.5614563448683585,7.657514936321233e-09,-0.008298519314624966,0.52601392808424,-2.999999827404547,1.999876246211842,1,6.499518593606807,7.5937040571853e-09,-0.0001029666519979941,-8.625772923101108e-05,-3.0000001718747957,-1.9998767629172147,0
2.35,0.8000669167735995,6.4572509006531626e-09,3.054785296977615,0.7362229608106208,3.0000001584899953,1.9998863581209139,1,1.8940555274315516,6.511511095199874e-09,2.9284614212877704,-0.0550081525572048,2.9999998408454838,-1.999885881654147,0,5.537073047066109,6.511511095199874e-09,-0.008717359126655708,0.5417907363680582,-2.9999998408454838,1.999885881654147,1,6.499518603619281,6.4572509006531626e-09,-0.00010296587465803559,-8.625388879881943e-05,-3.0000001584899953,-1.9998863581209139,0
2.3600000000000003,0.7783453587971588,5.49087210675459e-09,3.0541263535394707,0.753500479163013,3.000000146147603,1.99989520628428,1,1.8895313899886421,5.537011087423975e-09,2.928680743573783,-0.05732752538156961,2.999999853239635,-1.9998947669223284,0,5.51249436406807,5.537011087423975e-09,-0.00916845805805897,0.5578088143864802,-2.999999853239635,1.9998947669223284,1,6.499518613642335,5.49087210675459e-09,-0.00010296508858876795,-8.625005616980645e-05,-3.000000146147603,-1.99989520628428,0
2.37,0.756670677042457,4.669116318524831e-09,3.0534356720382947,0.7709816994695604,3.0000001347664327,1.9999033655626857,1,1.8849628467481852,4.708349604466104e-09,2.928903355534832,-0.0596724604742209,2.999999864668534,-1.999902960415838,0,5.487742785388465,4.708349604466104e-09,-0.00965221095054779,0.5740597237948626,-2.999999864668534,1.999902960415838,1,6.4995186236781475,4.669116318524831e-09,-0.00010296429247097356,-8.624623223474576e-05,-3.0000001347664327,-1.9999033655626857,0
2.38,0.7350662893222982,3.970340741515104e-09,3.0527127126818443,0.7886561394193976,3.0000001242716183,1.9999108895851228,1,1.8803517725067393,4.003701922625458e-09,2.9291296069304673,-0.062042071560982376,2.9999998752073602,-1.9999105159887351,0,5.462841011460608,4.003701922625458e-09,-0.010168903817798964,0.5905348393013912,-2.9999998752073602,1.9999105159887351,1,6.499518633721549,3.970340741515104e-09,-0.00010296348731438979,-8.624241806242022e-05,-3.0000001242716183,-1.9999108895851228,0
2.39,0.7135547890238293,3.3761412686109573e-09,3.0519577886200757,0.806513524898849,3.000000114594125,1.9999178278063734,1,1.8757002402024414,3.4045092350485827e-09,2.9293591386910984,-0.06443539267778013,2.9999998849254346,-1.9999174833033384,0,5.437813349298723,3.4045092350485827e-09,-0.010718851500168977,0.6072240259751118,-2.9999998849254346,1.9999174833033384,1,6.499518643767651,3.3761412686109573e-09,-0.00010296267402899642,-8.623861473382118e-05,-3.000000114594125,-1.9999178278063734,0
2.4,0.6921598973313853,2.8708678668479144e-09,3.051170117896425,0.8245420408635464,3.0000001056702956,1.9999242258317929,1,1.871117803916241,2.8949899631861897e-09,2.9296299389194065,-0.06679445936651741,2.9999998938866836,-1.9999239081563744,0,5.412716289392178,2.8949899631861897e-09,-0.011264920161578002,0.6241747199125973,-2.9999998938866836,1.9999239081563744,1,6.499518653813609,2.8708678668479144e-09,-0.00010296185286951264,-8.623482328857815e-05,-3.0000001056702956,-1.9999242258317929,0
2.41,0.6709048863843248,2.4412124704949767e-09,3.050349547414489,0.842729635805096,3.000000097441433,1.999930125716847,1,1.866632887728602,2.4617241844526045e-09,2.9299497063212403,-0.0691041633965018,2.999999902150051,-1.9999298327797737,0,5.38758036580967,2.4617241844526045e-09,-0.011799695707988332,0.6413905369649192,-2.999999902150051,1.9999298327797737,1,6.499518663865368,2.4412124704949767e-09,-0.00010296102126805288,-8.623104460515942e-05,-3.000000097441433,-1.999930125716847,0
2.42,0.6498123297378823,2.075858534933364e-09,3.0494962433928308,0.8610641890932738,3.000000089853412,1.9999355662433485,1,1.8621186977980055,2.0933002392659012e-09,2.930273009764397,-0.07143173767981577,2.9999999097698913,-1.999935296118068,0,5.362390453305362,2.0933002392659012e-09,-0.012368647983274578,0.6587916600850425,-2.9999999097698913,1.999935296118068,1,6.499518673921478,2.075858534933364e-09,-0.00010296017902783999,-8.622727970463416e-05,-3.000000089853412,-1.9999355662433485,0
2.43,0.6289048758140733,1.7651830257163568e-09,3.04861108027259,0.8795328141784435,3.000000082856319,1.9999405831742159,1,1.8575775623885005,1.780014214245971e-09,2.9305991387302317,-0.07377606565798907,2.999999916796323,-1.999940334084222,0,5.337171667039579,1.780014214245971e-09,-0.01297185738041006,0.676366285833683,-2.999999916796323,1.999940334084222,1,6.499518683973425,1.7651830257163568e-09,-0.00010295932818940113,-8.622352978364294e-05,-3.000000082856319,-1.9999405831742159,0
2.44,0.6082042825943846,1.5010029986852506e-09,3.0476933240666577,0.8981225512661394,3.000000076404133,1.9999452094884147,1,1.8530115357480885,1.5136143917169834e-09,2.9309288171443377,-0.07613611625065923,2.9999999232755616,-1.9999449797955584,0,5.31194957432381,1.5136143917169834e-09,-0.013609320327436253,0.6941018963898966,-2.9999999232755616,1.9999449797955584,1,6.4995186940140695,1.5010029986852506e-09,-0.00010295847034292278,-8.621979602532875e-05,-3.000000076404133,-1.9999452094884147,0
2.45,0.5877329089495484,1.276360099810294e-09,3.046744066471242,0.9168191239922906,3.0000000704544156,1.9999494755976206,1,1.8484231029910152,1.2870839376270898e-09,2.931261154084258,-0.07851068776217167,2.999999929250225,-1.9999492637913348,0,5.286748755580685,1.2870839376270898e-09,-0.014280911361244262,0.7119863995673312,-2.999999929250225,1.9999492637913348,1,6.499518704048629,1.276360099810294e-09,-0.00010295760313461577,-8.621607935319791e-05,-3.0000000704544156,-1.9999494755976206,0
2.46,0.567511500040863,1.0853373107779442e-09,3.045763779887056,0.9356087765618437,3.0000000649680345,1.9999534095460345,1,1.8438147690433608,1.0944561064953234e-09,2.931595926558831,-0.0808985381633996,2.999999934759609,-1.9999532142333964,0,5.261594672061867,1.0944561064953234e-09,-0.014986495630637971,0.7300064083404695,-2.999999934759609,1.9999532142333964,1,6.499518714075949,1.0853373107779442e-09,-0.00010295672622861901,-8.62123808480946e-05,-3.0000000649680345,-1.9999534095460345,0
2.47,0.5475602750849053,9.22903116356624e-10,3.044752750224318,0.9544772878998895,3.0000000599089045,1.999957037194649,1,1.8391890202022663,9.306570986797769e-10,2.9319331583698105,-0.08329842033898675,2.9999999398399506,-1.9999568570912185,0,5.236512389519405,9.306570986797769e-10,-0.01572588222599631,0.7481482639613419,-2.9999999398399506,1.9999568570912185,1,6.4995187240975305,9.22903116356624e-10,-0.00010295583845979409,-8.620870150584171e-05,-3.0000000599089045,-1.999957037194649,0
2.48,0.5278984906461706,7.847789905945825e-10,3.043711269003217,0.9734103515744621,3.0000000552437505,1.9999603823911711,1,1.8345483621237548,7.913724327557176e-10,2.9322729010158484,-0.08570907009652778,2.9999999445246623,-1.999960216312539,0,5.21152690099515,7.913724327557176e-10,-0.016498813566741058,0.766397765670946,-2.9999999445246623,1.999960216312539,1,6.499518734104321,7.847789905945825e-10,-0.00010295494203082988,-8.620504255063671e-05,-3.0000000552437505,-1.9999603823911711,0
2.49,0.5085445410024868,6.673267118901972e-10,3.0426399906572996,0.9923934730254478,3.0000000509418916,1.999963467126739,1,1.8298953592694864,6.729333131259361e-10,2.9326149336911973,-0.0881291959503302,2.9999999488445566,-1.999963313980737,0,5.18666291657581,6.729333131259361e-10,-0.017304963140572654,0.7847402951443836,-2.9999999488445566,1.999963313980737,1,6.499518744083712,6.673267118901972e-10,-0.00010295404026583039,-8.620140529928716e-05,-3.0000000509418916,-1.999963467126739,0
2.5,0.48951647579112806,5.674525409310285e-10,3.041539098892578,1.0114113824014315,3.000000046975034,1.9999663116804336,1,1.825232543681006,5.722200025842065e-10,2.9329594716262872,-0.09055750154203779,2.999999952828045,-1.9999661704599503,0,5.1619439803203155,5.722200025842065e-10,-0.01814387058846786,0.8031616716817986,-2.999999952828045,1.9999661704599503,1,6.499518754036959,5.674525409310285e-10,-0.00010295313206765434,-8.619779077048605e-05,-3.000000046975034,-1.9999663116804336,0
2.5100000000000002,0.4708309259248162,4.825257380190178e-10,3.040409744816844,1.0304491223388688,3.0000000433170886,1.9999689347525413,1,1.8205626694766057,4.865796547355572e-10,2.933305949329121,-0.0929925950436582,2.999999956501326,-1.999968804528897,0,5.137393613519642,4.865796547355572e-10,-0.01901504589240305,0.821646941522443,-2.999999956501326,1.999968804528897,1,6.499518763974278,4.825257380190178e-10,-0.00010295221352688346,-8.619419972088864e-05,-3.0000000433170886,-1.9999689347525413,0
2.52,0.45250334291741867,4.103092734124793e-10,3.039252238088909,1.0494917424662482,3.000000039943999,1.999971353587462,1,1.8158883230713438,4.137564418720013e-10,2.9336545788109154,-0.09543313815714759,2.9999999598885587,-1.9999712335043007,0,5.1130347248779815,4.137564418720013e-10,-0.0199179200073471,0.8401809424472166,-2.9999999598885587,1.9999712335043007,1,6.49951877388559,4.103092734124793e-10,-0.00010295128719539173,-8.619063335991386e-05,-3.000000039943999,-1.999971353587462,0
2.5300000000000002,0.43454837152744175,3.489009073090703e-10,3.0380672511977087,1.068523952298754,3.0000000368335797,1.9999735840870325,1,1.8112121730159232,3.518321397890598e-10,2.934005310941474,-0.09787775181301374,2.9999999630120175,-1.9999734733546888,0,5.088889151604638,3.518321397890598e-10,-0.020851850327904174,0.8587486668070861,-2.9999999630120175,1.9999734733546888,1,6.499518783773269,3.489009073090703e-10,-0.00010295035162405855,-8.618709267701697e-05,-3.0000000368335797,-1.9999735840870325,0
2.54,0.4169793659385635,2.9668308668941894e-10,3.036855519046728,1.0875306018320816,3.000000033965375,1.9999756409150473,1,1.8065369208540525,2.991756034635437e-10,2.9343581384860338,-0.10032503103160119,2.9999999658922447,-1.9999755388053524,0,5.064977991459219,2.991756034635437e-10,-0.021816167868937062,0.8773348473602762,-2.9999999658922447,1.9999755388053524,1,6.499518793645243,2.9668308668941894e-10,-0.0001029494036535393,-8.618357844544867e-05,-3.000000033965375,-1.9999756409150473,0
2.5500000000000003,0.3998085835245703,2.5228034043428197e-10,3.035618102418333,1.1064964925478704,3.000000031320524,1.9999775375936308,1,1.8018652615812074,2.543998041394043e-10,2.934712721755756,-0.10277357849362817,2.9999999685481855,-1.9999774434351227,0,5.041321381216557,2.543998041394043e-10,-0.022810114716278793,0.8959243008754261,-2.9999999685481855,1.9999774434351227,1,6.499518803483746,2.5228034043428197e-10,-0.0001029484483175598,-8.618009199830488e-05,-3.000000031320524,-1.9999775375936308,0
2.56,0.3830471000540534,2.145230500394259e-10,3.034355472522037,1.1254064363283398,3.0000000288816318,1.9999792865921218,1,1.7971997746005326,2.1632529552037296e-10,2.935069224399416,-0.10522203317091208,2.9999999709973033,-1.999979199765629,0,5.017938343972875,2.1632529552037296e-10,-0.02383284002681915,0.914502084827925,-2.9999999709973033,1.999979199765629,1,6.499518813294662,2.145230500394259e-10,-0.00010294748310433302,-8.617663416116939e-05,-3.0000000288816318,-1.9999792865921218,0
2.5700000000000003,0.36670406444694625,1.8241664242701528e-10,3.033069032380844,1.1442461989618233,3.0000000266326587,1.999980899409026,1,1.7925432266306243,1.8394914769507762e-10,2.935427132097667,-0.10766895126880188,2.9999999732557043,-1.9999808193435948,0,4.994847806053249,1.8394914769507762e-10,-0.024883485673202754,0.9330523263596913,-2.9999999732557043,1.9999808193435948,1,6.499518823075885,1.8241664242701528e-10,-0.00010294650759042461,-8.617320662306091e-05,-3.0000000266326587,-1.999980899409026,0
2.58,0.3507879218939242,1.5511539296900495e-10,3.0317594244609505,1.163001085576715,3.0000000245588136,1.999982386647599,1,1.7878981700230026,1.5641852994163352e-10,2.935786600772741,-0.11011297178754989,2.999999975338241,-1.9999823128167398,0,4.972066831151618,1.5641852994163352e-10,-0.02596111542279364,0.9515600277908126,-2.999999975338241,1.9999823128167398,1,6.4995188328100095,1.5511539296900495e-10,-0.00010294552499497532,-8.616981325749888e-05,-3.0000000245588136,-1.999982386647599,0
2.5900000000000003,0.3353062821009284,1.3190014897927319e-10,3.0304280633728524,1.1816561253597395,3.000000022646462,1.999983758085547,1,1.7832673478799839,1.3300824711902994e-10,2.9361471231192287,-0.11255264818485167,2.9999999772586095,-1.9999836900037686,0,4.949610972021964,1.3300824711902994e-10,-0.027064688886778064,0.9700108835623267,-2.9999999772586095,1.9999836900037686,1,6.499518842505846,1.3190014897927319e-10,-0.00010294453426327033,-8.61664512409596e-05,-3.000000022646462,-1.999983758085547,0
2.6,0.3202647822056421,1.1215938718950392e-10,3.0290761568316498,1.2001974359160972,3.0000000208830246,1.9999850227392932,1,1.7786615757829154,1.131016378280467e-10,2.936511322003412,-0.11498213819282983,2.9999999790294383,-1.9999849599589132,0,4.9274994585849266,1.131016378280467e-10,-0.028190284222336014,0.9883943800179187,-2.9999999790294383,1.9999849599589132,1,6.4995188521592775,1.1215938718950392e-10,-0.0001029435360848149,-8.61631215977076e-05,-3.0000000208830246,-1.9999850227392932,0
2.6100000000000003,0.30566774131557656,9.537310591178403e-11,3.027704676238474,1.2186115348012396,3.000000019256907,1.99998618892325,1,1.7742690523793565,9.617433133305134e-11,2.936944545662906,-0.11729924989735671,2.9999999806623716,-1.999986131031447,0,4.9058403274988125,9.617433133305134e-11,-0.029271549711983876,1.0067965315973835,-2.9999999806623716,1.999986131031447,1,6.499518861772365,9.537310591178403e-11,-0.00010294252926458893,-8.615982509097177e-05,-3.000000019256907,-1.99998618892325,0
2.62,0.29151824961402856,8.10991279702666e-11,3.0263153972923367,1.2368853303117522,3.0000000177574164,1.9999872643044707,1,1.7698986383932211,8.178043528859124e-11,2.937376663978436,-0.11960759558756655,2.9999999821681507,-1.9999872109205725,0,4.884548223764563,8.178043528859124e-11,-0.030376787758288802,1.0250977357476567,-2.9999999821681507,1.9999872109205725,1,6.499518871330362,8.10991279702666e-11,-0.00010294151794956808,-8.615656287211625e-05,-3.0000000177574164,-1.9999872643044707,0
2.6300000000000003,0.2778183294552324,6.89614533927469e-11,3.024909220833078,1.255005913024839,3.0000000163746874,1.9999882559530546,1,1.7655525416315172,6.954079063690364e-11,2.9378077589312626,-0.1219059639054591,2.9999999835566724,-1.9999882067260317,0,4.863634533165414,6.954079063690364e-11,-0.031504853952603974,1.043283932285091,-2.9999999835566724,1.9999882067260317,1,6.499518880838973,6.89614533927469e-11,-0.00010294049982341813,-8.615333556445846e-05,-3.0000000163746874,-1.9999882559530546,0
2.64,0.26456932493069435,5.864035534313201e-11,3.0234877601576238,1.2729601283394654,3.000000015099633,1.999989170388618,1,1.7612330329743362,5.913298425018614e-11,2.938237201312564,-0.1241931275723059,2.9999999848370726,-1.9999891249947777,0,4.843108756727906,5.913298425018614e-11,-0.03265455184975066,1.0613421790674684,-2.9999999848370726,1.9999891249947777,1,6.499518890286874,5.864035534313201e-11,-0.00010293947799780011,-8.615014416235605e-05,-3.000000015099633,-1.999989170388618,0
2.65,0.25177068025362376,4.98639581601825e-11,3.0220520288223787,1.2907362489651226,3.000000013923865,1.9999900136231572,1,1.7569422965926669,5.0282856260798396e-11,2.9386650176922604,-0.12646787774251292,2.999999986017769,-1.9999899717640126,0,4.822980027473729,5.0282856260798396e-11,-0.03382468376370976,1.0792589678427476,-2.999999986017769,1.9999899717640126,1,6.499518899679997,4.98639581601825e-11,-0.00010293845010235592,-8.614698925439988e-05,-3.000000013923865,-1.9999900136231572,0
2.66,0.23942044169912105,4.2401075894278335e-11,3.0206034687876384,1.3083235001301845,3.0000000128396542,1.9999907912005706,1,1.7526824120227957,4.275727837959934e-11,2.93909084758182,-0.12872906846782597,2.9999999871065257,-1.9999907526008782,0,4.803256610706725,4.275727837959934e-11,-0.03501407311621525,1.0970206675706506,-2.9999999871065257,1.9999907526008782,1,6.4995189090157055,4.2401075894278335e-11,-0.00010293741655554338,-8.61438715336036e-05,-3.0000000128396542,-1.9999907912005706,0
2.67,0.2275166519042939,3.605512263027651e-11,3.019143205120719,1.3257101205666113,3.0000000118398686,1.9999915082331003,1,1.7484553813699601,3.635801305474488e-11,2.9395145768527104,-0.13097558166657072,2.9999999881105026,-1.9999914726390513,0,4.783944341781008,3.635801305474488e-11,-0.03622141152029641,1.1146158110564257,-2.9999999881105026,1.9999914726390513,1,6.499518918303011,3.605512263027651e-11,-0.00010293637414836946,-8.614079130522367e-05,-3.0000000118398686,-1.9999915082331003,0
2.68,0.21605593140819268,3.065893415868374e-11,3.0176728593513253,1.3428854492109206,3.000000010917935,1.9999921694349427,1,1.7442632791714172,3.091649165725129e-11,2.9399356536981345,-0.1332062693896349,2.9999999890363007,-1.9999921366124913,0,4.765048345016617,3.091649165725129e-11,-0.03744540063299909,1.1320328717038506,-2.9999999890363007,1.9999921366124913,1,6.499518927538074,3.065893415868374e-11,-0.00010293532368469105,-8.613774928427256e-05,-3.000000010917935,-1.9999921694349427,0
2.69,0.20503326191780127,2.6070364659325284e-11,3.0161936425076408,1.3598404185064967,3.0000000100677915,1.9999927791532381,1,1.7401080349388498,2.6289374126535422e-11,2.940353994463605,-0.1354200408935926,2.9999999898900094,-1.9999927488865654,0,4.746573409908351,2.6289374126535422e-11,-0.03868478238539188,1.149259733090733,-2.9999999898900094,1.9999927488865654,1,6.499518936709225,2.6070364659325284e-11,-0.00010293426848007403,-8.613474633181011e-05,-3.0000000100677915,-1.9999927791532381,0
2.7,0.1944431868695879,2.2168542359228683e-11,3.014706883633586,1.3765658965752965,3.0000000092838457,1.9999933413966533,1,1.7359914475753173,2.2354773213615698e-11,2.940769340363272,-0.13761587632689662,2.9999999906772397,-1.9999933134867447,0,4.728522674104138,2.2354773213615698e-11,-0.03993825696046333,1.166285525133445,-2.9999999906772397,1.9999933134867447,1,6.499518945811489,2.2168542359228683e-11,-0.00010293320981087854,-8.613178302177164e-05,-3.0000000092838457,-1.9999933413966533,0
2.71,0.18427952015109572,1.8850685628463756e-11,3.013214109884666,1.3930531921147065,3.000000008560945,1.9999938598617306,1,1.7319152929813382,1.9009043780084468e-11,2.941181248634922,-0.13979276948762245,2.999999991403171,-1.9999938341250698,0,4.71089808380988,1.9009043780084468e-11,-0.041204509196354655,1.1831001216674242,-2.999999991403171,1.9999938341250698,1,6.499518954850364,1.8850685628463756e-11,-0.00010293214570971587,-8.612885955531055e-05,-3.000000008560945,-1.9999938598617306,0
2.72,0.1745352893019804,1.6029395543517046e-11,3.0117165928319114,1.4092942356330251,3.0000000078943354,1.9999943379571914,1,1.7278812077951298,1.616405263960688e-11,2.9415895073120955,-0.14194977733802477,2.9999999920725764,-1.9999943142245529,0,4.693700465346783,1.616405263960688e-11,-0.042482253532909894,1.1996939897602965,-2.9999999920725764,1.9999943142245529,1,6.49951896382241,1.6029395543517046e-11,-0.00010293107697151432,-8.612597646022631e-05,-3.0000000078943354,-1.9999943379571914,0
2.73,0.16520275427855396,1.3630353652644585e-11,3.0102156323283413,1.4252816781994504,3.000000007279631,1.9999947788263472,1,1.7238907518971407,1.3744856981823435e-11,2.941993865986902,-0.14408599546985068,2.9999999926898546,-1.999994756941682,0,4.6769297873089934,1.3744856981823435e-11,-0.04377019271181044,1.2160581009291436,-2.9999999926898546,1.999994756941682,1,6.499518972727823,1.3630353652644585e-11,-0.00010293000318938218,-8.612313424952209e-05,-3.000000007279631,-1.9999947788263472,0
2.74,0.1562736919371169,1.1590364326560738e-11,3.008712650151664,1.4410085209937735,3.000000006712795,1.9999951853677616,1,1.7199454752748928,1.1687730257120854e-11,2.942393966141924,-0.1462005244868237,2.999999993259069,-1.9999951651871728,0,4.660584916759273,1.1687730257120854e-11,-0.04506701452420413,1.2321843418725784,-2.999999993259069,1.9999951651871728,1,6.499518981570517,1.1590364326560738e-11,-0.00010292892289509929,-8.612033316751248e-05,-3.000000006712795,-1.9999951853677616,0
2.75,0.14773900306734217,9.855690045600792e-12,3.0072088235163763,1.4564689162539146,3.000000006190095,1.999995560254312,1,1.7160467793763992,9.938483490796708e-12,2.942789667202109,-0.14829253482793536,2.9999999937839594,-1.999995541645108,0,4.644664195577505,9.938483490796708e-12,-0.04637144405620514,1.2480646672296989,-2.9999999937839594,1.999995541645108,1,6.49951899033981,9.855690045600792e-12,-0.00010292783933455901,-8.61175736868057e-05,-3.000000006190095,-1.999995560254312,0
2.7600000000000002,0.13958923940107656,8.380635903045816e-12,3.005705355259701,1.4716573765788779,3.0000000057080967,1.9999959059507546,1,1.712195963279106,8.451037892062454e-12,2.943180794855164,-0.15036125027482167,2.9999999942679776,-1.999995888790576,0,4.6291648907769085,8.451037892062454e-12,-0.04768223606783326,1.2636919107300346,-2.9999999942679776,1.999995888790576,1,6.4995189990338265,8.380635903045816e-12,-0.0001029267529721109,-8.611485604954653e-05,-3.0000000057080967,-1.9999959059507546,0
2.77,0.13181456080666662,7.126345885624163e-12,3.0042036165474104,1.4865689420951869,3.0000000052636313,1.9999962247299348,1,1.708394264782111,7.1862110173207526e-12,2.9435669720819835,-0.1524059312380798,2.999999994714308,-1.99999620890595,0,4.61408349191723,7.1862110173207526e-12,-0.04899814038073099,1.279059636059904,-2.999999994714308,1.99999620890595,1,6.499519007662231,7.126345885624163e-12,-0.00010292566060256836,-8.61121802305665e-05,-3.0000000052636313,-1.9999962247299348,0
2.7800000000000002,0.12440464342463892,6.059779355692431e-12,3.0027048412709734,1.5011994680406038,3.0000000048537725,1.9999965186877255,1,1.7046428165679441,6.110684653906953e-12,2.943947893644009,-0.1544258902691161,2.999999995125882,-1.9999965040958894,0,4.599415937014647,6.110684653906953e-12,-0.05031791286290627,1.2941618748949213,-2.999999995125882,1.9999965040958894,1,6.499519016213883,6.059779355692431e-12,-0.00010292456559284245,-8.610954674906567e-05,-3.0000000048537725,-1.9999965186877255,0
2.79,0.11734881907699132,5.1528406744142686e-12,3.0012103694066647,1.5155454890705609,3.0000000044758304,1.9999967897568136,1,1.7009426633320832,5.1961271341857235e-12,2.9443232060138183,-0.1564204868583545,2.9999999955054095,-1.9999967763011823,0,4.585157478383006,5.1961271341857235e-12,-0.051640383733259715,1.308993104279377,-2.9999999955054095,1.9999967763011823,1,6.499519024707368,5.1528406744142686e-12,-0.00010292346209157749,-8.610695508977753e-05,-3.0000000044758304,-1.9999967897568136,0
2.8000000000000003,0.1106364031554418,4.381639147149647e-12,2.999721191212934,1.529603647360501,3.000000004127316,1.9999970397193951,1,1.697294781753,4.4184470598945216e-12,2.944692854027843,-0.1583891064857337,2.9999999958553834,-1.999997027311496,0,4.571302548240152,4.4184470598945216e-12,-0.0529643486941998,1.3235489918605317,-2.9999999958553834,1.999997027311496,1,6.499519033126652,4.381639147149647e-12,-0.0001029223550021405,-8.610440591563302e-05,-3.000000004127316,-1.9999970397193951,0
2.81,0.10425626972819971,3.7258596678752065e-12,2.998238436833911,1.5433716649707212,3.0000000038059405,1.9999972702189006,1,1.693700062179867,3.757158657801557e-12,2.9450566315196625,-0.16033118452810433,2.999999996178107,-1.9999972587771508,0,4.557845324379692,3.757158657801557e-12,-0.054288666607993294,1.3378252578923968,-2.999999996178107,1.9999972587771508,1,6.49951904146969,3.7258596678752065e-12,-0.00010292124492819384,-8.610189934233259e-05,-3.0000000038059405,-1.9999972702189006,0
2.8200000000000003,0.09819703067215167,3.1682275839966457e-12,2.9967632488248643,1.5568481244695747,3.0000000035095886,1.999997482770799,1,1.6901592498090368,3.1948421564454194e-12,2.9454142734565902,-0.16224623573346986,2.9999999964757014,-1.9999974722199676,0,4.544779660792512,3.1948421564454194e-12,-0.055612244576819694,1.3518178749000629,-2.9999999964757014,1.9999974722199676,1,6.499519049735076,3.1682275839966457e-12,-0.00010292013234560732,-8.60994353606329e-05,-3.0000000035095886,-1.999997482770799,0
2.83,0.09244748079722451,2.694053653113763e-12,2.9952966522046314,1.5700315824226565,3.000000003236312,1.999997678772559,1,1.6866729637283857,2.716684911840347e-12,2.9457655735016433,-0.1641338408154135,2.999999996750122,-1.9999976690432733,0,4.532098632387763,2.716684911840347e-12,-0.05693400056052848,1.365524005403773,-2.999999996750122,1.9999976690432733,1,6.499519057936209,2.694053653113763e-12,-0.00010291901304035362,-8.609701358954964e-05,-3.000000003236312,-1.999997678772559,0
2.8400000000000003,0.08699639260718606,2.2908471016594782e-12,2.9938397475357967,1.5829210668183427,3.0000000029843163,1.9999978595128365,1,1.6832418121479806,2.3100912159873274e-12,2.9461102759640854,-0.1659935872687647,2.9999999970031763,-1.999997850541126,0,4.519794877229924,2.3100912159873274e-12,-0.05825290412432747,1.3789414050454691,-2.9999999970031763,1.999997850541126,1,6.499519066057477,2.2908471016594782e-12,-0.00010291789201094576,-8.609463433974087e-05,-3.0000000029843163,-1.9999978595128365,0
2.85,0.08183248676267516,1.9479865807443983e-12,2.9923935719238464,1.5955162354589834,3.0000000027519405,1.9999980261799504,1,1.6798662574008207,1.9643504936792315e-12,2.9464480790116534,-0.16782514301715756,2.999999997236524,-1.999998017906826,0,4.5078608366852215,1.9643504936792315e-12,-0.059567938713896755,1.3920682881020263,-2.999999997236524,1.999998017906826,1,6.499519074102676,1.9479865807443983e-12,-0.0001029167681278056,-8.609229740643954e-05,-3.0000000027519405,-1.9999980261799504,0
2.8600000000000003,0.07694468700853709,1.656440391790877e-12,2.9909590963021913,1.6078168335109204,3.0000000025376607,1.9999981798696904,1,1.6765467682140893,1.6703551746494188e-12,2.9467787616724084,-0.1696281699558812,2.999999997451704,-1.9999981722407556,0,4.496288421063819,1.6703551746494188e-12,-0.06087812567878628,1.4049038312892672,-2.999999997451704,1.9999981722407556,1,6.49951908208161,1.656440391790877e-12,-0.00010291563835728869,-8.609000243838529e-05,-3.0000000025376607,-1.9999981798696904,0
2.87,0.07232147493437766,1.4085285591826043e-12,2.9895370843133753,1.6198244125879597,3.000000002340066,1.9999983215925279,1,1.6732836369223543,1.420360765908383e-12,2.947102303988278,-0.17140242054153437,2.9999999976501286,-1.999998314557622,0,4.485069989127718,1.420360765908383e-12,-0.06218259596636942,1.4174462438430797,-2.9999999976501286,1.999998314557622,1,6.499519090000517,1.4085285591826043e-12,-0.0001029145008531789,-8.608774908573304e-05,-3.000000002340066,-1.9999983215925279,0
2.8800000000000003,0.06795187985080337,1.1977205420255893e-12,2.988128394123363,1.6315399279765628,3.0000000021578535,1.999998452280249,1,1.670077043613573,1.207781864228982e-12,2.9474185010364615,-0.17314771445694246,2.9999999978330996,-1.9999984457931177,0,4.474197208777017,1.207781864228982e-12,-0.06348046365304719,1.4296953180915386,-2.9999999978330996,1.9999984457931177,1,6.499519097844387,1.1977205420255893e-12,-0.00010291336058579849,-8.608553739739591e-05,-3.0000000021578535,-1.999998452280249,0
2.89,0.06382506497937206,1.0184631839380558e-12,2.9867338345811953,1.6429647933132854,3.0000000019898323,1.9999985727920935,1,1.6669271330441022,1.0270186641236302e-12,2.9477271665900915,-0.17486389083567122,2.999999998001826,-1.999998566810084,0,4.463661701928216,1.0270186641236302e-12,-0.06477085371907798,1.4416513072645365,-2.999999998001826,1.999998566810084,1,6.499519105610851,1.0184631839380558e-12,-0.00010291221852209604,-8.608336710932036e-05,-3.0000000019898323,-1.9999985727920935,0
2.9000000000000004,0.05993052362945675,8.660344468651763e-13,2.9853540277564115,1.6541003863026824,3.000000001834895,1.999998683920395,1,1.6638340045334201,8.733094587128933e-13,2.948028287900116,-0.17655080953478522,2.9999999981574152,-1.999998678404176,0,4.4534547269659,8.733094587128933e-13,-0.06605293661085246,1.4533153713867595,-2.9999999981574152,1.999998678404176,1,6.499519113300357,8.660344468651763e-13,-0.00010291107466406092,-8.608123799272221e-05,-3.000000001834895,-1.999998683920395,0
2.91,0.056257759591957106,7.364190169763438e-13,2.983989705788459,1.6649489745379458,3.00000000169202,1.999998786395793,1,1.6607976995879286,7.426052045535989e-13,2.94832170283835,-0.1782083673541782,2.999999998300888,-1.999998781309095,0,4.443567705011109,7.426052045535989e-13,-0.0673259540446034,1.4646885484114671,-2.999999998300888,1.999998781309095,1,6.499519120913246,7.364190169763438e-13,-0.00010290992912585515,-8.607914970663099e-05,-3.00000000169202,-1.999998786395793,0
2.92,0.052796427355945065,6.26202532864749e-13,2.9826416514839664,1.675513417151516,3.0000000015602715,1.9999988808920377,1,1.6578181848374474,6.314628566110223e-13,2.9486071763736517,-0.17983650532305034,2.9999999984331898,-1.9999988762014156,0,4.433992141712182,6.314628566110223e-13,-0.06858919992301069,1.4757719917666074,-2.9999999984331898,1.9999988762014156,1,6.499519128451017,6.26202532864749e-13,-0.00010290878165411871,-8.607710188159842e-05,-3.0000000015602715,-1.9999988808920377,0
2.93,0.04953642724878947,5.324816446005894e-13,2.9813103837849777,1.6857969561838808,3.0000000014387807,1.9999989680304175,1,1.654895313614481,5.369546753022224e-13,2.948884722146578,-0.1814352209506173,2.9999999985551895,-1.9999989637050308,0,4.4247195444530485,5.369546753022224e-13,-0.06984202056183733,1.4865671373578024,-2.9999999985551895,1.9999989637050308,1,6.499519135898864,5.324816446005894e-13,-0.00010290763718751659,-8.607509451253703e-05,-3.0000000014387807,-1.9999989680304175,0
2.94,0.046468099521252366,4.527875318691367e-13,2.9799966060430574,1.6958025916075088,3.0000000013267494,1.9999990483838466,1,1.652028860900165,4.565911011180635e-13,2.949154074749573,-0.18300456420888112,2.999999998667689,-1.9999990443952558,0,4.415741183967585,4.565911011180635e-13,-0.07108378742867644,1.4970763599988346,-2.999999998667689,1.9999990443952558,1,6.499519143263598,4.527875318691367e-13,-0.00010290649419533124,-8.6073126490209e-05,-3.0000000013267494,-1.9999990483838466,0
2.95,0.04358200832244807,3.850208737398858e-13,2.9787008357993217,1.7055337672172772,3.0000000012234413,1.9999991224806266,1,1.6492185783535276,3.882551770655984e-13,2.9494151442831535,-0.18454459457711797,2.9999999987714285,-1.9999991188026074,0,4.407048539833023,3.882551770655984e-13,-0.07231388912456035,1.5073022063647024,-2.9999999987714285,1.9999991188026074,1,6.499519150555066,3.850208737398858e-13,-0.00010290535164298286,-8.607119444283054e-05,-3.0000000012234413,-1.9999991224806266,0
2.96,0.04086897928271327,3.2739654217869755e-13,2.9774234940086686,1.714994280859752,3.0000000011281793,1.9999991908079267,1,1.6464641678574814,3.3014678000655036e-13,2.9496679444194083,-0.1860553977874642,2.999999998867092,-1.9999991874162957,0,4.398633171576504,3.3014678000655036e-13,-0.07353177523767174,1.517247400204372,-2.999999998867092,1.9999991874162957,1,6.499519157774864,3.2739654217869755e-13,-0.000102904207241239,-8.6069301006495e-05,-3.0000000011281793,-1.9999991908079267,0
2.97,0.03832013576969537,2.783965821859873e-13,2.976165028940006,1.7241881697715633,3.000000001040334,1.9999992538149813,1,1.643765243111993,2.8073520231252374e-13,2.94991240384146,-0.18753711239787174,2.999999998955306,-1.9999992506874396,0,4.390486701793094,2.8073520231252374e-13,-0.07473694815212467,1.5269149325122988,-2.999999998955306,1.9999992506874396,1,6.499519164923557,2.783965821859873e-13,-0.00010290306094597158,-8.606744596410522e-05,-3.000000001040334,-1.9999992538149813,0
2.98,0.035926950492729696,2.3673022314048205e-13,2.9749258764390976,1.7331195224204063,3.0000000009593286,1.9999993119160473,1,1.641121363574445,2.3871883100272434e-13,2.9501484192261858,-0.18898990973455876,2.9999999990366515,-1.9999993090320312,0,4.382600809015072,2.3871883100272434e-13,-0.07592894197201984,1.5363082213007524,-2.9999999990366515,1.9999993090320312,1,6.499519172002323,2.3673022314048205e-13,-0.00010290191271180804,-8.60656287953255e-05,-3.0000000009593286,-1.9999993119160473,0
2.99,0.03368119747044491,2.0129987880475454e-13,2.973706426371886,1.7417926358006945,3.0000000008846306,1.9999993654931245,1,1.6385320398287548,2.0299085971494644e-13,2.950375881837616,-0.19041399028559153,2.999999999111662,-1.9999993628336714,0,4.374967350190886,2.0299085971494644e-13,-0.07710731425868772,1.545430920517342,-2.999999999111662,1.9999993628336714,1,6.499519179000684,2.0129987880475454e-13,-0.00010290076621807676,-8.606384921944129e-05,-3.0000000008846306,-1.9999993654931245,0
3.0,0.031575002234094464,1.7117223364448968e-13,2.9725070070753525,1.7502118101105775,3.0000000008157492,1.9999994148984688,1,1.6359967644592759,1.7261013199095896e-13,2.950594715633807,-0.19180956567200927,2.999999999180832,-1.9999994124460936,0,4.367578294657917,1.7261013199095896e-13,-0.07827164175113459,1.5542870992216837,-2.999999999180832,1.9999994124460936,1,6.4995191859216765,1.7117223364448968e-13,-0.00010289962082968172,-8.606210667110734e-05,-3.0000000008157492,-1.9999994148984688,0
3.0100000000000002,0.029600754164231934,1.4555365697755486e-13,2.971327922491117,1.7583816639826595,3.00000000075223,1.999999460456908,1,1.633515003541271,1.4677635083498786e-13,2.950804863035989,-0.19317686377951337,2.9999999992446154,-1.9999994581954863,0,4.360425774470976,1.4677635083498786e-13,-0.07942156815386224,1.5628808258871445,-2.9999999992446154,1.9999994581954863,1,6.49951919276843,1.4555365697755486e-13,-0.00010289847588865577,-8.60604005740921e-05,-3.00000000075223,-1.999999460456908,0
3.02,0.027751112921221784,1.2376929638869591e-13,2.970169340353258,1.766307129788939,3.0000000006936585,1.9999995024679793,1,1.6310861874250189,1.2480899455279618e-13,2.9510064343738778,-0.19451612984848943,2.9999999993034336,-1.9999995003826425,0,4.353502135653852,1.2480899455279618e-13,-0.08055679241230052,1.5712161045727693,-2.9999999993034336,1.9999995003826425,1,6.4995191995326405,1.2376929638869591e-13,-0.00010289733439804718,-8.605873057412016e-05,-3.0000000006936585,-1.9999995024679793,0
3.0300000000000002,0.026019104113636192,1.0524530277529202e-13,2.969031426680819,1.7739930184842803,3.000000000639648,1.9999995412078941,1,1.6287097039438554,1.0612939348215951e-13,2.951199490164065,-0.19582763624772723,2.9999999993576725,-1.9999995392849315,0,4.346799838827388,1.0612939348215951e-13,-0.08167702927767738,1.5792973541689903,-2.9999999993576725,1.9999995392849315,1,6.499519206223632,1.0524530277529202e-13,-0.00010289619377352901,-8.605709588648219e-05,-3.000000000639648,-1.9999995412078941,0
3.04,0.02439803375517768,8.949371145934007e-14,2.9679144094735577,1.7814443265643172,3.000000000589842,1.999999576931359,1,1.626384877547829,9.02454840448819e-14,2.9513839524077214,-0.1971116964680915,2.999999999407687,-1.9999995751581268,0,4.34031157213612,9.02454840448819e-14,-0.08278202351903408,1.5871290492556551,-2.999999999407687,1.9999995751581268,1,6.499519212842085,8.949371145934007e-14,-0.00010289505416719206,-8.605549594141028e-05,-3.000000000589842,-1.999999576931359,0
3.0500000000000003,0.02288152616386212,7.60995898462033e-14,2.9668184516420184,1.7886660529486775,3.000000000543914,1.9999996098732464,1,1.6241110196759898,7.673884762779169e-14,2.9515597989498144,-0.19836863196873797,2.999999999453807,-1.9999996082380864,0,4.334030203569456,7.673884762779169e-14,-0.08387154391630106,1.594715859232299,-2.999999999453807,1.9999996082380864,1,6.499519219397127,7.60995898462033e-14,-0.00010289391303718544,-8.605392998983798e-05,-3.000000000543914,-1.9999996098732464,0
3.06,0.021463439011217344,6.471010607244061e-14,2.965743720083169,1.7956635487518333,3.0000000005015615,1.9999996402501417,1,1.6218874004605728,6.525368869249312e-14,2.951726979903234,-0.1995987901437406,2.9999999994963353,-1.999999638742303,0,4.327948876322094,6.525368869249312e-14,-0.08494540567578257,1.602062235075057,-2.9999999994963353,1.999999638742303,1,6.499519225884955,6.471010607244061e-14,-0.00010289277199480907,-8.605239751506237e-05,-3.0000000005015615,-1.9999996402501417,0
3.0700000000000003,0.020137974347669275,5.5025234977543036e-14,2.9646902797762236,1.8024419772495757,3.0000000004625087,1.9999996682617658,1,1.6197132624054522,5.548746190569109e-14,2.9518855480331005,-0.20080253326022354,2.999999999535554,-1.999999666871334,0,4.322060831863481,5.548746190569109e-14,-0.08600345332861986,1.6091729414251972,-2.999999999535554,1.999999666871334,1,6.499519232311348,5.5025234977543036e-14,-0.00010289162971751529,-8.605089761031304e-05,-3.0000000004625087,-1.9999996682617658,0
3.08,0.01889962331282197,4.6789855162997725e-14,2.9636582119759507,1.8090064894587803,3.0000000004264953,1.9999996940922877,1,1.6175878139530382,4.7182902483991556e-14,2.952035514838426,-0.20198024591795383,2.9999999995717177,-1.9999996928101214,0,4.316359463798283,4.7182902483991556e-14,-0.08704556978446112,1.6160528485790917,-2.9999999995717177,1.9999996928101214,1,6.499519238664631,4.6789855162997725e-14,-0.00010289049023632277,-8.604943006928267e-05,-3.0000000004264953,-1.9999996940922877,0
3.0900000000000003,0.01774316659082752,3.9787027574610574e-14,2.96264753651396,1.8153621743705286,3.0000000003932863,1.9999997179115379,1,1.6155102572017208,4.012124914564797e-14,2.9521769267708042,-0.20313231759532263,2.9999999996050652,-1.9999997167292067,0,4.31083837632423,4.012124914564797e-14,-0.08807164748126567,1.6227069806556313,-2.9999999996050652,1.9999997167292067,1,6.499519244947703,3.9787027574610574e-14,-0.00010288935347971828,-8.6047993548004e-05,-3.0000000003932863,-1.9999997179115379,0
3.1,0.01666361784543376,3.383228148220347e-14,2.961658226765782,1.821514302768756,3.000000000362663,1.999999739876123,1,1.6134797688166782,3.411648143182146e-14,2.9523098669326933,-0.2042591532068501,2.9999999996358166,-1.9999997387858537,0,4.305491425675042,3.411648143182146e-14,-0.08908161126573773,1.629140207788967,-2.9999999996358166,1.9999997387858537,1,6.4995192511761575,3.383228148220347e-14,-0.00010288821677435564,-8.604658425949943e-05,-3.000000000362663,-1.999999739876123,0
3.1100000000000003,0.015656316102387692,2.876875552315244e-14,2.9606902275737763,1.8274677595445596,3.0000000003344245,1.9999997601304538,1,1.6114955246025058,2.901042041584271e-14,2.952434406262805,-0.20536116070741411,2.999999999664174,-1.999999759125078,0,4.300312570813033,2.901042041584271e-14,-0.09007538700519381,1.6353578626747947,-2.999999999664174,1.999999759125078,1,6.499519257340531,2.876875552315244e-14,-0.00010288708111593812,-8.604520544301307e-05,-3.0000000003344245,-1.9999997601304538,0
3.12,0.014716746997263282,2.446306503487624e-14,2.9597435296771586,1.8332279681970842,3.000000000308385,1.9999997788076969,1,1.6095566679036972,2.4668560937528667e-14,2.9525505640716885,-0.2064387696993784,2.999999999690323,-1.9999997778806042,0,4.295296077349839,2.4668560937528667e-14,-0.091052963853886,1.6413646760336937,-2.999999999690323,1.9999997778806042,1,6.499519263437511,2.446306503487624e-14,-0.00010288594796329737,-8.604385656527371e-05,-3.000000000308385,-1.9999997788076969,0
3.1300000000000003,0.013840710065872801,2.0801787594558242e-14,2.9588181198271744,1.838799898023678,3.0000000002843725,1.9999997960306535,1,1.6076623293859236,2.0976527786994224e-14,2.9526583145846055,-0.20749242021299202,2.9999999997144355,-1.9999997951757484,0,4.290436326496516,2.0976527786994224e-14,-0.0920143180244158,1.6471658655713304,-2.9999999997144355,1.9999997951757484,1,6.499519269475062,2.0801787594558242e-14,-0.00010288481518089718,-8.604253684830835e-05,-3.0000000002843725,-1.9999997960306535,0
3.14,0.01302417834111481,1.7688477355398585e-14,2.957913913165646,1.8441888387271284,3.00000000026223,1.9999998119125577,1,1.605811639687119,1.7837064998252955e-14,2.9527577489408854,-0.20852255133113504,2.9999999997366706,-1.999999811124219,0,4.2857279315860275,1.7837064998252955e-14,-0.09295948333859452,1.6527662204493283,-2.9999999997366706,1.999999811124219,1,6.4995192754552304,1.7688477355398585e-14,-0.00010288368258982959,-8.604124553707575e-05,-3.00000000026223,-1.9999998119125577,0
3.1500000000000004,0.012263421333586207,1.5041122203856723e-14,2.9570307526638526,1.8493995801780838,3.000000000241811,1.9999998265578312,1,1.604003730862921,1.5167471322951603e-14,2.9528489809096063,-0.20952960283489214,2.9999999997571747,-1.9999998258308762,0,4.281165640066869,1.5167471322951603e-14,-0.09388846723187493,1.6581710380236387,-2.9999999997571747,1.9999998258308762,1,6.499519281375622,1.5041122203856723e-14,-0.00010288255135599194,-8.603998207949659e-05,-3.000000000241811,-1.9999998265578312,0
3.16,0.011554874870580439,1.278998475176681e-14,2.956168538945592,1.8544371174955758,3.0000000002229825,1.999999840062763,1,1.602237723545874,1.289742371442391e-14,2.9529320608116794,-0.21051402458909657,2.9999999997760822,-1.999999839392412,0,4.276744393037372,1.289742371442391e-14,-0.09480132600718663,1.6633853082452517,-2.9999999997760822,1.999999839392412,1,6.499519287232763,1.278998475176681e-14,-0.00010288142293296344,-8.603874603273486e-05,-3.0000000002229825,-1.999999840062763,0
3.1700000000000004,0.01089519054793945,1.0875764934319322e-14,2.955327188523409,1.8593062865275927,3.00000000020562,1.9999998525161446,1,1.6005127285773324,1.0967123900246806e-14,2.953006970984092,-0.21147627570150063,2.9999999997935176,-1.9999998518979907,0,4.27245931266043,1.0967123900246806e-14,-0.0956981163840793,1.6684141225174434,-2.9999999997935176,1.9999998518979907,1,6.499519293024985,1.0875764934319322e-14,-0.00010288029826827137,-8.603753680881798e-05,-3.00000000020562,-1.9999998525161446,0
3.18,0.01028121113358982,9.248037896826614e-15,2.95450648845201,1.864011902453882,3.000000000189609,1.9999998639998535,1,1.5988278919736634,9.325723559786408e-15,2.953073870777649,-0.21241679288947957,2.999999999809595,-1.9999998634298317,0,4.268305687335349,9.325723559786408e-15,-0.09657892173230742,1.6732624647495071,-2.999999999809595,1.9999998634298317,1,6.4995192987639605,9.248037896826614e-15,-0.00010287917404819113,-8.603635354204351e-05,-3.000000000189609,-1.9999998639998535,0
3.19,0.009709962403571437,7.863925488665073e-15,2.9537062893728585,1.8685586930850375,3.0000000001748455,1.9999998745893928,1,1.5971823348491547,7.929984258912142e-15,2.9531328080031045,-0.21333603159054132,2.999999999824421,-1.9999998740637555,0,4.264278973458698,7.929984258912142e-15,-0.09744383731893387,1.677935302463059,-2.999999999824421,1.9999998740637555,1,6.499519304443818,7.863925488665073e-15,-0.00010287805283710948,-8.603519532241453e-05,-3.0000000001748455,-1.9999998745893928,0
3.2,0.009178627580980755,6.686966936533046e-15,2.9529263914106707,1.872951463855973,3.000000000161232,1.9999998843543867,1,1.5955752026068728,6.743138953788733e-15,2.953183918797073,-0.2142344331479155,2.999999999838093,-1.999999883869678,0,4.260374799626364,6.743138953788733e-15,-0.09829299020314754,1.6824373627950888,-2.999999999838093,1.999999883869678,1,6.499519310079156,6.686966936533046e-15,-0.0001028769325790733,-8.603405793394194e-05,-3.000000000161232,-1.9999998843543867,0
3.21,0.008684570756074025,5.6861584471412095e-15,2.952166567164501,1.8771948526513653,3.0000000001486775,1.999999893359038,1,1.5940056253872488,5.733923458372228e-15,2.953227335738381,-0.21511244929761272,2.999999999850699,-1.9999998929120706,0,4.256588959479181,5.733923458372228e-15,-0.0991265061365746,1.6867734181794827,-2.999999999850699,1.9999998929120706,1,6.499519315663694,5.6861584471412095e-15,-0.00010287581316582349,-8.603294467932621e-05,-3.0000000001486775,-1.999999893359038,0
3.22,0.008225305153102536,4.835136539975011e-15,2.951426636662487,1.8812934766734069,3.0000000001371014,1.999999901662549,1,1.592472729561657,4.875752767385185e-15,2.95326312560296,-0.21597053732431054,2.999999999862325,-1.9999999012503844,0,4.252917412753636,4.875752767385185e-15,-0.09994452542837726,1.6909481112912756,-2.999999999862325,1.9999999012503844,1,6.499519321193937,4.835136539975011e-15,-0.00010287469603564514,-8.603185514920295e-05,-3.0000000001371014,-1.999999901662549,0
3.23,0.007798533389595115,4.111483263180388e-15,2.9507064159265175,1.8852515387973297,3.000000000126426,1.999999909319514,1,1.5909756701876334,4.146020628469351e-15,2.953291345921401,-0.2168091403303366,2.9999999998730447,-1.9999999089394425,0,4.249356193970695,4.146020628469351e-15,-0.10074718621845419,1.6949663793592935,-2.9999999998730447,1.9999999089394425,1,6.499519326667707,4.111483263180388e-15,-0.00010287358225879008,-8.603078882610683e-05,-3.000000000126426,-1.999999909319514,0
3.24,0.007402071449774895,3.49613595655384e-15,2.9500057263203288,1.8890733778626974,3.000000000116582,1.9999999163802755,1,1.5895136055575068,3.5255042938286352e-15,2.9533120393548735,-0.21762870157595599,2.9999999998829296,-1.9999999160297977,0,4.245901528130063,3.5255042938286352e-15,-0.10153464680836258,1.6988328493879155,-2.9999999998829296,1.9999999160297977,1,6.499519332097,3.49613595655384e-15,-0.00010287246839308308,-8.602974487586078e-05,-3.000000000116582,-1.9999999163802755,0
3.25,0.0070338340381264405,2.9728849322025527e-15,2.9493242961455426,1.892763620374855,3.0000000001075042,1.9999999228912566,1,1.5880856970088857,2.997857837580457e-15,2.9533253716926,-0.2184296609198565,2.9999999998920455,-1.9999999225680685,0,4.242549852831788,2.997857837580457e-15,-0.1023070936335263,1.7025516413610684,-2.9999999998920455,1.9999999225680685,1,6.499519337476496,2.9728849322025527e-15,-0.00010287135652790346,-8.602872282410096e-05,-3.0000000001075042,-1.9999999228912566,0
3.2600000000000002,0.006691907142449655,2.5279465511178386e-15,2.9486618767081065,1.896326419075226,3.000000000099134,1.9999999288952655,1,1.5866910824835172,2.5491818747924256e-15,2.95333143762726,-0.21921247470308908,2.999999999900452,-1.999999928597242,0,4.23929769266102,2.5491818747924256e-15,-0.10306469319399153,1.7061272154437974,-2.999999999900452,1.999999928597242,1,6.499519342810569,2.5279465511178386e-15,-0.0001028702456573207,-8.602772199389327e-05,-3.000000000099134,-1.9999999288952655,0
3.27,0.00637451735578654,2.1496000585541083e-15,2.9480182253528726,1.8997656255763107,3.0000000000914144,1.9999999344317778,1,1.5853289249797968,2.1676571802284544e-15,2.953330334881346,-0.21997758656883593,2.9999999999082028,-1.9999999341569599,0,4.236141594539244,2.1676571802284544e-15,-0.10380763444062524,1.709564171022099,-2.9999999999082028,1.9999999341569599,1,6.499519348098744,2.1496000585541083e-15,-0.00010286913630273134,-8.602674183911728e-05,-3.0000000000914144,-1.9999999344317778,0
3.2800000000000002,0.006079957838324051,1.827879040220581e-15,2.9473930997689965,1.9030854514289348,3.000000000084296,1.9999999395371935,1,1.5839983922125833,1.843233635541272e-15,2.9533221482905123,-0.22072543923514898,2.9999999999153495,-1.999999939283774,0,4.2330783447389395,1.843233635541272e-15,-0.10453612283399896,1.71286653712131,-2.9999999999153495,1.999999939283774,1,6.499519353349466,1.827879040220581e-15,-0.00010286802617647499,-8.602578156880405e-05,-3.000000000084296,-1.9999999395371935,0
3.29,0.005806658156289656,1.5543085246476573e-15,2.9467862626228314,1.9062897312620808,3.000000000077734,1.9999999442450809,1,1.582698675443167,1.5673650708272368e-15,2.953306976144217,-0.22145646316725281,2.999999999921942,-1.9999999440113936,0,4.230104806640718,1.5673650708272368e-15,-0.10525035611978625,1.716038536880773,-2.999999999921942,1.9999999440113936,1,6.49951935856187,1.5543085246476573e-15,-0.00010286691595855676,-8.602484059597139e-05,-3.000000000077734,-1.9999999442450809,0
3.3000000000000003,0.00555316258166301,1.3216821489822371e-15,2.9461973875268477,1.9093820985986223,3.00000000007168,1.9999999485863913,1,1.581428971186503,1.3327845680653379e-15,2.9532849672904535,-0.2221710858206991,2.999999999928019,-1.9999999483709001,0,4.2272179679963005,1.3327845680653379e-15,-0.10595051944654436,1.7190844609124052,-2.999999999928019,1.9999999483709001,1,6.499519363728318,1.3216821489822371e-15,-0.00010286580827167284,-8.602391880593391e-05,-3.00000000007168,-1.9999999485863913,0
3.31,0.005318081938114708,1.1238718743822686e-15,2.9456262225502563,1.9123663523406953,3.0000000000660987,1.9999999525896701,1,1.5801884951507483,1.1333126449533892e-15,2.9532562065792822,-0.22286972675660677,2.999999999933624,-1.999999952390958,0,4.224414983590798,1.1333126449533892e-15,-0.1066368130837542,1.7220082091509548,-2.999999999933624,1.999999952390958,1,6.4995193688441715,1.1238718743822686e-15,-0.00010286470491545403,-8.602301581805993e-05,-3.0000000000660987,-1.9999999525896701,0
3.3200000000000003,0.005100124702358902,9.556669694225315e-16,2.9450725031140235,1.915246124038137,3.000000000060953,1.9999999562812372,1,1.5789764642517732,9.636948034291953e-16,2.953220798399506,-0.22355280551287793,2.999999999938793,-1.999999956097997,0,4.221693067874701,9.636948034291953e-16,-0.10730945074597492,1.7248136594853423,-2.999999999938793,1.999999956097997,1,6.499519373911493,9.556669694225315e-16,-0.00010286360556165154,-8.602213109294832e-05,-3.000000000060953,-1.9999999562812372,0
3.33,0.004898084718197195,8.126366009661651e-16,2.944535954230939,1.9180249485311422,3.0000000000562053,1.999999959685362,1,1.5777921062250755,8.19462932992184e-16,2.9531788566839428,-0.2242207364121159,2.9999999999435576,-1.99999995951639,0,4.219049509946607,8.19462932992184e-16,-0.10796865909471492,1.7275045998281962,-2.9999999999435576,1.99999995951639,1,6.499519378931803,8.126366009661651e-16,-0.00010286251004868691,-8.602126411408169e-05,-3.0000000000562053,-1.999999959685362,0
3.3400000000000003,0.004710838451728622,6.910129017062597e-16,2.9440163520357636,1.9207061915148875,3.0000000000518297,1.9999999628244285,1,1.5766346794247952,6.968175607239691e-16,2.9531304476861244,-0.22487391886787747,2.9999999999479527,-1.9999999626686136,0,4.216481730582631,6.968175607239691e-16,-0.10861465008442683,1.7300847920941433,-2.9999999999479527,1.9999999626686136,1,6.499519383905993,6.910129017062597e-16,-0.00010286141841230355,-8.602041438106574e-05,-3.0000000000518297,-1.9999999628244285,0
3.35,0.004537340597498119,5.875920891838341e-16,2.943513395385727,1.92329312485737,3.0000000000477938,1.999999965719074,1,1.5755034256676368,5.925279868258401e-16,2.9530756776779596,-0.22551276158156314,2.9999999999520055,-1.9999999655753915,0,4.213987232690587,5.925279868258401e-16,-0.10924763958868164,1.7325579386903331,-2.9999999999520055,1.9999999655753915,1,6.499519388833914,5.875920891838341e-16,-0.00010286033103205841,-8.601958139882855e-05,-3.0000000000477938,-1.999999965719074,0
3.3600000000000003,0.0043766062335357896,4.996498026463162e-16,2.9430268309886154,1.9257890137521958,3.0000000000440727,1.9999999683883303,1,1.574397626751565,5.038469733988959e-16,2.9530146396586328,-0.22613765206633862,2.9999999999557425,-1.9999999682558354,0,4.211563624563128,5.038469733988959e-16,-0.10986785165423962,1.734927530240172,-2.9999999999557425,1.9999999682558354,1,6.499519393722233,4.996498026463162e-16,-0.00010285924613327011,-8.601876449651689e-05,-3.0000000000440727,-1.9999999683883303,0
3.37,0.004227727975049693,4.248694278878091e-16,2.9425563455751442,1.9281969184754781,3.0000000000406417,1.9999999708497478,1,1.5733165710473016,4.284384258375704e-16,2.9529474852737687,-0.226748973508674,2.9999999999591895,-1.9999999707275695,0,4.209208564126394,4.284384258375704e-16,-0.11047551313585494,1.737197092738139,-2.9999999999591895,1.9999999707275695,1,6.499519398580689,4.248694278878091e-16,-0.00010285816095932566,-8.60179629396288e-05,-3.0000000000406417,-1.9999999708497478,0
3.3800000000000003,0.004089844260094438,3.6128112281071014e-16,2.9421016850991486,1.9305199765988041,3.0000000000374762,1.9999999731195082,1,1.572259553596585,3.643159657162508e-16,2.9528742834895,-0.22734710841729028,2.9999999999623665,-1.9999999730068432,0,4.206919848328609,3.643159657162508e-16,-0.11107084882684362,1.7393698863155596,-2.9999999999623665,1.9999999730068432,1,6.4995194034050225,3.6128112281071014e-16,-0.00010285707710699319,-8.601717646110167e-05,-3.0000000000374762,-1.9999999731195082,0
3.39,0.003962159808563164,3.072097959310193e-16,2.941662595061368,1.9327611213496803,3.000000000034558,1.9999999752125355,1,1.571225899359791,3.097904282197613e-16,2.952795129894577,-0.22793242257584548,2.999999999965296,-1.999999975108643,0,4.204695314237209,3.097904282197613e-16,-0.11165408820377032,1.741449188196162,-2.999999999965296,1.999999975108643,1,6.499519408189247,3.072097959310193e-16,-0.00010285599671062661,-8.601640485554974e-05,-3.000000000034558,-1.9999999752125355,0
3.4000000000000004,0.0038439299307180498,2.612310826553339e-16,2.9412388821879647,1.9349231923423083,3.0000000000318687,1.999999977142591,1,1.5702149394639013,2.6342548251247963e-16,2.9527100340339407,-0.22850528139462656,2.999999999968,-1.999999977046788,0,4.2025328788834315,2.6342548251247963e-16,-0.11222545912921757,1.7434381967918702,-2.999999999968,1.999999977046788,1,6.4995194129361025,2.612310826553339e-16,-0.00010285491922752488,-8.601564756407912e-05,-3.0000000000318687,-1.999999977142591,0
3.41,0.003734469928921861,2.221337985027941e-16,2.9408301187333645,1.9370090085112484,3.000000000029387,1.9999999789223641,1,1.5692259964284359,2.2399976822839485e-16,2.9526192395314714,-0.22906604968048122,2.999999999970492,-1.999999978834021,0,4.20043060381824,2.2399976822839485e-16,-0.11278516990434634,1.7453399667945442,-2.999999999970492,1.999999978834021,1,6.4995194176405064,2.221337985027941e-16,-0.00010285384651486313,-8.60149043437245e-05,-3.000000000029387,-1.9999999789223641,0
3.4200000000000004,0.003633148947515679,1.8888804502082865e-16,2.9404360026155847,1.9390210847044593,3.000000000027098,1.999999980563556,1,1.5682584293983064,1.9047474006795854e-16,2.9525229075526886,-0.22961507448539234,2.9999999999727884,-1.9999999804820918,0,4.198386454187294,1.9047474006795854e-16,-0.11333346783542217,1.7471576766925265,-2.9999999999727884,1.9999999804820918,1,6.499519422304196,1.8888804502082865e-16,-0.0001028527782754961,-8.601417477132828e-05,-3.000000000027098,-1.999999980563556,0
3.43,0.0035393562560645225,1.606179925651601e-16,2.940056225439019,1.9409622459479419,3.000000000024988,1.99999998207696,1,1.567311593937099,1.6196721782088717e-16,2.9524211425249733,-0.23015270709714358,2.999999999974907,-1.9999999820018388,0,4.1963986784713985,1.6196721782088717e-16,-0.11387055980421318,1.7488940236116421,-2.999999999974907,1.9999999820018388,1,6.499519426932022,1.606179925651601e-16,-0.00010285171322263844,-8.601345835289898e-05,-3.000000000024988,-1.99999998207696,0
3.44,0.0034525295018670915,1.3657901253147984e-16,2.939690637449388,1.9428349775433174,3.000000000023043,1.999999983472523,1,1.5663849030775177,1.3772630781709908e-16,2.9523139570250176,-0.23067926947644024,2.999999999976861,-1.999999983403251,0,4.194465460639502,1.3772630781709908e-16,-0.11439667666280118,1.7505518458189815,-2.999999999976861,1.999999983403251,1,6.499519431528425,1.3657901253147984e-16,-0.0001028506502459269,-8.601275453104934e-05,-3.000000000023043,-1.999999983472523,0
3.45,0.0033721626928372903,1.1613785019395816e-16,2.939338858281677,1.944641610652909,3.0000000000212483,1.999999984759421,1,1.5654777271823896,1.171134336036538e-16,2.9522015496437843,-0.23119510332305915,2.999999999978663,-1.9999999846955427,0,4.192585022234613,1.171134336036538e-16,-0.11491204624684956,1.7521340209353355,-2.999999999978663,1.9999999846955427,1,6.499519436090548,1.1613785019395816e-16,-0.00010284959047246116,-8.601206304585738e-05,-3.0000000000212483,-1.999999984759421,0
3.46,0.003297774265745554,9.875600176041392e-17,2.9390006146705216,1.9463844843266715,3.000000000019593,1.9999999859461173,1,1.5645894587986757,9.958557431395621e-17,2.952083982854809,-0.2317005420748744,2.9999999999803233,-1.9999999858872128,0,4.190755745722615,9.958557431395621e-17,-0.11541686784524494,1.7536432563669284,-2.9999999999803233,1.9999999858872128,1,6.499519440622134,9.875600176041392e-17,-0.00010284853300093347,-8.60113833764644e-05,-3.000000000019593,-1.9999999859461173,0
3.47,0.003228915947262512,8.397563331858751e-17,2.9386756703104107,1.9480658254841037,3.0000000000180678,1.9999999870404113,1,1.5637195355052693,8.468104734927468e-17,2.9519613497286246,-0.23219589346255814,2.999999999981856,-1.9999999869860934,0,4.188975947401599,8.468104734927468e-17,-0.11591138109258697,1.7550821911499128,-2.999999999981856,1.9999999869860934,1,6.49951944511886,8.397563331858751e-17,-0.00010284747938969716,-8.601071534707419e-05,-3.0000000000180678,-1.9999999870404113,0
3.48,0.0031651605210860543,7.140737893328169e-17,2.9383638331720277,1.9496879340423545,3.000000000016662,1.9999999880494987,1,1.562867426366478,7.200721572075992e-17,2.95183369782853,-0.2326814491812511,2.99999999998327,-1.9999999879994104,0,4.18724409203242,7.200721572075992e-17,-0.11639580599918964,1.7564532151602537,-2.99999999998327,1.9999999879994104,1,6.499519449579928,7.140737893328169e-17,-0.00010284643012350479,-8.601005863013148e-05,-3.000000000016662,-1.9999999880494987,0
3.49,0.003106123714768063,6.072015189768616e-17,2.9380647677185436,1.951252954635402,3.000000000015364,1.999999988980015,1,1.562032578463101,6.123021980249809e-17,2.9517011861088696,-0.23315751083948855,2.999999999984572,-1.9999999889338262,0,4.1855587065504585,6.123021980249809e-17,-0.11687034732735857,1.7577587587122065,-2.999999999984572,1.9999999889338262,1,6.499519454009332,6.072015189768616e-17,-0.00010284538418944234,-8.600941274790661e-05,-3.000000000015364,-1.999999988980015,0
3.5,0.0030514375001588507,5.1632440725467345e-17,2.9377782623036106,1.9527630403353538,3.0000000000141687,1.999999989838077,1,1.561214442475524,5.2066166763569454e-17,2.9515638569145777,-0.23362438168036964,2.9999999999857736,-1.9999999897954848,0,4.183918349618527,5.2066166763569454e-17,-0.11733522389248746,1.7590010626038393,-2.9999999999857736,1.9999999897954848,1,6.499519458409037,5.1632440725467345e-17,-0.00010284434120421605,-8.60087772921253e-05,-3.0000000000141687,-1.999999989838077,0
3.5100000000000002,0.0030007816382368706,4.3904840699740256e-17,2.9375040900737988,1.9542198239521746,3.000000000013066,1.999999990629327,1,1.560412511762546,4.4273652343982626e-17,2.9514217851385878,-0.23408234037768044,2.9999999999868825,-1.9999999905900514,0,4.182321493571771,4.4273652343982626e-17,-0.11779065754251769,1.760182791705122,-2.9999999999868825,1.9999999905900514,1,6.499519462776494,4.3904840699740256e-17,-0.0001028433021420933,-8.600815207676312e-05,-3.000000000013066,-1.999999990629327,0
3.52,0.0029538371264453724,3.7333800142498614e-17,2.9372419549627935,1.9556254348077786,3.0000000000120473,1.9999999913589668,1,1.5596263091239833,3.7647414924551176e-17,2.95127510265377,-0.23453164779807895,2.999999999987902,-1.999999991322749,0,4.180766887077747,3.7647414924551176e-17,-0.11823683788020432,1.761305945602303,-2.999999999987902,1.999999991322749,1,6.49951946711755,3.7333800142498614e-17,-0.00010284226541148713,-8.600753656429808e-05,-3.0000000000120473,-1.9999999913589668,0
3.5300000000000002,0.0029103182294606088,3.174621942314671e-17,2.9369915408217118,1.956981741889063,3.0000000000111084,1.9999999920317935,1,1.5588553249357753,3.2012894110622214e-17,2.9511239643242595,-0.23497258293017614,2.9999999999888436,-1.9999999919983962,0,4.179253223420485,3.2012894110622214e-17,-0.11867397017732541,1.7623726516007205,-2.9999999999888436,1.9999999919983962,1,6.4995194714347635,3.174621942314671e-17,-0.00010284123041897375,-8.600693036740046e-05,-3.0000000000111084,-1.9999999920317935,0
3.54,0.0028699659036084905,2.699490101563443e-17,2.9367525500485527,1.9582903862178496,3.0000000000102434,1.9999999926522318,1,1.5580990499390182,2.72216659677909e-17,2.9509684908018654,-0.23540542588848762,2.9999999999897122,-1.9999999926214347,0,4.177779150426435,2.72216659677909e-17,-0.1191022721570642,1.763385159885776,-2.9999999999897122,1.9999999926214347,1,6.4995194757209,2.699490101563443e-17,-0.00010284019957678697,-8.60063334839854e-05,-3.0000000000102434,-1.9999999926522318,0
3.5500000000000003,0.002832524962773919,2.2954692143859353e-17,2.9365248143446467,1.9595531122140866,3.0000000000094458,1.9999999932243602,1,1.5573570546641047,2.3147517591894278e-17,2.9508087199895776,-0.23583041424608348,2.9999999999905134,-1.9999999931959611,0,4.176343424835648,2.3147517591894278e-17,-0.11952195277768349,1.7643454453196235,-2.9999999999905134,1.9999999931959611,1,6.49951947998117,2.2954692143859353e-17,-0.00010283917146217937,-8.600574544272401e-05,-3.0000000000094458,-1.9999999932243602,0
3.56,0.002797756687545594,1.951916664913534e-17,2.936308153809331,1.9607716670770303,3.0000000000087117,1.9999999937519397,1,1.5566289211596753,1.968313369581806e-17,2.950644687667863,-0.2362477794588186,2.9999999999912528,-1.9999999937257518,0,4.17494488214442,1.968313369581806e-17,-0.11993320972946658,1.7652553560363347,-2.9999999999912528,1.9999999937257518,1,6.499519484211468,1.951916664913534e-17,-0.00010283814751310249,-8.600516613950718e-05,-3.0000000000087117,-1.9999999937519397,0
3.5700000000000003,0.0027654527162354163,1.6597822316693586e-17,2.9361021917208654,1.9619477263544767,3.0000000000080327,1.9999999942384394,1,1.555914181122952,1.6737248267722346e-17,2.95047659645276,-0.2366577771892941,2.9999999999919336,-1.9999999942142908,0,4.173582405011431,1.6737248267722346e-17,-0.120336231731277,1.7661167134161988,-2.9999999999919336,1.9999999942142908,1,6.4995194884120835,1.6597822316693586e-17,-0.00010283712781608808,-8.600459530053384e-05,-3.0000000000080327,-1.9999999942384394,0
3.58,0.002735413092476597,1.4113700698496096e-17,2.9359067563845267,1.9630827640823316,3.000000000007407,1.9999999946870586,1,1.5552124226481163,1.423225963120432e-17,2.9503044843932744,-0.23706063603287414,2.999999999992561,-1.9999999946647902,0,4.172254844409258,1.423225963120432e-17,-0.12073121841225096,1.7669314002429415,-2.999999999992561,1.9999999946647902,1,6.499519492583405,1.4113700698496096e-17,-0.00010283611242234102,-8.600403265402647e-05,-3.000000000007407,-1.9999999946870586,0
3.5900000000000003,0.0027074558707998854,1.2001362235370766e-17,2.9357215612067593,1.9641783019958101,3.0000000000068305,1.9999999951007472,1,1.554523228317714,1.2102175694640214e-17,2.950128512136353,-0.2374565845535338,2.999999999993141,-1.999999995080213,0,4.170961077533477,1.2102175694640214e-17,-0.12111837846054427,1.7677011316658908,-2.999999999993141,1.999999995080213,1,6.499519496725281,1.2001362235370766e-17,-0.00010283510155077852,-8.600347794766297e-05,-3.0000000000068305,-1.9999999951007472,0
3.6,0.0026814137205944163,1.0205176534070023e-17,2.9355463803272257,1.9652356741433665,3.0000000000062976,1.9999999954822225,1,1.553846205776718,1.0290902455531295e-17,2.949948750588047,-0.2378458398920547,2.999999999993674,-1.999999995463287,0,4.169700058762975,1.0290902455531295e-17,-0.12149788932121788,1.7684277297607829,-2.999999999993674,1.999999995463287,1,6.499519500838299,1.0205176534070023e-17,-0.00010283409517606686,-8.600293092540665e-05,-3.0000000000062976,-1.9999999954822225,0
3.6100000000000003,0.002657120730503048,8.67781332455299e-18,2.935381065365906,1.9662563376652624,3.0000000000058082,1.9999999958339956,1,1.5531809889284256,8.750710974679423e-18,2.9497651983811117,-0.23822860661118625,2.999999999994167,-1.999999995816534,0,4.168470815669688,8.750710974679423e-18,-0.12186992758637674,1.7691127599720398,-2.999999999994167,1.999999995816534,1,6.499519504923142,8.67781332455299e-18,-0.00010283309324017414,-8.600239133264138e-05,-3.0000000000058082,-1.9999999958339956,0
3.62,0.0026344304806601585,7.3790412304829e-18,2.9352253642057393,1.9672416801553987,3.0000000000053557,1.9999999961583788,1,1.5525272063736915,7.441027953538411e-18,2.9495779696763584,-0.23860508925300217,2.999999999994621,-1.999999996142277,0,4.167272387078346,7.441027953538411e-18,-0.12223467194797714,1.7697577562254838,-2.999999999994621,1.999999996142277,1,6.499519508983921,7.3790412304829e-18,-0.0001028320946247316,-8.600185879236821e-05,-3.0000000000053557,-1.9999999961583788,0
3.6300000000000003,0.0026132128264306194,6.274652204512108e-18,2.935079018131904,1.9681928975519054,3.0000000000049396,1.9999999964575037,1,1.5518844918811547,6.327361954379674e-18,2.9493871903807483,-0.23897548930608165,2.999999999995041,-1.9999999964426556,0,4.166103789675117,6.327361954379674e-18,-0.12259230409365285,1.7703643518763659,-2.999999999995041,1.9999999964426556,1,6.499519513019593,6.274652204512108e-18,-0.0001028310997923709,-8.60013331305068e-05,-3.0000000000049396,-1.9999999964575037,0
3.64,0.0025933411780635985,5.335553754366065e-18,2.9349418663379097,1.9691111411584568,3.0000000000045546,1.999999996733337,1,1.5512525157505113,5.3803752438950174e-18,2.9491928917384334,-0.2393399904436065,2.9999999999954268,-1.999999996719645,0,4.164964058462653,5.3803752438950174e-18,-0.12294300689691703,1.7709341244053278,-2.9999999999954268,1.999999996719645,1,6.499519517034298,5.335553754366065e-18,-0.00010283010760612004,-8.600081398432717e-05,-3.0000000000045546,-1.999999996733337,0
3.6500000000000004,0.0025747061983779867,4.5370070962991915e-18,2.9348135611508566,1.969997656976115,3.000000000004199,1.9999999969876925,1,1.5506309203117208,4.575121322983028e-18,2.9489952690976997,-0.23969878769313324,2.9999999999957816,-1.9999999969750661,0,4.163852309734841,4.575121322983028e-18,-0.12328695146267873,1.7714684795377376,-2.9999999999957816,1.9999999969750661,1,6.499519521027927,4.5370070962991915e-18,-0.00010282911822518576,-8.600030116846628e-05,-3.000000000004199,-1.9999999969876925,0
3.66,0.0025571930236768384,3.857971150656279e-18,2.934693953408397,1.970853708195912,3.000000000003873,1.9999999972222442,1,1.5500194003960284,3.890380768384621e-18,2.948794340290109,-0.2400520515635322,2.999999999996111,-1.999999997210601,0,4.162767733860199,3.890380768384621e-18,-0.12362429739025405,1.7719686750538686,-2.999999999996111,1.999999997210601,1,6.49951952499951,3.857971150656279e-18,-0.00010282813207690644,-8.59997945272677e-05,-3.000000000003873,-1.9999999972222442,0
3.6700000000000004,0.0025407003597903905,3.2805681907651124e-18,2.934582930533878,1.9716802587927542,3.0000000000035714,1.999999997438531,1,1.549417659875479,3.3081254353157485e-18,2.948590108191465,-0.24039994806342635,2.9999999999964144,-1.999999997427795,0,4.161709404832286,3.3081254353157485e-18,-0.1239552297264231,1.772436186869307,-2.9999999999964144,1.999999997427795,1,6.499519528949848,3.2805681907651124e-18,-0.0001028271490380183,-8.599929384431071e-05,-3.0000000000035714,-1.999999997438531,0
3.68,0.002525136918020757,2.7895797069465245e-18,2.9344802340743663,1.9724784791646304,3.0000000000032947,1.9999999976379779,1,1.5488254026578399,2.8130140111299103e-18,2.9483826971932885,-0.24074263981456082,2.9999999999966946,-1.9999999976280773,0,4.160676555303816,2.8130140111299103e-18,-0.12427990287822985,1.772872208619045,-2.9999999999966946,1.9999999976280773,1,6.499519532878571,2.7895797069465245e-18,-0.00010282616934385977,-8.599879895223167e-05,-3.0000000000032947,-1.9999999976379779,0
3.6900000000000004,0.0025104216786935173,2.3720739266938958e-18,2.9343856138003614,1.9732493798009894,3.000000000003039,1.9999999978218956,1,1.5482423220235426,2.3919998454126084e-18,2.94817222191688,-0.24108029590147245,2.999999999996953,-1.9999999978127665,0,4.159668386857516,2.3919998454126084e-18,-0.12459847749059669,1.7732780159189776,-2.999999999996953,1.9999999978127665,1,6.499519536781799,2.3720739266938958e-18,-0.00010282519430747334,-8.599830982150756e-05,-3.000000000003039,-1.9999999978218956,0
3.7,0.0024964704903562896,2.0170561737992105e-18,2.9342989806130175,1.9739939039411154,3.0000000000028026,1.999999997991492,1,1.5476681666615193,2.0340013498071993e-18,2.947958655190119,-0.24141305823299783,2.9999999999971902,-1.999999997983073,0,4.158684138919387,2.0340013498071993e-18,-0.12491110546493181,1.7736548512561094,-2.9999999999971902,1.999999997983073,1,6.49951954066248,2.0170561737992105e-18,-0.00010282422313274097,-8.599782617256779e-05,-3.0000000000028026,-1.999999997991492,0
3.71,0.0024832129048342447,1.7151734986626664e-18,2.9342201146647597,1.9747129975095676,3.0000000000025846,1.9999999981478822,1,1.5471026733680588,1.7295802127053308e-18,2.947742108480654,-0.24174107153978316,2.99999999999741,-1.99999999814012,0,4.157723062153168,1.7295802127053308e-18,-0.12521794242001827,1.7740038811781496,-2.99999999999741,1.99999999814012,1,6.499519544524107,1.7151734986626664e-18,-0.00010282325483875081,-8.59973477300478e-05,-3.0000000000025846,-1.9999999981478822,0
3.72,0.0024705836177813714,1.4584713241680438e-18,2.934148798153191,1.9754075936335305,3.000000000002383,1.9999999982920957,1,1.546545572783602,1.470724131481789e-18,2.9475226587468097,-0.2420644851923036,2.99999999999761,-1.9999999982849366,0,4.156784469244519,1.470724131481789e-18,-0.12551912770999246,1.7743262236592046,-2.99999999999761,1.9999999982849366,1,6.499519548369558,1.4584713241680438e-18,-0.00010282228864597588,-8.59968742233196e-05,-3.000000000002383,-1.9999999982920957,0
3.73,0.002458519094953772,1.2401885200156514e-18,2.9340848389240537,1.9760786762439952,3.0000000000021956,1.9999999984250802,1,1.5459966149501823,1.2506069840176778e-18,2.9473003853167663,-0.24238343757445102,2.9999999999977947,-1.9999999984184789,0,4.155867695739184,1.2506069840176778e-18,-0.12581480561775704,1.7746228497112515,-2.9999999999977947,1.9999999984184789,1,6.499519552200573,1.2401885200156514e-18,-0.0001028213241417818,-8.59964054028189e-05,-3.0000000000021956,-1.9999999984250802,0
3.74,0.0024469618692399124,1.0545746224399068e-18,2.9340280452884064,1.9767271632581829,3.0000000000020246,1.9999999985477104,1,1.545455550861182,1.0634334439292258e-18,2.9470753671771,-0.24269806664792923,2.9999999999979665,-1.9999999985416232,0,4.154972090288167,1.0634334439292258e-18,-0.12610511746529757,1.7748947252568688,-2.9999999999979665,1.9999999985416232,1,6.499519556020533,1.0545746224399068e-18,-0.00010282036041842825,-8.599594093809707e-05,-3.0000000000020246,-1.9999999985477104,0
3.75,0.0024358624549499137,8.967405790234805e-19,2.9339782249780795,1.9773538053339035,3.0000000000018647,1.9999999986607921,1,1.5449221341015773,9.042749117629439e-19,2.9468476823530385,-0.24300850903258175,2.999999999998122,-1.999999998655178,0,4.154096970278461,9.042749117629439e-19,-0.1263902077670593,1.775142928641598,-2.999999999998122,1.999999998655178,1,6.499519559822731,8.967405790234805e-19,-0.00010281939957143478,-8.59954810408763e-05,-3.0000000000018647,-1.9999999986607921,0
3.7600000000000002,0.002425175959548703,7.625288267566589e-19,2.9339351398363407,1.9779594425965779,3.0000000000017217,1.999999998765069,1,1.5443961289884376,7.689351666353589e-19,2.9466174630375233,-0.24331489369200696,2.9999999999982703,-1.9999999987598922,0,4.1532417052755575,7.689351666353589e-19,-0.12667021653035976,1.7753683771651367,-2.9999999999982703,1.9999999987598922,1,6.499519563613492,7.625288267566589e-19,-0.00010281843977894716,-8.599502527887594e-05,-3.0000000000017217,-1.999999998765069,0
3.77,0.002414852454437745,6.484063508787552e-19,2.9338986768832425,1.9785449308766085,3.000000000001586,1.9999999988612243,1,1.5438773092920486,6.538527069504772e-19,2.9463847059121004,-0.24361734840497656,2.9999999999984044,-1.9999999988564516,0,4.152405712829294,6.538527069504772e-19,-0.12694527551340215,1.7755718917697112,-2.9999999999984044,1.9999999988564516,1,6.499519567388919,6.484063508787552e-19,-0.00010281748232138357,-8.599457368339933e-05,-3.000000000001586,-1.9999999988612243,0
3.7800000000000002,0.002404854502794063,5.51361676356571e-19,2.933868653179578,1.9791109125784496,3.0000000000014615,1.9999999989498947,1,1.5433654653840043,5.559928099054709e-19,2.946149490337424,-0.24391598908905018,2.999999999998528,-1.9999999989454937,0,4.1515884034399235,5.559928099054709e-19,-0.1272155063264703,1.775754465398376,-2.999999999998528,1.9999999989454937,1,6.49951957114479,5.51361676356571e-19,-0.00010281652855068237,-8.599412633606484e-05,-3.0000000000014615,-1.9999999989498947,0
3.79,0.0023951428081402317,4.688410828494681e-19,2.9338449053130295,1.979658194199176,3.0000000000013474,1.999999999031661,1,1.542860390548342,4.727793670906866e-19,2.945911888821528,-0.2442109302863772,2.999999999998642,-1.9999999990276025,0,4.1507892355663465,4.727793670906866e-19,-0.12748103421932683,1.7759168405189167,-2.999999999998642,1.9999999990276025,1,6.499519574886632,4.688410828494681e-19,-0.00010281557685008094,-8.599368289819942e-05,-3.0000000000013474,-1.999999999031661,0
3.8000000000000003,0.0023856886877818874,3.986722393305123e-19,2.9338272282304936,1.9801873360724866,3.000000000001243,1.9999999991070594,1,1.5423618580666683,4.020213383304541e-19,2.9456720113119026,-0.24450229684615019,2.999999999998748,-1.9999999991033166,0,4.150007571538829,4.020213383304541e-19,-0.12774200182448125,1.7760599745592103,-2.999999999998748,1.9999999991033166,1,6.499519578613878,3.986722393305123e-19,-0.0001028146274828857,-8.599324325790934e-05,-3.000000000001243,-1.9999999991070594,0
3.81,0.002376449823706811,3.3900523471799744e-19,2.9338156391910517,1.9806989629365526,3.000000000001145,1.9999999991765869,1,1.5418697044252798,3.41852814602076e-19,2.945429748814407,-0.24479018446907586,2.9999999999988445,-1.9999999991731359,0,4.14924284315702,3.41852814602076e-19,-0.1279985395561403,1.7761846798756227,-2.9999999999988445,1.9999999991731359,1,6.499519582330157,3.3900523471799744e-19,-0.00010281367941595814,-8.599280715188445e-05,-3.000000000001145,-1.9999999991765869,0
3.8200000000000003,0.0023674039548395244,2.88267082939191e-19,2.9338098656228104,1.9811937770722392,3.0000000000010556,1.9999999992407023,1,1.5413837417615202,2.906891811651905e-19,2.945185271834874,-0.2450746941538442,2.9999999999989337,-1.999999999237519,0,4.148494598775685,2.906891811651905e-19,-0.12825074596508934,1.7762916642114042,-2.9999999999989337,1.999999999237519,1,6.499519586029249,2.88267082939191e-19,-0.00010281273466043018,-8.599237467149156e-05,-3.0000000000010556,-1.9999999992407023,0
3.83,0.002358511509163939,2.4512378767665695e-19,2.933809917454428,1.981672534519518,3.0000000000009743,1.9999999992998239,1,1.54090382945544,2.47183109445037e-19,2.944938481209038,-0.24535590843632543,2.9999999999990177,-1.9999999992968889,0,4.147762408412274,2.47183109445037e-19,-0.12849872427843897,1.776381484769273,-2.9999999999990177,1.9999999992968889,1,6.499519589707505,2.4512378767665695e-19,-0.00010281179439151194,-8.599194588054087e-05,-3.0000000000009743,-1.9999999992998239,0
3.8400000000000003,0.0023497496438194265,2.084373690893638e-19,2.933815647459939,1.98213576851662,3.0000000000008993,1.9999999993543423,1,1.5404297529346171,2.1018779043306883e-19,2.9446894173580738,-0.24563394774150843,2.9999999999990954,-1.9999999993516369,0,4.147045725404272,2.1018779043306883e-19,-0.12874260255256723,1.7764549074304266,-2.9999999999990954,1.9999999993516369,1,6.499519593367526,2.084373690893638e-19,-0.00010281085785337238,-8.599152061018408e-05,-3.0000000000008993,-1.9999999993543423,0
3.85,0.002341109556350664,1.7724216832743926e-19,2.933826741678084,1.982583944311001,3.000000000000828,1.9999999994046147,1,1.5399613064144642,1.7872991266145405e-19,2.944438304813213,-0.2459089217327114,2.999999999999165,-1.9999999994021211,0,4.146344021203488,1.7872991266145405e-19,-0.1289824998380641,1.7765127382357468,-2.999999999999165,1.9999999994021211,1,6.499519597009601,1.7724216832743926e-19,-0.00010280992504815012,-8.599109871502292e-05,-3.000000000000828,-1.9999999994046147,0
3.8600000000000003,0.0023325712993551564,1.5071490823899143e-19,2.93384306822825,1.98301756857048,3.000000000000763,1.9999999994509743,1,1.5394983386837522,1.5198028365461163e-19,2.944185205202367,-0.24618091410510556,2.99999999999923,-1.9999999994486743,0,4.145656793361458,1.5198028365461163e-19,-0.1292185353604431,1.7765556691144855,-2.99999999999923,1.9999999994486743,1,6.499519600635528,1.5071490823899143e-19,-0.00010280899550243681,-8.59906800037659e-05,-3.000000000000763,-1.9999999994509743,0
3.87,0.0023241185327508816,1.2815767020975705e-19,2.9338644794496487,1.9834370900190872,3.000000000000702,1.9999999994937245,1,1.5390407098160148,1.2923372148268227e-19,2.943930181817535,-0.24645000210401313,2.999999999999288,-1.9999999994916036,0,4.144983600718895,1.2923372148268227e-19,-0.12945080526209973,1.7765844185662416,-2.999999999999288,1.9999999994916036,1,6.499519604246047,1.2815767020975705e-19,-0.00010280806902331774,-8.599026439769618e-05,-3.000000000000702,-1.9999999994937245,0
3.8800000000000003,0.0023157212121501665,1.0897679709801604e-19,2.9338909912441498,1.983843224776607,3.000000000000647,1.9999999995331454,1,1.5385883240079306,1.0989260895326305e-19,2.9436731482209924,-0.2467162426508005,2.9999999999993423,-1.999999999531188,0,4.144324103218145,1.0989260895326305e-19,-0.12967939879635548,1.77659934480347,-2.9999999999993423,1.999999999531188,1,6.499519607844313,1.0897679709801604e-19,-0.00010280714470343167,-8.598985167908386e-05,-3.000000000000647,-1.9999999995331454,0
3.89,0.0023073655756476294,9.266600670356811e-20,2.9339225034068743,1.9842362569393965,3.000000000000597,1.9999999995694984,1,1.5381410297333336,9.344594627254082e-20,2.9434141412106953,-0.24697972058172002,2.9999999999993916,-1.9999999995676905,0,4.1436777406239615,9.344594627254082e-20,-0.12990444875728796,1.7766012354897285,-2.9999999999993916,1.9999999995676905,1,6.4995196114254,9.266600670356811e-20,-0.00010280622412485707,-8.598944193814116e-05,-3.000000000000597,-1.9999999995694984,0
3.9000000000000004,0.0022990437439248433,7.87968893814648e-20,2.933958802270389,1.9846166424247471,3.00000000000055,1.9999999996030196,1,1.537698663032767,7.946027338991997e-20,2.9431532496058743,-0.24724052618872971,2.999999999999438,-1.999999999601352,0,4.143044117807054,7.946027338991997e-20,-0.13012604415412965,1.7765907048225549,-2.999999999999438,1.999999999601352,1,6.499519614987121,7.87968893814648e-20,-0.00010280530801171965,-8.59890351832885e-05,-3.00000000000055,-1.9999999996030196,0
3.91,0.002290737680183934,6.700418036323075e-20,2.9339998304975374,1.9849849080584208,3.0000000000005067,1.9999999996339288,1,1.5372611361980366,6.756785248461132e-20,2.94289048107924,-0.2474987089178187,2.9999999999994826,-1.9999999996323923,0,4.142422861528767,6.756785248461132e-20,-0.13034428001223583,1.7765681942984843,-2.9999999999994826,1.9999999996323923,1,6.4995196185321795,6.700418036323075e-20,-0.00010280439555186775,-8.598863127972449e-05,-3.0000000000005067,-1.9999999996339288,0
3.9200000000000004,0.0022824450348356362,5.697610215119322e-20,2.9340453461160507,1.9853414291037725,3.0000000000004663,1.9999999996624322,1,1.5368282951325696,5.745472198846602e-20,2.942625984839172,-0.24775435151076375,2.999999999999523,-1.9999999996610174,0,4.141813545962409,5.745472198846602e-20,-0.13055925699310003,1.7765343106943978,-2.999999999999523,1.9999999996610174,1,6.499519622058495,5.697610215119322e-20,-0.00010280348746155162,-8.598823019351614e-05,-3.0000000000004663,-1.9999999996624322,0
3.93,0.0022741615754453925,4.84488529867566e-20,2.934095133646058,1.9856866586095414,3.0000000000004308,1.9999999996887163,1,1.5364000097276098,4.8855989247653e-20,2.9423599007814083,-0.24800752329888964,2.9999999999995604,-1.9999999996874112,0,4.141215813620212,4.8855989247653e-20,-0.13077106226724783,1.776489530183916,-2.9999999999995604,1.9999999996874112,1,6.499519625565367,4.84488529867566e-20,-0.00010280258401358623,-8.598783186604705e-05,-3.0000000000004308,-1.9999999996887163,0
3.9400000000000004,0.002265871039782577,4.119782947397232e-20,2.9341492059509413,1.9860209083745184,3.000000000000398,1.9999999997129538,1,1.5359761880936555,4.1543882965897476e-20,2.942092139505288,-0.248258279345886,2.999999999999596,-1.9999999997117508,0,4.1406292644835725,4.1543882965897476e-20,-0.13097979019341807,1.7764344286600877,-2.999999999999596,1.9999999997117508,1,6.499519629059719,4.119782947397232e-20,-0.00010280168310885883,-8.598743598334891e-05,-3.000000000000398,-1.9999999997129538,0
3.95,0.0022575671174384277,3.5032065157217535e-20,2.9342073939261937,1.9863446998973366,3.0000000000003677,1.999999999735304,1,1.535556722564334,3.532584583280981e-20,2.9418227924397624,-0.24850667781770835,2.9999999999996296,-1.9999999997341964,0,4.140053608529925,3.532584583280981e-20,-0.13118551612327167,1.7763693353787278,-2.9999999999996296,1.9999999997341964,1,6.499519632537794,3.5032065157217535e-20,-0.0001028007859626278,-8.598704260279625e-05,-3.0000000000003677,-1.999999999735304,0
3.9600000000000004,0.002249239071675782,2.9789228517686555e-20,2.934269657064174,1.9866583299062561,3.0000000000003393,1.9999999997559132,1,1.5351415267717163,3.0038299679876795e-20,2.941551853069021,-0.24875276797827106,2.9999999999996607,-1.999999999754895,0,4.139488453409226,3.0038299679876795e-20,-0.13138833689919355,1.776294762822865,-2.9999999999996607,1.999999999754895,1,6.4995196360055685,2.9789228517686555e-20,-0.00010279989074037265,-8.598665148562277e-05,-3.0000000000003393,-1.9999999997559132,0
3.97,0.002240891720142277,2.5331191863120585e-20,2.934335708957671,1.9869621964199147,3.0000000000003135,1.9999999997749172,1,1.5347304554117371,2.5542036881023688e-20,2.941279513860901,-0.24899662612230755,2.99999999999969,-1.9999999997739824,0,4.138933472550486,2.5542036881023688e-20,-0.13158833367164222,1.7762111317059204,-2.99999999999969,1.9999999997739824,1,6.499519639456547,2.5331191863120585e-20,-0.00010279899949351503,-8.598626280429796e-05,-3.0000000000003135,-1.9999999997749172,0
3.98,0.002232524612063977,2.1540335803584294e-20,2.9344053734981244,1.987256601779455,3.0000000000002895,1.9999999997924414,1,1.5343233800921703,2.1719246352917972e-20,2.9410058676252593,-0.24923832217811784,2.999999999999716,-1.9999999997915812,0,4.1383883070259175,2.1719246352917972e-20,-0.13178559426737824,1.7761189226403942,-2.999999999999716,1.9999999997915812,1,6.4995196428879,2.1540335803584294e-20,-0.0001027981131621766,-8.598587656280411e-05,-3.0000000000002895,-1.9999999997924414,0
3.99,0.0022241222511355267,1.8316039833014508e-20,2.9344787039347517,1.9875418996551988,3.0000000000002682,1.999999999808605,1,1.533920266099178,1.8468839339412507e-20,2.940730825941524,-0.24947787868739518,2.999999999999737,-1.9999999998078084,0,4.137852642165069,1.8468839339412507e-20,-0.13198020112863276,1.7760184882362386,-2.999999999999737,1.9999999998078084,1,6.499519646301127,1.8316039833014508e-20,-0.00010279723130233708,-8.598549267743583e-05,-3.0000000000002682,-1.999999999808605,0
4.0,0.0022156839322792395,1.5574496962610748e-20,2.9345555308496447,1.987818484405187,3.000000000000249,1.9999999998235094,1,1.5335210050531194,1.570534637349742e-20,2.940454470810065,-0.24971535456094177,2.999999999999756,-1.9999999998227695,0,4.137326214024232,1.570534637349742e-20,-0.1321722215175318,1.7759101496881797,-2.999999999999756,1.9999999998227695,1,6.49951964969829,1.5574496962610748e-20,-0.0001027963532989624,-8.598511103892191e-05,-3.000000000000249,-1.9999999998235094,0
4.01,0.0022072006170474005,1.3242946324195185e-20,2.9346358453485877,1.9880866242902755,3.0000000000002305,1.9999999998372553,1,1.5331255399001558,1.3355133450304221e-20,2.940176766559386,-0.24995078339464363,2.999999999999772,-1.9999999998365674,0,4.136808709590489,1.3355133450304221e-20,-0.1323617341554271,1.775794301042755,-2.999999999999772,1.9999999998365674,1,6.499519653089354,1.3242946324195185e-20,-0.00010279547617064996,-8.598473113762838e-05,-3.0000000000002305,-1.9999999998372553,0
4.0200000000000005,0.002198666577204324,1.1260452371269563e-20,2.934719584623941,1.988346651865757,3.000000000000215,1.9999999998499305,1,1.532733794170859,1.1356891711082907e-20,2.9398977064337353,-0.2501842089380402,2.9999999999997877,-1.9999999998492892,0,4.13629986422015,1.1356891711082907e-20,-0.13254880701184082,1.7756712584819256,-2.9999999999997877,1.9999999998492892,1,6.499519656464209,1.1260452371269563e-20,-0.00010279460301772398,-8.598435337905636e-05,-3.000000000000215,-1.9999999998499305,0
4.03,0.0021900890048326327,9.574559228285029e-21,2.934806506026849,1.9885988442148186,3.0000000000001994,1.9999999998616198,1,1.5323456504398538,9.657515538549914e-21,2.9396174644053286,-0.25041569215002807,2.9999999999998006,-1.9999999998610216,0,4.135799381782478,9.657515538549914e-21,-0.13273351482676354,1.7755413923074652,-2.9999999999998006,1.9999999998610216,1,6.499519659824305,9.574559228285029e-21,-0.00010279373341963411,-8.598397766776908e-05,-3.0000000000001994,-1.9999999998616198,0
4.04,0.0021814599619338505,8.141228128080547e-21,2.9348965990925047,1.988843516945487,3.0000000000001843,1.9999999998723974,1,1.531961045244605,8.212500936403072e-21,2.939335996321785,-0.25064527063635844,2.999999999999813,-1.99999999987184,0,4.135306999860603,8.212500936403072e-21,-0.13291592803251262,1.7754049778122027,-2.999999999999813,1.99999999987184,1,6.499519663171002,8.141228128080547e-21,-0.00010279286698304463,-8.598360391279864e-05,-3.0000000000001843,-1.9999999998723974,0
4.05,0.0021727853419734656,6.922539266770412e-21,2.9349896709041805,1.9890808519196699,3.00000000000017,1.999999999882335,1,1.531579883959423,6.983654608498686e-21,2.939053435935345,-0.25087299367725746,2.9999999999998246,-1.9999999998818168,0,4.134822426382927,6.983654608498686e-21,-0.13309611636235474,1.775262431379978,-2.9999999999998246,1.9999999998818168,1,6.499519666504467,6.922539266770412e-21,-0.00010279200367719288,-8.598323207874989e-05,-3.00000000000017,-1.999999999882335,0
4.0600000000000005,0.0021640637439624836,5.8863406346455514e-21,2.9350856218890504,1.9893111739468903,3.0000000000001568,1.9999999998914981,1,1.531202101200895,5.938689653758588e-21,2.9387698256289387,-0.2510988969789402,2.999999999999836,-1.9999999998910167,0,4.134345459780842,5.938689653758588e-21,-0.1332741327138636,1.7751139813278027,-2.999999999999836,1.9999999998910167,1,6.499519669823185,5.8863406346455514e-21,-0.00010279114401944006,-8.598286214670872e-05,-3.0000000000001568,-1.9999999998914981,0
4.07,0.002155288313092064,5.005208436857652e-21,2.935184455713011,1.9895347314909992,3.0000000000001443,1.999999999899948,1,1.5308276429659087,5.049918883087706e-21,2.938485117799637,-0.25132301290384307,2.999999999999847,-1.9999999998995022,0,4.133875843906897,5.049918883087706e-21,-0.13345004539266184,1.7749599023408003,-2.999999999999847,1.9999999998995022,1,6.499519673122976,5.005208436857652e-21,-0.0001027902893495741,-8.598249419566722e-05,-3.0000000000001443,-1.999999999899948,0
4.08,0.0021464693949513397,4.2560014467146194e-21,2.9352859125837973,1.9897517962651614,3.0000000000001323,1.9999999999077396,1,1.5304564009435069,4.294150872207964e-21,2.9381995155521654,-0.25154539606856624,2.999999999999857,-1.999999999907327,0,4.133413343268541,4.294150872207964e-21,-0.13362391665345935,1.7748004543609655,-2.999999999999857,1.999999999907327,1,6.499519676405805,4.2560014467146194e-21,-0.00010278943909194724,-8.598212810836213e-05,-3.0000000000001323,-1.9999999999077396,0
4.09,0.0021375995031529256,3.6190222324118986e-21,2.935390013999813,1.989962634042665,3.0000000000001203,1.9999999999149234,1,1.5300883268470695,3.651513133487151e-21,2.9379129442218153,-0.2517660765220988,2.9999999999998663,-1.9999999999145424,0,4.132957770179222,3.651513133487151e-21,-0.1337957957734145,1.7746358501618134,-2.9999999999998663,1.9999999999145424,1,6.499519679675147,3.6190222324118986e-21,-0.00010278859218208281,-8.598176374282403e-05,-3.0000000000001203,-1.9999999999149234,0
4.1000000000000005,0.0021286737840424137,3.0774269639423045e-21,2.9354967615501346,1.9901674114514725,3.00000000000011,1.9999999999215472,1,1.5297233644581183,3.105083796190629e-21,2.937625360908184,-0.2519850877883213,2.9999999999998757,-1.9999999999211955,0,4.13250886675409,3.105083796190629e-21,-0.1339657496201942,1.7744663901808733,-2.9999999999998757,1.9999999999211955,1,6.499519682936318,3.0774269639423045e-21,-0.00010278774833997883,-8.598139886160136e-05,-3.00000000000011,-1.9999999999215472,0
4.11,0.0021196919604769527,2.616841703509634e-21,2.935606078869285,1.9903663692013271,3.000000000000101,1.9999999999276559,1,1.5293614608334773,2.6403810498363172e-21,2.9373367976323213,-0.2522024588826135,2.999999999999884,-1.9999999999273312,0,4.132066449917946,2.6403810498363172e-21,-0.13413382627907333,1.7742922815717925,-2.999999999999884,1.9999999999273312,1,6.499519686185715,2.616841703509634e-21,-0.00010278690824098177,-8.598103425321729e-05,-3.000000000000101,-1.9999999999276559,0
4.12,0.0021106557036432183,2.225129145300101e-21,2.9357178602033924,1.9905597716947185,3.000000000000092,1.9999999999332898,1,1.5290025387554038,2.245202491216885e-21,2.937047313607784,-0.25241823173082656,2.999999999999892,-1.9999999999329896,0,4.131630335337915,2.245202491216885e-21,-0.13430007752753526,1.7741136900625936,-2.999999999999892,1.9999999999329896,1,6.499519689418502,2.225129145300101e-21,-0.00010278607252434752,-8.598067137508206e-05,-3.000000000000092,-1.9999999999332898,0
4.13,0.002101576250280649,1.892079507239157e-21,2.935831881034325,1.9907477025032554,3.0000000000000853,1.9999999999384845,1,1.5286465073265147,1.9092482807135526e-21,2.936757097658192,-0.25263245138396423,2.9999999999998996,-1.999999999938206,0,4.1312002715855645,1.9092482807135526e-21,-0.13446456351590447,1.7739309719907794,-2.9999999999998996,1.999999999938206,1,6.499519692650052,1.892079507239157e-21,-0.00010278523646124713,-8.598030963666363e-05,-3.0000000000000853,-1.9999999999384845,0
4.140000000000001,0.002092451004828497,1.6088195447263387e-21,2.935948118585915,1.990930352985204,3.00000000000008,1.9999999999432758,1,1.5282933066822806,1.6235656376139487e-21,2.9364661149963487,-0.25284515316446443,2.9999999999999067,-1.9999999999430165,0,4.130776099443469,1.6235656376139487e-21,-0.13462732345352968,1.773744340650108,-2.9999999999999067,1.9999999999430165,1,6.499519695869892,1.6088195447263387e-21,-0.00010278440331380536,-8.59799493797307e-05,-3.00000000000008,-1.9999999999432758,0
4.15,0.0020832697859686127,1.36795832461172e-21,2.936066655294309,1.991108036961362,3.0000000000000746,1.999999999947694,1,1.5279429154084159,1.3807182388949522e-21,2.9361742548753176,-0.25305635320537295,2.999999999999912,-1.9999999999474507,0,4.1303576642035695,1.3807182388949522e-21,-0.13478840880585752,1.7735538340049233,-2.999999999999912,1.9999999999474507,1,6.499519699082188,1.36795832461172e-21,-0.0001027835718353575,-8.597959039091354e-05,-3.0000000000000746,-1.999999999947694,0
4.16,0.0020740430006365137,1.1630945064955577e-21,2.9361872735735863,1.9912809434397571,3.00000000000007,1.9999999999517695,1,1.5275952334781369,1.174152218492441e-21,2.9358816883814693,-0.25326610238666786,2.9999999999999174,-1.9999999999515408,0,4.129944787834639,1.174152218492441e-21,-0.13494786706084516,1.773359643465514,-2.9999999999999174,1.9999999999515408,1,6.4995197022788105,1.1630945064955577e-21,-0.00010278274454790654,-8.597923295359012e-05,-3.00000000000007,-1.9999999999517695,0
4.17,0.002064771285644907,9.889202063244393e-22,2.936309914186694,1.991449237438478,3.0000000000000653,1.9999999999555271,1,1.5272501946058994,9.98503156861293e-22,2.9355884401462946,-0.253474437585006,2.9999999999999223,-1.9999999999553122,0,4.129537303158037,9.98503156861293e-22,-0.13510574280246462,1.7731619489753583,-2.9999999999999223,1.9999999999553122,1,6.49951970546447,9.889202063244393e-22,-0.0001027819199943287,-8.597887689640039e-05,-3.0000000000000653,-1.9999999999555271,0
4.180000000000001,0.0020554544035022116,8.408607190059634e-22,2.9364345371470777,1.9916130613870031,3.000000000000061,1.9999999999589912,1,1.5269077600893097,8.491682851824034e-22,2.935294548338055,-0.2536813793858113,2.999999999999926,-1.9999999999587892,0,4.1291350107740525,8.491682851824034e-22,-0.13526209218533672,1.7729609260991182,-2.999999999999926,1.9999999999587892,1,6.4995197086371155,8.408607190059634e-22,-0.00010278109882623438,-8.597852226811047e-05,-3.000000000000061,-1.9999999999589912,0
4.19,0.0020460881502185804,7.149415406436358e-22,2.9365611608226136,1.9917726076875555,3.000000000000057,1.9999999999621862,1,1.5265678803676996,7.221139010703678e-22,2.934999944963936,-0.25388695853312293,2.9999999999999307,-1.999999999961997,0,4.128737773645724,7.221139010703678e-22,-0.1354169535855711,1.7727566997984838,-2.9999999999999307,1.999999999961997,1,6.49951971179847,7.149415406436358e-22,-0.00010278028052754161,-8.597816898164366e-05,-3.000000000000057,-1.9999999999621862,0
4.2,0.002036673630802139,6.078861458492683e-22,2.936689739964862,1.991927934843703,3.000000000000053,1.9999999999651321,1,1.5262304803324067,6.140808750976797e-22,2.934704633113532,-0.2540912178100555,2.9999999999999347,-1.999999999964955,0,4.128345387591166,6.140808750976797e-22,-0.13557037797373417,1.7725495314561965,-2.9999999999999347,1.999999999964955,1,6.499519714950565,6.078861458492683e-22,-0.0001027794645157808,-8.597781689511735e-05,-3.000000000000053,-1.9999999999651321,0
4.21,0.002027210057243034,5.16878657263313e-22,2.936820242686773,1.992079243702285,3.0000000000000493,1.999999999967848,1,1.5258955018209395,5.222332553669055e-22,2.9344085931011827,-0.2542941911699689,2.9999999999999383,-1.9999999999676819,0,4.127957728950033,5.222332553669055e-22,-0.13572240115743553,1.772339518869127,-2.9999999999999383,1.9999999999676819,1,6.499519718096345,5.16878657263313e-22,-0.00010277864992393732,-8.597746583475507e-05,-3.0000000000000493,-1.999999999967848,0
4.220000000000001,0.0020177018654450323,4.394850805298373e-22,2.936952566131678,1.9922266600801422,3.0000000000000457,1.9999999999703526,1,1.525562881845528,4.441059370173784e-22,2.934111895381191,-0.2544959119610184,2.999999999999942,-1.9999999999701972,0,4.127574657176115,4.441059370173784e-22,-0.13587305961087112,1.7721268254281832,-2.999999999999942,1.9999999999701972,1,6.49951972123198,4.394850805298373e-22,-0.0001027778379574925,-8.597711591041808e-05,-3.0000000000000457,-1.9999999999703526,0
4.23,0.002008145812322981,3.736936842620215e-22,2.937086730491362,1.9923703116459823,3.000000000000042,1.9999999999726616,1,1.5252325766564392,3.776748285924004e-22,2.9338144988206816,-0.25469640671127913,2.9999999999999454,-1.9999999999725164,0,4.127195999905213,3.776748285924004e-22,-0.13602240332303633,1.7719115839353714,-2.9999999999999454,1.9999999999725164,1,6.499519724359628,3.736936842620215e-22,-0.00010277702794786529,-8.59767670446243e-05,-3.000000000000042,-1.9999999999726616,0
4.24,0.001998549658211983,3.1772383698137017e-22,2.9372225884123386,1.992510279659605,3.0000000000000386,1.999999999974792,1,1.5249045070474672,3.2115922939093156e-22,2.9335165103582104,-0.25489571666906263,2.999999999999948,-1.999999999974656,0,4.126821583909446,3.2115922939093156e-22,-0.13617047711414845,1.7716939955535844,-2.999999999999948,1.999999999974656,1,6.49951972748115,3.1772383698137017e-22,-0.000102776219332251,-8.597641915009636e-05,-3.0000000000000386,-1.999999999974792,0
4.25,0.0019889273167504437,2.7016474891688645e-22,2.9373598958907934,1.992646634057206,3.0000000000000355,1.999999999976755,1,1.5245785858985803,2.7312570795348867e-22,2.933218149370349,-0.2550938832637327,2.999999999999951,-1.999999999976628,0,4.126451234141604,2.7312570795348867e-22,-0.13631732556992843,1.771474271793654,-2.999999999999951,1.999999999976628,1,6.4995197305952725,2.7016474891688645e-22,-0.00010277541251268881,-8.59760722625454e-05,-3.0000000000000355,-1.999999999976755,0
4.26,0.001979269185286851,2.2969845008756834e-22,2.9374987737928313,1.9927795364986705,3.0000000000000324,1.9999999999785665,1,1.5242548057314997,2.322474530418668e-22,2.9329192657846965,-0.2552909163530629,2.9999999999999534,-1.999999999978448,0,4.126084836078626,2.322474530418668e-22,-0.13646298378687305,1.771252477752272,-2.9999999999999534,1.999999999978448,1,6.499519733698533,2.2969845008756834e-22,-0.00010277460860293339,-8.597572644053011e-05,-3.0000000000000324,-1.9999999999785665,0
4.2700000000000005,0.001969588401544062,1.9531206476013504e-22,2.937638970046873,1.9929092492447347,3.00000000000003,1.9999999999802358,1,1.5239330752282694,1.975129847135494e-22,2.9326200690922155,-0.25548686007602645,2.9999999999999565,-1.9999999999801248,0,4.1257223284397995,1.975129847135494e-22,-0.13660747470539075,1.7710285979285607,-2.9999999999999565,1.9999999999801248,1,6.499519736792417,1.9531206476013504e-22,-0.00010277380713944777,-8.59753816382804e-05,-3.00000000000003,-1.9999999999802358,0
4.28,0.0019598761634314794,1.6606720531832556e-22,2.9377806303734992,1.9930356356970766,3.0000000000000284,1.9999999999817755,1,1.5236134068185856,1.679668719138105e-22,2.932320423073927,-0.2556817123861025,2.999999999999959,-1.9999999999816716,0,4.125363483560277,1.679668719138105e-22,-0.13675085041146612,1.7708029788564157,-2.999999999999959,1.9999999999816716,1,6.499519739875901,1.6606720531832556e-22,-0.00010277300846796164,-8.59750378467872e-05,-3.0000000000000284,-1.9999999999817755,0
4.29,0.0019501376552589916,1.4119320415876075e-22,2.937923642243295,1.9931588657241974,3.0000000000000266,1.9999999999831957,1,1.5232957449859967,1.428401627131322e-22,2.9320203953241,-0.2558755023450586,2.999999999999961,-1.999999999983098,0,4.125008188440253,1.428401627131322e-22,-0.1368931455135749,1.7705756842151312,-2.999999999999961,1.999999999983098,1,6.499519742951309,1.4119320415876075e-22,-0.0001027722118571588,-8.597469500345263e-05,-3.0000000000000266,-1.9999999999831957,0
4.3,0.0019403790425690866,1.2004341986869455e-22,2.938067876851798,1.993279121523631,3.0000000000000244,1.9999999999845053,1,1.5229800219496317,1.2147932263217865e-22,2.9317200602556133,-0.2560682657489813,2.999999999999963,-1.999999999984413,0,4.1246563704143915,1.2147932263217865e-22,-0.1370343822971221,1.7703467555640362,-2.999999999999963,1.999999999984413,1,6.49951974601677,1.2004341986869455e-22,-0.00010277141792266067,-8.597435311936532e-05,-3.0000000000000244,-1.9999999999845053,0
4.3100000000000005,0.0019306042474363332,1.0206601458868519e-22,2.938213262531593,1.993396397355774,3.0000000000000226,1.9999999999857125,1,1.522666196701639,1.0330737991420682e-22,2.9314194905418938,-0.2562600230751876,2.999999999999965,-1.999999999985626,0,4.124307863394924,1.0330737991420682e-22,-0.13717460241703874,1.7701163995762017,-2.999999999999965,1.999999999985626,1,6.499519749067629,1.0206601458868519e-22,-0.00010277062813002154,-8.597401232371075e-05,-3.0000000000000226,-1.9999999999857125,0
4.32,0.0019208050206819605,8.67819733648955e-23,2.9383599187550073,1.993510745383742,3.000000000000021,1.9999999999868256,1,1.5223542931359302,8.786215665811011e-23,2.9311185664290025,-0.25645076513995035,2.9999999999999667,-1.999999999986744,0,4.123962527847765,8.786215665811011e-23,-0.13731384510635133,1.7698847369778614,-2.9999999999999667,1.999999999986744,1,6.4995197521080765,8.67819733648955e-23,-0.00010276984116806804,-8.597367248738266e-05,-3.000000000000021,-1.9999999999868256,0
4.33,0.0019109896314941054,7.377978384928093e-23,2.9385076888578507,1.9936223097139076,3.0000000000000195,1.9999999999878526,1,1.5220442341831295,7.471630847190664e-23,2.9308173839109966,-0.2566405321915561,2.999999999999968,-1.9999999999877758,0,4.123620266624465,7.471630847190664e-23,-0.13745213871962358,1.769651839321274,-2.999999999999968,1.9999999999877758,1,6.499519755136763,7.377978384928093e-23,-0.00010276905749687649,-8.597333359621387e-05,-3.0000000000000195,-1.9999999999878526,0
4.34,0.0019011585191445462,6.27367817416973e-23,2.9386565460979264,1.9937312121065345,3.0000000000000178,1.9999999999887985,1,1.5217359891207705,6.354553002755416e-23,2.930515943244769,-0.2568293416597511,2.99999999999997,-1.9999999999887266,0,4.123280986788869,6.354553002755416e-23,-0.13758951153100868,1.7694177607003354,-2.99999999999997,1.9999999999887266,1,6.499519758149606,6.27367817416973e-23,-0.0001027682784263194,-8.59729957267929e-05,-3.0000000000000178,-1.9999999999887985,0
4.3500000000000005,0.001891312426037759,5.333352119588609e-23,2.938806460233403,1.9938375700483149,3.0000000000000164,1.999999999989672,1,1.5214295269246547,5.403323450792989e-23,2.9302142439248615,-0.2570172111870035,2.999999999999971,-1.9999999999896045,0,4.1229446168419015,5.403323450792989e-23,-0.1377259842676467,1.7691825557996324,-2.999999999999971,1.9999999999896045,1,6.499519761158335,5.333352119588609e-23,-0.00010276750030470015,-8.59726584899669e-05,-3.0000000000000164,-1.999999999989672,0
4.36,0.0018814495590380143,4.535491859578552e-23,2.9389574488585195,1.9939414466895333,3.000000000000015,1.9999999999904758,1,1.5211248289682415,4.5962029498317686e-23,2.929912243751832,-0.25720415298848603,2.9999999999999725,-1.9999999999904123,0,4.122611065595504,4.5962029498317686e-23,-0.13786158110931218,1.7689463216026982,-2.9999999999999725,1.9999999999904123,1,6.4995197641680775,4.535491859578552e-23,-0.00010276672356542409,-8.597231867266987e-05,-3.000000000000015,-1.9999999999904758,0
4.37,0.001871575253303968,3.856065749994464e-23,2.9391094272655325,1.9940427641748495,3.0000000000000133,1.9999999999912181,1,1.5208218790184338,3.9081335575497294e-23,2.9296100341657363,-0.2573901725438599,2.9999999999999742,-1.999999999991159,0,4.12228018104207,3.9081335575497294e-23,-0.13799633550641824,1.7687093030200947,-2.9999999999999742,1.999999999991159,1,6.499519767173973,3.856065749994464e-23,-0.00010276594776966849,-8.597197936469258e-05,-3.0000000000000133,-1.9999999999912181,0
4.38,0.0018616963665853085,3.27850138614832e-23,2.93926226259367,1.9941416736237778,3.0000000000000124,1.9999999999919025,1,1.5205206190579847,3.3239910108048444e-23,2.929307708192875,-0.25757529918936656,2.999999999999975,-1.9999999999918465,0,4.121951875505786,3.3239910108048444e-23,-0.13813027650621243,1.7684715206261528,-2.999999999999975,1.9999999999918465,1,6.499519770168953,3.27850138614832e-23,-0.00010276517514159756,-8.597164076241025e-05,-3.0000000000000124,-1.9999999999919025,0
4.390000000000001,0.0018518138762291746,2.7874162836067207e-23,2.9394159278367384,1.9942382335542765,3.000000000000011,1.9999999999925335,1,1.520221041349843,2.8263674247895594e-23,2.9290052834068465,-0.25775953642571364,2.9999999999999765,-1.9999999999924816,0,4.121626056559978,2.8263674247895594e-23,-0.13826342949597392,1.7682330606842016,-2.9999999999999765,1.9999999999924816,1,6.499519773149148,2.7874162836067207e-23,-0.00010276440679389927,-8.597130313244291e-05,-3.000000000000011,-1.9999999999925335,0
4.4,0.001841918747221556,2.369817392966278e-23,2.9395705597239044,1.9943325276920922,3.00000000000001,1.9999999999931155,1,1.5199231670202873,2.4035877591794069e-23,2.9287026138607017,-0.25794287786815717,2.9999999999999774,-1.9999999999930667,0,4.121302638052325,2.4035877591794069e-23,-0.13839582192054192,1.7679939567536267,-2.9999999999999774,1.9999999999930667,1,6.499519776116179,2.369817392966278e-23,-0.00010276364222695702,-8.597096641396854e-05,-3.00000000000001,-1.9999999999931155,0
4.41,0.0018320143591323635,2.0148806304869378e-23,2.9397260906436324,1.9944246462744402,3.0000000000000093,1.999999999993652,1,1.5196269547420644,2.0443251793186742e-23,2.9283997236345973,-0.25812534609733556,2.9999999999999782,-1.9999999999936058,0,4.120981535314775,2.0443251793186742e-23,-0.1385274784931845,1.7677542695958062,-2.9999999999999782,1.9999999999936058,1,6.49951977907261,2.0148806304869378e-23,-0.00010276288064389604,-8.597063051900974e-05,-3.0000000000000093,-1.999999999993652,0
4.42,0.0018221050277249374,1.712940073636266e-23,2.939882438821698,1.9945146656051806,3.0000000000000084,1.999999999994147,1,1.519332356291777,1.73852610656534e-23,2.928096656434821,-0.25830696683723786,2.999999999999979,-1.9999999999941034,0,4.120662667103157,1.73852610656534e-23,-0.13865842208136897,1.7675140677795067,-2.999999999999979,1.9999999999941034,1,6.499519782017768,1.712940073636266e-23,-0.00010276212227407891,-8.597029544106603e-05,-3.0000000000000084,-1.999999999994147,0
4.430000000000001,0.001812199376805023,1.4565118655665695e-23,2.940039447023643,1.9946027006401776,3.0000000000000075,1.9999999999946028,1,1.5190393253617438,1.4789050234248068e-23,2.9277935504817543,-0.2584877607747178,2.99999999999998,-1.9999999999945615,0,4.120345974522118,1.4789050234248068e-23,-0.13878867162052866,1.7672733719635494,-2.99999999999998,1.9999999999945615,1,6.4995197849524935,1.4565118655665695e-23,-0.00010276136688111627,-8.596996111493279e-05,-3.0000000000000075,-1.9999999999946028,0
4.44,0.0018022961579478177,1.2384827686093801e-23,2.9401971256421984,1.9946888292777742,3.0000000000000067,1.999999999995023,1,1.5187478353382913,1.2580248253839676e-23,2.9274903736862203,-0.25866774429219896,2.999999999999981,-1.999999999994984,0,4.120031395893269,1.2580248253839676e-23,-0.13891824587753046,1.7670322167894619,-2.999999999999981,1.999999999994984,1,6.499519787882205,1.2384827686093801e-23,-0.00010276061279638923,-8.596962733319546e-05,-3.0000000000000067,-1.999999999995023,0
4.45,0.001792391948685688,1.052538533003321e-23,2.940355541295432,1.9947729125499527,3.000000000000006,1.999999999995412,1,1.5184578979780716,1.0695334170795178e-23,2.927187069287158,-0.25884691279682404,2.9999999999999813,-1.999999999995375,0,4.119718775447282,1.0695334170795178e-23,-0.13904717882636858,1.7667908537102308,-2.9999999999999813,1.999999999995375,1,6.499519790809804,1.052538533003321e-23,-0.00010275985909299655,-8.596929403577406e-05,-3.000000000000006,-1.999999999995412,0
4.46,0.0017824923212891414,8.950948336400527e-24,2.9405145904637284,1.9948550320817002,3.0000000000000053,1.999999999995769,1,1.5181694864188318,9.096357094907653e-24,2.9268837198522757,-0.25902527806546727,2.9999999999999822,-1.9999999999957347,0,4.119408041267054,9.096357094907653e-24,-0.13917549199990437,1.7665493264946175,-2.9999999999999822,1.9999999999957347,1,6.499519793729307,8.950948336400527e-24,-0.00010275910766677043,-8.596896137085785e-05,-3.0000000000000053,-1.999999999995769,0
4.470000000000001,0.001772595330618988,7.607574618363868e-24,2.940674290111575,1.9949353373782222,3.0000000000000044,1.9999999999960993,1,1.5178825944310472,7.734686142604845e-24,2.9265802886314676,-0.25920284500328516,2.999999999999983,-1.999999999996067,0,4.119099143068047,7.734686142604845e-24,-0.13930320721406297,1.7663075827495778,-2.999999999999983,1.999999999996067,1,6.499519796639663,7.607574618363868e-24,-0.00010275835880094191,-8.596862943822293e-05,-3.0000000000000044,-1.9999999999960993,0
4.48,0.001762707761817511,6.470452232478928e-24,2.9408345209136493,1.995013858393746,3.000000000000004,1.9999999999964027,1,1.5175971763114446,6.581279103838202e-24,2.926276868511488,-0.25937963573143935,2.9999999999999836,-1.999999999996372,0,4.118791990368952,6.581279103838202e-24,-0.13943034842386604,1.76606571602371,-2.9999999999999836,1.999999999996372,1,6.499519799545154,6.470452232478928e-24,-0.00010275761119006544,-8.596829805619091e-05,-3.000000000000004,-1.9999999999964027,0
4.49,0.0017528296472802836,5.50313649517779e-24,2.94099527033221,1.9950907056116396,3.0000000000000036,1.9999999999966824,1,1.517313215153502,5.599438859550134e-24,2.925973441355808,-0.25955566049290113,2.999999999999984,-1.9999999999966536,0,4.118486557311692,5.599438859550134e-24,-0.1395569254512325,1.7658237162106774,-2.999999999999984,1.9999999999966536,1,6.4995198024459455,5.50313649517779e-24,-0.00010275686481136376,-8.59679671764165e-05,-3.0000000000000036,-1.9999999999966824,0
4.5,0.0017429630938304384,4.676359384977783e-24,2.941156497388337,1.9951659139382822,3.0000000000000027,1.9999999999969418,1,1.517030691542322,4.759682226446073e-24,2.9256700455058975,-0.25973092857755226,2.999999999999985,-1.9999999999969147,0,4.118182781413497,4.759682226446073e-24,-0.13968295558702126,1.7655816383736238,-2.999999999999985,1.9999999999969147,1,6.499519805343671,4.676359384977783e-24,-0.00010275611910679874,-8.596763681774188e-05,-3.0000000000000027,-1.9999999999969418,0
4.51,0.001733100416695146,3.972351883944513e-24,2.941318331386286,1.995239474598269,3.000000000000002,1.9999999999971814,1,1.5167496413649804,4.0453885708544006e-24,2.925366568164556,-0.259905423954656,2.9999999999999853,-1.9999999999971556,0,4.117880573192193,4.0453885708544006e-24,-0.13980846413564063,1.7653395547727277,-2.9999999999999853,1.9999999999971556,1,6.499519808232783,3.972351883944513e-24,-0.0001027553758353009,-8.596730711724524e-05,-3.000000000000002,-1.9999999999971814,0
4.5200000000000005,0.0017232465616143942,3.381526423154958e-24,2.9414806852076145,1.9953114053855678,3.0000000000000018,1.9999999999973994,1,1.5164700266511588,3.444277547152121e-24,2.9250630584570425,-0.2600791661416016,2.999999999999986,-1.9999999999973754,0,4.117579845434516,3.444277547152121e-24,-0.13993347366395512,1.7650975611001392,-2.999999999999986,1.9999999999973754,1,6.499519811107466,3.381526423154958e-24,-0.00010275463681745322,-8.59669782498989e-05,-3.0000000000000018,-1.9999999999973994,0
4.53,0.0017134052669922932,2.8748664305399855e-24,2.9416434777024243,1.9953819008978655,3.0000000000000013,1.9999999999976021,1,1.5161918197215023,2.9295248277257127e-24,2.924759569177427,-0.2602521685564204,2.9999999999999862,-1.9999999999975795,0,4.1172806023107285,2.9295248277257127e-24,-0.14005799186257123,1.7648555450104997,-2.9999999999999862,1.9999999999975795,1,6.499519813969366,2.8748664305399855e-24,-0.0001027539015333988,-8.596665017475335e-05,-3.0000000000000013,-1.9999999999976021,0
4.54,0.0017035835660285143,2.44158169407466e-24,2.94180659167867,1.9954508945929983,3.000000000000001,1.9999999999977902,1,1.5159149958842781,2.4890017008093055e-24,2.9244562356204695,-0.2604244392864315,2.9999999999999867,-1.999999999997769,0,4.116982744042318,2.4890017008093055e-24,-0.14018204128743425,1.764613655643048,-2.9999999999999867,1.999999999997769,1,6.499519816821778,2.44158169407466e-24,-0.00010275316894343354,-8.596632280161577e-05,-3.000000000000001,-1.9999999999977902,0
4.55,0.0016937812729156537,2.0801916944032047e-24,2.9419700234826864,1.9955184409820528,3.0000000000000004,1.9999999999979603,1,1.5156395288988607,2.1212356342637882e-24,2.9241530292406077,-0.2605959943634874,2.999999999999987,-1.9999999999979403,0,4.1166862099416015,2.1212356342637882e-24,-0.14030564028183917,1.7643719268012803,-2.999999999999987,1.9999999999979403,1,6.499519819667384,2.0801916944032047e-24,-0.00010275243825155281,-8.59659959842302e-05,-3.0000000000000004,-1.9999999999979603,0
4.5600000000000005,0.0016839976345202022,1.764793296234169e-24,2.942133772778691,1.9955846839057398,3.0,1.9999999999981213,1,1.5153654120931481,1.800928647719628e-24,2.923849926407602,-0.26076683838015313,2.9999999999999876,-1.9999999999981022,0,4.11639101787575,1.800928647719628e-24,-0.14042878919912727,1.7641302772496386,-2.9999999999999876,1.9999999999981022,1,6.4995198225121715,1.764793296234169e-24,-0.00010275170765569293,-8.596566943293071e-05,-3.0,-1.9999999999981213,0
4.57,0.0016742313893402443,1.5013605678546954e-24,2.9422978545402687,1.9956496910426385,2.9999999999999996,1.9999999999982672,1,1.5150926369270465,1.5323714788998386e-24,2.9235469217319725,-0.2609369762204027,2.999999999999988,-1.9999999999982494,0,4.116097086825616,1.5323714788998386e-24,-0.14055151789225412,1.7638886876430098,-2.999999999999988,1.9999999999982494,1,6.499519825346223,1.5013605678546954e-24,-0.00010275098016239824,-8.5965343595895e-05,-2.9999999999999996,-1.9999999999982672,0
4.58,0.0016644875077565717,1.2754713569803067e-24,2.942462180763198,1.995713466087122,2.999999999999999,1.9999999999984028,1,1.5148211648526744,1.3019161438908043e-24,2.9232440830558764,-0.26110642679909357,2.9999999999999885,-1.9999999999983864,0,4.115804375933271,1.3019161438908043e-24,-0.14067383437978917,1.763647233005056,-2.9999999999999885,1.9999999999983864,1,6.499519828172752,1.2754713569803067e-24,-0.00010275025476365383,-8.5965018378067e-05,-2.999999999999999,-1.9999999999984028,0
4.59,0.0016547645041349475,1.0852566795632113e-24,2.9426267780489708,1.995775972155888,2.999999999999999,1.9999999999985267,1,1.514550982944178,1.1096656136925598e-24,2.9229413621102447,-0.2612751994018917,2.9999999999999885,-1.9999999999985103,0,4.115512834242602,1.1096656136925598e-24,-0.1407957474503625,1.7634060214475558,-2.9999999999999885,1.9999999999985103,1,6.499519830993835,1.0852566795632113e-24,-0.00010274953084177143,-8.596469366807326e-05,-2.999999999999999,-1.9999999999985267,0
4.6000000000000005,0.0016450621654822194,9.233226409463859e-25,2.94279165013441,1.9958371840515476,2.999999999999999,1.999999999998641,1,1.5142820833216817,9.44631450325829e-25,2.9226387472526074,-0.2614432988203355,2.9999999999999885,-1.9999999999986255,0,4.115222382051827,9.44631450325829e-25,-0.14091727736170048,1.763165143581393,-2.9999999999999885,1.9999999999986255,1,6.499519833808577,9.233226409463859e-25,-0.00010274880868195305,-8.596436948618287e-05,-2.999999999999999,-1.999999999998641,0
4.61,0.0016353829452546136,7.833347620166156e-25,2.9429567475892755,1.9958971662334917,2.9999999999999982,1.9999999999987483,1,1.5140144411607352,8.007161287718028e-25,2.9223362717575294,-0.2616107375973153,2.9999999999999893,-1.9999999999987346,0,4.114932969107219,8.007161287718028e-25,-0.14103844142925698,1.7629246009616653,-2.9999999999999893,1.9999999999987346,1,6.499519836618058,7.833347620166156e-25,-0.00010274808798416737,-8.596404574178818e-05,-2.9999999999999982,-1.9999999999987483,0
4.62,0.0016257273204794405,6.647955920174487e-25,2.9431220559617404,1.9959559768868753,2.9999999999999982,1.999999999998847,1,1.513748041403093,6.797837520014217e-25,2.922033931180943,-0.2617775243315117,2.9999999999999893,-1.999999999998834,0,4.114644566642657,6.797837520014217e-25,-0.141159249289819,1.7626843971329227,-2.9999999999999893,1.999999999998834,1,6.499519839420488,6.647955920174487e-25,-0.00010274736930494174,-8.596372249402524e-05,-2.9999999999999982,-1.999999999998847,0
4.63,0.0016160959549530887,5.6869162616276745e-25,2.9432875607200013,1.9960136306219018,2.9999999999999982,1.9999999999989335,1,1.513482892216494,5.825645340419842e-25,2.9217317504673437,-0.2619436529421487,2.9999999999999893,-1.9999999999989206,0,4.114357152461375,5.825645340419842e-25,-0.14127970619203545,1.7624445608005264,-2.9999999999999893,1.9999999999989206,1,6.499519842209964,5.6869162616276745e-25,-0.00010274665446658287,-8.596339996311841e-05,-2.9999999999999982,-1.9999999999989335,0
4.640000000000001,0.0016064943643607564,4.833559814429023e-25,2.9434531590737105,1.9960701768515077,2.9999999999999982,1.9999999999990168,1,1.5132189451188793,4.961565315290842e-25,2.921429821898855,-0.26210914688208525,2.9999999999999893,-1.999999999999004,0,4.114070660885197,4.961565315290842e-25,-0.1413998337838466,1.7622051062798554,-2.9999999999999893,1.999999999999004,1,6.4995198449891465,4.833559814429023e-25,-0.00010274594262525351,-8.596307808406812e-05,-2.9999999999999982,-1.9999999999990168,0
4.65,0.0015969205407229251,4.0876020956145873e-25,2.9436188911176098,1.996125513887248,2.999999999999998,1.9999999999990958,1,1.5129562048376157,4.193163517646737e-25,2.921128105620072,-0.2622740049270848,2.99999999999999,-1.9999999999990843,0,4.113784988633154,4.193163517646737e-25,-0.1415196546563322,1.7619661945221745,-2.99999999999999,1.9999999999990843,1,6.49951984776555,4.0876020956145873e-25,-0.00010274523147129347,-8.59627565629075e-05,-2.999999999999998,-1.9999999999990958,0
4.66,0.0015873698014922289,3.457471097880523e-25,2.9437848271526796,1.9961797978155138,2.9999999999999973,1.9999999999991684,1,1.5126946952199258,3.5433701618500388e-25,2.920826503552575,-0.2624382175300525,2.9999999999999902,-1.9999999999991582,0,4.113500170207319,3.5433701618500388e-25,-0.1416391665021511,1.7617277063103618,-2.9999999999999902,1.9999999999991582,1,6.499519850537503,3.457471097880523e-25,-0.0001027445215359508,-8.59624354390224e-05,-2.9999999999999973,-1.9999999999991684,0
4.67,0.0015778501294481347,2.9752066534114135e-25,2.943950816924236,1.9962331265702513,2.999999999999997,1.9999999999992286,1,1.5124343679765793,3.044500195326027e-25,2.920525158328675,-0.2626018057179648,2.9999999999999907,-1.9999999999992197,0,4.113216185537093,3.044500195326027e-25,-0.1417583799823417,1.7614895963002495,-2.9999999999999907,1.9999999999992197,1,6.499519853303035,2.9752066534114135e-25,-0.00010274381342251685,-8.59621147933791e-05,-2.999999999999997,-1.9999999999992286,0
4.680000000000001,0.0015683613542949385,2.5307328371259497e-25,2.94411686446297,1.996285451421802,2.9999999999999964,1.9999999999992886,1,1.5121752068632641,2.5882526300301397e-25,2.9202240524863483,-0.26276477933331444,2.999999999999991,-1.9999999999992806,0,4.112932975566915,2.5882526300301397e-25,-0.14187730731940498,1.7612519639493223,-2.999999999999991,1.9999999999992806,1,6.49951985605942,2.5307328371259497e-25,-0.00010274310800879183,-8.596179467060226e-05,-2.9999999999999964,-1.9999999999992886,0
4.69,0.0015589022139182404,2.1468349101953087e-25,2.9442829954507364,1.9963366911277078,2.999999999999997,1.9999999999993447,1,1.5119172343744687,2.208764435559684e-25,2.919923182697537,-0.2629271252824062,2.9999999999999907,-1.9999999999993354,0,4.112650453957268,2.208764435559684e-25,-0.14199596876028836,1.7610149265495991,-2.9999999999999907,1.9999999999993354,1,6.499519858798973,2.1468349101953087e-25,-0.00010274240769323552,-8.596147531833116e-05,-2.999999999999997,-1.9999999999993447,0
4.7,0.001549474559299101,1.810508747115955e-25,2.9444491641777013,1.9963870015164384,2.999999999999997,1.9999999999993983,1,1.5116604298809866,1.870162408768768e-25,2.9196225668477878,-0.2630888543158475,2.9999999999999907,-1.9999999999993885,0,4.112368640699231,1.870162408768768e-25,-0.14211436642682834,1.7607783730208921,-2.9999999999999907,1.9999999999993885,1,6.499519861529999,1.810508747115955e-25,-0.00010274170983004505,-8.596115655042555e-05,-2.999999999999997,-1.9999999999993983,0
4.71,0.001540079779761754,1.5235842586689686e-25,2.9446153457083852,1.9964363461837846,2.999999999999997,1.999999999999448,1,1.511404777013494,1.5758847506089902e-25,2.919322217360651,-0.2632499749775773,2.9999999999999907,-1.9999999999994387,0,4.112087474520587,1.5758847506089902e-25,-0.1422325142397634,1.7605423912823164,-2.9999999999999907,1.9999999999994387,1,6.4995198642571435,1.5235842586689686e-25,-0.00010274101300204039,-8.596083817077539e-05,-2.999999999999997,-1.999999999999448,0
4.720000000000001,0.0015307155575512489,1.2917047585550742e-25,2.9447815799934953,1.9964847180642598,2.9999999999999964,1.9999999999994917,1,1.511150286669889,1.3329838775730267e-25,2.919022078324574,-0.26341048329177497,2.999999999999991,-1.9999999999994837,0,4.1118069324410484,1.3329838775730267e-25,-0.1423504159184471,1.7603070308068545,-2.999999999999991,1.9999999999994837,1,6.499519866970156,1.2917047585550742e-25,-0.00010274032043180108,-8.596052047064092e-05,-2.9999999999999964,-1.9999999999994917,0
4.73,0.0015213876936532608,1.1300937831308401e-25,2.9449477522106413,1.9965322340555376,2.999999999999996,1.9999999999995246,1,1.5108969172487285,1.162259586541227e-25,2.9187222494874656,-0.26357039826859685,2.9999999999999916,-1.999999999999518,0,4.11152699105155,1.162259586541227e-25,-0.14246808538308486,1.7600722211812787,-2.9999999999999916,1.999999999999518,1,6.499519869670929,1.1300937831308401e-25,-0.00010273963152288782,-8.596020339805198e-05,-2.999999999999996,-1.9999999999995246,0
4.74,0.0015120944771086903,9.861747391394174e-26,2.945113894318763,1.9965788368402722,2.9999999999999956,1.999999999999556,1,1.510644670683133,1.0122002464787901e-25,2.918422686474355,-0.2637297205549465,2.999999999999992,-1.9999999999995501,0,4.111247595955543,1.0122002464787901e-25,-0.14258553301280716,1.7598380634584592,-2.999999999999992,1.9999999999995501,1,6.499519872365891,9.861747391394174e-26,-0.00010273894425210185,-8.59598867746438e-05,-2.9999999999999956,-1.999999999999556,0
4.75,0.0015028333703153052,8.547909414509894e-26,2.945280049170309,1.9966245412420212,2.9999999999999956,1.9999999999995866,1,1.510393573715921,8.771867025502139e-26,2.918123363714124,-0.26388843565214604,2.999999999999992,-1.9999999999995812,0,4.110968708357556,8.771867025502139e-26,-0.14270277181960914,1.7596045621319596,-2.999999999999992,1.9999999999995812,1,6.499519875056048,8.547909414509894e-26,-0.00010273825827066811,-8.595957061945888e-05,-2.9999999999999956,-1.9999999999995866,0
4.76,0.001493601288657852,7.353487722343774e-26,2.9454462692478094,1.9966693786866117,2.9999999999999956,1.9999999999996165,1,1.5101436435987416,7.544214567703584e-26,2.9178242193382014,-0.2640465362602294,2.999999999999992,-1.9999999999996116,0,4.110690306556182,7.544214567703584e-26,-0.1428198095438417,1.7593717132644744,-2.999999999999992,1.9999999999996116,1,6.499519877740995,7.353487722343774e-26,-0.00010273757374327583,-8.59592548880704e-05,-2.9999999999999956,-1.9999999999996165,0
4.7700000000000005,0.0014844025774163674,6.225396906355096e-26,2.9456124681135543,1.9967134318608033,2.9999999999999956,1.9999999999996472,1,1.509894861915152,6.401155116038338e-26,2.917525321581686,-0.2642040294867315,2.999999999999992,-1.9999999999996423,0,4.110412397591309,6.401155116038338e-26,-0.14293664721468935,1.7591394732344459,-2.999999999999992,1.9999999999996423,1,6.499519880408576,6.225396906355096e-26,-0.00010273689449425575,-8.595893992309841e-05,-2.9999999999999956,-1.9999999999996472,0
4.78,0.001475244182732593,5.227238877027306e-26,2.9457785145402813,1.9967567177109142,2.999999999999995,1.9999999999996767,1,1.5096471823822046,5.37345424581002e-26,2.917226787318164,-0.2643609361313809,2.9999999999999925,-1.9999999999996723,0,4.110134947296446,5.37345424581002e-26,-0.14305329388015472,1.758907874488077,-2.9999999999999925,1.9999999999996723,1,6.4995198830694445,5.227238877027306e-26,-0.00010273621711311306,-8.595862551226923e-05,-2.999999999999995,-1.9999999999996767,0
4.79,0.0014661282726100586,4.296540781047556e-26,2.94594436228744,1.9967992849691714,2.999999999999995,1.999999999999707,1,1.5094005821879661,4.4293455144415134e-26,2.9169286506027383,-0.26451726736182996,2.9999999999999925,-1.9999999999997025,0,4.10985793277229,4.4293455144415134e-26,-0.14316975852842212,1.7586769033887806,-2.9999999999999925,1.9999999999997025,1,6.499519885729197,4.296540781047556e-26,-0.00010273554131616936,-8.595830928243413e-05,-2.999999999999995,-1.999999999999707,0
4.8,0.001457053400378781,3.4628750416003196e-26,2.9461100356881484,1.996841116142539,2.999999999999995,1.9999999999997369,1,1.5091550658012616,3.570495390595096e-26,2.9166308984635725,-0.2646730208656549,2.9999999999999925,-1.9999999999997329,0,4.109581303893218,3.570495390595096e-26,-0.14328605526448937,1.7584465985747406,-2.9999999999999925,1.9999999999997329,1,6.499519888384947,3.4628750416003196e-26,-0.00010273486685422178,-8.595799305223334e-05,-2.999999999999995,-1.9999999999997369,0
4.8100000000000005,0.0014480160460334252,2.755424581798116e-26,2.946275595761689,1.9968822313579444,2.999999999999995,1.9999999999997653,1,1.5089106528800595,2.85168533375771e-26,2.916333464981244,-0.2648281881386862,2.9999999999999925,-1.9999999999997613,0,4.109305049636414,2.85168533375771e-26,-0.1434021880131191,1.7582169571194224,-2.9999999999999925,1.9999999999997613,1,6.499519891036766,2.755424581798116e-26,-0.00010273419342289272,-8.595767724125634e-05,-2.999999999999995,-1.9999999999997653,0
4.82,0.0014390145006624307,2.1931541108405248e-26,2.946441070098559,1.9969226587551272,2.9999999999999956,1.9999999999997906,1,1.5086673534691795,2.2988417506175098e-26,2.916036314364213,-0.26498276480237415,2.999999999999992,-1.9999999999997857,0,4.109029159065699,2.2988417506175098e-26,-0.14351816106307924,1.7579879714664057,-2.999999999999992,1.9999999999997857,1,6.4995198936810405,2.1931541108405248e-26,-0.00010273352214899557,-8.59573619675863e-05,-2.9999999999999956,-1.9999999999997906,0
4.83,0.0014300485970733603,1.7695358047368414e-26,2.9466064589761216,1.996962407025598,2.9999999999999956,1.999999999999812,1,1.5084251525419092,1.8648104805649091e-26,2.915739423394757,-0.26513676034277256,2.999999999999992,-1.999999999999807,0,4.108753607985578,1.8648104805649091e-26,-0.1436339808083543,1.7577596640143764,-2.999999999999992,1.999999999999807,1,6.499519896311519,1.7695358047368414e-26,-0.00010273285504166021,-8.595704734189357e-05,-2.9999999999999956,-1.999999999999812,0
4.84,0.001421118681760872,1.497171716447972e-26,2.9467717518283294,1.9970015070290579,2.999999999999995,1.999999999999827,1,1.5081840475515453,1.5609116775898296e-26,2.915442802469559,-0.26529017543311045,2.9999999999999925,-1.9999999999998235,0,4.1084783729298735,1.5609116775898296e-26,-0.14374965612994473,1.7575320247910298,-2.9999999999999925,1.9999999999998235,1,6.499519898937738,1.497171716447972e-26,-0.00010273218907601163,-8.595673313264773e-05,-2.999999999999995,-1.999999999999827,0
4.8500000000000005,0.0014122305476709383,1.3696622118803106e-26,2.9469368400446836,1.9970399069443037,2.9999999999999947,1.9999999999998346,1,1.5079440086066658,1.407744472079855e-26,2.915146556641906,-0.2654430218745748,2.999999999999993,-1.9999999999998324,0,4.108203409626636,1.407744472079855e-26,-0.14386519442185197,1.7573051471119643,-2.999999999999993,1.9999999999998324,1,6.499519901553956,1.3696622118803106e-26,-0.00010273152606845776,-8.595641948723636e-05,-2.9999999999999947,-1.9999999999998346,0
4.86,0.00140338670488945,1.3443175901097567e-26,2.9471016715946243,1.9970776273858515,2.9999999999999942,1.9999999999998361,1,1.5077050177373172,1.374136532327111e-26,2.9148507319330834,-0.2655953074261177,2.9999999999999933,-1.9999999999998344,0,4.107928697631465,1.374136532327111e-26,-0.1439806018300549,1.757079040550399,-2.9999999999999933,1.9999999999998344,1,6.499519904162647,1.3443175901097567e-26,-0.00010273086530178087,-8.595610624483986e-05,-2.9999999999999942,-1.9999999999998361,0
4.87,0.001394583831871193,1.3117696821984036e-26,2.9472663005824877,1.9971147600644223,2.9999999999999942,1.9999999999998381,1,1.5074670862157025,1.3267383178749723e-26,2.914555274283435,-0.26574702788819604,2.9999999999999933,-1.9999999999998372,0,4.10765422902828,1.3267383178749723e-26,-0.14409588862162773,1.7568536147324574,-2.9999999999999933,1.9999999999998372,1,6.4995199067692315,1.3117696821984036e-26,-0.00010273020508747032,-8.59557932262241e-05,-2.9999999999999942,-1.9999999999998381,0
4.88,0.0013858180341841653,1.2905591846092736e-26,2.947430802111519,1.9971512280312254,2.999999999999994,1.9999999999998395,1,1.5072302295921658,1.2976983758015238e-26,2.9142600956230647,-0.2658981783119639,2.999999999999994,-1.999999999999839,0,4.10737997364415,1.2976983758015238e-26,-0.1442110565933039,1.7566289704908051,-2.999999999999994,1.999999999999839,1,6.499519909367821,1.2905591846092736e-26,-0.00010272954718536909,-8.595548073707713e-05,-2.999999999999994,-1.9999999999998395,0
4.890000000000001,0.0013770899648904158,1.2657273224271134e-26,2.9475951569268473,1.99718710962548,2.999999999999994,1.999999999999841,1,1.506994445680526,1.2657273224271134e-26,2.9139652075537494,-0.2660487590910226,2.999999999999994,-1.999999999999841,0,4.107105949893757,1.2657273224271134e-26,-0.14432610445431376,1.7564050450308168,-2.999999999999994,1.999999999999841,1,6.499519911958105,1.2657273224271134e-26,-0.00010272889168463025,-8.595516879981328e-05,-2.999999999999994,-1.999999999999841,0
4.9,0.0013683994591692555,1.237929836279388e-26,2.947759364004665,1.9972224346737781,2.9999999999999933,1.9999999999998428,1,1.5067597344063481,1.2234542386685825e-26,2.913670612733232,-0.2661987698392758,2.9999999999999942,-1.9999999999998437,0,4.106832138058234,1.2234542386685825e-26,-0.14444104060791862,1.756181818659723,-2.9999999999999942,1.9999999999998437,1,6.499519914539338,1.237929836279388e-26,-0.00010272823887974222,-8.595485734326096e-05,-2.9999999999999933,-1.9999999999998428,0
4.91,0.0013597474305338882,1.2170743260976075e-26,2.947923404099768,1.997257187481483,2.9999999999999933,1.9999999999998441,1,1.5065260735401245,1.195844106985847e-26,2.9133763145818747,-0.2663482229107165,2.9999999999999942,-1.9999999999998455,0,4.106558491030388,1.195844106985847e-26,-0.14455587759083288,1.7559593356431842,-2.9999999999999942,1.9999999999998455,1,6.49951991711377,1.2170743260976075e-26,-0.00010272758798979565,-8.595454641527868e-05,-2.9999999999999933,-1.9999999999998441,0
4.92,0.0013511372409209857,1.1929672298721192e-26,2.9480872088480945,1.9972913847337406,2.9999999999999933,1.9999999999998457,1,1.506293439457105,1.1651598829630785e-26,2.9130823772009897,-0.26649712842430534,2.9999999999999942,-1.9999999999998475,0,4.106284977106298,1.1651598829630785e-26,-0.14467062578626852,1.7557376022290438,-2.9999999999999942,1.9999999999998475,1,6.499519919689155,1.1929672298721192e-26,-0.00010272693660522145,-8.595423575317134e-05,-2.9999999999999933,-1.9999999999998457,0
4.930000000000001,0.0013425715090403508,1.1758957868450707e-26,2.948250723740057,1.997325037448336,2.9999999999999933,1.9999999999998468,1,1.5060618234981196,1.1482856551623353e-26,2.912788845833981,-0.2666454887746506,2.9999999999999942,-1.9999999999998486,0,4.106011620766994,1.1482856551623353e-26,-0.1447852753193425,1.7555166314434758,-2.9999999999999942,1.9999999999998486,1,6.499519922258746,1.1758957868450707e-26,-0.00010272628685741333,-8.595392553250615e-05,-2.9999999999999933,-1.9999999999998468,0
4.94,0.0013340493081481749,1.1525085261955965e-26,2.9484139594687298,1.9973582129907026,2.999999999999993,1.9999999999998483,1,1.505831218989919,1.1179761400695467e-26,2.9124957135030405,-0.2667933078179925,2.9999999999999947,-1.9999999999998506,0,4.105738414304975,1.1179761400695467e-26,-0.1448998343618365,1.7552963572341402,-2.9999999999999947,1.9999999999998506,1,6.499519924823681,1.1525085261955965e-26,-0.00010272563836841167,-8.595361575196379e-05,-2.999999999999993,-1.9999999999998483,0
4.95,0.0013255733533303715,1.1257266984633432e-26,2.9485768633746017,1.9973908380145418,2.999999999999993,1.9999999999998501,1,1.50560162015775,1.0915887427899039e-26,2.912203038200011,-0.2669405856075819,2.9999999999999947,-1.9999999999998523,0,4.105465329271096,1.0915887427899039e-26,-0.14501430450305644,1.75507687522403,-2.9999999999999947,1.9999999999998523,1,6.49951992738085,1.1257266984633432e-26,-0.00010272499212327489,-8.595330648901214e-05,-2.999999999999993,-1.9999999999998501,0
4.96,0.0013171360339040855,1.1091482935020579e-26,2.9487395752101904,1.9974230021000317,2.999999999999993,1.9999999999998512,1,1.505373055880015,1.0752568568615001e-26,2.9119106772011656,-0.26708731236427474,2.9999999999999947,-1.9999999999998535,0,4.105192377725969,1.0752568568615001e-26,-0.14512869045901908,1.754858079040523,-2.9999999999999947,1.9999999999998535,1,6.499519929934145,1.1091482935020579e-26,-0.00010272434688894915,-8.595299764678603e-05,-2.999999999999993,-1.9999999999998512,0
4.970000000000001,0.0013087346974790925,1.0956686327840938e-26,2.9489021461772085,1.997454665117747,2.9999999999999933,1.9999999999998521,1,1.505145527815909,1.0690051341876236e-26,2.911618572782266,-0.26723348977573613,2.9999999999999942,-1.999999999999854,0,4.10491951683964,1.0690051341876236e-26,-0.14524300270518106,1.7546400194091358,-2.9999999999999942,1.999999999999854,1,6.499519932484726,1.0956686327840938e-26,-0.00010272370230264059,-8.595268918894401e-05,-2.9999999999999933,-1.9999999999998521,0
4.98,0.001300372659581199,1.0728039924843286e-26,2.949064507949737,1.9974858463133736,2.9999999999999933,1.9999999999998537,1,1.504919009913498,1.052845811582237e-26,2.9113267878740894,-0.26737912938858177,2.9999999999999942,-1.999999999999855,0,4.104646733024658,1.052845811582237e-26,-0.1453572458624159,1.754422695879477,-2.9999999999999942,1.999999999999855,1,6.499519935034519,1.0728039924843286e-26,-0.000102723057791981,-8.595238101182537e-05,-2.9999999999999933,-1.9999999999998537,0
4.99,0.0012920555409983135,1.0598469521160734e-26,2.949226548755571,1.9975165083599438,2.9999999999999933,1.9999999999998546,1,1.5046934563519625,1.040007100349765e-26,2.91103542436562,-0.26752425212180253,2.9999999999999942,-1.999999999999856,0,4.104373981465135,1.040007100349765e-26,-0.14547142927927023,1.7542061801644797,-2.9999999999999942,1.999999999999856,1,6.499519937584253,1.0598469521160734e-26,-0.00010272241313727816,-8.595207308061893e-05,-2.9999999999999933,-1.9999999999998546,0
5.0,0.0012837853839739902,1.0437615852205512e-26,2.949388221287482,1.9975467116958883,2.9999999999999933,1.9999999999998557,1,1.504468859889824,1.0304298359223161e-26,2.9107445307739868,-0.2676688593132974,2.9999999999999942,-1.9999999999998566,0,4.104101285422633,1.0304298359223161e-26,-0.14558554912134877,1.7539904199824812,-2.9999999999999942,1.9999999999998566,1,6.499519940128473,1.0437615852205512e-26,-0.00010272177001158728,-8.595176561284773e-05,-2.9999999999999933,-1.9999999999998557,0
5.010000000000001,0.0012755571847824795,1.0306960764778282e-26,2.9495496186097783,1.9975764928004796,2.999999999999994,1.9999999999998566,1,1.504245233248552,1.0243358854294838e-26,2.9104540071065914,-0.2678129484221866,2.999999999999994,-1.999999999999857,0,4.1038286649638485,1.0243358854294838e-26,-0.1456996018776481,1.753775372461891,-2.999999999999994,1.999999999999857,1,6.499519942672002,1.0306960764778282e-26,-0.00010272112698594258,-8.595145834134664e-05,-2.999999999999994,-1.9999999999998566,0
5.0200000000000005,0.0012673748683785545,1.0211631854762981e-26,2.949710662843449,1.997605776720551,2.999999999999994,1.9999999999998572,1,1.5040225450428653,1.0148325767118995e-26,2.910163938302321,-0.26795653284786725,2.999999999999994,-1.9999999999998577,0,4.103556076485408,1.0148325767118995e-26,-0.1458135943507548,1.753561133792049,-2.999999999999994,1.9999999999998577,1,6.499519945209603,1.0211631854762981e-26,-0.00010272048564024463,-8.595115151275246e-05,-2.999999999999994,-1.9999999999998572,0
5.03,0.0012592372530795092,1.0085216894701314e-26,2.9498713741115896,1.997634545984634,2.999999999999994,1.9999999999998581,1,1.5038007976079077,1.0022305237509938e-26,2.909874312226891,-0.26809961151940376,2.999999999999994,-1.9999999999998586,0,4.103283486247556,1.0022305237509938e-26,-0.14592753592898822,1.7533477299380062,-2.999999999999994,1.9999999999998586,1,6.499519947740919,1.0085216894701314e-26,-0.00010271984605880242,-8.595084518108986e-05,-2.999999999999994,-1.9999999999998581,0
5.04,0.0012511463189991264,9.959590795544867e-27,2.9500317041457818,1.9976628976437545,2.999999999999994,1.999999999999859,1,1.5035799816394282,9.959590795544867e-27,2.909585176073545,-0.2682421869980767,2.999999999999994,-1.999999999999859,0,4.10301092428787,9.959590795544867e-27,-0.14604142406128628,1.7531350664804544,-2.999999999999994,1.999999999999859,1,6.499519950268018,9.959590795544867e-27,-0.0001027192075917316,-8.595053928610263e-05,-2.999999999999994,-1.999999999999859,0
5.05,0.0012431002590119614,9.897073568806102e-27,2.9501916852521726,1.9976908226561654,2.999999999999994,1.9999999999998594,1,1.5033600881289197,9.897073568806102e-27,2.9092964814325954,-0.26838426665228865,2.999999999999994,-1.9999999999998594,0,4.10273837366756,9.897073568806102e-27,-0.1461552627022521,1.752923164313068,-2.999999999999994,1.9999999999998594,1,6.499519952791868,9.897073568806102e-27,-0.0001027185699433548,-8.595023378849234e-05,-2.999999999999994,-1.9999999999998594,0
5.0600000000000005,0.001235098171969314,9.834753557293642e-27,2.9503513322244115,1.9977183050055132,2.999999999999994,1.99999999999986,1,1.5031411063356261,9.897073568806102e-27,2.9090081998225292,-0.2685258578391314,2.999999999999994,-1.9999999999998594,0,4.10246581139492,9.897073568806102e-27,-0.14626905714594687,1.752712053291801,-2.999999999999994,1.9999999999998594,1,6.499519955309619,9.834753557293642e-27,-0.00010271793403460321,-8.594992873003381e-05,-2.999999999999994,-1.99999999999986,0
5.07,0.0012271427337416062,9.772630761007488e-27,2.950510584261975,1.9977454052709729,2.999999999999994,1.9999999999998603,1,1.5029230185607039,9.834753557293642e-27,2.908720399128147,-0.26866696687607694,2.999999999999994,-1.99999999999986,0,4.1021932477558725,9.834753557293642e-27,-0.14638280841456786,1.7525016779858578,-2.999999999999994,1.99999999999986,1,6.499519957822651,9.772630761007488e-27,-0.00010271729942892209,-8.594962407713588e-05,-2.999999999999994,-1.9999999999998603,0
5.08,0.0012192329646158759,9.615524181352066e-27,2.9506694556803312,1.9977721475908519,2.9999999999999942,1.9999999999998614,1,1.5027058206957753,9.744502939355701e-27,2.9084330621786707,-0.2688075966867301,2.9999999999999933,-1.9999999999998606,0,4.101920683229128,9.744502939355701e-27,-0.14649651813314146,1.7522920158089903,-2.9999999999999933,1.9999999999998606,1,6.499519960334861,9.615524181352066e-27,-0.00010271666493742414,-8.59493196636287e-05,-2.9999999999999942,-1.9999999999998614,0
5.09,0.0012113744318329035,9.615524181352066e-27,2.9508278299411606,1.9977985106472254,2.9999999999999942,1.9999999999998614,1,1.5024894846420043,9.744502939355701e-27,2.908146326493169,-0.268947755858504,2.9999999999999933,-1.9999999999998606,0,4.101648100439912,9.744502939355701e-27,-0.14661018938539747,1.7520830994857595,-2.9999999999999933,1.9999999999998606,1,6.499519962839391,9.615524181352066e-27,-0.0001027160327042485,-8.594901570232652e-05,-2.9999999999999942,-1.9999999999998614,0
5.1000000000000005,0.0012035618933662457,9.584783257951734e-27,2.9509858095605592,1.9978244719494513,2.9999999999999942,1.9999999999998617,1,1.5022740310646803,9.713564800729064e-27,2.907860082514673,-0.26908743787123723,2.9999999999999933,-1.9999999999998608,0,4.10137549350227,9.713564800729064e-27,-0.14672382226063752,1.7518749497741206,-2.9999999999999933,1.9999999999998608,1,6.499519965340161,9.584783257951734e-27,-0.00010271540147306894,-8.594871211835286e-05,-2.9999999999999942,-1.9999999999998617,0
5.11,0.0011957947720353343,9.5234493225708e-27,2.951143401955487,1.997850029863562,2.9999999999999942,1.999999999999862,1,1.5020594570835557,9.713564800729064e-27,2.907574306339269,-0.2692266453060805,2.9999999999999933,-1.9999999999998608,0,4.10110287757107,9.713564800729064e-27,-0.14683741013146384,1.7516675798112353,-2.9999999999999933,1.9999999999998608,1,6.499519967833118,9.5234493225708e-27,-0.00010271477253556892,-8.594840900166134e-05,-2.9999999999999942,-1.999999999999862,0
5.12,0.0011880767308189142,9.462312602416172e-27,2.9513005258322806,1.9978752229704124,2.9999999999999942,1.9999999999998626,1,1.50184573247149,9.65183643489552e-27,2.907289082241939,-0.269365390768046,2.9999999999999933,-1.9999999999998612,0,4.1008302263865435,9.65183643489552e-27,-0.14695096416017694,1.7514609651049888,-2.9999999999999933,1.9999999999998612,1,6.499519970323304,9.462312602416172e-27,-0.00010271414429073078,-8.594810623011185e-05,-2.9999999999999942,-1.9999999999998626,0
5.13,0.0011804094670886105,9.462312602416172e-27,2.9514571422942573,1.9979000238246032,2.9999999999999942,1.9999999999998626,1,1.5016328332475224,9.65183643489552e-27,2.907004432520332,-0.26950368653262397,2.9999999999999933,-1.9999999999998612,0,4.100557528145376,9.65183643489552e-27,-0.14706448383325404,1.7512551570682642,-2.9999999999999933,1.9999999999998612,1,6.499519972810995,9.462312602416172e-27,-0.00010271351667050021,-8.59478037690484e-05,-2.9999999999999942,-1.9999999999998626,0
5.140000000000001,0.0011727866542468666,9.431818198048722e-27,2.951613376471551,1.9979244345325031,2.9999999999999942,1.9999999999998628,1,1.5014207985320747,9.621046207688613e-27,2.906720240396657,-0.26964151589548,2.9999999999999933,-1.9999999999998614,0,4.100284772767588,9.621046207688613e-27,-0.14717797396947135,1.7510501389230226,-2.9999999999999933,1.9999999999998614,1,6.499519975296058,9.431818198048722e-27,-0.00010271288969819279,-8.594750165125184e-05,-2.9999999999999942,-1.9999999999998628,0
5.15,0.0011652071907744545,9.431818198048722e-27,2.9517692443466785,1.997948515011386,2.9999999999999942,1.9999999999998628,1,1.5012096217298079,9.621046207688613e-27,2.906436477586756,-0.269778883861013,2.9999999999999933,-1.9999999999998614,0,4.1000119657075995,9.621046207688613e-27,-0.14729143734559674,1.7508458549944486,-2.9999999999999933,1.9999999999998614,1,6.499519977770683,9.431818198048722e-27,-0.00010271226582952921,-8.594720009659032e-05,-2.9999999999999942,-1.9999999999998628,0
5.16,0.0011576731471320408,9.431818198048722e-27,2.951924701605389,1.997972198596217,2.9999999999999942,1.9999999999998628,1,1.500999295229891,9.621046207688613e-27,2.90615320403246,-0.26991579125569465,2.9999999999999933,-1.9999999999998614,0,4.099739058706461,9.621046207688613e-27,-0.14740488379192473,1.7506423845182217,-2.9999999999999933,1.9999999999998614,1,6.499519980237958,9.431818198048722e-27,-0.00010271164408336226,-8.594689903391025e-05,-2.9999999999999942,-1.9999999999998628,0
5.17,0.0011501865327673644,9.431818198048722e-27,2.952079701430366,1.9979954924465408,2.9999999999999942,1.9999999999998628,1,1.5007898167224247,9.621046207688613e-27,2.905870472607575,-0.2700522361881188,2.9999999999999933,-1.9999999999998614,0,4.09946605004248,9.621046207688613e-27,-0.14751831356015466,1.7504397295035643,-2.9999999999999933,1.9999999999998614,1,6.4995199826994385,9.431818198048722e-27,-0.00010271102398991834,-8.594659838871295e-05,-2.9999999999999942,-1.9999999999998628,0
5.180000000000001,0.0011427483826315008,9.431818198048722e-27,2.9522342145009732,1.9980184599615538,2.9999999999999942,1.9999999999998628,1,1.5005811693041358,9.621046207688613e-27,2.905588295587148,-0.27018822738480247,2.9999999999999933,-1.9999999999998614,0,4.099192957872587,9.621046207688613e-27,-0.1476317245660986,1.7502378390480144,-2.9999999999999933,1.9999999999998614,1,6.499519985157057,9.431818198048722e-27,-0.00010271040494935359,-8.594629809655737e-05,-2.9999999999999942,-1.9999999999998628,0
5.19,0.001135356594836923,9.431818198048722e-27,2.952388279935173,1.9980410966990738,2.9999999999999942,1.9999999999998628,1,1.5003733702944093,9.621046207688613e-27,2.905306642872712,-0.2703237561020899,2.9999999999999933,-1.9999999999998614,0,4.098919781682268,9.621046207688613e-27,-0.1477451169541908,1.7500367116837505,-2.9999999999999933,1.9999999999998614,1,6.4995199876101735,9.431818198048722e-27,-0.00010270978713736978,-8.594599821046194e-05,-2.9999999999999942,-1.9999999999998628,0
5.2,0.0011280089648592372,9.431818198048722e-27,2.952541938450795,1.9980634247470501,2.9999999999999942,1.9999999999998628,1,1.5001664257607055,9.621046207688613e-27,2.9050254636652824,-0.2704588212565114,2.9999999999999933,-1.9999999999998614,0,4.0986465253085544,9.621046207688613e-27,-0.14785849113937605,1.7498363254759923,-2.9999999999999933,1.9999999999998614,1,6.499519990057534,9.431818198048722e-27,-0.00010270917094375471,-8.594569877649879e-05,-2.9999999999999942,-1.9999999999998628,0
5.21,0.001120708230692382,9.431818198048722e-27,2.9526951279163027,1.9980854403822803,2.9999999999999942,1.9999999999998628,1,1.499960315436444,9.621046207688613e-27,2.9047448275064074,-0.2705934303969746,2.9999999999999933,-1.9999999999998614,0,4.098373173299365,9.621046207688613e-27,-0.14797185114868333,1.7496366944649018,-2.9999999999999933,1.9999999999998614,1,6.499519992496313,9.431818198048722e-27,-0.00010270855725799029,-8.594539987165459e-05,-2.9999999999999942,-1.9999999999998628,0
5.220000000000001,0.001113455896887413,9.431818198048722e-27,2.952847811851782,1.998107132701461,2.9999999999999942,1.9999999999998628,1,1.4997550277082365,9.621046207688613e-27,2.904464773248679,-0.27072758772192096,2.9999999999999933,-1.9999999999998614,0,4.098099713227039,9.621046207688613e-27,-0.14808519921801766,1.7494378409760474,-2.9999999999999933,1.9999999999998614,1,6.499519994933632,9.431818198048722e-27,-0.00010270794386799963,-8.594510125268178e-05,-2.9999999999999942,-1.9999999999998628,0
5.23,0.0011062525653147243,9.431818198048722e-27,2.9529999721982114,1.9981284986613552,2.9999999999999942,1.9999999999998628,1,1.4995505532976077,9.621046207688613e-27,2.904185309463384,-0.27086129773445067,2.9999999999999933,-1.9999999999998614,0,4.097826154940017,9.621046207688613e-27,-0.1481985302657057,1.749239781661137,-2.9999999999999933,1.9999999999998614,1,6.499519997368067,9.431818198048722e-27,-0.00010270733124729452,-8.594480292171978e-05,-2.9999999999999942,-1.9999999999998628,0
5.24,0.0010990926400409708,9.431818198048722e-27,2.953151725471766,1.9981494720188149,2.9999999999999942,1.9999999999998628,1,1.499346932474541,9.621046207688613e-27,2.903906320264678,-0.2709945431942653,2.9999999999999933,-1.9999999999998614,0,4.097552476881707,9.621046207688613e-27,-0.14831184596772057,1.7490425814697161,-2.9999999999999933,1.9999999999998614,1,6.499519999795711,9.431818198048722e-27,-0.00010270672057203153,-8.594450506903728e-05,-2.9999999999999942,-1.9999999999998628,0
5.25,0.0010919786432778203,9.431818198048722e-27,2.9533030083499314,1.9981701755851813,2.9999999999999942,1.9999999999998628,1,1.4991441559621397,9.621046207688613e-27,2.903627879721534,-0.271127325001256,2.9999999999999933,-1.9999999999998614,0,4.0972787098947965,9.621046207688613e-27,-0.14842514666727652,1.748846111656518,-2.9999999999999933,1.9999999999998614,1,6.499520002218299,9.431818198048722e-27,-0.00010270611129041036,-8.594420765282808e-05,-2.9999999999999942,-1.9999999999998628,0
5.260000000000001,0.001084911363884891,9.431818198048722e-27,2.9534537980501985,1.9981906322048641,2.9999999999999942,1.9999999999998628,1,1.4989422081769024,9.621046207688613e-27,2.9033500048257617,-0.27125965084787107,2.9999999999999933,-1.9999999999998614,0,4.097004857881449,9.621046207688613e-27,-0.14853843241577785,1.7486503543805418,-2.9999999999999933,1.9999999999998614,1,6.499520004630521,9.431818198048722e-27,-0.00010270550508380719,-8.594391080790506e-05,-2.9999999999999942,-1.9999999999998628,0
5.2700000000000005,0.0010778875408685292,9.431818198048722e-27,2.9536041595505322,1.9982108463664097,2.9999999999999942,1.9999999999998628,1,1.498741097610583,9.621046207688613e-27,2.9030726160153097,-0.27139151990537463,2.9999999999999933,-1.9999999999998614,0,4.096730918494208,9.621046207688613e-27,-0.14865170437307695,1.7484553041428714,-2.9999999999999933,1.9999999999998614,1,6.499520007037559,9.431818198048722e-27,-0.00010270490031348255,-8.594361440082798e-05,-2.9999999999999942,-1.9999999999998628,0
5.28,0.0010709086233400382,9.431818198048722e-27,2.9537540591686784,1.9982307619419712,2.9999999999999942,1.9999999999998628,1,1.4985408104902591,9.621046207688613e-27,2.902795750986262,-0.2715229376835245,2.9999999999999933,-1.9999999999998614,0,4.096456860496369,9.621046207688613e-27,-0.14876496748907858,1.7482610273017243,-2.9999999999999933,1.9999999999998614,1,6.499520009443472,9.431818198048722e-27,-0.0001027042957220002,-8.59433182880439e-05,-2.9999999999999942,-1.9999999999998628,0
5.29,0.0010639731146726153,9.431818198048722e-27,2.9539035242818437,1.998250384124828,2.9999999999999942,1.9999999999998628,1,1.4983413678450404,9.621046207688613e-27,2.9025193897620545,-0.2716538927871771,2.9999999999999933,-1.9999999999998614,0,4.096182682554561,9.621046207688613e-27,-0.14887822298970388,1.748067513474791,-2.9999999999999933,1.9999999999998614,1,6.499520011844076,9.431818198048722e-27,-0.00010270369261502722,-8.594302260256823e-05,-2.9999999999999942,-1.9999999999998628,0
5.3,0.0010570793256716247,9.431818198048722e-27,2.954052586756457,1.9982697203779887,2.9999999999999942,1.9999999999998628,1,1.498142767213856,9.621046207688613e-27,2.902243486409354,-0.27178438889173484,2.9999999999999933,-1.9999999999998614,0,4.095908370738327,9.621046207688613e-27,-0.14899147561075055,1.7478747625950797,-2.9999999999999933,1.9999999999998614,1,6.499520014244392,9.431818198048722e-27,-0.00010270308943483695,-8.594272717123396e-05,-2.9999999999999942,-1.9999999999998628,0
5.3100000000000005,0.0010502294329987468,9.431818198048722e-27,2.954201193925374,1.9982887933683278,2.9999999999999942,1.9999999999998628,1,1.4979449931287245,9.621046207688613e-27,2.901968091163581,-0.27191443177505326,2.9999999999999933,-1.9999999999998614,0,4.095633931304967,9.621046207688613e-27,-0.14910472420388182,1.7476827610857544,-2.9999999999999933,1.9999999999998614,1,6.499520016644372,9.431818198048722e-27,-0.00010270248620902357,-8.59424319768722e-05,-2.9999999999999942,-1.9999999999998628,0
5.32,0.0010434233139882051,9.431818198048722e-27,2.95434934329655,1.9983076139565208,2.9999999999999942,1.9999999999998628,1,1.4977480427940817,9.621046207688613e-27,2.9016932016180874,-0.27204402284662904,2.9999999999999933,-1.9999999999998614,0,4.095359373567122,9.621046207688613e-27,-0.14921796603502097,1.7474915012187833,-2.9999999999999933,1.9999999999998614,1,6.4995200190411655,9.431818198048722e-27,-0.00010270188379041556,-8.594213716367561e-05,-2.9999999999999942,-1.9999999999998628,0
5.33,0.0010366584062913846,9.431818198048722e-27,2.9544970852708468,1.9983262127571946,2.9999999999999942,1.9999999999998628,1,1.4975519255423215,9.621046207688613e-27,2.9014187659846584,-0.2721731593169832,2.9999999999999933,-1.9999999999998614,0,4.095084705934519,9.621046207688613e-27,-0.14933120154939647,1.7473009429989308,-2.9999999999999933,1.9999999999998614,1,6.499520021431662,9.431818198048722e-27,-0.00010270128316480797,-8.594184281041054e-05,-2.9999999999999942,-1.9999999999998628,0
5.34,0.001029934143208246,9.431818198048722e-27,2.954644432218304,1.9983444766336715,2.9999999999999942,1.9999999999998628,1,1.4973566425210836,9.621046207688613e-27,2.9011447706082674,-0.2723018409849264,2.9999999999999933,-1.9999999999998614,0,4.094809888401404,9.621046207688613e-27,-0.1494444332832785,1.7471112144378098,-2.9999999999999933,1.9999999999998614,1,6.499520023816144,9.431818198048722e-27,-0.0001027006842690991,-8.594154886920225e-05,-2.9999999999999942,-1.9999999999998628,0
5.3500000000000005,0.0010232550070592603,9.431818198048722e-27,2.9547912764106496,1.9983625246443877,2.9999999999999942,1.9999999999998628,1,1.497162163419261,9.621046207688613e-27,2.900871320015007,-0.27243007908711414,2.9999999999999933,-1.9999999999998614,0,4.094534955915069,9.621046207688613e-27,-0.14955765872767318,1.7469222038343255,-2.9999999999999933,1.9999999999998614,1,6.499520026195059,9.431818198048722e-27,-0.00010270008694115298,-8.594125535995436e-05,-2.9999999999999942,-1.9999999999998628,0
5.36,0.0010166200197105476,9.431818198048722e-27,2.9549376339972646,1.9983803674316027,2.9999999999999942,1.9999999999998628,1,1.4969684868821638,9.621046207688613e-27,2.9005984035214434,-0.2725578746650175,2.9999999999999933,-1.9999999999998614,0,4.094259908279662,9.621046207688613e-27,-0.14967087917640648,1.7467338957848417,-2.9999999999999933,1.9999999999998614,1,6.499520028570442,9.431818198048722e-27,-0.00010269949054407789,-8.594096222124029e-05,-2.9999999999999942,-1.9999999999998628,0
5.37,0.0010100276723992003,9.431818198048722e-27,2.9550835328752765,1.9983980243971797,2.9999999999999942,1.9999999999998628,1,1.4967756229909805,9.621046207688613e-27,2.900326003435748,-0.27268522255181576,2.9999999999999933,-1.9999999999998614,0,4.093984759548469,9.621046207688613e-27,-0.14978409245906055,1.746546257677034,-2.9999999999999933,1.9999999999998614,1,6.499520030942103,9.431818198048722e-27,-0.00010269889515036652,-8.594066943862433e-05,-2.9999999999999942,-1.9999999999998628,0
5.38,0.0010034792476759748,9.431818198048722e-27,2.9552289392577853,1.998415507851433,2.9999999999999942,1.9999999999998628,1,1.496583547644901,9.621046207688613e-27,2.900054142446392,-0.2728121350450392,2.9999999999999933,-1.9999999999998614,0,4.093709515255788,9.621046207688613e-27,-0.14989729698127877,1.7463592841104663,-2.9999999999999933,1.9999999999998614,1,6.499520033309972,9.431818198048722e-27,-0.00010269830076858988,-8.594037703275676e-05,-2.9999999999999942,-1.9999999999998628,0
5.390000000000001,0.000996970187482137,9.431818198048722e-27,2.955373951041285,1.9984327957061527,2.9999999999999942,1.9999999999998628,1,1.4963922849736615,9.621046207688613e-27,2.8997827255997453,-0.27293860333249675,2.9999999999999933,-1.9999999999998614,0,4.0934341611141445,9.621046207688613e-27,-0.15001049689382018,1.7461729832880666,-2.9999999999999933,1.9999999999998614,1,6.499520035670917,9.431818198048722e-27,-0.00010269770839958115,-8.594008507127073e-05,-2.9999999999999942,-1.9999999999998628,0
5.4,0.0009905010992258367,9.431818198048722e-27,2.9555185521013434,1.9984498415272072,2.9999999999999942,1.9999999999998628,1,1.4962018311373737,9.621046207688613e-27,2.8995117772072043,-0.2730646279160609,2.9999999999999933,-1.9999999999998614,0,4.093158674336009,9.621046207688613e-27,-0.1501236955714053,1.7459874055712308,-2.9999999999999933,1.9999999999998614,1,6.499520038024866,9.431818198048722e-27,-0.00010269711803197186,-8.593979360581346e-05,-2.9999999999999942,-1.9999999999998628,0
5.41,0.0009840751886153413,9.431818198048722e-27,2.9556626633099907,1.9984667183991713,2.9999999999999942,1.9999999999998628,1,1.4960121606259504,9.621046207688613e-27,2.899241376845951,-0.27319021860773524,2.9999999999999933,-1.9999999999998614,0,4.092883088005194,9.621046207688613e-27,-0.15023688759614107,1.7458024799635963,-2.9999999999999933,1.9999999999998614,1,6.4995200403731825,9.431818198048722e-27,-0.00010269652925131764,-8.593950257584549e-05,-2.9999999999999942,-1.9999999999998628,0
5.42,0.0009776929053364437,9.431818198048722e-27,2.955806269921487,1.9984834142225343,2.9999999999999942,1.9999999999998628,1,1.4958232495097437,9.621046207688613e-27,2.898971527974883,-0.27331538871172023,2.9999999999999933,-1.9999999999998614,0,4.092607397699528,9.621046207688613e-27,-0.1503500725817714,1.745618226745036,-2.9999999999999933,1.9999999999998614,1,6.499520042714874,9.431818198048722e-27,-0.00010269594238291822,-8.593921198960989e-05,-2.9999999999999942,-1.9999999999998628,0
5.430000000000001,0.0009713512067849999,9.431818198048722e-27,2.9559494359364438,1.9984999269176043,2.9999999999999942,1.9999999999998628,1,1.4956351077727126,9.621046207688613e-27,2.8987021616686874,-0.27344013613925666,2.9999999999999933,-1.9999999999998614,0,4.092331602917451,9.621046207688613e-27,-0.15046325106367442,1.745434640423527,-2.9999999999999933,1.9999999999998614,1,6.499520045051409,9.431818198048722e-27,-0.00010269535697761444,-8.593892178737845e-05,-2.9999999999999942,-1.9999999999998628,0
5.44,0.0009650499671252013,9.431818198048722e-27,2.956092159628482,1.9985162587288579,2.9999999999999942,1.9999999999998628,1,1.4954477295866155,9.621046207688613e-27,2.8984332836942466,-0.2735644636094583,2.9999999999999933,-1.9999999999998614,0,4.092055697293182,9.621046207688613e-27,-0.15057642558672057,1.7452517160720942,-2.9999999999999933,1.9999999999998614,1,6.4995200473833,9.431818198048722e-27,-0.00010269477285383781,-8.593863198543824e-05,-2.9999999999999942,-1.9999999999998628,0
5.45,0.0009587918795723635,9.431818198048722e-27,2.956234374546078,1.9985324211190747,2.9999999999999942,1.9999999999998628,1,1.4952610996795275,9.621046207688613e-27,2.8981649705845776,-0.2736883751352958,2.9999999999999933,-1.9999999999998614,0,4.091779684864912,9.621046207688613e-27,-0.150689595357718,1.7450694452854643,-2.9999999999999933,1.9999999999998614,1,6.49952004971233,9.431818198048722e-27,-0.00010269418946137025,-8.593834251675913e-05,-2.9999999999999942,-1.9999999999998628,0
5.46,0.0009525766658703426,9.431818198048722e-27,2.956376081157083,1.9985484365231683,2.9999999999999942,1.9999999999998628,1,1.4950752101442253,9.621046207688613e-27,2.8978972185573353,-0.2738118751682589,2.9999999999999933,-1.9999999999998614,0,4.091503586970818,9.621046207688613e-27,-0.15080275511217564,1.7448878018101295,-2.9999999999999933,1.9999999999998614,1,6.499520052041317,9.431818198048722e-27,-0.00010269360605563339,-8.59380530893696e-05,-2.9999999999999942,-1.9999999999998628,0
5.470000000000001,0.0009464010350564567,9.431818198048722e-27,2.9565173509839022,1.9985642755641264,2.9999999999999942,1.9999999999998628,1,1.4948900688765718,9.621046207688613e-27,2.8976299535252137,-0.2739349631784168,2.9999999999999933,-1.9999999999998614,0,4.091227388703313,9.621046207688613e-27,-0.15091590803275595,1.7447068071690695,-2.9999999999999933,1.9999999999998614,1,6.499520054376296,9.431818198048722e-27,-0.00010269302226499326,-8.59377612437678e-05,-2.9999999999999942,-1.9999999999998628,0
5.48,0.0009402626106008378,9.431818198048722e-27,2.9566582349483164,1.9985799213379778,2.9999999999999942,1.9999999999998628,1,1.4947056877831997,9.621046207688613e-27,2.89736312494562,-0.27405763495837704,2.9999999999999933,-1.9999999999998614,0,4.090951081453151,9.621046207688613e-27,-0.15102905628509072,1.7445264695228055,-2.9999999999999933,1.9999999999998614,1,6.499520056710773,9.431818198048722e-27,-0.00010269243848915503,-8.593746962637047e-05,-2.9999999999999942,-1.9999999999998628,0
5.49,0.0009341630219662773,9.431818198048722e-27,2.9567986921499783,1.9985953491607504,2.9999999999999942,1.9999999999998628,1,1.4945220566229191,9.621046207688613e-27,2.897096779705458,-0.27417989335537896,2.9999999999999933,-1.9999999999998614,0,4.090674648737046,9.621046207688613e-27,-0.15114220282416807,1.744346819021237,-2.9999999999999933,1.9999999999998614,1,6.499520059040362,9.431818198048722e-27,-0.0001026918561161201,-8.593717834891806e-05,-2.9999999999999942,-1.9999999999998628,0
5.5,0.0009281061101243755,9.431818198048722e-27,2.956938628985199,1.9986105588985437,2.9999999999999942,1.9999999999998628,1,1.494339147724161,9.621046207688613e-27,2.896831018909574,-0.2743017480483197,2.9999999999999933,-1.9999999999998614,0,4.090398094176468,9.621046207688613e-27,-0.15125534517561118,1.7441678676115764,-2.9999999999999933,1.9999999999998614,1,6.4995200613640325,9.431818198048722e-27,-0.00010269127543803932,-8.59368874887311e-05,-2.9999999999999942,-1.9999999999998628,0
5.510000000000001,0.0009220923320121812,9.431818198048722e-27,2.9570780274085573,1.9986256154527193,2.9999999999999942,1.9999999999998628,1,1.4941569445795801,9.621046207688613e-27,2.8965658485825605,-0.2744232078867906,2.9999999999999933,-1.9999999999998614,0,4.090121438567085,9.621046207688613e-27,-0.15136848149860668,1.7439895530752423,-2.9999999999999933,1.9999999999998614,1,6.499520063685466,9.431818198048722e-27,-0.00010269069531436417,-8.59365969150538e-05,-2.9999999999999942,-1.9999999999998628,0
5.5200000000000005,0.0009161195368187858,9.431818198048722e-27,2.957216932659604,1.9986405064969932,2.9999999999999942,1.9999999999998628,1,1.493975460153759,9.621046207688613e-27,2.896301226691305,-0.2745442675276222,2.9999999999999933,-1.9999999999998614,0,4.089844687557191,9.621046207688613e-27,-0.15148160946927441,1.7438118778658405,-2.9999999999999933,1.9999999999998614,1,6.499520066004649,9.431818198048722e-27,-0.00010269011573287736,-8.593630665318548e-05,-2.9999999999999942,-1.9999999999998628,0
5.53,0.0009101845441216857,9.431818198048722e-27,2.957355415614834,1.9986551911437629,2.9999999999999942,1.9999999999998628,1,1.4937946995743931,9.621046207688613e-27,2.896037067607765,-0.2746649288218843,2.9999999999999933,-1.9999999999998614,0,4.089567819970452,9.621046207688613e-27,-0.15159473252652123,1.7436348850365058,-2.9999999999999933,1.9999999999998614,1,6.499520068321384,9.431818198048722e-27,-0.00010268953674517266,-8.593601672566138e-05,-2.9999999999999942,-1.9999999999998628,0
5.54,0.0009042877620634051,9.431818198048722e-27,2.957493462656014,1.9986696590094555,2.9999999999999942,1.9999999999998628,1,1.493614655028207,9.621046207688613e-27,2.895773384168581,-0.27478519522676714,2.9999999999999933,-1.9999999999998614,0,4.089290824999735,9.621046207688613e-27,-0.15170785292013605,1.7434585903160098,-2.9999999999999933,1.9999999999998614,1,6.499520070632983,9.431818198048722e-27,-0.0001026889591901065,-8.59357272157552e-05,-2.9999999999999942,-1.9999999999998628,0
5.55,0.000898430978311659,9.431818198048722e-27,2.95763102559065,1.9986839589204068,2.9999999999999942,1.9999999999998628,1,1.4934353172406287,9.621046207688613e-27,2.8955102366179366,-0.2749050681688216,2.9999999999999933,-1.9999999999998614,0,4.089013718323125,9.621046207688613e-27,-0.15182096976636983,1.7432829409959925,-2.9999999999999933,1.9999999999998614,1,6.4995200729442155,9.431818198048722e-27,-0.00010268838157809131,-8.59354379763645e-05,-2.9999999999999942,-1.9999999999998628,0
5.5600000000000005,0.0008926138208600716,9.431818198048722e-27,2.9577681085548564,1.998698083456688,2.9999999999999942,1.9999999999998628,1,1.49325669019758,9.621046207688613e-27,2.8952476318510887,-0.2750245445913283,2.9999999999999933,-1.9999999999998614,0,4.088736497869626,9.621046207688613e-27,-0.15193408367352537,1.7431079370656009,-2.9999999999999933,1.9999999999998614,1,6.499520075250911,9.431818198048722e-27,-0.00010268780520442168,-8.593514914694592e-05,-2.9999999999999942,-1.9999999999998628,0
5.57,0.000886834333983987,9.431818198048722e-27,2.957904753388229,1.9987120245879142,2.9999999999999942,1.9999999999998628,1,1.4930787671496784,9.621046207688613e-27,2.8949855056508498,-0.27514363198672415,2.9999999999999933,-1.9999999999998614,0,4.088459154884844,9.621046207688613e-27,-0.1520471961516578,1.7429335945284696,-2.9999999999999933,1.9999999999998614,1,6.499520077552568,9.431818198048722e-27,-0.0001026872302649786,-8.593486068465223e-05,-2.9999999999999942,-1.9999999999998628,0
5.58,0.0008810916159574193,9.431818198048722e-27,2.958040976166899,1.9987258136368293,2.9999999999999942,1.9999999999998628,1,1.4929015421837473,9.621046207688613e-27,2.894723827264597,-0.27526233536178607,2.9999999999999933,-1.9999999999998614,0,4.088181701392414,9.621046207688613e-27,-0.15216030574408737,1.7427598814235679,-2.9999999999999933,1.9999999999998614,1,6.499520079851409,9.431818198048722e-27,-0.00010268665607934217,-8.593457250186831e-05,-2.9999999999999942,-1.9999999999998628,0
5.59,0.0008753889550852549,9.431818198048722e-27,2.958176695572047,1.998739398200352,2.9999999999999942,1.9999999999998628,1,1.4927249979080635,9.621046207688613e-27,2.894462693836499,-0.27538065857306404,2.9999999999999933,-1.9999999999998614,0,4.08790411516419,9.621046207688613e-27,-0.15227341437487213,1.7425868615392126,-2.9999999999999933,1.9999999999998614,1,6.499520082153151,9.431818198048722e-27,-0.00010268608213019861,-8.593428251220273e-05,-2.9999999999999942,-1.9999999999998628,0
5.6000000000000005,0.0008697290338634079,9.431818198048722e-27,2.958311838791338,1.998752890234417,2.9999999999999942,1.9999999999998628,1,1.4925491084584857,9.621046207688613e-27,2.894202182131557,-0.275498611583265,2.9999999999999933,-1.9999999999998614,0,4.087626443119238,9.621046207688613e-27,-0.15238651585029986,1.7424144197993945,-2.9999999999999933,1.9999999999998614,1,6.499520084453522,9.431818198048722e-27,-0.00010268550909211135,-8.593399184221234e-05,-2.9999999999999942,-1.9999999999998628,0
5.61,0.0008641074399077587,9.431818198048722e-27,2.958446507594284,1.998766246092769,2.9999999999999942,1.9999999999998628,1,1.4923739066204564,9.621046207688613e-27,2.8939421983574585,-0.2756161807904644,2.9999999999999933,-1.9999999999998614,0,4.0873486810969055,9.621046207688613e-27,-0.1524996093021281,1.7422425807677349,-2.9999999999999933,1.9999999999998614,1,6.499520086750785,9.431818198048722e-27,-0.00010268493683764475,-8.593370155047126e-05,-2.9999999999999942,-1.9999999999998628,0
5.62,0.0008585233608226784,9.431818198048722e-27,2.9585807160535933,1.99877949231371,2.9999999999999942,1.9999999999998628,1,1.4921993810676037,9.621046207688613e-27,2.8936827179525335,-0.27573337396061415,2.9999999999999933,-1.9999999999998614,0,4.087070834654548,9.621046207688613e-27,-0.1526126952980696,1.7420713154157283,-2.9999999999999933,1.9999999999998614,1,6.499520089046464,9.431818198048722e-27,-0.00010268436489983024,-8.59334115758347e-05,-2.9999999999999942,-1.9999999999998628,0
5.63,0.0008529766819791802,9.431818198048722e-27,2.9587144623103523,1.9987926302823746,2.9999999999999942,1.9999999999998628,1,1.4920255201098203,9.621046207688613e-27,2.893423748801407,-0.2758501970826043,2.9999999999999933,-1.9999999999998614,0,4.086792888818496,9.621046207688613e-27,-0.15272577969576737,1.7419006159869506,-2.9999999999999933,1.9999999999998614,1,6.4995200913396864,9.431818198048722e-27,-0.0001026837935503796,-8.593312194710016e-05,-2.9999999999999942,-1.9999999999998628,0
5.640000000000001,0.0008474695961402158,9.431818198048722e-27,2.9588476903751495,1.9988055943650216,2.9999999999999942,1.9999999999998628,1,1.4918523015940057,9.621046207688613e-27,2.8931653508833377,-0.27596665898361133,2.9999999999999933,-1.9999999999998614,0,4.086514827044254,9.621046207688613e-27,-0.15283886106161965,1.7417305612202365,-2.9999999999999933,1.9999999999998614,1,6.499520093634802,9.431818198048722e-27,-0.00010268322150751581,-8.593283241187309e-05,-2.9999999999999942,-1.9999999999998628,0
5.65,0.0008420025242555389,9.431818198048722e-27,2.958980384779437,1.9988183842976475,2.9999999999999942,1.9999999999998628,1,1.4916797207218075,9.621046207688613e-27,2.8929075473583166,-0.27608276067822685,2.9999999999999933,-1.9999999999998614,0,4.086236646793658,9.621046207688613e-27,-0.15295194020620326,1.741561150730595,-2.9999999999999933,1.9999999999998614,1,6.499520095928278,9.431818198048722e-27,-0.00010268264984648948,-8.59325431231875e-05,-2.9999999999999942,-1.9999999999998628,0
5.66,0.0008365756392373909,9.431818198048722e-27,2.9591125381541197,1.9988309224677283,2.9999999999999942,1.9999999999998628,1,1.491507774989301,9.621046207688613e-27,2.8926503475114584,-0.27619850270131413,2.9999999999999933,-1.9999999999998614,0,4.085958311532265,9.621046207688613e-27,-0.15306502163403068,1.741392474933758,-2.9999999999999933,1.9999999999998614,1,6.499520098218916,9.431818198048722e-27,-0.0001026820796396658,-8.593225307318257e-05,-2.9999999999999942,-1.9999999999998628,0
5.67,0.0008311884625739759,9.431818198048722e-27,2.959244155011903,1.9988432699302998,2.9999999999999942,1.9999999999998628,1,1.4913364695133264,9.621046207688613e-27,2.8923937429222293,-0.276313882267318,2.9999999999999933,-1.9999999999998614,0,4.085679850576262,9.621046207688613e-27,-0.15317810067247062,1.7412244705121378,-2.9999999999999933,1.9999999999998614,1,6.499520100509894,9.431818198048722e-27,-0.00010268151033319088,-8.593196150202518e-05,-2.9999999999999942,-1.9999999999998628,0
5.680000000000001,0.0008258399310965943,9.431818198048722e-27,2.95937525611485,1.9988554273901822,2.9999999999999942,1.9999999999998628,1,1.491165809772916,9.621046207688613e-27,2.892137702667635,-0.27642889779388086,2.9999999999999933,-1.9999999999998614,0,4.085401280310476,9.621046207688613e-27,-0.15329117138354004,1.7410571381596787,-2.9999999999999933,1.9999999999998614,1,6.4995201028021485,9.431818198048722e-27,-0.00010268094047790859,-8.593167011555322e-05,-2.9999999999999942,-1.9999999999998628,0
5.69,0.0008205294748760519,9.431818198048722e-27,2.9595058497583975,1.9988674162447633,2.9999999999999942,1.9999999999998628,1,1.4909957971675463,9.621046207688613e-27,2.891882222728174,-0.2765435483967422,2.9999999999999933,-1.9999999999998614,0,4.085122607393598,9.621046207688613e-27,-0.1534042335487258,1.7408904532656542,-2.9999999999999933,1.9999999999998614,1,6.499520105092955,9.431818198048722e-27,-0.00010268037091512225,-8.593137901465302e-05,-2.9999999999999942,-1.9999999999998628,0
5.7,0.000815258228531351,9.431818198048722e-27,2.959635902606789,1.9988792419109953,2.9999999999999942,1.9999999999998628,1,1.4908264167474654,9.621046207688613e-27,2.8916273424813026,-0.276657839952476,2.9999999999999933,-1.9999999999998614,0,4.084843829486837,9.621046207688613e-27,-0.15351728813443338,1.740724412980851,-2.9999999999999933,1.9999999999998614,1,6.4995201073776885,9.431818198048722e-27,-0.00010267980309245197,-8.593108834062738e-05,-2.9999999999999942,-1.9999999999998628,0
5.71,0.0008100286154147709,9.431818198048722e-27,2.9597653490803904,1.9988909029768789,2.9999999999999942,1.9999999999998628,1,1.4906576474712765,9.621046207688613e-27,2.8913731372891585,-0.2767717795834026,2.9999999999999933,-1.9999999999998614,0,4.0845649485895015,9.621046207688613e-27,-0.1536303334817382,1.7405590265518502,-2.9999999999999933,1.9999999999998614,1,6.499520109659249,9.431818198048722e-27,-0.00010267923611958945,-8.593079797820017e-05,-2.9999999999999942,-1.9999999999998628,0
5.720000000000001,0.0008048369062530385,9.431818198048722e-27,2.9598942748243955,1.9989024478850828,2.9999999999999942,1.9999999999998628,1,1.490489519655156,9.621046207688613e-27,2.891119520098484,-0.27688535482785487,2.9999999999999933,-1.9999999999998614,0,4.084285997156764,9.621046207688613e-27,-0.1537433643279106,1.7403942253991145,-2.9999999999999933,1.9999999999998614,1,6.499520111943397,9.431818198048722e-27,-0.00010267866819443165,-8.59305077497452e-05,-2.9999999999999942,-1.9999999999998628,0
5.73,0.0007996812452787404,9.431818198048722e-27,2.9600227207253464,1.9989138911869264,2.9999999999999942,1.9999999999998628,1,1.4903220335868683,9.621046207688613e-27,2.8908664396346615,-0.276998568434802,2.9999999999999933,-1.9999999999998614,0,4.084006977229905,9.621046207688613e-27,-0.1538563815446126,1.740229990981475,-2.9999999999999933,1.9999999999998614,1,6.499520114226801,9.431818198048722e-27,-0.00010267810032790054,-8.593021780625766e-05,-2.9999999999999942,-1.9999999999998628,0
5.74,0.0007945578843929907,9.431818198048722e-27,2.960150775689988,1.9989252485513764,2.9999999999999942,1.9999999999998628,1,1.4901552063038892,9.621046207688613e-27,2.890613803069064,-0.27711141610121376,2.9999999999999933,-1.9999999999998614,0,4.0837278932150705,9.621046207688613e-27,-0.1539693865407631,1.74006628982954,-2.9999999999999933,1.9999999999998614,1,6.4995201165029455,9.431818198048722e-27,-0.00010267753457682721,-8.592992831881485e-05,-2.9999999999999942,-1.9999999999998628,0
5.75,0.0007894687770742981,9.431818198048722e-27,2.960278387899139,1.9989364746089788,2.9999999999999942,1.9999999999998628,1,1.4899890133914468,9.621046207688613e-27,2.890361658575517,-0.27722390866584695,2.9999999999999933,-1.9999999999998614,0,4.0834487387918035,9.621046207688613e-27,-0.15408237619472764,1.7399031793770634,-2.9999999999999933,1.9999999999998614,1,6.499520118771679,9.431818198048722e-27,-0.00010267697103002481,-8.592963923122893e-05,-2.9999999999999942,-1.9999999999998628,0
5.760000000000001,0.0007844139545454867,9.431818198048722e-27,2.960405552763772,1.9989475470801428,2.9999999999999942,1.9999999999998628,1,1.4898234369465295,9.621046207688613e-27,2.8901099988184944,-0.2773360567036333,2.9999999999999933,-1.9999999999998614,0,4.083169510037776,9.621046207688613e-27,-0.15419534893724685,1.739740690723361,-2.9999999999999933,1.9999999999998614,1,6.499520121036713,9.431818198048722e-27,-0.00010267640847556487,-8.592935050495585e-05,-2.9999999999999942,-1.9999999999998628,0
5.7700000000000005,0.0007793934165980746,9.431818198048722e-27,2.9605322657180437,1.9989584704300678,2.9999999999999942,1.9999999999998628,1,1.4896584876103496,9.621046207688613e-27,2.8898588409077464,-0.2774478526632309,2.9999999999999933,-1.9999999999998614,0,4.0828902078234055,9.621046207688613e-27,-0.15430830511898527,1.7395788155083627,-2.9999999999999933,1.9999999999998614,1,6.499520123298268,9.431818198048722e-27,-0.00010267584684818507,-8.592906212664242e-05,-2.9999999999999942,-1.9999999999998628,0
5.78,0.0007744074188981921,9.431818198048722e-27,2.960658516961219,1.998969199289045,2.9999999999999942,1.9999999999998628,1,1.4894941629373497,9.621046207688613e-27,2.889608205090971,-0.2775592963786933,2.9999999999999933,-1.9999999999998614,0,4.082610806390903,9.621046207688613e-27,-0.15442124925877285,1.7394176020683592,-2.9999999999999933,1.9999999999998614,1,6.499520125554092,9.431818198048722e-27,-0.00010267528684929462,-8.592877417233345e-05,-2.9999999999999942,-1.9999999999998628,0
5.79,0.0007694549736293453,9.431818198048722e-27,2.9607843267459257,1.9989797458706897,2.9999999999999942,1.9999999999998628,1,1.4893304770274158,9.621046207688613e-27,2.889358074631338,-0.27767038044236536,2.9999999999999933,-1.9999999999998614,0,4.082331313831884,9.621046207688613e-27,-0.1545341799670915,1.7392570332909925,-2.9999999999999933,1.9999999999998614,1,6.499520127807429,9.431818198048722e-27,-0.00010267472744709247,-8.592848656584441e-05,-2.9999999999999942,-1.9999999999998628,0
5.800000000000001,0.0007645374028274629,9.431818198048722e-27,2.960909656495823,1.9989901235816314,2.9999999999999942,1.9999999999998628,1,1.4891674152383214,9.621046207688613e-27,2.8891084851820703,-0.27778111077075107,2.9999999999999933,-1.9999999999998614,0,4.08205173197002,9.621046207688613e-27,-0.15464709698799395,1.739097103770027,-2.9999999999999933,1.9999999999998614,1,6.499520130055444,9.431818198048722e-27,-0.00010267416953576919,-8.592819938472342e-05,-2.9999999999999942,-1.9999999999998628,0
5.8100000000000005,0.000759654213065463,9.431818198048722e-27,2.9610345117250123,1.9990004252790698,2.9999999999999942,1.9999999999998628,1,1.4890049823689209,9.621046207688613e-27,2.8888594385979136,-0.2778914841540702,2.9999999999999933,-1.9999999999998614,0,4.081772091426257,9.621046207688613e-27,-0.15475999951179137,1.7389377038437546,-2.9999999999999933,1.9999999999998614,1,6.49952013229963,9.431818198048722e-27,-0.00010267361266710109,-8.592791255354997e-05,-2.9999999999999942,-1.9999999999998628,0
5.82,0.0007548049834138971,9.431818198048722e-27,2.9611588995642917,1.999010614447744,2.9999999999999942,1.9999999999998628,1,1.4888431698866529,9.621046207688613e-27,2.8886109249025536,-0.2780015058885095,2.9999999999999933,-1.9999999999998614,0,4.08149237864736,9.621046207688613e-27,-0.1548728887339879,1.738778871387028,-2.9999999999999933,1.9999999999998614,1,6.499520134538903,9.431818198048722e-27,-0.00010267305720640899,-8.592762606714864e-05,-2.9999999999999942,-1.9999999999998628,0
5.83,0.0007499900498096804,9.431818198048722e-27,2.9612828072441384,1.9990206712886787,2.9999999999999942,1.9999999999998628,1,1.4886819856471452,9.621046207688613e-27,2.888362969320864,-0.2781111694782862,2.9999999999999933,-1.9999999999998614,0,4.081212598675814,9.621046207688613e-27,-0.15498576141393294,1.7386206213295172,-2.9999999999999933,1.9999999999998614,1,6.499520136773943,9.431818198048722e-27,-0.00010267250293101657,-8.592733991963696e-05,-2.9999999999999942,-1.9999999999998628,0
5.84,0.0007452073450801626,9.431818198048722e-27,2.9614062822300955,1.9990306502915445,2.9999999999999942,1.9999999999998628,1,1.4885214304303396,9.621046207688613e-27,2.888115503330872,-0.27822047861354354,2.9999999999999933,-1.9999999999998614,0,4.080932779795231,9.621046207688613e-27,-0.15509861294487354,1.7384628945593383,-2.9999999999999933,1.9999999999998614,1,6.499520139007956,9.431818198048722e-27,-0.00010267194888761771,-8.592705393720421e-05,-2.9999999999999942,-1.9999999999998628,0
5.8500000000000005,0.0007404557332984148,9.431818198048722e-27,2.9615293502938655,1.9990405325515022,2.9999999999999942,1.9999999999998628,1,1.4883615016069998,9.621046207688613e-27,2.8878684977040363,-0.27832943644643504,2.9999999999999933,-1.9999999999998614,0,4.080652909853886,9.621046207688613e-27,-0.1552114460420027,1.7383057070218382,-2.9999999999999933,1.9999999999998614,1,6.499520141244403,9.431818198048722e-27,-0.00010267139528987273,-8.592676606923545e-05,-2.9999999999999942,-1.9999999999998628,0
5.86,0.000735739903722341,9.431818198048722e-27,2.961651885629099,1.99905029918343,2.9999999999999942,1.9999999999998628,1,1.4882021561271606,9.621046207688613e-27,2.8876220912275086,-0.2784380586588693,2.9999999999999933,-1.9999999999998614,0,4.080372974484392,9.621046207688613e-27,-0.1553242625647462,1.7381490923903837,-2.9999999999999933,1.9999999999998614,1,6.49952014347601,9.431818198048722e-27,-0.00010267084302863967,-8.592647861696087e-05,-2.9999999999999942,-1.9999999999998628,0
5.87,0.0007310592549334072,9.431818198048722e-27,2.9617738980776505,1.9990599778252833,2.9999999999999942,1.9999999999998628,1,1.4880433926126289,9.621046207688613e-27,2.8873762756810337,-0.2785463462684269,2.9999999999999933,-1.9999999999998614,0,4.080092988390024,9.621046207688613e-27,-0.15543706044655337,1.7379930159344936,-2.9999999999999933,1.9999999999998614,1,6.499520145704019,9.431818198048722e-27,-0.0001026702917352739,-8.592619151273054e-05,-2.9999999999999942,-1.9999999999998628,0
5.88,0.0007264114030482604,9.431818198048722e-27,2.9618954445851986,1.9990695900167936,2.9999999999999942,1.9999999999998628,1,1.4878852257927069,9.621046207688613e-27,2.887130990983198,-0.27865429434149436,2.9999999999999933,-1.9999999999998614,0,4.079812972805306,9.621046207688613e-27,-0.1555498353930241,1.7378374422653735,-2.9999999999999933,1.9999999999998614,1,6.499520147931339,9.431818198048722e-27,-0.00010266974048386206,-8.592590468906966e-05,-2.9999999999999942,-1.9999999999998628,0
5.890000000000001,0.0007217949468680748,9.431818198048722e-27,2.9620165583461002,1.9990791016011844,2.9999999999999942,1.9999999999998628,1,1.487727656215953,9.621046207688613e-27,2.8868861981282974,-0.27876190483186347,2.9999999999999933,-1.9999999999998614,0,4.079532906742643,9.621046207688613e-27,-0.15566259161118737,1.7376824048499608,-2.9999999999999933,1.9999999999998614,1,6.49952015015947,9.431818198048722e-27,-0.00010266918887371708,-8.592561799790842e-05,-2.9999999999999942,-1.9999999999998628,0
5.9,0.0007172102751950616,9.431818198048722e-27,2.962137224846627,1.9990885132610754,2.9999999999999942,1.9999999999998628,1,1.4875706776050277,9.621046207688613e-27,2.886641916133256,-0.27886917986106724,2.9999999999999933,-1.9999999999998614,0,4.079252789434414,9.621046207688613e-27,-0.15577532944210354,1.7375279019425975,-2.9999999999999933,1.9999999999998614,1,6.4995201523863475,9.431818198048722e-27,-0.0001026686375039103,-8.592533157327303e-05,-2.9999999999999942,-1.9999999999998628,0
5.91,0.0007126596334476672,9.431818198048722e-27,2.9622573797281433,1.9990978459611766,2.9999999999999942,1.9999999999998628,1,1.487414269191576,9.621046207688613e-27,2.886398215480485,-0.2789761265638603,2.9999999999999933,-1.9999999999998614,0,4.078972636877873,9.621046207688613e-27,-0.15588804492104408,1.7373739145996572,-2.9999999999999933,1.9999999999998614,1,6.499520154613456,9.431818198048722e-27,-0.00010266808591478359,-8.59250453624016e-05,-2.9999999999999942,-1.9999999999998628,0
5.92,0.0007081411050247932,9.431818198048722e-27,2.9623770688118567,1.9991071064666937,2.9999999999999942,1.9999999999998628,1,1.4872584322045577,9.621046207688613e-27,2.8861550402510687,-0.2790827476171669,2.9999999999999933,-1.9999999999998614,0,4.078692451764863,9.621046207688613e-27,-0.15600073812449838,1.7372204308144776,-2.9999999999999933,1.9999999999998614,1,6.499520156849273,9.431818198048722e-27,-0.00010266753250528219,-8.592475752703833e-05,-2.9999999999999942,-1.9999999999998628,0
5.930000000000001,0.0007036558974092809,9.431818198048722e-27,2.9624962551613367,1.9991163044104439,2.9999999999999942,1.9999999999998628,1,1.4871031418364593,9.621046207688613e-27,2.88591242571114,-0.2791890548157817,2.9999999999999933,-1.9999999999998614,0,4.078412241337969,9.621046207688613e-27,-0.15611340699797055,1.7370674443526486,-2.9999999999999933,1.9999999999998614,1,6.499520159083011,9.431818198048722e-27,-0.00010266698017692385,-8.59244691097801e-05,-2.9999999999999942,-1.9999999999998628,0
5.94,0.0006992040880247831,9.431818198048722e-27,2.9626149333662966,1.9991253750271576,2.9999999999999942,1.9999999999998628,1,1.4869483943322803,9.621046207688613e-27,2.8856703910729213,-0.2792950487700855,2.9999999999999933,-1.9999999999998614,0,4.078131981179387,9.621046207688613e-27,-0.15622605399237288,1.7369150206359487,-2.9999999999999933,1.9999999999998614,1,6.499520161312155,9.431818198048722e-27,-0.00010266642910756454,-8.592418110115939e-05,-2.9999999999999942,-1.9999999999998628,0
5.95,0.0006947823895407549,9.431818198048722e-27,2.962733185542927,1.9991343676856803,2.9999999999999942,1.9999999999998628,1,1.486794208884181,9.621046207688613e-27,2.885428836312425,-0.2794007246835083,2.9999999999999933,-1.9999999999998614,0,4.077851705495204,9.621046207688613e-27,-0.1563386727492023,1.7367630974034212,-2.9999999999999933,1.9999999999998614,1,6.499520163535559,9.431818198048722e-27,-0.00010266587966417108,-8.592389352396457e-05,-2.9999999999999942,-1.9999999999998628,0
5.96,0.0006903906783650628,9.431818198048722e-27,2.962851011745416,1.9991432454313536,2.9999999999999942,1.9999999999998628,1,1.48664057819292,9.621046207688613e-27,2.8851877694140553,-0.27950608600503335,2.9999999999999933,-1.9999999999998614,0,4.07757139131911,9.621046207688613e-27,-0.15645126792793623,1.7366117106445662,-2.9999999999999933,1.9999999999998614,1,6.499520165754528,9.431818198048722e-27,-0.00010266533143902704,-8.59236063369268e-05,-2.9999999999999942,-1.9999999999998628,0
5.970000000000001,0.0006860298956449244,9.431818198048722e-27,2.96296838203299,1.9991520247437076,2.9999999999999942,1.9999999999998628,1,1.4864874935503671,9.621046207688613e-27,2.884947224909232,-0.27961113522417647,2.9999999999999933,-1.9999999999998614,0,4.077291045520104,9.621046207688613e-27,-0.15656383854804345,1.7364608439195948,-2.9999999999999933,1.9999999999998614,1,6.499520167973041,9.431818198048722e-27,-0.00010266478320228566,-8.592331939446348e-05,-2.9999999999999942,-1.9999999999998628,0
5.98,0.000681698770457677,9.431818198048722e-27,2.963085327241968,1.9991606692649642,2.9999999999999942,1.9999999999998628,1,1.486334965904659,9.621046207688613e-27,2.8847071734913428,-0.2797158676645993,2.9999999999999933,-1.9999999999998614,0,4.077010655214151,9.621046207688613e-27,-0.15667638589280758,1.7363105313276326,-2.9999999999999933,1.9999999999998614,1,6.499520170188517,9.431818198048722e-27,-0.00010266423576447449,-8.592303277259373e-05,-2.9999999999999942,-1.9999999999998628,0
5.99,0.0006773988067623057,9.431818198048722e-27,2.9632018011907606,1.9991692305251736,2.9999999999999942,1.9999999999998628,1,1.486182985639956,9.621046207688613e-27,2.884467669295973,-0.27982028501612444,2.9999999999999933,-1.9999999999998614,0,4.076730249124613,9.621046207688613e-27,-0.15678890493847397,1.736160717162387,-2.9999999999999933,1.9999999999998614,1,6.499520172400688,9.431818198048722e-27,-0.00010266368919453275,-8.592274650286013e-05,-2.9999999999999942,-1.9999999999998628,0
6.0,0.00067312949618269,9.431818198048722e-27,2.9633178144968726,1.9991776502693321,2.9999999999999942,1.9999999999998628,1,1.4860315382126346,9.621046207688613e-27,2.8842286913317228,-0.27992439686085213,2.9999999999999933,-1.9999999999998614,0,4.076449804101726,9.621046207688613e-27,-0.15690139721930768,1.7360114717077149,-2.9999999999999933,1.9999999999998614,1,6.49952017460734,9.431818198048722e-27,-0.0001026631441968753,-8.592246063217495e-05,-2.9999999999999942,-1.9999999999998628,0
