step,radius,beta
0,1.069726656647247e-10,0.0
1,1.1407437015718457e-10,0.0
2,1.219433583405795e-10,0.0
3,1.297252257078129e-10,0.0
4,1.37791427227225e-10,0.0
5,1.4578329606896955e-10,0.0
6,1.531148511877188e-10,0.0
7,1.602371716287473e-10,0.0
8,1.6743224454924329e-10,0.0
9,1.7428917785343487e-10,0.0
10,1.8102285925069892e-10,0.0
11,1.8799151792311715e-10,0.0
12,1.94713623816546e-10,0.0
13,2.0141775050804226e-10,0.0
14,2.0850069503506822e-10,0.0
15,2.160517875987e-10,0.0
16,2.2382676672449968e-10,0.0
17,2.3126734444377634e-10,0.0
18,2.386500239747054e-10,0.0
19,2.45919804017923e-10,0.0
20,2.5323013152930865e-10,0.0
21,2.600293209762307e-10,0.0
22,2.670588887770898e-10,0.0
23,2.7410125964625507e-10,0.0
24,2.812102011678084e-10,0.0
25,2.879996911556466e-10,0.0
26,2.9475730694607765e-10,0.0
27,3.016269992310715e-10,0.0
28,3.0846448116755446e-10,0.0
29,3.1575553507160997e-10,0.0
30,3.23239215276873e-10,0.0
31,3.309461071818504e-10,0.0
32,3.384292373632393e-10,0.0
33,3.457894502600432e-10,0.0
34,3.5367935773453713e-10,0.0
35,3.6166109350169517e-10,0.0
36,3.6974692405207996e-10,0.0
37,3.7805448175199646e-10,0.0
38,3.86951394278725e-10,0.0
39,3.956541500237387e-10,0.0
40,4.045100911170631e-10,0.0
41,4.136191479460313e-10,0.0
42,4.222316392622613e-10,0.0
43,4.3074213575996723e-10,0.0
44,4.386910917408981e-10,0.0
45,4.4673173910718355e-10,0.0
46,4.547575950420919e-10,0.0
47,4.627548950629048e-10,0.0
48,4.712609507626954e-10,0.0
49,4.795979355044986e-10,0.0
50,4.876133121286123e-10,0.0
51,4.960083416567494e-10,0.0
52,5.04278767486641e-10,0.0
53,5.126922761020629e-10,0.0
54,5.206549520005602e-10,0.0
55,5.28818104449403e-10,0.0
56,5.371698691252552e-10,0.0
57,5.458418308481781e-10,0.0
58,5.543345664025329e-10,0.0
59,5.626101790304796e-10,0.0
60,5.707462676114694e-10,0.0
61,5.789332420685245e-10,0.0
62,5.868558600526399e-10,0.0
63,5.947557182657719e-10,0.0
64,6.026153645079709e-10,0.0
65,6.102083108765047e-10,0.0
66,6.179427022145175e-10,0.0
67,6.257688168060745e-10,0.0
68,6.336510251824411e-10,0.0
69,6.418532351604949e-10,0.0
70,6.500195325634903e-10,0.0
71,6.578420080046648e-10,0.0
72,6.654503783207723e-10,0.0
73,6.731510824056791e-10,0.0
74,6.812102238794742e-10,0.0
75,6.889897849333015e-10,0.0
76,6.971858589269876e-10,0.0
77,7.050261057519995e-10,0.0
78,7.123577868879284e-10,0.0
79,7.19912651036947e-10,0.0
80,7.263442322605429e-10,0.0
81,7.331109779549544e-10,0.0
82,7.39853778427491e-10,0.0
83,7.46739407935842e-10,0.0
84,7.536808875658827e-10,0.0
85,7.606329512203015e-10,0.0
86,7.67557292730662e-10,0.0
87,7.746112542132953e-10,0.0
88,7.814085412592199e-10,0.0
89,7.876045446341427e-10,0.0
90,7.936685155495771e-10,0.0
91,7.996487125401011e-10,0.0
92,8.061854300413166e-10,0.0
93,8.125604463860509e-10,0.0
94,8.190540409590177e-10,0.0
95,8.258254242240005e-10,0.0
96,8.322117114543991e-10,0.0
97,8.388835720763678e-10,0.0
98,8.45870236474271e-10,0.0
99,8.531988361016415e-10,0.0
100,8.610206305568971e-10,0.0
101,8.690483124140692e-10,0.0
102,8.77254922700496e-10,0.0
103,8.853643405726613e-10,0.0
104,8.937852104163619e-10,0.0
105,9.029983718890853e-10,0.0
106,9.117325403386215e-10,0.0
107,9.203112692247377e-10,0.0
108,9.29022327995479e-10,0.0
109,9.37973880214227e-10,0.0
110,9.46883526968176e-10,0.0
111,9.555538388060496e-10,0.0
112,9.640580019491428e-10,0.0
113,9.730368863201204e-10,0.0
114,9.81851418004126e-10,0.0
115,9.904989627764666e-10,0.0
116,9.992841397125739e-10,0.0
117,1.0078451165390432e-09,0.0
118,1.0165865112076678e-09,0.0
119,1.0262948335793375e-09,0.0
120,1.0360632078831442e-09,0.0
121,1.045022933273149e-09,0.0
122,1.0544181599024785e-09,0.0
123,1.0638109279132163e-09,0.0
124,1.0732266550598946e-09,0.0
125,1.0825171082172838e-09,0.0
126,1.091884218929241e-09,0.0
127,1.1008731158096951e-09,0.0
128,1.1101996688443767e-09,0.0
129,1.1199394121516368e-09,0.0
130,1.1300842614305556e-09,0.0
131,1.1402575522126788e-09,0.0
132,1.1508319838228015e-09,0.0
133,1.1607415297251286e-09,0.0
134,1.1710209342964594e-09,0.0
135,1.1807854351019641e-09,0.0
136,1.1908070343624235e-09,0.0
137,1.2013280322708024e-09,0.0
138,1.211594047715645e-09,0.0
139,1.2211106220604953e-09,0.0
140,1.2306127098909e-09,0.0
141,1.2405483038644e-09,0.0
142,1.2508341456256274e-09,0.0
143,1.2613408243396466e-09,0.0
144,1.2726699764401298e-09,0.0
145,1.2845206213330962e-09,0.0
146,1.2960546893397119e-09,0.0
147,1.3078563502789714e-09,0.0
148,1.319595837987459e-09,0.0
149,1.3307002243116387e-09,0.0
150,1.341657686928531e-09,0.0
151,1.35258428167268e-09,0.0
152,1.3637292523968263e-09,0.0
153,1.3756033744548337e-09,0.0
154,1.3875084277187611e-09,0.0
155,1.39970894944466e-09,0.0
156,1.4107481454924084e-09,0.0
157,1.4212817587836188e-09,0.0
158,1.4311534558894364e-09,0.0
159,1.4410082974283803e-09,0.0
160,1.4505786558632873e-09,0.0
161,1.460138497836278e-09,0.0
162,1.4695182981831445e-09,0.0
163,1.479338046310767e-09,0.0
164,1.489515448673711e-09,0.0
165,1.4999744437928502e-09,0.0
166,1.510644652455934e-09,0.0
167,1.5212987762226663e-09,0.0
168,1.5322002067810033e-09,0.0
169,1.5425777901962758e-09,0.0
170,1.5532100005315037e-09,0.0
171,1.5635060774100932e-09,0.0
172,1.5737305944408534e-09,0.0
173,1.583539830512903e-09,0.0
174,1.593207643104221e-09,0.0
175,1.6034098823642654e-09,0.0
176,1.6142426806532119e-09,0.0
177,1.6247970054294935e-09,0.0
178,1.636100981113713e-09,0.0
179,1.647021172434282e-09,0.0
180,1.6580976051056796e-09,0.0
181,1.6689947338504898e-09,0.0
182,1.6801699228857592e-09,0.0
183,1.6911623369229544e-09,0.0
184,1.7021056057587173e-09,0.0
185,1.7132439999698073e-09,0.0
186,1.7240957852493788e-09,0.0
187,1.7352404810453327e-09,0.0
188,1.7463074055763162e-09,0.0
189,1.7574172727522697e-09,0.0
190,1.768808563474408e-09,0.0
191,1.7806604836181058e-09,0.0
192,1.792256928993067e-09,0.0
193,1.8040308562947461e-09,0.0
194,1.8160050123601383e-09,0.0
195,1.8284159560725822e-09,0.0
196,1.8412204271604772e-09,0.0
197,1.8536187516223734e-09,0.0
198,1.865717745193501e-09,0.0
199,1.8778730808432704e-09,0.0
200,1.8902686648365823e-09,0.0
201,1.9023151991156147e-09,0.0
202,1.9146339868377305e-09,0.0
203,1.926917035366435e-09,0.0
204,1.9392382328790747e-09,0.0
205,1.9511680283327903e-09,0.0
206,1.9632208937120233e-09,0.0
207,1.975421402391004e-09,0.0
208,1.9876500364091635e-09,0.0
209,1.9998254700178803e-09,0.0
210,2.0121080651700104e-09,0.0
211,2.0243359488481055e-09,0.0
212,2.0358661871512604e-09,0.0
213,2.0475875084070857e-09,0.0
214,2.058902577762541e-09,0.0
215,2.0706916603673765e-09,0.0
216,2.082334959362351e-09,0.0
217,2.0938810563611233e-09,0.0
218,2.1055954880097995e-09,0.0
219,2.1171232720874136e-09,0.0
220,2.12890215146476e-09,0.0
221,2.1407987962740327e-09,0.0
222,2.152784511969052e-09,0.0
223,2.164626645599758e-09,0.0
224,2.1764834494138302e-09,0.0
225,2.188594712819295e-09,0.0
226,2.200981904730658e-09,0.0
227,2.21365829889688e-09,0.0
228,2.226372321002817e-09,0.0
229,2.2391371959554393e-09,0.0
230,2.251844553205481e-09,0.0
231,2.2646270621011227e-09,0.0
232,2.2781400980945193e-09,0.0
233,2.291772046901919e-09,0.0
234,2.30572654905634e-09,0.0
235,2.3194629154528214e-09,0.0
236,2.333207873909489e-09,0.0
237,2.3469577753708805e-09,0.0
238,2.360760356821947e-09,0.0
239,2.3745224620467343e-09,0.0
240,2.388447199713352e-09,0.0
241,2.4018268960981336e-09,0.0
242,2.4159692847204658e-09,0.0
243,2.43025173483426e-09,0.0
244,2.4449650719504165e-09,0.0
245,2.45983641227989e-09,0.0
246,2.4747353626589643e-09,0.0
247,2.4895162973559775e-09,0.0
248,2.504136580618329e-09,0.0
249,2.518597987936118e-09,0.0
250,2.533070841292448e-09,0.0
251,2.5477467820088525e-09,0.0
252,2.562010064393588e-09,0.0
253,2.5762209482563764e-09,0.0
254,2.5906741093289e-09,0.0
255,2.6048483153672357e-09,0.0
256,2.6192559022247683e-09,0.0
257,2.6338794395205326e-09,0.0
258,2.649005563634462e-09,0.0
259,2.6651152032534127e-09,0.0
260,2.6805329639562986e-09,0.0
261,2.6962943105488645e-09,0.0
262,2.7120655540672656e-09,0.0
263,2.7275665478580618e-09,0.0
264,2.742558509339514e-09,0.0
265,2.757962315363772e-09,0.0
266,2.7733907677913798e-09,0.0
267,2.788908229050384e-09,0.0
268,2.8045344695428395e-09,0.0
269,2.8202966471265045e-09,0.0
270,2.836806752206574e-09,0.0
271,2.8527015419244106e-09,0.0
272,2.8683883568983606e-09,0.0
273,2.8845890488325706e-09,0.0
274,2.9010553708151205e-09,0.0
275,2.9168390615978722e-09,0.0
276,2.931714304595598e-09,0.0
277,2.9468408622966933e-09,0.0
278,2.962314400865433e-09,0.0
279,2.9779447648560344e-09,0.0
280,2.9933298685717764e-09,0.0
281,3.0090387729918667e-09,0.0
282,3.0243059187169675e-09,0.0
283,3.0396201091994622e-09,0.0
284,3.054878663568831e-09,0.0
285,3.070395390551914e-09,0.0
286,3.085579656794031e-09,0.0
287,3.1008080357155817e-09,0.0
288,3.1159191063960213e-09,0.0
289,3.1310391633806015e-09,0.0
290,3.146590374594192e-09,0.0
291,3.162412860581197e-09,0.0
292,3.178229008679259e-09,0.0
293,3.1935787305235354e-09,0.0
294,3.2086065590364824e-09,0.0
295,3.223541490752436e-09,0.0
296,3.2391398256332332e-09,0.0
297,3.2547882551400275e-09,0.0
298,3.2703013528829335e-09,0.0
299,3.2852508165245125e-09,0.0
300,3.29995008529337e-09,0.0
301,3.3137454706338635e-09,0.0
302,3.3274244199171727e-09,0.0
303,3.3418969137660664e-09,0.0
304,3.356093989512905e-09,0.0
305,3.3694667223266033e-09,0.0
306,3.382109440770069e-09,0.0
307,3.394790335680453e-09,0.0
308,3.4075075830074127e-09,0.0
309,3.420073316218401e-09,0.0
310,3.4332641396088346e-09,0.0
311,3.4467120559541865e-09,0.0
312,3.460493853252359e-09,0.0
313,3.474217595823051e-09,0.0
314,3.4875143178057826e-09,0.0
315,3.5013201634039586e-09,0.0
316,3.5155480577395432e-09,0.0
317,3.5292033056043703e-09,0.0
318,3.5432313316462775e-09,0.0
319,3.557079939343964e-09,0.0
320,3.570668770966647e-09,0.0
321,3.5843931590741974e-09,0.0
322,3.598739612076789e-09,0.0
323,3.612976764072754e-09,0.0
324,3.627364182969578e-09,0.0
325,3.6419792256785433e-09,0.0
326,3.6564021377062136e-09,0.0
327,3.6709769480423914e-09,0.0
328,3.6856862526379406e-09,0.0
329,3.6996000160599775e-09,0.0
330,3.714054563911357e-09,0.0
331,3.728877636313601e-09,0.0
332,3.743586020286751e-09,0.0
333,3.758077527913662e-09,0.0
334,3.772748948726299e-09,0.0
335,3.787915228688281e-09,0.0
336,3.8027026284129275e-09,0.0
337,3.817655052060751e-09,0.0
338,3.832780283132415e-09,0.0
339,3.848787265188874e-09,0.0
340,3.864539986054108e-09,0.0
341,3.88055348212731e-09,0.0
342,3.8959890642334445e-09,0.0
343,3.911439654882369e-09,0.0
344,3.927063040739862e-09,0.0
345,3.943006791530271e-09,0.0
346,3.95962939096352e-09,0.0
347,3.976567805403486e-09,0.0
348,3.993613752178363e-09,0.0
349,4.01031857334533e-09,0.0
350,4.0268798125512134e-09,0.0
351,4.043968213113873e-09,0.0
352,4.061326917070536e-09,0.0
353,4.078701993835385e-09,0.0
354,4.096359183841935e-09,0.0
355,4.113948803867323e-09,0.0
356,4.1317969784364586e-09,0.0
357,4.149654546929764e-09,0.0
358,4.167860900018487e-09,0.0
359,4.185436328377256e-09,0.0
360,4.203371766094496e-09,0.0
361,4.2212855249286605e-09,0.0
362,4.2394043031421884e-09,0.0
363,4.2572074510504065e-09,0.0
364,4.275514454457232e-09,0.0
365,4.293636320595458e-09,0.0
366,4.311798040042602e-09,0.0
367,4.329875012282595e-09,0.0
368,4.3477292386973305e-09,0.0
369,4.365217476804346e-09,0.0
370,4.382849758336161e-09,0.0
371,4.401432798124126e-09,0.0
372,4.419381442311967e-09,0.0
373,4.43654955734523e-09,0.0
374,4.453741448158529e-09,0.0
375,4.471265557743688e-09,0.0
376,4.488010735182102e-09,0.0
377,4.504390251202739e-09,0.0
378,4.5203316167898084e-09,0.0
379,4.536251391378351e-09,0.0
380,4.5524725693811446e-09,0.0
381,4.568844499632735e-09,0.0
382,4.584935561439144e-09,0.0
383,4.601712936542643e-09,0.0
384,4.618596563233921e-09,0.0
385,4.635529875438191e-09,0.0
386,4.652316519206395e-09,0.0
387,4.6690841526188115e-09,0.0
388,4.685821416681175e-09,0.0
389,4.7029625114103e-09,0.0
390,4.719919028307405e-09,0.0
391,4.736814906648104e-09,0.0
392,4.753885790273649e-09,0.0
393,4.770865136659658e-09,0.0
394,4.786956449407641e-09,0.0
395,4.803895438143371e-09,0.0
396,4.820217025509548e-09,0.0
397,4.8362646296543805e-09,0.0
398,4.8521195883388795e-09,0.0
399,4.867456915766432e-09,0.0
400,4.88292424614168e-09,0.0
401,4.898352523491937e-09,0.0
402,4.913885488309024e-09,0.0
403,4.9292273866542725e-09,0.0
404,4.9452169543785915e-09,0.0
405,4.961903190203849e-09,0.0
406,4.978288892217048e-09,0.0
407,4.994329621930739e-09,0.0
408,5.009601459212561e-09,0.0
409,5.024499141212888e-09,0.0
410,5.039414644751514e-09,0.0
411,5.054946531290968e-09,0.0
412,5.070816129594987e-09,0.0
413,5.087204198932872e-09,0.0
414,5.103933435518831e-09,0.0
415,5.121493837695133e-09,0.0
416,5.138660687054597e-09,0.0
417,5.15541040223672e-09,0.0
418,5.172121790109898e-09,0.0
419,5.188559944597175e-09,0.0
420,5.205182734261296e-09,0.0
421,5.221529373628121e-09,0.0
422,5.237494803131987e-09,0.0
423,5.252554948621647e-09,0.0
424,5.267728714027121e-09,0.0
425,5.283171864982222e-09,0.0
426,5.298814129517126e-09,0.0
427,5.3141137368079155e-09,0.0
428,5.329498819722282e-09,0.0
429,5.3447834758784725e-09,0.0
430,5.360137644762151e-09,0.0
431,5.375783333739158e-09,0.0
432,5.391090461899502e-09,0.0
433,5.4052823297582205e-09,0.0
434,5.4195137390046045e-09,0.0
435,5.433786272894259e-09,0.0
436,5.4482702202317355e-09,0.0
437,5.464002422112748e-09,0.0
438,5.479991604435451e-09,0.0
439,5.4957841654825206e-09,0.0
440,5.51144865755401e-09,0.0
441,5.526922772561544e-09,0.0
442,5.5427211082978855e-09,0.0
443,5.558543178874057e-09,0.0
444,5.5743372519020075e-09,0.0
445,5.589788110550595e-09,0.0
446,5.604448332914837e-09,0.0
447,5.6188520668389055e-09,0.0
448,5.633371294925197e-09,0.0
449,5.648142859594663e-09,0.0
450,5.663180809284667e-09,0.0
451,5.678607395122113e-09,0.0
452,5.694491376186832e-09,0.0
453,5.710024446816643e-09,0.0
454,5.725764754702303e-09,0.0
455,5.740579924137319e-09,0.0
456,5.755517101797232e-09,0.0
457,5.770581422001069e-09,0.0
458,5.786482351436653e-09,0.0
459,5.80304949292902e-09,0.0
460,5.8195613352757534e-09,0.0
461,5.8362855593980185e-09,0.0
462,5.852850519343299e-09,0.0
463,5.8697205822077024e-09,0.0
464,5.886127853528947e-09,0.0
465,5.902811723064101e-09,0.0
466,5.920067456221205e-09,0.0
467,5.936958021432767e-09,0.0
468,5.953906308855952e-09,0.0
469,5.971029776275552e-09,0.0
470,5.988062794106245e-09,0.0
471,6.004534768300094e-09,0.0
472,6.021363339081509e-09,0.0
473,6.037841926047542e-09,0.0
474,6.055037286307126e-09,0.0
475,6.0718730980603e-09,0.0
476,6.089142842591046e-09,0.0
477,6.10622431229091e-09,0.0
478,6.123472049009783e-09,0.0
479,6.1413966475043e-09,0.0
480,6.159213365367834e-09,0.0
481,6.176267104842734e-09,0.0
482,6.193104419360757e-09,0.0
483,6.210466013595142e-09,0.0
484,6.228474698411723e-09,0.0
485,6.246325774631505e-09,0.0
486,6.2641749073753725e-09,0.0
487,6.282297433129576e-09,0.0
488,6.300140949822319e-09,0.0
489,6.318376097749085e-09,0.0
490,6.336672783003146e-09,0.0
491,6.355597032601517e-09,0.0
492,6.375161097979191e-09,0.0
493,6.394594341457453e-09,0.0
494,6.414999169932895e-09,0.0
495,6.4349116232584016e-09,0.0
496,6.454382618951527e-09,0.0
497,6.474237127480599e-09,0.0
498,6.49346649845072e-09,0.0
499,6.5127180701069215e-09,0.0
500,6.5317096976169145e-09,0.0
501,6.5505929128507375e-09,0.0
502,6.569437176054e-09,0.0
503,6.5887241831449634e-09,0.0
504,6.60797462874245e-09,0.0
505,6.62731830211522e-09,0.0
506,6.646469994286063e-09,0.0
507,6.666045037586601e-09,0.0
508,6.685744384504924e-09,0.0
509,6.705356128812589e-09,0.0
510,6.724948838941612e-09,0.0
511,6.74435553327814e-09,0.0
512,6.7628138491590015e-09,0.0
513,6.781410035125861e-09,0.0
514,6.799628667300225e-09,0.0
515,6.8192860090953495e-09,0.0
516,6.839188565947891e-09,0.0
517,6.8593665869544814e-09,0.0
518,6.88008680442018e-09,0.0
519,6.901439449372873e-09,0.0
520,6.921871969730254e-09,0.0
521,6.942257125211716e-09,0.0
522,6.962180316154253e-09,0.0
523,6.982787734882832e-09,0.0
524,7.002551380036175e-09,0.0
525,7.022880124283684e-09,0.0
526,7.043653496577585e-09,0.0
527,7.064603045937145e-09,0.0
528,7.08631993393457e-09,0.0
529,7.108058792483105e-09,0.0
530,7.130203712685395e-09,0.0
531,7.152881262936175e-09,0.0
532,7.175736484223502e-09,0.0
533,7.198616408684746e-09,0.0
534,7.221180583609016e-09,0.0
535,7.244479488794169e-09,0.0
536,7.267265112929986e-09,0.0
537,7.2894911060455746e-09,0.0
538,7.31113878035826e-09,0.0
539,7.3329727565782545e-09,0.0
540,7.354503885681467e-09,0.0
541,7.3756720194172996e-09,0.0
542,7.395939076799116e-09,0.0
543,7.416520080774603e-09,0.0
544,7.4368096455384835e-09,0.0
545,7.457778800659548e-09,0.0
546,7.478467098299754e-09,0.0
547,7.499044670828567e-09,0.0
548,7.519951050471666e-09,0.0
549,7.540451391731254e-09,0.0
550,7.561098020038626e-09,0.0
551,7.582150539848112e-09,0.0
552,7.6038490878397e-09,0.0
553,7.625798697216165e-09,0.0
554,7.647616138598226e-09,0.0
555,7.669362731600196e-09,0.0
556,7.690955866284016e-09,0.0
557,7.711701863810885e-09,0.0
558,7.733238096798133e-09,0.0
559,7.755425204785489e-09,0.0
560,7.777469384154022e-09,0.0
561,7.799286360992155e-09,0.0
562,7.82163406464388e-09,0.0
563,7.843411152348234e-09,0.0
564,7.864664895971515e-09,0.0
565,7.88573034012202e-09,0.0
566,7.907256259983909e-09,0.0
567,7.928780160188001e-09,0.0
568,7.950559192746498e-09,0.0
569,7.972828542331513e-09,0.0
570,7.995740070270034e-09,0.0
571,8.018397543750605e-09,0.0
572,8.042102753012518e-09,0.0
573,8.064934904368987e-09,0.0
574,8.08659550410295e-09,0.0
575,8.107652513649358e-09,0.0
576,8.12875445324589e-09,0.0
577,8.149904805404487e-09,0.0
578,8.171785003629018e-09,0.0
579,8.193669922350178e-09,0.0
580,8.215526886925721e-09,0.0
581,8.237692777324334e-09,0.0
582,8.26057547990746e-09,0.0
583,8.283887541954413e-09,0.0
584,8.30806792079356e-09,0.0
585,8.33130872504281e-09,0.0
586,8.355297348658436e-09,0.0
587,8.379413605952558e-09,0.0
588,8.402818509183947e-09,0.0
589,8.425785192157004e-09,0.0
590,8.449113588559042e-09,0.0
591,8.472741563616343e-09,0.0
592,8.495640277326652e-09,0.0
593,8.519266061508835e-09,0.0
594,8.542880277632876e-09,0.0
595,8.567173487903382e-09,0.0
596,8.590629526861776e-09,0.0
597,8.613790005665e-09,0.0
598,8.637218658492294e-09,0.0
599,8.660357440941037e-09,0.0
600,8.683073201433167e-09,0.0
601,8.705898495171149e-09,0.0
602,8.728388400571584e-09,0.0
603,8.75098377535814e-09,0.0
604,8.77375386355604e-09,0.0
605,8.796333502994392e-09,0.0
606,8.818747106753648e-09,0.0
607,8.842021874898398e-09,0.0
608,8.864928243507355e-09,0.0
609,8.887582587173383e-09,0.0
610,8.910030210653236e-09,0.0
611,8.93318149196926e-09,0.0
612,8.95607749234818e-09,0.0
613,8.979071558635388e-09,0.0
614,9.001883165282518e-09,0.0
615,9.025115638786251e-09,0.0
616,9.048994927116184e-09,0.0
617,9.072883382884194e-09,0.0
618,9.097932760695788e-09,0.0
619,9.123176780308774e-09,0.0
620,9.148034012085108e-09,0.0
621,9.172366015813942e-09,0.0
622,9.196077463619369e-09,0.0
623,9.22087327165377e-09,0.0
624,9.245202282416613e-09,0.0
625,9.269191573629987e-09,0.0
626,9.29300901201086e-09,0.0
627,9.317042865290987e-09,0.0
628,9.342323938799377e-09,0.0
629,9.367330516446564e-09,0.0
630,9.391984588582569e-09,0.0
631,9.416927318828572e-09,0.0
632,9.440929320696194e-09,0.0
633,9.46510386877605e-09,0.0
634,9.488623087036437e-09,0.0
635,9.511953515969093e-09,0.0
636,9.534420437401143e-09,0.0
637,9.557425032870815e-09,0.0
638,9.579628270690017e-09,0.0
639,9.60207977035696e-09,0.0
640,9.624534153704298e-09,0.0
641,9.647376436286585e-09,0.0
642,9.670004180451707e-09,0.0
643,9.69299782178786e-09,0.0
644,9.71657678968726e-09,0.0
645,9.73960077927491e-09,0.0
646,9.762731733484036e-09,0.0
647,9.785874925298827e-09,0.0
648,9.808736432195655e-09,0.0
649,9.832357551259486e-09,0.0
650,9.856013172497287e-09,0.0
651,9.879104953763948e-09,0.0
652,9.90217304738515e-09,0.0
653,9.925589315159569e-09,0.0
654,9.948839506529099e-09,0.0
655,9.972449581639966e-09,0.0
656,9.996064228920985e-09,0.0
657,1.0020409365320074e-08,0.0
658,1.0045454203234495e-08,0.0
659,1.007146556561633e-08,0.0
660,1.0095910764368554e-08,0.0
661,1.0120201905693584e-08,0.0
662,1.0143958678522358e-08,0.0
663,1.0167766307587238e-08,0.0
664,1.0191956419790669e-08,0.0
665,1.021614332032746e-08,0.0
666,1.0240258643481979e-08,0.0
667,1.026379809871168e-08,0.0
668,1.0287293268541523e-08,0.0
669,1.0310885309756797e-08,0.0
670,1.0334992999832556e-08,0.0
671,1.0358944244569607e-08,0.0
672,1.0383743558191537e-08,0.0
673,1.0408199873931092e-08,0.0
674,1.0433211550821133e-08,0.0
675,1.0458581893498017e-08,0.0
676,1.0483884042725388e-08,0.0
677,1.0508182155345228e-08,0.0
678,1.0532335075852901e-08,0.0
679,1.0556219779650713e-08,0.0
680,1.0579875144790463e-08,0.0
681,1.0603699578169149e-08,0.0
682,1.0627161236907715e-08,0.0
683,1.0650691726012388e-08,0.0
684,1.0674183554954129e-08,0.0
685,1.0697775336147479e-08,0.0
686,1.0720844097962337e-08,0.0
687,1.0743665889195323e-08,0.0
688,1.0766352398478512e-08,0.0
689,1.0789579390471688e-08,0.0
690,1.081308389254168e-08,0.0
691,1.0836847116976349e-08,0.0
692,1.0860432419015797e-08,0.0
693,1.0883666748750157e-08,0.0
694,1.0907210289695914e-08,0.0
695,1.0930902579154032e-08,0.0
696,1.0954620681824313e-08,0.0
697,1.0977890085315563e-08,0.0
698,1.1001850545612175e-08,0.0
699,1.1025996935265758e-08,0.0
700,1.1051038535508566e-08,0.0
701,1.1076027316447143e-08,0.1
702,1.1100930291205658e-08,0.0
703,1.112612185762047e-08,0.0
704,1.1151250822491036e-08,0.0
705,1.117613573012206e-08,0.0
706,1.120135210358679e-08,0.0
707,1.1226836328286203e-08,0.0
708,1.125168649751055e-08,0.0
709,1.1277343076106353e-08,0.0
710,1.1303173714152615e-08,0.0
711,1.132960179280894e-08,0.0
712,1.1356259262948009e-08,0.0
713,1.1382849401579061e-08,0.0
714,1.1408495539132179e-08,0.0
715,1.1434457401005337e-08,0.0
716,1.1460434499624145e-08,0.0
717,1.1486670290089825e-08,0.0
718,1.1512978606365607e-08,0.0
719,1.1540059152258613e-08,0.0
720,1.1567340279362338e-08,0.0
721,1.159393789379429e-08,0.0
722,1.162120743267868e-08,0.0
723,1.164769981401433e-08,0.0
724,1.1674113188144597e-08,0.0
725,1.1700430611648823e-08,0.0
726,1.1726975353583921e-08,0.0
727,1.1754530130370071e-08,0.0
728,1.1782001710032928e-08,0.0
729,1.1809361457572442e-08,0.0
730,1.183680008755509e-08,0.0
731,1.1864181785702904e-08,0.0
732,1.1892139637886748e-08,0.0
733,1.1920162171779136e-08,0.0
734,1.1948121774494335e-08,0.0
735,1.1975481052325408e-08,0.0
736,1.2003030943947818e-08,0.0
737,1.2031446982877809e-08,0.0
738,1.205942784994943e-08,0.0
739,1.2087911657682794e-08,0.0
740,1.2116505178298652e-08,0.0
741,1.2145377565335476e-08,0.0
742,1.2174267702158241e-08,0.0
743,1.220254314582191e-08,0.0
744,1.2230353987200849e-08,0.0
745,1.2258812325748206e-08,0.0
746,1.2286727025366607e-08,0.0
747,1.231527538802502e-08,0.0
748,1.2344468240080123e-08,0.0
749,1.2373885347397451e-08,0.0
750,1.2403849238302813e-08,0.0
751,1.2434620720041857e-08,0.0
752,1.246572073565739e-08,0.0
753,1.2497921811173053e-08,0.0
754,1.252974019276629e-08,0.0
755,1.2561840552987189e-08,0.0
756,1.2593900371779777e-08,0.0
757,1.2624953858746965e-08,0.0
758,1.2655918061728158e-08,0.0
759,1.2685870381820355e-08,0.0
760,1.2716215003205065e-08,0.0
761,1.2746861197420725e-08,0.0
762,1.2777193561382811e-08,0.0
763,1.2807714734670173e-08,0.0
764,1.2838104571281638e-08,0.0
765,1.2868022696159571e-08,0.0
766,1.289896133882093e-08,0.0
767,1.2930693487455813e-08,0.0
768,1.2961192352865817e-08,0.0
769,1.2990911041994999e-08,0.0
770,1.3020412301490393e-08,0.0
771,1.3050616742486702e-08,0.0
772,1.308022769790425e-08,0.0
773,1.3110825821936899e-08,0.0
774,1.3141757482964075e-08,0.0
775,1.3173312072178902e-08,0.0
776,1.3205363000483766e-08,0.0
777,1.3237368791624023e-08,0.0
778,1.3268398171619443e-08,0.0
779,1.3299669538565235e-08,0.0
780,1.3329652249116292e-08,0.0
781,1.3359150006118838e-08,0.0
782,1.3387229660444863e-08,0.0
783,1.34159271126066e-08,0.0
784,1.3444945828954481e-08,0.0
785,1.347475421827005e-08,0.0
786,1.3504795805720101e-08,0.0
787,1.353509469877492e-08,0.0
788,1.3565364920181637e-08,0.0
789,1.35961322249797e-08,0.0
790,1.362785750931774e-08,0.0
791,1.365947510954349e-08,0.0
792,1.3691745626067382e-08,0.0
793,1.3723912812355092e-08,0.0
794,1.3755437390499257e-08,0.0
795,1.3786765910396217e-08,0.0
796,1.3817431361463658e-08,0.0
797,1.3848847196484153e-08,0.0
798,1.3879895427550384e-08,0.0
799,1.3911737907910274e-08,0.0
800,1.394273438164396e-08,0.0
801,1.3972641830590837e-08,0.0
802,1.400257019126732e-08,0.0
803,1.4031923241224931e-08,0.0
804,1.4060557287848415e-08,0.0
805,1.4089694522611412e-08,0.0
806,1.4119127207211579e-08,0.0
807,1.4148488639705906e-08,0.0
808,1.417863952987617e-08,0.0
809,1.4208880292273135e-08,0.0
810,1.4239074411275378e-08,0.0
811,1.4269810521255593e-08,0.0
812,1.4302441343670878e-08,0.0
813,1.4335484325581354e-08,0.0
814,1.4368390749776184e-08,0.0
815,1.4401174412935004e-08,0.0
816,1.443314516182373e-08,0.0
817,1.446467838024045e-08,0.0
818,1.4495667886397502e-08,0.0
819,1.4527055364936683e-08,0.0
820,1.455872297354832e-08,0.0
821,1.459046134156923e-08,0.0
822,1.4621944075293262e-08,0.0
823,1.465311296065157e-08,0.0
824,1.468469352588327e-08,0.0
825,1.4716172187370826e-08,0.0
826,1.4748335903204043e-08,0.0
827,1.4780661067842261e-08,0.0
828,1.4812680966906235e-08,0.0
829,1.4844858679262909e-08,0.0
830,1.4877730204853094e-08,0.0
831,1.4910501494795147e-08,0.0
832,1.494253280145403e-08,0.0
833,1.497277564950561e-08,0.0
834,1.500238168387932e-08,0.0
835,1.5031906666393267e-08,0.0
836,1.5061698862015556e-08,0.0
837,1.5092560037451754e-08,0.0
838,1.5124030927567176e-08,0.0
839,1.515564039822667e-08,0.0
840,1.5187725378428693e-08,0.0
841,1.5220624666452038e-08,0.0
842,1.5254227823159415e-08,0.0
843,1.528812643476127e-08,0.0
844,1.5322189002345266e-08,0.0
845,1.53572991537629e-08,0.0
846,1.5393152285220782e-08,0.0
847,1.5428458503956997e-08,0.0
848,1.54631826262176e-08,0.0
849,1.5498381820970458e-08,0.0
850,1.5534002753769223e-08,0.0
851,1.5570313675023558e-08,0.0
852,1.560653331932172e-08,0.0
853,1.5642493489074028e-08,0.0
854,1.5678583986135544e-08,0.0
855,1.5713795536147634e-08,0.0
856,1.57486152133248e-08,0.0
857,1.578356854099102e-08,0.0
858,1.581828040218028e-08,0.0
859,1.5853040913956646e-08,0.0
860,1.5887421989954663e-08,0.0
861,1.5922560422886673e-08,0.0
862,1.595817212603739e-08,0.0
863,1.599387548223359e-08,0.0
864,1.6030382775796455e-08,0.0
865,1.6067300682892716e-08,0.0
866,1.6104105559928255e-08,0.0
867,1.61406110294894e-08,0.0
868,1.6176796337775978e-08,0.0
869,1.6213137572313933e-08,0.0
870,1.6249473003574642e-08,0.0
871,1.6286331306255622e-08,0.0
872,1.6323614775101967e-08,0.0
873,1.6360235790765814e-08,0.0
874,1.6397098446475093e-08,0.0
875,1.643459770688938e-08,0.0
876,1.6471133723146274e-08,0.0
877,1.650759924235618e-08,0.0
878,1.654503463557371e-08,0.0
879,1.6583345146992997e-08,0.0
880,1.6621046149156373e-08,0.0
881,1.6658660501135203e-08,0.0
882,1.6696807171751576e-08,0.0
883,1.6736605098952423e-08,0.0
884,1.6775748029670525e-08,0.0
885,1.6813818813077033e-08,0.0
886,1.6851709411380937e-08,0.0
887,1.6890257813142177e-08,0.0
888,1.6929500280972597e-08,0.0
889,1.6968522085392126e-08,0.0
890,1.700812580809542e-08,0.0
891,1.7047402035907063e-08,0.0
892,1.708574648505069e-08,0.0
893,1.712323473595855e-08,0.0
894,1.7161246636676516e-08,0.0
895,1.7199593522832133e-08,0.0
896,1.7238647632184638e-08,0.0
897,1.7277611077970587e-08,0.0
898,1.7315664749416708e-08,0.0
899,1.7353537391065294e-08,0.0
900,1.7391132728243597e-08,0.0
901,1.7429059053000783e-08,0.0
902,1.7468407881483172e-08,0.0
903,1.750935302981611e-08,0.0
904,1.7549290914889713e-08,0.0
905,1.7588562557794627e-08,0.0
906,1.762803130834025e-08,0.0
907,1.766783085162281e-08,0.0
908,1.7707501583832337e-08,0.0
909,1.7747853090979403e-08,0.0
910,1.7788771773293175e-08,0.0
911,1.782859075026207e-08,0.0
912,1.7868128349329297e-08,0.0
913,1.79075669939728e-08,0.0
914,1.7947287130971554e-08,0.0
915,1.7987379456464923e-08,0.0
916,1.802753242051588e-08,0.0
917,1.8067681225171994e-08,0.0
918,1.8107295805517357e-08,0.0
919,1.8146591495276823e-08,0.0
920,1.818679578325139e-08,0.0
921,1.8227331226326318e-08,0.0
922,1.826827217715625e-08,0.0
923,1.8309777195475214e-08,0.0
924,1.8351818792354055e-08,0.0
925,1.8393456741358223e-08,0.0
926,1.8434212764933762e-08,0.0
927,1.8475072592915342e-08,0.0
928,1.8516272617036734e-08,0.0
929,1.8557214517832e-08,0.0
930,1.8598243446180644e-08,0.0
931,1.8638636061495716e-08,0.0
932,1.86783201763368e-08,0.0
933,1.871776342522807e-08,0.0
934,1.8757287311486754e-08,0.0
935,1.8796802416194743e-08,0.0
936,1.8835768620951902e-08,0.0
937,1.8873656298055995e-08,0.0
938,1.891088292557611e-08,0.0
939,1.894814139231597e-08,0.0
940,1.898626052320654e-08,0.0
941,1.9024352007341862e-08,0.0
942,1.9062336630185297e-08,0.0
943,1.9099266415637985e-08,0.0
944,1.9136750416279657e-08,0.0
945,1.9175277498730372e-08,0.0
946,1.9214751467252163e-08,0.0
947,1.9255029826558002e-08,0.0
948,1.9294814513573915e-08,0.0
949,1.9333377358891267e-08,0.0
950,1.937181362912498e-08,0.0
951,1.9409975707572117e-08,0.0
952,1.944842923464234e-08,0.0
953,1.9487467773945456e-08,0.0
954,1.952680478503394e-08,0.0
955,1.9565969071218e-08,0.0
956,1.960533589077091e-08,0.0
957,1.9644462524262316e-08,0.0
958,1.9682822412379583e-08,0.0
959,1.9721338753550428e-08,0.0
960,1.975972257413958e-08,0.0
961,1.979836467498929e-08,0.0
962,1.9837417015073565e-08,0.0
963,1.9876960885481692e-08,0.0
964,1.991606653107587e-08,0.0
965,1.9955433298765552e-08,0.0
966,1.9995537000329744e-08,0.0
967,2.0036549802914407e-08,0.0
968,2.007741494606566e-08,0.0
969,2.011797715946676e-08,0.0
970,2.0158842265285774e-08,0.0
971,2.019936435556096e-08,0.0
972,2.0240040089279444e-08,0.0
973,2.0280418852386905e-08,0.0
974,2.032201986101626e-08,0.0
975,2.036333806436696e-08,0.0
976,2.0404178691623054e-08,0.0
977,2.0444763211346026e-08,0.0
978,2.0486387242668712e-08,0.0
979,2.0528387162223745e-08,0.0
980,2.057160801863042e-08,0.0
981,2.061405863548797e-08,0.0
982,2.0656865004876406e-08,0.0
983,2.069930965792231e-08,0.0
984,2.0741576029180456e-08,0.0
985,2.0783459356157587e-08,0.0
986,2.0825262544227778e-08,0.0
987,2.0867204852357085e-08,0.0
988,2.090881402628921e-08,0.0
989,2.0951468207246076e-08,0.0
990,2.0994091181118334e-08,0.0
991,2.1036454141444156e-08,0.0
992,2.1079492730026093e-08,0.0
993,2.1122178353815167e-08,0.0
994,2.1164782360610825e-08,0.0
995,2.1207490140900185e-08,0.0
996,2.1250310117760997e-08,0.0
997,2.129416693006367e-08,0.0
998,2.1337478497732943e-08,0.0
999,2.1379542513772962e-08,0.0
1000,2.1421081772372886e-08,0.0
1001,2.1463229056672336e-08,0.0
1002,2.1505519164014142e-08,0.0
1003,2.1548127633715597e-08,0.0
1004,2.1590674442707815e-08,0.0
1005,2.1633430408287785e-08,0.0
1006,2.167593020969138e-08,0.0
1007,2.1718631127979468e-08,0.0
1008,2.1761137308156753e-08,0.0
1009,2.1803743146211527e-08,0.0
1010,2.184616029925442e-08,0.0
1011,2.1888095639907674e-08,0.0
1012,2.192985694845288e-08,0.0
1013,2.1972596690698605e-08,0.0
1014,2.2015636765647173e-08,0.0
1015,2.2058515953928396e-08,0.0
1016,2.210085937551108e-08,0.0
1017,2.2143385901941807e-08,0.0
1018,2.2185595956351497e-08,0.0
1019,2.2228565033044787e-08,0.0
1020,2.2271184989069583e-08,0.0
1021,2.2313815598614636e-08,0.0
1022,2.2355616749099268e-08,0.0
1023,2.239755090155401e-08,0.0
1024,2.2439930014469862e-08,0.0
1025,2.248295637602725e-08,0.0
1026,2.2526267837040786e-08,0.0
1027,2.257029261286184e-08,0.0
1028,2.261472499753477e-08,0.0
1029,2.2659074094538633e-08,0.0
1030,2.2703742411989725e-08,0.0
1031,2.2749322921767208e-08,0.0
1032,2.2795084689602484e-08,0.0
1033,2.2842472186636972e-08,0.0
1034,2.2890121626298028e-08,0.0
1035,2.293689890412276e-08,0.0
1036,2.29830317962638e-08,0.0
1037,2.302922516241652e-08,0.0
1038,2.307569245462123e-08,0.0
1039,2.3121798224101415e-08,0.0
1040,2.316839528488609e-08,0.0
1041,2.3215147413020336e-08,0.0
1042,2.3263178260984584e-08,0.0
1043,2.3310810415260396e-08,0.0
1044,2.335819709317126e-08,0.0
1045,2.3404956119634235e-08,0.0
1046,2.3451228869313463e-08,0.0
1047,2.349724255583233e-08,0.0
1048,2.3543012390966564e-08,0.0
1049,2.3589021876124473e-08,0.0
1050,2.3634924719590695e-08,0.0
1051,2.368048791979168e-08,0.0
1052,2.3726320508013046e-08,0.0
1053,2.37726381447715e-08,0.0
1054,2.3818939643910344e-08,0.0
1055,2.3865431115406307e-08,0.0
1056,2.3911797372930965e-08,0.0
1057,2.3958406629457823e-08,0.0
1058,2.400536149000762e-08,0.0
1059,2.405092665367517e-08,0.0
1060,2.409554105685468e-08,0.0
1061,2.414073206373539e-08,0.0
1062,2.4184573583935717e-08,0.0
1063,2.4228207929965877e-08,0.0
1064,2.4272268708109727e-08,0.0
1065,2.43173841242152e-08,0.0
1066,2.4362850574879888e-08,0.0
1067,2.4409088982270157e-08,0.0
1068,2.4455792886324017e-08,0.0
1069,2.4503072987254756e-08,0.0
1070,2.4550710110744412e-08,0.0
1071,2.4598042539395365e-08,0.0
1072,2.4645243219156833e-08,0.0
1073,2.4692428549415326e-08,0.0
1074,2.473949314714992e-08,0.0
1075,2.478834646130936e-08,0.0
1076,2.483711111571365e-08,0.0
1077,2.4886831863875994e-08,0.0
1078,2.493687529619e-08,0.0
1079,2.4987947983624605e-08,0.0
1080,2.503876395265473e-08,0.0
1081,2.508969442196746e-08,0.0
1082,2.514122096605176e-08,0.0
1083,2.519366891916418e-08,0.0
1084,2.524602403462694e-08,0.0
1085,2.5298428850853473e-08,0.0
1086,2.5350488714205944e-08,0.0
1087,2.5401820016224122e-08,0.0
1088,2.545352559383346e-08,0.0
1089,2.5504485275471453e-08,0.0
1090,2.5555994526359206e-08,0.0
1091,2.560740759857749e-08,0.0
1092,2.5658406801774383e-08,0.0
1093,2.571010093625555e-08,0.0
1094,2.576174847332284e-08,0.0
1095,2.581349529761003e-08,0.0
1096,2.5866358549416585e-08,0.0
1097,2.5919763809769222e-08,0.0
1098,2.5973345032813717e-08,0.0
1099,2.6026430853786727e-08,0.0
1100,2.6079742183140405e-08,0.0
1101,2.613301353695548e-08,0.0
1102,2.6187466107950992e-08,0.0
1103,2.6242844905358417e-08,0.0
1104,2.6298319177662362e-08,0.0
1105,2.6353617234353525e-08,0.0
1106,2.6410318281559444e-08,0.0
1107,2.6466544531243075e-08,0.0
1108,2.6522305196643528e-08,0.0
1109,2.6578858259349127e-08,0.0
1110,2.6636102993404827e-08,0.0
1111,2.6693365272297865e-08,0.0
1112,2.6750726973824417e-08,0.0
1113,2.6808261475994008e-08,0.0
1114,2.686647494155606e-08,0.0
1115,2.69240105694675e-08,0.0
1116,2.6980861819789026e-08,0.0
1117,2.7037615831146282e-08,0.0
1118,2.7094906038403612e-08,0.0
1119,2.7152033309832775e-08,0.0
1120,2.720883573507182e-08,0.0
1121,2.7266643192307486e-08,0.0
1122,2.7325127492329542e-08,0.0
1123,2.7384321961543783e-08,0.0
1124,2.744251184662804e-08,0.0
1125,2.7501175143142972e-08,0.0
1126,2.755999256554665e-08,0.0
1127,2.761828375267473e-08,0.0
1128,2.7677260785380735e-08,0.0
1129,2.7736607871924644e-08,0.0
1130,2.7796109816111617e-08,0.0
1131,2.7855280390012678e-08,0.0
1132,2.7914712152642163e-08,0.0
1133,2.7973986294316118e-08,0.0
1134,2.8033870385070994e-08,0.0
1135,2.809434676860326e-08,0.0
1136,2.8154085189438474e-08,0.0
1137,2.8215123064089634e-08,0.0
1138,2.8275977686449672e-08,0.0
1139,2.83368331480586e-08,0.0
1140,2.8398215649899813e-08,0.0
1141,2.8459831466860497e-08,0.0
1142,2.852089192607742e-08,0.0
1143,2.8581420035276038e-08,0.0
1144,2.8641603145957467e-08,0.0
1145,2.8701643225725668e-08,0.0
1146,2.8762421830560686e-08,0.0
1147,2.8823743155777768e-08,0.0
1148,2.8885775649861543e-08,0.0
1149,2.894708957716283e-08,0.0
1150,2.9009064295058765e-08,0.0
1151,2.907011899205792e-08,0.0
1152,2.9130657444313976e-08,0.0
1153,2.9191302652171373e-08,0.0
1154,2.9251691003677036e-08,0.03
1155,2.931169329490883e-08,0.0
1156,2.9371619209730517e-08,0.0
1157,2.9432292291255292e-08,0.0
1158,2.9493247139709728e-08,0.0
1159,2.9554239422284042e-08,0.0
1160,2.961605797323012e-08,0.0
1161,2.96787463872622e-08,0.0
1162,2.974314239102539e-08,0.0
1163,2.9806869681830174e-08,0.0
1164,2.9869141269139984e-08,0.0
1165,2.993044111391599e-08,0.0
1166,2.999134611133314e-08,0.0
1167,3.005192833663948e-08,0.0
1168,3.011289315514553e-08,0.0
1169,3.017349898339855e-08,0.0
1170,3.023432782078768e-08,0.0
1171,3.02950551582856e-08,0.0
1172,3.035593019995677e-08,0.0
1173,3.0417499124042996e-08,0.0
1174,3.0479444379592535e-08,0.0
1175,3.0540359650041e-08,0.0
1176,3.060203610590039e-08,0.0
1177,3.066433230960689e-08,0.0
1178,3.072578248424402e-08,0.0
1179,3.078751186976087e-08,0.0
1180,3.08486196709876e-08,0.0
1181,3.09097158819477e-08,0.0
1182,3.097123699290091e-08,0.0
1183,3.1033161253447934e-08,0.0
1184,3.109499032450769e-08,0.0
1185,3.1157153033332915e-08,0.0
1186,3.1220729811199094e-08,0.0
1187,3.128277731924546e-08,0.0
1188,3.1344721973793864e-08,0.0
1189,3.140509414919476e-08,0.0
1190,3.146514913637272e-08,0.0
1191,3.152575802094889e-08,0.0
1192,3.158722658167328e-08,0.0
1193,3.16481729350202e-08,0.0
1194,3.170774191378913e-08,0.0
1195,3.1767219636471895e-08,0.0
1196,3.1828533876787143e-08,0.0
1197,3.189057843005516e-08,0.0
1198,3.195244473846582e-08,0.0
1199,3.201456784380683e-08,0.0
1200,3.2078202295949516e-08,0.0
1201,3.2141737418180315e-08,0.0
1202,3.2204373510297115e-08,0.1
1203,3.226594760480843e-08,0.0
1204,3.232807463847896e-08,0.0
1205,3.239004748008782e-08,0.0
1206,3.245297544833456e-08,0.0
1207,3.25171953676229e-08,0.0
1208,3.258112167816441e-08,0.0
1209,3.264480961020599e-08,0.0
1210,3.27075456350288e-08,0.0
1211,3.276930174771816e-08,0.0
1212,3.2830312050345346e-08,0.0
1213,3.2891475356026724e-08,0.0
1214,3.295380450853634e-08,0.0
1215,3.3016383090633494e-08,0.0
1216,3.307845458955838e-08,0.0
1217,3.313939148994381e-08,0.0
1218,3.3199200430942354e-08,0.0
1219,3.3258795526780786e-08,0.0
1220,3.331860172450837e-08,0.0
1221,3.337858956236293e-08,0.0
1222,3.34384295836979e-08,0.0
1223,3.3497723898077e-08,0.0
1224,3.355738842078787e-08,0.0
1225,3.361919730873181e-08,0.0
1226,3.36829130257942e-08,0.0
1227,3.374626543157273e-08,0.0
1228,3.38101055404188e-08,0.0
1229,3.38740856432058e-08,0.0
1230,3.393852809807705e-08,0.0
1231,3.400358346185147e-08,0.0
1232,3.4068358228090084e-08,0.0
1233,3.413271725290132e-08,0.0
1234,3.419768365568157e-08,0.0
1235,3.426290121748718e-08,0.0
1236,3.43283482600727e-08,0.0
1237,3.439361676207875e-08,0.0
1238,3.445807534841653e-08,0.0
1239,3.4522207458845437e-08,0.0
1240,3.458605481109516e-08,0.0
1241,3.4650320704496955e-08,0.0
1242,3.471499127451181e-08,0.0
1243,3.477822050800442e-08,0.0
1244,3.48407360336225e-08,0.0
1245,3.490400434846555e-08,0.0
1246,3.4967107532487893e-08,0.0
1247,3.5030329292883696e-08,0.0
1248,3.5094279389994704e-08,0.0
1249,3.515817899191713e-08,0.0
1250,3.522283339202831e-08,0.0
1251,3.528665160937705e-08,0.0
1252,3.534914368079234e-08,0.0
1253,3.54123859594346e-08,0.0
1254,3.547556486182504e-08,0.0
1255,3.553864249186026e-08,0.0
1256,3.5602423381856676e-08,0.0
1257,3.566539732068093e-08,0.0
1258,3.572737213251142e-08,0.0
1259,3.579075735474243e-08,0.0
1260,3.5853617980005736e-08,0.0
1261,3.5916740698151667e-08,0.0
1262,3.598073346713424e-08,0.0
1263,3.6044957833985714e-08,0.0
1264,3.6108956502394645e-08,0.0
1265,3.617159769636008e-08,0.0
1266,3.623499824704709e-08,0.0
1267,3.629848384723359e-08,0.0
1268,3.636226999291062e-08,0.0
1269,3.642456849520438e-08,0.0
1270,3.6485308808588826e-08,0.0
1271,3.65459113874812e-08,0.0
1272,3.660691657103209e-08,0.0
1273,3.6667543661994766e-08,0.0
1274,3.672746641220068e-08,0.0
1275,3.6788042767566737e-08,0.0
1276,3.684908600100878e-08,0.0
1277,3.691166667248003e-08,0.0
1278,3.697441665471798e-08,0.0
1279,3.7036943062927766e-08,0.0
1280,3.710035576442802e-08,0.0
1281,3.716452473413075e-08,0.0
1282,3.722791514081972e-08,0.0
1283,3.7291811819004677e-08,0.0
1284,3.7354615922792506e-08,0.0
1285,3.741750280946443e-08,0.0
1286,3.748032470779048e-08,0.0
1287,3.7544281410609725e-08,0.0
1288,3.7608559490395215e-08,0.0
1289,3.767154010160623e-08,0.0
1290,3.7734662991230524e-08,0.0
1291,3.779692235984974e-08,0.0
1292,3.786032112823452e-08,0.0
1293,3.7923919033116765e-08,0.0
1294,3.7987058257763633e-08,0.0
1295,3.805125905273431e-08,0.0
1296,3.811467926576553e-08,0.0
1297,3.8177877473588366e-08,0.0
1298,3.8240745983425666e-08,0.0
1299,3.8302991793550793e-08,0.0
1300,3.83654380500234e-08,0.0
1301,3.842904470426286e-08,0.0
1302,3.8494480187261595e-08,0.0
1303,3.855915659423598e-08,0.0
1304,3.862328752989198e-08,0.0
1305,3.8687377475542394e-08,0.0
1306,3.8752453343498724e-08,0.0
1307,3.88183308154695e-08,0.0
1308,3.888289283619477e-08,0.0
1309,3.894804337414027e-08,0.0
1310,3.901257298097354e-08,0.0
1311,3.9077267899825456e-08,0.0
1312,3.914296822722955e-08,0.0
1313,3.920857249546917e-08,0.0
1314,3.927396467731827e-08,0.0
1315,3.9339980688817966e-08,0.0
1316,3.94065177001734e-08,0.0
1317,3.947431815215809e-08,0.0
1318,3.954202931097799e-08,0.0
1319,3.961019137587158e-08,0.0
1320,3.9678049616671225e-08,0.0
1321,3.974401255721612e-08,0.03
1322,3.980937412013585e-08,0.0
1323,3.987474531436838e-08,0.0
1324,3.994182065789796e-08,0.0
1325,4.0008607097076985e-08,0.0
1326,4.007416161219818e-08,0.0
1327,4.01404709588042e-08,0.0
1328,4.0205300341289875e-08,0.0
1329,4.0268974582345607e-08,0.0
1330,4.033212073687419e-08,0.0
1331,4.039523869510034e-08,0.03
1332,4.045828883682724e-08,0.0
1333,4.0522783644207585e-08,0.0
1334,4.058851514085375e-08,0.0
1335,4.06549143886867e-08,0.0
1336,4.072172482434516e-08,0.0
1337,4.0788723025425795e-08,0.0
1338,4.085696843326755e-08,0.0
1339,4.092536337599148e-08,0.03
1340,4.099439625207127e-08,0.0
1341,4.106393469897734e-08,0.0
1342,4.1134276449282413e-08,0.0
1343,4.120477870421871e-08,0.0
1344,4.1274777964704044e-08,0.0
1345,4.134464153214826e-08,0.0
1346,4.141469202296045e-08,0.0
1347,4.148501861933241e-08,0.0
1348,4.155594151294503e-08,0.0
1349,4.1626479824034225e-08,0.0
1350,4.16986155570157e-08,0.0
1351,4.1772129488322855e-08,0.0
1352,4.1846265363515146e-08,0.0
1353,4.1920119821532315e-08,0.0
1354,4.1994397643512373e-08,0.0
1355,4.2068305107983384e-08,0.0
1356,4.214224633320062e-08,0.0
1357,4.221644951191808e-08,0.0
1358,4.229060246816862e-08,0.0
1359,4.236445834996234e-08,0.0
1360,4.243891884618761e-08,0.0
1361,4.251280649736955e-08,0.0
1362,4.2586197190391766e-08,0.0
1363,4.266113548156332e-08,0.0
1364,4.273598617011699e-08,0.0
1365,4.2811475271695103e-08,0.0
1366,4.288772925901592e-08,0.0
1367,4.29635524740742e-08,0.0
1368,4.303892865794875e-08,0.0
1369,4.311298299834199e-08,0.0
1370,4.3187660573959696e-08,0.0
1371,4.3263208110593335e-08,0.0
1372,4.333860013295296e-08,0.0
1373,4.3414592285578784e-08,0.03
1374,4.349029822834902e-08,0.0
1375,4.356632204114683e-08,0.0
1376,4.3643011661022635e-08,0.0
1377,4.3720073450445633e-08,0.0
1378,4.379640340471493e-08,0.0
1379,4.387248668227152e-08,0.0
1380,4.394819089987926e-08,0.0
1381,4.4024818823176556e-08,0.0
1382,4.410163313424624e-08,0.0
1383,4.417761120268046e-08,0.0
1384,4.425466585681404e-08,0.0
1385,4.433191435036616e-08,0.0
1386,4.440995638807022e-08,0.0
1387,4.4486948018818964e-08,0.03
1388,4.456324697385673e-08,0.0
1389,4.46407083864806e-08,0.0
1390,4.4718986337370186e-08,0.0
1391,4.4797612756526806e-08,0.0
1392,4.487703447036862e-08,0.0
1393,4.49558001637807e-08,0.0
1394,4.503501460700109e-08,0.01
1395,4.5113679281954315e-08,0.0
1396,4.519136083188848e-08,0.0
1397,4.526935035007163e-08,0.0
1398,4.5347453263492744e-08,0.0
1399,4.542544363922905e-08,0.0
1400,4.550302572176323e-08,0.0
1401,4.5580240250240974e-08,0.0
1402,4.5657520771569204e-08,0.0
1403,4.573601263255165e-08,0.0
1404,4.581566834159366e-08,0.0
1405,4.5895242602856774e-08,0.0
1406,4.5973749172842315e-08,0.0
1407,4.605161351246546e-08,0.0
1408,4.613023510659776e-08,0.0
1409,4.620935966206418e-08,0.0
1410,4.628822541382264e-08,0.0
1411,4.63670272518733e-08,0.0
1412,4.644621683075686e-08,0.0
1413,4.6526395087968156e-08,0.0
1414,4.6608077217199945e-08,0.0
1415,4.669066436030075e-08,0.0
1416,4.6774081532491784e-08,0.0
1417,4.685832991020801e-08,0.0
1418,4.694240174494938e-08,0.0
1419,4.702699725606967e-08,0.0
1420,4.710975987188736e-08,0.0
1421,4.719255285529431e-08,0.0
1422,4.727461880389504e-08,0.0
1423,4.7355055551841195e-08,0.03
1424,4.743658354410276e-08,0.0
1425,4.751754203542538e-08,0.0
1426,4.7597915775622594e-08,0.0
1427,4.7678826098002464e-08,0.0
1428,4.776074155189475e-08,0.0
1429,4.7843814618921126e-08,0.0
1430,4.792660545635588e-08,0.0
1431,4.800883149736254e-08,0.0
1432,4.8091057897259816e-08,0.0
1433,4.817355024613274e-08,0.0
1434,4.8255827193781656e-08,0.0
1435,4.833854138228311e-08,0.0
1436,4.842239613299233e-08,0.0
1437,4.8506195303357535e-08,0.0
1438,4.8591184200405045e-08,0.0
1439,4.8675978402684563e-08,0.0
1440,4.875977972427022e-08,0.0
1441,4.8844733833260135e-08,0.0
1442,4.8930441770473544e-08,0.0
1443,4.9015441746226865e-08,0.03
1444,4.910077526147474e-08,0.0
1445,4.918754559791536e-08,0.0
1446,4.927396188880812e-08,0.0
1447,4.935966705160097e-08,0.0
1448,4.944515137410944e-08,0.0
1449,4.9530429216803815e-08,0.0
1450,4.961482162611236e-08,0.0
1451,4.969915434103087e-08,0.0
1452,4.978478262342096e-08,0.0
1453,4.987068024059169e-08,0.01
1454,4.995713495102264e-08,0.0
1455,5.0042968945488844e-08,0.0
1456,5.012924816039968e-08,0.0
1457,5.0216621649275166e-08,0.0
1458,5.030337115546871e-08,0.0
1459,5.0389592988716696e-08,0.0
1460,5.047530069357035e-08,0.0
1461,5.056270971531591e-08,0.0
1462,5.064879222626929e-08,0.0
1463,5.073464032153522e-08,0.0
1464,5.082093780107867e-08,0.0
1465,5.0907029099692224e-08,0.0
1466,5.0993163040941875e-08,0.0
1467,5.108021112905169e-08,0.0
1468,5.116724473081626e-08,0.0
1469,5.125350569815959e-08,0.0
1470,5.1340841121652515e-08,0.0
1471,5.142579649231419e-08,0.0
1472,5.151134878080953e-08,0.0
1473,5.1598414290276976e-08,0.0
1474,5.168634699473438e-08,0.0
1475,5.1772424360903684e-08,0.0
1476,5.185849699164588e-08,0.0
1477,5.1945434936809545e-08,0.0
1478,5.203276575680122e-08,0.0
1479,5.2119050111722965e-08,0.0
1480,5.220665374453845e-08,0.0
1481,5.2292692144244124e-08,0.0
1482,5.237951854202001e-08,0.0
1483,5.246662385593561e-08,0.0
1484,5.255437631108742e-08,0.0
1485,5.264416704314862e-08,0.0
1486,5.273479302387382e-08,0.0
1487,5.2826050169732964e-08,0.0
1488,5.291729744931611e-08,0.0
1489,5.300798370577617e-08,0.01
1490,5.309870054340418e-08,0.0
1491,5.318837339781289e-08,0.0
1492,5.3278025271212605e-08,0.0
1493,5.336817428349966e-08,0.0
1494,5.345829338213596e-08,0.0
1495,5.3548921048057714e-08,0.0
1496,5.364121427840116e-08,0.0
1497,5.37339904988273e-08,0.0
1498,5.382567829293712e-08,0.0
1499,5.391743097762896e-08,0.0
1500,5.400862944423741e-08,0.0
1501,5.409938918121334e-08,0.0
1502,5.4189456139122954e-08,0.0
1503,5.4280147446792394e-08,0.0
1504,5.4369670459936234e-08,0.0
1505,5.445937204416831e-08,0.0
1506,5.455007996738656e-08,0.0
1507,5.464265744989835e-08,0.0
1508,5.473533270295238e-08,0.0
1509,5.4829337080501746e-08,0.0
1510,5.4922868647524315e-08,0.0
1511,5.5016806675946195e-08,0.0
1512,5.510961347043864e-08,0.0
1513,5.5202115759238234e-08,0.0
1514,5.529421544392237e-08,0.0
1515,5.538654383824989e-08,0.0
1516,5.5478910333246625e-08,0.0
1517,5.557074363807659e-08,0.0
1518,5.5662902091673855e-08,0.0
1519,5.5755499318985106e-08,0.0
1520,5.5847404734488606e-08,0.0
1521,5.594055087401603e-08,0.0
1522,5.603314213890903e-08,0.0
1523,5.612620536852265e-08,0.0
1524,5.6219573236059654e-08,0.0
1525,5.6312990250856e-08,0.0
1526,5.640718921951656e-08,0.0
1527,5.650203734385949e-08,0.0
1528,5.6595057720890465e-08,0.0
1529,5.668854617147223e-08,0.0
1530,5.678265081972154e-08,0.0
1531,5.687831554854325e-08,0.0
1532,5.697476015223993e-08,0.0
1533,5.707085440311311e-08,0.0
1534,5.7169292588443775e-08,0.0
1535,5.7266651011938066e-08,0.0
1536,5.736372625922493e-08,0.0
1537,5.745981159590855e-08,0.0
1538,5.755593034158011e-08,0.0
1539,5.765104142630418e-08,0.0
1540,5.7745757871087206e-08,0.0
1541,5.7840666606773734e-08,0.0
1542,5.793496744990769e-08,0.0
1543,5.803061920807424e-08,0.0
1544,5.8125423909234056e-08,0.0
1545,5.82205183495187e-08,0.0
1546,5.8316988623883475e-08,0.03
1547,5.841417915240611e-08,0.0
1548,5.851122181542597e-08,0.0
1549,5.8607881240607e-08,0.0
1550,5.870376526832482e-08,0.0
1551,5.879914773004081e-08,0.0
1552,5.8894256059656345e-08,0.0
1553,5.899017457405279e-08,0.0
1554,5.908618609192034e-08,0.0
1555,5.9183789444169835e-08,0.0
1556,5.9280907040241285e-08,0.0
1557,5.9377443788586657e-08,0.0
1558,5.947377849275388e-08,0.0
1559,5.957129079702091e-08,0.0
1560,5.96684689674631e-08,0.0
1561,5.976607316523749e-08,0.0
1562,5.986280155149585e-08,0.0
1563,5.995990168848064e-08,0.0
1564,6.005841437847597e-08,0.0
1565,6.015809701951549e-08,0.0
1566,6.025757378671278e-08,0.0
1567,6.035813382920223e-08,0.0
1568,6.045795202018159e-08,0.0
1569,6.055733854706687e-08,0.0
1570,6.065623237152013e-08,0.0
1571,6.075521563492567e-08,0.0
1572,6.085622076211436e-08,0.03
1573,6.095752155953491e-08,0.0
1574,6.105854973539832e-08,0.0
1575,6.115943046360532e-08,0.0
1576,6.126048588560761e-08,0.0
1577,6.136199368704868e-08,0.0
1578,6.146345338733037e-08,0.0
1579,6.156513090968701e-08,0.0
1580,6.166737122343268e-08,0.0
1581,6.176792456534277e-08,0.0
1582,6.186851278456117e-08,0.0
1583,6.19687179293375e-08,0.0
1584,6.206763342571855e-08,0.0
1585,6.216797917274784e-08,0.0
1586,6.226926593374017e-08,0.0
1587,6.237252459852693e-08,0.0
1588,6.247580424624501e-08,0.0
1589,6.257864025411698e-08,0.0
1590,6.268106726732963e-08,0.0
1591,6.278373479422488e-08,0.0
1592,6.288709002619642e-08,0.03
1593,6.299013909894624e-08,0.0
1594,6.309379986956903e-08,0.0
1595,6.319892255997575e-08,0.01
1596,6.330392355088723e-08,0.0
1597,6.341059534159287e-08,0.0
1598,6.351721247079812e-08,0.0
1599,6.362451453855637e-08,0.0
1600,6.373107923685472e-08,0.0
1601,6.383650319400645e-08,0.0
1602,6.394250415755737e-08,0.0
1603,6.404847349777969e-08,0.0
1604,6.415421700507892e-08,0.0
1605,6.425878336900927e-08,0.0
1606,6.436254688156685e-08,0.0
1607,6.446664547496708e-08,0.0
1608,6.456975490584392e-08,0.0
1609,6.4672174576806e-08,0.0
1610,6.477422835133512e-08,0.03
1611,6.48764128076127e-08,0.0
1612,6.497930502166402e-08,0.0
1613,6.508077294233104e-08,0.0
1614,6.518207343831276e-08,0.0
1615,6.528306478614859e-08,0.0
1616,6.538494313712487e-08,0.0
1617,6.548785420806373e-08,0.0
1618,6.558974169600702e-08,0.0
1619,6.569132705656103e-08,0.0
1620,6.579389134576506e-08,0.03
1621,6.589753428400545e-08,0.01
1622,6.600230117930514e-08,0.0
1623,6.610657790489611e-08,0.0
1624,6.621153792740323e-08,0.0
1625,6.631770919152786e-08,0.0
1626,6.642478368370417e-08,0.0
1627,6.653211196851283e-08,0.0
1628,6.663940807315193e-08,0.0
1629,6.674666693317583e-08,0.0
1630,6.685433442413029e-08,0.0
1631,6.696248853197987e-08,0.03
1632,6.707062036987894e-08,0.0
1633,6.71791745184239e-08,0.0
1634,6.7287851903362e-08,0.0
1635,6.739669661641343e-08,0.0
1636,6.750647185077127e-08,0.0
1637,6.761721867456264e-08,0.0
1638,6.772802685250566e-08,0.0
1639,6.783824080705233e-08,0.0
1640,6.794917807889091e-08,0.0
1641,6.806116853370133e-08,0.0
1642,6.817356581692423e-08,0.0
1643,6.828590646603545e-08,0.0
1644,6.839733127577811e-08,0.0
1645,6.850821354486759e-08,0.0
1646,6.861847509625545e-08,0.0
1647,6.872856728008523e-08,0.0
1648,6.884005317294505e-08,0.0
1649,6.895012799168607e-08,0.0
1650,6.905989698791245e-08,0.0
1651,6.917067016636951e-08,0.03
1652,6.928245695197159e-08,0.0
1653,6.939619332576738e-08,0.0
1654,6.951005514722057e-08,0.0
1655,6.962373162891059e-08,0.0
1656,6.973602588001539e-08,0.0
1657,6.984731734213808e-08,0.0
1658,6.995859589328744e-08,0.0
1659,7.007123763503426e-08,0.0
1660,7.01839697867243e-08,0.0
1661,7.029695439949342e-08,0.0
1662,7.041035107583607e-08,0.0
1663,7.052493611711439e-08,0.0
1664,7.064128963974297e-08,0.03
1665,7.075760824203756e-08,0.0
1666,7.087257833549002e-08,0.0
1667,7.098928628146735e-08,0.0
1668,7.110645095966873e-08,0.0
1669,7.122281740079062e-08,0.0
1670,7.133880011872865e-08,0.0
1671,7.145602700527389e-08,0.0
1672,7.157424220775284e-08,0.03
1673,7.169146039424989e-08,0.0
1674,7.180945485350778e-08,0.0
1675,7.192873773640499e-08,0.0
1676,7.204862641209162e-08,0.0
1677,7.216802581292067e-08,0.0
1678,7.228751965434977e-08,0.0
1679,7.240673433327232e-08,0.0
1680,7.252544852701473e-08,0.03
1681,7.264445152517962e-08,0.0
1682,7.276556188233421e-08,0.0
1683,7.288619703429603e-08,0.0
1684,7.30071708205268e-08,0.0
1685,7.312979071961909e-08,0.0
1686,7.325215397596714e-08,0.0
1687,7.337492283409113e-08,0.0
1688,7.34979940090378e-08,0.03
1689,7.362249877269011e-08,0.0
1690,7.37460918208803e-08,0.0
1691,7.386986176332133e-08,0.0
1692,7.39932131530805e-08,0.0
1693,7.411528275396816e-08,0.0
1694,7.423688157003452e-08,0.0
1695,7.435836801884931e-08,0.0
1696,7.447851825558899e-08,0.0
1697,7.460053842237412e-08,0.01
1698,7.472378915160614e-08,0.0
1699,7.484777995827876e-08,0.0
1700,7.497011962652458e-08,0.0
1701,7.509124131733902e-08,0.0
1702,7.521190763728658e-08,0.0
1703,7.533210256012206e-08,0.0
1704,7.545373481178535e-08,0.0
1705,7.557495895646493e-08,0.0
1706,7.569527272471105e-08,0.0
1707,7.581570657547407e-08,0.0
1708,7.593695188570447e-08,0.0
1709,7.60576076110588e-08,0.0
1710,7.617829689167145e-08,0.0
1711,7.629863661914107e-08,0.0
1712,7.641918694475177e-08,0.0
1713,7.654257781493733e-08,0.0
1714,7.666711839818477e-08,0.0
1715,7.679217730663618e-08,0.0
1716,7.691633199875865e-08,0.0
1717,7.704029681194229e-08,0.0
1718,7.716443406176511e-08,0.0
1719,7.728936295057711e-08,0.0
1720,7.741524780533488e-08,0.0
1721,7.754027236065339e-08,0.0
1722,7.766423328909917e-08,0.0
1723,7.778842566970638e-08,0.0
1724,7.791239092653704e-08,0.0
1725,7.803822793004087e-08,0.0
1726,7.816226850741756e-08,0.0
1727,7.828588510439851e-08,0.0
1728,7.841185910851792e-08,0.0
1729,7.853691304949147e-08,0.0
1730,7.866167864723897e-08,0.0
1731,7.878738235525904e-08,0.0
1732,7.891205134517802e-08,0.0
1733,7.903677251175758e-08,0.0
1734,7.9162545590361e-08,0.0
1735,7.929000057567778e-08,0.0
1736,7.941831473423654e-08,0.0
1737,7.954576448466227e-08,0.0
1738,7.96736023814229e-08,0.0
1739,7.980214378865151e-08,0.0
1740,7.993110756677397e-08,0.0
1741,8.005985693675777e-08,0.0
1742,8.018984099997056e-08,0.0
1743,8.032233730240323e-08,0.0
1744,8.045601389507451e-08,0.0
1745,8.058937741753756e-08,0.0
1746,8.072303612863989e-08,0.0
1747,8.085558934102118e-08,0.0
1748,8.098599125756242e-08,0.0
1749,8.111593196721546e-08,0.03
1750,8.124725846807797e-08,0.0
1751,8.138031479327619e-08,0.0
1752,8.151412194965553e-08,0.0
1753,8.164692271533657e-08,0.0
1754,8.178117415641887e-08,0.0
1755,8.191462271954892e-08,0.0
1756,8.204692839123372e-08,0.0
1757,8.21787285462519e-08,0.01
1758,8.230941138941766e-08,0.0
1759,8.244059369702697e-08,0.0
1760,8.257077450047947e-08,0.03
1761,8.269929370112831e-08,0.0
1762,8.283037814745996e-08,0.0
1763,8.296377893268713e-08,0.0
1764,8.309816411687108e-08,0.0
1765,8.323292785564059e-08,0.0
1766,8.336856046671611e-08,0.03
1767,8.350410962181687e-08,0.0
1768,8.363929331874079e-08,0.0
1769,8.377471143689535e-08,0.0
1770,8.391053888267064e-08,0.0
1771,8.404599443082063e-08,0.0
1772,8.41815411143909e-08,0.03
1773,8.431863240718634e-08,0.0
1774,8.445527212431911e-08,0.0
1775,8.459384219937863e-08,0.0
1776,8.473207187206981e-08,0.0
1777,8.487005280705113e-08,0.0
1778,8.500904373082928e-08,0.0
1779,8.51483666008057e-08,0.0
1780,8.528610827999167e-08,0.0
1781,8.54235903144513e-08,0.03
1782,8.556020513296425e-08,0.0
1783,8.569674554721508e-08,0.0
1784,8.583398549264382e-08,0.0
1785,8.597208441249255e-08,0.0
1786,8.611141627006255e-08,0.0
1787,8.625156987638052e-08,0.0
1788,8.639311073708945e-08,0.0
1789,8.653494373720818e-08,0.0
1790,8.667823169166256e-08,0.0
1791,8.682260484976118e-08,0.0
1792,8.69688251101987e-08,0.0
1793,8.711616714950818e-08,0.0
1794,8.726309328726004e-08,0.0
1795,8.740984056383659e-08,0.0
1796,8.755627098620449e-08,0.0
1797,8.770310796071359e-08,0.0
1798,8.784844408040004e-08,0.0
1799,8.799484749295911e-08,0.0
1800,8.814201979319834e-08,0.0
1801,8.829132467824708e-08,0.0
1802,8.844116213798792e-08,0.0
1803,8.858924687284561e-08,0.0
1804,8.873592094492858e-08,0.0
1805,8.888209763234344e-08,0.0
1806,8.902791688525458e-08,0.0
1807,8.917326374761427e-08,0.0
1808,8.931824372041542e-08,0.0
1809,8.946292500922496e-08,0.0
1810,8.960828931903012e-08,0.03
1811,8.975464331867068e-08,0.0
1812,8.990084071958645e-08,0.0
1813,9.004585998826937e-08,0.0
1814,9.01912855900513e-08,0.0
1815,9.033774915361944e-08,0.0
1816,9.048611018702758e-08,0.0
1817,9.06343532592679e-08,0.01
1818,9.07824176915925e-08,0.0
1819,9.093012956787901e-08,0.0
1820,9.107819589918561e-08,0.0
1821,9.122725602934942e-08,0.0
1822,9.137508923433132e-08,0.0
1823,9.152325552041975e-08,0.0
1824,9.167210775398241e-08,0.0
1825,9.18192755905103e-08,0.0
1826,9.19680413629932e-08,0.0
1827,9.211822483907132e-08,0.0
1828,9.226959841933248e-08,0.0
1829,9.241988773150794e-08,0.0
1830,9.257345052482624e-08,0.0
1831,9.272610797470258e-08,0.0
1832,9.287804918908184e-08,0.0
1833,9.30291602329745e-08,0.0
1834,9.318070718387806e-08,0.01
1835,9.333410458084218e-08,0.0
1836,9.348585413168687e-08,0.0
1837,9.363792230976034e-08,0.0
1838,9.379018477435344e-08,0.0
1839,9.394306957973289e-08,0.0
1840,9.409669648570772e-08,0.0
1841,9.425300816562524e-08,0.0
1842,9.440979037941015e-08,0.0
1843,9.456796702281472e-08,0.0
1844,9.472721022751402e-08,0.0
1845,9.488493932053079e-08,0.0
1846,9.504094979471999e-08,0.0
1847,9.51953676018705e-08,0.0
1848,9.535020553458815e-08,0.0
1849,9.550400979451349e-08,0.0
1850,9.565737154212645e-08,0.0
1851,9.581175420494022e-08,0.0
1852,9.596743101325312e-08,0.0
1853,9.612302576064193e-08,0.0
1854,9.627909604014167e-08,0.0
1855,9.643469235519449e-08,0.01
1856,9.659146415703751e-08,0.01
1857,9.674835858398274e-08,0.03
1858,9.690924770951177e-08,0.0
1859,9.707284630654207e-08,0.03
1860,9.723476022321872e-08,0.0
1861,9.739439773381387e-08,0.0
1862,9.755403811137057e-08,0.0
1863,9.771544286043914e-08,0.0
1864,9.787693677923253e-08,0.0
1865,9.803586509633607e-08,0.01
1866,9.81935109700624e-08,0.01
1867,9.835157266041204e-08,0.0
1868,9.850815277696178e-08,0.0
1869,9.866624718402187e-08,0.0
1870,9.882653280308015e-08,0.0
1871,9.898498966849669e-08,0.0
1872,9.914283190472549e-08,0.0
1873,9.929952457493144e-08,0.0
1874,9.945619693576955e-08,0.0
1875,9.96120483129467e-08,0.0
1876,9.976943949928357e-08,0.0
1877,9.992534589252227e-08,0.0
1878,1.0008094705686179e-07,0.0
1879,1.0023743312291562e-07,0.0
1880,1.0039445468253265e-07,0.03
1881,1.0055406752973532e-07,0.03
1882,1.0071388953510419e-07,0.0
1883,1.0087502560205944e-07,0.0
1884,1.0103602538227205e-07,0.0
1885,1.0119649136748188e-07,0.0
1886,1.0135646966643154e-07,0.0
1887,1.0151664792681084e-07,0.0
1888,1.0167656183080949e-07,0.0
1889,1.0183529283622027e-07,0.0
1890,1.0199348059288608e-07,0.0
1891,1.0215236188536034e-07,0.0
1892,1.0231325301719613e-07,0.0
1893,1.0247557110722512e-07,0.0
1894,1.0263908003794814e-07,0.0
1895,1.0280213098910982e-07,0.0
1896,1.0296729830039431e-07,0.0
1897,1.031307088516291e-07,0.0
1898,1.0329426825046406e-07,0.0
1899,1.0345723025382192e-07,0.0
1900,1.0361932656551832e-07,0.0
1901,1.0378030202031414e-07,0.0
1902,1.0394008053469008e-07,0.0
1903,1.0409979383910777e-07,0.0
1904,1.042594230244572e-07,0.0
1905,1.0441863779138289e-07,0.0
1906,1.0457695473208003e-07,0.0
1907,1.0473559115832117e-07,0.03
1908,1.048956450892845e-07,0.0
1909,1.0505703456338744e-07,0.0
1910,1.0521842603474505e-07,0.0
1911,1.0538079760260994e-07,0.0
1912,1.0554535402549324e-07,0.01
1913,1.0570977547042067e-07,0.0
1914,1.0587366446919128e-07,0.03
1915,1.060381698061106e-07,0.03
1916,1.0620214534968581e-07,0.0
1917,1.0636644060476728e-07,0.03
1918,1.0653209178271595e-07,0.0
1919,1.0669927113546185e-07,0.0
1920,1.0686845106498627e-07,0.03
1921,1.070375856933353e-07,0.03
1922,1.0720847739827502e-07,0.0
1923,1.0738072409503579e-07,0.0
1924,1.0755364543474259e-07,0.0
1925,1.0772629450215496e-07,0.0
1926,1.079009919638579e-07,0.0
1927,1.0807546844021524e-07,0.0
1928,1.0824884449703108e-07,0.0
1929,1.08423660336233e-07,0.0
1930,1.0859801675774441e-07,0.0
1931,1.0877146012283107e-07,0.0
1932,1.0894420994590189e-07,0.03
1933,1.0911788345496347e-07,0.0
1934,1.0929394836224837e-07,0.03
1935,1.0947267425490838e-07,0.03
1936,1.0965169285003167e-07,0.0
1937,1.0982875696579423e-07,0.0
1938,1.1000733333965662e-07,0.0
1939,1.1018552523572703e-07,0.0
1940,1.1036145590076566e-07,0.0
1941,1.1053895131548738e-07,0.0
1942,1.1071624192029838e-07,0.0
1943,1.1089410978479181e-07,0.0
1944,1.1107143279498082e-07,0.0
1945,1.1124794835091015e-07,0.0
1946,1.1142384375626317e-07,0.0
1947,1.1160326954593339e-07,0.0
1948,1.1178132767892438e-07,0.0
1949,1.1196136922296922e-07,0.0
1950,1.1214032925847382e-07,0.0
1951,1.1231982442627894e-07,0.0
1952,1.124994759798194e-07,0.01
1953,1.1267742449622795e-07,0.0
1954,1.1285585098604381e-07,0.03
1955,1.130326343209703e-07,0.0
1956,1.1320768000480701e-07,0.0
1957,1.1338173005055438e-07,0.0
1958,1.1355679949267382e-07,0.0
1959,1.1373212463623023e-07,0.0
1960,1.1390745984619697e-07,0.0
1961,1.1408222349792429e-07,0.0
1962,1.1425741196502961e-07,0.0
1963,1.1443253009636997e-07,0.0
1964,1.1461129959559818e-07,0.03
1965,1.1479178796097736e-07,0.01
1966,1.1497152169231804e-07,0.0
1967,1.1515076329595798e-07,0.0
1968,1.1533083019034808e-07,0.03
1969,1.155120974866939e-07,0.0
1970,1.1569055155140141e-07,0.0
1971,1.1586737624814738e-07,0.0
1972,1.1604233379434619e-07,0.0
1973,1.1621838823039797e-07,0.0
1974,1.1639771330093425e-07,0.0
1975,1.165788113613059e-07,0.0
1976,1.1675855444907323e-07,0.0
1977,1.1693852421310992e-07,0.0
1978,1.1711874003748731e-07,0.0
1979,1.172990405437689e-07,0.03
1980,1.1747927079766052e-07,0.03
1981,1.1765982372978985e-07,0.0
1982,1.178385536324413e-07,0.0
1983,1.180196030374228e-07,0.0
1984,1.1820461866334636e-07,0.0
1985,1.1838962489353246e-07,0.0
1986,1.1857564907433715e-07,0.0
1987,1.1876358466580677e-07,0.0
1988,1.1895341315522008e-07,0.0
1989,1.1914284469493336e-07,0.0
1990,1.193332899141217e-07,0.01
1991,1.1952667850468577e-07,0.0
1992,1.197209068943428e-07,0.0
1993,1.1991484781578847e-07,0.03
1994,1.201077943833897e-07,0.0
1995,1.20300615151293e-07,0.0
1996,1.2049312385620368e-07,0.0
1997,1.2068673392028214e-07,0.03
1998,1.208806133895421e-07,0.0
1999,1.2107594175610612e-07,0.0
2000,1.2127115613674784e-07,0.0
2001,1.2146856816778689e-07,0.0
2002,1.216650785848691e-07,0.0
2003,1.2186049348183982e-07,0.0
2004,1.220586505068944e-07,0.0
2005,1.2225880107150472e-07,0.0
2006,1.2245761320834323e-07,0.0
2007,1.2265569403778766e-07,0.03
2008,1.2285413431138083e-07,0.0
2009,1.2304923230159815e-07,0.0
2010,1.2324590485250577e-07,0.03
2011,1.2344333586752466e-07,0.01
2012,1.2364056318873037e-07,0.0
2013,1.238383920601455e-07,0.0
2014,1.2403547499093618e-07,0.01
2015,1.2423205496163344e-07,0.0
2016,1.2443190425435982e-07,0.0
2017,1.2462925173499175e-07,0.0
2018,1.2482687198556708e-07,0.0
2019,1.250223774557711e-07,0.01
2020,1.2521786249741023e-07,0.0
2021,1.2541305615872696e-07,0.0
2022,1.256077756534094e-07,0.01
2023,1.258028013677819e-07,0.03
2024,1.259972151351576e-07,0.0
2025,1.2619205446575335e-07,0.0
2026,1.2638705214683343e-07,0.0
2027,1.2658258768556406e-07,0.0
2028,1.2677820375799686e-07,0.0
2029,1.2697412751095631e-07,0.0
2030,1.2717009171639781e-07,0.03
2031,1.2736657948191867e-07,0.0
2032,1.275654060063508e-07,0.0
2033,1.2776241696430363e-07,0.03
2034,1.279621352968898e-07,0.03
2035,1.2816064731917024e-07,0.0
2036,1.2835941457576174e-07,0.0
2037,1.285582435979867e-07,0.0
2038,1.2875649739701347e-07,0.0
2039,1.2895426943478617e-07,0.0
2040,1.291507069078829e-07,0.0
2041,1.2934699900330965e-07,0.0
2042,1.295477469948534e-07,0.0
2043,1.2974883292319016e-07,0.0
2044,1.29950807343984e-07,0.03
2045,1.3015330459178556e-07,0.0
2046,1.303547150717905e-07,0.0
2047,1.3055382240557082e-07,0.0
2048,1.3075266251887544e-07,0.01
2049,1.3095230650705424e-07,0.0
2050,1.3115240407150493e-07,0.0
2051,1.313552530709509e-07,0.03
2052,1.315558254376916e-07,0.0
2053,1.3175793881545407e-07,0.0
2054,1.3195938823633135e-07,0.0
2055,1.3216117879568771e-07,0.0
2056,1.3236229965815307e-07,0.0
2057,1.3256300979605813e-07,0.0
2058,1.3276337887186907e-07,0.0
2059,1.32964888090485e-07,0.0
2060,1.3316386104836371e-07,0.0
2061,1.333628252389798e-07,0.0
2062,1.3356038008250137e-07,0.0
2063,1.3376033003505558e-07,0.0
2064,1.339603781037391e-07,0.0
2065,1.3415878708753852e-07,0.0
2066,1.3435678403637353e-07,0.0
2067,1.3455383724805317e-07,0.0
2068,1.3475342361334899e-07,0.03
2069,1.34953986928945e-07,0.03
2070,1.3515392116092504e-07,0.0
2071,1.353534904262343e-07,0.0
2072,1.3555313360220554e-07,0.0
2073,1.3575368987396896e-07,0.0
2074,1.359528664761126e-07,0.0
2075,1.3615268770878422e-07,0.03
2076,1.3635507137072356e-07,0.03
2077,1.3656042837187459e-07,0.0
2078,1.367659380829438e-07,0.03
2079,1.3697382207813679e-07,0.01
2080,1.371812262699751e-07,0.0
2081,1.3738944294379357e-07,0.03
2082,1.3759824316230305e-07,0.0
2083,1.3781000867692212e-07,0.0
2084,1.3802316663441355e-07,0.0
2085,1.3823582546677156e-07,0.0
2086,1.3845118651350008e-07,0.0
2087,1.3866556328325002e-07,0.0
2088,1.3888013587287846e-07,0.0
2089,1.3909416774486467e-07,0.03
2090,1.3930622434963676e-07,0.03
2091,1.395175143808894e-07,0.0
2092,1.397256391094021e-07,0.0
2093,1.399335589730784e-07,0.01
2094,1.40141621010841e-07,0.01
2095,1.4034914426533352e-07,0.01
2096,1.4055414699027557e-07,0.03
2097,1.4075963621815826e-07,0.0
2098,1.4096775368021365e-07,0.0
2099,1.4117491055412986e-07,0.0
2100,1.4138141560509692e-07,0.0
2101,1.4158754104229078e-07,0.0
2102,1.4179504395832728e-07,0.0
2103,1.4200331946419176e-07,0.0
2104,1.4221076024170986e-07,0.0
2105,1.424174033524416e-07,0.0
2106,1.4262703622761334e-07,0.0
2107,1.4283740411505024e-07,0.0
2108,1.4304949315142566e-07,0.0
2109,1.4326020424209814e-07,0.0
2110,1.4346970745801125e-07,0.0
2111,1.4367893404741478e-07,0.0
2112,1.4388824918719942e-07,0.0
2113,1.4409844013920894e-07,0.0
2114,1.4430795471126973e-07,0.0
2115,1.4451537693417163e-07,0.0
2116,1.4472191954960502e-07,0.0
2117,1.449309253758257e-07,0.0
2118,1.451424272268691e-07,0.0
2119,1.4535256557699776e-07,0.03
2120,1.455621791448832e-07,0.03
2121,1.4577371462267733e-07,0.0
2122,1.4598966620728961e-07,0.0
2123,1.462079267254769e-07,0.0
2124,1.4642722253566565e-07,0.0
2125,1.466465356696361e-07,0.0
2126,1.4686342233025013e-07,0.0
2127,1.4707616514102503e-07,0.03
2128,1.472904138501134e-07,0.03
2129,1.4750639798633025e-07,0.01
2130,1.4772178432186978e-07,0.0
2131,1.4793670620853155e-07,0.03
2132,1.4815121721825708e-07,0.0
2133,1.4836506762123326e-07,0.0
2134,1.485786142534817e-07,0.0
2135,1.4879028676108798e-07,0.0
2136,1.4900088331813988e-07,0.0
2137,1.4921259000585305e-07,0.0
2138,1.494249246851479e-07,0.01
2139,1.4964006216688401e-07,0.0
2140,1.498562704329715e-07,0.0
2141,1.5007259636606632e-07,0.01
2142,1.5028699913805334e-07,0.0
2143,1.5050081916279262e-07,0.03
2144,1.5071571942628963e-07,0.0
2145,1.5092811139243697e-07,0.0
2146,1.51139016492914e-07,0.01
2147,1.513542283626054e-07,0.0
2148,1.5157098135355866e-07,0.0
2149,1.5178860051319774e-07,0.0
2150,1.520037556856278e-07,0.0
2151,1.522183593816983e-07,0.0
2152,1.5243553612793518e-07,0.0
2153,1.5265225890189e-07,0.01
2154,1.5286910248274665e-07,0.0
2155,1.5308896432687105e-07,0.0
2156,1.533097746979621e-07,0.0
2157,1.535311069819317e-07,0.0
2158,1.5375093721937983e-07,0.0
2159,1.5397131628036656e-07,0.0
2160,1.5419539873687353e-07,0.0
2161,1.544162297811411e-07,0.0
2162,1.5463722765201e-07,0.0
2163,1.5486203562324488e-07,0.0
2164,1.550891251149414e-07,0.03
2165,1.5531702120655008e-07,0.01
2166,1.5554962503445762e-07,0.01
2167,1.5578547732953274e-07,0.0
2168,1.56022638532619e-07,0.0
2169,1.5626149926717948e-07,0.03
2170,1.565041756577189e-07,0.03
2171,1.5674649932426063e-07,0.0
2172,1.569885365771981e-07,0.01
2173,1.572278420074362e-07,0.0
2174,1.5746573393483898e-07,0.0
2175,1.5770152699652308e-07,0.0
2176,1.5793770799818284e-07,0.01
2177,1.5817250840839197e-07,0.03
2178,1.584078936575457e-07,0.0
2179,1.58646749243851e-07,0.01
2180,1.5888414465914e-07,0.0
2181,1.591238059144919e-07,0.0
2182,1.5936287786187365e-07,0.0
2183,1.5960532401304657e-07,0.03
2184,1.59846602098568e-07,0.03
2185,1.600890685490153e-07,0.03
2186,1.603309356516699e-07,0.0
2187,1.6057078309974268e-07,0.03
2188,1.6080874240565748e-07,0.0
2189,1.610477779991048e-07,0.03
2190,1.6128668893278602e-07,0.0
2191,1.6152600302808422e-07,0.0
2192,1.6176880684232605e-07,0.0
2193,1.6201049679197012e-07,0.0
2194,1.6225178550572264e-07,0.01
2195,1.6249452491396175e-07,0.0
2196,1.6273747981220817e-07,0.0
2197,1.62979373463798e-07,0.0
2198,1.632202752053798e-07,0.0
2199,1.634589734742513e-07,0.0
2200,1.6369246737072634e-07,0.0
2201,1.639264366165302e-07,0.0
2202,1.6415833982496225e-07,0.0
2203,1.6439202255797851e-07,0.0
2204,1.6462775278970553e-07,0.01
2205,1.648657494301278e-07,0.0
2206,1.6510552343208825e-07,0.01
2207,1.6534540642387783e-07,0.01
2208,1.6558753044873323e-07,0.0
2209,1.6582828277421126e-07,0.01
2210,1.6606834703942344e-07,0.0
2211,1.6630809681847694e-07,0.01
2212,1.6654778981345682e-07,0.03
2213,1.6679058947754626e-07,0.0
2214,1.6703563859774008e-07,0.0
2215,1.6728038076843192e-07,0.0
2216,1.6752264774033795e-07,0.0
2217,1.6776497584064662e-07,0.0
2218,1.680087928281305e-07,0.0
2219,1.682545600466925e-07,0.0
2220,1.6850330238424378e-07,0.0
2221,1.6875084148778137e-07,0.0
2222,1.6900005400329546e-07,0.0
2223,1.6925606891343824e-07,0.01
2224,1.6950968934382044e-07,0.03
2225,1.6976426204065193e-07,0.0
2226,1.700166658445497e-07,0.03
2227,1.7027064450366062e-07,0.03
2228,1.705269880783115e-07,0.03
2229,1.7078210754296476e-07,0.0
2230,1.710356747847691e-07,0.03
2231,1.7128635157534723e-07,0.03
2232,1.7153862852323185e-07,0.01
2233,1.7179315736518012e-07,0.0
2234,1.7204715589248983e-07,0.01
2235,1.723006697164077e-07,0.0
2236,1.7255561424920202e-07,0.0
2237,1.7281249618411712e-07,0.01
2238,1.730705376039905e-07,0.0
2239,1.7332801461501604e-07,0.0
2240,1.7358719794088976e-07,0.01
2241,1.738510522907043e-07,0.01
2242,1.7411580483541787e-07,0.0
2243,1.7438192847567542e-07,0.0
2244,1.7464878370617213e-07,0.0
2245,1.749166649438974e-07,0.0
2246,1.7518542361420423e-07,0.0
2247,1.754561510682936e-07,0.0
2248,1.7572526933035967e-07,0.0
2249,1.7599435946186823e-07,0.0
2250,1.7626329445385931e-07,0.0
2251,1.7653286648851116e-07,0.01
2252,1.7680179574538322e-07,0.0
2253,1.7706954253873123e-07,0.0
2254,1.7734031741515142e-07,0.01
2255,1.7761276921701508e-07,0.01
2256,1.7788562453879172e-07,0.0
2257,1.781577061227771e-07,0.01
2258,1.7843086270091502e-07,0.0
2259,1.7870533679353894e-07,0.0
2260,1.789790350335877e-07,0.0
2261,1.7925067299133168e-07,0.0
2262,1.7952025729345675e-07,0.01
2263,1.797920120587042e-07,0.0
2264,1.8005780740009715e-07,0.0
2265,1.803242166065823e-07,0.01
2266,1.8059149849084692e-07,0.0
2267,1.8086139099017382e-07,0.03
2268,1.8113345417000313e-07,0.01
2269,1.8140680127680788e-07,0.0
2270,1.8167973604180636e-07,0.0
2271,1.8195302152691634e-07,0.0
2272,1.822264627581157e-07,0.0
2273,1.8249951999243698e-07,0.0
2274,1.8277306447189588e-07,0.03
2275,1.8304489563124611e-07,0.0
2276,1.8331665279285728e-07,0.0
2277,1.8358627244382242e-07,0.01
2278,1.838572028260615e-07,0.0
2279,1.8412979654044527e-07,0.0
2280,1.8440277011775042e-07,0.0
2281,1.8467554859132575e-07,0.01
2282,1.8495452355966531e-07,0.0
2283,1.8523131536877245e-07,0.01
2284,1.8551012602374393e-07,0.03
2285,1.8579139263927767e-07,0.03
2286,1.8607352699373315e-07,0.01
2287,1.863561504037491e-07,0.01
2288,1.866387385998065e-07,0.0
2289,1.8692050757304367e-07,0.01
2290,1.8720201425316066e-07,0.03
2291,1.8748561719307124e-07,0.03
2292,1.8777025940876564e-07,0.0
2293,1.880567269717108e-07,0.03
2294,1.8834345730835467e-07,0.01
2295,1.886303912963837e-07,0.03
2296,1.8892242316397372e-07,0.03
2297,1.89214402255391e-07,0.03
2298,1.8950983567112394e-07,0.03
2299,1.898065468521381e-07,0.0
2300,1.9010474196451825e-07,0.0
2301,1.9040168720124655e-07,0.0
2302,1.9069960709783523e-07,0.0
2303,1.909942590788374e-07,0.03
2304,1.9129143403533724e-07,0.01
2305,1.915913938091151e-07,0.03
2306,1.9189121960482682e-07,0.01
2307,1.9219075737213955e-07,0.03
2308,1.9249182933330367e-07,0.0
2309,1.9279167643726171e-07,0.0
2310,1.9309219830345974e-07,0.01
2311,1.9339401976781057e-07,0.01
2312,1.9369790363325526e-07,0.0
2313,1.940039065088737e-07,0.03
2314,1.9431030766687754e-07,0.0
2315,1.9461282545985466e-07,0.01
2316,1.9491511701323174e-07,0.03
2317,1.9522051348016615e-07,0.0
2318,1.955276211585225e-07,0.0
2319,1.958367004992798e-07,0.0
2320,1.9614634979638825e-07,0.0
2321,1.9646008961882396e-07,0.01
2322,1.9677442183317697e-07,0.03
2323,1.9708924194585639e-07,0.03
2324,1.9740171168965205e-07,0.03
2325,1.9771210676314953e-07,0.01
2326,1.980232629362419e-07,0.0
2327,1.9833712554462327e-07,0.0
2328,1.986514456923472e-07,0.0
2329,1.9896444175863822e-07,0.0
2330,1.9927996780940704e-07,0.0
2331,1.9959490173446906e-07,0.0
2332,1.9990855595787898e-07,0.0
2333,2.0022002499263691e-07,0.03
2334,2.0052950026745364e-07,0.0
2335,2.0084100277127572e-07,0.01
2336,2.0115345526191096e-07,0.03
2337,2.0146882373108526e-07,0.03
2338,2.0178578171817094e-07,0.01
2339,2.0210189727111488e-07,0.0
2340,2.0241837242007734e-07,0.03
2341,2.0273233366327366e-07,0.0
2342,2.0304733632812837e-07,0.01
2343,2.0336070148481735e-07,0.0
2344,2.036721126779674e-07,0.03
2345,2.0398311119585087e-07,0.0
2346,2.0429836708769044e-07,0.0
2347,2.0461373170333485e-07,0.03
2348,2.049315524254725e-07,0.03
2349,2.052487238670116e-07,0.03
2350,2.055639589022968e-07,0.0
2351,2.058808298046221e-07,0.03
2352,2.0620204769686483e-07,0.03
2353,2.0652265565852115e-07,0.03
2354,2.0684504541452705e-07,0.0
2355,2.071706229443517e-07,0.0
2356,2.0749391473126662e-07,0.0
2357,2.0781621058381815e-07,0.0
2358,2.081384935263492e-07,0.0
2359,2.0845957322934125e-07,0.01
2360,2.0878086514324561e-07,0.0
2361,2.091030801836315e-07,0.01
2362,2.0942943694553455e-07,0.0
2363,2.0975705502642746e-07,0.0
2364,2.1008293814939586e-07,0.0
2365,2.1040848574140288e-07,0.0
2366,2.1073414367760918e-07,0.0
2367,2.1106015110704194e-07,0.01
2368,2.1138587561314424e-07,0.0
2369,2.1171114434123008e-07,0.0
2370,2.1203462061156825e-07,0.01
2371,2.1235687170516767e-07,0.01
2372,2.1268104539278482e-07,0.0
2373,2.1300654798557926e-07,0.0
2374,2.1333263995939802e-07,0.01
2375,2.1366010034356412e-07,0.01
2376,2.1398708779876927e-07,0.01
2377,2.1431297913745984e-07,0.01
2378,2.1463796425540708e-07,0.01
2379,2.149655019283304e-07,0.0
2380,2.1529809982320156e-07,0.03
2381,2.1563388414715671e-07,0.03
2382,2.159710540690859e-07,0.03
2383,2.163107940435617e-07,0.0
2384,2.1665299877138035e-07,0.0
2385,2.1699655638936408e-07,0.0
2386,2.173414714378179e-07,0.0
2387,2.1768264870300963e-07,0.03
2388,2.180201050858078e-07,0.03
2389,2.1835583382057228e-07,0.0
2390,2.186897702918893e-07,0.0
2391,2.190218741709622e-07,0.0
2392,2.1935335019864338e-07,0.0
2393,2.196842958931039e-07,0.03
2394,2.2001445146958876e-07,0.03
2395,2.2034633472156685e-07,0.01
2396,2.2067533283819254e-07,0.01
2397,2.2100201906244512e-07,0.0
2398,2.2132625499779698e-07,0.0
2399,2.2165009635320184e-07,0.0
2400,2.2197330219243777e-07,0.0
2401,2.222979217811656e-07,0.01
2402,2.2262586905851576e-07,0.01
2403,2.2295353315460474e-07,0.01
2404,2.2328244838743537e-07,0.0
2405,2.236116101300367e-07,0.01
2406,2.2394047454867036e-07,0.01
2407,2.2427587317862112e-07,0.01
2408,2.2461056321399186e-07,0.03
2409,2.2494914422637536e-07,0.0
2410,2.2528822078906104e-07,0.03
2411,2.2563532398264544e-07,0.03
2412,2.2598483428145166e-07,0.01
2413,2.2633795863066394e-07,0.03
2414,2.2669369727500626e-07,0.0
2415,2.270492327867088e-07,0.01
2416,2.2740509335495242e-07,0.01
2417,2.2776329757194512e-07,0.0
2418,2.2811871884576628e-07,0.0
2419,2.2847894953230639e-07,0.01
2420,2.2883406401662018e-07,0.01
2421,2.291878568975477e-07,0.0
2422,2.2953936309154567e-07,0.0
2423,2.2989278905241306e-07,0.01
2424,2.3024644218158282e-07,0.0
2425,2.3060263617075927e-07,0.03
2426,2.3096178154907442e-07,0.01
2427,2.3132626098512166e-07,0.03
2428,2.3168853899068131e-07,0.01
2429,2.320525731938419e-07,0.01
2430,2.3241451744041754e-07,0.01
2431,2.3277526148820508e-07,0.01
2432,2.331370243181236e-07,0.03
2433,2.3350288442962305e-07,0.03
2434,2.338702015586291e-07,0.03
2435,2.342365073623014e-07,0.03
2436,2.3460282452812316e-07,0.01
2437,2.349689624205734e-07,0.03
2438,2.353379991674796e-07,0.01
2439,2.357050065728202e-07,0.0
2440,2.360714275646818e-07,0.01
2441,2.3643527962764556e-07,0.03
2442,2.3679884230102557e-07,0.03
2443,2.3716586444814626e-07,0.03
2444,2.3753870297067408e-07,0.01
2445,2.3791612835453425e-07,0.01
2446,2.3829635730630228e-07,0.01
2447,2.3867557436332303e-07,0.0
2448,2.3905376474136247e-07,0.01
2449,2.3942761233046634e-07,0.0
2450,2.398016675356285e-07,0.0
2451,2.4017526184696723e-07,0.0
2452,2.4054820182922117e-07,0.03
2453,2.4092281848824485e-07,0.01
2454,2.4129551443720193e-07,0.01
2455,2.416684896392344e-07,0.03
2456,2.4204150126114334e-07,0.03
2457,2.4241352693324093e-07,0.01
2458,2.427884837059049e-07,0.0
2459,2.4316682218941074e-07,0.0
2460,2.435455702674808e-07,0.0
2461,2.439238055281994e-07,0.03
2462,2.443079805009978e-07,0.03
2463,2.44696835451726e-07,0.0
2464,2.4508630903291584e-07,0.01
2465,2.454756166474292e-07,0.01
2466,2.4586218782434834e-07,0.0
2467,2.462492020539272e-07,0.0
2468,2.466385440479529e-07,0.01
2469,2.470264626852438e-07,0.01
2470,2.47416964145511e-07,0.01
2471,2.478087999510649e-07,0.03
2472,2.482016358160129e-07,0.03
2473,2.485982050180148e-07,0.0
2474,2.4899055194827556e-07,0.0
2475,2.49384689936048e-07,0.0
2476,2.497792218842067e-07,0.03
2477,2.5017349595129894e-07,0.0
2478,2.505690153303669e-07,0.03
2479,2.5096127949521665e-07,0.03
2480,2.513568208210441e-07,0.01
2481,2.5175093132080267e-07,0.01
2482,2.5214754783915765e-07,0.03
2483,2.5254383338859684e-07,0.03
2484,2.5294113946136147e-07,0.03
2485,2.5333611257033396e-07,0.03
2486,2.5373166914282966e-07,0.03
2487,2.541265164612059e-07,0.0
2488,2.545186555762346e-07,0.03
2489,2.549130132024728e-07,0.03
2490,2.5531133974618596e-07,0.01
2491,2.557083569726468e-07,0.0
2492,2.561061864592594e-07,0.03
2493,2.565053255457182e-07,0.01
2494,2.569045730050967e-07,0.01
2495,2.5730590990255686e-07,0.03
2496,2.577115223021641e-07,0.01
2497,2.5811820526170135e-07,0.03
2498,2.585263255817228e-07,0.01
2499,2.589319478942562e-07,0.0
2500,2.593422145091381e-07,0.01
2501,2.5975169045126466e-07,0.03
2502,2.6016264991202716e-07,0.0
2503,2.60573144848373e-07,0.0
2504,2.609847040217554e-07,0.0
2505,2.6139920882399586e-07,0.0
2506,2.618129604813677e-07,0.01
2507,2.6222791734985055e-07,0.01
2508,2.626399156035099e-07,0.01
2509,2.6305141786061837e-07,0.01
2510,2.634635314466838e-07,0.0
2511,2.638768352970241e-07,0.0
2512,2.6428859673896174e-07,0.03
2513,2.6470345518444293e-07,0.0
2514,2.6512004316921683e-07,0.03
2515,2.6553945420923494e-07,0.0
2516,2.659555890798451e-07,0.03
2517,2.6637040102082133e-07,0.03
2518,2.6678350738587277e-07,0.03
2519,2.6719398397050806e-07,0.03
2520,2.6760810279408904e-07,0.01
2521,2.680184107512047e-07,0.01
2522,2.684301781845249e-07,0.01
2523,2.6884378017833116e-07,0.01
2524,2.6925671490374377e-07,0.01
2525,2.6966940434413807e-07,0.0
2526,2.7008412149583124e-07,0.01
2527,2.7050081858441726e-07,0.0
2528,2.709139973262493e-07,0.01
2529,2.713258893367269e-07,0.0
2530,2.717397791932794e-07,0.0
2531,2.721527005773321e-07,0.03
2532,2.7256280862160415e-07,0.03
2533,2.729724080257236e-07,0.03
2534,2.7338328837745937e-07,0.01
2535,2.7379248075997905e-07,0.0
2536,2.7420277628882925e-07,0.03
2537,2.746085179174303e-07,0.03
2538,2.750131068916615e-07,0.03
2539,2.7541917178778783e-07,0.0
2540,2.758235508801249e-07,0.01
2541,2.7623747729758697e-07,0.0
2542,2.7664923717346765e-07,0.01
2543,2.7706444533833434e-07,0.0
2544,2.774810600794947e-07,0.0
2545,2.779003243655792e-07,0.0
2546,2.78317904965704e-07,0.01
2547,2.787382918465026e-07,0.0
2548,2.7916196417875015e-07,0.01
2549,2.795871317046522e-07,0.0
2550,2.8001259752023755e-07,0.0
2551,2.8043474439261754e-07,0.01
2552,2.808578242594331e-07,0.0
2553,2.8128120455566723e-07,0.01
2554,2.8170648038168955e-07,0.0
2555,2.821324424960979e-07,0.01
2556,2.825567767474673e-07,0.03
2557,2.8298420956730093e-07,0.01
2558,2.8341075801788385e-07,0.01
2559,2.838371198761182e-07,0.0
2560,2.8426252504572626e-07,0.03
2561,2.8468792277960047e-07,0.0
2562,2.8511486010378413e-07,0.01
2563,2.855419531829675e-07,0.03
2564,2.8597161176473515e-07,0.03
2565,2.8640157600813953e-07,0.0
2566,2.8683576273151134e-07,0.01
2567,2.8727385171228477e-07,0.03
2568,2.877105990727062e-07,0.03
2569,2.881491166105581e-07,0.03
2570,2.885903620025225e-07,0.03
2571,2.89034606256728e-07,0.0
2572,2.894804975314117e-07,0.0
2573,2.899223716280518e-07,0.03
2574,2.9036526581972784e-07,0.01
2575,2.9079841942978427e-07,0.03
2576,2.912351369699083e-07,0.03
2577,2.916715108003657e-07,0.03
2578,2.921086503405593e-07,0.03
2579,2.92548295760708e-07,0.0
2580,2.9298937219320507e-07,0.03
2581,2.934320127980585e-07,0.03
2582,2.938724113866307e-07,0.03
2583,2.9431975201115527e-07,0.01
2584,2.9476771337932804e-07,0.01
2585,2.952180379812064e-07,0.03
2586,2.9566575976011955e-07,0.01
2587,2.961102889790107e-07,0.03
2588,2.9655715692418236e-07,0.03
2589,2.9700432913714406e-07,0.01
2590,2.974516953871076e-07,0.03
2591,2.979010014091867e-07,0.03
2592,2.983506137748827e-07,0.03
2593,2.988096354308087e-07,0.03
2594,2.9927360164372804e-07,0.01
2595,2.9974293956999703e-07,0.01
2596,3.002093921100342e-07,0.01
2597,3.006783399638218e-07,0.03
2598,3.01152363854798e-07,0.03
2599,3.0162985495468833e-07,0.01
2600,3.0210602931504855e-07,0.03
2601,3.0258268088931337e-07,0.0
2602,3.030599029731994e-07,0.01
2603,3.035438078315848e-07,0.0
2604,3.0402381187990333e-07,0.03
2605,3.0449849680670645e-07,0.0
2606,3.0497557351672933e-07,0.03
2607,3.054510053710697e-07,0.03
2608,3.059258046049199e-07,0.03
2609,3.064020375712824e-07,0.03
2610,3.0687765578577285e-07,0.03
2611,3.073577237765544e-07,0.03
2612,3.0783864261186995e-07,0.01
2613,3.0832019300868474e-07,0.01
2614,3.0879650519572484e-07,0.03
2615,3.09277558519627e-07,0.03
2616,3.0976167940019e-07,0.01
2617,3.1024585893541705e-07,0.0
2618,3.107300342029357e-07,0.03
2619,3.112196850319693e-07,0.0
2620,3.1171152755891073e-07,0.01
2621,3.1220808195957026e-07,0.01
2622,3.127061754396151e-07,0.03
2623,3.132075329848565e-07,0.0
2624,3.137099075680719e-07,0.01
2625,3.1421746905265214e-07,0.0
2626,3.147191935346743e-07,0.01
2627,3.1521951494170616e-07,0.0
2628,3.1571890592511977e-07,0.01
2629,3.1622214467442527e-07,0.01
2630,3.167270407541662e-07,0.03
2631,3.1723411641245543e-07,0.03
2632,3.177422448823084e-07,0.0
2633,3.182472473895903e-07,0.0
2634,3.1874902774333603e-07,0.03
2635,3.192521517850567e-07,0.01
2636,3.1975418880752763e-07,0.03
2637,3.2025521287247044e-07,0.03
2638,3.2075410301453404e-07,0.03
2639,3.2125706808776607e-07,0.01
2640,3.217683711271405e-07,0.01
2641,3.222800096519798e-07,0.03
2642,3.2278695767324086e-07,0.03
2643,3.232996865268885e-07,0.03
2644,3.238104468161891e-07,0.01
2645,3.2432254094323486e-07,0.0
2646,3.248330242663634e-07,0.03
2647,3.2534473838422993e-07,0.03
2648,3.25852635422925e-07,0.03
2649,3.2636551156710566e-07,0.03
2650,3.2687901066106134e-07,0.01
2651,3.273919696869356e-07,0.03
2652,3.2790172189018066e-07,0.03
2653,3.2840721585070353e-07,0.03
2654,3.2891554185718494e-07,0.03
2655,3.2942797798612727e-07,0.01
2656,3.2994034477150194e-07,0.03
2657,3.304517881896323e-07,0.0
2658,3.30962533452128e-07,0.03
2659,3.314777584292098e-07,0.01
2660,3.3199350050066597e-07,0.01
2661,3.3251060980856615e-07,0.01
2662,3.3302301468033144e-07,0.03
2663,3.3353688604421564e-07,0.01
2664,3.340465846612431e-07,0.03
2665,3.3455898200269887e-07,0.01
2666,3.350736429260291e-07,0.01
2667,3.355864053707816e-07,0.03
2668,3.361067958233578e-07,0.01
2669,3.3662953473910154e-07,0.03
2670,3.3715922857557513e-07,0.03
2671,3.376895009731037e-07,0.03
2672,3.3822068331207696e-07,0.03
2673,3.387559422457975e-07,0.03
2674,3.3929442752615234e-07,0.03
2675,3.3983464847821206e-07,0.03
2676,3.4037587217601614e-07,0.03
2677,3.40912816883293e-07,0.01
2678,3.4144818094758687e-07,0.01
2679,3.419850438368009e-07,0.01
2680,3.4251980645225086e-07,0.01
2681,3.430545241993569e-07,0.03
2682,3.435923746589077e-07,0.03
2683,3.441309022573369e-07,0.01
2684,3.4467371399629005e-07,0.0
2685,3.452140476383951e-07,0.01
2686,3.4575271524449377e-07,0.01
2687,3.4629390746985934e-07,0.03
2688,3.4683295324256187e-07,0.03
2689,3.473694658938756e-07,0.03
2690,3.4791000953821525e-07,0.03
2691,3.48449511389328e-07,0.03
2692,3.48995928576473e-07,0.03
2693,3.4954280656436837e-07,0.03
2694,3.500847713468276e-07,0.03
2695,3.5062662800043104e-07,0.03
2696,3.511725781818696e-07,0.03
2697,3.517185821565234e-07,0.03
2698,3.5226339745518766e-07,0.01
2699,3.5281149677288175e-07,0.03
2700,3.533639571883115e-07,0.01
2701,3.539167935146819e-07,0.0
2702,3.5447528457193086e-07,0.01
2703,3.5503350527886313e-07,0.01
2704,3.5558795222254314e-07,0.01
2705,3.5614400517096575e-07,0.01
2706,3.567015769770805e-07,0.0
2707,3.572639032240643e-07,0.01
2708,3.578197803832525e-07,0.03
2709,3.5837549282039986e-07,0.03
2710,3.589318493933256e-07,0.03
2711,3.594986639551879e-07,0.03
2712,3.60064193126153e-07,0.03
2713,3.606301642139587e-07,0.01
2714,3.6119671778737693e-07,0.03
2715,3.617740752083767e-07,0.03
2716,3.6235610452400896e-07,0.01
2717,3.6293687728476066e-07,0.03
2718,3.635226845134599e-07,0.03
2719,3.641093960816397e-07,0.03
2720,3.6469721611131404e-07,0.01
2721,3.6528437345136086e-07,0.01
2722,3.658745181824651e-07,0.01
2723,3.6646522556191024e-07,0.01
2724,3.6705546146027363e-07,0.03
2725,3.6764663512321567e-07,0.03
2726,3.682462253321978e-07,0.0
2727,3.6884393879301194e-07,0.03
2728,3.694396177245642e-07,0.01
2729,3.7003490121154497e-07,0.01
2730,3.7063018687125546e-07,0.01
2731,3.712252452181884e-07,0.03
2732,3.71817436175205e-07,0.03
2733,3.7241065971272115e-07,0.03
2734,3.730010807101219e-07,0.03
2735,3.735886590707516e-07,0.03
2736,3.7417551102853945e-07,0.01
2737,3.74761507260007e-07,0.03
2738,3.753473870157589e-07,0.03
2739,3.7592963421169037e-07,0.03
2740,3.765061555034139e-07,0.03
2741,3.7708755807965263e-07,0.03
2742,3.776714556558046e-07,0.01
2743,3.7825444799102614e-07,0.03
2744,3.788415693393176e-07,0.01
2745,3.794265407489302e-07,0.0
2746,3.800132927724174e-07,0.03
2747,3.80606299342342e-07,0.03
2748,3.811966324730992e-07,0.03
2749,3.817936458471287e-07,0.03
2750,3.823988634380272e-07,0.0
2751,3.829993018326757e-07,0.03
2752,3.8359938325897414e-07,0.03
2753,3.842078414780299e-07,0.01
2754,3.8481222125333583e-07,0.03
2755,3.8542231244920877e-07,0.03
2756,3.860423121192624e-07,0.03
2757,3.866667277196063e-07,0.01
2758,3.872927917287585e-07,0.03
2759,3.879222254902534e-07,0.03
2760,3.8855430298804886e-07,0.01
2761,3.891808483357623e-07,0.01
2762,3.898078649160288e-07,0.01
2763,3.9043216913420296e-07,0.01
2764,3.910566203113401e-07,0.01
2765,3.9168258605083975e-07,0.03
2766,3.9231026931817e-07,0.0
2767,3.929296304454565e-07,0.03
2768,3.935414611190788e-07,0.03
2769,3.941552421469004e-07,0.01
2770,3.9477104773098236e-07,0.03
2771,3.9538608917664983e-07,0.01
2772,3.960009857138577e-07,0.03
2773,3.966185119163169e-07,0.03
2774,3.972359255445241e-07,0.03
2775,3.9785587641377566e-07,0.01
2776,3.9848214303272024e-07,0.01
2777,3.9911233564005815e-07,0.01
2778,3.9973917310454824e-07,0.01
2779,4.003641629432765e-07,0.03
2780,4.0099240781853684e-07,0.01
2781,4.016178465808524e-07,0.03
2782,4.022424837887671e-07,0.03
2783,4.0287457153881986e-07,0.01
2784,4.0350710111410313e-07,0.03
2785,4.041424101770067e-07,0.03
2786,4.0477255478363893e-07,0.03
2787,4.054060800132319e-07,0.03
2788,4.06049038370099e-07,0.01
2789,4.0668267422834224e-07,0.0
2790,4.0731560713837826e-07,0.01
2791,4.079466871364997e-07,0.03
2792,4.085754911588779e-07,0.01
2793,4.092009654452084e-07,0.03
2794,4.0982981505351165e-07,0.03
2795,4.10463386904602e-07,0.03
2796,4.111006533471632e-07,0.03
2797,4.1174074176012006e-07,0.03
2798,4.123807032821302e-07,0.01
2799,4.130217421482644e-07,0.01
2800,4.1366121869970214e-07,0.03
2801,4.1430362802856595e-07,0.01
2802,4.1494784342555375e-07,0.01
2803,4.1559622477848893e-07,0.03
2804,4.1624993394866134e-07,0.03
2805,4.168960483736491e-07,0.03
2806,4.1755016391461515e-07,0.03
2807,4.182073980930382e-07,0.01
2808,4.1886214239233255e-07,0.01
2809,4.195220301931684e-07,0.01
2810,4.2018021680341317e-07,0.01
2811,4.208349943388172e-07,0.03
2812,4.2149047053146247e-07,0.03
2813,4.221514966846873e-07,0.01
2814,4.228119040628846e-07,0.03
2815,4.2347534964671383e-07,0.01
2816,4.241405791653351e-07,0.03
2817,4.24806227160854e-07,0.01
2818,4.25469237013449e-07,0.03
2819,4.261337933900973e-07,0.03
2820,4.267994538856737e-07,0.01
2821,4.274650337518741e-07,0.01
2822,4.2813123337200214e-07,0.03
2823,4.2879379148366053e-07,0.01
2824,4.294581739319097e-07,0.01
2825,4.301220705155658e-07,0.01
2826,4.307838945452339e-07,0.03
2827,4.3144905169144296e-07,0.03
2828,4.321079474502456e-07,0.03
2829,4.3276798322664984e-07,0.03
2830,4.334276691047888e-07,0.03
2831,4.340867701155767e-07,0.03
2832,4.3475184016536863e-07,0.01
2833,4.3541184085816027e-07,0.01
2834,4.3607505566486653e-07,0.03
2835,4.367424355101951e-07,0.01
2836,4.3740858768454636e-07,0.01
2837,4.380704133285715e-07,0.01
2838,4.387273670656592e-07,0.01
2839,4.3938635064081707e-07,0.03
2840,4.4004992563455375e-07,0.03
2841,4.4072209631980076e-07,0.03
2842,4.4139542716139356e-07,0.01
2843,4.420657763867849e-07,0.03
2844,4.4272900313244316e-07,0.03
2845,4.4340362270595566e-07,0.03
2846,4.4408696893440393e-07,0.03
2847,4.447724838862913e-07,0.03
2848,4.4546003553117964e-07,0.01
2849,4.461495501860462e-07,0.03
2850,4.468386936089008e-07,0.01
2851,4.475361466470545e-07,0.01
2852,4.482335954544314e-07,0.03
2853,4.4893518885657494e-07,0.01
2854,4.4963496194347695e-07,0.03
2855,4.5033553380289675e-07,0.01
2856,4.510329548389079e-07,0.03
2857,4.517382657884657e-07,0.03
2858,4.5243128120513854e-07,0.03
2859,4.5313895205446385e-07,0.01
2860,4.5384985007397884e-07,0.03
2861,4.5457203584427156e-07,0.03
2862,4.5529896941145464e-07,0.01
2863,4.56023093890971e-07,0.01
2864,4.5674330963874954e-07,0.03
2865,4.574640198926816e-07,0.01
2866,4.5818763539569096e-07,0.01
2867,4.5891003204740873e-07,0.01
2868,4.5962451975926325e-07,0.03
2869,4.603326457017381e-07,0.03
2870,4.61042186378515e-07,0.01
2871,4.6174607423172255e-07,0.01
2872,4.62454643477071e-07,0.03
2873,4.6315837863512375e-07,0.01
2874,4.638611804234333e-07,0.03
2875,4.6457343417478424e-07,0.03
2876,4.6528624758114904e-07,0.03
2877,4.660030412546072e-07,0.03
2878,4.6672185542090496e-07,0.03
2879,4.6744191638856157e-07,0.0
2880,4.681650529051823e-07,0.03
2881,4.68890912839517e-07,0.03
2882,4.696192575085203e-07,0.03
2883,4.703525537743646e-07,0.01
2884,4.710853925491056e-07,0.03
2885,4.718132365628283e-07,0.03
2886,4.725445121925192e-07,0.03
2887,4.7329227318274393e-07,0.01
2888,4.740416993671968e-07,0.03
2889,4.7478775495704764e-07,0.03
2890,4.7553226121344094e-07,0.01
2891,4.7628283743715465e-07,0.01
2892,4.770364597751338e-07,0.03
2893,4.777897469484971e-07,0.03
2894,4.785423420577178e-07,0.01
2895,4.792946964508538e-07,0.03
2896,4.800418615005591e-07,0.03
2897,4.80794590886249e-07,0.03
2898,4.815491747405905e-07,0.01
2899,4.823034129336471e-07,0.03
2900,4.830563467893688e-07,0.01
2901,4.838104562712887e-07,0.03
2902,4.845683329160435e-07,0.01
2903,4.85320889573906e-07,0.01
2904,4.860725194658775e-07,0.01
2905,4.868260471585608e-07,0.01
2906,4.875749463067914e-07,0.01
2907,4.883223112812509e-07,0.01
2908,4.890676457902817e-07,0.03
2909,4.898103895914226e-07,0.03
2910,4.905506277132385e-07,0.01
2911,4.912905583927101e-07,0.01
2912,4.920288700635001e-07,0.01
2913,4.927728566847759e-07,0.01
2914,4.935202511550971e-07,0.03
2915,4.942692181286229e-07,0.01
2916,4.950210941013213e-07,0.03
2917,4.957794266468404e-07,0.03
2918,4.96547357497589e-07,0.03
2919,4.973131349796521e-07,0.03
2920,4.980854872530636e-07,0.03
2921,4.988598233793247e-07,0.01
2922,4.996364826820763e-07,0.01
2923,5.004098786973861e-07,0.01
2924,5.011855442214867e-07,0.01
2925,5.019604874678233e-07,0.03
2926,5.027325442985018e-07,0.03
2927,5.035077903568502e-07,0.01
2928,5.042800176991986e-07,0.03
2929,5.050553882439572e-07,0.03
2930,5.058263357416064e-07,0.01
2931,5.065924142503789e-07,0.01
2932,5.073569494327504e-07,0.03
2933,5.081320515059627e-07,0.01
2934,5.089039587806668e-07,0.01
2935,5.096706353430885e-07,0.03
2936,5.104391823536632e-07,0.03
2937,5.112056765061087e-07,0.01
2938,5.119680465191458e-07,0.01
2939,5.127402857716554e-07,0.01
2940,5.135129279938598e-07,0.01
2941,5.142873958888916e-07,0.01
2942,5.150613928713273e-07,0.03
2943,5.158446645460799e-07,0.03
2944,5.166239974104442e-07,0.03
2945,5.17400633221225e-07,0.03
2946,5.181804293077924e-07,0.03
2947,5.189640455405019e-07,0.03
2948,5.197541603838954e-07,0.03
2949,5.205430697886779e-07,0.01
2950,5.213308143858434e-07,0.03
2951,5.22118292334665e-07,0.03
2952,5.229101641139535e-07,0.01
2953,5.237000828748851e-07,0.03
2954,5.24502923583229e-07,0.01
2955,5.25313010623009e-07,0.01
2956,5.261217544155023e-07,0.03
2957,5.269259454538048e-07,0.03
2958,5.277353844496325e-07,0.01
2959,5.285593922876666e-07,0.01
2960,5.293811797372407e-07,0.01
2961,5.302089590322673e-07,0.03
2962,5.310322922154587e-07,0.03
2963,5.318586900682809e-07,0.01
2964,5.326779191048974e-07,0.03
2965,5.335084403402339e-07,0.03
2966,5.343416584701279e-07,0.01
2967,5.351734380080897e-07,0.03
2968,5.360077870807211e-07,0.03
2969,5.368322570370359e-07,0.03
2970,5.376658851680615e-07,0.03
2971,5.385093515584579e-07,0.01
2972,5.39345837017128e-07,0.03
2973,5.401937392854653e-07,0.01
2974,5.410470811875422e-07,0.03
2975,5.419158805344595e-07,0.01
2976,5.427820280080051e-07,0.03
2977,5.436493536404033e-07,0.03
2978,5.445235045066729e-07,0.03
2979,5.454049020058879e-07,0.03
2980,5.462882685539058e-07,0.03
2981,5.471786025908155e-07,0.03
2982,5.480689244888487e-07,0.03
2983,5.489637266924494e-07,0.01
2984,5.498585386079269e-07,0.01
2985,5.507545282489437e-07,0.01
2986,5.516519500693382e-07,0.03
2987,5.525559002460471e-07,0.03
2988,5.534531663867407e-07,0.03
2989,5.543446523625934e-07,0.03
2990,5.552295166814557e-07,0.03
2991,5.561148577349195e-07,0.01
2992,5.569981930434243e-07,0.03
2993,5.578861254564239e-07,0.01
2994,5.587661002016865e-07,0.03
2995,5.596471586226404e-07,0.03
2996,5.605301186993892e-07,0.03
2997,5.614183835780262e-07,0.03
2998,5.623090978255609e-07,0.03
2999,5.631872518797752e-07,0.03
3000,5.64072082253704e-07,0.03
3001,5.64963263011514e-07,0.03
3002,5.65856400215458e-07,0.03
3003,5.667529484798375e-07,0.03
3004,5.676476922898272e-07,0.03
3005,5.685424973042108e-07,0.03
3006,5.694504336240507e-07,0.01
3007,5.703659387047638e-07,0.01
3008,5.712814624785291e-07,0.03
3009,5.721965947291572e-07,0.03
3010,5.731209441719738e-07,0.01
3011,5.74037378272035e-07,0.03
3012,5.749565463839409e-07,0.03
3013,5.758718501270339e-07,0.03
3014,5.767946586387874e-07,0.03
3015,5.777169184223923e-07,0.03
3016,5.786452394025111e-07,0.03
3017,5.795819594317389e-07,0.03
3018,5.805363710220812e-07,0.03
3019,5.814989976741495e-07,0.03
3020,5.82465416970369e-07,0.01
3021,5.834382220450767e-07,0.03
3022,5.84417549289062e-07,0.03
3023,5.853954897713633e-07,0.03
3024,5.863598265527974e-07,0.03
3025,5.873208637150948e-07,0.03
3026,5.882862205839343e-07,0.03
3027,5.892451385771575e-07,0.03
3028,5.902044397835598e-07,0.03
3029,5.911661961569275e-07,0.03
3030,5.921327732535789e-07,0.03
3031,5.930935247107839e-07,0.03
3032,5.940628914912798e-07,0.03
3033,5.950328499531101e-07,0.03
3034,5.960047599035945e-07,0.03
3035,5.969879564129765e-07,0.03
3036,5.979681008094417e-07,0.03
3037,5.989468380364504e-07,0.03
3038,5.999238690453077e-07,0.03
3039,6.008961751561251e-07,0.01
3040,6.01868381973045e-07,0.03
3041,6.028291764946649e-07,0.03
3042,6.037943473444153e-07,0.03
3043,6.047594405492622e-07,0.03
3044,6.057238329217781e-07,0.01
3045,6.066962040897921e-07,0.01
3046,6.076705050747826e-07,0.03
3047,6.086552418412379e-07,0.03
3048,6.09643021839871e-07,0.03
3049,6.106336257680402e-07,0.03
3050,6.116204452190661e-07,0.03
3051,6.126086394821542e-07,0.03
3052,6.135902413132659e-07,0.03
3053,6.145832471387991e-07,0.03
3054,6.155686002948238e-07,0.03
3055,6.165581296093257e-07,0.03
3056,6.175567294684074e-07,0.03
3057,6.185568940745562e-07,0.03
3058,6.195524169194937e-07,0.03
3059,6.205535375991286e-07,0.03
3060,6.215628648489152e-07,0.03
3061,6.225754170592451e-07,0.01
3062,6.235728015092072e-07,0.03
3063,6.24584357912319e-07,0.03
3064,6.255926048352545e-07,0.03
3065,6.266064988557982e-07,0.03
3066,6.276214243776129e-07,0.03
3067,6.286378702027582e-07,0.03
3068,6.296501588753852e-07,0.03
3069,6.30657717904255e-07,0.01
3070,6.316639523615215e-07,0.03
3071,6.326786241188361e-07,0.01
3072,6.336853440876454e-07,0.03
3073,6.347052148702247e-07,0.01
3074,6.357295080489097e-07,0.01
3075,6.367577790427289e-07,0.03
3076,6.377850870751388e-07,0.03
3077,6.388022225873852e-07,0.01
3078,6.398331976564369e-07,0.01
3079,6.408715203114829e-07,0.01
3080,6.41905077698513e-07,0.03
3081,6.42949278835649e-07,0.03
3082,6.439923084161557e-07,0.03
3083,6.450539644582617e-07,0.03
3084,6.461161359135165e-07,0.03
3085,6.47193856782304e-07,0.03
3086,6.482603580525593e-07,0.03
3087,6.493299266910751e-07,0.03
3088,6.503954379192932e-07,0.03
3089,6.514659260574708e-07,0.03
3090,6.525292233300872e-07,0.03
3091,6.535955167587508e-07,0.03
3092,6.546696015745512e-07,0.03
3093,6.557461215444832e-07,0.03
3094,6.568312235616547e-07,0.03
3095,6.57923265636581e-07,0.03
3096,6.590114351274252e-07,0.03
3097,6.601007654705814e-07,0.03
3098,6.611907999556653e-07,0.03
3099,6.622930538390832e-07,0.03
3100,6.633857009566553e-07,0.03
3101,6.6448206212259e-07,0.03
3102,6.655828581157916e-07,0.03
3103,6.66686183235755e-07,0.03
3104,6.677918916303404e-07,0.03
3105,6.6890263135408e-07,0.03
3106,6.700110849913365e-07,0.03
3107,6.711209430317342e-07,0.01
3108,6.722194951951096e-07,0.03
3109,6.73325299344713e-07,0.03
3110,6.744396470715119e-07,0.03
3111,6.755534765114577e-07,0.03
3112,6.766592146102141e-07,0.03
3113,6.777683791459413e-07,0.03
3114,6.788821414556508e-07,0.03
3115,6.800003440567782e-07,0.03
3116,6.8111713237545e-07,0.03
3117,6.822433209037693e-07,0.03
3118,6.833695217649005e-07,0.03
3119,6.845016071586432e-07,0.03
3120,6.856298207084585e-07,0.01
3121,6.867580472697931e-07,0.03
3122,6.878947976105316e-07,0.03
3123,6.890285091280867e-07,0.03
3124,6.901617011022277e-07,0.03
3125,6.913059326685726e-07,0.03
3126,6.924518413102236e-07,0.03
3127,6.935957398631434e-07,0.01
3128,6.94732126584508e-07,0.03
3129,6.958714093495947e-07,0.03
3130,6.969987371754872e-07,0.03
3131,6.981302909306409e-07,0.03
3132,6.992775568764066e-07,0.03
3133,7.00424190125278e-07,0.03
3134,7.015619446176687e-07,0.03
3135,7.026919340905074e-07,0.03
3136,7.03833323544822e-07,0.03
3137,7.049753595810467e-07,0.03
3138,7.061126527625962e-07,0.03
3139,7.072524699049237e-07,0.03
3140,7.083965967799864e-07,0.03
3141,7.095503338101203e-07,0.03
3142,7.10710066468046e-07,0.03
3143,7.118804693328494e-07,0.03
3144,7.130496605977876e-07,0.03
3145,7.142177012064729e-07,0.03
3146,7.153876503678071e-07,0.03
3147,7.165544758252825e-07,0.03
3148,7.177347181382532e-07,0.03
3149,7.18914201099477e-07,0.01
3150,7.200931383970744e-07,0.03
3151,7.212806416838972e-07,0.03
3152,7.224701965207715e-07,0.03
3153,7.236707884375273e-07,0.01
3154,7.248652451199847e-07,0.03
3155,7.260612371881687e-07,0.03
3156,7.272587910467596e-07,0.01
3157,7.284626748609501e-07,0.01
3158,7.296700301125146e-07,0.01
3159,7.308811297153485e-07,0.01
3160,7.320879815614644e-07,0.03
3161,7.332977992119882e-07,0.03
3162,7.345014584314421e-07,0.03
3163,7.356987812494194e-07,0.01
3164,7.368884208843443e-07,0.03
3165,7.380761449046221e-07,0.03
3166,7.392693190248498e-07,0.03
3167,7.404704825392327e-07,0.03
3168,7.4166749292692e-07,0.01
3169,7.428711208111955e-07,0.01
3170,7.440661086073121e-07,0.01
3171,7.452689612887652e-07,0.03
3172,7.464732611342712e-07,0.03
3173,7.476685444871994e-07,0.01
3174,7.488520218507163e-07,0.03
3175,7.500432321201858e-07,0.03
3176,7.512269450726686e-07,0.03
3177,7.524100121411416e-07,0.03
3178,7.535976150982003e-07,0.03
3179,7.547873033878209e-07,0.03
3180,7.559764191729594e-07,0.03
3181,7.571787853849429e-07,0.03
3182,7.58380659788127e-07,0.03
3183,7.595884450095869e-07,0.01
3184,7.607989724172544e-07,0.01
3185,7.620105912027338e-07,0.01
3186,7.632033186181989e-07,0.03
3187,7.644046147697827e-07,0.01
3188,7.656153380387713e-07,0.03
3189,7.668240429327105e-07,0.03
3190,7.680254039639002e-07,0.03
3191,7.692318407545401e-07,0.03
3192,7.704409002095739e-07,0.03
3193,7.716556083228956e-07,0.03
3194,7.7284981347987e-07,0.03
3195,7.740440264720782e-07,0.01
3196,7.752459013327592e-07,0.01
3197,7.764490114245452e-07,0.03
3198,7.77654343320218e-07,0.03
3199,7.788698280312782e-07,0.03
3200,7.801015920990352e-07,0.03
3201,7.813198254629676e-07,0.03
3202,7.825362397249116e-07,0.03
3203,7.837679816955598e-07,0.03
3204,7.849969665015838e-07,0.03
3205,7.86232247363635e-07,0.03
3206,7.874676872413129e-07,0.03
3207,7.887063568709868e-07,0.03
3208,7.899652510990193e-07,0.03
3209,7.91222480367947e-07,0.03
3210,7.924816136110622e-07,0.03
3211,7.937439170645021e-07,0.03
3212,7.950204449194534e-07,0.03
3213,7.962923740535585e-07,0.03
3214,7.975677446546743e-07,0.03
3215,7.988425418406797e-07,0.03
3216,8.001262453021506e-07,0.03
3217,8.014114313374422e-07,0.03
3218,8.02700917475282e-07,0.03
3219,8.040134601919191e-07,0.03
3220,8.053525570930927e-07,0.03
3221,8.067039020861532e-07,0.01
3222,8.08040897126496e-07,0.03
3223,8.093856629138686e-07,0.03
3224,8.1073647819818e-07,0.03
3225,8.121003991043884e-07,0.03
3226,8.134576133953617e-07,0.03
3227,8.148298149654964e-07,0.03
3228,8.162218441141956e-07,0.03
3229,8.176087461271007e-07,0.03
3230,8.190102691680729e-07,0.03
3231,8.204130119327246e-07,0.03
3232,8.218162075339593e-07,0.03
3233,8.232222630673267e-07,0.01
3234,8.246283609999612e-07,0.03
3235,8.260277186087705e-07,0.03
3236,8.274223792696655e-07,0.03
3237,8.288316486835456e-07,0.03
3238,8.302408443893032e-07,0.03
3239,8.316535185713511e-07,0.03
3240,8.330779209262941e-07,0.01
3241,8.344944255843714e-07,0.03
3242,8.359299277682982e-07,0.03
3243,8.373667924282746e-07,0.03
3244,8.388091431724263e-07,0.03
3245,8.402425502779114e-07,0.03
3246,8.416739029729669e-07,0.01
3247,8.430939278722975e-07,0.03
3248,8.445065167439215e-07,0.03
3249,8.459126978573205e-07,0.03
3250,8.473285771578168e-07,0.03
3251,8.487250042659518e-07,0.03
3252,8.501296813626811e-07,0.03
3253,8.515464566709084e-07,0.03
3254,8.529594911578242e-07,0.03
3255,8.54380313221587e-07,0.03
3256,8.558028629084073e-07,0.03
3257,8.572309125619001e-07,0.03
3258,8.586652093508957e-07,0.03
3259,8.600950964232559e-07,0.03
3260,8.615162016088472e-07,0.03
3261,8.629465730407853e-07,0.03
3262,8.643703703590901e-07,0.03
3263,8.658004432536665e-07,0.03
3264,8.672383729053703e-07,0.03
3265,8.686760440447372e-07,0.03
3266,8.701238121793698e-07,0.03
3267,8.715779711619816e-07,0.03
3268,8.730402866974525e-07,0.03
3269,8.745031386248549e-07,0.03
3270,8.759771451313644e-07,0.03
3271,8.774481508525112e-07,0.03
3272,8.789316225109926e-07,0.03
3273,8.804244377829734e-07,0.03
3274,8.819046140606605e-07,0.01
3275,8.833775594041035e-07,0.03
3276,8.848377029114018e-07,0.03
3277,8.86301815618409e-07,0.03
3278,8.877763282905073e-07,0.03
3279,8.892424753599474e-07,0.03
3280,8.907375618449101e-07,0.03
3281,8.922336403286602e-07,0.03
3282,8.937376312512258e-07,0.03
3283,8.952484783785031e-07,0.03
3284,8.96781736517489e-07,0.03
3285,8.983157625499881e-07,0.03
3286,8.998345526833598e-07,0.03
3287,9.013652123196396e-07,0.03
3288,9.029125026271449e-07,0.03
3289,9.044418091220208e-07,0.03
3290,9.059688634218238e-07,0.03
3291,9.07489636834803e-07,0.03
3292,9.090254069270895e-07,0.03
3293,9.105598626348499e-07,0.01
3294,9.121012787277387e-07,0.01
3295,9.136345552441765e-07,0.03
3296,9.151830813442705e-07,0.03
3297,9.167386103587723e-07,0.03
3298,9.182856753627947e-07,0.03
3299,9.198211836928907e-07,0.03
3300,9.213568637845293e-07,0.03
3301,9.228830251530998e-07,0.03
3302,9.244070720471967e-07,0.03
3303,9.259433098295776e-07,0.03
3304,9.274725178015522e-07,0.03
3305,9.289894616646203e-07,0.03
3306,9.305138914185509e-07,0.03
3307,9.320299872667851e-07,0.03
3308,9.335571427431779e-07,0.01
3309,9.350782494320672e-07,0.03
3310,9.366174521458364e-07,0.03
3311,9.381614001888545e-07,0.03
3312,9.397138734962134e-07,0.03
3313,9.412628915447642e-07,0.03
3314,9.428158146028764e-07,0.03
3315,9.443559067280898e-07,0.03
3316,9.459062007950033e-07,0.03
3317,9.474668668031783e-07,0.03
3318,9.490341896794209e-07,0.03
3319,9.505964286873166e-07,0.03
3320,9.521674521598931e-07,0.03
3321,9.5372819932834e-07,0.03
3322,9.553028857412309e-07,0.03
3323,9.568773257892762e-07,0.03
3324,9.584545375496015e-07,0.03
3325,9.600584385748196e-07,0.03
3326,9.616773288866156e-07,0.03
3327,9.6329125814193e-07,0.03
3328,9.649034159125769e-07,0.03
3329,9.665221128915201e-07,0.03
3330,9.681472805992969e-07,0.03
3331,9.69782850393484e-07,0.03
3332,9.71419916385872e-07,0.03
3333,9.730608362124275e-07,0.03
3334,9.746890086316072e-07,0.03
3335,9.763271590441355e-07,0.03
3336,9.779658331656606e-07,0.03
3337,9.795812285295559e-07,0.03
3338,9.812080821466162e-07,0.03
3339,9.828288914976429e-07,0.03
3340,9.844447314008998e-07,0.03
3341,9.860736179843297e-07,0.03
3342,9.87703739044998e-07,0.03
3343,9.893494890866365e-07,0.03
3344,9.910082986255403e-07,0.03
3345,9.926751289625225e-07,0.03
3346,9.943423979729587e-07,0.01
3347,9.960172527807526e-07,0.01
3348,9.97710270924223e-07,0.03
3349,9.994066331988867e-07,0.01
3350,1.0011132165528217e-06,0.01
3351,1.002815712264325e-06,0.03
3352,1.0045130841113928e-06,0.03
3353,1.0062072974518702e-06,0.03
3354,1.0079075535238421e-06,0.03
3355,1.0095993356695957e-06,0.03
3356,1.011303482091894e-06,0.03
3357,1.0130101736782847e-06,0.03
3358,1.014743385969653e-06,0.03
3359,1.0164510179354062e-06,0.03
3360,1.0181452957013546e-06,0.03
3361,1.0198253081507004e-06,0.03
3362,1.0214956996786854e-06,0.03
3363,1.0231672055824789e-06,0.03
3364,1.0248526219247424e-06,0.03
3365,1.026528632201542e-06,0.03
3366,1.0282108086283898e-06,0.03
3367,1.029901088980928e-06,0.03
3368,1.0315878918445514e-06,0.03
3369,1.0332644090842125e-06,0.03
3370,1.0349395405326926e-06,0.03
3371,1.03662496887949e-06,0.03
3372,1.038311320713311e-06,0.03
3373,1.040018905092232e-06,0.03
3374,1.041727021754113e-06,0.03
3375,1.0434320834276996e-06,0.03
3376,1.0451389597672316e-06,0.03
3377,1.0468555893739579e-06,0.03
3378,1.04857870922881e-06,0.03
3379,1.0503006022504657e-06,0.03
3380,1.0520299937918635e-06,0.03
3381,1.0537710371594368e-06,0.03
3382,1.0555233883719316e-06,0.03
3383,1.0572866329688035e-06,0.03
3384,1.0590650569220257e-06,0.03
3385,1.0608509945015705e-06,0.03
3386,1.0626435805315376e-06,0.03
3387,1.0644275624036315e-06,0.03
3388,1.066211197923303e-06,0.03
3389,1.0680088817690785e-06,0.03
3390,1.069800013613649e-06,0.03
3391,1.0715901015433268e-06,0.03
3392,1.0733755072244673e-06,0.03
3393,1.07517163512344e-06,0.03
3394,1.076958828467675e-06,0.03
3395,1.078722669338306e-06,0.03
3396,1.080494068408812e-06,0.03
3397,1.082263894784327e-06,0.03
3398,1.0840381204259296e-06,0.03
3399,1.0858138370244225e-06,0.03
3400,1.0875889695151346e-06,0.03
3401,1.089369777073819e-06,0.03
3402,1.0911519020328054e-06,0.03
3403,1.0929662271334028e-06,0.03
3404,1.094779451436949e-06,0.03
3405,1.0965810119068346e-06,0.03
3406,1.0983939500769098e-06,0.03
3407,1.1001881092406493e-06,0.03
3408,1.1019827608543915e-06,0.03
3409,1.1037823174083894e-06,0.03
3410,1.1055936879777434e-06,0.03
3411,1.1074160608389353e-06,0.03
3412,1.1092399097008477e-06,0.03
3413,1.1110937632143088e-06,0.01
3414,1.1129410462510855e-06,0.03
3415,1.1147872067241514e-06,0.03
3416,1.1166467642193244e-06,0.03
3417,1.118499897109515e-06,0.03
3418,1.120352671147171e-06,0.03
3419,1.1221912468382056e-06,0.03
3420,1.1240260207497282e-06,0.03
3421,1.1258741529608711e-06,0.03
3422,1.1277148917960214e-06,0.03
3423,1.1295627502098818e-06,0.03
3424,1.1314169297086807e-06,0.03
3425,1.1332859707451194e-06,0.03
3426,1.1351524515810235e-06,0.03
3427,1.137010813553882e-06,0.03
3428,1.1388853066923824e-06,0.03
3429,1.1407393517879933e-06,0.03
3430,1.1426057476811749e-06,0.03
3431,1.1444770698494975e-06,0.03
3432,1.1463525962191513e-06,0.03
3433,1.148217405745982e-06,0.03
3434,1.150083006554046e-06,0.03
3435,1.1519557549561096e-06,0.03
3436,1.1538601437027195e-06,0.03
3437,1.1557700534714468e-06,0.03
3438,1.1576556027634368e-06,0.03
3439,1.1595378560810434e-06,0.03
3440,1.1614162571125637e-06,0.03
3441,1.1633076185154287e-06,0.03
3442,1.1651874956406323e-06,0.03
3443,1.1670556937133425e-06,0.03
3444,1.168947006324811e-06,0.03
3445,1.1708434559738927e-06,0.03
3446,1.1727272640646727e-06,0.03
3447,1.1745956556045557e-06,0.03
3448,1.1764609808111253e-06,0.03
3449,1.1783169711870662e-06,0.03
3450,1.1801814875046978e-06,0.03
3451,1.1820596820721572e-06,0.03
3452,1.1839126126672113e-06,0.03
3453,1.1858000651384836e-06,0.03
3454,1.1876867960409107e-06,0.03
3455,1.189577545960167e-06,0.03
3456,1.191475548214487e-06,0.03
3457,1.1933869079705923e-06,0.03
3458,1.1953121965402994e-06,0.03
3459,1.1972629512148913e-06,0.03
3460,1.1992153939992284e-06,0.03
3461,1.2011778444272611e-06,0.03
3462,1.2031315439016028e-06,0.03
3463,1.2050909595712884e-06,0.03
3464,1.207067640920482e-06,0.03
3465,1.2090413351398052e-06,0.03
3466,1.2110045206932495e-06,0.03
3467,1.2129778823334668e-06,0.03
3468,1.214946072596611e-06,0.03
3469,1.216929898288165e-06,0.03
3470,1.2189115018048744e-06,0.03
3471,1.2209003436825943e-06,0.03
3472,1.2228821489722952e-06,0.03
3473,1.2248619136601325e-06,0.03
3474,1.2268397203626516e-06,0.03
3475,1.2288229357493877e-06,0.03
3476,1.2307981661752687e-06,0.03
3477,1.2327610245100408e-06,0.03
3478,1.2347393208317441e-06,0.03
3479,1.2367311631093977e-06,0.03
3480,1.2387572883164985e-06,0.03
3481,1.240777926327323e-06,0.03
3482,1.2428024577712452e-06,0.03
3483,1.2448284180216562e-06,0.03
3484,1.24687461065348e-06,0.03
3485,1.2489219631265022e-06,0.03
3486,1.2509806525431824e-06,0.03
3487,1.2530505692018006e-06,0.03
3488,1.2551208232747117e-06,0.03
3489,1.257204139877393e-06,0.03
3490,1.259282697685556e-06,0.03
3491,1.2613638351703914e-06,0.03
3492,1.2634487971017686e-06,0.03
3493,1.2655325464450924e-06,0.03
3494,1.2676038800356648e-06,0.03
3495,1.269680419336636e-06,0.03
3496,1.2717739937826729e-06,0.03
3497,1.273876608376012e-06,0.03
3498,1.2759783863201792e-06,0.03
3499,1.2780778301522283e-06,0.03
3500,1.2801442299978072e-06,0.03
3501,1.2822348267927594e-06,0.03
3502,1.2843305351670682e-06,0.03
3503,1.2864296713359805e-06,0.03
3504,1.2885237029746861e-06,0.03
3505,1.2906089154157621e-06,0.03
3506,1.2926829685626842e-06,0.03
3507,1.2947620557893726e-06,0.03
3508,1.2968404872330857e-06,0.03
3509,1.29892039658621e-06,0.03
3510,1.3009719140447895e-06,0.03
3511,1.3030262740447874e-06,0.03
3512,1.3050796620135275e-06,0.03
3513,1.3071490088069948e-06,0.03
3514,1.3092445787141036e-06,0.03
3515,1.3113013802560542e-06,0.03
3516,1.3133794576293592e-06,0.03
3517,1.3154475217242615e-06,0.03
3518,1.3175299574199122e-06,0.03
3519,1.319626049553732e-06,0.03
3520,1.3217167877135376e-06,0.03
3521,1.3238119812662615e-06,0.03
3522,1.3259031225533954e-06,0.03
3523,1.3280009598618575e-06,0.03
3524,1.3300963681158029e-06,0.03
3525,1.3322219318908457e-06,0.03
3526,1.3343424015817855e-06,0.03
3527,1.3364649600203533e-06,0.03
3528,1.3386046698091385e-06,0.03
3529,1.3407791674098613e-06,0.03
3530,1.342947331434704e-06,0.03
3531,1.3451128024647739e-06,0.03
3532,1.3473056631059516e-06,0.03
3533,1.3495105331619518e-06,0.03
3534,1.351720709810241e-06,0.03
3535,1.3539304896615791e-06,0.03
3536,1.3561494896374923e-06,0.03
3537,1.358360690989721e-06,0.03
3538,1.3606036413582677e-06,0.03
3539,1.3628522625034236e-06,0.03
3540,1.3651041772623397e-06,0.03
3541,1.3673737846924037e-06,0.03
3542,1.3696503102927335e-06,0.03
3543,1.3719338788653162e-06,0.03
3544,1.3742026326967938e-06,0.03
3545,1.3764814348849934e-06,0.03
3546,1.3787853697869849e-06,0.03
3547,1.3810931989399223e-06,0.03
3548,1.383411349673512e-06,0.03
3549,1.3857466987291735e-06,0.03
3550,1.3880659094222042e-06,0.03
3551,1.3903827353588246e-06,0.03
3552,1.3927097014191332e-06,0.03
3553,1.3950304674127548e-06,0.03
3554,1.3973789160934097e-06,0.03
3555,1.3997012001244751e-06,0.03
3556,1.4020425617187432e-06,0.03
3557,1.4043674587455736e-06,0.03
3558,1.4067155256145128e-06,0.03
3559,1.4090719730012873e-06,0.03
3560,1.4114379823088044e-06,0.03
3561,1.4138046918464043e-06,0.03
3562,1.4161667639215286e-06,0.03
3563,1.4185352454709758e-06,0.03
3564,1.4209205120969172e-06,0.03
3565,1.423322150195001e-06,0.03
3566,1.4257031659802624e-06,0.03
3567,1.4281180807214496e-06,0.03
3568,1.4305223396100936e-06,0.03
3569,1.4329047402370114e-06,0.03
3570,1.435300954803351e-06,0.03
3571,1.4376992708441788e-06,0.03
3572,1.4400988596207792e-06,0.03
3573,1.4424974335571533e-06,0.03
3574,1.444880621716327e-06,0.03
3575,1.4472809935171637e-06,0.03
3576,1.4496680660866225e-06,0.03
3577,1.4520972835930205e-06,0.03
3578,1.4545277989713537e-06,0.03
3579,1.4569598192272664e-06,0.03
3580,1.4594150203753868e-06,0.03
3581,1.4618506610255209e-06,0.03
3582,1.4643118342756754e-06,0.03
3583,1.4667788871855238e-06,0.03
3584,1.4692292646682157e-06,0.03
3585,1.4716925629855198e-06,0.03
3586,1.474169529401428e-06,0.03
3587,1.476642353647182e-06,0.03
3588,1.4791203010353088e-06,0.03
3589,1.4815829680132944e-06,0.03
3590,1.4840756317935576e-06,0.03
3591,1.4865636321546427e-06,0.03
3592,1.4890141556703993e-06,0.03
3593,1.4914767909160597e-06,0.03
3594,1.4939759159561848e-06,0.03
3595,1.4964655270460659e-06,0.03
3596,1.4989572871930068e-06,0.03
3597,1.5014459768718104e-06,0.03
3598,1.5039301438727005e-06,0.03
3599,1.5064510769813828e-06,0.03
3600,1.508995306488246e-06,0.03
3601,1.511552822509201e-06,0.03
3602,1.514091740675459e-06,0.03
3603,1.5166351468089385e-06,0.03
3604,1.5191580221937651e-06,0.03
3605,1.5217126171211248e-06,0.03
3606,1.524261100537367e-06,0.03
3607,1.5268227788415412e-06,0.03
3608,1.5293745315195424e-06,0.03
3609,1.5319368066820106e-06,0.03
3610,1.5345198393725289e-06,0.03
3611,1.5371128054925044e-06,0.03
3612,1.5396977746363414e-06,0.03
3613,1.5422751007741734e-06,0.03
3614,1.5448674573789151e-06,0.03
3615,1.5474430967144791e-06,0.03
3616,1.5500337085283947e-06,0.03
3617,1.5526141795426254e-06,0.03
3618,1.5551805723121121e-06,0.03
3619,1.55777322007006e-06,0.03
3620,1.560360403870454e-06,0.03
3621,1.5629526221961057e-06,0.03
3622,1.5655263846930128e-06,0.03
3623,1.5681481746318073e-06,0.03
3624,1.5707956073838312e-06,0.03
3625,1.573408203010747e-06,0.03
3626,1.5760415004279407e-06,0.03
3627,1.578687770423216e-06,0.03
3628,1.581348085133789e-06,0.03
3629,1.5839942774942555e-06,0.03
3630,1.5866577255267624e-06,0.03
3631,1.589296473291717e-06,0.03
3632,1.5919517937616693e-06,0.03
3633,1.5946196756818332e-06,0.03
3634,1.5973234500593043e-06,0.03
3635,1.6000103266478929e-06,0.03
3636,1.6027036879758758e-06,0.03
3637,1.6053848920510085e-06,0.03
3638,1.6080663652815463e-06,0.03
3639,1.6107649004502199e-06,0.03
3640,1.6134658665741835e-06,0.03
3641,1.6161801483548696e-06,0.03
3642,1.618877757907414e-06,0.03
3643,1.6215496580375807e-06,0.03
3644,1.6241885222633842e-06,0.03
3645,1.6268210168272798e-06,0.03
3646,1.6294396290555375e-06,0.03
3647,1.6320336707217199e-06,0.03
3648,1.634625925141558e-06,0.03
3649,1.6372446864505856e-06,0.03
3650,1.6398594413014852e-06,0.03
3651,1.6424715544639732e-06,0.03
3652,1.6451054607601467e-06,0.03
3653,1.647772093626733e-06,0.03
3654,1.6503902619195852e-06,0.03
3655,1.6530116624512065e-06,0.03
3656,1.6556491115674107e-06,0.03
3657,1.6583184629134203e-06,0.03
3658,1.6609972090401693e-06,0.03
3659,1.6636874436103926e-06,0.03
3660,1.666398303973226e-06,0.03
3661,1.669152647424048e-06,0.03
3662,1.6719214082435008e-06,0.03
3663,1.6747142674411134e-06,0.03
3664,1.6775332638143196e-06,0.03
3665,1.6803428559192867e-06,0.03
3666,1.6831485607290235e-06,0.03
3667,1.6859629278515808e-06,0.03
3668,1.688771379035459e-06,0.03
3669,1.6915883463659382e-06,0.03
3670,1.6943721883677806e-06,0.03
3671,1.6971814572311754e-06,0.03
3672,1.700002028053291e-06,0.03
3673,1.702819671588995e-06,0.03
3674,1.7056166501602278e-06,0.03
3675,1.7083848091072025e-06,0.03
3676,1.7111792779582413e-06,0.03
3677,1.7139604403671181e-06,0.03
3678,1.7167608106180469e-06,0.03
3679,1.7195873489546062e-06,0.03
3680,1.722399572488335e-06,0.03
3681,1.7252350488152719e-06,0.03
3682,1.7280555271275631e-06,0.03
3683,1.7308715394771745e-06,0.03
3684,1.7336860412418822e-06,0.03
3685,1.7364579258832349e-06,0.03
3686,1.739215267444111e-06,0.03
3687,1.7419832038609937e-06,0.03
3688,1.744742024065537e-06,0.03
3689,1.7475396110002327e-06,0.03
3690,1.750328761006935e-06,0.03
3691,1.7531134467071777e-06,0.03
3692,1.755940832166676e-06,0.03
3693,1.7588087930391785e-06,0.03
3694,1.761667754208446e-06,0.03
3695,1.7645222819582103e-06,0.03
3696,1.7673992636014675e-06,0.03
3697,1.7702568604286728e-06,0.03
3698,1.7731448327075148e-06,0.03
3699,1.7760189913964307e-06,0.03
3700,1.7789299883173265e-06,0.03
3701,1.7818696114388177e-06,0.03
3702,1.784816298001365e-06,0.03
3703,1.7877853994307594e-06,0.03
3704,1.7907332580698652e-06,0.03
3705,1.7937005472627224e-06,0.03
3706,1.796682931430465e-06,0.03
3707,1.7996704680480288e-06,0.03
3708,1.802654048402228e-06,0.03
3709,1.8056222736525859e-06,0.03
3710,1.8086050662565996e-06,0.03
3711,1.8116000954141893e-06,0.03
3712,1.8145803834547943e-06,0.03
3713,1.8175652592568742e-06,0.03
3714,1.8205565989814692e-06,0.03
3715,1.8235614551609238e-06,0.03
3716,1.8265971731544347e-06,0.03
3717,1.8296345372453906e-06,0.03
3718,1.8326610401760344e-06,0.03
3719,1.835716315283515e-06,0.03
3720,1.8387588048819292e-06,0.03
3721,1.8418148073003923e-06,0.03
3722,1.8448930702508231e-06,0.03
3723,1.847988179569e-06,0.03
3724,1.8510962514550585e-06,0.03
3725,1.8542159337867103e-06,0.03
3726,1.8573680410561456e-06,0.03
3727,1.8605168357613492e-06,0.03
3728,1.86364287610525e-06,0.03
3729,1.866796901482465e-06,0.03
3730,1.8699432179284163e-06,0.03
3731,1.8731381740018454e-06,0.03
3732,1.876320774640362e-06,0.03
3733,1.8795082370106644e-06,0.03
3734,1.8826771386024086e-06,0.03
3735,1.885880306244357e-06,0.03
3736,1.889073422668804e-06,0.03
3737,1.8922771222124618e-06,0.03
3738,1.895492338564762e-06,0.03
3739,1.8987117550894764e-06,0.03
3740,1.901941041686987e-06,0.03
3741,1.9051656002314006e-06,0.03
3742,1.908370992628398e-06,0.03
3743,1.911548604294304e-06,0.03
3744,1.91474097235414e-06,0.03
3745,1.9179192097421106e-06,0.03
3746,1.921113627160907e-06,0.03
3747,1.924284255632377e-06,0.03
3748,1.927464450058119e-06,0.03
3749,1.9306672659767287e-06,0.03
3750,1.9338664649372108e-06,0.03
3751,1.937096425405774e-06,0.03
3752,1.94032577823165e-06,0.03
3753,1.943560250876715e-06,0.03
3754,1.946807836931228e-06,0.03
3755,1.950028617297313e-06,0.03
3756,1.953277661251913e-06,0.03
3757,1.956525941594582e-06,0.03
3758,1.959821519501552e-06,0.03
3759,1.963072565291713e-06,0.03
3760,1.9663757298358338e-06,0.03
3761,1.969691358698242e-06,0.03
3762,1.9730234257240435e-06,0.03
3763,1.97633305721565e-06,0.03
3764,1.979658726184437e-06,0.03
3765,1.9829426230274416e-06,0.03
3766,1.9862148585859092e-06,0.03
3767,1.9894704737088405e-06,0.03
3768,1.99273906683992e-06,0.03
3769,1.9960299950988827e-06,0.03
3770,1.999335422935939e-06,0.03
3771,2.002673374469916e-06,0.03
3772,2.006011970956088e-06,0.03
3773,2.009362410549179e-06,0.03
3774,2.0127038247144157e-06,0.03
3775,2.0160382308648e-06,0.03
3776,2.0193485452634142e-06,0.03
3777,2.0226869595558437e-06,0.03
3778,2.0260038447581382e-06,0.03
3779,2.0293407545000654e-06,0.03
3780,2.032689392458286e-06,0.03
3781,2.0360329766249225e-06,0.03
3782,2.03936329178688e-06,0.03
3783,2.042685076289766e-06,0.03
3784,2.045982691802948e-06,0.03
3785,2.0492925079547557e-06,0.03
3786,2.052607677336693e-06,0.03
3787,2.0559055015720907e-06,0.03
3788,2.059218837848066e-06,0.03
3789,2.0625187692852014e-06,0.03
3790,2.0658365130916066e-06,0.03
3791,2.0691920668234052e-06,0.03
3792,2.0725437113679375e-06,0.03
3793,2.0759250670907247e-06,0.03
3794,2.0792917049568738e-06,0.03
3795,2.0826729933935554e-06,0.03
3796,2.086077462022556e-06,0.03
3797,2.089504293197352e-06,0.03
3798,2.092880903208275e-06,0.03
3799,2.096285258617705e-06,0.03
3800,2.09973751124608e-06,0.03
3801,2.1032072599885364e-06,0.03
3802,2.106654539545111e-06,0.03
3803,2.110126213154245e-06,0.03
3804,2.11360684486405e-06,0.03
3805,2.1170929252864815e-06,0.03
3806,2.1206101925680624e-06,0.03
3807,2.1241029400410313e-06,0.03
3808,2.1275890109852623e-06,0.03
3809,2.1311261414306143e-06,0.03
3810,2.1346348811036197e-06,0.03
3811,2.1381809611987398e-06,0.03
3812,2.141723471388321e-06,0.03
3813,2.145299768507866e-06,0.03
3814,2.1488705102046654e-06,0.03
3815,2.152443889617431e-06,0.03
3816,2.156014656626904e-06,0.03
3817,2.159587186676682e-06,0.03
3818,2.1631418058317737e-06,0.03
3819,2.1666825423907832e-06,0.03
3820,2.1702330393131948e-06,0.03
3821,2.173816936871034e-06,0.03
3822,2.1774376069000703e-06,0.03
3823,2.1810685458126607e-06,0.03
3824,2.1847148868776003e-06,0.03
3825,2.1883496605120026e-06,0.03
3826,2.1919858116379376e-06,0.03
3827,2.195649709993934e-06,0.03
3828,2.1993255653219116e-06,0.03
3829,2.2029862565223513e-06,0.03
3830,2.206631245433573e-06,0.03
3831,2.2103131414875534e-06,0.03
3832,2.214010097833802e-06,0.03
3833,2.2177369640046856e-06,0.03
3834,2.221445485226016e-06,0.03
3835,2.2251781644481506e-06,0.03
3836,2.228927545258499e-06,0.03
3837,2.232646605410397e-06,0.03
3838,2.2363606406655797e-06,0.03
3839,2.240083009459469e-06,0.03
3840,2.243783894659464e-06,0.03
3841,2.2475504793278283e-06,0.03
3842,2.251294579841048e-06,0.03
3843,2.2550088121426977e-06,0.03
3844,2.2586900062279823e-06,0.03
3845,2.2623746018027185e-06,0.03
3846,2.266083553506993e-06,0.03
3847,2.2698206522201924e-06,0.03
3848,2.2735603765211683e-06,0.03
3849,2.2773285827909898e-06,0.03
3850,2.2811022973873086e-06,0.03
3851,2.2848495952134093e-06,0.03
3852,2.2886272282787806e-06,0.03
3853,2.292411752367766e-06,0.03
3854,2.2961820895070427e-06,0.03
3855,2.299971125756546e-06,0.03
3856,2.3037587288837837e-06,0.03
3857,2.3075716066002197e-06,0.03
3858,2.3113792243949287e-06,0.03
3859,2.3152197155745157e-06,0.03
3860,2.319039720633894e-06,0.03
3861,2.322890715134448e-06,0.03
3862,2.3267145245608813e-06,0.03
3863,2.3305848938398123e-06,0.03
3864,2.3344176852051054e-06,0.03
3865,2.338255905266846e-06,0.03
3866,2.342088713489186e-06,0.03
3867,2.345907650870655e-06,0.03
3868,2.3497482799806317e-06,0.03
3869,2.353586503986592e-06,0.03
3870,2.3574409328732146e-06,0.03
3871,2.361282355827055e-06,0.03
3872,2.365166274104099e-06,0.03
3873,2.3690397644760502e-06,0.03
3874,2.3729155684605626e-06,0.03
3875,2.3768142277219256e-06,0.03
3876,2.380690880325983e-06,0.03
3877,2.3846037155641617e-06,0.03
3878,2.388516529024108e-06,0.03
3879,2.3924723174742883e-06,0.03
3880,2.3963792971243205e-06,0.03
3881,2.4003023740157684e-06,0.03
3882,2.4042631058401244e-06,0.03
3883,2.4081897430749288e-06,0.03
3884,2.412125903405754e-06,0.03
3885,2.4160801005538175e-06,0.03
3886,2.4199937232736e-06,0.03
3887,2.4239197561415975e-06,0.03
3888,2.4279028654247733e-06,0.03
3889,2.431908871436695e-06,0.03
3890,2.4358758010633327e-06,0.03
3891,2.439870564026871e-06,0.03
3892,2.4438765606902214e-06,0.03
3893,2.4478972499306575e-06,0.03
3894,2.4519063811348e-06,0.03
3895,2.4560018799647333e-06,0.03
3896,2.4601021344928955e-06,0.03
3897,2.4642099041789213e-06,0.03
3898,2.4683073968553685e-06,0.03
3899,2.4724476944835637e-06,0.03
3900,2.4765806930797374e-06,0.03
3901,2.480715897213867e-06,0.03
3902,2.484866913954333e-06,0.03
3903,2.4889705318229376e-06,0.03
3904,2.4930986092058284e-06,0.03
3905,2.4972701282459054e-06,0.03
3906,2.5014618185953357e-06,0.03
3907,2.505663534358425e-06,0.03
3908,2.5098703853417667e-06,0.03
3909,2.514090021390201e-06,0.03
3910,2.518360524616412e-06,0.03
3911,2.5226645598148714e-06,0.03
3912,2.5269926882707196e-06,0.03
3913,2.5313474808130835e-06,0.03
3914,2.535643718724534e-06,0.03
3915,2.5400053169326536e-06,0.03
3916,2.544381788545435e-06,0.03
3917,2.5487998795318415e-06,0.03
3918,2.5532098388724226e-06,0.03
3919,2.5576019633169584e-06,0.03
3920,2.5620331124495365e-06,0.03
3921,2.5664700450840125e-06,0.03
3922,2.570915737541978e-06,0.03
3923,2.57534181081305e-06,0.03
3924,2.579770211941801e-06,0.03
3925,2.5842336670089896e-06,0.03
3926,2.5886992075266614e-06,0.03
3927,2.5931683058230205e-06,0.03
3928,2.5976774688302144e-06,0.03
3929,2.60221154910844e-06,0.03
3930,2.606765072366716e-06,0.03
3931,2.611361920495641e-06,0.03
3932,2.6159726698297927e-06,0.03
3933,2.6205583818509272e-06,0.03
3934,2.6251653987422807e-06,0.03
3935,2.629830168648509e-06,0.03
3936,2.6344934809268052e-06,0.03
3937,2.639160864354342e-06,0.03
3938,2.643839396913016e-06,0.03
3939,2.6485209847349675e-06,0.03
3940,2.653178566151079e-06,0.03
3941,2.6578765769815864e-06,0.03
3942,2.662569838500856e-06,0.03
3943,2.6672419784422173e-06,0.03
3944,2.6719596401020007e-06,0.03
3945,2.676629511114217e-06,0.03
3946,2.6812869020259867e-06,0.03
3947,2.6860230935231792e-06,0.03
3948,2.6907316072861272e-06,0.03
3949,2.6954771588676474e-06,0.03
3950,2.7002023329125183e-06,0.03
3951,2.7049478667579652e-06,0.03
3952,2.709698688535298e-06,0.03
3953,2.714407600942269e-06,0.03
3954,2.7191265246323025e-06,0.03
3955,2.723828675241334e-06,0.03
3956,2.7285416743264537e-06,0.03
3957,2.7332515557507887e-06,0.1
3958,2.73800640974148e-06,0.03
3959,2.7427080441766957e-06,0.1
3960,2.747452836869804e-06,0.03
3961,2.7522090217678113e-06,0.1
3962,2.756873831634807e-06,0.1
3963,2.761594287291182e-06,0.03
3964,2.7663314344088094e-06,0.03
3965,2.771071761553512e-06,0.03
3966,2.775846613635371e-06,0.03
3967,2.780662915840922e-06,0.03
3968,2.785475280189701e-06,0.03
3969,2.7902896888880718e-06,0.03
3970,2.7951041114395024e-06,0.03
3971,2.799905556586067e-06,0.03
3972,2.804717956247971e-06,0.1
3973,2.8095430786412367e-06,0.03
3974,2.8143734051008114e-06,0.1
3975,2.819159011192215e-06,0.1
3976,2.823976625459437e-06,0.1
3977,2.8288407432181593e-06,0.1
3978,2.833658133026581e-06,0.1
3979,2.838510569239075e-06,0.1
3980,2.843368677407544e-06,0.1
3981,2.8483055267439823e-06,0.1
3982,2.8532393320300824e-06,0.1
3983,2.858148659207182e-06,0.1
3984,2.8630944598077324e-06,0.1
3985,2.868010164073271e-06,0.1
3986,2.8729430076523266e-06,0.1
3987,2.8779125909832313e-06,0.1
3988,2.8828964724451953e-06,0.1
3989,2.8879222138470007e-06,0.1
3990,2.892963964464809e-06,0.1
3991,2.898054546207573e-06,0.03
3992,2.9031977152082683e-06,0.03
3993,2.9082908800408724e-06,0.03
3994,2.9133610410387064e-06,0.03
3995,2.918479428021566e-06,0.03
3996,2.923634084279323e-06,0.1
3997,2.9287798914176578e-06,0.1
3998,2.933929662613213e-06,0.1
3999,2.939096110094984e-06,0.1
4000,2.944272803759857e-06,0.1
4001,2.949435014710614e-06,0.03
4002,2.9545849784438935e-06,0.1
4003,2.9597167880254327e-06,0.1
4004,2.964804711760796e-06,0.1
4005,2.9698944819032687e-06,0.1
4006,2.9749628257271e-06,0.1
4007,2.980099507494344e-06,0.1
4008,2.985200172763101e-06,0.1
4009,2.9902802600069524e-06,0.1
4010,2.9953714184406753e-06,0.1
4011,3.0004953799225288e-06,0.1
4012,3.0055892430718323e-06,0.1
4013,3.010702320240705e-06,0.1
4014,3.0158141787233373e-06,0.1
4015,3.0210331516500233e-06,0.1
4016,3.0263107364237605e-06,0.1
4017,3.0316221942227326e-06,0.1
4018,3.036927385445532e-06,0.1
4019,3.0422004767650913e-06,0.1
4020,3.0475190679746426e-06,0.1
4021,3.0528148761861698e-06,0.1
4022,3.0581325208501494e-06,0.1
4023,3.063396747083404e-06,0.1
4024,3.0687105786778415e-06,0.1
4025,3.07399785744974e-06,0.1
4026,3.0793055340987914e-06,0.1
4027,3.084596813336482e-06,0.1
4028,3.0899314544870603e-06,0.1
4029,3.0952454551444185e-06,0.1
4030,3.100559469393629e-06,0.1
4031,3.1059208709649597e-06,0.1
4032,3.1113205339359956e-06,0.1
4033,3.116703322387028e-06,0.1
4034,3.1220783733813223e-06,0.1
4035,3.127444105580958e-06,0.1
4036,3.132813510727697e-06,0.1
4037,3.1382482177707654e-06,0.1
4038,3.1436170015404765e-06,0.1
4039,3.1489872143629606e-06,0.1
4040,3.154325058302529e-06,0.1
4041,3.1596968619809526e-06,0.1
4042,3.1650717578844027e-06,0.1
4043,3.1704526628885765e-06,0.1
4044,3.1758311186078856e-06,0.1
4045,3.1813206079116025e-06,0.1
4046,3.1868867617438987e-06,0.1
4047,3.1925062857716836e-06,0.1
4048,3.1980984106986144e-06,0.1
4049,3.203680506438454e-06,0.1
4050,3.20933438330938e-06,0.1
4051,3.2150273443908746e-06,0.1
4052,3.2206658209422784e-06,0.1
4053,3.2262161744641e-06,0.1
4054,3.2318300146296097e-06,0.1
4055,3.237407968811101e-06,0.1
4056,3.243023828505238e-06,0.1
4057,3.2485966600427123e-06,0.1
4058,3.254212697015342e-06,0.1
4059,3.2598001566607342e-06,0.1
4060,3.2654013523532453e-06,0.1
4061,3.271028845563424e-06,0.1
4062,3.2766526360001106e-06,0.1
4063,3.2822469310412096e-06,0.1
4064,3.2878521448890923e-06,0.1
4065,3.293424224070825e-06,0.1
4066,3.2989416829806144e-06,0.1
4067,3.3044731325788723e-06,0.1
4068,3.309995656977314e-06,0.1
4069,3.315622176829253e-06,0.1
4070,3.3212059027450456e-06,0.1
4071,3.3268185555698547e-06,0.1
4072,3.3324199647084724e-06,0.1
4073,3.338001876146853e-06,0.1
4074,3.343577710252073e-06,0.1
4075,3.3492006142228145e-06,0.1
4076,3.3547608674973634e-06,0.1
4077,3.3603937268832897e-06,0.1
4078,3.3660772741644165e-06,0.1
4079,3.3717599783052753e-06,0.1
4080,3.3774740328691067e-06,0.1
4081,3.3831859950560585e-06,0.1
4082,3.3888820796810545e-06,0.1
4083,3.3946035129061407e-06,0.1
4084,3.4003102102464818e-06,0.1
4085,3.4060481730012996e-06,0.1
4086,3.411814040442438e-06,0.1
4087,3.417590216219091e-06,0.1
4088,3.4234768942374942e-06,0.1
4089,3.42939272698211e-06,0.1
4090,3.435270565392217e-06,0.1
4091,3.4411446538315416e-06,0.1
4092,3.447049166798026e-06,0.1
4093,3.452939588222238e-06,0.1
4094,3.4588593927012617e-06,0.1
4095,3.464774324398361e-06,0.1
4096,3.4707303135841853e-06,0.1
4097,3.476626645908667e-06,0.1
4098,3.4826331797421488e-06,0.1
4099,3.4886220699848124e-06,0.1
4100,3.494567963639726e-06,0.1
4101,3.500547702911788e-06,0.1
4102,3.5065676200244304e-06,0.1
4103,3.5125997255043838e-06,0.1
4104,3.5186157550644873e-06,0.1
4105,3.5245870246276858e-06,0.1
4106,3.530672959444862e-06,0.1
4107,3.5367432688500532e-06,0.1
4108,3.542755795287827e-06,0.1
4109,3.54883926890757e-06,0.1
4110,3.5548410483191998e-06,0.1
4111,3.5608800175540272e-06,0.1
4112,3.566959289726786e-06,0.1
4113,3.5730932963939796e-06,0.1
4114,3.5792528177324633e-06,0.1
4115,3.585320874744331e-06,0.1
4116,3.5914449322604846e-06,0.1
4117,3.5975829391131155e-06,0.1
4118,3.6037363038887455e-06,0.1
4119,3.6098840957994584e-06,0.1
4120,3.6160035327268994e-06,0.1
4121,3.622174943769225e-06,0.1
4122,3.6283612255420775e-06,0.1
4123,3.6345720302638832e-06,0.1
4124,3.6408287567955385e-06,0.1
4125,3.647093834433172e-06,0.1
4126,3.65339804753924e-06,0.1
4127,3.659743976011246e-06,0.1
4128,3.6660599845477657e-06,0.1
4129,3.67235749448159e-06,0.1
4130,3.678568253886496e-06,0.1
4131,3.6848153151837532e-06,0.1
4132,3.6911245198570184e-06,0.1
4133,3.6974214105883833e-06,0.1
4134,3.7037755275823083e-06,0.1
4135,3.7101290340475236e-06,0.1
4136,3.7164701600216087e-06,0.1
4137,3.7228452592235063e-06,0.1
4138,3.729270470690123e-06,0.1
4139,3.7357007709137102e-06,0.1
4140,3.74211874177175e-06,0.1
4141,3.748609111379468e-06,0.1
4142,3.755084380511794e-06,0.1
4143,3.7615708731939936e-06,0.1
4144,3.76816432670846e-06,0.1
4145,3.7747769961432013e-06,0.1
4146,3.781314113564144e-06,0.1
4147,3.7878421459038137e-06,0.1
4148,3.794347472923855e-06,0.1
4149,3.8008596030361484e-06,0.1
4150,3.8074417394531796e-06,0.1
4151,3.8140451570295937e-06,0.1
4152,3.820656623996316e-06,0.1
4153,3.827221204441994e-06,0.1
4154,3.833830229675489e-06,0.1
4155,3.840481244798241e-06,0.1
4156,3.8470913504011516e-06,0.1
4157,3.85377309331874e-06,0.1
4158,3.860477996543231e-06,0.1
4159,3.867157902543125e-06,0.1
4160,3.8738681495858985e-06,0.1
4161,3.8805317310394645e-06,0.1
4162,3.887210158609153e-06,0.1
4163,3.893843812566064e-06,0.1
4164,3.9004990082080025e-06,0.1
4165,3.907116649539232e-06,0.1
4166,3.913820072031967e-06,0.1
4167,3.920449621556989e-06,0.1
4168,3.927145159894281e-06,0.1
4169,3.933854014770777e-06,0.1
4170,3.940582082738976e-06,0.1
4171,3.947342772639596e-06,0.1
4172,3.954060734042895e-06,0.1
4173,3.960768995792011e-06,0.1
4174,3.967516146638782e-06,0.1
4175,3.974259872028382e-06,0.1
4176,3.981030671123892e-06,0.1
4177,3.987881017449688e-06,0.1
4178,3.994696077038567e-06,0.1
4179,4.001589961786355e-06,0.1
4180,4.008528569969657e-06,0.1
4181,4.015471014393574e-06,0.1
4182,4.022413881362593e-06,0.1
4183,4.029287512189601e-06,0.1
4184,4.036182893478493e-06,0.1
4185,4.043100115249514e-06,0.1
4186,4.050038002263114e-06,0.1
4187,4.057022710315658e-06,0.1
4188,4.064059568049162e-06,0.1
4189,4.071110734613374e-06,0.1
4190,4.078207906882343e-06,0.1
4191,4.0852359802466746e-06,0.1
4192,4.092302495880258e-06,0.1
4193,4.099277282282678e-06,0.1
4194,4.106247545979429e-06,0.1
4195,4.113213953427953e-06,0.1
4196,4.1201622807558765e-06,0.1
4197,4.1271600199688625e-06,0.1
4198,4.134135385870204e-06,0.1
4199,4.141082230263005e-06,0.1
4200,4.148103999198701e-06,0.1
4201,4.1550744490060565e-06,0.1
4202,4.1620383731462626e-06,0.1
4203,4.169023779211223e-06,0.1
4204,4.1759830454670715e-06,0.1
4205,4.182936398374074e-06,0.1
4206,4.189970590193176e-06,0.1
4207,4.197077860932451e-06,0.1
4208,4.2041479773162245e-06,0.1
4209,4.2112908907436776e-06,0.1
4210,4.2183432996712494e-06,0.1
4211,4.225398241396807e-06,0.1
4212,4.232448874045536e-06,0.1
4213,4.239530053741586e-06,0.1
4214,4.246642007220354e-06,0.1
4215,4.25374464016143e-06,0.1
4216,4.260816953206975e-06,0.1
4217,4.267951714271259e-06,0.1
4218,4.275035098821565e-06,0.1
4219,4.282079955831152e-06,0.1
4220,4.28921720565813e-06,0.1
4221,4.296303947371895e-06,0.1
4222,4.3034503986699465e-06,0.1
4223,4.310593982796839e-06,0.1
4224,4.317736288087282e-06,0.1
4225,4.324945881236751e-06,0.1
4226,4.332137820196106e-06,0.1
4227,4.339328895653706e-06,0.1
4228,4.34655422251794e-06,0.1
4229,4.353759592036879e-06,0.1
4230,4.360983329208292e-06,0.1
4231,4.368162046400843e-06,0.1
4232,4.37539504849569e-06,0.1
4233,4.382668960814956e-06,0.1
4234,4.390000367560141e-06,0.1
4235,4.397359885329088e-06,0.1
4236,4.40473727735329e-06,0.1
4237,4.4121118607464434e-06,0.1
4238,4.419529367139306e-06,0.1
4239,4.42697879327696e-06,0.1
4240,4.434437478733818e-06,0.1
4241,4.441897615459465e-06,0.1
4242,4.449425030071271e-06,0.1
4243,4.456979460684196e-06,0.1
4244,4.464557886876768e-06,0.1
4245,4.4721236469264545e-06,0.1
4246,4.479713236728214e-06,0.1
4247,4.4873599434332265e-06,0.1
4248,4.495005000260527e-06,0.1
4249,4.502690006683947e-06,0.1
4250,4.510363294597479e-06,0.1
4251,4.518002660234226e-06,0.1
4252,4.525729253205348e-06,0.1
4253,4.533508171903335e-06,0.1
4254,4.541315923320051e-06,0.1
4255,4.549079952105878e-06,0.1
4256,4.556890733398018e-06,0.1
4257,4.564669023782598e-06,0.1
4258,4.57251615753914e-06,0.1
4259,4.580358761172633e-06,0.1
4260,4.5882371295039845e-06,0.1
4261,4.596144577340621e-06,0.1
4262,4.604076780352027e-06,0.1
4263,4.612051933127894e-06,0.1
4264,4.620069896564702e-06,0.1
4265,4.62807629401625e-06,0.1
4266,4.636158461408898e-06,0.1
4267,4.644272802328753e-06,0.1
4268,4.652396636624763e-06,0.1
4269,4.660587775316735e-06,0.1
4270,4.6688023244073505e-06,0.1
4271,4.677117135143955e-06,0.1
4272,4.685362979994692e-06,0.1
4273,4.693482602432585e-06,0.1
4274,4.701576989050776e-06,0.1
4275,4.70973586003374e-06,0.1
4276,4.717876769143781e-06,0.1
4277,4.726002981411732e-06,0.1
4278,4.734111510598035e-06,0.1
4279,4.74220473929547e-06,0.1
4280,4.750313581988206e-06,0.1
4281,4.758488290725648e-06,0.1
4282,4.766769005082702e-06,0.1
4283,4.775095650876411e-06,0.1
4284,4.783408331394824e-06,0.1
4285,4.791686278836699e-06,0.1
4286,4.800050746827031e-06,0.1
4287,4.808434086951631e-06,0.1
4288,4.816822846829019e-06,0.1
4289,4.825248452770826e-06,0.1
4290,4.833733794879895e-06,0.1
4291,4.842175586266118e-06,0.1
4292,4.850645641158021e-06,0.1
4293,4.859102393467579e-06,0.1
4294,4.8674690829888405e-06,0.1
4295,4.875914963677573e-06,0.1
4296,4.884416446144401e-06,0.1
4297,4.892925088795064e-06,0.1
4298,4.901489975292272e-06,0.1
4299,4.910003774843938e-06,0.1
4300,4.9184680082590985e-06,0.1
4301,4.927013455961959e-06,0.1
4302,4.935551782469897e-06,0.1
4303,4.944058969020028e-06,0.1
4304,4.9525445395941965e-06,0.1
4305,4.9610808524663495e-06,0.1
4306,4.969744805156068e-06,0.1
4307,4.978369666618026e-06,0.1
4308,4.987002071689934e-06,0.1
4309,4.995699198343639e-06,0.3
4310,5.004389854112446e-06,0.3
4311,5.0131081890060566e-06,0.3
4312,5.021823747323853e-06,0.3
4313,5.030500233145157e-06,0.3
4314,5.03923225324528e-06,0.3
4315,5.048002944120326e-06,0.3
4316,5.056810718713603e-06,0.3
4317,5.065645904934894e-06,0.3
4318,5.074446656873148e-06,0.3
4319,5.083210549106161e-06,0.3
4320,5.091941643297375e-06,0.3
4321,5.100723709394553e-06,0.3
4322,5.109641366746731e-06,0.3
4323,5.118529864831418e-06,0.3
4324,5.12737537416253e-06,0.3
4325,5.136213587002015e-06,0.3
4326,5.145196418187513e-06,0.3
4327,5.154070179281974e-06,0.3
4328,5.163072711947181e-06,0.3
4329,5.17206087148071e-06,0.3
4330,5.1811664550505226e-06,0.3
4331,5.190184433708832e-06,0.3
4332,5.199209437830419e-06,0.3
4333,5.208324932096077e-06,0.3
4334,5.2174150089154355e-06,0.3
4335,5.226503410891361e-06,0.3
4336,5.235666010279471e-06,0.3
4337,5.244855850607671e-06,0.3
4338,5.254026805352683e-06,0.3
4339,5.263171899750173e-06,0.3
4340,5.2723127339830375e-06,0.3
4341,5.281453502353718e-06,0.3
4342,5.290518455708841e-06,0.3
4343,5.2995330669669755e-06,0.3
4344,5.308576350045768e-06,0.3
4345,5.317638851458034e-06,0.3
4346,5.326684370688222e-06,0.3
4347,5.335775164336822e-06,0.3
4348,5.345008505995264e-06,0.3
4349,5.354230970127447e-06,0.3
4350,5.363441148853047e-06,0.3
4351,5.372656050804036e-06,0.3
4352,5.3819006410190195e-06,0.3
4353,5.39116074579936e-06,0.3
4354,5.400353778494615e-06,0.3
4355,5.409606980866969e-06,0.3
4356,5.418913305245127e-06,0.3
4357,5.428280132953587e-06,0.3
4358,5.437637956418067e-06,0.3
4359,5.446965326125623e-06,0.3
4360,5.456262212895004e-06,0.3
4361,5.465583065777876e-06,0.3
4362,5.474845409964932e-06,0.3
4363,5.484142418638722e-06,0.3
4364,5.493473103839827e-06,0.3
4365,5.5028185298306774e-06,0.3
4366,5.5122472722649814e-06,0.3
4367,5.521686564777281e-06,0.3
4368,5.531149979229545e-06,0.3
4369,5.5405231912204536e-06,0.3
4370,5.5500310262010635e-06,0.3
4371,5.559511848455421e-06,0.3
4372,5.5690645379798445e-06,0.3
4373,5.578572713142635e-06,0.3
4374,5.588053975186375e-06,0.3
4375,5.597586043562226e-06,0.3
4376,5.60720418055922e-06,0.3
4377,5.616833584132508e-06,0.3
4378,5.626449168168879e-06,0.3
4379,5.636161439006282e-06,0.3
4380,5.64583398087476e-06,0.3
4381,5.655555382546557e-06,0.3
4382,5.665305767251541e-06,0.3
4383,5.675151100000835e-06,0.3
4384,5.685003073860174e-06,0.3
4385,5.694904078669448e-06,0.3
4386,5.704681911484948e-06,0.3
4387,5.714434506366608e-06,0.3
4388,5.724274542134229e-06,0.3
4389,5.734209707330211e-06,0.3
4390,5.744040716323564e-06,0.3
4391,5.753916200174786e-06,0.3
4392,5.7638385462781364e-06,0.3
4393,5.773740316964295e-06,0.3
4394,5.78371058855677e-06,0.3
4395,5.793772510240214e-06,0.3
4396,5.803877223784939e-06,0.3
4397,5.814014075587104e-06,0.3
4398,5.824103195976062e-06,0.3
4399,5.834176861636239e-06,0.3
4400,5.844279304087313e-06,0.3
4401,5.854389584230656e-06,0.3
4402,5.864489453250651e-06,0.3
4403,5.874662309281222e-06,0.3
4404,5.884792019307473e-06,0.3
4405,5.8948995133438305e-06,0.3
4406,5.9049689241416744e-06,0.3
4407,5.914971576782101e-06,0.3
4408,5.924939332819117e-06,0.3
4409,5.935095313871963e-06,0.3
4410,5.945236083652504e-06,0.3
4411,5.955460562207753e-06,0.3
4412,5.965706951880836e-06,0.3
4413,5.975936379651745e-06,0.3
4414,5.98617198561412e-06,0.3
4415,5.996488152457649e-06,0.3
4416,6.006641044123771e-06,0.3
4417,6.01688942644979e-06,0.3
4418,6.027141228536192e-06,0.3
4419,6.03737833372499e-06,0.3
4420,6.04769629068891e-06,0.3
4421,6.05797766373385e-06,0.3
4422,6.068301047103395e-06,0.3
4423,6.078594314786578e-06,0.3
4424,6.088963059991063e-06,0.3
4425,6.099331446034674e-06,0.3
4426,6.109809850691069e-06,0.3
4427,6.120271538321162e-06,0.3
4428,6.130642736638368e-06,0.3
4429,6.141089823838712e-06,0.3
4430,6.151516544329298e-06,0.3
4431,6.16197927346284e-06,0.3
4432,6.172427653193582e-06,0.3
4433,6.1830161336036794e-06,0.3
4434,6.1936551992438145e-06,0.3
4435,6.204306992255656e-06,0.3
4436,6.214913768078311e-06,0.3
4437,6.225724212284172e-06,0.3
4438,6.2364093406421405e-06,0.3
4439,6.247092319716171e-06,0.3
4440,6.25778977491799e-06,0.3
4441,6.268561956488607e-06,0.3
4442,6.279292787570891e-06,0.3
4443,6.290168110161396e-06,0.3
4444,6.3010732580919606e-06,0.3
4445,6.312026510795448e-06,0.3
4446,6.322980552714142e-06,0.3
4447,6.33386976226631e-06,0.3
4448,6.344788666684643e-06,0.3
4449,6.355690717674567e-06,0.3
4450,6.366639054812333e-06,0.3
4451,6.377596525869638e-06,0.3
4452,6.3885361563194265e-06,0.3
4453,6.399534369989649e-06,0.3
4454,6.410508521480093e-06,0.3
4455,6.421510059952969e-06,0.3
4456,6.432539321932937e-06,0.3
4457,6.443651940407429e-06,0.3
4458,6.454781013067151e-06,0.3
4459,6.465930355654655e-06,0.3
4460,6.4771019252624314e-06,0.3
4461,6.488326105135404e-06,0.3
4462,6.499571853159238e-06,0.3
4463,6.5107823495687824e-06,0.3
4464,6.522056763740462e-06,0.3
4465,6.533374873639031e-06,0.3
4466,6.544634677482035e-06,0.3
4467,6.555879263388563e-06,0.3
4468,6.567143945584337e-06,0.3
4469,6.5784018789096725e-06,0.3
4470,6.589688108756702e-06,0.3
4471,6.60090267873933e-06,0.3
4472,6.612173953572113e-06,0.3
4473,6.623389682301964e-06,0.3
4474,6.634687386357752e-06,0.3
4475,6.64594955919242e-06,0.3
4476,6.657213302990441e-06,0.3
4477,6.668608157581957e-06,0.3
4478,6.680034194843064e-06,0.3
4479,6.691419598809271e-06,0.3
4480,6.70287784863367e-06,0.3
4481,6.714297891912762e-06,0.3
4482,6.725795104509603e-06,0.3
4483,6.737290024906488e-06,0.3
4484,6.748847419020298e-06,0.3
4485,6.7602817658148534e-06,0.3
4486,6.771871699091292e-06,0.3
4487,6.783531266620243e-06,0.3
4488,6.795148428202364e-06,0.3
4489,6.8066239807511975e-06,0.3
4490,6.818143101554348e-06,0.3
4491,6.829817893716681e-06,0.3
4492,6.841431530514105e-06,0.3
4493,6.853194552564932e-06,0.3
4494,6.864796864580636e-06,0.3
4495,6.876537960739112e-06,0.3
4496,6.8883285719315645e-06,0.3
4497,6.900074048131338e-06,0.3
4498,6.911903598724918e-06,0.3
4499,6.923857256952271e-06,0.3
4500,6.9358352518327035e-06,0.3
4501,6.947741342478555e-06,0.3
4502,6.9597330577291e-06,0.3
4503,6.971738071559723e-06,0.3
4504,6.9837839215420684e-06,0.3
4505,6.995797259079906e-06,0.3
4506,7.007841914772459e-06,0.3
4507,7.019929783131717e-06,0.3
4508,7.032068275804332e-06,0.3
4509,7.044216997353836e-06,0.3
4510,7.0563757885804e-06,0.3
4511,7.068662541987853e-06,0.3
4512,7.080807453486369e-06,0.3
4513,7.093046531905451e-06,0.3
4514,7.10537907288935e-06,0.3
4515,7.117820421752541e-06,0.3
4516,7.130228640729981e-06,0.3
4517,7.142586524920708e-06,0.3
4518,7.155009418368195e-06,0.3
4519,7.167565828343823e-06,0.3
4520,7.179961650576893e-06,0.3
4521,7.19235489047841e-06,0.3
4522,7.20482260490422e-06,0.3
4523,7.217327522535189e-06,0.3
4524,7.229760574997754e-06,0.3
4525,7.242396831099646e-06,0.3
4526,7.255054868697213e-06,0.3
4527,7.267616121811705e-06,0.3
4528,7.28019012772595e-06,0.3
4529,7.292842275123137e-06,0.3
4530,7.305554434755921e-06,0.3
4531,7.318277553750557e-06,0.3
4532,7.331009956225708e-06,0.3
4533,7.343857612484971e-06,0.3
4534,7.356686949931353e-06,0.3
4535,7.3694550759861735e-06,0.3
4536,7.382270641660267e-06,0.3
4537,7.394984135887755e-06,0.3
4538,7.407715538615858e-06,0.3
4539,7.420364338325408e-06,0.3
4540,7.433159095586666e-06,0.3
4541,7.445854992562797e-06,0.3
4542,7.458488747151364e-06,0.3
4543,7.471200772791568e-06,0.3
4544,7.483917720500683e-06,0.3
4545,7.4967356842218125e-06,0.3
4546,7.509469421737955e-06,0.3
4547,7.522153525459205e-06,0.3
4548,7.534757146761222e-06,0.3
4549,7.547423288736107e-06,0.3
4550,7.560264966020248e-06,0.3
4551,7.573125096352943e-06,0.3
4552,7.5860122000361515e-06,0.3
4553,7.599014097815928e-06,0.3
4554,7.61197593783976e-06,0.3
4555,7.624876180481876e-06,0.3
4556,7.637873276339222e-06,0.3
4557,7.650881213454647e-06,0.3
4558,7.664006245104755e-06,0.3
4559,7.677139296271006e-06,0.3
4560,7.690340547460116e-06,0.3
4561,7.703475097065946e-06,0.3
4562,7.716708119565535e-06,0.3
4563,7.729912750588854e-06,0.3
4564,7.743190412255477e-06,0.3
4565,7.756403882069094e-06,0.3
4566,7.769594544535084e-06,0.3
4567,7.78283626863779e-06,0.3
4568,7.796110288462354e-06,0.3
4569,7.80940932275434e-06,0.3
4570,7.822881217586236e-06,0.3
4571,7.836385820092904e-06,0.3
4572,7.849782793216017e-06,0.3
4573,7.863265546333309e-06,0.3
4574,7.876729046203704e-06,0.3
4575,7.890089964644352e-06,0.3
4576,7.903476309701503e-06,0.3
4577,7.916874713346595e-06,0.3
4578,7.930232654480278e-06,0.3
4579,7.943752542138202e-06,0.3
4580,7.957214178491977e-06,0.3
4581,7.970828866746963e-06,0.3
4582,7.984336020815226e-06,0.3
4583,7.997989370204922e-06,0.3
4584,8.011523715460478e-06,0.3
4585,8.025250007300471e-06,0.3
4586,8.03894322924882e-06,0.3
4587,8.052587753905274e-06,0.3
4588,8.066376158780055e-06,0.3
4589,8.080227746725584e-06,0.3
4590,8.094079809380542e-06,0.3
4591,8.107790006302142e-06,0.3
4592,8.121676518545486e-06,0.3
4593,8.135498401893618e-06,0.3
4594,8.149327081845845e-06,0.3
4595,8.163097225822667e-06,0.3
4596,8.176904838124367e-06,0.3
4597,8.19077459886144e-06,0.3
4598,8.204618234286767e-06,0.3
4599,8.218591671604968e-06,0.3
4600,8.232519327645361e-06,0.3
4601,8.246500008319191e-06,0.3
4602,8.26055798965381e-06,0.3
4603,8.274500273877589e-06,0.3
4604,8.28863172084875e-06,0.3
4605,8.302838499531648e-06,0.3
4606,8.316784356561537e-06,0.3
4607,8.330713563293077e-06,0.3
4608,8.344584474523343e-06,0.3
4609,8.35839235620287e-06,0.3
4610,8.372220046083355e-06,0.3
4611,8.38606623703752e-06,0.3
4612,8.399811892057526e-06,0.3
4613,8.413702317944487e-06,0.3
4614,8.427591094504639e-06,0.3
4615,8.44139622229537e-06,0.3
4616,8.455218963582584e-06,0.3
4617,8.468935923058956e-06,0.3
4618,8.482770510323359e-06,0.3
4619,8.496715079907737e-06,0.3
4620,8.510766540400749e-06,0.3
4621,8.524911697377195e-06,0.3
4622,8.539054949119562e-06,0.3
4623,8.553406136390666e-06,0.3
4624,8.567801637522323e-06,0.3
4625,8.582259365490597e-06,0.3
4626,8.596490125624142e-06,0.3
4627,8.610834061080676e-06,0.3
4628,8.625213586510303e-06,0.3
4629,8.639605971401112e-06,0.3
4630,8.654088828602814e-06,0.3
4631,8.668721225893705e-06,0.3
4632,8.683197091734925e-06,0.3
4633,8.697638175201801e-06,0.3
4634,8.712118570744647e-06,0.3
4635,8.726719683906663e-06,0.3
4636,8.741297841205978e-06,0.3
4637,8.755995472535778e-06,0.3
4638,8.770781577059048e-06,0.3
4639,8.785684209885085e-06,0.3
4640,8.80061924541238e-06,0.3
4641,8.815546417376267e-06,0.3
4642,8.830541914387945e-06,0.3
4643,8.84564296397044e-06,0.3
4644,8.86051724659566e-06,0.3
4645,8.8755632591089e-06,0.3
4646,8.890604399162034e-06,0.3
4647,8.905600511142621e-06,0.3
4648,8.920599357381272e-06,0.3
4649,8.93556506431028e-06,0.3
4650,8.95067478178703e-06,0.3
4651,8.965731591199093e-06,0.3
4652,8.980878313769312e-06,0.3
4653,8.996104620216422e-06,0.3
4654,9.011360485388152e-06,0.3
4655,9.026705525802102e-06,0.3
4656,9.042051089708636e-06,0.3
4657,9.05743999638602e-06,0.3
4658,9.073109414831846e-06,0.3
4659,9.088567199482039e-06,0.3
4660,9.103960690401504e-06,0.3
4661,9.119424938066446e-06,0.3
4662,9.13493859806775e-06,0.3
4663,9.150531357009469e-06,0.3
4664,9.165992598910154e-06,0.3
4665,9.18148267414211e-06,0.3
4666,9.19694730265803e-06,0.3
4667,9.21253136306195e-06,0.3
4668,9.228120982916753e-06,0.3
4669,9.243767877065663e-06,0.3
4670,9.259398892993198e-06,0.3
4671,9.274857871217932e-06,0.3
4672,9.290351307206196e-06,0.3
4673,9.305796559358077e-06,0.3
4674,9.321347967113039e-06,0.3
4675,9.336741998782036e-06,0.3
4676,9.352219768368085e-06,0.3
4677,9.367783360606775e-06,0.3
4678,9.383409036340121e-06,0.3
4679,9.398938271267326e-06,0.3
4680,9.414558274039292e-06,0.3
4681,9.430186608634284e-06,0.3
4682,9.445762416681292e-06,0.3
4683,9.461291737486788e-06,0.3
4684,9.476813596961106e-06,0.3
4685,9.492387784483025e-06,0.3
4686,9.508001478069026e-06,0.3
4687,9.523580429205459e-06,0.3
4688,9.53935899808751e-06,0.3
4689,9.555347812614634e-06,0.3
4690,9.571428848560381e-06,0.3
4691,9.58742468127242e-06,0.3
4692,9.603503091528753e-06,0.3
4693,9.619570012245262e-06,0.3
4694,9.635692742070167e-06,0.3
4695,9.651918232608394e-06,0.3
4696,9.668187214693092e-06,0.3
4697,9.68454478550848e-06,0.3
4698,9.700972648080137e-06,0.3
4699,9.717373209884872e-06,0.3
4700,9.733809318517142e-06,0.3
4701,9.750254234006778e-06,0.3
4702,9.766861545534708e-06,0.3
4703,9.783651054310718e-06,0.3
4704,9.800553638156537e-06,0.3
4705,9.81757572716442e-06,0.3
4706,9.834626564957105e-06,0.3
4707,9.851559816021216e-06,0.3
4708,9.86846926515833e-06,0.3
4709,9.885487316345198e-06,0.3
4710,9.90244743330376e-06,0.3
4711,9.919598732491928e-06,0.3
4712,9.936695148013541e-06,0.3
4713,9.953771132472e-06,0.3
4714,9.971006938872559e-06,0.3
4715,9.988361975364191e-06,0.3
4716,1.0005738192813985e-05,0.3
4717,1.002305579576701e-05,0.3
4718,1.0040524852581064e-05,0.3
4719,1.0057824962707346e-05,0.3
4720,1.0075187750298297e-05,0.3
4721,1.0092583116639165e-05,0.3
4722,1.0110018058106037e-05,0.3
4723,1.0127606940606836e-05,0.3
4724,1.0145368391464878e-05,0.3
4725,1.0162974978667459e-05,0.3
4726,1.018049861091608e-05,0.3
4727,1.01980508242322e-05,0.3
4728,1.0215680376854714e-05,0.3
4729,1.023343766931304e-05,0.3
4730,1.025126545155899e-05,0.3
4731,1.0269011747125468e-05,0.3
4732,1.0286750472212983e-05,0.3
4733,1.0304459768119633e-05,0.3
4734,1.0322220458747775e-05,0.3
4735,1.034000845639505e-05,0.3
4736,1.0357840548205458e-05,0.3
4737,1.0375437981966958e-05,0.3
4738,1.039300602564486e-05,0.3
4739,1.0410559936781854e-05,0.3
4740,1.0428023243089876e-05,0.3
4741,1.0445358147030288e-05,0.3
4742,1.0462763323314829e-05,0.3
4743,1.048022890287704e-05,0.3
4744,1.0497640073690015e-05,0.3
4745,1.0515161806971742e-05,0.3
4746,1.0532703851544248e-05,0.3
4747,1.055037173079752e-05,0.3
4748,1.05677706263768e-05,0.3
4749,1.0585401522582906e-05,0.3
4750,1.0602977690565757e-05,0.3
4751,1.062059646370575e-05,0.3
4752,1.0638174704005918e-05,0.3
4753,1.0655886078517817e-05,0.3
4754,1.0673613431918891e-05,0.3
4755,1.0691436987640092e-05,0.3
4756,1.0709223065827047e-05,0.3
4757,1.0727161954900407e-05,0.3
4758,1.0745183615707896e-05,0.3
4759,1.0763273187271216e-05,0.3
4760,1.0781603166617102e-05,0.3
4761,1.0799975328280956e-05,0.3
4762,1.0818320564436572e-05,0.3
4763,1.083681757905159e-05,0.3
4764,1.0855110596679411e-05,0.3
4765,1.0873665161520572e-05,0.3
4766,1.089231125850302e-05,0.3
4767,1.0910880441858892e-05,0.3
4768,1.0929688449874613e-05,0.3
4769,1.0948312610380952e-05,0.3
4770,1.096712631421476e-05,0.3
4771,1.0985996683059256e-05,0.3
4772,1.1004893513057026e-05,0.3
4773,1.1023773977336725e-05,0.3
4774,1.1042909549472452e-05,0.3
4775,1.106226332813237e-05,0.3
4776,1.1081643038945062e-05,0.3
4777,1.1100893473347478e-05,0.3
4778,1.112014253274375e-05,0.3
4779,1.1139498641546686e-05,0.3
4780,1.1158797897232913e-05,0.3
4781,1.1178062714449062e-05,0.3
4782,1.1197471852281058e-05,0.3
4783,1.1216842439203045e-05,0.3
4784,1.123625411148004e-05,0.3
4785,1.1255847794933589e-05,0.3
4786,1.1275312964057918e-05,0.3
4787,1.1294714216227325e-05,0.3
4788,1.1314030085630173e-05,0.3
4789,1.1333578432477875e-05,0.3
4790,1.1353059275198835e-05,0.3
4791,1.137265662583391e-05,0.3
4792,1.1392319247460231e-05,0.3
4793,1.1412046512360805e-05,0.3
4794,1.1431571500596544e-05,0.3
4795,1.1451188845381941e-05,0.3
4796,1.1470814748636952e-05,0.3
4797,1.1490319697006823e-05,0.3
4798,1.1510045128693065e-05,0.3
4799,1.152956443560985e-05,0.3
4800,1.1549071451531395e-05,0.3
4801,1.1568795465197188e-05,0.3
4802,1.1588502553266876e-05,0.3
4803,1.1608337644154218e-05,0.3
4804,1.1628208208164859e-05,0.3
4805,1.1648042704537846e-05,0.3
4806,1.1668170743607059e-05,0.3
4807,1.1688076492898963e-05,0.3
4808,1.170802742996433e-05,0.3
4809,1.1727934705102658e-05,0.3
4810,1.1748061418450554e-05,0.3
4811,1.1768179611491815e-05,0.3
4812,1.1788316266244143e-05,0.3
4813,1.1808478145571545e-05,0.3
4814,1.1828786851275457e-05,0.3
4815,1.1848820708287054e-05,0.3
4816,1.1868886120675885e-05,0.3
4817,1.188893452971311e-05,0.3
4818,1.1908956633451527e-05,0.3
4819,1.1929136301445478e-05,0.3
4820,1.1949169531786013e-05,0.3
4821,1.1969418972552713e-05,0.3
4822,1.198940847736123e-05,0.3
4823,1.2009600545504613e-05,0.3
4824,1.202977638245173e-05,0.3
4825,1.2049990422782808e-05,0.3
4826,1.2070183975790197e-05,0.3
4827,1.2090363559669514e-05,0.3
4828,1.2110351581793072e-05,0.3
4829,1.213034427008413e-05,0.3
4830,1.2150203343341662e-05,0.3
4831,1.2170220758901919e-05,0.3
4832,1.219013742552212e-05,0.3
4833,1.2210054392013122e-05,0.3
4834,1.2229942744716529e-05,0.3
4835,1.2249791848060252e-05,0.3
4836,1.226976540329669e-05,0.3
4837,1.2289576844709584e-05,0.3
4838,1.230964988501861e-05,0.3
4839,1.2329698246820592e-05,0.3
4840,1.2349730755298339e-05,0.3
4841,1.2369985179345426e-05,0.3
4842,1.239042232639217e-05,0.3
4843,1.2410627162370224e-05,0.3
4844,1.2431174596352247e-05,0.3
4845,1.2451675701995838e-05,0.3
4846,1.2472331515297647e-05,0.3
4847,1.2493023868350063e-05,0.3
4848,1.2513838401934117e-05,0.3
4849,1.2534721975693645e-05,0.3
4850,1.2555581958064594e-05,0.3
4851,1.2576220464885119e-05,0.3
4852,1.2597054293398165e-05,0.3
4853,1.26178376084921e-05,0.3
4854,1.263868853763331e-05,0.3
4855,1.2659773090511847e-05,0.3
4856,1.2680957199410777e-05,0.3
4857,1.27020031775937e-05,0.3
4858,1.2723227470799373e-05,0.3
4859,1.2744500080555013e-05,0.3
4860,1.2765880840340499e-05,0.3
4861,1.278726657070733e-05,0.3
4862,1.2808825211290936e-05,0.3
4863,1.2830268683033939e-05,0.3
4864,1.2851810336064176e-05,0.3
4865,1.2873489701876152e-05,0.3
4866,1.289500946403416e-05,0.3
4867,1.2916549902614045e-05,0.3
4868,1.293820109208834e-05,0.3
4869,1.2959775221461522e-05,0.3
4870,1.2981293276072757e-05,0.3
4871,1.3002868093314387e-05,0.3
4872,1.3024554921893809e-05,0.3
4873,1.3046227569125799e-05,0.3
4874,1.3067924239157411e-05,0.3
4875,1.3089710907285825e-05,0.3
4876,1.3111467884798355e-05,0.3
4877,1.3133332458314623e-05,0.3
4878,1.315530809421393e-05,0.3
4879,1.3177177086938181e-05,0.3
4880,1.319900008493076e-05,0.3
4881,1.3221049296515305e-05,0.3
4882,1.324293523135576e-05,0.3
4883,1.3264867252469023e-05,0.3
4884,1.3286877570524739e-05,0.3
4885,1.3308824007092825e-05,0.3
4886,1.3330761218056248e-05,0.3
4887,1.33528787106489e-05,0.3
4888,1.3374953630675174e-05,0.3
4889,1.339703999969987e-05,0.3
4890,1.3419176373354969e-05,0.3
4891,1.3441271633234166e-05,0.3
4892,1.3463591527011336e-05,0.3
4893,1.3485941632273088e-05,0.3
4894,1.3508310739086602e-05,0.3
4895,1.3530928005470345e-05,0.3
4896,1.3553331194224161e-05,0.3
4897,1.3575961357780142e-05,0.3
4898,1.3598452002197955e-05,0.3
4899,1.3621059085426493e-05,0.3
4900,1.3643860770987758e-05,0.3
4901,1.3666746472945713e-05,0.3
4902,1.3689656386141272e-05,0.3
4903,1.3712768045221054e-05,0.3
4904,1.3735848231668625e-05,0.3
4905,1.3758787860742988e-05,0.3
4906,1.3781835389822695e-05,0.3
4907,1.3804788023134251e-05,0.3
4908,1.3827976350969596e-05,0.3
4909,1.385110644891317e-05,0.3
4910,1.3874210021166024e-05,0.3
4911,1.3897492685746023e-05,0.3
4912,1.3920689840769542e-05,0.3
4913,1.394397236066977e-05,0.3
4914,1.3967316098085539e-05,0.3
4915,1.3990983892862636e-05,0.3
4916,1.4014614553585574e-05,0.3
4917,1.4038320988836573e-05,0.3
4918,1.406199209428085e-05,0.3
4919,1.4085690399325952e-05,0.3
4920,1.410937772752434e-05,0.3
4921,1.4133214360198545e-05,0.3
4922,1.4156842391162798e-05,0.3
4923,1.4180721437433713e-05,0.3
4924,1.420455709838848e-05,0.3
4925,1.4228544925739398e-05,0.3
4926,1.4252663006710306e-05,0.3
4927,1.427676404226148e-05,0.3
4928,1.4300884999645975e-05,0.3
4929,1.4324855823898676e-05,0.3
4930,1.4348956983197243e-05,0.3
4931,1.437321576635572e-05,0.3
4932,1.4397489479317597e-05,0.3
4933,1.4421704561222012e-05,0.3
4934,1.4445939832339856e-05,0.3
4935,1.4470281670958544e-05,0.3
4936,1.4494616009555217e-05,0.3
4937,1.451917703993313e-05,0.3
4938,1.4543609614210153e-05,0.3
4939,1.4568282980754452e-05,0.3
4940,1.4592868884337838e-05,0.3
4941,1.4617489524795426e-05,0.3
4942,1.46423074447036e-05,0.3
4943,1.4667259538569754e-05,0.3
4944,1.4692241662844293e-05,0.3
4945,1.4717203646859933e-05,0.3
4946,1.4742158720602266e-05,0.3
4947,1.4766998781603818e-05,0.3
4948,1.4792029061429907e-05,1.0
4949,1.4817187769635637e-05,0.3
4950,1.4842257809737039e-05,0.3
4951,1.486749169679045e-05,1.0
4952,1.4892792895858424e-05,0.3
4953,1.4917839144277177e-05,1.0
4954,1.4942936945702523e-05,1.0
4955,1.496824071403412e-05,1.0
4956,1.4993439392654609e-05,1.0
4957,1.5018480826403559e-05,1.0
4958,1.5043745903961775e-05,1.0
4959,1.5068990095327716e-05,1.0
4960,1.5094098670979065e-05,1.0
4961,1.5119252220455739e-05,1.0
4962,1.5144430361549794e-05,1.0
4963,1.5169506510438562e-05,1.0
4964,1.5194615115250862e-05,1.0
4965,1.5219672048437582e-05,1.0
4966,1.5244809685351867e-05,1.0
4967,1.527034196842897e-05,1.0
4968,1.529600698777678e-05,1.0
4969,1.5321643974900282e-05,1.0
4970,1.5347486887988122e-05,1.0
4971,1.537340203093663e-05,1.0
4972,1.5399361851865382e-05,1.0
4973,1.5425235363179266e-05,1.0
4974,1.5451323704235917e-05,1.0
4975,1.5477251791649567e-05,1.0
4976,1.5503212307767707e-05,1.0
4977,1.5529154243912476e-05,1.0
4978,1.55550214302599e-05,1.0
4979,1.558119431792564e-05,1.0
4980,1.5607164571190868e-05,1.0
4981,1.5633355701346837e-05,1.0
4982,1.5659369943465558e-05,1.0
4983,1.5685341844831833e-05,1.0
4984,1.5711495414262273e-05,1.0
4985,1.5737426763168375e-05,1.0
4986,1.5763428051725668e-05,1.0
4987,1.5789709503035093e-05,1.0
4988,1.5815894841899415e-05,1.0
4989,1.5841981357112655e-05,1.0
4990,1.5868258316386484e-05,1.0
4991,1.589448372468245e-05,1.0
4992,1.5920763484081424e-05,1.0
4993,1.5946986818863267e-05,1.0
4994,1.5973442305714875e-05,1.0
4995,1.5999991267793706e-05,1.0
4996,1.602653301603586e-05,1.0
4997,1.6053331242712208e-05,1.0
4998,1.6080109106899055e-05,1.0
4999,1.610686393005167e-05,1.0
5000,1.613401417626444e-05,1.0
5001,1.6160962961672642e-05,1.0
5002,1.6187939141206435e-05,1.0
5003,1.621478926980511e-05,1.0
5004,1.6242063944602764e-05,1.0
5005,1.6269282069021785e-05,1.0
5006,1.629648648331832e-05,1.0
5007,1.6323632300858817e-05,1.0
5008,1.6350941977384814e-05,1.0
5009,1.6378130220176857e-05,1.0
5010,1.6405429898532845e-05,1.0
5011,1.6432959812879974e-05,1.0
5012,1.6460622720905377e-05,1.0
5013,1.648825066507149e-05,1.0
5014,1.6515879953686597e-05,1.0
5015,1.6543684595837346e-05,1.0
5016,1.6571409475688255e-05,1.0
5017,1.6599449421461554e-05,1.0
5018,1.6627422682533006e-05,1.0
5019,1.6655365060835903e-05,1.0
5020,1.6683349455286183e-05,1.0
5021,1.671119352532993e-05,1.0
5022,1.6739154360966497e-05,1.0
5023,1.676737894298166e-05,1.0
5024,1.6795587201618934e-05,1.0
5025,1.6823861489596787e-05,1.0
5026,1.6852132887419466e-05,1.0
5027,1.6880442442065103e-05,1.0
5028,1.6908709657644472e-05,1.0
5029,1.6936913268270214e-05,1.0
5030,1.6965044817530795e-05,1.0
5031,1.6993134378772505e-05,1.0
5032,1.7021214233980184e-05,1.0
5033,1.7049335465181444e-05,1.0
5034,1.707752225753571e-05,1.0
5035,1.710560501956144e-05,1.0
5036,1.7133920404650793e-05,1.0
5037,1.7162192091789384e-05,1.0
5038,1.719047472670883e-05,1.0
5039,1.721872222101674e-05,1.0
5040,1.7246915728915162e-05,1.0
5041,1.7275139890004735e-05,1.0
5042,1.7303750716857727e-05,1.0
5043,1.7332414200089794e-05,1.0
5044,1.7361046877443725e-05,1.0
5045,1.7389683330531786e-05,1.0
5046,1.74184073968928e-05,1.0
5047,1.744725279582062e-05,1.0
5048,1.7475993647665682e-05,1.0
5049,1.750471326226584e-05,1.0
5050,1.7533744106137743e-05,1.0
5051,1.7562863721278346e-05,1.0
5052,1.759198398585585e-05,1.0
5053,1.7620927002548617e-05,1.0
5054,1.7649979452441054e-05,1.0
5055,1.7679256467034934e-05,1.0
5056,1.7708517009374e-05,1.0
5057,1.7737715454253387e-05,1.0
5058,1.7766813804420224e-05,1.0
5059,1.779577386248401e-05,1.0
5060,1.7824974048296035e-05,1.0
5061,1.785443067527011e-05,1.0
5062,1.7883981967800552e-05,1.0
5063,1.7913490728099723e-05,1.0
5064,1.794321860003577e-05,1.0
5065,1.797289631546511e-05,1.0
5066,1.8002716260683826e-05,1.0
5067,1.8032530034994545e-05,1.0
5068,1.8062391935720763e-05,1.0
5069,1.8092183670252996e-05,1.0
5070,1.8122340986692746e-05,1.0
5071,1.8152500104271666e-05,1.0
5072,1.81827931091264e-05,1.0
5073,1.8212839256615485e-05,1.0
5074,1.824294272531925e-05,1.0
5075,1.8272981258463905e-05,1.0
5076,1.8303034972747037e-05,1.0
5077,1.8332949298386637e-05,1.0
5078,1.8362917406681433e-05,1.0
5079,1.839286621199071e-05,1.0
5080,1.8422896786291786e-05,1.0
5081,1.8452691165594032e-05,1.0
5082,1.84824811620278e-05,1.0
5083,1.851238835802368e-05,1.0
5084,1.854246739450678e-05,1.0
5085,1.8572457755113326e-05,1.0
5086,1.860245689296096e-05,1.0
5087,1.8632416560550204e-05,1.0
5088,1.866238514268686e-05,1.0
5089,1.8692133301203422e-05,1.0
5090,1.8722065469869284e-05,1.0
5091,1.875194845514832e-05,1.0
5092,1.8782018929733134e-05,1.0
5093,1.8811909222031164e-05,1.0
5094,1.8841735144405276e-05,1.0
5095,1.8871748672654873e-05,1.0
5096,1.890181492323304e-05,1.0
5097,1.893194565566531e-05,1.0
5098,1.8962182493989683e-05,1.0
5099,1.8992306274683705e-05,1.0
5100,1.9022488881767305e-05,1.0
5101,1.905259103375187e-05,1.0
5102,1.9082890103293126e-05,1.0
5103,1.9113241765842983e-05,1.0
5104,1.9143510234182636e-05,1.0
5105,1.917351413743923e-05,1.0
5106,1.9203975102344873e-05,1.0
5107,1.9234199310125166e-05,1.0
5108,1.9264716416381464e-05,1.0
5109,1.9295348147051194e-05,1.0
5110,1.932563814974229e-05,1.0
5111,1.9355871718830532e-05,1.0
5112,1.9386431603523222e-05,1.0
5113,1.9417013761951618e-05,1.0
5114,1.9447592245447683e-05,1.0
5115,1.9478327876331763e-05,1.0
5116,1.950904291900242e-05,1.0
5117,1.953975667178408e-05,1.0
5118,1.9570546350027818e-05,1.0
5119,1.9601614895615837e-05,1.0
5120,1.9632660877235828e-05,1.0
5121,1.966373417357016e-05,1.0
5122,1.9694789518210424e-05,1.0
5123,1.972595842215318e-05,1.0
5124,1.975685332380826e-05,1.0
5125,1.978801573511416e-05,1.0
5126,1.981898448839933e-05,1.0
5127,1.9850036380557266e-05,1.0
5128,1.9881209354440093e-05,1.0
5129,1.9912366029516435e-05,1.0
5130,1.9943565209830438e-05,1.0
5131,1.9974919182249858e-05,1.0
5132,2.000642460262476e-05,1.0
5133,2.0037413518299458e-05,1.0
5134,2.0068396961181087e-05,1.0
5135,2.0099564256691852e-05,1.0
5136,2.0130708676732605e-05,1.0
5137,2.0161833744217768e-05,1.0
5138,2.0192954082133253e-05,1.0
5139,2.0223894810842677e-05,1.0
5140,2.0254860832754667e-05,1.0
5141,2.0285480953537707e-05,1.0
5142,2.0316237558591013e-05,1.0
5143,2.0346924795686737e-05,1.0
5144,2.0377938446768176e-05,1.0
5145,2.0409046743792926e-05,1.0
5146,2.0440506480296414e-05,1.0
5147,2.0471703251962185e-05,1.0
5148,2.0502956666219707e-05,1.0
5149,2.0534186556482268e-05,1.0
5150,2.0565578146714755e-05,1.0
5151,2.059705300239979e-05,1.0
5152,2.0628481287175345e-05,1.0
5153,2.0660261776863904e-05,1.0
5154,2.0691735522772617e-05,1.0
5155,2.0723203377347808e-05,1.0
5156,2.075497217010546e-05,1.0
5157,2.0786783790671913e-05,1.0
5158,2.0818857018391054e-05,1.0
5159,2.085079530249722e-05,1.0
5160,2.0882886558350815e-05,1.0
5161,2.0915084631516095e-05,1.0
5162,2.0947304716424976e-05,1.0
5163,2.097955782667108e-05,1.0
5164,2.10120031266703e-05,1.0
5165,2.1044314074310833e-05,1.0
5166,2.1076390975339363e-05,1.0
5167,2.1108497645548127e-05,1.0
5168,2.1140682800739286e-05,1.0
5169,2.117334343228436e-05,1.0
5170,2.1205959204132475e-05,1.0
5171,2.1238604183505095e-05,1.0
5172,2.1271037974957055e-05,1.0
5173,2.1303729017750968e-05,1.0
5174,2.1336517496743e-05,1.0
5175,2.1369133314787566e-05,1.0
5176,2.140207013483693e-05,1.0
5177,2.1435132673023772e-05,1.0
5178,2.146806407168338e-05,1.0
5179,2.150116353543797e-05,1.0
5180,2.1534173206372802e-05,1.0
5181,2.1567048885642488e-05,1.0
5182,2.160008768452009e-05,1.0
5183,2.1633031864806686e-05,1.0
5184,2.166614098474985e-05,1.0
5185,2.169892380321077e-05,1.0
5186,2.1731910939327858e-05,1.0
5187,2.1764746250838498e-05,1.0
5188,2.179762517157304e-05,1.0
5189,2.1830621414788166e-05,1.0
5190,2.1863564996951274e-05,1.0
5191,2.189643121357326e-05,1.0
5192,2.1929562965260627e-05,1.0
5193,2.1962563288880764e-05,1.0
5194,2.1995713377245323e-05,1.0
5195,2.202873336746172e-05,1.0
5196,2.2062290859629384e-05,1.0
5197,2.2095330475040208e-05,1.0
5198,2.2128746818278157e-05,1.0
5199,2.2162030534525136e-05,1.0
5200,2.2195284539435603e-05,1.0
5201,2.222855220569499e-05,1.0
5202,2.226191700713513e-05,1.0
5203,2.2295320823362193e-05,1.0
5204,2.232870502506576e-05,1.0
5205,2.2361824399288427e-05,1.0
5206,2.2395371726508046e-05,1.0
5207,2.242900344882745e-05,1.0
5208,2.2462789379375728e-05,1.0
5209,2.2496576091802805e-05,1.0
5210,2.2530582397838197e-05,1.0
5211,2.256425094520838e-05,1.0
5212,2.259815702209302e-05,1.0
5213,2.2632076069125936e-05,1.0
5214,2.2666046890004083e-05,1.0
5215,2.2699810111097305e-05,1.0
5216,2.273387978606142e-05,1.0
5217,2.2767911945063956e-05,1.0
5218,2.2801963590165115e-05,1.0
5219,2.2836029229679054e-05,1.0
5220,2.2870665020727888e-05,1.0
5221,2.290516203333485e-05,1.0
5222,2.293940887961921e-05,1.0
5223,2.297360694672392e-05,1.0
5224,2.300779368743535e-05,1.0
5225,2.304204999543772e-05,1.0
5226,2.30763039018044e-05,1.0
5227,2.311055115060349e-05,1.0
5228,2.3145233350330943e-05,1.0
5229,2.3179862080977926e-05,1.0
5230,2.3214281347108197e-05,1.0
5231,2.324888647834025e-05,1.0
5232,2.3284041539570753e-05,1.0
5233,2.331879396267766e-05,1.0
5234,2.3353352563352815e-05,1.0
5235,2.338790449773415e-05,1.0
5236,2.342248525968971e-05,1.0
5237,2.3457334386041838e-05,1.0
5238,2.3492175571879217e-05,1.0
5239,2.352718812734086e-05,1.0
5240,2.356185044642056e-05,1.0
5241,2.3597024766205042e-05,1.0
5242,2.3632238846905453e-05,1.0
5243,2.3667530837977032e-05,1.0
5244,2.3702799351198383e-05,1.0
5245,2.3737950091609302e-05,1.0
5246,2.3773057201454362e-05,1.0
5247,2.380821344159343e-05,1.0
5248,2.384369928148465e-05,1.0
5249,2.387933703406307e-05,1.0
5250,2.391488543928414e-05,1.0
5251,2.3950607895527132e-05,1.0
5252,2.3986488994360747e-05,1.0
5253,2.402230746571948e-05,1.0
5254,2.4058069724319006e-05,1.0
5255,2.4093907004595515e-05,1.0
5256,2.412964081833829e-05,1.0
5257,2.41653215343376e-05,1.0
5258,2.4201002971135813e-05,1.0
5259,2.423701445811674e-05,1.0
5260,2.4273133675831715e-05,1.0
5261,2.430939843687198e-05,1.0
5262,2.4346004747294653e-05,1.0
5263,2.4381930868052453e-05,1.0
5264,2.4418444065853193e-05,1.0
5265,2.4454967584891583e-05,1.0
5266,2.449133094423529e-05,1.0
5267,2.4527735727543166e-05,1.0
5268,2.4564249088817132e-05,1.0
5269,2.460103990436106e-05,1.0
5270,2.4638039402519056e-05,1.0
5271,2.4675259441691468e-05,1.0
5272,2.4712198983408276e-05,1.0
5273,2.4749483799810062e-05,1.0
5274,2.4786403606985245e-05,1.0
5275,2.4824009066310926e-05,1.0
5276,2.4861091011398197e-05,1.0
5277,2.489835959191691e-05,1.0
5278,2.4935517076026084e-05,1.0
5279,2.497288313442441e-05,1.0
5280,2.5010138493373145e-05,1.0
5281,2.5047739229297552e-05,1.0
5282,2.508525302610921e-05,1.0
5283,2.5122706387675236e-05,1.0
5284,2.5160715001714434e-05,1.0
5285,2.5198719927304805e-05,1.0
5286,2.523654405472368e-05,1.0
5287,2.527452693650367e-05,1.0
5288,2.5312855918665263e-05,1.0
5289,2.5351105575920844e-05,1.0
5290,2.5389429075751224e-05,1.0
5291,2.542777939595588e-05,1.0
5292,2.5466379943173867e-05,1.0
5293,2.550474504761821e-05,1.0
5294,2.5543434296393972e-05,1.0
5295,2.5582068181049826e-05,1.0
5296,2.562077048329354e-05,1.0
5297,2.5659399725703037e-05,1.0
5298,2.569766709178689e-05,1.0
5299,2.5736424682959784e-05,1.0
5300,2.577513440513055e-05,1.0
5301,2.581380252676269e-05,1.0
5302,2.5852741445115027e-05,1.0
5303,2.5891875294063615e-05,1.0
5304,2.5930820109228636e-05,1.0
5305,2.5969788908190343e-05,1.0
5306,2.600900587069298e-05,1.0
5307,2.6048163472791536e-05,1.0
5308,2.6087025660387677e-05,1.0
5309,2.6126045503843546e-05,1.0
5310,2.6164764040180508e-05,1.0
5311,2.6203419168815753e-05,1.0
5312,2.624232149746772e-05,1.0
5313,2.628113889843796e-05,1.0
5314,2.6320053748255482e-05,1.0
5315,2.635936763473951e-05,1.0
5316,2.6398539578631677e-05,1.0
5317,2.6437792595781028e-05,1.0
5318,2.6476885495741797e-05,1.0
5319,2.651609798720215e-05,1.0
5320,2.65553201071774e-05,1.0
5321,2.6594844442658654e-05,1.0
5322,2.6634589963414472e-05,1.0
5323,2.6674238415683154e-05,1.0
5324,2.671418528349482e-05,1.0
5325,2.6753917852226304e-05,1.0
5326,2.679366004403047e-05,1.0
5327,2.6833533457983945e-05,1.0
5328,2.6873089402971197e-05,1.0
5329,2.6912958843688553e-05,1.0
5330,2.6952886793362926e-05,1.0
5331,2.6992621587800442e-05,1.0
5332,2.7032633700185237e-05,1.0
5333,2.707262216237137e-05,1.0
5334,2.7112500658024845e-05,1.0
5335,2.7153003524441195e-05,1.0
5336,2.7193044778733556e-05,1.0
5337,2.723330310074756e-05,1.0
5338,2.7273828842340845e-05,1.0
5339,2.7314077716921934e-05,1.0
5340,2.735454255386113e-05,1.0
5341,2.73948711570562e-05,1.0
5342,2.7435522806025086e-05,1.0
5343,2.7476029772903373e-05,1.0
5344,2.7516163765670237e-05,1.0
5345,2.7556239904554015e-05,1.0
5346,2.7596624136098643e-05,1.0
5347,2.763731303400774e-05,1.0
5348,2.767768831260099e-05,1.0
5349,2.7718735125332543e-05,1.0
5350,2.7759398848745365e-05,1.0
5351,2.7799892869883836e-05,1.0
5352,2.7840479365984605e-05,1.0
5353,2.7880984031385213e-05,1.0
5354,2.7921823991006987e-05,1.0
5355,2.796259528432864e-05,1.0
5356,2.800337401834842e-05,1.0
5357,2.8044284416807053e-05,1.0
5358,2.8085126597351644e-05,1.0
5359,2.812611934582265e-05,1.0
5360,2.8167188984962675e-05,1.0
5361,2.8208204272995086e-05,1.0
5362,2.8249078490398673e-05,1.0
5363,2.829016267646722e-05,1.0
5364,2.833180433471184e-05,1.0
5365,2.837329627726686e-05,1.0
5366,2.8414676379249243e-05,1.0
5367,2.845614796117247e-05,1.0
5368,2.8497934020251657e-05,1.0
5369,2.853932652097539e-05,1.0
5370,2.858084264454801e-05,1.0
5371,2.8622454724549723e-05,1.0
5372,2.8664172024623288e-05,1.0
5373,2.8705857852372333e-05,1.0
5374,2.8747675133960345e-05,1.0
5375,2.8789607964165636e-05,1.0
5376,2.883204822350231e-05,1.0
5377,2.8873789765586943e-05,1.0
5378,2.8915930715730807e-05,1.0
5379,2.8957801779686644e-05,1.0
5380,2.8999722099137363e-05,1.0
5381,2.9041627420390533e-05,1.0
5382,2.908348755081376e-05,1.0
5383,2.912513729500281e-05,1.0
5384,2.9167239575144893e-05,1.0
5385,2.9209487677262482e-05,1.0
5386,2.9251723791704927e-05,1.0
5387,2.9294226207417938e-05,1.0
5388,2.9336921278503536e-05,1.0
5389,2.937975450811351e-05,1.0
5390,2.942232192537178e-05,1.0
5391,2.9465053354932644e-05,1.0
5392,2.950782761692637e-05,1.0
5393,2.9550913641427894e-05,1.0
5394,2.9593668511230418e-05,1.0
5395,2.963696737991448e-05,1.0
5396,2.9680240983100967e-05,1.0
5397,2.972360129549381e-05,1.0
5398,2.976681843005071e-05,1.0
5399,2.981006076737822e-05,1.0
5400,2.9853310967676492e-05,1.0
5401,2.989640124115253e-05,1.0
5402,2.9939687490835093e-05,1.0
5403,2.998298257651453e-05,1.0
5404,3.0026329392396195e-05,1.0
5405,3.0069426657796973e-05,1.0
5406,3.0112621001980808e-05,1.0
5407,3.0156109155343785e-05,1.0
5408,3.0199678468893592e-05,1.0
5409,3.0243303779036653e-05,1.0
5410,3.0286901307290247e-05,1.0
5411,3.0330401303772662e-05,1.0
5412,3.0374435840085763e-05,1.0
5413,3.0418406611659855e-05,1.0
5414,3.0462343798289554e-05,1.0
5415,3.050657140716499e-05,1.0
5416,3.0550904227917576e-05,1.0
5417,3.059566061765612e-05,1.0
5418,3.064047501367889e-05,1.0
5419,3.0684803044044496e-05,1.0
5420,3.072925624899415e-05,1.0
5421,3.0773897575315124e-05,1.0
5422,3.081843536340019e-05,1.0
5423,3.086266960863744e-05,1.0
5424,3.090709130494082e-05,1.0
5425,3.095158604965904e-05,1.0
5426,3.0996132212648374e-05,1.0
5427,3.10409203297222e-05,1.0
5428,3.108565532999722e-05,1.0
5429,3.1130324493152856e-05,1.0
5430,3.117545330926438e-05,1.0
5431,3.1220569768280695e-05,1.0
5432,3.126560762804187e-05,1.0
5433,3.13104708168272e-05,1.0
5434,3.135518037744547e-05,1.0
5435,3.139987789357787e-05,1.0
5436,3.144492918023599e-05,1.0
5437,3.1490259434039415e-05,1.0
5438,3.1535280270736865e-05,1.0
5439,3.1580031079141226e-05,1.0
5440,3.162488798751528e-05,1.0
5441,3.166965344320765e-05,1.0
5442,3.171400296392096e-05,1.0
5443,3.175860511179848e-05,1.0
5444,3.180309138538639e-05,1.0
5445,3.184803016059119e-05,1.0
5446,3.189279823095086e-05,1.0
5447,3.1937275823965694e-05,1.0
5448,3.1982269132283e-05,1.0
5449,3.202706229629466e-05,1.0
5450,3.207214418266072e-05,1.0
5451,3.2117287184094814e-05,1.0
5452,3.2162063689149e-05,1.0
5453,3.2206763025013124e-05,1.0
5454,3.225143272521691e-05,1.0
5455,3.229614026055839e-05,1.0
5456,3.234113576552745e-05,1.0
5457,3.238613630614303e-05,1.0
5458,3.2430981965155076e-05,1.0
5459,3.247581413850248e-05,1.0
5460,3.252077113083983e-05,1.0
5461,3.256594256318998e-05,1.0
5462,3.26108270781336e-05,1.0
5463,3.265567933298086e-05,1.0
5464,3.270068859433586e-05,1.0
5465,3.27457224560891e-05,1.0
5466,3.27907939092004e-05,1.0
5467,3.283561140958496e-05,1.0
5468,3.288031140053289e-05,1.0
5469,3.292538500349771e-05,1.0
5470,3.2970319182934875e-05,1.0
5471,3.301498726759897e-05,1.0
5472,3.305975168599533e-05,1.0
5473,3.310482420103387e-05,1.0
5474,3.3149905611351504e-05,1.0
5475,3.319525261870062e-05,1.0
5476,3.324049897072957e-05,1.0
5477,3.3286065947859505e-05,1.0
5478,3.3331453552787954e-05,1.0
5479,3.337676816277968e-05,1.0
5480,3.3422354617579814e-05,1.0
5481,3.3468064439953894e-05,1.0
5482,3.351349194770959e-05,1.0
5483,3.355918039242495e-05,1.0
5484,3.360463207478921e-05,1.0
5485,3.365001830323831e-05,1.0
5486,3.369590246398242e-05,1.0
5487,3.374136768020035e-05,1.0
5488,3.378676798062692e-05,1.0
5489,3.383228639079996e-05,1.0
5490,3.3877723852450454e-05,1.0
5491,3.392308003891071e-05,1.0
5492,3.396853860125464e-05,1.0
5493,3.401411219987566e-05,1.0
5494,3.405957955109949e-05,1.0
5495,3.4105267191182394e-05,1.0
5496,3.415093459290876e-05,1.0
5497,3.4196753691864456e-05,1.0
5498,3.4242747848014264e-05,1.0
5499,3.428870375201534e-05,1.0
