step,time,gate_rate,perturbation_rate_upper,gate_forcing_upper,eta_upper,eta_smooth_upper,eta_gate_upper,tube_radius_upper
1,0.0002,0.0,0.005671403725741186,1.078830499247245e-08,1.4012315342685878e-08,8.571332632166312e-11,1.3926602016364213e-08,1.069726656647247e-10
2,0.0004,0.0,0.006815656536406547,1.104804115781261e-08,1.4224129051507425e-08,1.1373104147000047e-10,1.4110398010037423e-08,1.1407437015718457e-10
3,0.0006,0.0,0.008232461278369841,1.233352351323355e-08,1.5863394214236898e-08,1.2844917654797593e-10,1.5734945037688917e-08,1.219433583405795e-10
4,0.0008,0.0,0.008232457344309751,1.2408327239083881e-08,1.549170624048043e-08,7.056777664304017e-11,1.5421138463837387e-08,1.297252257078129e-10
5,0.001,0.0,0.008232479300645579,1.2860368117340883e-08,1.6039658849608735e-08,8.481182380549777e-11,1.5954847025803235e-08,1.37791427227225e-10
6,0.0012,0.0,0.007061570018233606,1.2655021007092696e-08,1.5930908599271703e-08,8.304915344739584e-11,1.5847859445824303e-08,1.4578329606896955e-10
7,0.0014,0.0,0.007051222630208548,1.1537952843001972e-08,1.4481366501395532e-08,7.438848944262767e-11,1.4406978011952903e-08,1.531148511877188e-10
8,0.0016,0.0,0.007051208156299918,1.1141155495939619e-08,1.4048001800589429e-08,9.252986631079611e-11,1.395547193427863e-08,1.602371716287473e-10
9,0.0018,0.0,0.006037994927294846,1.1210908303744512e-08,1.4232942539410222e-08,1.951892966391109e-10,1.403775324277111e-08,1.6743224454924329e-10
10,0.002,0.0,0.006037972932472198,1.0707202612943429e-08,1.3411409415576952e-08,5.4867157476650304e-11,1.33565422581003e-08,1.7428917785343487e-10
11,0.0022,0.0,0.007261566735461962,1.0567514805792364e-08,1.3053087156484226e-08,5.436956435183076e-11,1.2998717592132393e-08,1.8102285925069892e-10
12,0.0024,0.0,0.004930627734683402,1.066700034680089e-08,1.383341965202099e-08,1.2364138516881848e-10,1.370977826685217e-08,1.8799151792311715e-10
13,0.0026,0.0,0.005999206749782045,1.0209796113311715e-08,1.3318206394361279e-08,9.717943019461502e-11,1.3221026964166662e-08,1.94713623816546e-10
14,0.0028,0.0,0.005999199905516026,1.0261281515208345e-08,1.3173965716018765e-08,3.5671868909132876e-11,1.313829384710963e-08,2.0141775050804226e-10
15,0.003,0.0,0.0054221506857936455,1.0752891307654015e-08,1.4115154361724739e-08,1.1754274409258578e-10,1.3997611617632151e-08,2.0850069503506822e-10
16,0.0032,0.0,0.005636037208195383,1.161419181686883e-08,1.502867958422298e-08,1.532723459795253e-10,1.4875407238243451e-08,2.160517875987e-10
17,0.0034,0.0,0.00763952538205914,1.2087736917162495e-08,1.5389106888356112e-08,1.1366412676933456e-10,1.5275442761586773e-08,2.2382676672449968e-10
18,0.0036,0.0,0.007639520451524836,1.1556934958389855e-08,1.460699119704784e-08,8.691538285964097e-11,1.4520075814188199e-08,2.3126734444377634e-10
19,0.0038,0.0,0.007639489368937712,1.1409227513794335e-08,1.450594852186544e-08,1.186629833608836e-10,1.4387285538504554e-08,2.386500239747054e-10
20,0.004,0.0,0.0064875578002908385,1.1206904339193081e-08,1.4248402427860496e-08,1.4525619843177617e-10,1.4103146229428718e-08,2.45919804017923e-10
21,0.0042,0.0,0.006487569916482131,1.1261809742747102e-08,1.4323811427467127e-08,6.511584707522135e-11,1.4258695580391905e-08,2.5323013152930865e-10
22,0.0044,0.0,0.0064875395186423665,1.0497144251154413e-08,1.3097756125090712e-08,1.0852234617388347e-10,1.2989233778916827e-08,2.600293209762307e-10
23,0.0046,0.0,0.006487574212141333,1.0822607909746258e-08,1.3634047293685489e-08,1.524041355378227e-10,1.3481643158147664e-08,2.670588887770898e-10
24,0.0048,0.0,0.006506832839465805,1.0817230102890415e-08,1.3663922868452871e-08,5.7906243003344065e-11,1.3606016625449525e-08,2.7410125964625507e-10
25,0.005,0.0,0.0066202561454303446,1.0816206669097681e-08,1.3896092470461892e-08,1.5619417948525392e-10,1.3739898290976636e-08,2.812102011678084e-10
26,0.0052,0.0,0.006487571924089301,1.018454775129253e-08,1.3274675343983803e-08,3.030517417413756e-11,1.3244370169809663e-08,2.879996911556466e-10
27,0.0054,0.0,0.006487544004079203,1.009356706548671e-08,1.3219249012367875e-08,5.551848552383618e-11,1.3163730526844037e-08,2.9475730694607765e-10
28,0.0056,0.0,0.005355479480398543,1.0229497990197043e-08,1.3490596253118153e-08,1.6976908769671918e-10,1.3320827165421432e-08,3.016269992310715e-10
29,0.0058,0.0,0.005355474017576912,1.0083017017501724e-08,1.3489099068640146e-08,9.692250150345232e-11,1.3392176567136692e-08,3.0846448116755446e-10
30,0.006,0.0,0.005602155601548837,1.0988834278513762e-08,1.4302911237653977e-08,3.565413711709053e-11,1.4267257100536884e-08,3.1575553507160997e-10
31,0.0062,0.0,0.006784293370792313,1.1231285914614735e-08,1.4775152095490617e-08,4.6497703080382846e-11,1.4728654392410232e-08,3.23239215276873e-10
32,0.0064,0.0,0.009306970064707844,1.157216788525635e-08,1.526561659479954e-08,2.784527758056502e-11,1.5237771317218974e-08,3.309461071818504e-10
33,0.0066,0.0,0.009306951940130004,1.1233713106576616e-08,1.4716724788965712e-08,1.0573428896425596e-10,1.4610990500001454e-08,3.384292373632393e-10
34,0.0068,0.0,0.009306947687756965,1.0950419556139895e-08,1.4501145307442917e-08,4.620557829156412e-11,1.445493972915135e-08,3.457894502600432e-10
35,0.007,0.0,0.012600419045726334,1.1635095009151751e-08,1.5826284867919364e-08,8.165319046934117e-11,1.574463167745002e-08,3.5367935773453713e-10
36,0.0072,0.0,0.012600419439762174,1.1951660949677858e-08,1.5834960813193395e-08,7.387200989493036e-11,1.5761088803298462e-08,3.6166109350169517e-10
37,0.0074,0.0,0.012600424494374207,1.2172805718636194e-08,1.5985893138282755e-08,5.114590428563653e-11,1.5934747233997115e-08,3.6974692405207996e-10
38,0.0076,0.0,0.012600425731245092,1.2695047705470973e-08,1.6287588010529e-08,4.358543185935666e-11,1.624400257866964e-08,3.7805448175199646e-10
39,0.0078,0.0,0.01574640492277372,1.3563484683325716e-08,1.765491665442869e-08,1.1085899554660273e-10,1.7544057658882084e-08,3.86951394278725e-10
40,0.008,0.0,0.015746400857013135,1.3312335096216457e-08,1.7128301144832853e-08,1.3527822459230403e-10,1.6993022920240545e-08,3.956541500237387e-10
41,0.0082,0.0,0.016978534546396626,1.3601351886342247e-08,1.739723426731799e-08,2.0835664728134682e-11,1.737639860258985e-08,4.045100911170631e-10
42,0.0084,0.0,0.01818175835114468,1.3912158279572224e-08,1.8028002380418923e-08,1.452120799497913e-10,1.7882790300469127e-08,4.136191479460313e-10
43,0.0086,0.0,0.01590043253767434,1.3096367414459425e-08,1.690325357004173e-08,6.353896518192398e-11,1.68397146048598e-08,4.222316392622613e-10
44,0.0088,0.0,0.015900433017647573,1.2934545093230205e-08,1.6642621247625053e-08,5.864487164388497e-11,1.6583976375981164e-08,4.3074213575996723e-10
45,0.009,0.0,0.014767927899229389,1.2069042501795499e-08,1.531964878963297e-08,7.203680425082476e-11,1.524761198538214e-08,4.386910917408981e-10
46,0.0092,0.0,0.013649983010580244,1.2124364047056947e-08,1.5589122355989585e-08,2.770319736468085e-11,1.55614191586249e-08,4.4673173910718355e-10
47,0.0094,0.0,0.013649981916471132,1.229237778937e-08,1.533592686670411e-08,7.048753227689083e-11,1.5265439334427218e-08,4.547575950420919e-10
48,0.0096,0.0,0.013649974817568446,1.2304467928999671e-08,1.518582305666343e-08,1.6497837574483787e-12,1.518417327290598e-08,4.627548950629048e-10
49,0.0098,0.0,0.014718341860592198,1.3143595658326426e-08,1.627404782155475e-08,1.2275018226029645e-10,1.6151297639294453e-08,4.712609507626954e-10
50,0.01,0.0,0.01471833991870174,1.2980128419509608e-08,1.575757587457064e-08,4.713880388381506e-12,1.5752861994182258e-08,4.795979355044986e-10
51,0.0102,0.0,0.012466136832967694,1.2318501763599347e-08,1.5154116850916023e-08,2.2644644290607765e-10,1.492767040800994e-08,4.876133121286123e-10
52,0.0104,0.0,0.01255373021124052,1.3069028221745331e-08,1.5834890034826544e-08,7.8285955929107e-11,1.5756604078897433e-08,4.960083416567494e-10
53,0.0106,0.0,0.011195206879345592,1.2988213664735256e-08,1.5407533051824935e-08,3.149351187977602e-11,1.5376039539945156e-08,5.04278767486641e-10
54,0.0108,0.0,0.011195183637625715,1.3254148933499356e-08,1.5662559472225425e-08,1.8013046809659907e-10,1.5482429004128823e-08,5.126922761020629e-10
55,0.011,0.0,0.010071329478335432,1.244958982467161e-08,1.4704692505330343e-08,8.500174119640828e-11,1.4619690764133934e-08,5.206549520005602e-10
56,0.0112,0.0,0.009067168136897782,1.2705807027787445e-08,1.519149602460998e-08,2.949485685831759e-11,1.516200116775166e-08,5.28818104449403e-10
57,0.0114,0.0,0.010013021727015138,1.2849792595055714e-08,1.5743571795441154e-08,1.6402815317336222e-11,1.5727168980123813e-08,5.371698691252552e-10
58,0.0116,0.0,0.012502102791962618,1.3310081285558787e-08,1.648400476165539e-08,6.607483081834305e-11,1.6417929930837043e-08,5.458418308481781e-10
59,0.0118,0.0,0.012502096897133358,1.3048953217011877e-08,1.6025582963000502e-08,1.1544676113016815e-10,1.591013620187033e-08,5.543345664025329e-10
60,0.012,0.0,0.013705338666567743,1.2200896220772783e-08,1.6008604549449518e-08,7.646489017293853e-11,1.5932139659276575e-08,5.626101790304796e-10
61,0.0122,0.0,0.012473214819734013,1.212998937993689e-08,1.5514423112297334e-08,4.450959763008852e-11,1.5469913514667242e-08,5.707462676114694e-10
62,0.0124,0.0,0.013612290485434407,1.2247449228800786e-08,1.556352014809264e-08,7.948437435650075e-11,1.5484035773736135e-08,5.789332420685245e-10
63,0.0126,0.0,0.012409060057354556,1.2147143776182741e-08,1.4619151978488962e-08,4.715913848599897e-11,1.4571992840002961e-08,5.868558600526399e-10
64,0.0128,0.0,0.012409057595957505,1.2056797439093146e-08,1.4594103754067142e-08,1.2661235929509559e-10,1.4467491394772044e-08,5.947557182657719e-10
65,0.013,0.0,0.013537667068743476,1.1985432085659674e-08,1.4482628768588836e-08,3.7495543907996694e-11,1.4445133224680837e-08,6.026153645079709e-10
66,0.0132,0.0,0.013537653517183487,1.128490913393747e-08,1.4130171692445361e-08,9.384333814280903e-11,1.403632835430255e-08,6.102083108765047e-10
67,0.0134,0.0,0.013537652464838448,1.1397628229715925e-08,1.4534483249872995e-08,1.8774743726873274e-10,1.4346735812604262e-08,6.179427022145175e-10
68,0.0136,0.0,0.0135376494513955,1.157273111547624e-08,1.468476339182534e-08,5.607659248314694e-11,1.4628686799342192e-08,6.257688168060745e-10
69,0.0138,0.0,0.013330057455813766,1.1657878483252232e-08,1.4787784962889338e-08,4.336417219619315e-12,1.4783448545669717e-08,6.336510251824411e-10
70,0.014,0.0,0.013330071853066446,1.2307980080406527e-08,1.5340134906736432e-08,6.43403966726202e-11,1.527579451006381e-08,6.418532351604949e-10
71,0.0142,0.0,0.013330081727061929,1.2216218241765611e-08,1.5264948491836816e-08,3.076631527775223e-11,1.523418217655906e-08,6.500195325634903e-10
72,0.0144,0.0,0.013330053433637037,1.1666483713417813e-08,1.4464139453805885e-08,5.606116454249671e-11,1.4408078289263387e-08,6.578420080046648e-10
73,0.0146,0.0,0.012078331105601928,1.118126242938327e-08,1.40992508794366e-08,3.019506302819333e-11,1.4069055816408404e-08,6.654503783207723e-10
74,0.0148,0.0,0.012078346498909934,1.1374258200975227e-08,1.4234437264060944e-08,2.989523888089341e-11,1.4204542025180048e-08,6.731510824056791e-10
75,0.015,0.0,0.012078360190834088,1.1984110801485713e-08,1.4975450488849893e-08,1.0652515179811297e-10,1.4868925337051775e-08,6.812102238794742e-10
76,0.0152,0.0,0.012078323061179118,1.1666077233786834e-08,1.4190300306836009e-08,6.277787712338093e-11,1.4127522429712626e-08,6.889897849333015e-10
77,0.0154,0.0,0.012008876866960099,1.226843520787353e-08,1.5161825503194664e-08,1.035877219019278e-10,1.5058237781292733e-08,6.971858589269876e-10
78,0.0156,0.0,0.009732993437394033,1.1652612362056485e-08,1.4381913470071646e-08,7.355917844646162e-11,1.4308354291625182e-08,7.050261057519995e-10
79,0.0158,0.0,0.00857391877750885,1.0792570680727324e-08,1.3259787958403186e-08,2.045210346924652e-11,1.3239335854933938e-08,7.123577868879284e-10
80,0.016,0.0,0.008573925912770387,1.1130145004892996e-08,1.3754428474668703e-08,7.502786227961935e-12,1.374692568844074e-08,7.19912651036947e-10
81,0.0162,0.0,0.006487476299150337,8.577277082340225e-09,1.1963382709412305e-08,7.40511079859746e-11,1.1889331601426329e-08,7.263442322605429e-10
82,0.0164,0.0,0.006487493900283352,9.264592296397967e-09,1.2541956459642151e-08,9.494008494942981e-11,1.244701637469272e-08,7.331109779549544e-10
83,0.0166,0.0,0.006487470318332788,9.427823640383737e-09,1.2262879062080957e-08,5.380359612064475e-11,1.2209075465960311e-08,7.39853778427491e-10
84,0.0168,0.0,0.00648748555628962,9.765877965159208e-09,1.2450206145072051e-08,4.6613568728134484e-11,1.2403592576343916e-08,7.46739407935842e-10
85,0.017,0.0,0.005321698136658921,9.865966496172997e-09,1.2541201490914883e-08,5.2187937561702075e-11,1.2489013553353179e-08,7.536808875658827e-10
86,0.0172,0.0,0.005321682758157702,9.812130009111167e-09,1.2611328477555847e-08,7.878942894212288e-11,1.2532539048613723e-08,7.606329512203015e-10
87,0.0174,0.0,0.004372919434776732,1.0041207115950062e-08,1.2251722600948997e-08,6.981052574002046e-11,1.2181912075208975e-08,7.67557292730662e-10
88,0.0176,0.0,0.004372907588126536,1.0286571583735414e-08,1.2480333223515122e-08,1.1491989883068077e-11,1.2468841233632052e-08,7.746112542132953e-10
89,0.0178,0.0,0.003993891275635194,9.735761229943206e-09,1.201979093467537e-08,9.87502452278009e-11,1.1921040689447569e-08,7.814085412592199e-10
90,0.018,0.0,0.003947304319046668,8.585635444803751e-09,1.0834496346232281e-08,9.449977780553087e-11,1.0739996568426749e-08,7.876045446341427e-10
91,0.0182,0.0,0.00452493981279831,8.151597927236728e-09,1.0738853005703581e-08,1.4264364554479282e-10,1.0596209360158786e-08,7.936685155495771e-10
92,0.0184,0.0,0.004524932390038121,8.031486445029696e-09,1.0515589833367152e-08,3.566333800930328e-11,1.0479926495357847e-08,7.996487125401011e-10
93,0.0186,0.0,0.004524961121065924,9.052527896973472e-09,1.1613011482918791e-08,1.145176738518821e-10,1.1498493809066907e-08,8.061854300413166e-10
94,0.0188,0.0,0.004524958178257522,8.705086868351531e-09,1.131583266022991e-08,4.152974329845896e-11,1.127430291693145e-08,8.125604463860509e-10
95,0.019,0.0,0.005802494477367792,8.753969787410575e-09,1.1699695456005738e-08,1.1099436266506917e-10,1.1588701093340668e-08,8.190540409590177e-10
96,0.0192,0.0,0.005802519990580929,9.336933464312295e-09,1.2161827727891552e-08,7.998985582132445e-11,1.2081837872070227e-08,8.258254242240005e-10
97,0.0194,0.0,0.007046023554238515,8.696970536808085e-09,1.1296821073558872e-08,7.925816910444299e-11,1.1217562904454427e-08,8.322117114543991e-10
98,0.0196,0.0,0.006968974146125738,9.002507346459019e-09,1.206672301720162e-08,1.4048036374609106e-10,1.1926242653455528e-08,8.388835720763678e-10
99,0.0198,0.0,0.006968983232759867,9.507384085872331e-09,1.2748613716596601e-08,9.058036519634941e-11,1.265803335140025e-08,8.45870236474271e-10
100,0.02,0.0,0.006969005938563872,1.0165128252540999e-08,1.338083012410094e-08,3.5044974885264645e-11,1.3345785149215675e-08,8.531988361016415e-10
101,0.0202,0.0,0.006969027060864118,1.0845446750382806e-08,1.457077516044817e-08,1.6104305282332078e-10,1.4409732107624847e-08,8.610206305568971e-10
102,0.0204,0.0,0.008239198172321573,1.137567463226849e-08,1.4803801459106971e-08,4.117157645572568e-11,1.4762629882651244e-08,8.690483124140692e-10
103,0.0206,0.0,0.009515131958206996,1.1566300211646282e-08,1.5272046855220924e-08,9.806978643334711e-11,1.5173977068787575e-08,8.77254922700496e-10
104,0.0208,0.0,0.009492494927427323,1.1348315952722163e-08,1.508752174198383e-08,9.751303804383808e-11,1.499000870393999e-08,8.853643405726613e-10
105,0.021,0.0,0.01060058811752253,1.1933991706761497e-08,1.5669999620406857e-08,1.4601089698444768e-10,1.5523988723422405e-08,8.937852104163619e-10
106,0.0212,0.0,0.010600624291845624,1.3291174307729196e-08,1.7329037407252926e-08,9.882369983583408e-11,1.723021370741709e-08,9.029983718890853e-10
107,0.0214,0.0,0.011745753021824745,1.2469002724545718e-08,1.6276630935624066e-08,7.49670835699486e-11,1.6201663852054112e-08,9.117325403386215e-10
108,0.0216,0.0,0.010500360355085775,1.2224298849729516e-08,1.5893802775434837e-08,1.7407993202589217e-10,1.5719722843408942e-08,9.203112692247377e-10
109,0.0218,0.0,0.010500365436065367,1.2734761160525849e-08,1.586189031099927e-08,9.282903228360777e-11,1.576906127871566e-08,9.29022327995479e-10
110,0.022,0.0,0.010500358669776024,1.3261720570595829e-08,1.6228813559810417e-08,1.1534732448397353e-10,1.611346623532644e-08,9.37973880214227e-10
111,0.0222,0.0,0.009294392934920109,1.3210542288849787e-08,1.6212886924844727e-08,6.033093031050978e-11,1.6152555994534212e-08,9.46883526968176e-10
112,0.0224,0.0,0.009294385667393872,1.2856200936058233e-08,1.5624420585319423e-08,5.221330308337012e-11,1.557220728223605e-08,9.555538388060496e-10
113,0.0226,0.0,0.011450216332980713,1.2273596202455466e-08,1.540299565164675e-08,8.133590601608551e-11,1.532165974563066e-08,9.640580019491428e-10
114,0.0228,0.0,0.013618593848251499,1.2963939075280867e-08,1.6506277037086373e-08,6.809603121959706e-11,1.643818100586677e-08,9.730368863201204e-10
115,0.023,0.0,0.012341049629482124,1.2464806825560047e-08,1.6342817565929457e-08,1.8535392686230145e-10,1.6157463639067154e-08,9.81851418004126e-10
116,0.0232,0.0,0.012341045963610896,1.2355225848651825e-08,1.5956691480122593e-08,4.412483383314629e-11,1.5912566646289443e-08,9.904989627764666e-10
117,0.0234,0.0,0.011097527025816626,1.248821630133885e-08,1.6145936266735566e-08,7.96560504505266e-11,1.6066280216285035e-08,9.992841397125739e-10
118,0.0236,0.0,0.011097514215845846,1.1931992967739528e-08,1.5809325240075833e-08,1.5967155138926572e-10,1.5649653688686563e-08,1.0078451165390432e-09
119,0.0238,0.0,0.010078646431155825,1.2320568415240281e-08,1.6084926948293828e-08,5.149945997779118e-11,1.6033427488316035e-08,1.0165865112076678e-09
120,0.024,0.0,0.011238324138184102,1.3920188984994645e-08,1.8170966888069358e-08,4.38510905178146e-11,1.812711579755154e-08,1.0262948335793375e-09
121,0.0242,0.0,0.011238313222244677,1.4110659416024886e-08,1.8177185988502015e-08,1.0344848426893797e-10,1.8073737504233075e-08,1.0360632078831442e-09
122,0.0244,0.0,0.009968129305637934,1.2526459601860526e-08,1.66191564794165e-08,1.1923875415470098e-10,1.6499917725261796e-08,1.045022933273149e-09
123,0.0246,0.0,0.011057930114220982,1.3114895662256065e-08,1.7672629862708655e-08,7.576340133922606e-11,1.7596866461369425e-08,1.0544181599024785e-09
124,0.0248,0.0,0.008827270134235902,1.3101489572892598e-08,1.7645164956223997e-08,1.1298191206452965e-10,1.7532183044159464e-08,1.0638109279132163e-09
125,0.025,0.0,0.00882727449240072,1.3018555723150841e-08,1.7783317088380923e-08,1.3582509458540987e-10,1.764749199379551e-08,1.0732266550598946e-09
126,0.0252,0.0,0.00893868699747656,1.3145060211860833e-08,1.732096817099978e-08,9.769907984830664e-11,1.722326909115147e-08,1.0825171082172838e-09
127,0.0254,0.0,0.009971187988119988,1.3022336977886187e-08,1.7525949872679048e-08,1.4741139354035822e-10,1.7378538479138687e-08,1.091884218929241e-09
128,0.0256,0.0,0.009971174376239806,1.2372951787597642e-08,1.6688388344236544e-08,6.506414066719679e-11,1.6623324203569344e-08,1.1008731158096951e-09
129,0.0258,0.0,0.009971184059910642,1.303607939154537e-08,1.7291692038319097e-08,3.0991381622139687e-11,1.7260700656696953e-08,1.1101996688443767e-09
130,0.026,0.0,0.01119147362723057,1.3805720548636936e-08,1.807674332182269e-08,8.025368236416686e-11,1.799648963945852e-08,1.1199394121516368e-09
131,0.0262,0.0,0.012271134041052905,1.43515927906359e-08,1.9053120031871293e-08,1.0132807357587784e-10,1.8951791958295413e-08,1.1300842614305556e-09
132,0.0264,0.0,0.012271132240465006,1.4474443389527138e-08,1.9003892785596997e-08,1.516717207664109e-10,1.885222106483058e-08,1.1402575522126788e-09
133,0.0266,0.0,0.013348481236967875,1.535689867551762e-08,1.9626893757179778e-08,3.0135440880945824e-11,1.959675831629883e-08,1.1508319838228015e-09
134,0.0268,0.0,0.009024275074610157,1.4260123914863203e-08,1.8133873426023884e-08,1.502284937986599e-11,1.8118850576644016e-08,1.1607415297251286e-09
135,0.027,0.0,0.009024280759796393,1.4981205600026413e-08,1.879981239766804e-08,6.68645239313425e-11,1.8732947873736696e-08,1.1710209342964594e-09
136,0.0272,0.0,0.010320036835875209,1.3787868397845939e-08,1.797641891507125e-08,8.098170718621291e-11,1.7895437207885033e-08,1.1807854351019641e-09
137,0.0274,0.0,0.010320031738968158,1.4539801769237058e-08,1.817851103949132e-08,5.082027657262883e-11,1.8127690762918687e-08,1.1908070343624235e-09
138,0.0276,0.0,0.010320047588046664,1.531973239205067e-08,1.9283197380327956e-08,2.766420599151192e-11,1.925553317433644e-08,1.2013280322708024e-09
139,0.0278,0.0,0.010320037093091554,1.4732007943283549e-08,1.8853641621048464e-08,1.7428435958298853e-10,1.867935726146547e-08,1.211594047715645e-09
140,0.028,0.0,0.01131012229163552,1.3304674410201279e-08,1.7362845670415882e-08,5.3640497942007994e-11,1.730920517247387e-08,1.2211106220604953e-09
141,0.0282,0.0,0.010150507841659006,1.324004011444108e-08,1.7339304051525327e-08,6.970211791498977e-11,1.7269601933610332e-08,1.2306127098909e-09
142,0.0284,0.0,0.010150522353411184,1.393214458362159e-08,1.828032316857878e-08,5.757131977678594e-11,1.822275184880199e-08,1.2405483038644e-09
143,0.0286,0.0,0.010147973754178141,1.4347465136771295e-08,1.9176528060987178e-08,1.6202878687217858e-10,1.9014499274114997e-08,1.2508341456256274e-09
144,0.0288,0.0,0.010147993173215233,1.4730757514003576e-08,1.9606020028911663e-08,9.492292713085996e-11,1.95110971017808e-08,1.2613408243396466e-09
145,0.029,0.0,0.010148028934268716,1.6107689086550956e-08,2.1354022199514846e-08,1.4732958032675946e-10,2.1206692619188083e-08,1.2726699764401298e-09
146,0.0292,0.0,0.010148051820949425,1.7098069734208874e-08,2.2328592082025843e-08,3.41233540368346e-11,2.2294468727989006e-08,1.2845206213330962e-09
147,0.0294,0.0,0.00763262566910588,1.6435961846386112e-08,2.1734255063810717e-08,1.1962772953166724e-10,2.1614627334279047e-08,1.2960546893397119e-09
148,0.0296,0.0,0.0077767584165734215,1.7042202043705795e-08,2.2116044743662653e-08,1.999453732139358e-10,2.1916099370448712e-08,1.3078563502789714e-09
149,0.0298,0.0,0.007776752943628339,1.7237117387682445e-08,2.1640597947109962e-08,9.228044714865022e-11,2.1548317499961307e-08,1.319595837987459e-09
150,0.03,0.0,0.007776709525300357,1.6215071870887965e-08,2.0179772022517345e-08,1.1706673420531507e-10,2.0062705288312027e-08,1.3307002243116387e-09
151,0.0302,0.0,0.006508931856993532,1.619412820554119e-08,1.9598034965822623e-08,1.401880668360766e-10,1.9457846898986542e-08,1.341657686928531e-09
152,0.0304,0.0,0.006508927260961482,1.6313139510193236e-08,1.9321829642054694e-08,5.907699080169612e-11,1.9262752651252993e-08,1.35258428167268e-09
153,0.0306,0.0,0.006894209574889942,1.6772757551195334e-08,1.966294420437177e-08,1.208415303862551e-10,1.9542102673985512e-08,1.3637292523968263e-09
154,0.0308,0.0,0.006854014479780278,1.7875925354337516e-08,2.1323771036405396e-08,8.120260610326026e-11,2.1242568430302132e-08,1.3756033744548337e-09
155,0.031,0.0,0.006854004277577637,1.8001753071778097e-08,2.1275104206092338e-08,5.473076854022816e-11,2.1220373437552108e-08,1.3875084277187611e-09
156,0.0312,0.0,0.006998324515728188,1.860262671554573e-08,2.1768123679495438e-08,7.211476500927745e-11,2.169600891448616e-08,1.39970894944466e-09
157,0.0314,0.0,0.006455506401811164,1.6268582430978858e-08,1.959521784573624e-08,1.0016566278914053e-10,1.9495052182947096e-08,1.4107481454924084e-09
158,0.0316,0.0,0.0060546265665048695,1.527481252882396e-08,1.8606916170550506e-08,5.630216670226469e-11,1.8550614003848237e-08,1.4212817587836188e-09
159,0.0318,0.0,0.006054603677741656,1.3915791324566414e-08,1.7384232708303128e-08,3.7510087870998024e-11,1.7346722620432126e-08,1.4311534558894364e-09
160,0.032,0.0,0.006054573737219294,1.389583009772205e-08,1.7304690927615528e-08,6.575779545477803e-11,1.7238933132160746e-08,1.4410082974283803e-09
161,0.0322,0.0,0.006835443946657285,1.3325890116301148e-08,1.6745504953958066e-08,6.582994502416437e-11,1.6679675008933898e-08,1.4505786558632873e-09
162,0.0324,0.0,0.008021212178082961,1.3127248662176093e-08,1.6868823911581282e-08,1.0454001605744458e-10,1.6764283895523834e-08,1.460138497836278e-09
163,0.0326,0.0,0.006933991205001374,1.2787163322582255e-08,1.6484275659927497e-08,3.1942601786431386e-11,1.6452333058141064e-08,1.4695182981831445e-09
164,0.0328,0.0,0.006934008404608628,1.3616162060320046e-08,1.731362410379184e-08,9.256051205705548e-11,1.722106359173478e-08,1.479338046310767e-09
165,0.033,0.0,0.0069340163575466835,1.4343040478037927e-08,1.792717892142379e-08,4.5693226285951433e-11,1.7881485695137836e-08,1.489515448673711e-09
166,0.0332,0.0,0.00693402233935853,1.4906669738555356e-08,1.841032552841554e-08,1.0234759716899131e-10,1.8307977931246545e-08,1.4999744437928502e-09
167,0.0334,0.0,0.007843571689125995,1.528595184287471e-08,1.8805258353102057e-08,1.5247283447852573e-10,1.865278551862353e-08,1.510644652455934e-09
168,0.0336,0.0,0.008962610340307577,1.5248424465201957e-08,1.8742200180927995e-08,5.5763938014374636e-11,1.8686436242913617e-08,1.5212987762226663e-09
169,0.0338,0.0,0.008933176559244041,1.5760082785101074e-08,1.9143836118254657e-08,3.2756819585089744e-11,1.9111079298669565e-08,1.5322002067810033e-09
170,0.034,0.0,0.010127087174317954,1.477831819593713e-08,1.807205169026399e-08,5.734090518360427e-11,1.8014710785080385e-08,1.5425777901962758e-09
171,0.0342,0.0,0.010127095136257794,1.5132914166642502e-08,1.8659822565500334e-08,5.096250111527289e-11,1.860886006438506e-08,1.5532100005315037e-09
172,0.0344,0.0,0.010127076179580186,1.4487050630919436e-08,1.797604479912022e-08,5.4255809433604186e-11,1.7921788989686612e-08,1.5635060774100932e-09
173,0.0346,0.0,0.009938889898845829,1.4221189723554624e-08,1.7930786799333704e-08,1.0353462297059992e-10,1.78272521763631e-08,1.5737305944408534e-09
174,0.0348,0.0,0.008722486037150404,1.3464535789269051e-08,1.7084385163588618e-08,2.1705115964991784e-11,1.7062680047623623e-08,1.583539830512903e-09
175,0.035,0.0,0.009821445770809166,1.311866348995327e-08,1.682275236148637e-08,2.915561868013218e-11,1.6793596742806233e-08,1.593207643104221e-09
176,0.0352,0.0,0.00982146575425316,1.4142766938184553e-08,1.7819175715863402e-08,4.647539668331337e-11,1.7772700319180087e-08,1.6034098823642654e-09
177,0.0354,0.0,0.010876567837172208,1.530288245311572e-08,1.9046047538352908e-08,1.0711274106611722e-10,1.893893479728679e-08,1.6142426806532119e-09
178,0.0356,0.0,0.010876559227837323,1.4917845004570284e-08,1.8322392752747757e-08,3.874369264888328e-11,1.828364906009887e-08,1.6247970054294935e-09
179,0.0358,0.0,0.010876584798986963,1.6295705664548223e-08,1.9789336818943486e-08,1.001949097571616e-10,1.968914190918632e-08,1.636100981113713e-09
180,0.036,0.0,0.00978938955261606,1.5779306018364846e-08,1.8791823817152993e-08,4.7155520741672045e-11,1.874466829641132e-08,1.647021172434282e-09
181,0.0362,0.0,0.010760203318781764,1.622544706705189e-08,1.8906749244890018e-08,6.455192337999708e-11,1.8842197321510017e-08,1.6580976051056796e-09
182,0.0364,0.0,0.00957993750373874,1.5682672057761662e-08,1.8722646508642098e-08,1.1012712301260083e-10,1.8612519385629495e-08,1.6689947338504898e-09
183,0.0366,0.0,0.008394193331385568,1.5908062575354937e-08,1.952932023726665e-08,9.630775791365427e-11,1.943301247935299e-08,1.6801699228857592e-09
184,0.0368,0.0,0.009560439649158037,1.5532739280225637e-08,1.9161246334258776e-08,8.134536742082596e-11,1.9079900966837946e-08,1.6911623369229544e-09
185,0.037,0.0,0.009560453100490925,1.5478743470978995e-08,1.8987627967520126e-08,1.114246346479058e-10,1.8876203332872217e-08,1.7021056057587173e-09
186,0.0372,0.0,0.009560467757324153,1.5733784641388847e-08,1.944421936082966e-08,8.336350643507308e-11,1.936085585439458e-08,1.7132439999698073e-09
187,0.0374,0.0,0.008650922334969833,1.530894960827718e-08,1.8729159341050877e-08,8.447939234221615e-11,1.8644679948708657e-08,1.7240957852493788e-09
188,0.0376,0.0,0.009667355724510869,1.5809107004771704e-08,1.9315620197698145e-08,5.67897410779359e-11,1.9258830456620205e-08,1.7352404810453327e-09
189,0.0378,0.0,0.007551926942806972,1.523139290622435e-08,1.955780733636903e-08,1.2644208367615912e-10,1.9431365252692865e-08,1.7463074055763162e-09
190,0.038,0.0,0.008023408787583137,1.5170988822851606e-08,1.9743779496337898e-08,8.750116343790098e-11,1.9656278332899992e-08,1.7574172727522697e-09
191,0.0382,0.0,0.009258385750289805,1.5685916473294418e-08,2.0270092900696625e-08,4.5223643720317746e-11,2.0224869256976305e-08,1.768808563474408e-09
192,0.0384,0.0,0.008078951621795616,1.593089059591305e-08,2.175740500668448e-08,7.392188785688469e-11,2.1683483118827593e-08,1.7806604836181058e-09
193,0.0386,0.0,0.00807890142937024,1.5553995354598187e-08,2.111047072760886e-08,2.415204082506491e-11,2.1086318686783793e-08,1.792256928993067e-09
194,0.0388,0.0,0.008078903683402125,1.5893427479835548e-08,2.1412559723880534e-08,1.3087196978867722e-10,2.1281687754091855e-08,1.8040308562947461e-09
195,0.039,0.0,0.008214170750643339,1.6165788467549967e-08,2.1868365594546595e-08,1.4076815576877486e-10,2.172759743877782e-08,1.8160050123601383e-09
196,0.0392,0.0,0.008726593916704,1.661690464845733e-08,2.305363469442924e-08,6.902624557849521e-11,2.298460844885074e-08,1.8284159560725822e-09
197,0.0394,0.0,0.008726602626451195,1.7723821008573022e-08,2.341593132133779e-08,3.244952926034088e-11,2.3383481792077446e-08,1.8412204271604772e-09
198,0.0396,0.0,0.00932126535725196,1.6577023320809137e-08,2.295549476893402e-08,2.0350214069339966e-11,2.2935144554864678e-08,1.8536187516223734e-09
199,0.0398,0.0,0.009321268758753309,1.5966649703860127e-08,2.2371502794865634e-08,8.695041575954895e-11,2.2284552379106083e-08,1.865717745193501e-09
200,0.04,0.0,0.009321269325145124,1.6161516484763375e-08,2.235066464055481e-08,1.0382620499246554e-10,2.2246838435562343e-08,1.8778730808432704e-09
201,0.0402,0.0,0.009321276461951885,1.672758207474679e-08,2.2665451012904107e-08,2.758588484385813e-12,2.266269242441972e-08,1.8902686648365823e-09
202,0.0404,0.0,0.008229550435423609,1.6008069045990818e-08,2.2000968177950733e-08,1.8698571120914776e-10,2.181398246674158e-08,1.9023151991156147e-09
203,0.0406,0.0,0.009220260932334834,1.6396179454303088e-08,2.2615751516066184e-08,8.816111597013254e-11,2.252759040009605e-08,1.9146339868377305e-09
204,0.0408,0.0,0.009220247822197557,1.6281383562301682e-08,2.2549811848101148e-08,1.1816736665981957e-10,2.2431644481441326e-08,1.926917035366435e-09
205,0.041,0.0,0.009220238328847117,1.6465526797800498e-08,2.246911354980928e-08,6.747601892056204e-11,2.2401637530888714e-08,1.9392382328790747e-09
206,0.0412,0.0,0.010450695191750655,1.6208195965875393e-08,2.1176641728682178e-08,4.4184637918474654e-11,2.11324570907637e-08,1.9511680283327903e-09
207,0.0414,0.0,0.010450687238142738,1.6689292761965572e-08,2.1126693087516128e-08,7.595260104010388e-11,2.105074048647602e-08,1.9632208937120233e-09
208,0.0416,0.0,0.008106550831145674,1.670830001609715e-08,2.1636240603411223e-08,7.812415508284891e-11,2.1558116448328372e-08,1.975421402391004e-09
209,0.0418,0.0,0.008162382198771781,1.665375311172705e-08,2.17559183743522e-08,1.0070024660140016e-10,2.1655218127750797e-08,1.9876500364091635e-09
210,0.042,0.0,0.009287208341393453,1.6724303183794435e-08,2.1436188869457107e-08,3.353692717843189e-11,2.1402651942278673e-08,1.9998254700178803e-09
211,0.0422,0.0,0.009287221419604206,1.6980118336905934e-08,2.1549506227743723e-08,4.994980666595406e-11,2.1499556421077765e-08,2.0121080651700104e-09
212,0.0424,0.0,0.010372650109962663,1.689892068529355e-08,2.1375554659912754e-08,3.755008703531576e-11,2.1338004572877436e-08,2.0243359488481055e-09
213,0.0426,0.0,0.008047790016718603,1.567803431901897e-08,1.987486490185605e-08,4.7438476040333836e-11,1.9827426425815714e-08,2.0358661871512604e-09
214,0.0428,0.0,0.009213787723930507,1.579051783361155e-08,2.0454656111075278e-08,6.164810517555374e-11,2.0393008005899722e-08,2.0475875084070857e-09
215,0.043,0.0,0.00787989069396102,1.5340258843504727e-08,1.953918273315671e-08,1.0426660193227342e-10,1.9434916131224433e-08,2.058902577762541e-09
216,0.0432,0.0,0.007879919146013133,1.5809566644399023e-08,2.061707378792508e-08,1.3223305529093145e-11,2.0603850482395986e-08,2.0706916603673765e-09
217,0.0434,0.0,0.007879895624772147,1.554396542749049e-08,2.028076027582498e-08,5.2416883825667423e-11,2.0228343391999312e-08,2.082334959362351e-09
218,0.0436,0.0,0.007879902794679806,1.536564101208491e-08,2.0044446758941846e-08,1.0134460346179089e-10,1.9943102155480052e-08,2.0938810563611233e-09
219,0.0438,0.0,0.0083269654136567,1.5915475252334817e-08,2.010045562563613e-08,1.1665510655445842e-11,2.008879011498068e-08,2.1055954880097995e-09
220,0.044,0.0,0.007887475737299988,1.536635407834463e-08,2.0068751252882596e-08,5.194899235226942e-11,2.0016802260530324e-08,2.1171232720874136e-09
221,0.0442,0.0,0.00798928755595995,1.5766688547819672e-08,2.0415777683455957e-08,6.0249874477228e-11,2.0355527808978727e-08,2.12890215146476e-09
222,0.0444,0.0,0.007989303428626183,1.581428482697076e-08,2.0779486463746535e-08,2.491903087287631e-11,2.0754567432873654e-08,2.1407987962740327e-09
223,0.0446,0.0,0.007989292696040049,1.6024505811079536e-08,2.086984544738351e-08,2.2957279860801424e-11,2.0846888167522707e-08,2.152784511969052e-09
224,0.0448,0.0,0.007989301259269882,1.5710679158759158e-08,2.058952598810164e-08,5.1464408497699195e-11,2.0538061579603938e-08,2.164626645599758e-09
225,0.045,0.0,0.007989295178713312,1.5825440001604852e-08,2.0489509985525053e-08,7.226669185428802e-11,2.041724329367076e-08,2.1764834494138302e-09
226,0.0452,0.0,0.007989307018337444,1.606002358556253e-08,2.119146503894853e-08,6.901059055151821e-11,2.112245444839701e-08,2.188594712819295e-09
227,0.0454,0.0,0.00987535393537444,1.640754466087089e-08,2.1859117032472813e-08,6.222779036512168e-11,2.1796889242107686e-08,2.200981904730658e-09
228,0.0456,0.0,0.008636038958266328,1.6911165002644127e-08,2.242568725479074e-08,1.2528181758996932e-10,2.230040543720077e-08,2.21365829889688e-09
229,0.0458,0.0,0.008920116830998245,1.6957450785265533e-08,2.2479001467616324e-08,9.380097974331928e-11,2.2385200487873e-08,2.226372321002817e-09
230,0.046,0.0,0.00988184685198475,1.6812291785218315e-08,2.2773349869652992e-08,1.0841989891213692e-11,2.2762507879761776e-08,2.2391371959554393e-09
231,0.0462,0.0,0.009314292413756305,1.6883429728700616e-08,2.2437110583503696e-08,6.86870020408751e-11,2.2368423581462818e-08,2.251844553205481e-09
232,0.0464,0.0,0.009759704040837286,1.7380990565844044e-08,2.2237432947179953e-08,9.972510990759927e-11,2.213770783727235e-08,2.2646270621011227e-09
233,0.0466,0.0,0.009759745138211717,1.8337774937664337e-08,2.3989681412158204e-08,2.406942011068756e-11,2.3965611992047515e-08,2.2781400980945193e-09
234,0.0468,0.0,0.010291396324185142,1.843130250017225e-08,2.4304858106578317e-08,3.562155727124727e-11,2.4269236549307066e-08,2.291772046901919e-09
235,0.047,0.0,0.010291419887311281,1.9202767493851894e-08,2.4725442050288515e-08,7.723383093439942e-11,2.464820821935411e-08,2.30572654905634e-09
236,0.0472,0.0,0.010291382043920029,1.955241747855268e-08,2.3834938024276816e-08,9.215857360032976e-11,2.3742779450676484e-08,2.3194629154528214e-09
237,0.0474,0.0,0.009736412055678087,1.8803641361220902e-08,2.422251371411737e-08,6.278323961027509e-11,2.4159730474507092e-08,2.333207873909489e-09
238,0.0476,0.0,0.009736387862352458,1.8710672061954593e-08,2.4286120977520757e-08,1.4172119600765113e-10,2.4144399781513102e-08,2.3469577753708805e-09
239,0.0478,0.0,0.009736384885754937,1.8929590742528775e-08,2.422134482724081e-08,8.449650374178646e-11,2.4136848323499023e-08,2.360760356821947e-09
240,0.048,0.0,0.009736378421901032,1.8978708715591728e-08,2.4144470816528867e-08,5.483937620260399e-11,2.408963144032626e-08,2.3745224620467343e-09
241,0.0482,0.0,0.009736387186831877,1.9006077196523724e-08,2.451748258434877e-08,6.566754361939492e-11,2.445181504072937e-08,2.388447199713352e-09
242,0.0484,0.0,0.00973636201692785,1.8068200161564217e-08,2.3311009161505554e-08,1.169125704337232e-10,2.319409659107183e-08,2.4018268960981336e-09
243,0.0486,0.0,0.010207085420320944,1.9127915774998695e-08,2.5135467784593625e-08,8.184903732279117e-11,2.505361874727083e-08,2.4159692847204658e-09
244,0.0488,0.0,0.010207107593541967,1.930938175958814e-08,2.5442683559361675e-08,4.436216394272175e-11,2.539832139541895e-08,2.43025173483426e-09
245,0.049,0.0,0.01020712660404672,2.021320965955881e-08,2.614509260674178e-08,5.701768861102127e-11,2.6088074918130754e-08,2.4449650719504165e-09
246,0.0492,0.0,0.010207150935428233,2.0458755770267194e-08,2.6455193799855124e-08,5.438353889762025e-11,2.6400810260957502e-08,2.45983641227989e-09
247,0.0494,0.0,0.010207167896118583,2.0472569129551055e-08,2.6495189634692588e-08,1.0232035016000866e-10,2.6392869284532576e-08,2.4747353626589643e-09
248,0.0496,0.0,0.010310412819729118,2.0472292495259737e-08,2.5989146810478333e-08,8.803037454803089e-11,2.59011164359303e-08,2.4895162973559775e-09
249,0.0498,0.0,0.010207131446821893,1.9952092736806057e-08,2.583991581703513e-08,5.440781243020398e-11,2.5785508004604923e-08,2.504136580618329e-09
250,0.05,0.0,0.010207106688403314,1.9765166973155546e-08,2.5364611526648546e-08,1.0739965439778523e-10,2.5257211872250756e-08,2.518597987936118e-09
251,0.0502,0.0,0.010207113469245074,2.009767608261458e-08,2.5025213933961916e-08,2.696105116780099e-11,2.4998252882794113e-08,2.533070841292448e-09
252,0.0504,0.0,0.010207133469473885,2.0100448533345957e-08,2.5752256770968198e-08,1.1208379981244411e-10,2.564017297115575e-08,2.5477467820088525e-09
253,0.0506,0.0,0.010207108129730356,1.949833779127275e-08,2.471630334838717e-08,9.967547018072207e-11,2.4616627878206445e-08,2.562010064393588e-09
254,0.0508,0.0,0.010207107109571949,1.9484605222830293e-08,2.447840249796195e-08,1.2009137742967523e-10,2.435831112053227e-08,2.5762209482563764e-09
255,0.051,0.0,0.010143304081654462,1.981086463212155e-08,2.5033665106917472e-08,3.4511314406120634e-11,2.499915379251135e-08,2.5906741093289e-09
256,0.0512,0.0,0.010143305199024042,1.9380896877870184e-08,2.4340358240997443e-08,7.545890965654424e-11,2.4264899331340896e-08,2.6048483153672357e-09
257,0.0514,0.0,0.010143310952585912,1.980648504508963e-08,2.4762103976350367e-08,1.1487214286358889e-10,2.4647231833486776e-08,2.6192559022247683e-09
258,0.0516,0.0,0.01014330840926273,2.0538433840814522e-08,2.504191609122665e-08,3.475759534458536e-11,2.500715849588206e-08,2.6338794395205326e-09
259,0.0518,0.0,0.010143349603755758,2.1227838318490997e-08,2.6046929852823138e-08,6.74831070278585e-11,2.5979446745795275e-08,2.649005563634462e-09
260,0.052,0.0,0.010143417481805035,2.2742872587756926e-08,2.821367933563114e-08,6.717525608320586e-11,2.8146504079547932e-08,2.6651152032534127e-09
261,0.0522,0.0,0.010143379812741951,2.1850866585142442e-08,2.638914169797296e-08,3.1628225267074384e-11,2.635751347270588e-08,2.6805329639562986e-09
262,0.0524,0.0,0.010450878800237498,2.1948293494771304e-08,2.7557726427475065e-08,5.7207157754609746e-11,2.750051926972045e-08,2.6962943105488645e-09
263,0.0526,0.0,0.010450887651960264,2.1984698752863114e-08,2.7503899150624137e-08,1.067438662654619e-10,2.7397155284358672e-08,2.7120655540672656e-09
264,0.0528,0.0,0.010450830856288033,2.189762155038713e-08,2.649653301996652e-08,6.885927100458155e-11,2.6427673748961936e-08,2.7275665478580618e-09
265,0.053,0.0,0.010221141555206988,2.085985634498276e-08,2.5523295436879164e-08,1.1848562034603855e-10,2.540480981653312e-08,2.742558509339514e-09
266,0.0532,0.0,0.010221159949136348,2.15355938227954e-08,2.6378092573686084e-08,5.733126804852576e-11,2.6320761305637553e-08,2.757962315363772e-09
267,0.0534,0.0,0.009797268195669933,2.1454197656056685e-08,2.6559056125400278e-08,3.4738262718950246e-11,2.6524317862681323e-08,2.7733907677913798e-09
268,0.0536,0.0,0.010372800977970793,2.1500933571107138e-08,2.6740878388830996e-08,8.723233566926123e-11,2.665364605316173e-08,2.788908229050384e-09
269,0.0538,0.0,0.009797281643674464,2.174383463137049e-08,2.6862746699972657e-08,7.099602294225577e-11,2.67917506770304e-08,2.8045344695428395e-09
270,0.054,0.0,0.009892826078180709,2.220094242716735e-08,2.687305014110215e-08,1.0249133527513338e-10,2.6770558805827015e-08,2.8202966471265045e-09
271,0.0542,0.0,0.010486167524284641,2.325027422721258e-08,2.8642335139624643e-08,2.2049761365948215e-10,2.8421837525965157e-08,2.836806752206574e-09
272,0.0544,0.0,0.00994857673125069,2.215502875901823e-08,2.7315102443351047e-08,1.275793183386379e-10,2.7187523125012407e-08,2.8527015419244106e-09
273,0.0546,0.0,0.009892816851896209,2.191889022836599e-08,2.6695896252872723e-08,1.9970081410164597e-11,2.6675926171462553e-08,2.8683883568983606e-09
274,0.0548,0.0,0.009884372714526517,2.2818305183400008e-08,2.7716848756760203e-08,8.539906614962532e-11,2.7631449690610574e-08,2.8845890488325706e-09
275,0.055,0.0,0.009884396888557264,2.339580805646323e-08,2.8103524306925348e-08,5.033267521284602e-11,2.8053191631712498e-08,2.9010553708151205e-09
276,0.0552,0.0,0.009290072739570358,2.1926074060348508e-08,2.689230357087247e-08,1.1283725084600913e-10,2.677946632002646e-08,2.9168390615978722e-09
277,0.0554,0.0,0.00900225641650447,2.0123244317504013e-08,2.514780798131691e-08,7.580231405606729e-11,2.507200566726084e-08,2.931714304595598e-09
278,0.0556,0.0,0.010143647278480961,2.0736260619753326e-08,2.5446120075867312e-08,9.659571430356161e-11,2.534952436156375e-08,2.9468408622966933e-09
279,0.0558,0.0,0.01119524694779705,2.142712401523179e-08,2.603364474826473e-08,5.906329318250706e-11,2.597458145508222e-08,2.962314400865433e-09
280,0.056,0.0,0.010112222688682542,2.1199641495613532e-08,2.6811964243979824e-08,1.672542841379941e-10,2.6644709959841825e-08,2.9779447648560344e-09
281,0.0562,0.0,0.01118819610965699,2.1228694715447672e-08,2.6271119169812532e-08,6.195222148223947e-11,2.620916694833029e-08,2.9933298685717764e-09
282,0.0564,0.0,0.009864692193012472,2.1287187912286398e-08,2.6917785125750995e-08,1.1500678963580604e-10,2.6802778336115184e-08,3.0090387729918667e-09
283,0.0566,0.0,0.008988608121602017,2.0340929290855838e-08,2.6112433099940797e-08,1.9787662633901284e-10,2.591455647360178e-08,3.0243059187169675e-09
284,0.0568,0.0,0.00898858303721835,2.0547385205141264e-08,2.6033126603471117e-08,7.811045395292626e-11,2.5955016149518188e-08,3.0396201091994622e-09
285,0.057,0.0,0.009951423736701253,2.0466069616535607e-08,2.5844498593499393e-08,1.213209273605448e-10,2.5723177666138846e-08,3.054878663568831e-09
286,0.0572,0.0,0.009951417139496618,2.08940061178611e-08,2.635538436156689e-08,8.852857979105035e-11,2.6266855781775835e-08,3.070395390551914e-09
287,0.0574,0.0,0.009397401269346933,2.034332555457945e-08,2.557463165187483e-08,9.520557169176858e-11,2.5479426080183057e-08,3.085579656794031e-09
288,0.0576,0.0,0.009397444952027122,2.0511188902679062e-08,2.5628291586231033e-08,3.359515911984288e-11,2.5594696427111186e-08,3.1008080357155817e-09
289,0.0578,0.0,0.00939742852032658,1.9881944114981997e-08,2.564761566845545e-08,9.049013170324012e-11,2.5557125536752207e-08,3.1159191063960213e-09
290,0.058,0.0,0.009397427905087305,1.991187185672521e-08,2.5599069267060163e-08,8.601459648664544e-11,2.5513054670573514e-08,3.1310391633806015e-09
291,0.0582,0.0,0.009397443730536572,2.076571358825156e-08,2.6349555705424452e-08,5.963090937880639e-11,2.628992479604564e-08,3.146590374594192e-09
292,0.0584,0.0,0.009397448348852616,2.1315847344866643e-08,2.6787595328208133e-08,4.648582189184705e-11,2.6741109506316283e-08,3.162412860581197e-09
293,0.0586,0.0,0.009397445699609309,2.159282362565746e-08,2.643058632607403e-08,1.260373167461761e-10,2.630454900932785e-08,3.178229008679259e-09
294,0.0588,0.0,0.009397413234843813,2.0817715875927924e-08,2.535692255897321e-08,4.6911766791138345e-11,2.5310010792182068e-08,3.1935787305235354e-09
295,0.059,0.0,0.009397371490725526,2.0235085835846616e-08,2.4648179786054136e-08,3.590665910902442e-11,2.461227312694511e-08,3.2086065590364824e-09
296,0.0592,0.0,0.010077793233366609,2.048487949150684e-08,2.3986640163559203e-08,1.5740652706718621e-10,2.3829233636492012e-08,3.223541490752436e-09
297,0.0594,0.0,0.010077794687372488,2.0990597681296776e-08,2.597875225652234e-08,2.1995369557897917e-10,2.5758798560943358e-08,3.2391398256332332e-09
298,0.0596,0.0,0.010077768093957662,2.112689704607884e-08,2.5980151755835736e-08,6.209252101797429e-11,2.591805923481776e-08,3.2547882551400275e-09
299,0.0598,0.0,0.010077747822978654,2.0815337656352586e-08,2.571638021538678e-08,5.1495948065003106e-11,2.5664884267321773e-08,3.2703013528829335e-09
300,0.06,0.0,0.009479684379828511,1.9848655843296252e-08,2.4463111730534856e-08,1.0981669630049292e-10,2.435329503423436e-08,3.2852508165245125e-09
301,0.0602,0.0,0.009479657705190036,1.947382827956174e-08,2.3823496352532552e-08,2.7171740868990684e-11,2.379632461166356e-08,3.29995008529337e-09
302,0.0604,0.0,0.00893067079963298,1.7961606427090853e-08,2.1810480881228083e-08,8.804872219610897e-11,2.172243215903197e-08,3.3137454706338635e-09
303,0.0606,0.0,0.008930689243167665,1.7435492349761872e-08,2.184043646910908e-08,6.829416443132102e-11,2.1772142304677755e-08,3.3274244199171727e-09
304,0.0608,0.0,0.009341826139995046,1.8617331840892217e-08,2.36601462084477e-08,1.3870757838143285e-10,2.3521438630066262e-08,3.3418969137660664e-09
305,0.061,0.0,0.009341771784128226,1.8306980736465227e-08,2.2860767204250548e-08,2.720937374530785e-11,2.2833557830505236e-08,3.356093989512905e-09
306,0.0612,0.0,0.008859912448811109,1.6613806718746168e-08,2.133611223064726e-08,1.8522400544279915e-10,2.1150888225204457e-08,3.3694667223266033e-09
307,0.0614,0.0,0.008230131623485534,1.533224188484837e-08,1.9765761086563643e-08,1.7983250833730653e-11,1.974777783572991e-08,3.382109440770069e-09
308,0.0616,0.0,0.008230122715772491,1.532783945636746e-08,1.987246001560311e-08,1.2751705325855263e-10,1.9744942962344552e-08,3.394790335680453e-09
309,0.0618,0.0,0.008230146540989856,1.5407568600128844e-08,1.9887877449115824e-08,4.204671489200836e-11,1.9845830734223812e-08,3.4075075830074127e-09
310,0.062,0.0,0.008230138827709158,1.5352922436752406e-08,1.9315311538646106e-08,6.514146200708166e-12,1.9308797392445395e-08,3.420073316218401e-09
311,0.0622,0.0,0.008230189574650887,1.6318867196928774e-08,2.0708256791118898e-08,9.569417968710842e-11,2.0612562611431785e-08,3.4332641396088346e-09
312,0.0624,0.0,0.008230202974320764,1.6658221676386715e-08,2.131086931901116e-08,1.0450870573755415e-10,2.1206360613273602e-08,3.4467120559541865e-09
313,0.0626,0.0,0.008230233912466663,1.740310335927197e-08,2.180225252606827e-08,9.349720732662414e-11,2.1708755318741645e-08,3.460493853252359e-09
314,0.0628,0.0,0.008230277461647267,1.7359462674398906e-08,2.1574227109550753e-08,9.590879233677174e-11,2.147831831721398e-08,3.474217595823051e-09
315,0.063,0.0,0.009204998044642336,1.6884497685445336e-08,2.0792653138467416e-08,7.92237573555809e-11,2.071342938111183e-08,3.4875143178057826e-09
316,0.0632,0.0,0.010491108278055269,1.755217932482117e-08,2.1596203361972253e-08,1.2266376455470303e-11,2.158393698551678e-08,3.5013201634039586e-09
317,0.0634,0.0,0.010491130889220891,1.7445352782429382e-08,2.3276968084378114e-08,7.968079747741858e-11,2.319728728690069e-08,3.5155480577395432e-09
318,0.0636,0.0,0.01049108408318541,1.653518264582974e-08,2.1935600395304797e-08,1.1367287401719699e-10,2.1821927521287596e-08,3.5292033056043703e-09
319,0.0638,0.0,0.011623442540451874,1.7573600821702404e-08,2.2382222338662886e-08,5.6399809725927056e-11,2.2325822528936957e-08,3.5432313316462775e-09
320,0.064,0.0,0.011623429197794468,1.7191052052943604e-08,2.224364355201226e-08,6.057383203636172e-11,2.2183069719975897e-08,3.557079939343964e-09
321,0.0642,0.0,0.01162337324738006,1.6474283733989585e-08,2.1591993427050418e-08,6.108253178181094e-11,2.1530910895268602e-08,3.570668770966647e-09
322,0.0644,0.0,0.011623392350446916,1.691671984107557e-08,2.162285389383575e-08,1.6192029708597812e-11,2.1606661864127148e-08,3.5843931590741974e-09
323,0.0646,0.0,0.012727410027560214,1.809016134043221e-08,2.278959573538851e-08,1.1532053288513804e-10,2.267427520250337e-08,3.598739612076789e-09
324,0.0648,0.0,0.012635829264948703,1.824878367904724e-08,2.2160514546290365e-08,1.601207299064792e-10,2.2000393816383882e-08,3.612976764072754e-09
325,0.065,0.0,0.011635593563601077,1.8176964988902432e-08,2.2898726375619316e-08,2.233001995389328e-11,2.287639635566542e-08,3.627364182969578e-09
326,0.0652,0.0,0.011635618495525229,1.840851956018094e-08,2.3355475710027617e-08,1.3887307191480166e-10,2.321660263811281e-08,3.6419792256785433e-09
327,0.0654,0.0,0.01163560387503999,1.812826998606653e-08,2.2845653049379477e-08,1.4626532789730157e-10,2.269938772148217e-08,3.6564021377062136e-09
328,0.0656,0.0,0.011635608435801812,1.859537975660149e-08,2.302311104075021e-08,5.532811539085373e-11,2.2967782925359352e-08,3.6709769480423914e-09
329,0.0658,0.0,0.00989266506734983,1.8719642528942376e-08,2.3258018477262016e-08,3.251870507252069e-11,2.322549977218949e-08,3.6856862526379406e-09
330,0.066,0.0,0.010630960268387942,1.7047637506539687e-08,2.1817860476663902e-08,6.542773578145534e-11,2.1752432740882445e-08,3.6996000160599775e-09
331,0.0662,0.0,0.009421788629890218,1.7635820798006265e-08,2.3263054723081112e-08,6.195408362399882e-11,2.320110063945711e-08,3.714054563911357e-09
332,0.0664,0.0,0.010503959293031362,1.8291047721194986e-08,2.397070752564469e-08,1.1427925506131527e-10,2.3856428270583374e-08,3.728877636313601e-09
333,0.0666,0.0,0.010503930753555381,1.815837455142323e-08,2.361031099772755e-08,1.0283095829425198e-10,2.3507480039433295e-08,3.743586020286751e-09
334,0.0668,0.0,0.008203794973346919,1.815899041582558e-08,2.2987057409647104e-08,6.502488467067913e-11,2.292203252497642e-08,3.758077527913662e-09
335,0.067,0.0,0.007589637286371429,1.8324685116283557e-08,2.320736841237582e-08,3.595809799283221e-11,2.3171410314382983e-08,3.772748948726299e-09
336,0.0672,0.0,0.007699654436116623,1.906474589238883e-08,2.431783117973581e-08,7.1271657118155e-11,2.424655952261765e-08,3.787915228688281e-09
337,0.0674,0.0,0.0075896192544199536,1.848806394829378e-08,2.3384924977968256e-08,1.2172605636713553e-10,2.3263198921601117e-08,3.8027026284129275e-09
338,0.0676,0.0,0.007589625334837045,1.8870340125181317e-08,2.3585065930036442e-08,4.942844205900289e-11,2.3535637487977434e-08,3.817655052060751e-09
339,0.0678,0.0,0.007589626504912862,1.9125061978700646e-08,2.394209327948549e-08,4.591943717284125e-11,2.3896173842312644e-08,3.832780283132415e-09
340,0.068,0.0,0.0078990741239973,2.0699281704092676e-08,2.5703608281971134e-08,9.144976246562272e-11,2.5612158519505508e-08,3.848787265188874e-09
341,0.0682,0.0,0.00789905933960321,2.013283092309423e-08,2.523625475353203e-08,5.920856722729818e-11,2.517704618630473e-08,3.864539986054108e-09
342,0.0684,0.0,0.008407779584396917,2.0791992732219712e-08,2.5650110094421228e-08,1.745513094486063e-11,2.5632654963476364e-08,3.88055348212731e-09
343,0.0686,0.0,0.008407720982424845,1.9790231590060242e-08,2.4448326159681155e-08,1.161841924377629e-10,2.4332141967243388e-08,3.8959890642334445e-09
344,0.0688,0.0,0.00800924418082057,1.923156152835224e-08,2.4809708117147993e-08,8.196111671648017e-11,2.472774700043151e-08,3.911439654882369e-09
345,0.069,0.0,0.008009255780672613,1.9553571780089994e-08,2.5097626644574435e-08,4.700775982899801e-11,2.5050618884745433e-08,3.927063040739862e-09
346,0.0692,0.0,0.008009291878636254,2.0137152561188195e-08,2.5690700987427476e-08,7.875550284435209e-11,2.561194548458312e-08,3.943006791530271e-09
347,0.0694,0.0,0.008009324787215635,2.1020175301905153e-08,2.7361361252769523e-08,1.5222783798193707e-10,2.7209133414787582e-08,3.95962939096352e-09
348,0.0696,0.0,0.00800935240313056,2.17319997048233e-08,2.7805184862860594e-08,4.203323728776699e-11,2.7763151625572825e-08,3.976567805403486e-09
349,0.0698,0.0,0.008458794057144397,2.2126561098980613e-08,2.8105889128015105e-08,1.6925527850424935e-10,2.7936633849510852e-08,3.993613752178363e-09
350,0.07,0.0,0.008458728329092743,2.1244084330215674e-08,2.7274198804738488e-08,7.568862049642503e-11,2.719851018424206e-08,4.01031857334533e-09
351,0.0702,0.0,0.007871796544842652,2.1092024374739564e-08,2.691449829443213e-08,1.546415942868071e-10,2.6759856700145317e-08,4.0268798125512134e-09
352,0.0704,0.0,0.008354261926913265,2.172070856063679e-08,2.815551463891047e-08,8.561953390192362e-11,2.8069895105008543e-08,4.043968213113873e-09
353,0.0706,0.0,0.00835427159599185,2.2267431361221672e-08,2.8587835643765023e-08,1.570431715255904e-10,2.8430792472239428e-08,4.061326917070536e-09
354,0.0708,0.0,0.00835428719786499,2.244376283027122e-08,2.848525711493215e-08,2.0407468873271474e-10,2.8281182426199433e-08,4.078701993835385e-09
355,0.071,0.0,0.008354300059894211,2.288705094932058e-08,2.8993538375357793e-08,3.250124350706919e-11,2.896103713185072e-08,4.096359183841935e-09
356,0.0712,0.0,0.008354323007860924,2.2848559836193946e-08,2.8710153731082352e-08,9.34186395667118e-11,2.8616735091515636e-08,4.113948803867323e-09
357,0.0714,0.0,0.009154012654927502,2.3105563282693932e-08,2.9382790057278772e-08,1.9033154731171784e-10,2.919245850996705e-08,4.1317969784364586e-09
358,0.0716,0.0,0.010145464017184514,2.3254013932573777e-08,2.9204578252556284e-08,8.14792122936261e-11,2.9123099040262653e-08,4.149654546929764e-09
359,0.0718,0.0,0.010145494553709953,2.3999968644331702e-08,2.9736649481178593e-08,7.807464397861764e-11,2.965857483719997e-08,4.167860900018487e-09
360,0.072,0.0,0.008891941875620127,2.3022183061995405e-08,2.8406964416224932e-08,1.0873673604151866e-11,2.8396090742620778e-08,4.185436328377256e-09
361,0.0722,0.0,0.008891938829415568,2.361958348354303e-08,2.9107561566051238e-08,5.1962754589256974e-11,2.9055598811461977e-08,4.203371766094496e-09
362,0.0724,0.0,0.008154393777142352,2.3569203385056826e-08,2.885985913416454e-08,2.262718854138705e-11,2.8837231945623148e-08,4.2212855249286605e-09
363,0.0726,0.0,0.008154411626884689,2.4070697715954146e-08,2.90835308764073e-08,9.394355934137084e-11,2.8989587317065923e-08,4.2394043031421884e-09
364,0.0728,0.0,0.007699178422242674,2.3477791716007813e-08,2.8551025666485436e-08,3.564314313584931e-11,2.8515382523349584e-08,4.2572074510504065e-09
365,0.073,0.0,0.007699228637912147,2.3979350336502018e-08,2.977360325204305e-08,8.14903948531194e-11,2.9692112857189926e-08,4.275514454457232e-09
366,0.0732,0.0,0.00827093511349549,2.3403118451517797e-08,2.9571873223182363e-08,1.538715158061625e-10,2.9418001707376196e-08,4.293636320595458e-09
367,0.0734,0.0,0.008270919999989787,2.3642040536774407e-08,2.942242209643021e-08,4.692566691304145e-11,2.9375496429517165e-08,4.311798040042602e-09
368,0.0736,0.0,0.008270967656032076,2.4234095833502408e-08,2.9237399801307482e-08,1.3601254999275955e-10,2.910138725131472e-08,4.329875012282595e-09
369,0.0738,0.0,0.009093018544747146,2.295767001743929e-08,2.879452584537058e-08,1.1876166016062962e-10,2.8675764185209947e-08,4.3477292386973305e-09
370,0.074,0.0,0.00909299526491546,2.2341788083244464e-08,2.794060565930466e-08,1.0809563716170548e-10,2.783251002214295e-08,4.365217476804346e-09
371,0.0742,0.0,0.009093006553440627,2.297620699747507e-08,2.807279084504953e-08,8.40776433317306e-11,2.7988713201717794e-08,4.382849758336161e-09
372,0.0744,0.0,0.009027571091230962,2.4189360813983536e-08,3.017854527152268e-08,8.379713014616621e-11,3.009474814137651e-08,4.401432798124126e-09
373,0.0746,0.0,0.009027560799058712,2.3358529023099657e-08,2.8505135789977337e-08,1.2473814519370231e-10,2.8380397644783632e-08,4.419381442311967e-09
374,0.0748,0.0,0.007958906980830927,2.1642439777162444e-08,2.7160995835615885e-08,5.013671213203536e-11,2.7110859123483846e-08,4.43654955734523e-09
375,0.075,0.0,0.009266615426676448,2.1732896352628283e-08,2.7097187948235373e-08,4.7515476327255036e-11,2.7049672471908113e-08,4.453741448158529e-09
376,0.0752,0.0,0.009266634727779551,2.2525161299540754e-08,2.7521621682626312e-08,1.2375394455258197e-10,2.7397867738073728e-08,4.471265557743688e-09
377,0.0754,0.0,0.007008121781122041,2.081702915482748e-08,2.618120395282913e-08,2.1239034740797926e-10,2.5968813605421146e-08,4.488010735182102e-09
378,0.0756,0.0,0.007383327116244466,2.0437260169814356e-08,2.509507437240189e-08,8.010140535074157e-11,2.5014972967051147e-08,4.504390251202739e-09
379,0.0758,0.0,0.007383312780212423,1.9410357595203614e-08,2.4379951842134233e-08,4.72567969313103e-11,2.4332695045202918e-08,4.5203316167898084e-09
380,0.076,0.0,0.006635736230691743,1.9039614048152986e-08,2.4614180373222687e-08,4.1144032119399716e-11,2.4573036341103284e-08,4.536251391378351e-09
381,0.0762,0.0,0.008646449650185892,1.960636292307717e-08,2.5143293879164738e-08,4.540428449977887e-11,2.5097889594664955e-08,4.5524725693811446e-09
382,0.0764,0.0,0.0075590270979403965,1.9793090097303584e-08,2.548279076569179e-08,7.648145833847969e-11,2.540630930735331e-08,4.568844499632735e-09
383,0.0766,0.0,0.007391379813350532,1.940119142956062e-08,2.4737923286109262e-08,1.837072116814296e-11,2.4719552564941116e-08,4.584935561439144e-09
384,0.0768,0.0,0.007391407423183629,2.020694906956741e-08,2.6514039739736413e-08,6.868241632243044e-11,2.644535732341398e-08,4.601712936542643e-09
385,0.077,0.0,0.007391421664106018,2.030871730579626e-08,2.676175667353546e-08,9.810988298225786e-11,2.66636467905532e-08,4.618596563233921e-09
386,0.0772,0.0,0.00739144283578918,2.04197611681342e-08,2.6782333590248657e-08,8.982482905365023e-11,2.6692508761195004e-08,4.635529875438191e-09
387,0.0774,0.0,0.007391409259520165,2.0696636554616458e-08,2.5882060392986897e-08,8.183578353207148e-11,2.580022460945482e-08,4.652316519206395e-09
388,0.0776,0.0,0.008309590040674539,2.0243547458970755e-08,2.619982189107391e-08,7.359214661145895e-12,2.6192462676412764e-08,4.6690841526188115e-09
389,0.0778,0.0,0.007152079948606193,1.9999609761336746e-08,2.6272107520643928e-08,1.1455866617318334e-10,2.615754885447074e-08,4.685821416681175e-09
390,0.078,0.0,0.007152091506574704,2.093401333953414e-08,2.6831332839875936e-08,6.553468628923358e-11,2.67657981535867e-08,4.7029625114103e-09
391,0.0782,0.0,0.007152073147074519,2.0860379695266806e-08,2.613510208576306e-08,9.221495040434829e-11,2.6042887135358708e-08,4.719919028307405e-09
392,0.0784,0.0,0.006508099504976776,2.0888943445615134e-08,2.581609223018526e-08,1.2338369269447836e-10,2.569270853749078e-08,4.736814906648104e-09
393,0.0786,0.0,0.00650811322451485,2.1225036827415037e-08,2.60933822191396e-08,6.988977887012261e-11,2.6023492440269474e-08,4.753885790273649e-09
394,0.0788,0.0,0.006579574321212008,2.1316809299948618e-08,2.5589430010840258e-08,4.93038999707819e-11,2.5540126110869472e-08,4.770865136659658e-09
395,0.079,0.0,0.006508044044748625,1.9677159446228364e-08,2.375568948767453e-08,4.928632613942956e-11,2.3706403161535096e-08,4.786956449407641e-09
396,0.0792,0.0,0.0065902329547174255,2.0606001915777042e-08,2.602878102461492e-08,1.350320236381702e-10,2.5893749000976748e-08,4.803895438143371e-09
397,0.0794,0.0,0.006590189992152747,1.938671746229648e-08,2.4814976026220325e-08,1.7401174579035507e-10,2.4640964280429968e-08,4.820217025509548e-09
398,0.0796,0.0,0.006590169488848062,1.9139346076165058e-08,2.3951744900600405e-08,6.790705483371297e-11,2.3883837845766688e-08,4.8362646296543805e-09
399,0.0798,0.0,0.006590175584725218,1.8628976600568667e-08,2.3665011818582967e-08,5.884267696879244e-11,2.3606169141614172e-08,4.8521195883388795e-09
400,0.08,0.0,0.0065901501954930344,1.7818771702223667e-08,2.242954516341116e-08,6.526191449297424e-11,2.2364283248918183e-08,4.867456915766432e-09
401,0.0802,0.0,0.006590151708575362,1.837333651288992e-08,2.258995492436844e-08,3.979845939625542e-11,2.2550156464972182e-08,4.88292424614168e-09
402,0.0804,0.0,0.006590154847369005,1.8065305697147984e-08,2.2424397545742494e-08,1.2082298715199452e-10,2.2303574558590497e-08,4.898352523491937e-09
403,0.0806,0.0,0.006590164198037281,1.8203641281131542e-08,2.2634164236336058e-08,1.340228582900887e-10,2.2500141378045967e-08,4.913885488309024e-09
404,0.0808,0.0,0.006590150540679126,1.801535615724073e-08,2.237325340891243e-08,9.67510744398801e-11,2.2276502334472547e-08,4.9292273866542725e-09
405,0.081,0.0,0.0070526620956806105,1.8617646254840987e-08,2.3865239665064656e-08,1.0391083950684132e-10,2.3761328825557812e-08,4.9452169543785915e-09
406,0.0812,0.0,0.007061088149766272,1.9968337646587562e-08,2.5136558180266214e-08,6.4208991095684135e-12,2.5130137281156643e-08,4.961903190203849e-09
407,0.0814,0.0,0.007061064783315684,1.9626155722993634e-08,2.4616864839232685e-08,4.1564731411704425e-11,2.4575300107820978e-08,4.978288892217048e-09
408,0.0816,0.0,0.007061016431662952,1.8817364216605607e-08,2.3689660651674823e-08,6.617090171068091e-11,2.362348974996414e-08,4.994329621930739e-09
409,0.0818,0.0,0.006562192376464733,1.740897271615478e-08,2.208762615599476e-08,8.82791780139682e-11,2.199934697798079e-08,5.009601459212561e-09
410,0.082,0.0,0.006454839109711306,1.684567831568563e-08,2.1286495694498604e-08,1.4618012557497021e-10,2.114031556892363e-08,5.024499141212888e-09
411,0.0822,0.0,0.007497792063594768,1.769823458573966e-08,2.1126893233531146e-08,1.2518111312444851e-11,2.11143751222187e-08,5.039414644751514e-09
412,0.0824,0.0,0.007497798154404589,1.7941013524663817e-08,2.239323979041556e-08,9.642378479702351e-11,2.229681600561853e-08,5.054946531290968e-09
413,0.0826,0.0,0.00805348624128002,1.8446474793010222e-08,2.3129331426995355e-08,8.425317701287413e-11,2.304507824998248e-08,5.070816129594987e-09
414,0.0828,0.0,0.00749786106183708,1.9533480128959953e-08,2.4419283887450503e-08,9.415002455995979e-11,2.432513386289054e-08,5.087204198932872e-09
415,0.083,0.0,0.007497850266164749,1.996679552489096e-08,2.480248725666104e-08,6.498383883556645e-11,2.473750341782547e-08,5.103933435518831e-09
416,0.0832,0.0,0.007155213776348166,2.1296708989649584e-08,2.6610395020879748e-08,2.4006206068750126e-10,2.637033296019224e-08,5.121493837695133e-09
417,0.0834,0.0,0.00715516251767965,2.0624054767310654e-08,2.570834835261547e-08,5.641010585076136e-11,2.5651938246764706e-08,5.138660687054597e-09
418,0.0836,0.0,0.007155145852246089,1.96844198158981e-08,2.4983965768512685e-08,9.802064309333201e-11,2.488594512541935e-08,5.15541040223672e-09
419,0.0838,0.0,0.007155126764322431,1.9909958581942294e-08,2.4552183056761206e-08,3.951261208556169e-11,2.451267044467564e-08,5.172121790109898e-09
420,0.084,0.0,0.007155102335063213,1.960713524649514e-08,2.3745825964784424e-08,8.187202891487738e-11,2.3663953935869542e-08,5.188559944597175e-09
421,0.0842,0.0,0.007155147920717211,1.982856874231679e-08,2.4176397344276024e-08,7.06809770440773e-11,2.4105716367231945e-08,5.205182734261296e-09
422,0.0844,0.0,0.0074782668955356195,1.9292828664387657e-08,2.3590782382027965e-08,4.6348808844987585e-11,2.3544433573182975e-08,5.221529373628121e-09
423,0.0846,0.0,0.007155109259090224,1.9170136046053482e-08,2.219174601984884e-08,2.5019837928314536e-11,2.2166726181920523e-08,5.237494803131987e-09
424,0.0848,0.0,0.007422898062765157,1.7121283259857786e-08,2.0703186142766364e-08,1.1093643044273545e-10,2.0592249712323626e-08,5.252554948621647e-09
425,0.085,0.0,0.0074229177316553815,1.7298234556022776e-08,2.1062972367842304e-08,8.425383072928179e-11,2.097871853711302e-08,5.267728714027121e-09
426,0.0852,0.0,0.008539078190216256,1.7848204136903713e-08,2.1337898191101872e-08,1.2842656666509758e-10,2.120947162443677e-08,5.283171864982222e-09
427,0.0854,0.0,0.008539095483942782,1.8102849500037918e-08,2.1794402546912897e-08,3.831700180843991e-11,2.1756085545104454e-08,5.298814129517126e-09
428,0.0856,0.0,0.008539061390469697,1.7501532980536252e-08,2.1023391186810898e-08,9.483420866424071e-12,2.101390776594447e-08,5.3141137368079155e-09
429,0.0858,0.0,0.008539049795761896,1.7912599766099235e-08,2.118466311238316e-08,6.443145312183151e-11,2.1120231659261324e-08,5.329498819722282e-09
430,0.086,0.0,0.008863815016072085,1.7142491728642484e-08,2.1215718914057277e-08,9.805714728752975e-11,2.1117661766769745e-08,5.3447834758784725e-09
431,0.0862,0.0,0.006537101499222144,1.716363748900776e-08,2.1417534766805435e-08,1.252390740163425e-10,2.129229569278909e-08,5.360137644762151e-09
432,0.0864,0.0,0.0065371346233789205,1.757220581255814e-08,2.2075609729145535e-08,4.7441773430763786e-11,2.202816795571477e-08,5.375783333739158e-09
433,0.0866,0.0,0.006537124388259124,1.7087682570322475e-08,2.1328237666944115e-08,3.8379170846348345e-11,2.1289858496097763e-08,5.391090461899502e-09
434,0.0868,0.0,0.005738434266721437,1.5138447421816988e-08,1.8899337576511397e-08,6.079283765174764e-11,1.8838544738859644e-08,5.4052823297582205e-09
435,0.087,0.0,0.006631173230354046,1.5217280816865793e-08,1.896754998778832e-08,2.1059412699289028e-10,1.8756955860795425e-08,5.4195137390046045e-09
436,0.0872,0.0,0.0066311915621248725,1.5503701395597115e-08,1.86560480046479e-08,7.566491125441819e-11,1.8580383093393477e-08,5.433786272894259e-09
437,0.0874,0.0,0.0076255997359829155,1.5810232079860316e-08,1.961173063505071e-08,2.850965680002592e-11,1.958322097825068e-08,5.4482702202317355e-09
438,0.0876,0.0,0.00864632188176467,1.760817962434598e-08,2.2053689764987083e-08,9.037165922779288e-11,2.1963318105759288e-08,5.464002422112748e-09
439,0.0878,0.0,0.0075589301309107685,1.791738346440774e-08,2.2681573359786916e-08,4.6127337269823945e-11,2.2635446022517088e-08,5.479991604435451e-09
440,0.088,0.0,0.0066343661437463525,1.765741997010125e-08,2.2133302188887064e-08,4.1071418602801336e-11,2.209223077028426e-08,5.4957841654825206e-09
441,0.0882,0.0,0.00663435131193044,1.7399104596788884e-08,2.184369653979463e-08,5.196575471024467e-11,2.1791730785084383e-08,5.51144865755401e-09
442,0.0884,0.0,0.007784216692931102,1.7164618200860462e-08,2.128643092773495e-08,7.570377325906973e-11,2.1210727154475876e-08,5.526922772561544e-09
443,0.0886,0.0,0.006798489471528801,1.8097807104361592e-08,2.1549377216443395e-08,3.861929465944263e-11,2.151075792178395e-08,5.5427211082978855e-09
444,0.0888,0.0,0.005955704263494424,1.7601963481854004e-08,2.2084573546544765e-08,7.275126274413075e-11,2.201182228380063e-08,5.558543178874057e-09
445,0.089,0.0,0.005955705579013229,1.7571855794508156e-08,2.2089177823757928e-08,8.183270341857799e-11,2.2007345120339348e-08,5.5743372519020075e-09
446,0.0892,0.0,0.005955687173686387,1.7070286743179983e-08,2.1393386505283313e-08,7.014382802456883e-11,2.1323242677258742e-08,5.589788110550595e-09
447,0.0894,0.0,0.005682235781605101,1.553999251505925e-08,1.951554963281004e-08,8.253764799402409e-11,1.943301198481601e-08,5.604448332914837e-09
448,0.0896,0.0,0.005682252650634487,1.571624307011404e-08,1.889200787544568e-08,7.021887722439025e-11,1.8821788998221284e-08,5.6188520668389055e-09
449,0.0898,0.0,0.005473168938596134,1.5510556884290638e-08,1.8901672826056114e-08,9.722664293619143e-12,1.8891950161762493e-08,5.633371294925197e-09
450,0.09,0.0,0.005919672790227616,1.5741037971047697e-08,1.958833588634648e-08,1.2133896368641577e-10,1.9466996922660063e-08,5.648142859594663e-09
451,0.0902,0.0,0.005919671900546452,1.5987631972932515e-08,2.0313903991015953e-08,4.717432388197136e-11,2.0266729667133977e-08,5.663180809284667e-09
452,0.0904,0.0,0.005919706849504808,1.6616912825256168e-08,2.11258664194649e-08,2.351112592909222e-12,2.112351530687199e-08,5.678607395122113e-09
453,0.0906,0.0,0.005919749641419071,1.719681032598024e-08,2.2250350642376853e-08,1.8731697075792962e-10,2.206303367161892e-08,5.694491376186832e-09
454,0.0908,0.0,0.005919719694159237,1.6639675409691464e-08,2.140236474183508e-08,5.880482000940039e-11,2.1343559921825676e-08,5.710024446816643e-09
455,0.091,0.0,0.005919757746250902,1.6890907128173332e-08,2.1893227829063582e-08,4.2771111125621005e-11,2.185045671793796e-08,5.725764754702303e-09
456,0.0912,0.0,0.006861422155123009,1.5925811508531366e-08,2.0259657892645914e-08,7.047442828356139e-11,2.018918346436235e-08,5.740579924137319e-09
457,0.0914,0.0,0.009614680584840073,1.547571664269973e-08,2.0097411787809578e-08,1.2256502769701726e-10,1.9974846760112556e-08,5.755517101797232e-09
458,0.0916,0.0,0.00851067583163678,1.5206569455613586e-08,2.0807600289095758e-08,1.3936288464114985e-10,2.0668237404454606e-08,5.770581422001069e-09
459,0.0918,0.0,0.009829446648201876,1.6825931950845433e-08,2.2345742182957367e-08,8.581045461214704e-11,2.2259931728345218e-08,5.786482351436653e-09
460,0.092,0.0,0.009829469507956528,1.808756548524729e-08,2.3589340828558675e-08,8.134767363636596e-11,2.3507993154922305e-08,5.80304949292902e-09
461,0.0922,0.0,0.009829488908251046,1.8782631169677572e-08,2.3116943834865494e-08,8.37375676081222e-11,2.303320626725737e-08,5.8195613352757534e-09
462,0.0924,0.0,0.009829488572437727,1.822331809170591e-08,2.394110705803112e-08,6.813328703041785e-11,2.38729737710007e-08,5.8362855593980185e-09
463,0.0926,0.0,0.00982951338210509,1.7923312304189554e-08,2.3570010219285443e-08,6.472438888863354e-11,2.3505285830396806e-08,5.852850519343299e-09
464,0.0928,0.0,0.00982951942588577,1.8563039672422966e-08,2.4044920344367368e-08,1.2325382731235943e-10,2.3921666517055004e-08,5.8697205822077024e-09
465,0.093,0.0,0.009829525966526087,1.798237141424778e-08,2.2787160455799118e-08,1.566575897149239e-10,2.263050286608419e-08,5.886127853528947e-09
466,0.0932,0.0,0.008740473390860561,1.8367395105260035e-08,2.341253567237552e-08,1.2831658226443158e-10,2.3284219090111086e-08,5.902811723064101e-09
467,0.0934,0.0,0.008740491257206095,1.95541716552447e-08,2.436554322965423e-08,8.263762421859634e-11,2.428290560543563e-08,5.920067456221205e-09
468,0.0936,0.0,0.00874044306842302,1.8989265028435244e-08,2.3465930464964913e-08,8.623101561318178e-11,2.3379699449351728e-08,5.936958021432767e-09
469,0.0938,0.0,0.007569385772444488,1.9183616958302826e-08,2.3439339466965093e-08,9.316088267441476e-11,2.3346178584290676e-08,5.953906308855952e-09
470,0.094,0.0,0.008769847529443871,1.982525922979051e-08,2.340614649912016e-08,6.102510221766719e-11,2.334512139690249e-08,5.971029776275552e-09
471,0.0942,0.0,0.008769830765303665,1.942271121407995e-08,2.34007447621638e-08,8.52866200594951e-11,2.33154581421043e-08,5.988062794106245e-09
472,0.0944,0.0,0.007555876897044635,1.8427310085280253e-08,2.2184863875608427e-08,5.166630265818488e-11,2.2133197572950238e-08,6.004534768300094e-09
473,0.0946,0.0,0.007555869957743035,1.903712437497188e-08,2.2888027305964114e-08,9.263567447689992e-11,2.279539163148721e-08,6.021363339081509e-09
474,0.0948,0.0,0.006462845613949054,1.8564753438088374e-08,2.1960730920503236e-08,3.896579955390258e-11,2.192176512094933e-08,6.037841926047542e-09
475,0.095,0.0,0.00660354326463253,1.9491229038803353e-08,2.373123485754202e-08,6.325333458099646e-11,2.366798152296102e-08,6.055037286307126e-09
476,0.0952,0.0,0.00660352879661871,1.8808142780606222e-08,2.2971619203863913e-08,4.796698749093637e-11,2.2923652216372974e-08,6.0718730980603e-09
477,0.0954,0.0,0.006603542060068999,1.947011723921124e-08,2.391865987554123e-08,1.3274932834246805e-11,2.3905384942706978e-08,6.089142842591046e-09
478,0.0956,0.0,0.006603532942029816,1.907424480089124e-08,2.353000960202017e-08,1.3825591629668203e-11,2.35161840103905e-08,6.10622431229091e-09
479,0.0958,0.0,0.0060438508386502785,1.901321227893833e-08,2.4172773227852774e-08,9.781206900120053e-11,2.407496115885157e-08,6.123472049009783e-09
480,0.096,0.0,0.006043886961851784,1.9844455452171216e-08,2.5883019280847264e-08,1.4223378372000275e-10,2.5740785497127256e-08,6.1413966475043e-09
481,0.0962,0.0,0.006043883631629833,1.9777918754214958e-08,2.5471806806878403e-08,2.0062067928316717e-10,2.527118612759523e-08,6.159213365367834e-09
482,0.0964,0.0,0.006043850478362735,1.8709692140732967e-08,2.3544207899080894e-08,4.239890253390464e-11,2.3501808996546987e-08,6.176267104842734e-09
483,0.0966,0.0,0.006043827453015372,1.8592189394345674e-08,2.3262662528011808e-08,1.3040638837513074e-11,2.324962188917429e-08,6.193104419360757e-09
484,0.0968,0.0,0.006043844606311573,1.8960243484103632e-08,2.4358028558777985e-08,7.041562681491329e-11,2.428761293196307e-08,6.210466013595142e-09
485,0.097,0.0,0.006609957425091981,1.977616340368852e-08,2.5966080851051812e-08,1.008176048103295e-10,2.586526324624148e-08,6.228474698411723e-09
486,0.0972,0.0,0.006609972112373861,1.9529017727496456e-08,2.5544182863570454e-08,4.810248089484043e-11,2.549608038267561e-08,6.246325774631505e-09
487,0.0974,0.0,0.006610004923494286,1.9305611069402038e-08,2.5697348040352967e-08,1.0350587715950195e-10,2.559384216319346e-08,6.2641749073753725e-09
488,0.0976,0.0,0.006610035650887009,1.987622949394733e-08,2.6187592416021842e-08,8.626691044151369e-11,2.6101325505580325e-08,6.282297433129576e-09
489,0.0978,0.0,0.006184080403437622,1.9340396893838235e-08,2.5516363523490007e-08,7.355911956603423e-11,2.5442804403923968e-08,6.300140949822319e-09
490,0.098,0.0,0.006184100750519531,2.0058325082598948e-08,2.624128963483875e-08,1.6636553743749248e-10,2.6074924097401254e-08,6.318376097749085e-09
491,0.0982,0.0,0.00575989419636496,2.053310920198421e-08,2.59410068772571e-08,7.508257737636529e-11,2.5865924299880733e-08,6.336672783003146e-09
492,0.0984,0.0,0.005918464401604392,2.1728298937389793e-08,2.7093343758267114e-08,4.327853664421596e-11,2.7050065221622893e-08,6.355597032601517e-09
493,0.0986,0.0,0.007332500313135351,2.2913197023217618e-08,2.829480983494249e-08,6.754575743736829e-11,2.822726407750512e-08,6.375161097979191e-09
494,0.0988,0.0,0.006360219537840308,2.267525581279923e-08,2.7965749575712386e-08,1.299680584396166e-10,2.7835781517272765e-08,6.394594341457453e-09
495,0.099,0.0,0.006840601243967555,2.4207379189894634e-08,3.009813389260307e-08,8.227104432994946e-11,3.0015862848273114e-08,6.414999169932895e-09
496,0.0992,0.0,0.00648647762630548,2.3137820386713002e-08,2.9204786643940258e-08,1.775498684243361e-10,2.902723677551592e-08,6.4349116232584016e-09
497,0.0994,0.0,0.006664043820321606,2.238580141489161e-08,2.8188797319347247e-08,1.0635018111738367e-10,2.808244713822986e-08,6.454382618951527e-09
498,0.0996,0.0,0.0066640642409625086,2.3118025045922887e-08,2.886249100474457e-08,9.118874115736223e-11,2.8771302263587204e-08,6.474237127480599e-09
499,0.0998,0.0,0.006284706157926989,2.1926995864268734e-08,2.7582302325756866e-08,1.0206734415181496e-10,2.748023498160505e-08,6.49346649845072e-09
500,0.1,0.0,0.006284691332743361,2.1813920975259842e-08,2.77131262770175e-08,1.7009340235755236e-11,2.769611693678174e-08,6.5127180701069215e-09
501,0.1002,0.0,0.007452988066984333,2.0966879383659483e-08,2.7487386495172778e-08,1.2263642765722267e-10,2.736475006751555e-08,6.5317096976169145e-09
502,0.1004,0.0,0.008284216335212783,2.072549303876351e-08,2.7241141146091764e-08,1.361243886638028e-10,2.7105016757427958e-08,6.5505929128507375e-09
503,0.1006,0.0,0.008284213310466792,2.092552223613628e-08,2.7105927351770686e-08,7.538544317896378e-11,2.703054190859172e-08,6.569437176054e-09
504,0.1008,0.0,0.006980816457399913,2.1359045077375646e-08,2.803367141389536e-08,1.345765798133597e-10,2.7899094834081996e-08,6.5887241831449634e-09
505,0.101,0.0,0.00831930269909907,2.164279229815702e-08,2.7804991734746538e-08,1.2007117143739363e-10,2.768492056330914e-08,6.60797462874245e-09
506,0.1012,0.0,0.007029361303741952,2.1440967211688667e-08,2.8033868931421433e-08,1.140709952096385e-10,2.791979793621179e-08,6.62731830211522e-09
507,0.1014,0.0,0.008200153736220671,2.0991560688270083e-08,2.7671319217947512e-08,6.089458365851397e-11,2.7610424634288996e-08,6.646469994286063e-09
508,0.1016,0.0,0.009168235858166195,2.173444524570953e-08,2.8483722739819546e-08,9.894771957241948e-11,2.8384775020247125e-08,6.666045037586601e-09
509,0.1018,0.0,0.009168223797772579,2.2044050628187746e-08,2.8583129095984817e-08,1.2015793237198594e-11,2.8571113302747616e-08,6.685744384504924e-09
510,0.102,0.0,0.009168229802146126,2.219521070050079e-08,2.8025890211032366e-08,1.2303848068762599e-10,2.7902851730344736e-08,6.705356128812589e-09
511,0.1022,0.0,0.009042885740073513,2.258271471569333e-08,2.7886789762126142e-08,7.688173028956566e-11,2.7809908031836573e-08,6.724948838941612e-09
512,0.1024,0.0,0.007569383724430081,2.1801560596320927e-08,2.7501495857230845e-08,1.4551890261577166e-10,2.735597695461507e-08,6.74435553327814e-09
513,0.1026,0.0,0.007569355641797076,2.0334005804928928e-08,2.525489106643323e-08,8.777951750047962e-11,2.5167111548932746e-08,6.7628138491590015e-09
514,0.1028,0.0,0.008510802116474172,2.0043610796647297e-08,2.6005616158474456e-08,9.311207022193939e-11,2.5912504088252514e-08,6.781410035125861e-09
515,0.103,0.0,0.008510789468341981,1.970185317053882e-08,2.5064093952517085e-08,7.076685361991384e-11,2.4993327098897167e-08,6.799628667300225e-09
516,0.1032,0.0,0.00982958462992125,2.2153898889097707e-08,2.7839423707671137e-08,1.0352780869415307e-10,2.7735895898976982e-08,6.8192860090953495e-09
517,0.1034,0.0,0.009923703185245656,2.1777728712608657e-08,2.9087733187099774e-08,1.206215579938407e-10,2.896711162910593e-08,6.839188565947891e-09
518,0.1036,0.0,0.00992371141381188,2.2464969443300483e-08,2.938946054983533e-08,1.0414069725378037e-10,2.928531985258155e-08,6.8593665869544814e-09
519,0.1038,0.0,0.010897478651833188,2.3480245395368227e-08,3.038253493096154e-08,7.629901145212786e-11,3.0306235919509406e-08,6.88008680442018e-09
520,0.104,0.0,0.009829643898977322,2.4684104521492498e-08,3.1542657270101284e-08,5.194122956275566e-11,3.149071604053852e-08,6.901439449372873e-09
521,0.1042,0.0,0.009829578247750579,2.3187404543788013e-08,2.9426894797635708e-08,4.5677249451576494e-11,2.938121754818413e-08,6.921871969730254e-09
522,0.1044,0.0,0.009896390927375803,2.3212065357921075e-08,2.9147905124032573e-08,8.734293950517723e-11,2.9060562184527392e-08,6.942257125211716e-09
523,0.1046,0.0,0.009896353408208382,2.2795934032611096e-08,2.7716386900213705e-08,1.1837270040617195e-10,2.759801419980753e-08,6.962180316154253e-09
524,0.1048,0.0,0.00867375128839899,2.376815816542601e-08,2.931092808089564e-08,4.921459460081553e-11,2.9261713486294822e-08,6.982787734882832e-09
525,0.105,0.0,0.008557842907407581,2.2769557069081905e-08,2.6993916365450022e-08,8.722984919767937e-11,2.690668651625234e-08,7.002551380036175e-09
526,0.1052,0.0,0.007569447144073129,2.296284178153114e-08,2.890878300878434e-08,1.386299452912832e-10,2.8770153063493052e-08,7.022880124283684e-09
527,0.1054,0.0,0.008769924644787574,2.4314653043620286e-08,2.918840737554863e-08,1.3517058813053832e-10,2.9053236787418088e-08,7.043653496577585e-09
528,0.1056,0.0,0.008769960118187852,2.4570595651787322e-08,2.9590429870856914e-08,2.5597304590752773e-10,2.9334456824949382e-08,7.064603045937145e-09
529,0.1058,0.0,0.007556071503105811,2.509510234613522e-08,3.189495817541138e-08,7.820927589889898e-11,3.1816748899512474e-08,7.08631993393457e-09
530,0.106,0.0,0.007556067324117562,2.565318199694306e-08,3.134497780129673e-08,2.3627462471311084e-11,3.1321350338825413e-08,7.108058792483105e-09
531,0.1062,0.0,0.006918744052930996,2.6244452395577557e-08,3.2460200951912784e-08,3.9995033527562514e-11,3.2420205918385214e-08,7.130203712685395e-09
532,0.1064,0.0,0.007423703383098408,2.7163180035321513e-08,3.3382308562153545e-08,1.1667260605123015e-10,3.326563595610231e-08,7.152881262936175e-09
533,0.1066,0.0,0.007423659858492156,2.7538170782089905e-08,3.351831980659422e-08,1.1798779667854876e-10,3.340033200991567e-08,7.175736484223502e-09
534,0.1068,0.0,0.0066473662312200275,2.7870516642876196e-08,3.320480427238086e-08,2.1480941771315255e-10,3.2989994854667696e-08,7.198616408684746e-09
535,0.107,0.0,0.006509330466644894,2.703479210646727e-08,3.274695233387157e-08,1.3980448756014035e-10,3.260714784631142e-08,7.221180583609016e-09
536,0.1072,0.0,0.0065093527506993095,2.8106083217288442e-08,3.442090330861756e-08,1.1320614936250236e-10,3.430769715925505e-08,7.244479488794169e-09
537,0.1074,0.0,0.006894616120228477,2.7361509537227308e-08,3.3108186013954974e-08,1.8969417635231878e-11,3.3089216596319733e-08,7.267265112929986e-09
538,0.1076,0.0,0.006848865605539468,2.596347302579492e-08,3.2274934666478876e-08,8.929202245264816e-11,3.218564264402622e-08,7.2894911060455746e-09
539,0.1078,0.0,0.006848818882940278,2.4556907752340106e-08,3.138005272888026e-08,1.322949832244935e-10,3.124775774565576e-08,7.31113878035826e-09
540,0.108,0.0,0.0068488316643763114,2.503344773683773e-08,3.154361709177877e-08,8.487870342529303e-11,3.145873838835347e-08,7.3329727565782545e-09
541,0.1082,0.0,0.006848821236645363,2.4340522403917636e-08,3.099550954534787e-08,1.2470227077636864e-10,3.0870807274571494e-08,7.354503885681467e-09
542,0.1084,0.0,0.0068488041278754195,2.3283697703037162e-08,3.0581131785923755e-08,3.5564089529442133e-11,3.0545567696394304e-08,7.3756720194172996e-09
543,0.1086,0.0,0.006848762837749875,2.1550927335021382e-08,2.8775381624670646e-08,1.8601460006458386e-10,2.858936702460606e-08,7.395939076799116e-09
544,0.1088,0.0,0.006848801798034322,2.231210714567037e-08,2.914987689408432e-08,1.7185395936169392e-10,2.8978022934722622e-08,7.416520080774603e-09
545,0.109,0.0,0.006848794895805434,2.1574670316730302e-08,2.869454274174677e-08,1.0152866610118815e-10,2.859301407564558e-08,7.4368096455384835e-09
546,0.1092,0.0,0.008052537271452392,2.256132707069032e-08,3.024233036805859e-08,1.5710767376266126e-10,3.0085222694295926e-08,7.457778800659548e-09
547,0.1094,0.0,0.008052531557685627,2.1930241332540542e-08,2.971994277271611e-08,2.0781716945882388e-10,2.9512125603257285e-08,7.478467098299754e-09
548,0.1096,0.0,0.00783152444574759,2.1614206269272204e-08,2.953880390335034e-08,1.5425563672665706e-10,2.9384548266623677e-08,7.499044670828567e-09
549,0.1098,0.0,0.00902706951850127,2.2404847360077298e-08,3.002335277779744e-08,7.413800254056006e-11,2.994921477525687e-08,7.519951050471666e-09
550,0.11,0.0,0.009027045972438166,2.1418612052240803e-08,2.9284789744448426e-08,6.159814777538628e-11,2.9223191596673038e-08,7.540451391731254e-09
551,0.1102,0.0,0.009027033260448965,2.251913854516808e-08,2.9136414851274504e-08,9.576741994600336e-11,2.9040647431328498e-08,7.561098020038626e-09
552,0.1104,0.0,0.010145349430325556,2.290253762056764e-08,2.994743587533158e-08,1.2985758399500135e-10,2.981757829133657e-08,7.582150539848112e-09
553,0.1106,0.0,0.010145347512997501,2.3630582342719712e-08,3.1453940129637545e-08,4.252180782856332e-11,3.1411418321808976e-08,7.6038490878397e-09
554,0.1108,0.0,0.009110325782124652,2.3537369772027097e-08,3.244197104845238e-08,3.553327092949603e-11,3.240643777752288e-08,7.625798697216165e-09
555,0.111,0.0,0.0066562994088818625,2.3123352404315002e-08,3.228491572456623e-08,2.7140562347960253e-11,3.225777516221826e-08,7.647616138598226e-09
556,0.1112,0.0,0.0065985594948517025,2.3495150665869426e-08,3.18667130134227e-08,9.88186694916143e-11,3.176789434393108e-08,7.669362731600196e-09
557,0.1114,0.0,0.006598534813124019,2.329285750990706e-08,3.110018157111106e-08,1.0057870399462688e-10,3.099960286711643e-08,7.690955866284016e-09
558,0.1116,0.0,0.00745306146650833,2.1905099382650444e-08,2.9150330009455332e-08,1.1084270497338261e-10,2.9039487304481947e-08,7.711701863810885e-09
559,0.1118,0.0,0.008284343169436641,2.2977843933169933e-08,3.103773235093589e-08,8.40856285910417e-11,3.095364672234484e-08,7.733238096798133e-09
560,0.112,0.0,0.008284371285731677,2.4402537024431658e-08,3.231006849406112e-08,1.0278565003924151e-10,3.220728284402187e-08,7.755425204785489e-09
561,0.1122,0.0,0.008319464586248871,2.4262478825012982e-08,3.1826849265983955e-08,1.3871646334182801e-10,3.168813280264212e-08,7.777469384154022e-09
562,0.1124,0.0,0.008319454793208577,2.4036653008963115e-08,3.082665823663408e-08,8.797650929235552e-11,3.0738681727341715e-08,7.799286360992155e-09
563,0.1126,0.0,0.008200318998295562,2.5138388547525916e-08,3.168922266056667e-08,6.169782426822294e-11,3.162752483629844e-08,7.82163406464388e-09
564,0.1128,0.0,0.0091683376731622,2.466968775475418e-08,2.999140220621113e-08,1.5697360718184777e-10,2.9834428599029276e-08,7.843411152348234e-09
565,0.113,0.0,0.009168335562442507,2.3679180464323772e-08,2.87818526177504e-08,1.2097635050578996e-10,2.8660876267244607e-08,7.864664895971515e-09
566,0.1132,0.0,0.009168270661229994,2.3166520105360173e-08,2.8495853711213145e-08,2.4323286043958623e-11,2.8471530425169185e-08,7.88573034012202e-09
567,0.1134,0.0,0.009168307787047037,2.3793067182564576e-08,2.95654609080212e-08,1.819866183487915e-10,2.9383474289672405e-08,7.907256259983909e-09
568,0.1136,0.0,0.00904292590683007,2.405755888315015e-08,2.9600438440652097e-08,2.259953195448479e-10,2.9374443121107247e-08,7.928780160188001e-09
569,0.1138,0.0,0.007569448248856887,2.4250862809353748e-08,2.993893307841248e-08,8.350072249505003e-11,2.9855432355917425e-08,7.950559192746498e-09
570,0.114,0.0,0.007569466830582842,2.509812634286291e-08,3.0900070377436394e-08,1.568964693098702e-10,3.0743173908126514e-08,7.972828542331513e-09
571,0.1142,0.0,0.0076457618732599895,2.594223263201317e-08,3.24459953718715e-08,3.3744838610958184e-11,3.241225053326053e-08,7.995740070270034e-09
572,0.1144,0.0,0.007776667033992162,2.546507600450696e-08,3.1865068004630884e-08,1.7345571006411263e-10,3.1691612294566764e-08,8.018397543750605e-09
573,0.1146,0.0,0.008802914627197064,2.7182285264606683e-08,3.4089828270595866e-08,1.627341222425172e-10,3.392709414835334e-08,8.042102753012518e-09
574,0.1148,0.0,0.009923705475478294,2.5929024688684798e-08,3.189647052462054e-08,7.761301662095867e-11,3.181885750799957e-08,8.064934904368987e-09
575,0.115,0.0,0.009923631459825505,2.3394053666104636e-08,2.9847199246343144e-08,1.2020684308406555e-10,2.9726992403259075e-08,8.08659550410295e-09
576,0.1152,0.0,0.010897336483039088,2.2308717181546776e-08,2.852987969202253e-08,1.9733743047938305e-10,2.8332542261543143e-08,8.107652513649358e-09
577,0.1154,0.0,0.009729057776895728,2.238788724546798e-08,2.8556573446183544e-08,1.359087571124482e-10,2.8420664689071092e-08,8.12875445324589e-09
578,0.1156,0.0,0.009896287373354242,2.2621589593811005e-08,2.865683021792038e-08,2.2511001755031547e-10,2.843172020037006e-08,8.149904805404487e-09
579,0.1158,0.0,0.009896303008134523,2.3526052755313773e-08,3.0345115765981925e-08,1.0711669548891367e-10,3.0237999070493006e-08,8.171785003629018e-09
580,0.116,0.0,0.0085578216251589,2.325164726600586e-08,3.048453032403492e-08,1.8846569187307197e-10,3.029606463216185e-08,8.193669922350178e-09
581,0.1162,0.0,0.008557799609223475,2.300342419885546e-08,3.054833689993954e-08,1.2666073498185881e-10,3.0421676164957677e-08,8.215526886925721e-09
582,0.1164,0.0,0.007387020186251548,2.355674234765961e-08,3.111307625366974e-08,1.526610222623497e-10,3.096041523140738e-08,8.237692777324334e-09
583,0.1166,0.0,0.00738707035275917,2.5162816788661107e-08,3.218473837542588e-08,5.503484132086548e-11,3.212970353410501e-08,8.26057547990746e-09
584,0.1168,0.0,0.006419030706266872,2.5950897702766715e-08,3.297290929882386e-08,3.6098275182416036e-11,3.293681102364144e-08,8.283887541954413e-09
585,0.117,0.0,0.00641909904122162,2.7442828455496832e-08,3.473713238575343e-08,5.1248305272790054e-11,3.468588408048064e-08,8.30806792079356e-09
586,0.1172,0.0,0.006419074512289853,2.5847667892775443e-08,3.263516055137995e-08,9.098898666725877e-11,3.254417156471268e-08,8.33130872504281e-09
587,0.1174,0.0,0.007944297425035612,2.6659073956800398e-08,3.460800183191129e-08,1.9218485338145998e-10,3.4415816978529826e-08,8.355297348658436e-09
588,0.1176,0.0,0.007944306475124249,2.6774623660524004e-08,3.489804810645099e-08,5.825519788351501e-11,3.483979290856747e-08,8.379413605952558e-09
589,0.1178,0.0,0.007944273296964989,2.552177050381411e-08,3.3331361148154746e-08,8.565365452940665e-11,3.324570749362533e-08,8.402818509183947e-09
590,0.118,0.0,0.007944260693750389,2.544188398004209e-08,3.230537537826804e-08,7.14582722362503e-11,3.223391710603178e-08,8.425785192157004e-09
591,0.1182,0.0,0.007944250818970652,2.5409390251651078e-08,3.2986543415031096e-08,1.8723643007986164e-10,3.2799306984951226e-08,8.449113588559042e-09
592,0.1184,0.0,0.009031590764321466,2.6197608454691794e-08,3.370654059333618e-08,1.0344506441600665e-10,3.360309552892017e-08,8.472741563616343e-09
593,0.1186,0.0,0.010296145325118144,2.4906620204284717e-08,3.16571394983166e-08,1.549362103138365e-10,3.150220328800276e-08,8.495640277326652e-09
594,0.1188,0.0,0.010296177456786897,2.660416974858747e-08,3.2674166367667586e-08,1.4379064232098955e-10,3.253037572534659e-08,8.519266061508835e-09
595,0.119,0.0,0.011302850804375122,2.625975618935822e-08,3.2884413317477194e-08,8.052826199542891e-11,3.280388505548176e-08,8.542880277632876e-09
596,0.1192,0.0,0.012415583404967012,2.7784584200031585e-08,3.387956144324814e-08,1.1585569462666182e-10,3.376370574862147e-08,8.567173487903382e-09
597,0.1194,0.0,0.01241554755500683,2.6761191727608176e-08,3.193307145940756e-08,8.156391897136007e-11,3.1851507540436195e-08,8.590629526861776e-09
598,0.1196,0.0,0.012415504821810372,2.569942616404977e-08,3.144196963265702e-08,9.563182717528994e-11,3.1346337805481726e-08,8.613790005665e-09
599,0.1198,0.0,0.011324333869152603,2.6280856315173504e-08,3.181713654499099e-08,1.2223744453607247e-10,3.169489910045491e-08,8.637218658492294e-09
600,0.12,0.0,0.011324309293998521,2.5315372554944734e-08,3.158591274657116e-08,4.6836821525578105e-11,3.153907592504558e-08,8.660357440941037e-09
601,0.1202,0.0,0.011324319960821816,2.4790527290888963e-08,3.040293990492179e-08,1.6277324391552998e-10,3.024016666100625e-08,8.683073201433167e-09
602,0.1204,0.0,0.012442894607859639,2.5060660291130683e-08,3.055994383298166e-08,9.38851229459991e-11,3.046605871003565e-08,8.705898495171149e-09
603,0.1206,0.0,0.01244287904051785,2.4341582132464382e-08,3.0010050434902004e-08,6.693380903203495e-11,2.994311662586996e-08,8.728388400571584e-09
604,0.1208,0.0,0.010419088326124348,2.4426236817438644e-08,3.0071015982723714e-08,1.7318675274033733e-10,2.989782922998337e-08,8.75098377535814e-09
605,0.121,0.0,0.009035933613072056,2.528311808309187e-08,3.0716530987339824e-08,7.6568974380681e-11,3.063996201295914e-08,8.77375386355604e-09
606,0.1212,0.0,0.007875491364073358,2.466663258068199e-08,2.999346274626065e-08,1.0027714572803043e-10,2.989318560053261e-08,8.796333502994392e-09
607,0.1214,0.0,0.007961358471239018,2.387107770844451e-08,2.982606369337793e-08,6.636598613193112e-11,2.975969770724599e-08,8.818747106753648e-09
608,0.1216,0.0,0.008848461604475038,2.5029161330104668e-08,3.177261656163595e-08,7.209264378757035e-11,3.170052391784837e-08,8.842021874898398e-09
609,0.1218,0.0,0.008848431638222994,2.415066475499675e-08,3.128268643030452e-08,4.9295389136049156e-11,3.123339104116846e-08,8.864928243507355e-09
610,0.122,0.0,0.008848399683753094,2.372352581515342e-08,3.053059857425014e-08,2.6179721023179885e-10,3.026880136401833e-08,8.887582587173383e-09
611,0.1222,0.0,0.009478345549498736,2.382820666628216e-08,2.9831562395011305e-08,1.447248652937816e-10,2.9686837529717518e-08,8.910030210653236e-09
612,0.1224,0.0,0.010630879229206703,2.4639536040606043e-08,3.1354270869115504e-08,7.012971764128037e-11,3.128414115147422e-08,8.93318149196926e-09
613,0.1226,0.0,0.010630833291351104,2.4137222019797047e-08,3.079372399499063e-08,9.358604687097007e-11,3.070013794811965e-08,8.95607749234818e-09
614,0.1228,0.0,0.010630846750663973,2.404094287346204e-08,3.1186437847572635e-08,6.444268398282571e-11,3.11219951635898e-08,8.979071558635388e-09
615,0.123,0.0,0.010630816928240609,2.379375570494105e-08,3.0651269505282414e-08,1.2654264341094446e-10,3.0524726861871465e-08,9.001883165282518e-09
616,0.1232,0.0,0.011694716142174757,2.496019278904647e-08,3.142997840655982e-08,4.380448624159489e-11,3.138617392031822e-08,9.025115638786251e-09
617,0.1234,0.0,0.01129494533393226,2.565044082316005e-08,3.273255709481188e-08,7.817678491615259e-11,3.265438030989572e-08,9.048994927116184e-09
618,0.1236,0.0,0.01350236677591448,2.637993798253819e-08,3.2317949062249714e-08,1.7298461620851378e-10,3.2144964446041193e-08,9.072883382884194e-09
619,0.1238,0.0,0.012303022390357262,2.794363501802424e-08,3.476256828716238e-08,7.766954657907527e-11,3.4684898740583296e-08,9.097932760695788e-09
620,0.124,0.0,0.012303031234283649,2.875232884400407e-08,3.461399058622651e-08,1.3767047894063364e-10,3.447632010728587e-08,9.123176780308774e-09
621,0.1242,0.0,0.012290383451841462,2.8729657367808367e-08,3.3688116833154995e-08,7.181347505429723e-11,3.361630335810069e-08,9.148034012085108e-09
622,0.1244,0.0,0.0112056035997324,2.731397263950396e-08,3.2377478296084615e-08,1.4572958816927294e-10,3.2231748707915336e-08,9.172366015813942e-09
623,0.1246,0.0,0.011205559743456082,2.6354100400678617e-08,3.156039146531924e-08,1.4074924187417918e-10,3.141964222344505e-08,9.196077463619369e-09
624,0.1248,0.0,0.012478352373630729,2.8162071572956955e-08,3.3608753403494425e-08,7.320708918845165e-11,3.3535546314305966e-08,9.22087327165377e-09
625,0.125,0.0,0.012478275173844925,2.657038395549372e-08,3.284449275890388e-08,1.1648475767739373e-10,3.272800800122648e-08,9.245202282416613e-09
626,0.1252,0.0,0.012478255414612902,2.5894337703205044e-08,3.2128667167495775e-08,8.48396191690979e-11,3.204382754832667e-08,9.269191573629987e-09
627,0.1254,0.0,0.013668005935489788,2.572920504989933e-08,3.1540257941927315e-08,1.79291488173123e-10,3.136096645375419e-08,9.29300901201086e-09
628,0.1256,0.0,0.013602617379193261,2.5598492577770868e-08,3.241955352193971e-08,1.276758485308738e-10,3.2291877673408835e-08,9.317042865290987e-09
629,0.1258,0.0,0.013602698276197438,2.8075747869196433e-08,3.4652476351807304e-08,1.0096724130151598e-10,3.455150911050578e-08,9.342323938799377e-09
630,0.126,0.0,0.013602700663150237,2.7580632742771204e-08,3.4396403510557995e-08,1.0673127135902008e-10,3.428967223919897e-08,9.367330516446564e-09
631,0.1262,0.0,0.01238530929360569,2.694694460964889e-08,3.320247077273028e-08,1.5975266319637202e-10,3.3042718109533896e-08,9.391984588582569e-09
632,0.1264,0.0,0.011136394879272456,2.7115372716889314e-08,3.406591366463251e-08,8.444341420407129e-11,3.398147025042844e-08,9.416927318828572e-09
633,0.1266,0.0,0.01113632498355924,2.532859462620771e-08,3.214838689178049e-08,1.7958469938795344e-10,3.1968802192392526e-08,9.440929320696194e-09
634,0.1268,0.0,0.014612200016305085,2.587869757866495e-08,3.2152141791258426e-08,5.702365687959926e-11,3.209511813437882e-08,9.46510386877605e-09
635,0.127,0.0,0.014612160253255752,2.4956456871729224e-08,3.101572332043702e-08,1.3383745825089077e-10,3.0881885862186126e-08,9.488623087036437e-09
636,0.1272,0.0,0.012626005977668373,2.401523829333051e-08,3.0616870050300966e-08,1.1117737452771927e-10,3.050569267577324e-08,9.511953515969093e-09
637,0.1274,0.0,0.012625950502020354,2.3143742551390337e-08,2.8086564283870144e-08,1.2809069869087688e-10,2.7958473585179263e-08,9.534420437401143e-09
638,0.1276,0.0,0.010418548904049448,2.336728724467682e-08,2.986697680708192e-08,1.6997127263319843e-10,2.969700553444872e-08,9.557425032870815e-09
639,0.1278,0.0,0.010418475016609651,2.2021367083973798e-08,2.805122158571513e-08,3.736179098965123e-11,2.8013859794725473e-08,9.579628270690017e-09
640,0.128,0.0,0.011416898940778316,2.2821108617804862e-08,2.8120451068129912e-08,7.941303760064856e-11,2.804103803052926e-08,9.60207977035696e-09
641,0.1282,0.0,0.010213552151567525,2.2519319342290025e-08,2.836313094504622e-08,7.078660170794531e-11,2.829234434333827e-08,9.624534153704298e-09
642,0.1284,0.0,0.012665129591136153,2.3874164693637304e-08,2.8932352615428414e-08,8.040972586083403e-11,2.8851942889567577e-08,9.647376436286585e-09
643,0.1286,0.0,0.012539279949327416,2.216606167845842e-08,2.9206289862978157e-08,1.239859123173724e-10,2.908230395066078e-08,9.670004180451707e-09
644,0.1288,0.0,0.013661539102351317,2.3162759577409823e-08,2.9528391824294662e-08,1.5619256187551288e-10,2.9372199262419146e-08,9.69299782178786e-09
645,0.129,0.0,0.015813893011585388,2.3700536339776787e-08,3.1143967816219494e-08,9.346193753639854e-11,3.105050587868309e-08,9.71657678968726e-09
646,0.1292,0.0,0.0158138764205447,2.342253495469748e-08,2.967253142077584e-08,2.9292048360554176e-11,2.964323937241528e-08,9.73960077927491e-09
647,0.1294,0.0,0.013626931942539763,2.260306909119554e-08,3.0371137293476126e-08,1.1155421310683835e-10,3.025958308036928e-08,9.762731733484036e-09
648,0.1296,0.0,0.013626951382908776,2.3177270023190078e-08,2.9762537064299003e-08,1.2875875083048012e-10,2.9633778313468522e-08,9.785874925298827e-09
649,0.1298,0.0,0.013626922873080354,2.224661562469775e-08,2.9528766160372567e-08,1.5600379657906975e-10,2.9372762363793495e-08,9.808736432195655e-09
650,0.13,0.0,0.014673711455928296,2.3662622251132927e-08,3.094468041609759e-08,1.0683001746652548e-10,3.0837850398631056e-08,9.832357551259486e-09
651,0.1302,0.0,0.013636826367458622,2.357633551521801e-08,3.108817543327873e-08,1.5640640101462092e-10,3.0931769032264105e-08,9.856013172497287e-09
652,0.1304,0.0,0.013636831902975927,2.2917425986357813e-08,2.9496176340473825e-08,9.063214769549047e-11,2.9405544192778332e-08,9.879104953763948e-09
653,0.1306,0.0,0.013738711947627893,2.3854621298209913e-08,2.943684918093942e-08,2.1639978100053536e-10,2.922044939993888e-08,9.90217304738515e-09
654,0.1308,0.0,0.012415509924009319,2.3351013219958743e-08,3.0156741276726217e-08,1.0249517241025867e-10,3.005424610431595e-08,9.925589315159569e-09
655,0.131,0.0,0.012415529718285995,2.2836352543890748e-08,2.9950513937320513e-08,1.2088196815213643e-10,2.982963196916837e-08,9.948839506529099e-09
656,0.1312,0.0,0.012390046369775642,2.3133161230413156e-08,3.095556699212096e-08,6.62660258789225e-11,3.088930096624203e-08,9.972449581639966e-09
657,0.1314,0.0,0.012390038007686316,2.3314554474535896e-08,3.0708666080843816e-08,2.1239687360592483e-10,3.049626920723789e-08,9.996064228920985e-09
658,0.1316,0.0,0.012390059161608919,2.5229250509167824e-08,3.1519112263791625e-08,9.328752149724327e-11,3.1425824742294375e-08,1.0020409365320074e-08
659,0.1318,0.0,0.01244290028520289,2.6196335264765905e-08,3.3155825586026855e-08,5.433983661022251e-11,3.310148574941663e-08,1.0045454203234495e-08
660,0.132,0.0,0.013522019269956501,2.8556396100649112e-08,3.441503558547837e-08,8.023995040203029e-11,3.433479563507633e-08,1.007146556561633e-08
661,0.1322,0.0,0.011070402863207969,2.5653199824699212e-08,3.1224538954188665e-08,1.0610388861330008e-10,3.1118435065575356e-08,1.0095910764368554e-08
662,0.1324,0.0,0.013187116825935437,2.528489297914927e-08,3.0898440826905616e-08,1.0555975671668078e-10,3.079288107018893e-08,1.0120201905693584e-08
663,0.1326,0.0,0.012064856261502933,2.429468526501842e-08,2.990105175964421e-08,7.485933682998392e-11,2.9826192422814224e-08,1.0143958678522358e-08
664,0.1328,0.0,0.01177626376720506,2.4119055395384e-08,3.0334619560116055e-08,1.59319254960978e-10,3.017530030515507e-08,1.0167766307587238e-08
665,0.133,0.0,0.010806840173722777,2.4363901286453408e-08,3.119634445269901e-08,1.1376097058101459e-10,3.108258348211799e-08,1.0191956419790669e-08
666,0.1332,0.0,0.011717407333871898,2.433362480607252e-08,3.112229906071925e-08,8.447626626428288e-11,3.1037822794454964e-08,1.021614332032746e-08
667,0.1334,0.0,0.011717430461578922,2.4638089441391626e-08,3.050770998413578e-08,1.0476929478793758e-10,3.0402940689347836e-08,1.0240258643481979e-08
668,0.1336,0.0,0.011717358421256652,2.2968144741758214e-08,2.9828492313071066e-08,2.1466728092347935e-10,2.9613825032147577e-08,1.026379809871168e-08
669,0.1338,0.0,0.01171735597070752,2.339637967124783e-08,2.9147161521128482e-08,7.984935149154122e-11,2.9067312169636938e-08,1.0287293268541523e-08
670,0.134,0.0,0.010670681571043696,2.302818672612993e-08,2.981331465774131e-08,1.1717748763108251e-10,2.9696137170110223e-08,1.0310885309756797e-08
671,0.1342,0.0,0.010670682079006767,2.3883631456873083e-08,3.0857184462859965e-08,1.1402406920809343e-10,3.074316039365186e-08,1.0334992999832556e-08
672,0.1344,0.0,0.009478674845424742,2.390898357960737e-08,3.046501917319043e-08,8.523196485655697e-11,3.037978720833387e-08,1.0358944244569607e-08
673,0.1346,0.0,0.009478716204363188,2.4949342993022183e-08,3.249939437484862e-08,1.3885462241966397e-10,3.2360539752428945e-08,1.0383743558191537e-08
674,0.1348,0.0,0.008441655824159197,2.403023891938352e-08,3.181258775330263e-08,2.0401991231883554e-10,3.160856784098379e-08,1.0408199873931092e-08
675,0.135,0.0,0.008441704889184838,2.501667171137856e-08,3.287463158081955e-08,1.1889051695461187e-10,3.2755741063864933e-08,1.0433211550821133e-08
676,0.1352,0.0,0.00844171555600195,2.5789631291262224e-08,3.339255842786564e-08,2.0051773403000786e-10,3.319204069383563e-08,1.0458581893498017e-08
677,0.1354,0.0,0.009038432860874517,2.5914709162449455e-08,3.2911422784084104e-08,1.2433183661351433e-10,3.2787090947470584e-08,1.0483884042725388e-08
678,0.1356,0.0,0.008441665475523014,2.38939138941656e-08,3.098798951483321e-08,1.0994639835658218e-10,3.087804311647662e-08,1.0508182155345228e-08
679,0.1358,0.0,0.007919816009251164,2.3328006699636116e-08,3.0914451388951385e-08,9.427820416479534e-11,3.082017318478658e-08,1.0532335075852901e-08
680,0.136,0.0,0.007919790528026022,2.293869567183229e-08,3.018771866317678e-08,6.470678986293623e-11,3.0123011873313837e-08,1.0556219779650713e-08
681,0.1362,0.0,0.007790358791006239,2.248095319429853e-08,2.9680802055217376e-08,1.4195974824913613e-10,2.9538842306968237e-08,1.0579875144790463e-08
682,0.1364,0.0,0.007790356090200781,2.2786819025491195e-08,2.994171890080971e-08,9.805900384441065e-11,2.9843659896965294e-08,1.0603699578169149e-08
683,0.1366,0.0,0.010004792107828425,2.252473574570634e-08,2.870746315530792e-08,1.0226770137377483e-10,2.860519545393414e-08,1.0627161236907715e-08
684,0.1368,0.0,0.011323489981679659,2.2716871897223348e-08,2.868670552569669e-08,1.1872042242724417e-10,2.8567985103269443e-08,1.0650691726012388e-08
685,0.137,0.0,0.011323460754122437,2.216508396752174e-08,2.90075174757223e-08,9.781857362107804e-11,2.8909698902101218e-08,1.0674183554954129e-08
686,0.1372,0.0,0.011323453857858396,2.227665900305833e-08,2.9197077887464697e-08,9.198347982259882e-11,2.9105094407642095e-08,1.0697775336147479e-08
687,0.1374,0.0,0.010222134993144302,2.1299999306288545e-08,2.808900369452991e-08,4.1390185893422867e-11,2.8047613508636485e-08,1.0720844097962337e-08
688,0.1376,0.0,0.010222129321828486,2.1054016734075078e-08,2.7471832973529842e-08,9.071037966171225e-11,2.7381122593868128e-08,1.0743665889195323e-08
689,0.1378,0.0,0.01022211706657055,2.1137087525961516e-08,2.6620936094043018e-08,6.425357306267359e-11,2.655668252098034e-08,1.0766352398478512e-08
690,0.138,0.0,0.006807339479232655,2.1284551979785123e-08,2.8499507938001863e-08,1.011261097010376e-10,2.8398381828300823e-08,1.0789579390471688e-08
691,0.1382,0.0,0.006807375862088967,2.18188249706903e-08,2.895043264325378e-08,1.192062093622687e-10,2.883122643389151e-08,1.081308389254168e-08
692,0.1384,0.0,0.006920824678896871,2.2360025902406923e-08,2.932029305619717e-08,1.822658944942942e-10,2.9138027161702872e-08,1.0836847116976349e-08
693,0.1386,0.0,0.007840723054347357,2.2044165609243997e-08,2.8861141918337436e-08,1.2027534278406934e-10,2.8740866575553365e-08,1.0860432419015797e-08
694,0.1388,0.0,0.007840696120629908,2.1592269635526215e-08,2.7880682106514302e-08,1.01499944019622e-10,2.7779182162494677e-08,1.0883666748750157e-08
695,0.139,0.0,0.008878917850779034,2.2212061382796533e-08,2.835929393619178e-08,6.045563352818065e-11,2.8298838302663598e-08,1.0907210289695914e-08
696,0.1392,0.0,0.008878894563785007,2.2481964348166247e-08,2.8578441077813192e-08,7.899906599670258e-11,2.8499442011816488e-08,1.0930902579154032e-08
697,0.1394,0.0,0.008878885984615975,2.2785166787243438e-08,2.8291149289725313e-08,5.8151248961471987e-11,2.823299804076384e-08,1.0954620681824313e-08
698,0.1396,0.0,0.007840852347552848,2.1703948661998326e-08,2.757263593089736e-08,1.0024446722160403e-10,2.7472391463675753e-08,1.0977890085315563e-08
699,0.1398,0.0,0.007840920835026948,2.3321160975322326e-08,2.8530268613948754e-08,6.708673204815151e-11,2.8463181881900598e-08,1.1001850545612175e-08
700,0.14,0.0,0.008749687594899058,2.3381258024874614e-08,2.9428445412647066e-08,6.983348155495212e-11,2.935861193109211e-08,1.1025996935265758e-08
701,0.1402,0.0,0.00874972528449242,2.454762334330814e-08,3.128328496160606e-08,2.2796657906578695e-10,3.105531838254027e-08,1.1051038535508566e-08
702,0.1404,0.1,0.008749759221741015,2.432187716350614e-08,3.0373844311581746e-08,1.168009562898814e-10,3.0257043355291856e-08,1.1076027316447143e-08
703,0.1406,0.0,0.008476828035901841,2.3462040272365368e-08,3.16622191345106e-08,2.0880201561151082e-10,3.145341711889908e-08,1.1100930291205658e-08
704,0.1408,0.0,0.0077622581488793856,2.4064308244820396e-08,3.20878826196909e-08,1.1071086822747815e-10,3.197717175146341e-08,1.112612185762047e-08
705,0.141,0.0,0.007762230242247102,2.401725175404176e-08,3.180569170977423e-08,9.691460467527968e-11,3.170877710509894e-08,1.1151250822491036e-08
706,0.1412,0.0,0.007762198994897207,2.3966379493166808e-08,3.082994895409408e-08,4.9985173007277553e-11,3.07799637810868e-08,1.117613573012206e-08
707,0.1414,0.0,0.007762242993301225,2.493766464109554e-08,3.104544263988367e-08,1.4176377241158552e-10,3.090367886747208e-08,1.120135210358679e-08
708,0.1416,0.0,0.008650008094387004,2.5924712408722394e-08,3.099185922730978e-08,9.81741083368021e-11,3.089368511897297e-08,1.1226836328286203e-08
709,0.1418,0.0,0.007680260640190898,2.5102462086855424e-08,3.006414165390913e-08,1.9706806038327312e-10,2.986707359352585e-08,1.125168649751055e-08
710,0.142,0.0,0.007680249336517987,2.5083397409373804e-08,3.232704816363761e-08,5.786566953358996e-11,3.226918249410401e-08,1.1277343076106353e-08
711,0.1422,0.0,0.007267282072953374,2.5299837293684004e-08,3.26930999627366e-08,8.36577055641044e-11,3.2609442257172484e-08,1.1303173714152615e-08
712,0.1424,0.0,0.007267311151426535,2.6449900766032364e-08,3.3749014927519075e-08,1.9709846876508578e-10,3.3551916458753985e-08,1.132960179280894e-08
713,0.1426,0.0,0.0072673222183440266,2.6894913005386354e-08,3.4093000931433176e-08,2.1774197277385485e-10,3.3875258958659317e-08,1.1356259262948009e-08
714,0.1428,0.0,0.007267324144849762,2.686037909039861e-08,3.3774991172182664e-08,1.1191066272576758e-10,3.366308050945689e-08,1.1382849401579061e-08
715,0.143,0.0,0.008101957625450558,2.5417489478362425e-08,3.1488010906120054e-08,6.17715434078785e-11,3.142623936271217e-08,1.1408495539132179e-08
716,0.1432,0.0,0.008101973809640691,2.5591568044196366e-08,3.243743977006407e-08,1.3281057437746832e-10,3.2304629195686595e-08,1.1434457401005337e-08
717,0.1434,0.0,0.008101965105872059,2.5691560522016924e-08,3.230474346563808e-08,1.9610688753457995e-10,3.2108636578103497e-08,1.1460434499624145e-08
718,0.1436,0.0,0.008101957316254318,2.6226368499700603e-08,3.267308158328079e-08,9.34514341602091e-11,3.257963014912057e-08,1.1486670290089825e-08
719,0.1438,0.0,0.008101956464174142,2.6285186336401117e-08,3.280081945223314e-08,8.490452765551739e-11,3.271591492457762e-08,1.1512978606365607e-08
720,0.144,0.0,0.009193007960984594,2.8157169525790255e-08,3.379548265907096e-08,2.5663572902538464e-10,3.353884693004557e-08,1.1540059152258613e-08
721,0.1442,0.0,0.009394280823259972,2.810457532966342e-08,3.4522157670566567e-08,1.348673546898048e-10,3.438729031587675e-08,1.1567340279362338e-08
722,0.1444,0.0,0.009278029520951879,2.6872892615479915e-08,3.3031213719643756e-08,6.471574234649002e-11,3.296649797729726e-08,1.159393789379429e-08
723,0.1446,0.0,0.008038066803700498,2.7350558820383017e-08,3.505410640040171e-08,1.2159895292928162e-10,3.493250744747242e-08,1.162120743267868e-08
724,0.1448,0.0,0.008038066999326538,2.6667315856733034e-08,3.330005149600004e-08,7.153484250598592e-11,3.322851665349405e-08,1.164769981401433e-08
725,0.145,0.0,0.008038079511558213,2.585918742811476e-08,3.3064978068885985e-08,1.5369580766616452e-10,3.291128226121981e-08,1.1674113188144597e-08
726,0.1452,0.0,0.008038071726720348,2.579486980173299e-08,3.277831310843772e-08,1.0660000408993092e-10,3.267171310434778e-08,1.1700430611648823e-08
727,0.1454,0.0,0.008038080312552251,2.612685891214406e-08,3.311690405633894e-08,1.253326196392517e-10,3.299157143669968e-08,1.1726975353583921e-08
728,0.1456,0.0,0.00803815407929766,2.7942477974192064e-08,3.5090887103428255e-08,1.9487380841733503e-10,3.489601329501091e-08,1.1754530130370071e-08
729,0.1458,0.0,0.008038139621401645,2.7664839393440072e-08,3.495178482715536e-08,1.15317729331328e-10,3.483646709782402e-08,1.1782001710032928e-08
730,0.146,0.0,0.006900123260945433,2.7576743000043305e-08,3.452358702113583e-08,1.1447636074883174e-10,3.440911066038699e-08,1.1809361457572442e-08
731,0.1462,0.0,0.008102234317352333,2.817514833901533e-08,3.4693443291622555e-08,1.619032675995131e-10,3.453154002402303e-08,1.183680008755509e-08
732,0.1464,0.0,0.009045765586937952,2.7590229864010202e-08,3.4509952451786146e-08,1.0356461589795174e-10,3.440638783588819e-08,1.1864181785702904e-08
733,0.1466,0.0,0.009045804006885904,2.850301669035182e-08,3.5588304421926704e-08,1.161362944867311e-10,3.547216812743997e-08,1.1892139637886748e-08
734,0.1468,0.0,0.010190442472508972,2.868405755526743e-08,3.5547192519885625e-08,8.538027170967056e-11,3.5461812248175945e-08,1.1920162171779136e-08
735,0.147,0.0,0.00791507205792859,2.8408385016571014e-08,3.550306092483165e-08,4.847170546908513e-11,3.5454589219362555e-08,1.1948121774494335e-08
736,0.1472,0.0,0.007915035172701798,2.7035561967021938e-08,3.45816434301015e-08,1.6809168621924263e-10,3.441355174388225e-08,1.1975481052325408e-08
737,0.1474,0.0,0.007915049711027813,2.8206253236698397e-08,3.393571471586579e-08,1.3963055393317602e-10,3.37960841619326e-08,1.2003030943947818e-08
738,0.1476,0.0,0.007915081087504055,2.8415797645153705e-08,3.6958943690428915e-08,1.7886413408052077e-10,3.678007955634839e-08,1.2031446982877809e-08
739,0.1478,0.0,0.008739983927730585,2.7770346762155896e-08,3.59466951784855e-08,2.763301082337454e-10,3.567036507025175e-08,1.205942784994943e-08
740,0.148,0.0,0.011323608152509433,2.8713415373234957e-08,3.687506848188822e-08,5.3581703519541116e-11,3.682148677836867e-08,1.2087911657682794e-08
741,0.1482,0.0,0.011323631382535162,2.8667601569001236e-08,3.7059492703685015e-08,1.4455615067252007e-10,3.691493655301249e-08,1.2116505178298652e-08
742,0.1484,0.0,0.011323654416998003,2.9340237696113592e-08,3.758402346180234e-08,2.0764478281393347e-10,3.73763786789884e-08,1.2145377565335476e-08
743,0.1486,0.0,0.011323648320132123,2.993610623377943e-08,3.731081814164108e-08,1.4981770922116353e-10,3.7161000432419906e-08,1.2174267702158241e-08
744,0.1488,0.0,0.010222292318377011,2.9112299894951724e-08,3.579555093838183e-08,1.5880737629780436e-10,3.563674356208402e-08,1.220254314582191e-08
745,0.149,0.0,0.010222239591603254,2.710194697649859e-08,3.5223084275392094e-08,1.8966633129409123e-10,3.5033417944098e-08,1.2230353987200849e-08
746,0.1492,0.0,0.010282383643792088,2.8853172190051716e-08,3.586270471763722e-08,1.776843706717246e-10,3.568502034696549e-08,1.2258812325748206e-08
747,0.1494,0.0,0.011391200109599951,2.72922303039733e-08,3.522316345355247e-08,2.4706871292819445e-10,3.497609474062427e-08,1.2286727025366607e-08
748,0.1496,0.0,0.011391230541019681,2.8354075161215173e-08,3.649912749598493e-08,1.508750112515588e-10,3.634825248473337e-08,1.231527538802502e-08
749,0.1498,0.0,0.011391287047113818,2.985967615028323e-08,3.73707311081367e-08,1.3928693973136757e-10,3.7231444168405324e-08,1.2344468240080123e-08
750,0.15,0.0,0.013489112256921015,3.02722136470366e-08,3.769779827266816e-08,1.8129102269767588e-10,3.7516507249970477e-08,1.2373885347397451e-08
751,0.1502,0.0,0.01668286733406564,3.1207909442972415e-08,3.8730371524607744e-08,1.321231752130718e-10,3.8598248349394664e-08,1.2403849238302813e-08
752,0.1504,0.0,0.016682899118633004,3.27938230614455e-08,4.064480528452822e-08,9.342047019816e-11,4.055138481433005e-08,1.2434620720041857e-08
753,0.1506,0.0,0.015467429061419454,3.3013981083973415e-08,4.1089578114777514e-08,2.330581152269302e-10,4.0856519999550575e-08,1.246572073565739e-08
754,0.1508,0.0,0.01645674985868478,3.481628057360633e-08,4.360643033522979e-08,1.65805138341536e-10,4.344062519688825e-08,1.2497921811173053e-08
755,0.151,0.0,0.017557868046004697,3.4444038601887034e-08,4.217824852653593e-08,1.0290236843721825e-10,4.207534615809871e-08,1.252974019276629e-08
756,0.1512,0.0,0.016528653489795108,3.4293967439449026e-08,4.3310144046607864e-08,1.3539391827165566e-10,4.31747501283362e-08,1.2561840552987189e-08
757,0.1514,0.0,0.015279167615862803,3.3956496046096356e-08,4.339058770066325e-08,4.266700854509913e-11,4.3347920692118145e-08,1.2593900371779777e-08
758,0.1516,0.0,0.01503700927060551,3.287969790420918e-08,4.070083010321833e-08,1.2485809583678225e-10,4.0575972007381545e-08,1.2624953858746965e-08
759,0.1518,0.0,0.015036993992554757,3.23123016087804e-08,4.0717901463402315e-08,1.9159680348330055e-10,4.052630465991901e-08,1.2655918061728158e-08
760,0.152,0.0,0.01416798097843594,3.098224620438488e-08,3.855637289763463e-08,2.0115653983347358e-10,3.835521635780115e-08,1.2685870381820355e-08
761,0.1522,0.0,0.013078100363515883,3.081268338016247e-08,3.95250187963153e-08,1.7473442975856566e-10,3.935028436655673e-08,1.2716215003205065e-08
762,0.1524,0.0,0.013078103877051956,3.139228418483376e-08,3.9997940978396315e-08,1.3308974039678557e-10,3.9864851237999525e-08,1.2746861197420725e-08
763,0.1526,0.0,0.013078104429159694,3.127808034987211e-08,3.95147175373946e-08,1.4159963019558483e-10,3.9373117907199007e-08,1.2777193561382811e-08
764,0.1528,0.0,0.014168449984233054,3.161854917214852e-08,3.9472038131149344e-08,2.081038549451657e-10,3.926393427620417e-08,1.2807714734670173e-08
765,0.153,0.0,0.011858221111884233,3.060635776614704e-08,3.948813143254245e-08,9.578262377673185e-11,3.939234880876571e-08,1.2838104571281638e-08
766,0.1532,0.0,0.01179908551696965,2.9749017705500153e-08,3.880726585006887e-08,1.790900822641402e-10,3.862817576780473e-08,1.2868022696159571e-08
767,0.1534,0.0,0.011799155384386742,3.070820066743299e-08,4.1284418801977003e-08,1.4644667809601572e-10,4.113797212388098e-08,1.289896133882093e-08
768,0.1536,0.0,0.011799201991754894,3.172086329018726e-08,4.321341831759653e-08,1.2158802785320909e-10,4.3091830289743315e-08,1.2930693487455813e-08
769,0.1538,0.0,0.009701338612545036,2.976095102704056e-08,4.034117650835307e-08,1.463570162412202e-10,4.0194819492111844e-08,1.2961192352865817e-08
770,0.154,0.0,0.0068649198767734695,2.855439517294854e-08,3.851052462398389e-08,1.4715020568121685e-10,3.8363374418302666e-08,1.2990911041994999e-08
771,0.1542,0.0,0.007766018986511073,2.856337817367769e-08,3.784453739283399e-08,1.7675109643880677e-10,3.766778629639517e-08,1.3020412301490393e-08
772,0.1544,0.0,0.008102160254831847,2.9674440247340158e-08,3.899609079960023e-08,7.972011147681897e-11,3.891637068812341e-08,1.3050616742486702e-08
773,0.1546,0.0,0.008102128428626815,2.9466501964306917e-08,3.7490463250645836e-08,1.5636932862287778e-10,3.733409392202295e-08,1.308022769790425e-08
774,0.1548,0.0,0.008102191191852914,3.051927356339915e-08,3.945440954973066e-08,1.3003999926087007e-10,3.932436955046978e-08,1.3110825821936899e-08
775,0.155,0.0,0.008102169128327535,3.086617304205017e-08,4.0282141912086485e-08,2.228593705470945e-10,4.005928254153938e-08,1.3141757482964075e-08
776,0.1552,0.0,0.008102229580633835,3.201828494622976e-08,4.141603782404292e-08,4.91834487627092e-11,4.13668543752802e-08,1.3173312072178902e-08
777,0.1554,0.0,0.010355904996524988,3.263746223380314e-08,4.257132920842903e-08,1.0903784278426815e-10,4.246229136564475e-08,1.3205363000483766e-08
778,0.1556,0.0,0.009394459660802488,3.358103455795183e-08,4.1881709299584324e-08,1.5302633781617222e-10,4.1728682961768146e-08,1.3237368791624023e-08
779,0.1558,0.0,0.009278197385681437,3.222246526427575e-08,4.003364360080566e-08,1.8243490657317106e-10,3.985120869423248e-08,1.3268398171619443e-08
780,0.156,0.0,0.008038186472170522,3.163887594535314e-08,4.040691862994123e-08,7.914357946178254e-11,4.032777505047944e-08,1.3299669538565235e-08
781,0.1562,0.0,0.008038093836459396,2.95564232027107e-08,3.728150266443755e-08,3.271951729517503e-10,3.695430749148579e-08,1.3329652249116292e-08
782,0.1564,0.0,0.00803808016857938,2.8537662148998977e-08,3.6329312711596383e-08,2.4880151983999024e-10,3.6080511191756385e-08,1.3359150006118838e-08
783,0.1566,0.0,0.008038022445469703,2.6178578315926792e-08,3.3133062290557443e-08,7.795795236424967e-11,3.3055104338193184e-08,1.3387229660444863e-08
784,0.1568,0.0,0.008038050428344884,2.6877782091424247e-08,3.471007422249596e-08,2.7821806771116925e-10,3.443185615478479e-08,1.34159271126066e-08
785,0.157,0.0,0.008038053437966633,2.689442893850598e-08,3.5827539681360877e-08,2.062802437540769e-10,3.562125943760679e-08,1.3444945828954481e-08
786,0.1572,0.0,0.008038150315113141,2.8884998357410634e-08,3.677100528259151e-08,3.0434966597346884e-10,3.646665561661803e-08,1.347475421827005e-08
787,0.1574,0.0,0.007087796112644664,2.853901359660049e-08,3.791819785990218e-08,1.617153321080909e-10,3.775648252779408e-08,1.3504795805720101e-08
788,0.1576,0.0,0.009194134752425968,2.8754895666737456e-08,3.856413771833738e-08,2.067182589039e-10,3.835741945943348e-08,1.353509469877492e-08
789,0.1578,0.0,0.00904578281498501,2.9027590713401134e-08,3.8076179261774934e-08,2.9125512521433944e-10,3.778492413656059e-08,1.3565364920181637e-08
790,0.158,0.0,0.009045807480860106,2.9836260059069954e-08,3.907202639297157e-08,1.639490411847228e-10,3.890807735178684e-08,1.35961322249797e-08
791,0.1582,0.0,0.010190495854411693,3.165786955190791e-08,4.081315461854125e-08,2.518039998395336e-10,4.056135061870171e-08,1.362785750931774e-08
792,0.1584,0.0,0.00791519228661788,3.218128331867203e-08,4.0129114751398e-08,2.155139601286274e-10,3.991360079126937e-08,1.365947510954349e-08
793,0.1586,0.0,0.007915186363327041,3.30008730156447e-08,4.1367322318286354e-08,1.401756152613945e-10,4.1227146703024954e-08,1.3691745626067382e-08
794,0.1588,0.0,0.007915163387188218,3.273987478976013e-08,4.111742546653549e-08,3.178493467943499e-10,4.079957611974113e-08,1.3723912812355092e-08
795,0.159,0.0,0.007915093785998167,3.105621066728903e-08,4.0217540158712245e-08,2.476856997773184e-10,3.996985445893492e-08,1.3755437390499257e-08
796,0.1592,0.0,0.007915138500548318,3.1991334241278644e-08,3.8912567716132386e-08,2.1225066341951614e-10,3.8700317052712866e-08,1.3786765910396217e-08
797,0.1594,0.0,0.006834488328075315,2.99900936828584e-08,3.795664008202738e-08,1.4007792377492246e-10,3.781656215825245e-08,1.3817431361463658e-08
798,0.1596,0.0,0.006834499875915405,3.08905268260671e-08,3.9647735719245696e-08,1.0361803437948334e-10,3.954411768486621e-08,1.3848847196484153e-08
799,0.1598,0.0,0.006834497375089455,3.106513241040665e-08,3.834305514826631e-08,1.0294816761673068e-10,3.8240106980649573e-08,1.3879895427550384e-08
800,0.16,0.0,0.006999086728381062,3.1934348647932875e-08,4.002277438358147e-08,1.4340676590928125e-10,3.9879367617672185e-08,1.3911737907910274e-08
801,0.1602,0.0,0.006834473975894152,3.023239399835879e-08,3.836215146413374e-08,3.427705259638393e-11,3.8327874411537354e-08,1.394273438164396e-08
802,0.1604,0.0,0.006351909434421677,2.8476417514171492e-08,3.596116898526089e-08,1.445620245395536e-10,3.581660696072133e-08,1.3972641830590837e-08
803,0.1606,0.0,0.006351868953974393,2.779086538151388e-08,3.6488482063780724e-08,2.4787393693266205e-10,3.6240608126848055e-08,1.400257019126732e-08
804,0.1608,0.0,0.0063518831631875945,2.734695226373422e-08,3.461546961566462e-08,2.6534804603266654e-10,3.435012156963194e-08,1.4031923241224931e-08
805,0.161,0.0,0.0063518166994060285,2.596423235484189e-08,3.3130879782621126e-08,1.6877025153272905e-10,3.296210953108839e-08,1.4060557287848415e-08
806,0.1612,0.0,0.00635186474370898,2.6879520707000652e-08,3.4049394381221626e-08,6.711676810638233e-11,3.3982277613115235e-08,1.4089694522611412e-08
807,0.1614,0.0,0.006774463974016531,2.7705620343014934e-08,3.425215004633156e-08,9.610326293760405e-11,3.415604678339395e-08,1.4119127207211579e-08
808,0.1616,0.0,0.006774399226452417,2.6552579770263702e-08,3.5027806845007935e-08,2.3122759411125337e-10,3.4796579250896677e-08,1.4148488639705906e-08
809,0.1618,0.0,0.006774447925811348,2.806699824874992e-08,3.644515791258283e-08,3.603459531193817e-11,3.640912331727088e-08,1.417863952987617e-08
810,0.162,0.0,0.0067744404158436395,2.8492441338035606e-08,3.643170758217354e-08,9.305909024457243e-11,3.633864849192896e-08,1.4208880292273135e-08
811,0.1622,0.0,0.006774421411780307,2.8663175926365034e-08,3.580287735102358e-08,1.0322415923794057e-10,3.569965319178563e-08,1.4239074411275378e-08
812,0.1624,0.0,0.006774464215108051,3.017333236615117e-08,3.6910794123556325e-08,2.5470384186637646e-10,3.665609028168994e-08,1.4269810521255593e-08
813,0.1626,0.0,0.007217453081808147,3.266452394258644e-08,4.1692608392587366e-08,4.0614846758533013e-10,4.1286459925002026e-08,1.4302441343670878e-08
814,0.1628,0.0,0.008537975779865491,3.2671825462777685e-08,4.239818241404832e-08,8.545186019623449e-11,4.2312730553852077e-08,1.4335484325581354e-08
815,0.163,0.0,0.007447352971085929,3.265653054054056e-08,4.178432801986051e-08,1.4678715992067246e-10,4.1637540859939834e-08,1.4368390749776184e-08
816,0.1632,0.0,0.007447361106889372,3.245683469336433e-08,4.144874856538771e-08,1.4840291271125828e-10,4.1300345652676447e-08,1.4401174412935004e-08
817,0.1634,0.0,0.007447307464260614,3.069131399427519e-08,3.9921395041315925e-08,1.1193307406576782e-10,3.980946196725015e-08,1.443314516182373e-08
818,0.1636,0.0,0.0074473311899594845,3.02229786248325e-08,3.8595377614305166e-08,1.6445184889756354e-10,3.843092576540759e-08,1.446467838024045e-08
819,0.1638,0.0,0.007447274155082015,2.8494028753591322e-08,3.812312002957301e-08,1.9337970365226505e-10,3.792974032592074e-08,1.4495667886397502e-08
820,0.164,0.0,0.00744728969021695,2.962173288556082e-08,3.841642223560115e-08,3.5537566007700485e-10,3.806104657552414e-08,1.4527055364936683e-08
821,0.1642,0.0,0.007447321441769334,2.9970283207416204e-08,3.903445087621239e-08,2.792378733580916e-10,3.8755213002854286e-08,1.455872297354832e-08
822,0.1644,0.0,0.007447299104022762,2.994165085717427e-08,3.9223753975898586e-08,2.0198558295762616e-10,3.9021768392940956e-08,1.459046134156923e-08
823,0.1646,0.0,0.007477376562263667,3.005091009005939e-08,3.8468637187462664e-08,2.918137078068266e-10,3.817682347965583e-08,1.4621944075293262e-08
824,0.1648,0.0,0.008715649299503947,2.963968072131569e-08,3.7099950209429775e-08,2.5588304953924715e-10,3.684406715989052e-08,1.465311296065157e-08
825,0.165,0.0,0.00891980324582518,2.982913111614007e-08,3.8381256172515055e-08,2.0186861461130993e-10,3.817938755790374e-08,1.468469352588327e-08
826,0.1652,0.0,0.008919799990272015,3.024890026928737e-08,3.74590661592995e-08,1.3072311835273017e-10,3.7328343040946766e-08,1.4716172187370826e-08
827,0.1654,0.0,0.008919819069659852,3.0868519023933815e-08,3.9361941074351e-08,1.6306142012027666e-10,3.9198879654230716e-08,1.4748335903204043e-08
828,0.1656,0.0,0.011156510936008883,3.206446455992086e-08,3.9165404532314167e-08,4.2782338863789666e-10,3.8737581143676264e-08,1.4780661067842261e-08
829,0.1658,0.0,0.010109622918422354,3.078543044480795e-08,3.865188642898192e-08,1.185909420022605e-10,3.853329548697965e-08,1.4812680966906235e-08
830,0.166,0.0,0.010200393361663257,3.176061740235626e-08,3.8300970096192566e-08,1.5119871857390295e-10,3.8149771377618654e-08,1.4844858679262909e-08
831,0.1662,0.0,0.011368105776633483,3.263870072239189e-08,3.9832601314671025e-08,1.932089215711166e-10,3.96393923930999e-08,1.4877730204853094e-08
832,0.1664,0.0,0.009240056334988065,3.2470437535481374e-08,3.965487839676164e-08,2.877259350429809e-10,3.936715246171865e-08,1.4910501494795147e-08
833,0.1666,0.0,0.007919471449428986,3.090335607612762e-08,3.814612152391229e-08,6.176538229640374e-11,3.808435614161588e-08,1.494253280145403e-08
834,0.1668,0.0,0.007919414414442893,2.8039554498154693e-08,3.518701379995533e-08,1.6168818535452296e-10,3.50253256146008e-08,1.497277564950561e-08
835,0.167,0.0,0.007919368309596476,2.5185159570605248e-08,3.4321550948617744e-08,1.8766092560862493e-10,3.413389002300911e-08,1.500238168387932e-08
836,0.1672,0.0,0.008742744312804146,2.5602951366704537e-08,3.362219084467544e-08,3.3005312400088022e-12,3.3618890313435426e-08,1.5031906666393267e-08
837,0.1674,0.0,0.007919418094754034,2.5888343682443163e-08,3.439296468195265e-08,1.5507470037837778e-10,3.4237889981574264e-08,1.5061698862015556e-08
838,0.1676,0.0,0.00791949997086525,2.792190308818968e-08,3.6318503509497775e-08,2.317822161438492e-10,3.608672129335392e-08,1.5092560037451754e-08
839,0.1678,0.0,0.009026729778867273,2.8815565821625375e-08,3.758042604892408e-08,1.6800402871782665e-10,3.741242202020625e-08,1.5124030927567176e-08
840,0.168,0.0,0.01016453344978818,2.8787452723045227e-08,3.821112693568335e-08,2.525389946746291e-10,3.795858794100871e-08,1.515564039822667e-08
841,0.1682,0.0,0.010834496656473276,2.9238177076688626e-08,3.9121755248679036e-08,2.1971297103250104e-10,3.890204227764653e-08,1.5187725378428693e-08
842,0.1684,0.0,0.010834523699771389,3.044602783920477e-08,4.0931533542120885e-08,1.7734333441660474e-10,4.0754190207704274e-08,1.5220624666452038e-08
843,0.1686,0.0,0.010834530979436324,3.141749590329286e-08,4.278528678650888e-08,1.4382061351644405e-10,4.2641466172992425e-08,1.5254227823159415e-08
844,0.1688,0.0,0.009686424346725779,3.201484343860704e-08,4.326815221636914e-08,1.6962157733644409e-10,4.3098530639032695e-08,1.528812643476127e-08
845,0.169,0.0,0.00994366280973864,3.2056235923661296e-08,4.3701360538832536e-08,1.354968622670472e-10,4.356586367656548e-08,1.5322189002345266e-08
846,0.1692,0.0,0.009686549116253856,3.433043771889819e-08,4.563190495595011e-08,2.8436134110335126e-10,4.534754361484675e-08,1.53572991537629e-08
847,0.1694,0.0,0.009686556904340555,3.493630690060571e-08,4.7213837506040226e-08,1.098855011545952e-10,4.710395200488563e-08,1.5393152285220782e-08
848,0.1696,0.0,0.009686546596814016,3.424716623237322e-08,4.5790792521462e-08,2.9231795738499804e-10,4.549847456407699e-08,1.5428458503956997e-08
849,0.1698,0.0,0.009686455422564938,3.3380164833662715e-08,4.4179315826724524e-08,1.4932166161134032e-10,4.402999416511318e-08,1.54631826262176e-08
850,0.17,0.0,0.010872326214431684,3.4346473598007144e-08,4.490320152031217e-08,2.1069362574124657e-10,4.469250789457092e-08,1.5498381820970458e-08
851,0.1702,0.0,0.010872368105573163,3.554731023152474e-08,4.528404751539038e-08,1.7223406708231247e-10,4.511181344830806e-08,1.5534002753769223e-08
852,0.1704,0.0,0.010872404468103242,3.729333314758488e-08,4.625801455555e-08,1.8253606851667002e-10,4.6075478487033324e-08,1.5570313675023558e-08
853,0.1706,0.0,0.00980008871482166,3.6762245090320034e-08,4.60462803151972e-08,1.3966016993142812e-10,4.5906620145265767e-08,1.560653331932172e-08
854,0.1708,0.0,0.012247131713817474,3.7254312050058645e-08,4.473237503765169e-08,2.1049072023015542e-10,4.452188431742153e-08,1.5642493489074028e-08
855,0.171,0.0,0.012304375901161098,3.721178935722722e-08,4.523447273745246e-08,1.634849295684508e-10,4.5070987807884004e-08,1.5678583986135544e-08
856,0.1712,0.0,0.011072594297890223,3.524970682946861e-08,4.3287182089979305e-08,8.938958461482953e-11,4.319779250536447e-08,1.5713795536147634e-08
857,0.1714,0.0,0.010148943295981363,3.4618156985600407e-08,4.229943488202997e-08,1.5982190908477023e-10,4.2139612972945196e-08,1.57486152133248e-08
858,0.1716,0.0,0.009041778357533814,3.580731783796731e-08,4.151493155080183e-08,9.1787557556293e-11,4.142314399324553e-08,1.578356854099102e-08
859,0.1718,0.0,0.00797281546180661,3.5537744735378124e-08,4.1438382983328456e-08,8.747536694972933e-11,4.135090761637872e-08,1.581828040218028e-08
860,0.172,0.0,0.009007037158889572,3.4701497950099265e-08,4.229139540910776e-08,1.5379642257034353e-10,4.2137598986537415e-08,1.5853040913956646e-08
861,0.1722,0.0,0.00790389504791019,3.3521938284505067e-08,4.124700423330996e-08,5.2754475341510056e-11,4.119424975796844e-08,1.5887421989954663e-08
862,0.1724,0.0,0.007903980208105609,3.5447255353664034e-08,4.2112621676201645e-08,1.2727711673945686e-10,4.1985344559462183e-08,1.5922560422886673e-08
863,0.1726,0.0,0.007903986505059378,3.4652083902686157e-08,4.460348113269658e-08,3.0754979472459224e-10,4.4295931337971985e-08,1.595817212603739e-08
864,0.1728,0.0,0.007277118675748812,3.635946194085341e-08,4.410802398619825e-08,1.4309196753226296e-10,4.396493201866598e-08,1.599387548223359e-08
865,0.173,0.0,0.0072498540930112515,3.6095421507379537e-08,4.63602677478034e-08,1.784599385542911e-10,4.61818078092491e-08,1.6030382775796455e-08
866,0.1732,0.0,0.007785795680140193,3.720415465973253e-08,4.679113191718529e-08,3.5236694200151534e-10,4.643876497518377e-08,1.6067300682892716e-08
867,0.1734,0.0,0.0077857471370189274,3.615316084429527e-08,4.718179637594631e-08,1.66882026665598e-10,4.7014914349280706e-08,1.6104105559928255e-08
868,0.1736,0.0,0.00736257156531785,3.5541246421151094e-08,4.6518486595754214e-08,3.0815073916613836e-10,4.621033585658807e-08,1.61406110294894e-08
869,0.1738,0.0,0.007786709544757192,3.50437746281321e-08,4.601571119385245e-08,2.2919501198520157e-10,4.578651618186724e-08,1.6176796337775978e-08
870,0.174,0.0,0.008077587175780282,3.5823478503442664e-08,4.5340440715786875e-08,1.6169107619438252e-10,4.517874963959249e-08,1.6213137572313933e-08
871,0.1742,0.0,0.00806070168340546,3.4948493140326444e-08,4.6326522419769704e-08,2.2165368618673315e-10,4.610486873358296e-08,1.6249473003574642e-08
872,0.1744,0.0,0.008060759472767924,3.67356582054916e-08,4.7025090577704814e-08,1.8860503391443812e-10,4.683648554379037e-08,1.6286331306255622e-08
873,0.1746,0.0,0.008060825532475717,3.6803605233908294e-08,4.759814123649019e-08,2.3180267655810947e-10,4.7366338559932073e-08,1.6323614775101967e-08
874,0.1748,0.0,0.008060743049346758,3.542068598202609e-08,4.646195953270051e-08,3.000100067087785e-10,4.6161949525991724e-08,1.6360235790765814e-08
875,0.175,0.0,0.006764878905242008,3.6399141507701823e-08,4.634355493801347e-08,1.583024198866081e-10,4.618525251812685e-08,1.6397098446475093e-08
876,0.1752,0.0,0.006933277847679471,3.702558253905486e-08,4.782999530105894e-08,2.7295645551792873e-10,4.7557038845541004e-08,1.643459770688938e-08
877,0.1754,0.0,0.00693322500774289,3.5189894671869054e-08,4.583112196832426e-08,2.0496519232609885e-10,4.5626156775998155e-08,1.6471133723146274e-08
878,0.1756,0.0,0.006933251980161668,3.544434694809847e-08,4.5176822987618735e-08,3.0364048636269847e-10,4.487318250125603e-08,1.650759924235618e-08
879,0.1758,0.0,0.00770600299349722,3.7520015539925955e-08,4.669185430346685e-08,1.5747585821640033e-10,4.6534378445250445e-08,1.654503463557371e-08
880,0.176,0.0,0.007706058082544676,3.9448465832164134e-08,4.8136082325789274e-08,2.2838308058001676e-10,4.790769924520925e-08,1.6583345146992997e-08
881,0.1762,0.0,0.006909406518397455,3.8014415780551266e-08,4.729771944294619e-08,2.0131508224607367e-10,4.709640436070011e-08,1.6621046149156373e-08
882,0.1764,0.0,0.006909343265388193,3.681272300373978e-08,4.7698328612661485e-08,1.2730002796032088e-10,4.757102858470116e-08,1.6658660501135203e-08
883,0.1766,0.0,0.007888415137823884,3.944243704485892e-08,4.773210594113258e-08,1.929882315951305e-10,4.7539117709537445e-08,1.6696807171751576e-08
884,0.1768,0.0,0.009250434231879897,4.1097109858988115e-08,5.2012248555422396e-08,3.256413711714415e-10,5.168660718425095e-08,1.6736605098952423e-08
885,0.177,0.0,0.008082463556574021,3.9370939850628515e-08,5.05953129131654e-08,1.9814105659305501e-10,5.039717185657234e-08,1.6775748029670525e-08
886,0.1772,0.0,0.00920915569664822,3.775909960451606e-08,4.7933378441396205e-08,3.4490921296521952e-12,4.7929929349266545e-08,1.6813818813077033e-08
887,0.1774,0.0,0.007773740193587343,3.7666638434094975e-08,4.721765057451828e-08,1.7110440291353608e-10,4.704654617160474e-08,1.6851709411380937e-08
888,0.1776,0.0,0.008065879901773314,3.8738346640459926e-08,4.9441566969247434e-08,2.6287850639116645e-10,4.9178688462856263e-08,1.6890257813142177e-08
889,0.1778,0.0,0.008065902440523756,3.892826587083681e-08,5.088058677949284e-08,1.5751904863269076e-10,5.0723067730860144e-08,1.6929500280972597e-08
890,0.178,0.0,0.008065928903176159,3.9111598580182083e-08,4.9710948405515664e-08,2.1141160630787645e-10,4.9499536799207784e-08,1.6968522085392126e-08
891,0.1782,0.0,0.00806597147940691,3.925884803804923e-08,5.183990911925819e-08,2.1359010052981403e-10,5.162631901872837e-08,1.700812580809542e-08
892,0.1784,0.0,0.007991952124737588,3.915724858587802e-08,5.106531075676828e-08,2.2746497324391995e-10,5.083784578352435e-08,1.7047402035907063e-08
893,0.1786,0.0,0.008743142265846639,3.678948359386679e-08,4.900563202464165e-08,2.280418092114818e-10,4.877759021543016e-08,1.708574648505069e-08
894,0.1788,0.0,0.008186463982994904,3.542126972898395e-08,4.776490353722165e-08,2.482503884694803e-10,4.751665314875216e-08,1.712323473595855e-08
895,0.179,0.0,0.00947793251372725,3.603021277405086e-08,4.860575090547041e-08,1.5437346988318982e-10,4.8451377435587215e-08,1.7161246636676516e-08
896,0.1792,0.0,0.009477902529130436,3.6082289961575884e-08,4.931217777941845e-08,2.767348006308269e-10,4.9035442978787616e-08,1.7199593522832133e-08
897,0.1794,0.0,0.010834722329465205,3.78159656830073e-08,5.026498479907139e-08,1.4019533438647333e-10,5.012478946468491e-08,1.7238647632184638e-08
898,0.1796,0.0,0.010834675818796985,3.733296976395396e-08,5.01416432564046e-08,1.776549096384201e-10,4.996398834676617e-08,1.7277611077970587e-08
899,0.1798,0.0,0.010834604867692929,3.549641687580574e-08,4.8343688813249984e-08,1.6578448955910605e-10,4.8177904323690874e-08,1.7315664749416708e-08
900,0.18,0.0,0.01083457130668572,3.618583198435478e-08,4.6824335158304926e-08,2.0743648934989067e-10,4.661689866895503e-08,1.7353537391065294e-08
901,0.1802,0.0,0.01065412859009236,3.6188303504899816e-08,4.562494838922861e-08,1.2924770893600795e-10,4.5495700680292595e-08,1.7391132728243597e-08
902,0.1804,0.0,0.009686430130775718,3.711369621140975e-08,4.6150820319489965e-08,1.7532421514958546e-10,4.597549610434037e-08,1.7429059053000783e-08
903,0.1806,0.0,0.009686549920129966,3.965494515840933e-08,4.914352642687918e-08,1.5731394371779948e-10,4.898621248316138e-08,1.7468407881483172e-08
904,0.1808,0.0,0.009686586051052043,4.14886846583985e-08,5.281163597007777e-08,1.813399832880369e-10,5.2630295986789724e-08,1.750935302981611e-08
905,0.181,0.0,0.009686489597314229,3.9419018683567966e-08,5.086473116801174e-08,1.1947734912795243e-10,5.074525381888378e-08,1.7549290914889713e-08
906,0.1812,0.0,0.009686459667514113,3.879402804132889e-08,4.878793389845054e-08,1.9604154975650779e-10,4.8591892348694025e-08,1.7588562557794627e-08
907,0.1814,0.0,0.0108722942668506,3.8818399129281205e-08,4.945753498352177e-08,2.463942466103066e-10,4.921114073691145e-08,1.762803130834025e-08
908,0.1816,0.0,0.0108723744346629,3.9877109148224974e-08,4.944133434758418e-08,3.1214727147141373e-10,4.912918707611276e-08,1.766783085162281e-08
909,0.1818,0.0,0.010556931138675675,3.951349853463919e-08,4.917398184139566e-08,1.4397553278449518e-10,4.903000630861116e-08,1.7707501583832337e-08
910,0.182,0.0,0.011597795217300763,3.998278340720491e-08,5.1168185866695555e-08,1.7273791727829424e-10,5.0995447949417255e-08,1.7747853090979403e-08
911,0.1822,0.0,0.011116830217994478,4.189597398135482e-08,5.1299988469633936e-08,3.190930927866857e-10,5.098089537684724e-08,1.7788771773293175e-08
912,0.1824,0.0,0.01107261628880887,3.930530445637428e-08,4.9754216275504315e-08,1.3215514309344195e-10,4.9622061132410866e-08,1.782859075026207e-08
913,0.1826,0.0,0.011072553614297244,3.893473567238057e-08,4.889346161232564e-08,1.6084630192796065e-10,4.8732615310397675e-08,1.7868128349329297e-08
914,0.1828,0.0,0.009256524544958917,3.994462283919488e-08,4.716388141975085e-08,2.309975906513202e-11,4.714078166068572e-08,1.79075669939728e-08
915,0.183,0.0,0.009256562966539181,3.92364064829937e-08,4.9334797238564635e-08,3.517493615005824e-10,4.8983047877064045e-08,1.7947287130971554e-08
916,0.1832,0.0,0.00907366693255333,3.986424086465957e-08,4.984723171393004e-08,2.1016690331343526e-10,4.9637064810616596e-08,1.7987379456464923e-08
917,0.1834,0.0,0.009073626293312353,3.9583048918663566e-08,5.001505358147388e-08,2.6001066457151804e-10,4.975504291690236e-08,1.802753242051588e-08
918,0.1836,0.0,0.010167751024850612,3.97265639289342e-08,4.953876505211816e-08,2.0867486970279946e-10,4.9330090182415356e-08,1.8067681225171994e-08
919,0.1838,0.0,0.010167746834637904,3.9462504823027155e-08,4.7607913908023654e-08,1.2917733382508135e-10,4.7478736574198566e-08,1.8107295805517357e-08
920,0.184,0.0,0.011416205820133661,3.9179196426085186e-08,4.7792916713570316e-08,2.008333105839798e-10,4.759208340298633e-08,1.8146591495276823e-08
921,0.1842,0.0,0.011374799276874603,3.894550849846433e-08,5.009750332290558e-08,2.5284902630403794e-10,4.984465429660154e-08,1.818679578325139e-08
922,0.1844,0.0,0.011374831957965766,4.0032382908837414e-08,5.014225524055625e-08,2.52898600777006e-10,4.988935663977924e-08,1.8227331226326318e-08
923,0.1846,0.0,0.011374843842776813,4.008103875724574e-08,5.164246532476009e-08,2.8695554129952173e-10,5.135550978346056e-08,1.826827217715625e-08
924,0.1848,0.0,0.011374892974455233,4.123519699727522e-08,5.238022963479194e-08,3.6756321963760855e-10,5.201266641515433e-08,1.8309777195475214e-08
925,0.185,0.0,0.010412065073320135,4.224327430591604e-08,5.330238090664024e-08,1.9893891320886478e-10,5.310344199343137e-08,1.8351818792354055e-08
926,0.1852,0.0,0.009205172374160823,4.184753492529937e-08,5.257323909521481e-08,2.2316796037717273e-10,5.2350071134837635e-08,1.8393456741358223e-08
927,0.1854,0.0,0.008077711241640901,4.047814301051363e-08,5.006482346271198e-08,1.9558402914592332e-10,4.986923943356605e-08,1.8434212764933762e-08
928,0.1856,0.0,0.008971336741465965,4.0255858127293436e-08,5.032919875574533e-08,2.695155166872837e-10,5.0059683239058044e-08,1.8475072592915342e-08
929,0.1858,0.0,0.009201834046129658,4.0207317234848635e-08,5.15387090507285e-08,3.220892747833808e-10,5.121661977594511e-08,1.8516272617036734e-08
930,0.186,0.0,0.009201876786033899,4.125118781961197e-08,5.027551012505228e-08,3.769047739406663e-10,4.9898605351111606e-08,1.8557214517832e-08
931,0.1862,0.0,0.009201875398416859,4.126354364205242e-08,5.076412030500146e-08,2.3770114191392877e-10,5.052641916308752e-08,1.8598243446180644e-08
932,0.1864,0.0,0.008062716306146243,3.8389662955221825e-08,4.983533479589602e-08,1.639367903270619e-10,4.9671398005568953e-08,1.8638636061495716e-08
933,0.1866,0.0,0.008062633363409916,3.688538058383631e-08,4.847384248415707e-08,2.321510941961264e-10,4.824169138996093e-08,1.86783201763368e-08
934,0.1868,0.0,0.00806262345068947,3.6293662554221074e-08,4.8000166853135376e-08,2.733199175812847e-10,4.772684693555408e-08,1.871776342522807e-08
935,0.187,0.0,0.008062648338077228,3.67033004897619e-08,4.776173172456486e-08,3.674595132021391e-10,4.7394272211362714e-08,1.8757287311486754e-08
936,0.1872,0.0,0.007705873402403519,3.6606604039530575e-08,4.787202614544173e-08,1.22492264724251e-10,4.7749533880717476e-08,1.8796802416194743e-08
937,0.1874,0.0,0.007621726208567393,3.573285872074519e-08,4.6316697450847576e-08,1.5901750407844008e-10,4.615767994676913e-08,1.8835768620951902e-08
938,0.1876,0.0,0.007621683983665225,3.3935071003361694e-08,4.3913448081689156e-08,1.4910747689556648e-10,4.3764340604793584e-08,1.8873656298055995e-08
939,0.1878,0.0,0.007773471844053462,3.213602109308549e-08,4.3128754380671254e-08,5.162533180048451e-11,4.3077129048870764e-08,1.891088292557611e-08
940,0.188,0.0,0.007773487338294281,3.23815329526749e-08,4.2752594622411485e-08,3.3033353486542647e-10,4.242226108754605e-08,1.894814139231597e-08
941,0.1882,0.0,0.007773536662071247,3.3674999150405693e-08,4.4583937427005357e-08,1.934819051428836e-10,4.4390455521862463e-08,1.898626052320654e-08
942,0.1884,0.0,0.007773511454979063,3.346151211585425e-08,4.455700993335749e-08,2.2308481503538615e-10,4.4333925118322096e-08,1.9024352007341862e-08
943,0.1886,0.0,0.007773514160909086,3.3512380196458735e-08,4.416565237975189e-08,1.7368914030292997e-10,4.3991963239448954e-08,1.9062336630185297e-08
944,0.1888,0.0,0.008663191146859848,3.2244457218837325e-08,4.124395384524137e-08,1.3648681800933408e-10,4.110746702723203e-08,1.9099266415637985e-08
945,0.189,0.0,0.009806455911784437,3.290397994454208e-08,4.261737035776695e-08,3.783675857300247e-10,4.223900277203692e-08,1.9136750416279657e-08
946,0.1892,0.0,0.011039305426313163,3.524207268189747e-08,4.4755610711021137e-08,3.0899342473983654e-10,4.4446617286281295e-08,1.9175277498730372e-08
947,0.1894,0.0,0.011039328763862816,3.598718611013601e-08,4.668666600305579e-08,1.7500886123888597e-10,4.65116571418169e-08,1.9214751467252163e-08
948,0.1896,0.0,0.010067835299005196,3.816406453699796e-08,4.792998164536456e-08,1.797453839017486e-10,4.77502362614628e-08,1.9255029826558002e-08
949,0.1898,0.0,0.008934103764721585,3.6771861928002136e-08,4.67940683643451e-08,2.8472408856338693e-10,4.6509344275781705e-08,1.9294814513573915e-08
950,0.19,0.0,0.0077419647443284995,3.4304460419627496e-08,4.4441862115569596e-08,2.0837675843527406e-10,4.423348535713432e-08,1.9333377358891267e-08
951,0.1902,0.0,0.007975533761409094,3.413020643912999e-08,4.399069096589104e-08,2.3360254832943843e-10,4.3757088417561595e-08,1.937181362912498e-08
952,0.1904,0.0,0.007975533485434212,3.4568642685405656e-08,4.2362864776735575e-08,1.23941823687154e-10,4.223892295304841e-08,1.9409975707572117e-08
953,0.1906,0.0,0.00797556404307991,3.498823157743677e-08,4.2929792100843806e-08,5.457671211473206e-11,4.2875215388729066e-08,1.944842923464234e-08
954,0.1908,0.0,0.007975560085517612,3.522113728760075e-08,4.481036200994824e-08,2.2671336427097492e-10,4.458364864567726e-08,1.9487467773945456e-08
955,0.191,0.0,0.007975595693958762,3.556953769406162e-08,4.5472171142841555e-08,1.1528496093865117e-10,4.53568861819029e-08,1.952680478503394e-08
956,0.1912,0.0,0.007975555272216172,3.4967121589586144e-08,4.527225543332768e-08,2.158452474719286e-10,4.5056410185855746e-08,1.9565969071218e-08
957,0.1914,0.0,0.009158096121549414,3.596461713939296e-08,4.4897944170398046e-08,1.493157004969643e-10,4.4748628469901076e-08,1.960533589077091e-08
958,0.1916,0.0,0.009158039811931144,3.4857044732302903e-08,4.494376051954805e-08,1.7393509813710312e-10,4.476982542141094e-08,1.9644462524262316e-08
959,0.1918,0.0,0.009157987396428185,3.389637101896956e-08,4.3101222494747896e-08,1.0464337451242132e-10,4.2996579120235466e-08,1.9682822412379583e-08
960,0.192,0.0,0.008026153635116646,3.366027925643961e-08,4.353883975816904e-08,2.3557164276827196e-10,4.330326811540076e-08,1.9721338753550428e-08
961,0.1922,0.0,0.00774193481594058,3.339436934333292e-08,4.3164168244341995e-08,2.5159705790834026e-10,4.2912571186433647e-08,1.975972257413958e-08
962,0.1924,0.0,0.007741977515163074,3.438112640063596e-08,4.3331328428123014e-08,1.5826311767650665e-10,4.31730653104465e-08,1.979836467498929e-08
963,0.1926,0.0,0.007741971082662218,3.4605265451290035e-08,4.432005829593707e-08,1.4143201612132472e-10,4.4178626279815734e-08,1.9837417015073565e-08
964,0.1928,0.0,0.007741978292502457,3.497109540034103e-08,4.563904416661506e-08,2.398687589736374e-10,4.539917540764141e-08,1.9876960885481692e-08
965,0.193,0.0,0.007741956990758333,3.484483937055971e-08,4.3941625234229723e-08,2.2308279713540864e-10,4.371854243709431e-08,1.991606653107587e-08
966,0.1932,0.0,0.007068237631726377,3.505988670601989e-08,4.46836862973286e-08,1.825260458424961e-10,4.4501160251486094e-08,1.9955433298765552e-08
967,0.1934,0.0,0.00706825100713187,3.589177089548737e-08,4.6534688791871064e-08,3.2667708981566876e-10,4.620801170205539e-08,1.9995537000329744e-08
968,0.1936,0.0,0.007530633197042719,3.843483333430893e-08,4.776788816966523e-08,2.9813117080774985e-10,4.746975699885747e-08,2.0036549802914407e-08
969,0.1938,0.0,0.00804763437999549,3.820469985521767e-08,4.6780172426120724e-08,2.6294695278092364e-10,4.651722547333979e-08,2.007741494606566e-08
970,0.194,0.0,0.00804756106917224,3.6633193397726775e-08,4.704342685262209e-08,1.1337681345795813e-10,4.6930050039164123e-08,2.011797715946676e-08
971,0.1942,0.0,0.008584182524737303,3.740180623558492e-08,4.803972381204812e-08,2.951690559084398e-10,4.774455475613967e-08,2.0158842265285774e-08
972,0.1944,0.0,0.00858420055530918,3.683117368180969e-08,4.639661415146192e-08,2.9463795901688813e-10,4.610197619244503e-08,2.019936435556096e-08
973,0.1946,0.0,0.00858416937032259,3.6297299940443605e-08,4.7378669562655824e-08,1.6566328096230582e-10,4.721300628169351e-08,2.0240040089279444e-08
974,0.1948,0.0,0.008584129492056069,3.582149251332347e-08,4.656978188304298e-08,2.130298223346513e-10,4.635675206070832e-08,2.0280418852386905e-08
975,0.195,0.0,0.008584271093381337,3.837058538127633e-08,4.8577497277774914e-08,3.9610102783133323e-10,4.8181396249943574e-08,2.032201986101626e-08
976,0.1952,0.0,0.008584256671401374,3.772147056785828e-08,4.824830381378848e-08,1.9549795711424985e-10,4.805280585667423e-08,2.036333806436696e-08
977,0.1954,0.0,0.008584245228435523,3.717533103345718e-08,4.6557982005494756e-08,2.7676239102009364e-10,4.6281219614474655e-08,2.0404178691623054e-08
978,0.1956,0.0,0.007895400237617648,3.623042658428864e-08,4.6522643023094606e-08,2.2704100298908152e-10,4.629560202010552e-08,2.0444763211346026e-08
979,0.1958,0.0,0.008478858784657293,3.890832327863812e-08,4.7552043861626145e-08,1.8660885990177779e-10,4.736543500172436e-08,2.0486387242668712e-08
980,0.196,0.0,0.008478879891207687,3.9237477808957684e-08,4.8633821476036755e-08,1.647817826709069e-10,4.846903969336584e-08,2.0528387162223745e-08
981,0.1962,0.0,0.008478943132592683,4.0594075306309143e-08,5.171107889199936e-08,1.698333405455192e-10,5.154124555145384e-08,2.057160801863042e-08
982,0.1964,0.0,0.008478873515972067,3.8396362632545535e-08,5.0795717353794505e-08,2.2331666111611082e-10,5.0572400692678384e-08,2.061405863548797e-08
983,0.1966,0.0,0.008965734837169151,3.92193527914424e-08,5.1183695206336044e-08,2.391346039939604e-10,5.094456060234208e-08,2.0656865004876406e-08
984,0.1968,0.0,0.008965739175047917,3.8974358314856265e-08,5.03142710138875e-08,3.303860649087778e-10,4.998388494897872e-08,2.069930965792231e-08
985,0.197,0.0,0.008971069480946892,3.781162097270323e-08,5.040548322751656e-08,2.6619305743984496e-10,5.013929017007671e-08,2.0741576029180456e-08
986,0.1972,0.0,0.009201506715071476,3.7311487039964274e-08,4.957389687566681e-08,2.980475270506413e-10,4.927584934861616e-08,2.0783459356157587e-08
987,0.1974,0.0,0.009201524253693688,3.6374631332706016e-08,4.9572219836268504e-08,2.4790318461946907e-10,4.932431665164903e-08,2.0825262544227778e-08
988,0.1976,0.0,0.009201545184932406,3.6630054354555215e-08,4.970455556587896e-08,2.283606752712802e-10,4.947619489060768e-08,2.0867204852357085e-08
989,0.1978,0.0,0.008965675294978069,3.596985001156184e-08,4.8940364921770076e-08,1.8519604019452192e-10,4.875516888157555e-08,2.090881402628921e-08
990,0.198,0.0,0.008965741551631658,3.78273036524345e-08,5.0953978860132445e-08,2.444553460119935e-10,5.0709523514120444e-08,2.0951468207246076e-08
991,0.1982,0.0,0.008965727868537976,3.81590713041141e-08,5.064036986919583e-08,2.559302770655554e-10,5.0384439592130274e-08,2.0994091181118334e-08
992,0.1984,0.0,0.00945959216840677,3.77012454471932e-08,4.9897441474002375e-08,2.8647321766077616e-10,4.9610968256341594e-08,2.1036454141444156e-08
993,0.1986,0.0,0.009459559778034693,3.8002606720952794e-08,5.1974755115342804e-08,4.1443647096766567e-10,5.1560318644375135e-08,2.1079492730026093e-08
994,0.1988,0.0,0.010035851328352106,3.762390990011208e-08,5.10544585105862e-08,1.879494432750016e-10,5.0866509067311194e-08,2.1122178353815167e-08
995,0.199,0.0,0.009459558354740534,3.815650317384226e-08,5.051083315521371e-08,2.0788903759731012e-10,5.0302944117616394e-08,2.1164782360610825e-08
996,0.1992,0.0,0.00945950758731113,3.8018040154865717e-08,5.0061190950212375e-08,3.314143336339759e-10,4.9729776616578394e-08,2.1207490140900185e-08
997,0.1994,0.0,0.009459540987603576,3.858867938519004e-08,5.035587484379094e-08,2.5369883784286714e-10,5.010217600594807e-08,2.1250310117760997e-08
998,0.1996,0.0,0.009459585418723656,3.940689877086115e-08,5.278879714061653e-08,3.829436309717037e-10,5.240585350964482e-08,2.129416693006367e-08
999,0.1998,0.0,0.009459561936619057,3.92500899885812e-08,5.0695237812385784e-08,6.360080456341786e-10,5.0059229766751597e-08,2.1337478497732943e-08
1000,0.2,0.0,0.009459501228586234,3.8225663908439285e-08,4.868257460391681e-08,1.7453270064108788e-10,4.850804190327572e-08,2.1379542513772962e-08
1001,0.2002,0.0,0.008817299217071363,3.6544936895279534e-08,4.664719111313623e-08,2.820096681339009e-10,4.6365181445002325e-08,2.1421081772372886e-08
1002,0.2004,0.0,0.009806366099264148,3.741581490047187e-08,4.7601514311913235e-08,2.085819838606309e-10,4.7392932328052596e-08,2.1463229056672336e-08
1003,0.2006,0.0,0.011039121525734824,3.7932188159315706e-08,4.746582492481653e-08,3.408623600065185e-10,4.712496256481001e-08,2.1505519164014142e-08
1004,0.2008,0.0,0.011039158169733962,3.941994722341587e-08,4.705313700569403e-08,1.4146572302127268e-10,4.691167128267275e-08,2.1548127633715597e-08
1005,0.201,0.0,0.01006765839814937,3.838471108260067e-08,4.7717432926163224e-08,2.69159324202953e-10,4.744827360196026e-08,2.1590674442707815e-08
1006,0.2012,0.0,0.009291237194498234,3.8210310210856486e-08,4.855913000746525e-08,3.1077473727089327e-10,4.824835527019435e-08,2.1633430408287785e-08
1007,0.2014,0.0,0.009291173416990173,3.7529028354481826e-08,4.810526355861321e-08,3.4569498172963355e-10,4.775956857688357e-08,2.167593020969138e-08
1008,0.2016,0.0,0.009291221862441423,3.806378308762561e-08,4.819418438370049e-08,1.272816331670134e-10,4.806690275053347e-08,2.1718631127979468e-08
1009,0.2018,0.0,0.009291199279230817,3.705530295678382e-08,4.83041667693452e-08,3.149561067672175e-10,4.798921066257798e-08,2.1761137308156753e-08
1010,0.202,0.0,0.009291231492055036,3.7664233336824396e-08,4.822906053167197e-08,1.4950424081498393e-10,4.8079556290856974e-08,2.1803743146211527e-08
1011,0.2022,0.0,0.009291256952305324,3.7851289556976065e-08,4.6866571892706424e-08,2.6557236103886224e-10,4.660099953166756e-08,2.184616029925442e-08
1012,0.2024,0.0,0.008768568886695046,3.620456827139377e-08,4.67586642692528e-08,1.4819636687920652e-10,4.661046790237359e-08,2.1888095639907674e-08
1013,0.2026,0.0,0.008768549677262724,3.5675124308338105e-08,4.623364707149386e-08,2.377753399850846e-10,4.599587173150877e-08,2.192985694845288e-08
1014,0.2028,0.0,0.009158043275077632,3.795181305605426e-08,4.756476959681567e-08,1.3786633499212787e-10,4.742690326182353e-08,2.1972596690698605e-08
1015,0.203,0.0,0.00915800948448157,3.7319142878005756e-08,4.920165256762708e-08,4.4410048318566953e-10,4.8757552084441404e-08,2.2015636765647173e-08
1016,0.2032,0.0,0.008233649183499048,3.707840159297251e-08,4.868822298253422e-08,6.134614711097595e-10,4.8074761511424457e-08,2.2058515953928396e-08
1017,0.2034,0.0,0.008233628803462685,3.609086208379031e-08,4.768216941360017e-08,3.2414282304810175e-10,4.735802659055206e-08,2.210085937551108e-08
1018,0.2036,0.0,0.008233707270633444,3.7825449354407926e-08,4.62856867054474e-08,9.180809639845195e-11,4.619387860904894e-08,2.2143385901941807e-08
1019,0.2038,0.0,0.00755104760580401,3.558349667473035e-08,4.742531996511126e-08,2.7052870495492384e-10,4.7154791260156334e-08,2.2185595956351497e-08
1020,0.204,0.0,0.007551093357800362,3.6829119177085956e-08,4.869704717040898e-08,3.247064302998775e-10,4.83723407401091e-08,2.2228565033044787e-08
1021,0.2042,0.0,0.007842657989220224,3.608474408271682e-08,4.794330591734857e-08,7.039411399662347e-11,4.787291180335194e-08,2.2271184989069583e-08
1022,0.2044,0.0,0.007842615468121497,3.5940352698107346e-08,4.797876945844723e-08,2.69782136542471e-10,4.770898732190475e-08,2.2313815598614636e-08
1023,0.2046,0.0,0.007842555634886953,3.463536613917844e-08,4.60941687136543e-08,3.348250849694484e-10,4.575934362868484e-08,2.2355616749099268e-08
1024,0.2048,0.0,0.011249247398445017,3.5566788073236006e-08,4.6200574979951105e-08,2.8958698693191893e-10,4.591098799301918e-08,2.239755090155401e-08
1025,0.205,0.0,0.010310902729814926,3.563510826863297e-08,4.683055418033816e-08,1.9824574588958364e-10,4.663230843444857e-08,2.2439930014469862e-08
1026,0.2052,0.0,0.012644230672041127,3.683163780631444e-08,4.793310385383772e-08,2.318752891479276e-10,4.7701228564689785e-08,2.248295637602725e-08
1027,0.2054,0.0,0.013688850510007879,3.7035829406621935e-08,4.865556105481501e-08,3.179897599264294e-10,4.833757129488857e-08,2.2526267837040786e-08
1028,0.2056,0.0,0.01368885961177398,3.758094903032919e-08,5.07004310073816e-08,2.2487832817350423e-10,5.047555267920809e-08,2.257029261286184e-08
1029,0.2058,0.0,0.013688918999378788,3.9213561322157704e-08,5.128735790221947e-08,1.5436892880886702e-10,5.11329889734106e-08,2.261472499753477e-08
1030,0.206,0.0,0.011380455999378114,3.907593201489858e-08,5.0180704719562406e-08,2.378818085467584e-10,4.994282291101564e-08,2.2659074094538633e-08
1031,0.2062,0.0,0.011380443124270138,3.9203290371921517e-08,5.14250687392683e-08,4.560587225073799e-10,5.096901001676092e-08,2.2703742411989725e-08
1032,0.2064,0.0,0.010179951018615966,4.048871512110932e-08,5.320967895111496e-08,1.913834593766555e-10,5.30182954917383e-08,2.2749322921767208e-08
1033,0.2066,0.0,0.009150019978632268,4.025276732627213e-08,5.400009643237082e-08,3.013569798872694e-10,5.369873945248354e-08,2.2795084689602484e-08
1034,0.2068,0.0,0.00915014932385172,4.3629287069108745e-08,5.671259775277241e-08,2.0244061029549257e-10,5.6510157142476906e-08,2.2842472186636972e-08
1035,0.207,0.0,0.010385379127636013,4.413031635428142e-08,5.746409676678525e-08,3.1120451952813585e-10,5.715289224725711e-08,2.2890121626298028e-08
1036,0.2072,0.0,0.010385309181121042,4.1937094787498446e-08,5.576865056396959e-08,3.4222715294282204e-10,5.542642341102676e-08,2.293689890412276e-08
1037,0.2074,0.0,0.011540293386384792,4.084533872535689e-08,5.4132774740392624e-08,3.2783335148331255e-10,5.3804941388909304e-08,2.29830317962638e-08
1038,0.2076,0.0,0.011540303938860167,4.1134666438082704e-08,5.391347966625936e-08,2.5772762380377696e-10,5.3655752042455576e-08,2.302922516241652e-08
1039,0.2078,0.0,0.01271265764878259,4.1845831331826406e-08,5.411961637530867e-08,3.6653524567502014e-10,5.375308112963365e-08,2.307569245462123e-08
1040,0.208,0.0,0.011385219262939204,4.122038580772532e-08,5.316774208166754e-08,4.752856530228432e-10,5.2692456428644695e-08,2.3121798224101415e-08
1041,0.2082,0.0,0.011385266512085802,4.231696944606287e-08,5.396514419445153e-08,3.3726456980919634e-10,5.362787962464232e-08,2.316839528488609e-08
1042,0.2084,0.0,0.011334559145223952,4.144948956850143e-08,5.509825217681195e-08,2.8422512411485683e-10,5.4814027052697085e-08,2.3215147413020336e-08
1043,0.2086,0.0,0.01133463938554912,4.3834561444154e-08,5.746461275884484e-08,1.9964383577001868e-10,5.7264968923074814e-08,2.3263178260984584e-08
1044,0.2088,0.0,0.011334676479876465,4.402957636327706e-08,5.5567866203858174e-08,3.805707399060775e-10,5.518729546395209e-08,2.3310810415260396e-08
1045,0.209,0.0,0.010171551077682556,4.4555692005542533e-08,5.4097832558341274e-08,3.441286806220468e-10,5.375370387771922e-08,2.335819709317126e-08
1046,0.2092,0.0,0.008199116992635492,4.4678950414146254e-08,5.357112436052097e-08,4.3373987891811003e-10,5.3137384481602854e-08,2.3404956119634235e-08
1047,0.2094,0.0,0.008237333010267548,4.252463284567658e-08,5.140422434954662e-08,3.472705298458954e-10,5.105695381970072e-08,2.3451228869313463e-08
1048,0.2096,0.0,0.008237213366556737,4.134871679158518e-08,5.142093130656526e-08,2.7572472638785476e-10,5.11452065801774e-08,2.349724255583233e-08
1049,0.2098,0.0,0.008237181226934452,4.070054799470415e-08,5.1661227010151145e-08,5.038672807133991e-10,5.115735972943774e-08,2.3543012390966564e-08
1050,0.21,0.0,0.008237148799163044,4.111272513210889e-08,5.1790402026927493e-08,2.72143468570275e-10,5.151825855835721e-08,2.3589021876124473e-08
1051,0.2102,0.0,0.008903792755521934,3.997099914056681e-08,5.193223052632919e-08,3.9909489156264647e-10,5.153313563476654e-08,2.3634924719590695e-08
1052,0.2104,0.0,0.008237134226450692,3.9761930110524816e-08,5.0848088844275426e-08,4.424195871992485e-10,5.040566925707617e-08,2.368048791979168e-08
1053,0.2106,0.0,0.00823716292523889,3.989369841207783e-08,5.1400695670200046e-08,1.909063180741905e-10,5.120978935212585e-08,2.3726320508013046e-08
1054,0.2108,0.0,0.008237187051857917,4.070602421210503e-08,5.2265068151224055e-08,2.5555868604974175e-10,5.200950946517431e-08,2.37726381447715e-08
1055,0.211,0.0,0.008237155434584418,4.128933874152664e-08,5.197195522326531e-08,2.5152893161822134e-10,5.172042629164708e-08,2.3818939643910344e-08
1056,0.2112,0.0,0.008237094672753482,4.097096560920485e-08,5.23426423829271e-08,2.1458903075351281e-10,5.212805335217358e-08,2.3865431115406307e-08
1057,0.2114,0.0,0.008237067103285757,4.08042680058684e-08,5.1864527436943375e-08,3.71437090198036e-11,5.182738372792356e-08,2.3911797372930965e-08
1058,0.2116,0.0,0.0082370892095476,4.1188953642147854e-08,5.237091916044703e-08,1.6617064940784317e-10,5.220474851103918e-08,2.3958406629457823e-08
1059,0.2118,0.0,0.008237137913872553,4.193728314839088e-08,5.2667463261240965e-08,7.061214083154549e-10,5.19613418529255e-08,2.400536149000762e-08
1060,0.212,0.0,0.008237080441986289,4.132625966013062e-08,4.912778310571242e-08,5.543594294491279e-10,4.8573423676263283e-08,2.405092665367517e-08
1061,0.2122,0.0,0.008236937216203617,3.731453812684512e-08,4.8022954395466836e-08,3.545071906786927e-10,4.7668447204788136e-08,2.409554105685468e-08
1062,0.2124,0.0,0.00823699713721909,3.776602299757158e-08,4.957571968625036e-08,1.9333470672149845e-10,4.9382384979528854e-08,2.414073206373539e-08
1063,0.2126,0.0,0.008236900146596856,3.638818704711989e-08,4.5606930349664475e-08,1.8948764054463623e-10,4.5417442709119834e-08,2.4184573583935717e-08
1064,0.2128,0.0,0.0082369195334281,3.6946297583954854e-08,4.559793892681017e-08,1.3506390740783914e-10,4.5462875019402327e-08,2.4228207929965877e-08
1065,0.213,0.0,0.007870751827490682,3.686321705055999e-08,4.6553054629134116e-08,3.0455274462131095e-10,4.62485018845128e-08,2.4272268708109727e-08
1066,0.2132,0.0,0.008129964437730591,3.738091871386654e-08,4.905092878906844e-08,2.4715504414361237e-10,4.880377374492482e-08,2.43173841242152e-08
1067,0.2134,0.0,0.008502321478587333,3.754002563311387e-08,5.079036271351526e-08,4.850041050865342e-10,5.030535860842872e-08,2.4362850574879888e-08
1068,0.2136,0.0,0.008502388224850183,3.8834405931519794e-08,5.1589624029678274e-08,2.9958552997107943e-10,5.129003849970719e-08,2.4409088982270157e-08
1069,0.2138,0.0,0.008502459369382846,3.9346825831961004e-08,5.277706650894551e-08,4.02606226699553e-10,5.237446028224595e-08,2.4455792886324017e-08
1070,0.214,0.0,0.00850250415353472,4.062270622253392e-08,5.355332042492425e-08,4.2945834131219097e-10,5.3123862083612054e-08,2.4503072987254756e-08
1071,0.2142,0.0,0.008502556703449564,4.1209329939665983e-08,5.4272030526341675e-08,2.5594624903090526e-10,5.4016084277310764e-08,2.4550710110744412e-08
1072,0.2144,0.0,0.00850254075136449,4.125239184868973e-08,5.2716669783895765e-08,1.475232947364661e-10,5.256914648915929e-08,2.4598042539395365e-08
1073,0.2146,0.0,0.00850245093721772,4.0112263421386526e-08,5.3184069737203784e-08,4.2513536211023773e-10,5.275893437509354e-08,2.4645243219156833e-08
1074,0.2148,0.0,0.009034623685361641,4.1791766457922806e-08,5.205716023254442e-08,3.0337130301144357e-10,5.175378892953297e-08,2.4692428549415326e-08
1075,0.215,0.0,0.008582560886322794,4.145517842089561e-08,5.1555968360463644e-08,2.229912796809755e-10,5.133297708078266e-08,2.473949314714992e-08
1076,0.2152,0.0,0.010110153371753642,4.255041604108497e-08,5.663095346585372e-08,3.827613121704265e-10,5.624819215368329e-08,2.478834646130936e-08
1077,0.2154,0.0,0.010110212183673556,4.289375426516004e-08,5.5715320838344456e-08,4.611670805667025e-10,5.525415375777775e-08,2.483711111571365e-08
1078,0.2156,0.0,0.010110218003512616,4.416252590674747e-08,5.7950646390157524e-08,5.305079520861067e-10,5.742013843807141e-08,2.4886831863875994e-08
1079,0.2158,0.0,0.010110332304257147,4.578161695024777e-08,5.7729932272018794e-08,3.7876293434893605e-10,5.735116933766985e-08,2.493687529619e-08
1080,0.216,0.0,0.009135174252828754,4.6010517026504404e-08,6.106810180792129e-08,2.491196384023937e-10,6.081898216951889e-08,2.4987947983624605e-08
1081,0.2162,0.0,0.011249662917247518,4.579063331197968e-08,6.009659049002229e-08,3.6792359239742106e-10,5.972866689762486e-08,2.503876395265473e-08
1082,0.2164,0.0,0.011520824974978987,4.723702106830783e-08,6.064230543550862e-08,4.5311931195736546e-10,6.018918612355124e-08,2.508969442196746e-08
1083,0.2166,0.0,0.012644687082378949,4.7580875615153057e-08,6.175809852434095e-08,3.8321212753805065e-10,6.137488639680288e-08,2.514122096605176e-08
1084,0.2168,0.0,0.013689166567483644,4.706331561376339e-08,6.439577408139315e-08,3.1933566599103923e-10,6.40764384154021e-08,2.519366891916418e-08
1085,0.217,0.0,0.01368917176154212,4.7965831000364935e-08,6.302771225467793e-08,4.861641015242458e-10,6.254154815315366e-08,2.524602403462694e-08
1086,0.2172,0.0,0.013689166796194717,4.769462664907773e-08,6.355456239691715e-08,2.6823340408169653e-10,6.328632899283544e-08,2.5298428850853473e-08
1087,0.2174,0.0,0.01138069478150164,4.7131711351528035e-08,6.257812191785911e-08,3.012096416418554e-10,6.227691227621724e-08,2.5350488714205944e-08
1088,0.2176,0.0,0.01018011494694736,4.54473089039057e-08,6.105068782351566e-08,4.153823984160739e-10,6.063530542509957e-08,2.5401820016224122e-08
1089,0.2178,0.0,0.01018010789696931,4.5681655191404555e-08,6.207462825717226e-08,4.484421576711772e-10,6.162618609950106e-08,2.545352559383346e-08
1090,0.218,0.0,0.00938700494943955,4.624311821427132e-08,5.898813323161139e-08,3.1300566790081556e-10,5.867512756371057e-08,2.5504485275471453e-08
1091,0.2182,0.0,0.010385398774058613,4.632800646668183e-08,6.038173987327534e-08,3.177973193103295e-10,6.006394255396499e-08,2.5555994526359206e-08
1092,0.2184,0.0,0.010385407233738961,4.582996525757409e-08,6.11385845271977e-08,4.0712531127494337e-10,6.073145921592274e-08,2.560740759857749e-08
1093,0.2186,0.0,0.01038532370155853,4.4320996855849e-08,5.999293284608875e-08,1.6911357834907129e-10,5.982381926773966e-08,2.5658406801774383e-08
1094,0.2188,0.0,0.011540319241366474,4.505831960009858e-08,6.172477820144464e-08,3.809841592093791e-10,6.134379404223525e-08,2.571010093625555e-08
1095,0.219,0.0,0.012712583311050105,4.492271844773612e-08,6.147626071604604e-08,4.1774062332158135e-10,6.105852009272444e-08,2.576174847332284e-08
1096,0.2192,0.0,0.012712630474528749,4.623317718389591e-08,6.079763854720025e-08,5.706505846280807e-10,6.022698796257215e-08,2.581349529761003e-08
1097,0.2194,0.0,0.011385272765783433,4.7682413810465713e-08,6.322260651878527e-08,2.7071702635338355e-10,6.295188949243187e-08,2.5866358549416585e-08
1098,0.2196,0.0,0.012370365328624563,4.9238089271325345e-08,6.405267578779825e-08,2.5525765736484377e-10,6.379741813043339e-08,2.5919763809769222e-08
1099,0.2198,0.0,0.011334623780232344,4.903360956112894e-08,6.425507116579427e-08,2.087339371638268e-10,6.404633722863043e-08,2.5973345032813717e-08
1100,0.22,0.0,0.01133456306105335,4.84686571198719e-08,6.256085930365637e-08,4.5375951135955926e-10,6.21070997922968e-08,2.6026430853786727e-08
1101,0.2202,0.0,0.011334686224946267,4.942352711430085e-08,6.26594237807756e-08,3.412486798434911e-10,6.231817510093209e-08,2.6079742183140405e-08
1102,0.2204,0.0,0.010171591673811825,4.833201965201565e-08,6.331439350680466e-08,2.8822544926512343e-10,6.302616805753952e-08,2.613301353695548e-08
1103,0.2206,0.0,0.009930703138180284,4.988820044681385e-08,6.586202834078603e-08,3.7080763529000326e-10,6.549122070549601e-08,2.6187466107950992e-08
1104,0.2208,0.0,0.009930653311874328,5.066842538258906e-08,6.858365991599086e-08,4.713452505401108e-10,6.811231466545073e-08,2.6242844905358417e-08
1105,0.221,0.0,0.009930677185341439,5.0921618358964584e-08,6.869287286935031e-08,5.952228898816437e-10,6.809764997946866e-08,2.6298319177662362e-08
1106,0.2212,0.0,0.00993070536710428,5.164680375125945e-08,6.781814291814282e-08,3.9819661046114727e-10,6.741994630768167e-08,2.6353617234353525e-08
1107,0.2214,0.0,0.009930799491369928,5.279589364692302e-08,7.082257329491221e-08,2.6686381278823814e-10,7.055570948212396e-08,2.6410318281559444e-08
1108,0.2216,0.0,0.00993081844641075,5.295257284315909e-08,6.864114441124913e-08,3.593643980551367e-10,6.828178001319398e-08,2.6466544531243075e-08
1109,0.2218,0.0,0.009930843165940225,5.1822762359921e-08,6.883232314193673e-08,3.352102149330641e-10,6.849711292700365e-08,2.6522305196643528e-08
1110,0.222,0.0,0.010530755595022449,5.208842375791343e-08,7.049036362129536e-08,3.7283612385544495e-10,7.01175274974399e-08,2.6578858259349127e-08
1111,0.2222,0.0,0.01150834592548755,5.310047916931075e-08,7.178386844494858e-08,2.1517583767005987e-10,7.15686926072785e-08,2.6636102993404827e-08
1112,0.2224,0.0,0.012591817019144571,5.4082305335740926e-08,7.096373901683285e-08,2.624907075166114e-10,7.070124830931623e-08,2.6693365272297865e-08
1113,0.2226,0.0,0.012544816922399064,5.384237998304043e-08,7.106786050008592e-08,3.046313552069828e-10,7.076322914487892e-08,2.6750726973824417e-08
1114,0.2228,0.0,0.014714520256014302,5.420070180260661e-08,7.153639193964045e-08,3.434075534116487e-10,7.119298438622879e-08,2.6808261475994008e-08
1115,0.223,0.0,0.013753655437365363,5.515105957473373e-08,7.265614115594898e-08,4.2796226773147425e-10,7.222817888821749e-08,2.686647494155606e-08
1116,0.2232,0.0,0.013963492058006309,5.371289913530234e-08,7.122767572754392e-08,3.964077622485581e-10,7.083126796529535e-08,2.69240105694675e-08
1117,0.2234,0.0,0.015172162118728407,5.347903484614331e-08,6.907357961219384e-08,3.9578996160468175e-10,6.867778965058915e-08,2.6980861819789026e-08
1118,0.2236,0.0,0.015172130581531378,5.3024526434140855e-08,6.979409774392918e-08,3.1568660983415113e-10,6.947841113409501e-08,2.7037615831146282e-08
1119,0.2238,0.0,0.01404759485659491,5.2899896515024616e-08,7.102255757684129e-08,5.035196598540635e-10,7.051903791698721e-08,2.7094906038403612e-08
1120,0.224,0.0,0.014047583434284515,5.273556165016318e-08,6.982895483754304e-08,4.1966762862316826e-10,6.940928720891986e-08,2.7152033309832775e-08
1121,0.2242,0.0,0.015191459910913793,5.2097361878842686e-08,6.899371993837517e-08,5.549280191482416e-10,6.843879191922692e-08,2.720883573507182e-08
1122,0.2244,0.0,0.01630104560472705,5.3274135778919816e-08,7.15351609267853e-08,2.3922837986223284e-10,7.129593254692306e-08,2.7266643192307486e-08
1123,0.2246,0.0,0.016301122420427798,5.452005609958694e-08,7.29696067043404e-08,4.0718446129141154e-10,7.256242224304898e-08,2.7325127492329542e-08
1124,0.2248,0.0,0.015003503065799714,5.595739008698916e-08,7.372385038581495e-08,3.5732217106962137e-10,7.336652821474532e-08,2.7384321961543783e-08
1125,0.225,0.0,0.01650330228383616,5.407946445824835e-08,7.172318635359347e-08,5.090775887394354e-10,7.121410876485402e-08,2.744251184662804e-08
1126,0.2252,0.0,0.01753774277599535,5.4284722747119545e-08,7.28878872180297e-08,3.217709593309538e-10,7.256611625869874e-08,2.7501175143142972e-08
1127,0.2254,0.0,0.016344647456679406,5.4923757433629426e-08,7.265990157373647e-08,1.649501491198125e-10,7.249495142461665e-08,2.755999256554665e-08
1128,0.2256,0.0,0.01601407738495744,5.532714566174996e-08,7.056003278461934e-08,3.0345027161456653e-10,7.025658251300476e-08,2.761828375267473e-08
1129,0.2258,0.0,0.014681720165921364,5.6111710507908576e-08,7.170837738324194e-08,3.5914295488433254e-10,7.134923442835759e-08,2.7677260785380735e-08
1130,0.226,0.0,0.013598333054087676,5.6259457699861334e-08,7.279864822420951e-08,3.1969818609540475e-10,7.247895003811409e-08,2.7736607871924644e-08
1131,0.2262,0.0,0.01253657369613212,5.574691320694632e-08,7.372054204675125e-08,3.377945845086576e-10,7.338274746224258e-08,2.7796109816111617e-08
1132,0.2264,0.0,0.011374373889197568,5.622559203565067e-08,7.222856074926586e-08,4.311376321911664e-10,7.179742311707467e-08,2.7855280390012678e-08
1133,0.2266,0.0,0.010367046601583144,5.6738963500686814e-08,7.301496467984753e-08,4.940568881496072e-10,7.252090779169791e-08,2.7914712152642163e-08
1134,0.2268,0.0,0.010478852939914683,5.5072820289301875e-08,7.293619906622783e-08,6.464319464227785e-10,7.228976711980504e-08,2.7973986294316118e-08
1135,0.227,0.0,0.01020954002054462,5.6498627298700027e-08,7.365234248914996e-08,1.790997453514064e-10,7.347324274379853e-08,2.8033870385070994e-08
1136,0.2272,0.0,0.010209550793866672,5.734006338449556e-08,7.487731046208223e-08,3.1165723492139336e-10,7.456565322716082e-08,2.809434676860326e-08
1137,0.2274,0.0,0.010626862998064614,5.663275010543096e-08,7.280959357054226e-08,4.1145239337942644e-10,7.239814117716282e-08,2.8154085189438474e-08
1138,0.2276,0.0,0.010626929905619793,5.9033459493977195e-08,7.537781256608561e-08,2.1606014826481865e-10,7.516175241782078e-08,2.8215123064089634e-08
1139,0.2278,0.0,0.011413486997043672,5.918263862435878e-08,7.465159374164923e-08,6.009504007478968e-10,7.405064334090132e-08,2.8275977686449672e-08
1140,0.228,0.0,0.011413447895465261,5.812179314838555e-08,7.467533662618258e-08,4.021079934165171e-10,7.427322863276605e-08,2.83368331480586e-08
1141,0.2282,0.0,0.011413479478437896,5.9079055177037526e-08,7.553015343125069e-08,2.381051542340099e-10,7.529204827701667e-08,2.8398215649899813e-08
1142,0.2284,0.0,0.010608060639302804,6.023663698480843e-08,7.507112665947457e-08,2.851841211166768e-10,7.478594253835787e-08,2.8459831466860497e-08
1143,0.2286,0.0,0.010608024920171913,5.929411096255466e-08,7.425197433176184e-08,2.2129262750781429e-10,7.403068170425401e-08,2.852089192607742e-08
1144,0.2288,0.0,0.01014563089846836,5.7708152666821717e-08,7.359498644818154e-08,3.4401291369574296e-10,7.325097353448578e-08,2.8581420035276038e-08
1145,0.229,0.0,0.010145600950931985,5.6621097262667063e-08,7.301461733829732e-08,5.000340765933965e-10,7.251458326170391e-08,2.8641603145957467e-08
1146,0.2292,0.0,0.010145546480099295,5.628017858408076e-08,7.252983894719417e-08,4.3745946355333964e-10,7.209237948364081e-08,2.8701643225725668e-08
1147,0.2294,0.0,0.01014560853971792,5.753183069419178e-08,7.35003866289285e-08,5.312657085953819e-10,7.296912092033311e-08,2.8762421830560686e-08
1148,0.2296,0.0,0.010145620455454394,5.797368878485154e-08,7.493121440239708e-08,2.9232119797932613e-10,7.463889320441774e-08,2.8823743155777768e-08
1149,0.2298,0.0,0.010732587878463205,5.97209022664848e-08,7.568938074591323e-08,4.419208660985867e-10,7.524745987981463e-08,2.8885775649861543e-08
1150,0.23,0.0,0.010223460063295883,5.889017949242393e-08,7.365974983601114e-08,3.3749457819800003e-10,7.332225525781314e-08,2.894708957716283e-08
1151,0.2302,0.0,0.01022344493170464,5.7949639349111465e-08,7.681604233386007e-08,5.134773205807236e-10,7.630256501327933e-08,2.9009064295058765e-08
1152,0.2304,0.0,0.010223426085496255,5.7381700964552026e-08,7.367012171865733e-08,5.252738741578394e-10,7.314484784449948e-08,2.907011899205792e-08
1153,0.2306,0.0,0.010223337519581597,5.634530806473598e-08,7.246614393795697e-08,3.346780733600051e-10,7.213146586459695e-08,2.9130657444313976e-08
1154,0.2308,0.0,0.01022331486252248,5.644004658863848e-08,7.290097685563656e-08,5.108131311627012e-10,7.239016372447384e-08,2.9191302652171373e-08
1155,0.231,0.03,0.010223346805047679,5.642400179073296e-08,7.092439595034393e-08,5.111830478554271e-10,7.041321290248848e-08,2.9251691003677036e-08
1156,0.2312,0.0,0.009799318322787536,5.584868636457305e-08,7.02728971532577e-08,2.555053497483965e-10,7.00173918035093e-08,2.931169329490883e-08
1157,0.2314,0.0,0.009799301788429459,5.5809544042680027e-08,7.067420772181645e-08,4.2369462004693306e-10,7.02505131017695e-08,2.9371619209730517e-08
1158,0.2316,0.0,0.010488213655835,5.765641769142787e-08,7.060660778837935e-08,4.0487729447041467e-10,7.020173049390893e-08,2.9432292291255292e-08
1159,0.2318,0.0,0.010488208939309523,5.725066237699071e-08,7.21872722362755e-08,3.892086998546882e-10,7.17980635364208e-08,2.9493247139709728e-08
1160,0.232,0.0,0.010488271380653925,5.831167444350623e-08,7.149148160919421e-08,2.605723240135454e-10,7.123090928518065e-08,2.9554239422284042e-08
1161,0.2322,0.0,0.009886543607914144,5.8194582469013556e-08,7.417925346127983e-08,6.392795623744509e-10,7.353997389890537e-08,2.961605797323012e-08
1162,0.2324,0.0,0.009886694842510481,6.066473136735391e-08,7.490365016379897e-08,7.301579559462795e-10,7.417349220785268e-08,2.96787463872622e-08
1163,0.2326,0.0,0.009886700754527045,6.171637617774e-08,7.989016924492433e-08,2.4505662646565045e-10,7.964511261845866e-08,2.974314239102539e-08
1164,0.2328,0.0,0.009886748490202678,6.31646428509238e-08,7.560278867734078e-08,5.97888807548636e-10,7.500489986979213e-08,2.9806869681830174e-08
1165,0.233,0.0,0.009301296225240351,6.02251404523571e-08,7.450622461422055e-08,5.677531765089878e-10,7.393847143771155e-08,2.9869141269139984e-08
1166,0.2332,0.0,0.008805304529836099,5.675816969099495e-08,7.220322285389614e-08,1.9810388358210847e-10,7.200511897031402e-08,2.993044111391599e-08
1167,0.2334,0.0,0.00945562039933655,5.718280603650343e-08,7.044428545622975e-08,4.1556116607119313e-10,7.002872429015855e-08,2.999134611133314e-08
1168,0.2336,0.0,0.008926429458760361,5.5460537830106804e-08,7.075220321357592e-08,3.3768019601460966e-10,7.04145230175613e-08,3.005192833663948e-08
1169,0.2338,0.0,0.00892645816437836,5.576445358479806e-08,7.24544178194941e-08,5.19465397558686e-10,7.193495242193541e-08,3.011289315514553e-08
1170,0.234,0.0,0.008990744564968916,5.491630833503434e-08,7.122559385366618e-08,3.472695136529568e-10,7.08783243400132e-08,3.017349898339855e-08
1171,0.2342,0.0,0.008990754780382576,5.5317773720753096e-08,7.135290175274159e-08,6.928034276098208e-10,7.066009832513175e-08,3.023432782078768e-08
1172,0.2344,0.0,0.008990726412128142,5.4650344244561236e-08,7.082352355761131e-08,3.5911111233952066e-10,7.046441244527177e-08,3.02950551582856e-08
1173,0.2346,0.0,0.009399635392558293,5.618151142406251e-08,7.03430664733422e-08,4.184213826359852e-10,6.992464509070621e-08,3.035593019995677e-08
1174,0.2348,0.0,0.009399636902773262,5.680149684784214e-08,7.183516132233423e-08,3.285172240700679e-10,7.150664409826415e-08,3.0417499124042996e-08
1175,0.235,0.0,0.009399646546405398,5.7305722942647424e-08,7.21954597157534e-08,3.6179839430471956e-10,7.183366132144867e-08,3.0479444379592535e-08
1176,0.2352,0.0,0.009399637954384046,5.688941272752014e-08,6.952827128083106e-08,3.413770993666629e-10,6.918689418146439e-08,3.0540359650041e-08
1177,0.2354,0.0,0.009399625313578892,5.704491524231736e-08,7.09908472386778e-08,2.2847419097867356e-10,7.076237304769911e-08,3.060203610590039e-08
1178,0.2356,0.0,0.009399668581991183,5.830170391070652e-08,7.189994277216527e-08,3.826523662853926e-10,7.151729040587987e-08,3.066433230960689e-08
1179,0.2358,0.0,0.00939966611770204,5.65231463242751e-08,7.064375040439093e-08,3.772736455654997e-10,7.026647675882542e-08,3.072578248424402e-08
1180,0.236,0.0,0.009399622301522853,5.635919726852094e-08,7.130751160938346e-08,4.1817744810747214e-10,7.088933416127597e-08,3.078751186976087e-08
1181,0.2362,0.0,0.009399677680583014,5.6830094570737944e-08,6.837295023133841e-08,3.0076904209379384e-10,6.80721811892446e-08,3.08486196709876e-08
1182,0.2364,0.0,0.009399589114909124,5.5375390175290944e-08,6.958651149404288e-08,1.9914183649194532e-10,6.938736965755092e-08,3.09097158819477e-08
1183,0.2366,0.0,0.010080070021011906,5.7349795051750297e-08,6.996789588489995e-08,4.835683474136973e-10,6.948432753748624e-08,3.097123699290091e-08
1184,0.2368,0.0,0.010080039535425599,5.6219072602437233e-08,7.123815588359082e-08,3.1370443382708666e-10,7.092445144976372e-08,3.1033161253447934e-08
1185,0.237,0.0,0.010080062845356175,5.599834461013226e-08,7.087552183191217e-08,3.439351123809054e-10,7.053158671953125e-08,3.109499032450769e-08
1186,0.2372,0.0,0.01008008759040485,5.6501760728056444e-08,7.209183142875155e-08,5.047302155926956e-10,7.158710121315885e-08,3.1157153033332915e-08
1187,0.2374,0.0,0.010080195607131472,5.874003864736644e-08,7.44166840224685e-08,2.8649471937951626e-10,7.413018930308897e-08,3.1220729811199094e-08
1188,0.2376,0.0,0.010080144864262203,5.847661154069825e-08,7.031876096634231e-08,3.0586832515295385e-10,7.001289264118934e-08,3.128277731924546e-08
1189,0.2378,0.0,0.009482067440310687,5.595162242476185e-08,7.054730517459548e-08,5.06914824186793e-10,7.004039035040867e-08,3.1344721973793864e-08
1190,0.238,0.0,0.01025519278976915,5.4906740527200804e-08,6.644919256117293e-08,2.1213755401911304e-10,6.62370550071538e-08,3.140509414919476e-08
1191,0.2382,0.0,0.009344033278730547,5.263476619849899e-08,6.614627556776558e-08,3.6447974611378155e-10,6.578179582165179e-08,3.146514913637272e-08
1192,0.2384,0.0,0.00934410652220368,5.348470736508287e-08,6.719677215540528e-08,4.635001256232479e-10,6.673327202978201e-08,3.152575802094889e-08
1193,0.2386,0.0,0.009344138019490094,5.4468035578399297e-08,6.930529191365709e-08,5.952088607264739e-10,6.87100830529306e-08,3.158722658167328e-08
1194,0.2388,0.0,0.009344123628777441,5.4959838904641734e-08,6.796450965078609e-08,3.4488754045477215e-10,6.761962211033131e-08,3.16481729350202e-08
1195,0.239,0.0,0.008862172948562223,5.233341686233263e-08,6.410976106011252e-08,3.2370543663952827e-10,6.378605562347297e-08,3.170774191378913e-08
1196,0.2392,0.0,0.008232448393382566,5.238737744154425e-08,6.453571737415979e-08,4.575457103204768e-10,6.40781716638393e-08,3.1767219636471895e-08
1197,0.2394,0.0,0.009164868878582819,5.369811328957001e-08,6.863753586547484e-08,3.4526608333905646e-10,6.829226978213577e-08,3.1828533876787143e-08
1198,0.2396,0.0,0.009164926632413153,5.480614327358229e-08,7.012154396044872e-08,4.998275847633723e-10,6.962171637568533e-08,3.189057843005516e-08
1199,0.2398,0.0,0.009164983374505649,5.539813648311504e-08,6.87225610759584e-08,3.5402053140624314e-10,6.836854054455214e-08,3.195244473846582e-08
1200,0.24,0.0,0.008307320874362634,5.486809715205712e-08,6.994731702728788e-08,1.8765866876318202e-10,6.975965835852468e-08,3.201456784380683e-08
1201,0.2402,0.0,0.00830741117649011,5.733831548891062e-08,7.336128395842646e-08,6.970592200263052e-10,7.266422473840014e-08,3.2078202295949516e-08
1202,0.2404,0.0,0.00959833995036074,5.71648737704798e-08,7.260475010711499e-08,5.109063107170347e-10,7.209384379639795e-08,3.2141737418180315e-08
1203,0.2406,0.1,0.009657872824298018,5.406586378093619e-08,6.995712129517133e-08,5.117112411366202e-10,6.94454100540347e-08,3.2204373510297115e-08
1204,0.2408,0.0,0.010909160275000197,5.601065861522049e-08,6.739831070483689e-08,3.2714171963091163e-10,6.707116898520596e-08,3.226594760480843e-08
1205,0.241,0.0,0.010909101146530145,5.426053151797789e-08,7.080315635643047e-08,5.285370987243554e-10,7.02746192577061e-08,3.232807463847896e-08
1206,0.2412,0.0,0.010909001667695043,5.215387297540299e-08,7.069880705295592e-08,4.991021873631548e-10,7.019970486559275e-08,3.239004748008782e-08
1207,0.2414,0.0,0.01090911866840958,5.5100032372421296e-08,7.188947308304178e-08,8.197565755042263e-10,7.106971650753754e-08,3.245297544833456e-08
1208,0.2416,0.0,0.014418920260256105,5.648473692000249e-08,7.466379181131101e-08,7.837218783397854e-10,7.388006993297121e-08,3.25171953676229e-08
1209,0.2418,0.0,0.014418881896654334,5.600368357325878e-08,7.395266431565101e-08,6.579500591135973e-10,7.32947142565374e-08,3.258112167816441e-08
1210,0.242,0.0,0.013190421205056129,5.53916789291324e-08,7.311220425841208e-08,7.280476812650115e-10,7.238415657714705e-08,3.264480961020599e-08
1211,0.2422,0.0,0.013190308855394624,5.420903690436704e-08,7.050478170580047e-08,6.90849362383323e-10,6.981393234341713e-08,3.27075456350288e-08
1212,0.2424,0.0,0.012039104032505176,5.2121089551652606e-08,6.853564749066574e-08,8.967369709894203e-10,6.76389105196763e-08,3.276930174771816e-08
1213,0.2426,0.0,0.012039003176846924,5.112812920452384e-08,6.649021786461422e-08,3.39363580708865e-10,6.615085428390533e-08,3.2830312050345346e-08
1214,0.2428,0.0,0.010770997073724049,5.3320565610504054e-08,6.63803136300577e-08,4.2034257191981123e-10,6.595997105813788e-08,3.2891475356026724e-08
1215,0.243,0.0,0.009603478676016299,5.2023061776133164e-08,7.025126859984984e-08,5.983454152417295e-10,6.96529231846081e-08,3.295380450853634e-08
1216,0.2432,0.0,0.009603504178915602,5.3161673152806055e-08,6.989952505934285e-08,4.875108487907025e-10,6.941201421055213e-08,3.3016383090633494e-08
1217,0.2434,0.0,0.00960351100866655,5.381493406926852e-08,6.8161526299498e-08,7.614682094341292e-10,6.740005809006386e-08,3.307845458955838e-08
1218,0.2436,0.0,0.009603424286317053,5.095293974556756e-08,6.53116433291734e-08,5.1283488697502e-10,6.479880844219837e-08,3.313939148994381e-08
1219,0.2438,0.0,0.009603282833404876,4.840957898493844e-08,6.356177385922132e-08,4.997499005949568e-10,6.306202395862635e-08,3.3199200430942354e-08
1220,0.244,0.0,0.009650497074073724,4.759479182670904e-08,6.308578211406032e-08,4.712262036228397e-10,6.261455591043748e-08,3.3258795526780786e-08
1221,0.2442,0.0,0.010752168713405995,4.8086417014050796e-08,6.31680603208394e-08,5.129713623381343e-10,6.265508895850125e-08,3.331860172450837e-08
1222,0.2444,0.0,0.010752157403886532,4.830353649196814e-08,6.355997526154764e-08,5.305466226294555e-10,6.302942863891818e-08,3.337858956236293e-08
1223,0.2446,0.0,0.010752097865645963,4.8029702408950966e-08,6.293329989502288e-08,6.223517600637158e-10,6.231094813495915e-08,3.34384295836979e-08
1224,0.2448,0.0,0.008138640211067898,4.8952122389128636e-08,6.027908875444456e-08,6.505849616321516e-10,5.96285037928124e-08,3.3497723898077e-08
1225,0.245,0.0,0.007591755793234181,5.034399690382274e-08,6.065279169652134e-08,3.045045342971247e-10,6.03482871622242e-08,3.355738842078787e-08
1226,0.2452,0.0,0.007811981309793328,5.2640847285218296e-08,6.598888070553039e-08,4.749229878076049e-10,6.551395771772277e-08,3.361919730873181e-08
1227,0.2454,0.0,0.007901401145127128,5.484920942770801e-08,7.02410386074003e-08,5.764200021769953e-10,6.966461860522329e-08,3.36829130257942e-08
1228,0.2456,0.0,0.007901382005322201,5.419819039841027e-08,6.9877608756873e-08,4.980260494240359e-10,6.937958270744895e-08,3.374626543157273e-08
1229,0.2458,0.0,0.008410103525679695,5.5893819742946385e-08,6.977174675353682e-08,5.917078863292414e-10,6.918003886720756e-08,3.38101055404188e-08
1230,0.246,0.0,0.008410053761365046,5.4738315440520556e-08,7.084410000344193e-08,5.997745793811436e-10,7.024432542406078e-08,3.38740856432058e-08
1231,0.2462,0.0,0.008410019445949712,5.60468051399079e-08,7.095861044453674e-08,5.565780758778779e-10,7.040203236865886e-08,3.393852809807705e-08
1232,0.2464,0.0,0.008011649996658186,5.7465048249835016e-08,7.189751772825476e-08,7.183248584967134e-10,7.117919286975803e-08,3.400358346185147e-08
1233,0.2466,0.0,0.00801156209028022,5.6603793546831896e-08,7.120404609493492e-08,3.7453811508642064e-10,7.082950797984849e-08,3.4068358228090084e-08
1234,0.2468,0.0,0.008011627626913948,5.816988306524037e-08,6.854245364569079e-08,4.557944945651771e-10,6.80866591511256e-08,3.413271725290132e-08
1235,0.247,0.0,0.008011724154214623,5.96302447860288e-08,6.897911920183835e-08,7.550211469652122e-10,6.822409805487312e-08,3.419768365568157e-08
1236,0.2472,0.0,0.008461048090271974,5.773227312281387e-08,7.109859547275324e-08,2.9314045284232144e-10,7.08054550199109e-08,3.426290121748718e-08
1237,0.2474,0.0,0.008461068668161608,5.8393248352390176e-08,7.11071953176429e-08,6.061197820509746e-10,7.050107553559191e-08,3.43283482600727e-08
1238,0.2476,0.0,0.008461040574167316,5.8151372443270316e-08,7.104895791607457e-08,7.763930767758314e-10,7.027256483929872e-08,3.439361676207875e-08
1239,0.2478,0.0,0.008943461403397373,5.743566774014058e-08,6.776126940879618e-08,3.1340177364912e-10,6.744786763514705e-08,3.445807534841653e-08
1240,0.248,0.0,0.008356449888759086,5.444312062298263e-08,6.93613260334249e-08,7.16647330431978e-10,6.86446787029929e-08,3.4522207458845437e-08
1241,0.2482,0.0,0.008356409522506368,5.3904618076829755e-08,6.850648943966932e-08,5.155482362377873e-10,6.799094120343152e-08,3.458605481109516e-08
1242,0.2484,0.0,0.00835646710870359,5.513060894760755e-08,6.89175851255959e-08,4.966022675415535e-10,6.842098285805433e-08,3.4650320704496955e-08
1243,0.2486,0.0,0.008356532871326766,5.63143426098638e-08,6.962819029792526e-08,5.54490973265851e-10,6.90736993246594e-08,3.471499127451181e-08
1244,0.2488,0.0,0.00835631372789372,5.2719926538808915e-08,6.667719032767846e-08,5.022304951762516e-10,6.61749598325022e-08,3.477822050800442e-08
1245,0.249,0.0,0.00835624761702076,5.098373524625606e-08,6.540714458697278e-08,6.325585750350596e-10,6.47745860119377e-08,3.48407360336225e-08
1246,0.2492,0.0,0.008356351769233751,5.2138824887689336e-08,6.700448227713993e-08,6.319349453738386e-10,6.637254733176607e-08,3.490400434846555e-08
1247,0.2494,0.0,0.00874876809700765,5.1201892961819076e-08,6.708934042768427e-08,7.887548213576914e-10,6.630058560632657e-08,3.4967107532487893e-08
1248,0.2496,0.0,0.008845392167494743,5.318183277236226e-08,6.555087936432335e-08,5.356843974697869e-10,6.501519496685355e-08,3.5030329292883696e-08
1249,0.2498,0.0,0.008156577899474157,5.2045615956827794e-08,6.897975600773069e-08,3.925428291618272e-10,6.858721317856885e-08,3.5094279389994704e-08
1250,0.25,0.0,0.008156605868066942,5.355632935622082e-08,6.705416505710769e-08,2.85160812567089e-10,6.676900424454059e-08,3.515817899191713e-08
1251,0.2502,0.0,0.008156615019926917,5.324437838180225e-08,7.023188599501397e-08,5.222302574217528e-10,6.97096557375922e-08,3.522283339202831e-08
1252,0.2504,0.0,0.008156612346845367,5.2707054336471696e-08,6.713474788943635e-08,3.1676058247097755e-10,6.681798730696536e-08,3.528665160937705e-08
1253,0.2506,0.0,0.008273041885190355,5.061794260998893e-08,6.479305646883705e-08,8.571029539216618e-10,6.393595351491536e-08,3.534914368079234e-08
1254,0.2508,0.0,0.009164569198306672,5.015458645244665e-08,6.700225057276022e-08,7.370488953810333e-10,6.626520167737918e-08,3.54123859594346e-08
1255,0.251,0.0,0.009164666730674136,5.110981411560106e-08,6.621556531545863e-08,5.02747515662362e-10,6.571281779979625e-08,3.547556486182504e-08
1256,0.2512,0.0,0.00916464504496849,5.169269555547692e-08,6.487944284063659e-08,2.678775524938682e-10,6.461156528814271e-08,3.553864249186026e-08
1257,0.2514,0.0,0.008104538446044012,5.130791760001922e-08,6.728213476705775e-08,5.509665793619692e-10,6.673116818769577e-08,3.5602423381856676e-08
1258,0.2516,0.0,0.009597823097435882,5.145660756896888e-08,6.393916338277978e-08,7.256671913413801e-10,6.321349619143839e-08,3.566539732068093e-08
1259,0.2518,0.0,0.010740001716329765,4.8732724315718913e-08,6.276796919305461e-08,3.572295114693098e-10,6.241073968158529e-08,3.572737213251142e-08
1260,0.252,0.0,0.010908556118848762,5.05259563554775e-08,6.593143632176355e-08,3.552832484597641e-10,6.557615307330377e-08,3.579075735474243e-08
1261,0.2522,0.0,0.010908567461101172,4.998557320564579e-08,6.410378354924493e-08,3.6256983101905367e-10,6.374121371822587e-08,3.5853617980005736e-08
1262,0.2524,0.0,0.01090858019391803,5.1074221584672174e-08,6.528407851013769e-08,5.870811963390757e-10,6.469699731379859e-08,3.5916740698151667e-08
1263,0.2526,0.0,0.01090857909760479,5.009757306956196e-08,6.790110747313346e-08,5.221920554003113e-10,6.737891541773314e-08,3.598073346713424e-08
1264,0.2528,0.0,0.010908584266018978,5.0781903426874876e-08,6.788212496987541e-08,5.471465586977506e-10,6.733497841117764e-08,3.6044957833985714e-08
1265,0.253,0.0,0.0144181786122018,5.187333414085103e-08,6.679945031952214e-08,4.739201043106195e-10,6.632553021521151e-08,3.6108956502394645e-08
1266,0.2532,0.0,0.01441796676679245,4.7985964610461104e-08,6.40439590230833e-08,6.712390680784431e-10,6.337271995500484e-08,3.617159769636008e-08
1267,0.2534,0.0,0.013189727360227948,4.899651057819726e-08,6.586882265756145e-08,1.3431834376030942e-09,6.452563921995834e-08,3.623499824704709e-08
1268,0.2536,0.0,0.01318969478992294,4.943226954747358e-08,6.543441436861836e-08,5.949709813317666e-10,6.483944338728658e-08,3.629848384723359e-08
1269,0.2538,0.0,0.012038648174830505,4.987305712122618e-08,6.595782752368681e-08,7.661146607914673e-10,6.519171286289533e-08,3.636226999291062e-08
1270,0.254,0.0,0.012038513131148022,4.7767526009614865e-08,6.211959143827548e-08,4.304891824695088e-10,6.168910225580597e-08,3.642456849520438e-08
1271,0.2542,0.0,0.01077031172316034,4.560413584114351e-08,5.877031072459078e-08,4.207523482617404e-10,5.834955837632903e-08,3.6485308808588826e-08
1272,0.2544,0.0,0.009602877614895755,4.4751106371955847e-08,5.884884534924735e-08,4.89134625234132e-10,5.835971072401321e-08,3.65459113874812e-08
1273,0.2546,0.0,0.009602884896369592,4.527284784504471e-08,5.963160181731744e-08,2.983204339799681e-10,5.933328138333746e-08,3.660691657103209e-08
1274,0.2548,0.0,0.009602811806335248,4.405420135079029e-08,5.861553396103014e-08,5.112286241931881e-10,5.810430533683695e-08,3.6667543661994766e-08
1275,0.255,0.0,0.009602931369694492,4.485415824707812e-08,5.58952384159939e-08,5.837584668660529e-10,5.531147994912784e-08,3.672746641220068e-08
1276,0.2552,0.0,0.00960296221475545,4.580738322582106e-08,5.8547127724420765e-08,7.603094576038008e-10,5.7786818266816955e-08,3.6788042767566737e-08
1277,0.2554,0.0,0.010751811677672262,4.4329743925585414e-08,6.008503134063941e-08,5.590385757101697e-10,5.952599276492923e-08,3.684908600100878e-08
1278,0.2556,0.0,0.010751907365650334,4.6755712636470065e-08,6.367933659457005e-08,8.029309192998936e-10,6.287640567527015e-08,3.691166667248003e-08
1279,0.2558,0.0,0.010751897228676666,4.636541136912164e-08,6.336352136769288e-08,5.550097492586606e-10,6.28085116184342e-08,3.697441665471798e-08
1280,0.256,0.0,0.010751930518672449,4.664723773174441e-08,6.26148743903935e-08,7.009447620739916e-10,6.19139296283195e-08,3.7036943062927766e-08
1281,0.2562,0.0,0.012553067117679317,4.860382410983518e-08,6.388076798619979e-08,4.042383625423862e-10,6.34765296236574e-08,3.710035576442802e-08
1282,0.2564,0.0,0.012553024360523137,4.871174939269766e-08,6.581630520506194e-08,7.771639521943898e-10,6.503914125286754e-08,3.716452473413075e-08
1283,0.2566,0.0,0.01255294503700371,4.823460298483239e-08,6.301451475995506e-08,4.355988067431131e-10,6.257891595321193e-08,3.722791514081972e-08
1284,0.2568,0.0,0.01135947328450242,4.9357817487746945e-08,6.488958700200522e-08,6.020481396277e-10,6.428753886237751e-08,3.7291811819004677e-08
1285,0.257,0.0,0.011359304535055336,4.698246128252879e-08,6.234745556047758e-08,3.96244946418713e-10,6.195121061405886e-08,3.7354615922792506e-08
1286,0.2572,0.0,0.011359243983134324,4.55069144646996e-08,6.317376008741703e-08,5.06363588361662e-10,6.266739649905536e-08,3.741750280946443e-08
1287,0.2574,0.0,0.011359232785754965,4.6110357160990826e-08,6.23752562009915e-08,5.572391892359733e-10,6.181801701175551e-08,3.748032470779048e-08
1288,0.2576,0.0,0.011359289820898143,4.786022990947436e-08,6.482719973633016e-08,3.1529480025511753e-10,6.451190493607502e-08,3.7544281410609725e-08
1289,0.2578,0.0,0.011359343068894152,4.875966774453834e-08,6.498269903394535e-08,8.822575237247988e-10,6.410044151022054e-08,3.7608559490395215e-08
1290,0.258,0.0,0.010125284036810102,4.607902174139683e-08,6.210400958883623e-08,5.3886348446846e-10,6.156514610436776e-08,3.767154010160623e-08
1291,0.2582,0.0,0.010125296438640137,4.630481021043581e-08,6.225828607023591e-08,5.681156119513393e-10,6.169017045828456e-08,3.7734662991230524e-08
1292,0.2584,0.0,0.012453845923347945,4.598028510554311e-08,5.980455704808273e-08,7.172299344045857e-10,5.908732711367813e-08,3.779692235984974e-08
1293,0.2586,0.0,0.012453949129108067,4.7334807067351575e-08,6.196386435720248e-08,8.416639079671248e-10,6.112220044923534e-08,3.786032112823452e-08
1294,0.2588,0.0,0.013539918508622172,4.775169893711329e-08,6.211557575903613e-08,6.306508231721194e-10,6.148492493586399e-08,3.7923919033116765e-08
1295,0.259,0.0,0.013639989286464056,4.6962255433947194e-08,6.061816364534819e-08,3.9581044362898253e-10,6.02223532017192e-08,3.7987058257763633e-08
1296,0.2592,0.0,0.013640037022191664,4.8474099834582803e-08,6.299527037958248e-08,5.029843866103134e-10,6.249228599297215e-08,3.805125905273431e-08
1297,0.2594,0.0,0.012613213241053746,4.84988655807728e-08,6.015191269283869e-08,3.37320113711301e-10,5.981459257912738e-08,3.811467926576553e-08
1298,0.2596,0.0,0.010130677290555924,4.653557570083532e-08,6.084672749638999e-08,4.350364817255434e-10,6.041169101466443e-08,3.8177877473588366e-08
1299,0.2598,0.0,0.01013057353813652,4.559093557783045e-08,6.015860054733667e-08,6.518462826101639e-10,5.950675426472649e-08,3.8240745983425666e-08
1300,0.26,0.0,0.01013042698229112,4.401657975648172e-08,5.942323989955959e-08,7.895349037110426e-10,5.8633704995848535e-08,3.8302991793550793e-08
1301,0.2602,0.0,0.009082917371015683,4.4937836414006645e-08,5.878050059282545e-08,1.023004184853332e-09,5.7757496407972114e-08,3.83654380500234e-08
1302,0.2604,0.0,0.00788115811141337,4.7498697036790783e-08,6.112579935018794e-08,7.444624129647575e-10,6.038133693722318e-08,3.842904470426286e-08
1303,0.2606,0.0,0.0077264867332643575,5.005294213196239e-08,6.475324115840542e-08,6.796604338557748e-10,6.407358072454963e-08,3.8494480187261595e-08
1304,0.2608,0.0,0.008748386205932239,4.9511798302324285e-08,6.211581352379117e-08,5.510364802588486e-10,6.15647770435323e-08,3.855915659423598e-08
1305,0.261,0.0,0.007600521817243963,4.814360082802707e-08,6.119450782042706e-08,5.95525782716692e-10,6.059898203771036e-08,3.862328752989198e-08
1306,0.2612,0.0,0.007600519804241623,4.793888546716209e-08,6.10641647761529e-08,4.865854800816134e-10,6.057757929607127e-08,3.8687377475542394e-08
1307,0.2614,0.0,0.0076006023650161715,5.015923295219744e-08,6.236062673687724e-08,5.27087757053248e-10,6.183353897982398e-08,3.8752453343498724e-08
1308,0.2616,0.0,0.007600616002269848,5.067876268654982e-08,6.469374864822123e-08,5.410544478119419e-10,6.415269420040927e-08,3.88183308154695e-08
1309,0.2618,0.0,0.007600557763990024,4.872620114775804e-08,6.135780407135639e-08,4.616088548165203e-10,6.089619521653985e-08,3.888289283619477e-08
1310,0.262,0.0,0.00774849681618478,5.015673470956479e-08,6.195873528543765e-08,3.914068760780437e-10,6.156732840935959e-08,3.894804337414027e-08
1311,0.2622,0.0,0.008829497888861237,4.886615447553032e-08,6.075931918367094e-08,4.3352829088705824e-10,6.032579089278387e-08,3.901257298097354e-08
1312,0.2624,0.0,0.008829559332242365,5.001931479415315e-08,6.103451947300806e-08,2.9941817613541657e-10,6.073510129687262e-08,3.9077267899825456e-08
1313,0.2626,0.0,0.007766801416382852,4.965659393005772e-08,6.407447605642886e-08,5.23012810047695e-10,6.355146324638115e-08,3.914296822722955e-08
1314,0.2628,0.0,0.007748490855493646,4.921417411721356e-08,6.378148346610477e-08,6.017280709234942e-10,6.317975539518126e-08,3.920857249546917e-08
1315,0.263,0.0,0.007925073301223842,4.898403674855039e-08,6.327952073803764e-08,1.023127505393515e-09,6.22563932326441e-08,3.927396467731827e-08
1316,0.2632,0.0,0.008879396615682891,4.98797318097283e-08,6.415445617635118e-08,1.2128878757669719e-09,6.294156830058419e-08,3.9339980688817966e-08
1317,0.2634,0.0,0.008879509305813766,5.053235136372826e-08,6.543482418644247e-08,5.668102803888157e-10,6.486801390605365e-08,3.94065177001734e-08
1318,0.2636,0.0,0.008879573437700914,5.2140425019461954e-08,6.833886878059e-08,4.466851303398284e-10,6.789218365025016e-08,3.947431815215809e-08
1319,0.2638,0.0,0.009991095102402632,5.11364121577582e-08,6.867675555649445e-08,6.591458910550808e-10,6.801760966543936e-08,3.954202931097799e-08
1320,0.264,0.0,0.009991197245658888,5.295698391093914e-08,7.005221447877774e-08,9.657144442404441e-10,6.908650003453728e-08,3.961019137587158e-08
1321,0.2642,0.0,0.009960407440270672,5.2200025441878694e-08,6.870714592146368e-08,4.10369412414992e-10,6.829677650904867e-08,3.9678049616671225e-08
1322,0.2644,0.03,0.010152095651912081,4.815463753659768e-08,6.330220236902517e-08,9.649272513616063e-10,6.233727511766356e-08,3.974401255721612e-08
1323,0.2646,0.0,0.01015205777479801,4.7861245868268344e-08,6.292683623483739e-08,7.633065820139232e-10,6.216352965282346e-08,3.980937412013585e-08
1324,0.2648,0.0,0.010357768796324284,4.856534867052725e-08,6.153753730843729e-08,9.189926961634493e-10,6.061854461227383e-08,3.987474531436838e-08
1325,0.265,0.0,0.010357869524342578,5.1073496439413405e-08,6.541259238494931e-08,8.137711783056917e-10,6.459882120664361e-08,3.994182065789796e-08
1326,0.2652,0.0,0.010357697076433622,4.932512158879456e-08,6.527939078048033e-08,6.778175370444192e-10,6.46015732434359e-08,4.0008607097076985e-08
1327,0.2654,0.0,0.011517156369612425,4.826496726168766e-08,6.153901707440749e-08,8.013260948484005e-10,6.073769097955907e-08,4.007416161219818e-08
1328,0.2656,0.0,0.011517274724513527,5.01839296098692e-08,6.208487797130607e-08,9.068732157135425e-10,6.11780047555925e-08,4.01404709588042e-08
1329,0.2658,0.0,0.012390071889793172,4.6583168390686974e-08,5.988871397462674e-08,4.920979971358851e-10,5.939661597749084e-08,4.0205300341289875e-08
1330,0.266,0.0,0.011284901568513962,4.454501344639287e-08,5.7523247434087975e-08,4.5821165230222544e-10,5.7065035781785744e-08,4.0268974582345607e-08
1331,0.2662,0.0,0.01128491109141372,4.402717309486435e-08,5.550601856502053e-08,5.031795081547371e-10,5.5002839056865786e-08,4.033212073687419e-08
1332,0.2664,0.03,0.011284917470610646,4.293353954381462e-08,5.540183356996829e-08,5.100436937446952e-10,5.489178987622359e-08,4.039523869510034e-08
1333,0.2666,0.0,0.00823578678744659,4.2622150902816014e-08,5.652546968164407e-08,6.633426963647714e-10,5.5862126985279294e-08,4.045828883682724e-08
1334,0.2668,0.0,0.008054540804942762,4.6958110309061575e-08,5.929378676894032e-08,8.713684558080745e-10,5.842241831313224e-08,4.0522783644207585e-08
1335,0.267,0.0,0.009256484574611196,4.870867531185825e-08,6.06757303492933e-08,5.370469715937993e-10,6.013868337769949e-08,4.058851514085375e-08
1336,0.2672,0.0,0.009256426397480944,4.772585706477345e-08,6.332540248015587e-08,8.058688270497508e-10,6.251953365310611e-08,4.06549143886867e-08
1337,0.2674,0.0,0.010409066394350512,4.975942356818194e-08,6.269792398916613e-08,4.872111500570635e-10,6.221071283910905e-08,4.072172482434516e-08
1338,0.2676,0.0,0.012552448698794525,4.919822866500086e-08,6.340994477976621e-08,8.364953597103233e-10,6.257344942005588e-08,4.0788723025425795e-08
1339,0.2678,0.0,0.01255249173758727,5.0909497668627075e-08,6.625741642304695e-08,8.260948806082636e-10,6.543132154243867e-08,4.085696843326755e-08
1340,0.268,0.03,0.012552573354206198,5.0891070626961775e-08,6.566911885403223e-08,1.050408398517818e-09,6.46187104555144e-08,4.092536337599148e-08
1341,0.2682,0.0,0.01135905612282049,5.148855432677339e-08,6.826264961397552e-08,2.835356121286314e-10,6.797911400184687e-08,4.099439625207127e-08
1342,0.2684,0.0,0.011359069683943622,5.1996789437430037e-08,6.945531011230616e-08,1.2937095148416647e-09,6.816160059746449e-08,4.106393469897734e-08
1343,0.2686,0.0,0.011359133916513156,5.329477855915235e-08,7.100103498154905e-08,7.507805694363862e-10,7.025025441211265e-08,4.1134276449282413e-08
1344,0.2688,0.0,0.011359218548712814,5.475778689909118e-08,7.077792573553539e-08,7.965067955015372e-10,6.998141894003383e-08,4.120477870421871e-08
1345,0.269,0.0,0.011359185729429802,5.422596624844978e-08,6.975620975195237e-08,9.430362248528006e-10,6.881317352709955e-08,4.1274777964704044e-08
1346,0.2692,0.0,0.010125286157586956,5.321131856441779e-08,6.85457155074374e-08,1.019072424683446e-09,6.752664308275394e-08,4.134464153214826e-08
1347,0.2694,0.0,0.010125294701391561,5.291550655750994e-08,6.984095073821511e-08,7.348182724495591e-10,6.910613246576554e-08,4.141469202296045e-08
1348,0.2696,0.0,0.010125310672640213,5.342215359679834e-08,6.96231849584291e-08,3.772096004577859e-10,6.92459753579713e-08,4.148501861933241e-08
1349,0.2698,0.0,0.012453812735129135,5.4162996507615376e-08,7.085166777505022e-08,7.400104838949032e-10,7.01116572911553e-08,4.155594151294503e-08
1350,0.27,0.0,0.012453873150171537,5.471743705470014e-08,6.971331625060256e-08,7.227223721482817e-10,6.899059387845427e-08,4.1626479824034225e-08
1351,0.2702,0.0,0.013539825104701572,5.6079819824166395e-08,7.395146206796068e-08,8.688657206785077e-10,7.308259634728216e-08,4.16986155570157e-08
1352,0.2704,0.0,0.013640019643280545,5.700887821930592e-08,7.717905807185321e-08,6.323368229717897e-10,7.654672124888141e-08,4.1772129488322855e-08
1353,0.2706,0.0,0.013640062318631668,5.801898823071863e-08,7.830058143039198e-08,1.1716664279252254e-09,7.712891500246674e-08,4.1846265363515146e-08
1354,0.2708,0.0,0.012613343896032986,5.896984113777753e-08,7.790645001413191e-08,8.486720623928461e-10,7.705777795173906e-08,4.1920119821532315e-08
1355,0.271,0.0,0.010130996244000446,5.9389086548270415e-08,7.706808095502762e-08,6.04380242973476e-10,7.646370071205413e-08,4.1994397643512373e-08
1356,0.2712,0.0,0.010130947290725795,5.792729678849056e-08,7.684511868720246e-08,7.443571383060564e-10,7.610076154889639e-08,4.2068305107983384e-08
1357,0.2714,0.0,0.010130915081688641,5.731258826300525e-08,7.758338516308003e-08,6.634913186607329e-10,7.691989384441928e-08,4.214224633320062e-08
1358,0.2716,0.0,0.009083464021403488,5.7476985352635715e-08,7.819953076365003e-08,4.808453324635601e-10,7.771868543118645e-08,4.221644951191808e-08
1359,0.2718,0.0,0.007978450143032566,5.737257297134382e-08,7.7633501137092e-08,6.435614996272985e-10,7.69899396374647e-08,4.229060246816862e-08
1360,0.272,0.0,0.007978453463789835,5.677114975799038e-08,7.683197561488674e-08,8.370473430025043e-10,7.599492827188423e-08,4.236445834996234e-08
1361,0.2722,0.0,0.007978429400549953,5.6740332035754806e-08,7.892743971452091e-08,8.721840604639448e-10,7.805525565405696e-08,4.243891884618761e-08
1362,0.2724,0.0,0.007978494571454173,5.7368123181507233e-08,7.666150980813033e-08,1.0114609913258469e-09,7.565004881680447e-08,4.251280649736955e-08
1363,0.2726,0.0,0.00692987324662113,5.676771610135651e-08,7.508194263269708e-08,7.711824154630293e-10,7.431076021723404e-08,4.2586197190391766e-08
1364,0.2728,0.0,0.00790917378175181,5.944273776671842e-08,7.761838140975787e-08,6.65872418434986e-10,7.695250899132287e-08,4.266113548156332e-08
1365,0.273,0.0,0.007909119901564832,5.823372313981816e-08,7.795080798205922e-08,4.357352752762698e-10,7.751507270678294e-08,4.273598617011699e-08
1366,0.2732,0.0,0.007909300171005036,6.023288009059447e-08,7.816326184179242e-08,3.959288378491773e-10,7.776733300394323e-08,4.2811475271695103e-08
1367,0.2734,0.0,0.007909342321437831,6.065778372029659e-08,8.03926300304324e-08,9.91989957670238e-10,7.940064007276216e-08,4.288772925901592e-08
1368,0.2736,0.0,0.007909294970271522,5.9581422495133994e-08,7.950423043344904e-08,8.170144200295002e-10,7.868721601341953e-08,4.29635524740742e-08
1369,0.2738,0.0,0.007909196657134658,5.8314945633646166e-08,7.877022608712584e-08,8.273810133449552e-10,7.794284507378088e-08,4.303892865794875e-08
1370,0.274,0.0,0.00790918566152832,5.7403238998063545e-08,7.500596177441883e-08,5.954854916635323e-10,7.441047628275529e-08,4.311298299834199e-08
1371,0.2742,0.0,0.007988632022185596,5.826434462636383e-08,7.644236604500362e-08,5.877059115268144e-10,7.58546601334768e-08,4.3187660573959696e-08
1372,0.2744,0.0,0.007998745096840565,5.948644301642561e-08,7.762302815116449e-08,9.73494651351433e-10,7.664953349981305e-08,4.3263208110593335e-08
1373,0.2746,0.0,0.007998689798222672,5.883811584968871e-08,7.775207153019385e-08,8.079852957051574e-10,7.694408623448868e-08,4.333860013295296e-08
1374,0.2748,0.03,0.00844616540695838,6.016404570473227e-08,7.70342218639337e-08,8.573636684123743e-10,7.617685819552131e-08,4.3414592285578784e-08
1375,0.275,0.0,0.007879877734238497,5.888856859966105e-08,7.798056852174831e-08,1.1052186682120316e-09,7.687534985353627e-08,4.349029822834902e-08
1376,0.2752,0.0,0.008152195747484462,5.8702183688563294e-08,7.901432019772081e-08,1.251142569777485e-09,7.776317762794332e-08,4.356632204114683e-08
1377,0.2754,0.0,0.008152303726581059,5.96901378623219e-08,8.057550782249795e-08,1.071366802694304e-09,7.950414101980363e-08,4.3643011661022635e-08
1378,0.2756,0.0,0.008284649411767275,6.04000009250763e-08,8.076581276023871e-08,6.769506367381124e-10,8.008886212350059e-08,4.3720073450445633e-08
1379,0.2758,0.0,0.008284563491060604,6.069267838325718e-08,7.738920087366368e-08,5.888411982058367e-10,7.680035967545783e-08,4.379640340471493e-08
1380,0.276,0.0,0.008450713507919492,6.0769303389463e-08,7.620995534611532e-08,1.019071897488199e-09,7.519088344862711e-08,4.387248668227152e-08
1381,0.2762,0.0,0.008450665043611446,5.93736048177779e-08,7.657362245656054e-08,7.438338490838983e-10,7.582978860747662e-08,4.394819089987926e-08
1382,0.2764,0.0,0.008450788796635031,6.02139447317286e-08,7.8287449999113e-08,9.456176634569344e-10,7.734183233565604e-08,4.4024818823176556e-08
1383,0.2766,0.0,0.008450765831583974,5.987889957083355e-08,7.957855673527374e-08,8.057045838143532e-10,7.877285215145938e-08,4.410163313424624e-08
1384,0.2768,0.0,0.008883991713483102,6.060690269181408e-08,7.680488761984491e-08,1.0666048752266888e-09,7.573828274461821e-08,4.417761120268046e-08
1385,0.277,0.0,0.009810930283657532,5.97330704914432e-08,7.947559971546707e-08,6.952905296440588e-10,7.878030918582299e-08,4.425466585681404e-08
1386,0.2772,0.0,0.009810939789009402,6.010451827632647e-08,7.9611739513924e-08,7.262517636033653e-10,7.888548775032062e-08,4.433191435036616e-08
1387,0.2774,0.0,0.009811023394402802,6.209023655966124e-08,8.044107340278361e-08,1.0556687895944781e-09,7.938540461318911e-08,4.440995638807022e-08
1388,0.2776,0.03,0.009811119636460025,6.251469061433033e-08,7.563288593248802e-08,6.397031410114263e-10,7.499318279147657e-08,4.4486948018818964e-08
1389,0.2778,0.0,0.009432519898348053,5.939447299043428e-08,7.60927911290514e-08,8.252478510205459e-10,7.526754327803084e-08,4.456324697385673e-08
1390,0.278,0.0,0.009432679583211132,6.088968153515604e-08,7.928010928183411e-08,1.0293480313107482e-09,7.825076125052335e-08,4.46407083864806e-08
1391,0.2782,0.0,0.009868072578962526,6.257208963806898e-08,7.970948429472478e-08,1.0712341930434978e-09,7.863825010168128e-08,4.4718986337370186e-08
1392,0.2784,0.0,0.009868117353056368,6.256378454398525e-08,8.078235986262338e-08,7.017537998397041e-10,8.008060606278366e-08,4.4797612756526806e-08
1393,0.2786,0.0,0.009868153672845043,6.366897725709748e-08,8.272129536360483e-08,6.434449679838398e-10,8.207785039562098e-08,4.487703447036862e-08
1394,0.2788,0.0,0.009868024155790276,6.20633826631558e-08,8.141782840477017e-08,1.3109752181412192e-09,8.010685318662894e-08,4.49558001637807e-08
1395,0.279,0.01,0.009868172432139726,6.350400875685037e-08,8.09250724875467e-08,7.468281831798949e-10,8.017824430436679e-08,4.503501460700109e-08
1396,0.2792,0.0,0.009314218423868236,6.11093811504835e-08,8.180711761822173e-08,1.3871761465756127e-09,8.04199414716461e-08,4.5113679281954315e-08
1397,0.2794,0.0,0.009314194831281392,5.991568700743639e-08,7.925242212249299e-08,8.647239002746606e-10,7.838769822221832e-08,4.519136083188848e-08
1398,0.2796,0.0,0.010531290576805657,6.015670324231841e-08,7.90578456396952e-08,8.589565837966462e-10,7.819888905589854e-08,4.526935035007163e-08
1399,0.2798,0.0,0.010579317084094398,6.116746801123365e-08,7.937820237339359e-08,1.0621228106544212e-09,7.831607956273916e-08,4.5347453263492744e-08
1400,0.28,0.0,0.009448589265477925,6.004705079025505e-08,8.060202871573816e-08,7.550135204409975e-10,7.984701519529715e-08,4.542544363922905e-08
1401,0.2802,0.0,0.0094485063304975,5.850761137519774e-08,7.926695062048981e-08,9.280166563532565e-10,7.833893396413654e-08,4.550302572176323e-08
1402,0.2804,0.0,0.009448404437827868,5.6124146546957596e-08,7.905490694706817e-08,9.83700295062305e-10,7.807120665200585e-08,4.5580240250240974e-08
1403,0.2806,0.0,0.00983429316485122,5.845813794802964e-08,7.829551947796991e-08,9.026121716975264e-10,7.739290730627237e-08,4.5657520771569204e-08
1404,0.2808,0.0,0.010490433235775835,6.0162843586031e-08,7.946665564937517e-08,1.229419924981864e-09,7.82372357243933e-08,4.573601263255165e-08
1405,0.281,0.0,0.01049048114586829,6.047401161005005e-08,8.323332848112784e-08,7.671435401994769e-10,8.246618494092835e-08,4.581566834159366e-08
1406,0.2812,0.0,0.010490483036598414,5.982844162937704e-08,8.405679862795987e-08,7.721991357300542e-10,8.328459949222981e-08,4.5895242602856774e-08
1407,0.2814,0.0,0.010490454701307092,5.864387635415347e-08,8.008600250730734e-08,8.865400721061129e-10,7.919946243520122e-08,4.5973749172842315e-08
1408,0.2816,0.0,0.0103694298893955,5.5760651941982724e-08,8.029103598082923e-08,9.108304994763569e-10,7.938020548135287e-08,4.605161351246546e-08
1409,0.2818,0.0,0.01036951997763996,5.652424724978886e-08,8.24256491936124e-08,1.033600477291854e-09,8.139204871632054e-08,4.613023510659776e-08
1410,0.282,0.0,0.01036959324557414,5.7109109678337955e-08,8.359822622688107e-08,7.97823661552106e-10,8.280040256532896e-08,4.620935966206418e-08
1411,0.2822,0.0,0.010369610148108424,5.781753237269902e-08,8.186634597848066e-08,1.1638466214189447e-09,8.070249935706171e-08,4.628822541382264e-08
1412,0.2824,0.0,0.010369528621250904,5.7171273434989846e-08,8.161128419283989e-08,9.867640113347824e-10,8.06245201815051e-08,4.63670272518733e-08
1413,0.2826,0.0,0.009842479389646145,5.846776732289392e-08,8.125262953128498e-08,5.610509313416916e-10,8.069157859994327e-08,4.644621683075686e-08
1414,0.2828,0.0,0.009842501020689674,5.9032115559438695e-08,8.430506887416448e-08,9.57081354737768e-10,8.33479875194267e-08,4.6526395087968156e-08
1415,0.283,0.0,0.010427164276786208,6.337657634339123e-08,8.751319160887191e-08,7.700212456503062e-10,8.674317036322159e-08,4.6608077217199945e-08
1416,0.2832,0.0,0.010427154305222598,6.265173505884124e-08,8.932995726898496e-08,4.917151776604849e-10,8.883824209132445e-08,4.669066436030075e-08
1417,0.2834,0.0,0.010427330916362335,6.430815708874499e-08,9.061055163106076e-08,1.3064418284390721e-09,8.930410980262167e-08,4.6774081532491784e-08
1418,0.2836,0.0,0.00980382306005096,6.49196244590953e-08,9.281961149928641e-08,1.5489642083702012e-09,9.12706472909162e-08,4.685832991020801e-08
1419,0.2838,0.0,0.010306620975721686,6.483557521083283e-08,9.191106926407934e-08,5.186629343707042e-10,9.139240632970861e-08,4.694240174494938e-08
1420,0.284,0.0,0.011380794088567887,6.65566941002991e-08,9.294014813424728e-08,6.827970462158469e-10,9.225735108803141e-08,4.702699725606967e-08
1421,0.2842,0.0,0.010172479101115217,6.411428898813363e-08,8.821510454932395e-08,1.3515762652296998e-09,8.686352828409424e-08,4.710975987188736e-08
1422,0.2844,0.0,0.00874135647120818,6.44159129971528e-08,8.748802931825739e-08,7.990185062776636e-10,8.668901081197972e-08,4.719255285529431e-08
1423,0.2846,0.0,0.008166971210651576,6.182827868485157e-08,8.610967605783926e-08,8.602234306513885e-10,8.524945262718786e-08,4.727461880389504e-08
1424,0.2848,0.03,0.00816705030853992,6.110767555737143e-08,7.984425737192796e-08,9.097140461052784e-10,7.893454332582267e-08,4.7355055551841195e-08
1425,0.285,0.0,0.007164032294012406,6.147734165120976e-08,8.461618418603033e-08,7.295220915396166e-10,8.38866620944907e-08,4.743658354410276e-08
1426,0.2852,0.0,0.007163965477254597,6.093186496721818e-08,8.393992406948419e-08,9.713270250393821e-10,8.29685970444448e-08,4.751754203542538e-08
1427,0.2854,0.0,0.0079884714038977,5.888738399198457e-08,8.152335342684341e-08,6.636841825365336e-10,8.085966924430687e-08,4.7597915775622594e-08
1428,0.2856,0.0,0.007988575120542057,6.028237965665366e-08,8.212427023508066e-08,6.61641404487357e-10,8.146262883059329e-08,4.7678826098002464e-08
1429,0.2858,0.0,0.007988596249433006,6.05255861346431e-08,8.596154667589825e-08,7.820724863873913e-10,8.517947418951085e-08,4.776074155189475e-08
1430,0.286,0.0,0.007718263916393862,6.210855408273521e-08,8.772239175353088e-08,8.690177216440109e-10,8.685337403188686e-08,4.7843814618921126e-08
1431,0.2862,0.0,0.00816781779027782,6.271268512930823e-08,8.580080534192704e-08,5.935114692453313e-10,8.52072938726817e-08,4.792660545635588e-08
1432,0.2864,0.0,0.008167686066052678,5.989383481165364e-08,8.629362591884152e-08,8.354852663167609e-10,8.545814065252475e-08,4.800883149736254e-08
1433,0.2866,0.0,0.008167838150822261,6.20568444078194e-08,8.36310131671346e-08,6.77881574287432e-10,8.295313159284716e-08,4.8091057897259816e-08
1434,0.2868,0.0,0.008152056015219055,6.044719529329584e-08,8.61682877494139e-08,9.26048895929573e-10,8.524223885348431e-08,4.817355024613274e-08
1435,0.287,0.0,0.0071885928905526374,6.112302377888913e-08,8.51121458317252e-08,6.307456273270614e-10,8.448140020439813e-08,4.8255827193781656e-08
1436,0.2872,0.0,0.007188584893892736,6.099609041007132e-08,8.573544137026775e-08,1.0791718445994119e-09,8.465626952566833e-08,4.833854138228311e-08
1437,0.2874,0.0,0.007188640289273343,6.179331481773457e-08,8.903253920890503e-08,1.5933821745558456e-09,8.743915703434916e-08,4.842239613299233e-08
1438,0.2876,0.0,0.007188646751015632,6.25257437459988e-08,8.782836276134037e-08,1.194746102280366e-09,8.663361665906e-08,4.8506195303357535e-08
1439,0.2878,0.0,0.007188750711378603,6.423289436663657e-08,9.036465498172562e-08,1.0122163500363797e-09,8.935243863168923e-08,4.8591184200405045e-08
1440,0.288,0.0,0.007188719168899377,6.425160020393995e-08,8.959498335600507e-08,1.048375942888498e-09,8.854660741311656e-08,4.8675978402684563e-08
1441,0.2882,0.0,0.007733679338660119,6.396026330414747e-08,8.724362061208415e-08,6.841417434751977e-10,8.655947886860894e-08,4.875977972427022e-08
1442,0.2884,0.0,0.007733781583546416,6.446429480065936e-08,8.920821614922803e-08,9.751369130000353e-10,8.823307923622799e-08,4.8844733833260135e-08
1443,0.2886,0.0,0.007225194773413531,6.416425569148104e-08,9.209825071622e-08,1.078781701039933e-09,9.101946901518006e-08,4.8930441770473544e-08
1444,0.2888,0.03,0.0072252887668868004,6.431447475166796e-08,8.770544201880142e-08,6.941965388747635e-10,8.701124547992664e-08,4.9015441746226865e-08
1445,0.289,0.0,0.006869051257087838,6.526922911562005e-08,8.946322993549737e-08,9.4020148293942e-10,8.852302845255794e-08,4.910077526147474e-08
1446,0.2892,0.0,0.007392531969482332,6.600536098277457e-08,9.352187523629656e-08,1.1434675234342662e-09,9.237840771286228e-08,4.918754559791536e-08
1447,0.2894,0.0,0.007976265722923974,6.540142530727745e-08,9.34144116320877e-08,1.121717340717537e-09,9.229269429137014e-08,4.927396188880812e-08
1448,0.2896,0.0,0.007976278022601518,6.524454201077494e-08,9.087650867262433e-08,1.2434211036753663e-09,8.963308756894895e-08,4.935966705160097e-08
1449,0.2898,0.0,0.007976151877755416,6.378713019856953e-08,9.022899668135754e-08,9.94629325629854e-10,8.923436735572767e-08,4.944515137410944e-08
1450,0.29,0.0,0.007976208614532479,6.454797580546792e-08,8.822221532133674e-08,1.0380829886866178e-09,8.718413233265011e-08,4.9530429216803815e-08
1451,0.2902,0.0,0.006933470444304736,6.23204612652934e-08,8.722445259701166e-08,1.0992268152366538e-09,8.6125225781775e-08,4.961482162611236e-08
1452,0.2904,0.0,0.006933476546631802,6.259373426277473e-08,8.559681876231872e-08,8.725420367726594e-10,8.472427672554605e-08,4.969915434103087e-08
1453,0.2906,0.0,0.00693356258018834,6.378187569173082e-08,8.909319840292183e-08,8.336309683726747e-10,8.825956743454913e-08,4.978478262342096e-08
1454,0.2908,0.01,0.008141795827909038,6.499422413711706e-08,8.821844770857968e-08,9.433514828532876e-10,8.727509622572638e-08,4.987068024059169e-08
1455,0.291,0.0,0.011756739090658786,6.490557301873311e-08,9.053935250097595e-08,5.869811734609609e-10,8.995237132751497e-08,4.995713495102264e-08
1456,0.2912,0.0,0.010579269567523145,6.543755727126674e-08,8.904834056038965e-08,1.0072425741217324e-09,8.80410979862679e-08,5.0042968945488844e-08
1457,0.2914,0.0,0.009312819838019746,6.385256096860022e-08,9.03052614277909e-08,4.057758080958007e-10,8.989948561969509e-08,5.012924816039968e-08
1458,0.2916,0.0,0.009312978678371752,6.64981201030505e-08,9.292103425547402e-08,1.185426083245657e-09,9.173560817222835e-08,5.0216621649275166e-08
1459,0.2918,0.0,0.009312864627453486,6.476941724450966e-08,9.050729523716793e-08,8.964891333932671e-10,8.961080610377466e-08,5.030337115546871e-08
1460,0.292,0.0,0.010433668746685056,6.46268354661712e-08,8.911642778415354e-08,1.1068411782947427e-09,8.800958660585878e-08,5.0389592988716696e-08
1461,0.2922,0.0,0.01043363090393067,6.34915156282795e-08,8.71465897021267e-08,1.0987470842533168e-09,8.604784261787337e-08,5.047530069357035e-08
1462,0.2924,0.0,0.01043371964172259,6.564910784688059e-08,9.165885028581696e-08,2.094917980749805e-09,8.956393230506715e-08,5.056270971531591e-08
1463,0.2926,0.0,0.010369637941107509,6.292284956671668e-08,8.853352377896519e-08,1.1283150746421139e-09,8.740520870432306e-08,5.064879222626929e-08
1464,0.2928,0.0,0.010369624179260638,6.290038435896693e-08,8.80347554885028e-08,1.300023822594549e-09,8.673473166590824e-08,5.073464032153522e-08
1465,0.293,0.0,0.010369662133125453,6.24135074600547e-08,8.926551883650843e-08,1.5295149323075089e-09,8.77360039042009e-08,5.082093780107867e-08
1466,0.2932,0.0,0.010369653336457264,6.274726589482303e-08,8.798803159821241e-08,1.399238176439861e-09,8.658879342177254e-08,5.0907029099692224e-08
1467,0.2934,0.0,0.010369730007105987,6.468143865202537e-08,8.700273116040535e-08,7.204888202059947e-10,8.628224234019934e-08,5.0993163040941875e-08
1468,0.2936,0.0,0.01036977509604002,6.590077263596023e-08,8.829969726126149e-08,9.032413942157118e-10,8.739645586704576e-08,5.108021112905169e-08
1469,0.2938,0.0,0.010369656520092991,6.512817724099921e-08,8.840075231448512e-08,8.621007799066705e-10,8.753865153457843e-08,5.116724473081626e-08
1470,0.294,0.0,0.008100572436010763,6.384885709355893e-08,8.656015091091322e-08,8.264025385718126e-10,8.57337483723414e-08,5.125350569815959e-08
1471,0.2942,0.0,0.00742659527388236,6.518721843910496e-08,8.89008702792899e-08,1.5004144687120352e-09,8.740045581057785e-08,5.1340841121652515e-08
1472,0.2944,0.0,0.008285377295103638,6.339128696476511e-08,8.310504053022586e-08,6.418561296461801e-10,8.246318440057966e-08,5.142579649231419e-08
1473,0.2946,0.0,0.008285250968658757,6.173547395979936e-08,8.518223878872484e-08,6.775521923777978e-10,8.450468659634704e-08,5.151134878080953e-08
1474,0.2948,0.0,0.01061059144942719,6.489825150319183e-08,8.735090224053359e-08,1.4333625874780647e-09,8.59175396530555e-08,5.1598414290276976e-08
1475,0.295,0.0,0.009356345453733204,6.559375615462523e-08,8.990159556673531e-08,9.743666327157788e-10,8.892722893401952e-08,5.168634699473438e-08
1476,0.2952,0.0,0.0103061341618324,6.258218471396856e-08,8.541463113861711e-08,1.0125217643548186e-09,8.440210937426228e-08,5.1772424360903684e-08
1477,0.2954,0.0,0.011380199194011615,6.317636450992739e-08,8.451838606598727e-08,1.4327534340488103e-09,8.308563263193844e-08,5.185849699164588e-08
1478,0.2956,0.0,0.01017224729877292,6.4506925802635e-08,8.688285213463487e-08,1.1251876758934762e-09,8.575766445874138e-08,5.1945434936809545e-08
1479,0.2958,0.0,0.01032956783162619,6.598310955894407e-08,8.61525278981893e-08,1.794687373707641e-09,8.435784052448164e-08,5.203276575680122e-08
1480,0.296,0.0,0.010282894166245497,6.229089358758956e-08,8.490993345682152e-08,1.1211762908965021e-09,8.378875716592501e-08,5.2119050111722965e-08
1481,0.2962,0.0,0.00909725407889018,6.443963000060688e-08,8.755970514718805e-08,1.386973850672033e-09,8.617273129651601e-08,5.220665374453845e-08
1482,0.2964,0.0,0.007924628051063722,6.219060963518331e-08,8.38705773829443e-08,8.511220917320078e-10,8.301945529121228e-08,5.2292692144244124e-08
1483,0.2966,0.0,0.007924857867560097,6.620869727516431e-08,8.489622220305152e-08,1.1471816096097965e-09,8.374904059344172e-08,5.237951854202001e-08
1484,0.2968,0.0,0.008978545513693537,6.463718682805749e-08,8.486222379352488e-08,1.5612604582493217e-09,8.330096333527554e-08,5.246662385593561e-08
1485,0.297,0.0,0.010144080696868394,6.50870633474547e-08,8.610680602207911e-08,1.0924969089039056e-09,8.501430911317519e-08,5.255437631108742e-08
1486,0.2972,0.0,0.010144320250532721,6.807777728846328e-08,9.120767591974536e-08,1.6082364892423932e-09,8.959943943050295e-08,5.264416704314862e-08
1487,0.2974,0.0,0.010144458307780418,7.106579922517191e-08,9.152943413788693e-08,1.3140555851345606e-09,9.021537855275235e-08,5.273479302387382e-08
1488,0.2976,0.0,0.010144402224200285,7.02005622609638e-08,9.415679112847462e-08,9.228391851142659e-10,9.323395194336033e-08,5.2826050169732964e-08
1489,0.2978,0.0,0.008987919318966453,6.974722281968242e-08,9.384511104718563e-08,9.685435157274568e-10,9.287656753145817e-08,5.291729744931611e-08
1490,0.298,0.01,0.009086988618861418,6.907598300912828e-08,9.150180096902893e-08,1.4584118154473995e-09,9.004338915358152e-08,5.300798370577617e-08
1491,0.2982,0.0,0.009086878420067213,6.899453978287343e-08,9.217592917132514e-08,6.807696244206962e-10,9.149515954690443e-08,5.309870054340418e-08
1492,0.2984,0.0,0.009086678637893638,6.701480331242863e-08,8.961435368889774e-08,1.0515482976452673e-09,8.856280539125246e-08,5.318837339781289e-08
1493,0.2986,0.0,0.00908673421085379,6.792377346678843e-08,8.838532095322031e-08,1.2060331945558364e-09,8.717928775866446e-08,5.3278025271212605e-08
1494,0.2988,0.0,0.007903468211099931,6.919548279964323e-08,8.976483435275253e-08,2.225189187389233e-09,8.753964516536328e-08,5.336817428349966e-08
1495,0.299,0.0,0.008191636626461989,6.87211407708128e-08,8.900148603325653e-08,7.497761872305674e-10,8.825170984602595e-08,5.345829338213596e-08
1496,0.2992,0.0,0.008890879010536746,6.866813701744308e-08,9.039571117997356e-08,1.095160831948734e-09,8.930055034802482e-08,5.3548921048057714e-08
1497,0.2994,0.0,0.008191730861831633,7.268886958448083e-08,9.43125582392212e-08,1.1967257218818791e-09,9.311583251733932e-08,5.364121427840116e-08
1498,0.2996,0.0,0.009334606479163296,7.016284275300248e-08,9.659185601890386e-08,1.5763064679725124e-09,9.501554955093134e-08,5.37339904988273e-08
1499,0.2998,0.0,0.009334636255264775,7.131908034886757e-08,9.214183905987279e-08,8.284628651032041e-10,9.131337619476958e-08,5.382567829293712e-08
1500,0.3,0.0,0.009334464091772954,6.857708151864989e-08,9.326439539028288e-08,1.283157492343355e-09,9.198123789793952e-08,5.391743097762896e-08
1501,0.3002,0.0,0.010525477545905463,6.801366642860503e-08,9.16352131497563e-08,1.0680912369966283e-09,9.056712191275967e-08,5.400862944423741e-08
1502,0.3004,0.0,0.009303197229026805,6.685836676813592e-08,9.051485889942093e-08,1.1717815473322837e-09,8.934307735208863e-08,5.409938918121334e-08
1503,0.3006,0.0,0.009303183375618983,6.609433057211591e-08,8.907525746581001e-08,1.0778296828952188e-09,8.799742778291478e-08,5.4189456139122954e-08
1504,0.3008,0.0,0.010294912826113816,6.7081372110563e-08,8.994506756707477e-08,1.6852090741678707e-09,8.82598584929069e-08,5.4280147446792394e-08
1505,0.301,0.0,0.009072623691948061,6.632733681467447e-08,8.575308386438866e-08,1.0130564425096166e-09,8.474002742187903e-08,5.4369670459936234e-08
1506,0.3012,0.0,0.00907279253156972,6.893017537375299e-08,8.611038401152556e-08,1.3353230187987891e-09,8.477506099272677e-08,5.445937204416831e-08
1507,0.3014,0.0,0.0077256102610379915,6.593042896410857e-08,8.97253847395365e-08,1.4557728764004053e-09,8.826961186313609e-08,5.455007996738656e-08
1508,0.3016,0.0,0.00772587908164195,6.919830456179866e-08,9.33766927185515e-08,1.343363075362343e-09,9.203332964318915e-08,5.464265744989835e-08
1509,0.3018,0.0,0.007789315430436683,7.039284425043087e-08,9.356554819254216e-08,1.3055756149698054e-09,9.225997257757235e-08,5.473533270295238e-08
1510,0.302,0.0,0.007789371749899564,7.251338917518247e-08,9.484297090465802e-08,1.7291625256849862e-09,9.311380837897302e-08,5.4829337080501746e-08
1511,0.3022,0.0,0.007789304836061649,7.207900046528263e-08,9.416349975015306e-08,1.6094605881278542e-09,9.255403916202519e-08,5.4922868647524315e-08
1512,0.3024,0.0,0.0073661955730533486,7.366239207130771e-08,9.421736050712248e-08,1.0802353906517171e-09,9.313712511647075e-08,5.5016806675946195e-08
1513,0.3026,0.0,0.006816718912253501,6.895972511415696e-08,9.296544012294875e-08,1.0455317579107963e-09,9.191990836503793e-08,5.510961347043864e-08
1514,0.3028,0.0,0.006805461354101305,6.869696019105857e-08,9.174223595768526e-08,9.284651257513518e-10,9.081377083193389e-08,5.5202115759238234e-08
1515,0.303,0.0,0.00668900777738074,6.808972144929501e-08,9.085343622250762e-08,1.1879232506945711e-09,8.966551297181303e-08,5.529421544392237e-08
1516,0.3032,0.0,0.00792052141611879,6.774645330824793e-08,9.179760807904388e-08,9.574943910805612e-10,9.084011368796331e-08,5.538654383824989e-08
1517,0.3034,0.0,0.009248973583310612,6.724672402161034e-08,9.146434528112899e-08,1.374540424520843e-09,9.008980485660814e-08,5.5478910333246625e-08
1518,0.3036,0.0,0.009248906210539264,6.633744045859607e-08,9.046617071689047e-08,1.0443409416606052e-09,8.942182977522985e-08,5.557074363807659e-08
1519,0.3038,0.0,0.00797546422106157,6.750300986129665e-08,9.075856562005793e-08,1.3236078436745592e-09,8.943495777638335e-08,5.5662902091673855e-08
1520,0.304,0.0,0.007975519485739433,6.935025146874408e-08,8.938139384552909e-08,1.7364765557173232e-09,8.764491728981175e-08,5.5755499318985106e-08
1521,0.3042,0.0,0.007975546784074344,7.004963137271463e-08,8.815415111920684e-08,1.6032441699594999e-09,8.655090694924732e-08,5.5847404734488606e-08
1522,0.3044,0.0,0.0069120569344326135,7.01889389675234e-08,9.04533302504243e-08,1.0450319870180964e-09,8.940829826340619e-08,5.594055087401603e-08
1523,0.3046,0.0,0.0069119353433408585,6.72115396060787e-08,9.055978188906463e-08,1.2573395305440753e-09,8.930244235852054e-08,5.603314213890903e-08
1524,0.3048,0.0,0.006911996811652743,6.811510773987772e-08,9.110381842119282e-08,1.0145583943133403e-09,9.008926002687946e-08,5.612620536852265e-08
1525,0.305,0.0,0.0069120340646135064,6.84301651835654e-08,9.225024678178105e-08,1.169082476806186e-09,9.108116430497485e-08,5.6219573236059654e-08
1526,0.3052,0.0,0.00691212545421321,6.877922043641599e-08,9.127788438654082e-08,6.786629949828978e-10,9.05992213915579e-08,5.6312990250856e-08
1527,0.3054,0.0,0.006912142954651962,6.85163820202694e-08,9.413994875768105e-08,1.1560415708688679e-09,9.298390718681216e-08,5.640718921951656e-08
1528,0.3056,0.0,0.006912264639175112,7.015550845355094e-08,9.581586447998988e-08,1.3631211448787173e-09,9.445274333511115e-08,5.650203734385949e-08
1529,0.3058,0.0,0.006911921240515353,6.517985169493547e-08,9.222862225797467e-08,1.353490539572513e-09,9.087513171840215e-08,5.6595057720890465e-08
1530,0.306,0.0,0.006912088975955457,6.783727175385841e-08,9.160924553276202e-08,1.3391905526953262e-09,9.027005498006668e-08,5.668854617147223e-08
1531,0.3062,0.0,0.006912147406295284,6.83508868051291e-08,9.257292806226655e-08,8.118260679337821e-10,9.176110199433275e-08,5.678265081972154e-08
1532,0.3064,0.0,0.007578134551008543,7.2912371297546e-08,9.583031305139424e-08,1.0145479820166232e-09,9.481576506937761e-08,5.687831554854325e-08
1533,0.3066,0.0,0.0069823317955668394,7.133335922982873e-08,9.796970180796143e-08,1.2257059256154648e-09,9.674399588234595e-08,5.697476015223993e-08
1534,0.3068,0.0,0.007498375123386493,7.231842271496461e-08,9.528953973460248e-08,1.6925391969717244e-09,9.359700053763074e-08,5.707085440311311e-08
1535,0.307,0.0,0.007563038765355263,7.364758612069574e-08,1.0339986574965627e-07,1.6557627334882139e-09,1.0174410301616804e-07,5.7169292588443775e-08
1536,0.3072,0.0,0.0069825050860667605,7.062013959949582e-08,1.0130783209535506e-07,1.6249202737077707e-09,9.968291182164728e-08,5.7266651011938066e-08
1537,0.3074,0.0,0.0070796452134006165,7.152600106403603e-08,1.0014768790225398e-07,1.6982080725567013e-09,9.844947982969727e-08,5.736372625922493e-08
1538,0.3076,0.0,0.007079483310121561,7.007738329550827e-08,9.727651472123916e-08,1.4872853762671453e-09,9.5789229344972e-08,5.745981159590855e-08
1539,0.3078,0.0,0.00820948395796407,7.104349183463152e-08,9.633275634522258e-08,9.160562306513879e-10,9.541670011457118e-08,5.755593034158011e-08
1540,0.308,0.0,0.008097719649320064,6.94036339599693e-08,9.321216423734209e-08,1.6635775449621582e-09,9.154858669237991e-08,5.765104142630418e-08
1541,0.3082,0.0,0.007462624774637005,6.672247852729066e-08,9.361254775037007e-08,1.6104942780757642e-09,9.20020534722943e-08,5.7745757871087206e-08
1542,0.3084,0.0,0.007945027862193782,6.671728871112233e-08,9.35385477992384e-08,1.0226074541202421e-09,9.251594034511815e-08,5.7840666606773734e-08
1543,0.3086,0.0,0.007944968867621909,6.613824273471983e-08,9.255695810743593e-08,1.1177451762770741e-09,9.143921293115885e-08,5.793496744990769e-08
1544,0.3088,0.0,0.008985949219957282,6.764901755436495e-08,9.485612950947032e-08,1.3844635224570105e-09,9.34716659870133e-08,5.803061920807424e-08
1545,0.309,0.0,0.00898589420654081,6.657980108878537e-08,9.31846732263787e-08,8.717453791007335e-10,9.231292784727795e-08,5.8125423909234056e-08
1546,0.3092,0.0,0.008986013951822532,6.805093651415469e-08,9.205256693621876e-08,1.7371142556762562e-09,9.031545268054249e-08,5.82205183495187e-08
1547,0.3094,0.03,0.009086725242859693,6.869739085960553e-08,9.455622198913949e-08,1.394138061918192e-09,9.316208392722129e-08,5.8316988623883475e-08
1548,0.3096,0.0,0.009086613807423857,6.890453868117124e-08,9.806739115437135e-08,1.1958068531571375e-09,9.68715843012142e-08,5.841417915240611e-08
1549,0.3098,0.0,0.009086649058286485,7.007342131261655e-08,9.763082109855847e-08,1.6148571159090024e-09,9.601596398264946e-08,5.851122181542597e-08
1550,0.31,0.0,0.00908650789789197,6.827382907278985e-08,9.615603852561081e-08,1.5421325348464792e-09,9.461390599076432e-08,5.8607881240607e-08
1551,0.3102,0.0,0.009176707824194432,6.746256091199638e-08,9.405981151598395e-08,1.4931224111142961e-09,9.256668910486963e-08,5.870376526832482e-08
1552,0.3104,0.0,0.009068880918468194,6.680567803490491e-08,9.187158688470508e-08,1.5115268373147147e-09,9.036006004739036e-08,5.879914773004081e-08
1553,0.3106,0.0,0.009068749848556372,6.658761332334113e-08,9.19312115266156e-08,1.1182278114884424e-09,9.081298371512715e-08,5.8894256059656345e-08
1554,0.3108,0.0,0.009068877310120583,6.944432950463131e-08,9.218056235510875e-08,1.4997577983847193e-09,9.068080455672402e-08,5.899017457405279e-08
1555,0.311,0.0,0.00933412905536865,6.8380340355183e-08,9.251513123895656e-08,1.3603387950350786e-09,9.115479244392147e-08,5.908618609192034e-08
1556,0.3112,0.0,0.009334302609177876,7.013387929089209e-08,9.588898717336832e-08,8.06958205256896e-10,9.508202896811141e-08,5.9183789444169835e-08
1557,0.3114,0.0,0.00933420001520094,6.9654608651716e-08,9.52477179116454e-08,9.012356862848441e-10,9.434648222536055e-08,5.9280907040241285e-08
1558,0.3116,0.0,0.010525092646112766,6.941127685783437e-08,9.32254541891525e-08,1.0966142092512321e-09,9.212883997990125e-08,5.9377443788586657e-08
1559,0.3118,0.0,0.00930291476754277,6.799109405815712e-08,9.245252535535283e-08,1.453798882862491e-09,9.099872647249032e-08,5.947377849275388e-08
1560,0.312,0.0,0.010273329091782035,7.038704002590169e-08,9.439273825122242e-08,1.62196662561728e-09,9.277077162560512e-08,5.957129079702091e-08
1561,0.3122,0.0,0.01029478481140742,6.914856087839385e-08,9.400649610322124e-08,1.4447076046703026e-09,9.256178849855092e-08,5.96684689674631e-08
1562,0.3124,0.0,0.009072756052464983,7.051837107230279e-08,9.479425307529276e-08,1.381040072637829e-09,9.341321300265491e-08,5.976607316523749e-08
1563,0.3126,0.0,0.007947139779297776,6.905996932579838e-08,9.209167904611455e-08,1.0883786682763574e-09,9.100330037783818e-08,5.986280155149585e-08
1564,0.3128,0.0,0.007946998908658012,6.834928283904217e-08,9.291384345952236e-08,1.5359204793646571e-09,9.137792298015768e-08,5.995990168848064e-08
1565,0.313,0.0,0.007947050125207961,6.970156927643537e-08,9.66448305833855e-08,1.4968601252269725e-09,9.51479704581585e-08,6.005841437847597e-08
1566,0.3132,0.0,0.007947282575859183,7.271087816153178e-08,9.791319052699498e-08,1.2401615533854892e-09,9.667302897360948e-08,6.015809701951549e-08
1567,0.3134,0.0,0.007947280902417598,7.161368659205378e-08,9.83207761241405e-08,1.4992780751648474e-09,9.682149804897564e-08,6.025757378671278e-08
1568,0.3136,0.0,0.009919028089491256,7.233815753407452e-08,1.0084757748375271e-07,8.669616231817445e-10,9.998061586057095e-08,6.035813382920223e-08
1569,0.3138,0.0,0.009096570080114474,7.116320253361074e-08,9.874090804548168e-08,1.2266241719891779e-09,9.751428387349249e-08,6.045795202018159e-08
1570,0.314,0.0,0.009096584767444127,7.210510592970085e-08,9.700423276339982e-08,1.0588898060478156e-09,9.594534295735199e-08,6.055733854706687e-08
1571,0.3142,0.0,0.008065568251432545,6.954087535676183e-08,9.652387402573463e-08,1.3462587411196475e-09,9.517761528461497e-08,6.065623237152013e-08
1572,0.3144,0.0,0.008065665540841664,7.00303033817975e-08,9.566720127720839e-08,1.6361046405780596e-09,9.403109663663031e-08,6.075521563492567e-08
1573,0.3146,0.03,0.009249165878802753,7.056444723289375e-08,1.0121665316802966e-07,1.1865329704641396e-09,1.000301201975655e-07,6.085622076211436e-08
1574,0.3148,0.0,0.009249144207051708,7.214571790552479e-08,1.0393668294440157e-07,1.8991737907318144e-09,1.0203750915366973e-07,6.095752155953491e-08
1575,0.315,0.0,0.009249087302605022,7.10604493460932e-08,1.0196502648702306e-07,1.4184386236215944e-09,1.0054658786340145e-07,6.105854973539832e-08
1576,0.3152,0.0,0.00797574782680686,7.065742001528817e-08,1.0123823498857383e-07,1.6901642708740568e-09,9.954807071769977e-08,6.115943046360532e-08
1577,0.3154,0.0,0.007975767438777571,7.126569620094857e-08,1.0132946849695689e-07,1.348869220526803e-09,9.998059927643008e-08,6.126048588560761e-08
1578,0.3156,0.0,0.007975819121035375,7.215053438026258e-08,1.0262164974673079e-07,1.7793088269740787e-09,1.008423409197567e-07,6.136199368704868e-08
1579,0.3158,0.0,0.008076718937384498,7.0829090126498e-08,1.0199599743083087e-07,1.5005206680273415e-09,1.0049547676280351e-07,6.146345338733037e-08
1580,0.316,0.0,0.008869168070649967,7.190260608669624e-08,1.0128091495660906e-07,1.6461028443511898e-09,9.963481211225786e-08,6.156513090968701e-08
1581,0.3162,0.0,0.00992869573992632,7.243156775015174e-08,1.0271984596655651e-07,1.6239942946007268e-09,1.0109585167195577e-07,6.166737122343268e-08
1582,0.3164,0.0,0.010933346547329734,7.267793806410701e-08,9.652631796966438e-08,1.7447881440526315e-09,9.478152982561173e-08,6.176792456534277e-08
1583,0.3166,0.0,0.010933152550389257,7.153434704685228e-08,9.629346379173828e-08,1.7805467492206499e-09,9.451291704251761e-08,6.186851278456117e-08
1584,0.3168,0.0,0.009747821485363534,7.12709557743016e-08,9.66009421667843e-08,1.453286347316221e-09,9.514765581946807e-08,6.19687179293375e-08
1585,0.317,0.0,0.008643770002885694,6.783411615112448e-08,9.369342795011845e-08,1.1021813292262157e-09,9.259124662089221e-08,6.206763342571855e-08
1586,0.3172,0.0,0.00966475823244936,6.871838972511427e-08,9.723286829124007e-08,1.574474027066771e-09,9.565839426417328e-08,6.216797917274784e-08
1587,0.3174,0.0,0.010860146613290616,7.138115898576354e-08,9.789891243972182e-08,1.4460906866824779e-09,9.645282175303933e-08,6.226926593374017e-08
1588,0.3176,0.0,0.01226648203722667,7.48799833716342e-08,1.013871318448861e-07,1.7361217903633806e-09,9.96510100545227e-08,6.237252459852693e-08
1589,0.3178,0.0,0.012266396047501666,7.400210121487144e-08,1.0198449795377317e-07,1.7962925387262165e-09,1.0018820541504694e-07,6.247580424624501e-08
1590,0.318,0.0,0.012266508800517566,7.530937958958857e-08,9.890543401337043e-08,1.209435391278117e-09,9.769599862209229e-08,6.257864025411698e-08
1591,0.3182,0.0,0.012333280549405265,7.378530051461574e-08,9.87435724172214e-08,1.24902566786597e-09,9.749454674935542e-08,6.268106726732963e-08
1592,0.3184,0.0,0.011348241658856076,7.277539637146034e-08,1.000556164003946e-07,1.5993390054021167e-09,9.845627739499247e-08,6.278373479422488e-08
1593,0.3186,0.03,0.012467180483065058,7.234548859285046e-08,1.0106596194849541e-07,1.128399126631668e-09,9.993756282186374e-08,6.288709002619642e-08
1594,0.3188,0.0,0.012467090899753286,7.324207838006984e-08,1.0124732553493197e-07,2.0943586847399882e-09,9.915296685019197e-08,6.299013909894624e-08
1595,0.319,0.0,0.012467269309505816,7.375582635406855e-08,1.0292854799129976e-07,1.7265162874525564e-09,1.0120203170384719e-07,6.309379986956903e-08
1596,0.3192,0.01,0.01256573004293348,7.559342520324212e-08,1.0475060955183149e-07,2.633748588679698e-09,1.0211686096315178e-07,6.319892255997575e-08
1597,0.3194,0.0,0.011393750171447404,7.566137224317718e-08,1.0504225226352691e-07,1.1374743966463781e-09,1.0390477786688052e-07,6.330392355088723e-08
1598,0.3196,0.0,0.011393730020650847,7.65427431945413e-08,1.0985854281991984e-07,1.5577635593555433e-09,1.0830077926056429e-07,6.341059534159287e-08
1599,0.3198,0.0,0.011393720633558693,7.669590278299087e-08,1.0851350068467035e-07,1.5495160605438324e-09,1.0696398462412651e-07,6.351721247079812e-08
1600,0.32,0.0,0.01139370557128015,7.673331377215018e-08,1.1073528646587564e-07,1.5025880998050948e-09,1.0923269836607053e-07,6.362451453855637e-08
1601,0.3202,0.0,0.010150607635686332,7.622402448686864e-08,1.0847596212433108e-07,2.732184359136452e-09,1.057437777651946e-07,6.373107923685472e-08
1602,0.3204,0.0,0.01015043841923437,7.435432562233107e-08,1.0571488351859281e-07,2.14355119620872e-09,1.0357133232238408e-07,6.383650319400645e-08
1603,0.3206,0.0,0.01015047393205558,7.535892659899511e-08,1.0606404747820698e-07,2.1010169130633703e-09,1.039630305651436e-07,6.394250415755737e-08
1604,0.3208,0.0,0.009030259508987015,7.619368281778803e-08,1.0543383810744983e-07,1.7568871085111749e-09,1.0367695099893864e-07,6.404847349777969e-08
1605,0.321,0.0,0.009030255178376263,7.648701564986049e-08,1.0384826040759842e-07,1.2348320253131429e-09,1.0261342838228526e-07,6.415421700507892e-08
1606,0.3212,0.0,0.007970629717913473,7.426313034029606e-08,1.0104819516133583e-07,8.81200472620053e-10,1.0016699468871577e-07,6.425878336900927e-08
1607,0.3214,0.0,0.009068722386480642,7.135523743762743e-08,1.001034164253833e-07,1.4300727388305484e-09,9.867334368655273e-08,6.436254688156685e-08
1608,0.3216,0.0,0.009068817249434888,7.233934878672948e-08,9.995828613100926e-08,1.478301178843505e-09,9.847998495216574e-08,6.446664547496708e-08
1609,0.3218,0.0,0.009068735979001135,7.122850149157041e-08,9.818569808520247e-08,1.8966148458420493e-09,9.62890832393604e-08,6.456975490584392e-08
1610,0.322,0.0,0.009068635820037549,7.030653585967129e-08,9.508036787090829e-08,1.916390466447098e-09,9.316397740446118e-08,6.4672174576806e-08
1611,0.3222,0.03,0.009068638894226745,6.825932320851465e-08,9.359833769689822e-08,1.7606026619500359e-09,9.183773503494817e-08,6.477422835133512e-08
1612,0.3224,0.0,0.009068556546377013,7.191090640631689e-08,9.348126888197688e-08,1.4499157489579441e-09,9.203135313301892e-08,6.48764128076127e-08
1613,0.3226,0.0,0.009068428916590172,6.991583167186808e-08,9.637759808694079e-08,1.7053506704343484e-09,9.467224741650643e-08,6.497930502166402e-08
1614,0.3228,0.0,0.009068429493827279,7.013579169109593e-08,9.163310815533415e-08,8.905565981725837e-10,9.074255155716155e-08,6.508077294233104e-08
1615,0.323,0.0,0.007983584228248177,6.743414558234704e-08,9.187324147004269e-08,1.3824679486004127e-09,9.049077352144227e-08,6.518207343831276e-08
1616,0.3232,0.0,0.009168749993725822,6.79684794176345e-08,9.056801691409296e-08,2.106312718174386e-09,8.846170419591856e-08,6.528306478614859e-08
1617,0.3234,0.0,0.010272770968444554,7.098138039865193e-08,9.202270100281525e-08,7.691456431261988e-10,9.125355535968904e-08,6.538494313712487e-08
1618,0.3236,0.0,0.009128777706603648,7.008077931133303e-08,9.466239143902213e-08,1.7992092825836833e-09,9.286318215643844e-08,6.548785420806373e-08
1619,0.3238,0.0,0.007817951856924134,6.870798161186177e-08,9.120541835675448e-08,1.692051939193581e-09,8.951336641756089e-08,6.558974169600702e-08
1620,0.324,0.0,0.007724418641921354,6.911327209697802e-08,9.10025293825339e-08,1.0137483879682699e-09,8.998878099456562e-08,6.569132705656103e-08
1621,0.3242,0.03,0.006662063772882669,7.040068819707742e-08,9.189761553071739e-08,1.377508517517225e-09,9.052010701320015e-08,6.579389134576506e-08
1622,0.3244,0.01,0.006486055603879324,7.338807053876291e-08,9.341425814689087e-08,1.9658384427118847e-09,9.144841970417897e-08,6.589753428400545e-08
1623,0.3246,0.0,0.006486009661541283,7.288933460219113e-08,9.681162150111463e-08,1.8529678304564814e-09,9.495865367065813e-08,6.600230117930514e-08
1624,0.3248,0.0,0.006984186048590962,7.223197072095553e-08,9.598205749908727e-08,9.569024329694938e-10,9.502515506611776e-08,6.610657790489611e-08
1625,0.325,0.0,0.00698421825068834,7.263117699031148e-08,9.696123508571458e-08,1.5408406319810967e-09,9.542039445373348e-08,6.621153792740323e-08
1626,0.3252,0.0,0.006984419885602724,7.438316651412697e-08,9.998607074090852e-08,1.7183147173153543e-09,9.826775602359314e-08,6.631770919152786e-08
1627,0.3254,0.0,0.006984450402793818,7.460857193755725e-08,1.0237210008998284e-07,1.2709410787492376e-09,1.011011590112336e-07,6.642478368370417e-08
1628,0.3256,0.0,0.00938407122842681,7.328025717271494e-08,1.0453741618255222e-07,1.3342889000314552e-09,1.0320312728252074e-07,6.653211196851283e-08
1629,0.3258,0.0,0.009384081296179294,7.267179887876783e-08,1.0438094445517292e-07,1.2192116238333842e-09,1.0316173283133952e-07,6.663940807315193e-08
1630,0.326,0.0,0.009384093821004675,7.208927823103011e-08,1.0481125210896691e-07,1.668260547973493e-09,1.0314299156099341e-07,6.674666693317583e-08
1631,0.3262,0.0,0.009384284227632668,7.239733240338312e-08,1.0567504022457358e-07,1.8586740944769695e-09,1.038163661300966e-07,6.685433442413029e-08
1632,0.3264,0.03,0.008267374743353447,7.238237216834681e-08,1.0525629280596744e-07,2.2423545277237685e-09,1.0301393827824366e-07,6.696248853197987e-08
1633,0.3266,0.0,0.008267366535594298,7.378629026261497e-08,1.0611637102855073e-07,2.388806352785387e-09,1.0372756467576533e-07,6.707062036987894e-08
1634,0.3268,0.0,0.009328553227456592,7.290425437256109e-08,1.0700538830468888e-07,1.9883065474800384e-09,1.0501708175720883e-07,6.71791745184239e-08
1635,0.327,0.0,0.010397103292127816,7.463843007514278e-08,1.057959904843373e-07,1.8074161729326113e-09,1.0398857431140467e-07,6.7287851903362e-08
1636,0.3272,0.0,0.010397184342595994,7.475406511614724e-08,1.0576334425754068e-07,2.0495109875433637e-09,1.037138332699973e-07,6.739669661641343e-08
1637,0.3274,0.0,0.012799018752731926,7.674769824728065e-08,1.074486174397359e-07,2.212235089478435e-09,1.0523638235025745e-07,6.750647185077127e-08
1638,0.3276,0.0,0.01159398176817844,7.813947137215352e-08,1.085469727866911e-07,2.4465114057252323e-09,1.0610046138096586e-07,6.761721867456264e-08
1639,0.3278,0.0,0.011594092188870433,7.946123293099291e-08,1.085790635649364e-07,1.784011212955229e-09,1.0679505235198117e-07,6.772802685250566e-08
1640,0.328,0.0,0.01159387917452296,7.648348070269438e-08,1.0737950911062695e-07,1.4350135961821015e-09,1.0594449551444485e-07,6.783824080705233e-08
1641,0.3282,0.0,0.012710878904280402,7.741646665556318e-08,1.1006911832968228e-07,2.0909715812042876e-09,1.0797814674847798e-07,6.794917807889091e-08
1642,0.3284,0.0,0.013704814112688467,7.847309454809531e-08,1.1176096083138853e-07,2.0712995776183876e-09,1.0968966125377013e-07,6.806116853370133e-08
1643,0.3286,0.0,0.013704872552349201,8.123939031364652e-08,1.1121217327891758e-07,1.7087707240892308e-09,1.0950340255482834e-07,6.817356581692423e-08
1644,0.3288,0.0,0.013704764361901035,7.898960379760759e-08,1.1150087300710942e-07,1.7064330129279615e-09,1.0979443999418144e-07,6.828590646603545e-08
1645,0.329,0.0,0.01368322614236388,7.664269018734863e-08,1.1029330527169207e-07,2.0415697935948414e-09,1.0825173547809721e-07,6.839733127577811e-08
1646,0.3292,0.0,0.014733715780039864,7.515715337092556e-08,1.0885553534998034e-07,2.170601899721018e-09,1.0668493345025932e-07,6.850821354486759e-08
1647,0.3294,0.0,0.014733701216408332,7.526040573517685e-08,1.0661910824701449e-07,1.0409648426983018e-09,1.0557814340431618e-07,6.861847509625545e-08
1648,0.3296,0.0,0.01473365654205414,7.496898377002442e-08,1.0606014521186005e-07,1.5906411008983067e-09,1.0446950411096172e-07,6.872856728008523e-08
1649,0.3298,0.0,0.013833981382704145,7.534890766320995e-08,1.1006326456611294e-07,1.6454739684000172e-09,1.084177905977129e-07,6.884005317294505e-08
1650,0.33,0.0,0.012744274079417707,7.489652431278979e-08,1.0627299124554571e-07,2.4298742573874737e-09,1.0384311698815823e-07,6.895012799168607e-08
1651,0.3302,0.0,0.012744102082324592,7.322081097752922e-08,1.0467539527655838e-07,1.4963729181113308e-09,1.0317902235844703e-07,6.905989698791245e-08
1652,0.3304,0.03,0.013753792281533509,7.429403916634458e-08,1.0565240940642304e-07,1.5208387957627126e-09,1.0413157061066031e-07,6.917067016636951e-08
1653,0.3306,0.0,0.012565124601933856,7.747951440801263e-08,1.079482829458463e-07,1.5827451692796977e-09,1.0636553777656658e-07,6.928245695197159e-08
1654,0.3308,0.0,0.012215746606496715,7.938079634406275e-08,1.1303099997080642e-07,1.5877102872113714e-09,1.1144328968359503e-07,6.939619332576738e-08
1655,0.331,0.0,0.012215752298508395,7.943465203486502e-08,1.1430013751090167e-07,1.547216716304922e-09,1.1275292079459673e-07,6.951005514722057e-08
1656,0.3312,0.0,0.012215653393647132,7.805142002160576e-08,1.1344199106600266e-07,2.38345675983299e-09,1.1105853430616966e-07,6.962373162891059e-08
1657,0.3314,0.0,0.012215432790671157,7.408047052479247e-08,1.1108401400205287e-07,2.6466262113612463e-09,1.084373877906916e-07,6.973602588001539e-08
1658,0.3316,0.0,0.012215343041579197,7.279640578321293e-08,1.0870793168220195e-07,1.7065185622122216e-09,1.0700141311998972e-07,6.984731734213808e-08
1659,0.3318,0.0,0.011154086349690723,7.264630721212305e-08,1.0788457702037316e-07,1.4468660215636038e-09,1.0643771099880954e-07,6.995859589328744e-08
1660,0.332,0.0,0.010150311953069382,7.601999636051578e-08,1.104103349198728e-07,2.3964080174694993e-09,1.0801392690240329e-07,7.007123763503426e-08
1661,0.3322,0.0,0.01131942995410222,7.58886471782644e-08,1.1036553536682184e-07,8.345192566795447e-10,1.0953101611014228e-07,7.01839697867243e-08
1662,0.3324,0.0,0.009487559524267204,7.432515517449778e-08,1.1179374689970649e-07,1.937422523472047e-09,1.0985632437623443e-07,7.029695439949342e-08
1663,0.3326,0.0,0.0089178476408786,7.643858373375527e-08,1.1133616210160951e-07,1.1110430499419723e-09,1.1022511905166752e-07,7.041035107583607e-08
1664,0.3328,0.0,0.008917874957104686,7.655965003414179e-08,1.1483110211472592e-07,1.712818496832256e-09,1.1311828361789365e-07,7.052493611711439e-08
1665,0.333,0.03,0.008918164350248163,7.929501502864595e-08,1.1686076315968905e-07,2.5664862304120342e-09,1.14294276929277e-07,7.064128963974297e-08
1666,0.3332,0.0,0.00923642177425097,7.857016934174248e-08,1.1868406259509146e-07,2.1785221474305912e-09,1.1650554044766085e-07,7.075760824203756e-08
1667,0.3334,0.0,0.00933408846364742,7.781615376787021e-08,1.138185023091381e-07,1.4565530433614256e-09,1.1236194926577666e-07,7.087257833549002e-08
1668,0.3336,0.0,0.009334323728341868,8.060188058447895e-08,1.1770490599640023e-07,2.3955770411810127e-09,1.153093289552192e-07,7.098928628146735e-08
1669,0.3338,0.0,0.010499200052265394,8.169396224277728e-08,1.1816760266383269e-07,3.026184817203863e-09,1.1514141784662882e-07,7.110645095966873e-08
1670,0.334,0.0,0.010499048740407602,7.995122428721765e-08,1.16107953725646e-07,2.0425507412506972e-09,1.140654029843953e-07,7.122281740079062e-08
1671,0.3342,0.0,0.008770516540502649,8.232539665456533e-08,1.1268297763259736e-07,1.1075310910369475e-09,1.115754465415604e-07,7.133880011872865e-08
1672,0.3344,0.0,0.008770452942538079,8.160928471853805e-08,1.1678061046546665e-07,1.4081079142431448e-09,1.1537250255122349e-07,7.145602700527389e-08
1673,0.3346,0.03,0.009327805730575785,8.119996347140356e-08,1.1939485680381894e-07,1.770178108206352e-09,1.1762467869561255e-07,7.157424220775284e-08
1674,0.3348,0.0,0.007938913136330463,7.920963206784029e-08,1.1882773187610365e-07,2.199204241929621e-09,1.1662852763417401e-07,7.169146039424989e-08
1675,0.335,0.0,0.007939002957908435,8.036295603782054e-08,1.1968770957653007e-07,2.4422039802427693e-09,1.1724550559628729e-07,7.180945485350778e-08
1676,0.3352,0.0,0.008336831198816124,8.465176017722996e-08,1.209996156395322e-07,1.6713619462425109e-09,1.1932825369328968e-07,7.192873773640499e-08
1677,0.3354,0.0,0.008336745317612483,8.388153987934739e-08,1.2302397776584412e-07,2.7496469829172606e-09,1.2027433078292684e-07,7.204862641209162e-08
1678,0.3356,0.0,0.008336765340945195,8.477965279431463e-08,1.2019186898024314e-07,2.0822353599693464e-09,1.1810963362027377e-07,7.216802581292067e-08
1679,0.3358,0.0,0.008336726499071865,8.380125134009172e-08,1.2094041008576503e-07,2.952654392420837e-09,1.1798775569334416e-07,7.228751965434977e-08
1680,0.336,0.0,0.008336685615771097,8.248560451244623e-08,1.2062735870938637e-07,2.018750575268594e-09,1.1860860813411775e-07,7.240673433327232e-08
1681,0.3362,0.03,0.008337053441384414,8.268864007018217e-08,1.1661111209385332e-07,1.4362062174740055e-09,1.151749058763793e-07,7.252544852701473e-08
1682,0.3364,0.0,0.008864899384767418,8.598909246673484e-08,1.180744078113276e-07,1.696825574541713e-09,1.1637758223678588e-07,7.264445152517962e-08
1683,0.3366,0.0,0.008864963020146267,8.656248454991442e-08,1.2246809842688872e-07,1.7608700580634281e-09,1.2070722836882525e-07,7.276556188233421e-08
1684,0.3368,0.0,0.008864957516323968,8.647419141866693e-08,1.2297388243578135e-07,2.38527375611292e-09,1.205886086796684e-07,7.288619703429603e-08
1685,0.337,0.0,0.009384982808717291,8.54201809626166e-08,1.2240092046493169e-07,2.3547168269751925e-09,1.2004620363795648e-07,7.30071708205268e-08
1686,0.3372,0.0,0.009385080980966751,8.753093880464119e-08,1.2629587669232207e-07,2.3577314044744477e-09,1.239381452878476e-07,7.312979071961909e-08
1687,0.3374,0.0,0.00938512249228259,8.884080559107395e-08,1.2411864333106685e-07,9.508552800284852e-10,1.2316778805103835e-07,7.325215397596714e-08
1688,0.3376,0.0,0.009385048901836302,8.835815696511453e-08,1.2511204494921698e-07,1.6760571388631296e-09,1.2343598781035383e-07,7.337492283409113e-08
1689,0.3378,0.03,0.009156223381170331,8.702823561395606e-08,1.2486717222649644e-07,2.296168731872394e-09,1.2257100349462402e-07,7.34979940090378e-08
1690,0.338,0.0,0.009329370652170748,8.876379758975702e-08,1.300092539969633e-07,2.021728232398257e-09,1.2798752576456502e-07,7.362249877269011e-08
1691,0.3382,0.0,0.009329331721278348,8.951765807828129e-08,1.2622557051209146e-07,2.333840649724655e-09,1.238917298623668e-07,7.37460918208803e-08
1692,0.3384,0.0,0.010397617336177294,8.923146623095903e-08,1.2660024736682028e-07,2.198353309929515e-09,1.2440189405689075e-07,7.386986176332133e-08
1693,0.3386,0.0,0.012798970095226006,8.768697497173509e-08,1.2621668940073185e-07,2.5936300710119616e-09,1.2362305932971985e-07,7.39932131530805e-08
1694,0.3388,0.0,0.012798926020211345,8.735459904766641e-08,1.2253032117432777e-07,1.9528926711598337e-09,1.205774285031679e-07,7.411528275396816e-08
1695,0.339,0.0,0.011593713528495333,8.499308854151446e-08,1.2184272067005693e-07,1.7818832381182328e-09,1.2006083743193868e-07,7.423688157003452e-08
1696,0.3392,0.0,0.01159359380331401,8.413024372700664e-08,1.2029167978126696e-07,2.5069903503498084e-09,1.1778468943091712e-07,7.435836801884931e-08
1697,0.3394,0.0,0.011593493554780942,8.319621274983704e-08,1.1661978145456912e-07,2.2861538921783005e-09,1.143336275623908e-07,7.447851825558899e-08
1698,0.3396,0.01,0.012710584479774493,8.581441192426132e-08,1.1920964279195798e-07,1.78717201389448e-09,1.1742247077806348e-07,7.460053842237412e-08
1699,0.3398,0.0,0.013704627784776368,9.021067152132674e-08,1.2036291063747138e-07,1.409094623043379e-09,1.1895381601442796e-07,7.472378915160614e-08
1700,0.34,0.0,0.013704497806555234,8.847138844736384e-08,1.2415702380249174e-07,2.8286283097733208e-09,1.213283954927184e-07,7.484777995827876e-08
1701,0.3402,0.0,0.013704224996862227,8.540015963480027e-08,1.2038750582057385e-07,1.7141079337054505e-09,1.1867339788686835e-07,7.497011962652458e-08
1702,0.3404,0.0,0.013682748696532515,8.518268462318113e-08,1.1797016517091353e-07,1.8346575225589199e-09,1.161355076483546e-07,7.509124131733902e-08
1703,0.3406,0.0,0.01473320483374992,8.329664533674543e-08,1.160712590112103e-07,2.019665058098583e-09,1.140515939531117e-07,7.521190763728658e-08
1704,0.3408,0.0,0.01473305036444763,8.203113904879338e-08,1.1500898014288619e-07,2.4660418385820394e-09,1.1254293830430413e-07,7.533210256012206e-08
1705,0.341,0.0,0.016121544923036378,8.282968590584737e-08,1.1856159470500659e-07,2.1672407331910368e-09,1.1639435397181554e-07,7.545373481178535e-08
1706,0.3412,0.0,0.01383341853209879,8.183497576562222e-08,1.173698766425624e-07,2.026461879381106e-09,1.1534341476318127e-07,7.557495895646493e-08
1707,0.3414,0.0,0.012743833530656756,8.278994604318766e-08,1.1461261985735517e-07,2.3673103036822733e-09,1.1224530955367289e-07,7.569527272471105e-08
1708,0.3416,0.0,0.01274372287639304,8.162389713432746e-08,1.1512795017247817e-07,2.3672069680488808e-09,1.1276074320442928e-07,7.581570657547407e-08
1709,0.3418,0.0,0.013753191050545215,8.267614945964718e-08,1.1597684655312074e-07,2.1783443197010246e-09,1.137985022334197e-07,7.593695188570447e-08
1710,0.342,0.0,0.012215124827180533,8.230493320706614e-08,1.153935877649098e-07,1.9163345294790477e-09,1.1347725323543074e-07,7.60576076110588e-08
1711,0.3422,0.0,0.01221498666042353,8.084180335150506e-08,1.1415762028463299e-07,1.991579667825516e-09,1.1216604061680746e-07,7.617829689167145e-08
1712,0.3424,0.0,0.012214944372303844,8.067172870568966e-08,1.125129069934556e-07,2.754461559491963e-09,1.0975844543396363e-07,7.629863661914107e-08
1713,0.3426,0.0,0.012215001046962487,8.178420483637975e-08,1.1360182519024945e-07,1.7779530443653036e-09,1.1182387214588414e-07,7.641918694475177e-08
1714,0.3428,0.0,0.012215220449300632,8.47879566294469e-08,1.1985422822177468e-07,2.04584109245687e-09,1.178083871293178e-07,7.654257781493733e-08
1715,0.343,0.0,0.01221533644662935,8.623505184019659e-08,1.2202390152989713e-07,2.556183468024947e-09,1.1946771806187216e-07,7.666711839818477e-08
1716,0.3432,0.0,0.011154205484507906,8.588858144814639e-08,1.2389577679285055e-07,2.8547598309289115e-09,1.2104101696192162e-07,7.679217730663618e-08
1717,0.3434,0.0,0.010085782770909098,8.426165056990487e-08,1.2143936974589138e-07,2.2057098661538338e-09,1.1923365987973753e-07,7.691633199875865e-08
1718,0.3436,0.0,0.011319426934826076,8.658807174943862e-08,1.1936282391770464e-07,1.914446256120178e-09,1.1744837766158444e-07,7.704029681194229e-08
1719,0.3438,0.0,0.009526269347406534,8.635936140426885e-08,1.192918612867682e-07,1.1726079234250108e-09,1.1811925336334317e-07,7.716443406176511e-08
1720,0.344,0.0,0.010480557593191015,8.723097299130485e-08,1.2025143563394452e-07,2.3904940263302517e-09,1.1786094160761425e-07,7.728936295057711e-08
1721,0.3442,0.0,0.010480600494830863,8.733376050095103e-08,1.244879103159846e-07,2.858357854921876e-09,1.216295524610627e-07,7.741524780533488e-08
1722,0.3444,0.0,0.010480502901366285,8.660456387648908e-08,1.215861005866937e-07,2.5734057416176375e-09,1.1901269484507603e-07,7.754027236065339e-08
1723,0.3446,0.0,0.009544201443078484,8.442863009538536e-08,1.1793469505753644e-07,1.9572156725315457e-09,1.1597747938500489e-07,7.766423328909917e-08
1724,0.3448,0.0,0.00954422648301916,8.494905248837989e-08,1.194118344199912e-07,2.0760365438303852e-09,1.1733579787616077e-07,7.778842566970638e-08
1725,0.345,0.0,0.009334034832207344,8.544359706612493e-08,1.1751730821251584e-07,1.6124754780615239e-09,1.159048327344543e-07,7.791239092653704e-08
1726,0.3452,0.0,0.010498864239736727,8.764524842198305e-08,1.2074257445410307e-07,2.292568429525463e-09,1.1845000602457757e-07,7.803822793004087e-08
1727,0.3454,0.0,0.010498814360091807,8.736699794731168e-08,1.1672889466275522e-07,1.7575649225577379e-09,1.1497132974019747e-07,7.816226850741756e-08
1728,0.3456,0.0,0.008286961024367837,8.292241579913849e-08,1.1606294653033391e-07,2.2266303886629528e-09,1.1383631614167094e-07,7.828588510439851e-08
1729,0.3458,0.0,0.008287191808540526,8.666279005115616e-08,1.2112391004720283e-07,2.929875810934192e-09,1.1819403423626861e-07,7.841185910851792e-08
1730,0.346,0.0,0.00932729644433557,8.572085886303024e-08,1.1837337085419746e-07,2.663632493570219e-09,1.1570973836062723e-07,7.853691304949147e-08
1731,0.3462,0.0,0.00812974679999278,8.45860851839025e-08,1.1770602348018364e-07,2.532324128681864e-09,1.1517369935150176e-07,7.866167864723897e-08
1732,0.3464,0.0,0.008129789674410259,8.450105963584642e-08,1.2089385040098443e-07,1.994644620987227e-09,1.1889920577999717e-07,7.878738235525904e-08
1733,0.3466,0.0,0.008129588667031624,8.238063306757345e-08,1.1841167838907987e-07,2.2998025405524268e-09,1.1611187584852743e-07,7.891205134517802e-08
1734,0.3468,0.0,0.008129531053220007,8.206451432602912e-08,1.1848969751698065e-07,2.2696425818109725e-09,1.1622005493516967e-07,7.903677251175758e-08
1735,0.347,0.0,0.008129795002149278,8.562858721530657e-08,1.1922514435332675e-07,1.8476871536147255e-09,1.17377457199712e-07,7.9162545590361e-08
1736,0.3472,0.0,0.008129937423287398,8.695469633536137e-08,1.2378839292753233e-07,2.4389661321799996e-09,1.213494267953523e-07,7.929000057567778e-08
1737,0.3474,0.0,0.008130018921910133,8.876803708432218e-08,1.2534069515534623e-07,2.5404634352577832e-09,1.2280023172008842e-07,7.941831473423654e-08
1738,0.3476,0.0,0.00812974304287664,8.646907524043132e-08,1.2279835377049846e-07,3.4296440102796814e-09,1.1936870976021876e-07,7.954576448466227e-08
1739,0.3478,0.0,0.008129927135046382,8.795105595811369e-08,1.2240526005433524e-07,2.292544432088814e-09,1.201127156222464e-07,7.96736023814229e-08
1740,0.348,0.0,0.008129939253732971,8.850910464200175e-08,1.2416160036808182e-07,2.8680367094897913e-09,1.21293563658592e-07,7.980214378865151e-08
1741,0.3482,0.0,0.008130074871982087,9.113046801370499e-08,1.2267337560545098e-07,3.0074983800160486e-09,1.1966587722543492e-07,7.993110756677397e-08
1742,0.3484,0.0,0.008129950452377773,8.967212271812849e-08,1.2279239154758363e-07,1.8784350804171137e-09,1.2091395646716648e-07,8.005985693675777e-08
1743,0.3486,0.0,0.008130163547167604,9.131813883942631e-08,1.2652907719315898e-07,2.4679123933003672e-09,1.2406116479985859e-07,8.018984099997056e-08
1744,0.3488,0.0,0.008130541447935699,9.430846765563141e-08,1.3221891916899819e-07,1.972335540122652e-09,1.3024658362887552e-07,8.032233730240323e-08
1745,0.349,0.0,0.009155946843208432,9.546377237662468e-08,1.363512736367642e-07,1.981270328210854e-09,1.343700033085533e-07,8.045601389507451e-08
1746,0.3492,0.0,0.009155929091482192,9.452667740759666e-08,1.3512939832504366e-07,2.4511869521447246e-09,1.326782113728989e-07,8.058937741753756e-08
1747,0.3494,0.0,0.00915594625149826,9.33945153607684e-08,1.3632356311213882e-07,2.83864938591925e-09,1.3348491372621954e-07,8.072303612863989e-08
1748,0.3496,0.0,0.007983412904879012,9.285392850673477e-08,1.3148257197785136e-07,2.109049004260428e-09,1.293735229735909e-07,8.085558934102118e-08
1749,0.3498,0.0,0.009035662513236835,9.15510585090698e-08,1.2666466292908767e-07,2.928726571168922e-09,1.2373593635791872e-07,8.098599125756242e-08
1750,0.35,0.03,0.007914010068196439,9.039675966561597e-08,1.251773102038804e-07,4.231422590327291e-09,1.209458876135531e-07,8.111593196721546e-08
1751,0.3502,0.0,0.008168758166871256,9.301428373960741e-08,1.2698809403017951e-07,2.8465594461301765e-09,1.241415345840493e-07,8.124725846807797e-08
1752,0.3504,0.0,0.008168981045545672,9.583994855903334e-08,1.2910256577330325e-07,1.4661960691044178e-09,1.2763636970419882e-07,8.138031479327619e-08
1753,0.3506,0.0,0.00816887747858186,9.510619889791489e-08,1.317149082805857e-07,2.542839757723999e-09,1.2917206852286168e-07,8.151412194965553e-08
1754,0.3508,0.0,0.008168709693124939,9.305827091144324e-08,1.3015342126665786e-07,2.667390341739339e-09,1.274860309249185e-07,8.164692271533657e-08
1755,0.351,0.0,0.008168853245241952,9.498965547196984e-08,1.3278912067190804e-07,2.914266464823196e-09,1.298748542070848e-07,8.178117415641887e-08
1756,0.3512,0.0,0.008168749916760143,9.464728499881494e-08,1.3077594413260998e-07,2.9895045143635544e-09,1.277864396182464e-07,8.191462271954892e-08
1757,0.3514,0.0,0.00816869080351075,9.327969061037455e-08,1.269652964666474e-07,1.825156529086958e-09,1.251401399375604e-07,8.204692839123372e-08
1758,0.3516,0.01,0.00816870147226264,9.247132098586526e-08,1.2504845100582167e-07,2.0642833112842635e-09,1.2298416769453738e-07,8.21787285462519e-08
1759,0.3518,0.0,0.008168537155779088,9.163405718447371e-08,1.2420380189731763e-07,2.47033359821834e-09,1.2173346829909927e-07,8.230941138941766e-08
1760,0.352,0.0,0.008450505235343929,9.06651139627473e-08,1.253288370894289e-07,1.9369605295828664e-09,1.23391876559846e-07,8.244059369702697e-08
1761,0.3522,0.03,0.00845033731369398,8.60415372243475e-08,1.2119676918588618e-07,2.7214082773705333e-09,1.1847536090851562e-07,8.257077450047947e-08
1762,0.3524,0.0,0.007883933854470358,8.434854763576531e-08,1.181895466928078e-07,1.9649734990492774e-09,1.1622457319375852e-07,8.269929370112831e-08
1763,0.3526,0.0,0.008484406472754447,8.729782128245345e-08,1.255254086474714e-07,2.4321837095190825e-09,1.230932249379523e-07,8.283037814745996e-08
1764,0.3528,0.0,0.010854347486080274,9.141559680354501e-08,1.2903905557990685e-07,2.802779271221572e-09,1.2623627630868524e-07,8.296377893268713e-08
1765,0.353,0.0,0.0108543657832564,9.216964745880727e-08,1.3126511759732018e-07,3.6853490721142642e-09,1.275797685252059e-07,8.309816411687108e-08
1766,0.3532,0.0,0.009492425731109139,9.211995951963338e-08,1.3233177453554068e-07,2.825046884853813e-09,1.2950672765068683e-07,8.323292785564059e-08
1767,0.3534,0.03,0.008456047391964074,9.51321943161103e-08,1.309395796702523e-07,2.694844316952798e-09,1.2824473535329947e-07,8.336856046671611e-08
1768,0.3536,0.0,0.009058616279422858,9.513486999738757e-08,1.3197916251520295e-07,2.7424573245555067e-09,1.2923670519064742e-07,8.350410962181687e-08
1769,0.3538,0.0,0.00905840732821375,9.341285323684531e-08,1.313859176068363e-07,3.3519108526895886e-09,1.2803400675414667e-07,8.363929331874079e-08
1770,0.354,0.0,0.008976839963622791,9.508477575217167e-08,1.311137950295764e-07,2.524102784321215e-09,1.2858969224525514e-07,8.377471143689535e-08
1771,0.3542,0.0,0.010084388445352206,9.527899375630985e-08,1.3273507711714266e-07,3.0176177490998106e-09,1.2971745936804282e-07,8.391053888267064e-08
1772,0.3544,0.0,0.008888713068934167,9.294003486812558e-08,1.3129555090295837e-07,2.404982242852647e-09,1.288905686601057e-07,8.404599443082063e-08
1773,0.3546,0.03,0.008888904615287059,9.226980941263399e-08,1.298983347278303e-07,1.767270792981617e-09,1.2813106393484865e-07,8.41815411143909e-08
1774,0.3548,0.0,0.009444111497684763,9.589952949665138e-08,1.358415188313908e-07,2.7103103112227217e-09,1.3313120852016806e-07,8.431863240718634e-08
1775,0.355,0.0,0.009954236691026432,9.600250797363827e-08,1.335537754605765e-07,2.4618639568737402e-09,1.3109191150370274e-07,8.445527212431911e-08
1776,0.3552,0.0,0.009526783475835,9.696192698377395e-08,1.374307990028786e-07,2.460917016288543e-09,1.3496988198659003e-07,8.459384219937863e-08
1777,0.3554,0.0,0.01048081304758146,9.726457849809011e-08,1.3786346025161577e-07,3.5161521688616213e-09,1.3434730808275412e-07,8.473207187206981e-08
1778,0.3556,0.0,0.010480861453000312,9.826654516675567e-08,1.338452229604109e-07,3.0836371864718253e-09,1.3076158577393905e-07,8.487005280705113e-08
1779,0.3558,0.0,0.01048077910020021,9.739739532557563e-08,1.3703839564150132e-07,1.6385486680321118e-09,1.353998469734692e-07,8.500904373082928e-08
1780,0.356,0.0,0.009873285431775175,9.798223162059635e-08,1.3860250426039875e-07,2.898471672501586e-09,1.3570403258789713e-07,8.51483666008057e-08
1781,0.3562,0.0,0.009873167724260095,9.630727461239315e-08,1.3272893144685166e-07,2.494177547853901e-09,1.3023475389899774e-07,8.528610827999167e-08
1782,0.3564,0.03,0.009873028795588707,9.303405677328583e-08,1.3225442508806207e-07,2.007925544795231e-09,1.302464995432668e-07,8.54235903144513e-08
1783,0.3566,0.0,0.009319019847531263,9.360476338496804e-08,1.325458633011416e-07,2.347881670773198e-09,1.3019798163036837e-07,8.556020513296425e-08
1784,0.3568,0.0,0.009318854842372557,9.062648160536009e-08,1.3273289993502676e-07,2.627349849846481e-09,1.3010555008518025e-07,8.569674554721508e-08
1785,0.357,0.0,0.00931897687943804,9.175730648839123e-08,1.3332226666817143e-07,2.5808742109795096e-09,1.307413924571919e-07,8.583398549264382e-08
1786,0.3572,0.0,0.00931929272775325,9.41393908873909e-08,1.3441440036973687e-07,2.814715399382682e-09,1.3159968497035415e-07,8.597208441249255e-08
1787,0.3574,0.0,0.009453799532446423,9.501999547718981e-08,1.3749396193915929e-07,2.2512058207942527e-09,1.35242756118365e-07,8.611141627006255e-08
1788,0.3576,0.0,0.009453940252099807,9.536533353307449e-08,1.3940883051877938e-07,2.258599270570541e-09,1.3715023124820882e-07,8.625156987638052e-08
1789,0.3578,0.0,0.00983984704704136,9.779993280301018e-08,1.4318174269546128e-07,3.1731930949786688e-09,1.400085496004826e-07,8.639311073708945e-08
1790,0.358,0.0,0.00983995840431993,9.915339429858958e-08,1.4186243367630084e-07,2.3211253699415507e-09,1.3954130830635927e-07,8.653494373720818e-08
1791,0.3582,0.0,0.010496417757900329,1.0286530234135846e-07,1.4395411206070738e-07,2.6084396600889896e-09,1.4134567240061837e-07,8.667823169166256e-08
1792,0.3584,0.0,0.010496416526752565,1.0151338888464896e-07,1.4738015797547364e-07,2.630542154942714e-09,1.447496158205309e-07,8.682260484976118e-08
1793,0.3586,0.0,0.010496611935490842,1.029112587473635e-07,1.524803355737861e-07,3.1632150062260464e-09,1.4931712056756004e-07,8.69688251101987e-08
1794,0.3588,0.0,0.010496819279059823,1.0509081973346104e-07,1.5502225411232667e-07,2.4736606729031275e-09,1.5254859343942352e-07,8.711616714950818e-08
1795,0.359,0.0,0.009848776888406092,1.030646109326057e-07,1.5538912163125014e-07,3.153385407834013e-09,1.522357362234161e-07,8.726309328726004e-08
1796,0.3592,0.0,0.00984864629124446,1.0199851601658343e-07,1.5389657444768858e-07,2.705454113477e-09,1.5119112033421155e-07,8.740984056383659e-08
1797,0.3594,0.0,0.009848677381575783,1.019421537026559e-07,1.5325761234209753e-07,2.825027889582425e-09,1.5043258445251508e-07,8.755627098620449e-08
1798,0.3596,0.0,0.009848650159349851,1.0201845613327982e-07,1.5338726506800383e-07,4.075381788386232e-09,1.4931188327961757e-07,8.770310796071359e-08
1799,0.3598,0.0,0.009848525651641985,1.0047214554821154e-07,1.4837149915920493e-07,2.973094306285366e-09,1.4539840485291953e-07,8.784844408040004e-08
1800,0.36,0.0,0.010211835903001844,1.0190283694800102e-07,1.5100446066250925e-07,3.074473245249484e-09,1.4792998741725974e-07,8.799484749295911e-08
1801,0.3602,0.0,0.009848758991979262,1.0268797564644582e-07,1.5225750750006816e-07,2.709282282343678e-09,1.4954822521772445e-07,8.814201979319834e-08
1802,0.3604,0.0,0.010433552616318441,1.0871482408128815e-07,1.5438406447321752e-07,1.632561517841242e-09,1.5275150295537625e-07,8.829132467824708e-08
1803,0.3606,0.0,0.010433343841583714,1.0826832400331345e-07,1.5582387386632647e-07,2.9176515099333334e-09,1.5290622235639313e-07,8.844116213798792e-08
1804,0.3608,0.0,0.010433154454066392,1.0617995477314055e-07,1.5065457144034395e-07,3.1088909023363467e-09,1.4754568053800758e-07,8.858924687284561e-08
1805,0.361,0.0,0.009809514808142957,1.0452416912356127e-07,1.4841014666200441e-07,2.452582515185992e-09,1.459575641468184e-07,8.873592094492858e-08
1806,0.3612,0.0,0.009809434157039715,1.0282746614781342e-07,1.4562634530705544e-07,3.1932505851428197e-09,1.424330947219126e-07,8.888209763234344e-08
1807,0.3614,0.0,0.009809396643363657,1.0237454808908803e-07,1.4532693158870143e-07,2.3129528934000963e-09,1.430139786953013e-07,8.902791688525458e-08
1808,0.3616,0.0,0.009838155884009265,1.0394531339598399e-07,1.4406943762178522e-07,3.056483054206852e-09,1.4101295456757834e-07,8.917326374761427e-08
1809,0.3618,0.0,0.009837744914821565,1.0024553930952274e-07,1.4356539843277345e-07,1.7272252785270311e-09,1.418381731542464e-07,8.931824372041542e-08
1810,0.362,0.0,0.008231040495460916,1.0057470447569779e-07,1.4063135450948934e-07,1.5718070400047398e-09,1.3905954746948458e-07,8.946292500922496e-08
1811,0.3622,0.03,0.008231161938436517,9.881030686653986e-08,1.4276017302404116e-07,3.0655074871889403e-09,1.396946655368522e-07,8.960828931903012e-08
1812,0.3624,0.0,0.009073401105922346,1.0098482913701438e-07,1.4558755975537322e-07,2.6962740544675395e-09,1.4289128570090566e-07,8.975464331867068e-08
1813,0.3626,0.0,0.01106996854424645,9.962203030068037e-08,1.4743046560151913e-07,3.1908253152505784e-09,1.4423964028626854e-07,8.990084071958645e-08
1814,0.3628,0.0,0.009995528378647698,9.683672481730506e-08,1.4389363472661292e-07,2.3759355865624156e-09,1.4151769914005047e-07,9.004585998826937e-08
1815,0.363,0.0,0.009995526527886597,9.712214791006827e-08,1.4383321939131574e-07,2.827227058349253e-09,1.4100599233296646e-07,9.01912855900513e-08
1816,0.3632,0.0,0.008831626266657662,9.736794228695997e-08,1.4714684634048576e-07,3.6027329652485867e-09,1.4354411337523715e-07,9.033774915361944e-08
1817,0.3634,0.0,0.00883193939342265,1.0066522665121044e-07,1.520901916667828e-07,3.6406491636319803e-09,1.484495425031508e-07,9.048611018702758e-08
1818,0.3636,0.01,0.008832086641331002,1.0113894544973732e-07,1.4899111771788868e-07,2.7995454329763878e-09,1.4619157228491226e-07,9.06343532592679e-08
1819,0.3638,0.0,0.0098938735563265,1.0308852846570346e-07,1.4807166066605262e-07,2.557279597892636e-09,1.4551438106815997e-07,9.07824176915925e-08
1820,0.364,0.0,0.009893765153251579,1.0177541946467752e-07,1.4557728485372078e-07,2.6731718858165205e-09,1.4290411296790423e-07,9.093012956787901e-08
1821,0.3642,0.0,0.008083555878522053,1.0293446226530026e-07,1.4864916671615904e-07,3.9786537755484436e-09,1.4467051294061057e-07,9.107819589918561e-08
1822,0.3644,0.0,0.007194647360438369,1.0044563740925273e-07,1.5105431693566492e-07,4.142223411759534e-09,1.4691209352390537e-07,9.122725602934942e-08
1823,0.3646,0.0,0.007551515332079651,1.0247631787841007e-07,1.454821142252222e-07,3.892025366546108e-09,1.4159008885867606e-07,9.137508923433132e-08
1824,0.3648,0.0,0.007194546468337079,1.0014251142081699e-07,1.472546699405014e-07,2.3354368126757e-09,1.449192331278257e-07,9.152325552041975e-08
1825,0.365,0.0,0.007630535731399692,1.0246413822107254e-07,1.4664947886592373e-07,3.385987553768962e-09,1.4326349131215473e-07,9.167210775398241e-08
1826,0.3652,0.0,0.007630321188460882,1.0052173394617415e-07,1.437055645201913e-07,3.2721997918773894e-09,1.404333647283139e-07,9.18192755905103e-08
1827,0.3654,0.0,0.007630357752529089,9.969706665926801e-08,1.482331253798011e-07,2.3364351306094934e-09,1.458966902491916e-07,9.19680413629932e-08
1828,0.3656,0.0,0.007739784663014044,1.0340339290856638e-07,1.512083430087611e-07,2.4586703039201167e-09,1.4874967270484098e-07,9.211822483907132e-08
1829,0.3658,0.0,0.007739730526325414,1.0288591169447989e-07,1.5382062360268085e-07,2.6306090025053195e-09,1.511900146001755e-07,9.226959841933248e-08
1830,0.366,0.0,0.0073982602137411205,1.0307786109702278e-07,1.516959681874748e-07,2.192359289671671e-09,1.4950360889780312e-07,9.241988773150794e-08
1831,0.3662,0.0,0.007398435985610529,1.0464564626717246e-07,1.5953022454529797e-07,3.1857540567692947e-09,1.5634447048852863e-07,9.257345052482624e-08
1832,0.3664,0.0,0.007398523065297673,1.0583720423303521e-07,1.5481249151220565e-07,2.9515128201219016e-09,1.5186097869208371e-07,9.272610797470258e-08
1833,0.3666,0.0,0.007750997373729384,1.0437919705297695e-07,1.547152488056623e-07,3.3442451087328654e-09,1.513710036969294e-07,9.287804918908184e-08
1834,0.3668,0.0,0.007750778216235056,1.0166162870811733e-07,1.5269463786624224e-07,2.1160949710743756e-09,1.5057854289516784e-07,9.30291602329745e-08
1835,0.367,0.01,0.0077509774925918744,1.0338593207490111e-07,1.5116099138921387e-07,2.1268044823715783e-09,1.4903418690684226e-07,9.318070718387806e-08
1836,0.3672,0.0,0.007751060068665259,1.0613826060522227e-07,1.5484429552940847e-07,4.328017510869322e-09,1.5051627801853911e-07,9.333410458084218e-08
1837,0.3674,0.0,0.007750724179940421,1.0231227640143105e-07,1.5185796656178528e-07,3.3191393164412213e-09,1.4853882724534403e-07,9.348585413168687e-08
1838,0.3676,0.0,0.007751085206808558,1.065085225766685e-07,1.5147472303839336e-07,4.829516211611113e-09,1.4664520682678222e-07,9.363792230976034e-08
1839,0.3678,0.0,0.0077507868082421,1.0346917137719927e-07,1.516879964302299e-07,2.3463093705893433e-09,1.4934168705964053e-07,9.379018477435344e-08
1840,0.368,0.0,0.007751066096632361,1.0579003173760852e-07,1.5230142615324892e-07,2.8131873070149824e-09,1.4948823884623392e-07,9.394306957973289e-08
1841,0.3682,0.0,0.007751304004978736,1.078358963819849e-07,1.5353885070976342e-07,4.0036281525361916e-09,1.495352225572272e-07,9.409669648570772e-08
1842,0.3684,0.0,0.007751524477734608,1.0914765236521624e-07,1.5976814832982588e-07,3.2468478852306215e-09,1.5652130044459524e-07,9.425300816562524e-08
1843,0.3686,0.0,0.007751661421679961,1.1079288270030981e-07,1.597119338034757e-07,3.6129853690133607e-09,1.560989484344623e-07,9.440979037941015e-08
1844,0.3688,0.0,0.007751838551887098,1.1192121593426368e-07,1.6290312746819534e-07,3.4735858606859167e-09,1.594295416075094e-07,9.456796702281472e-08
1845,0.369,0.0,0.007751990033700701,1.1289563571018401e-07,1.656139987279391e-07,3.1898647155915355e-09,1.6242413401234753e-07,9.472721022751402e-08
1846,0.3692,0.0,0.007751946603041483,1.1208916382837893e-07,1.6059343121592756e-07,4.012526247730845e-09,1.5658090496819668e-07,9.488493932053079e-08
1847,0.3694,0.0,0.00775164768548238,1.0829135672574465e-07,1.5742026028993176e-07,2.156879766661663e-09,1.5526338052327007e-07,9.504094979471999e-08
1848,0.3696,0.0,0.007766721614116447,1.0514797089039925e-07,1.5410681848686527e-07,3.092718783966271e-09,1.5101409970289898e-07,9.51953676018705e-08
1849,0.3698,0.0,0.008686848757592538,1.0454941979416016e-07,1.551491405805433e-07,2.5723588789583546e-09,1.525767817015849e-07,9.535020553458815e-08
1850,0.37,0.0,0.011081958357908121,1.0150426808284475e-07,1.5348480997650275e-07,3.5320633936923427e-09,1.499527465828104e-07,9.550400979451349e-08
1851,0.3702,0.0,0.01008461447331799,1.0141809270263092e-07,1.51337093317671e-07,2.745178561626064e-09,1.485919147560449e-07,9.565737154212645e-08
1852,0.3704,0.0,0.010084716388650645,1.0167513775185709e-07,1.5429648034096228e-07,2.8376313354536938e-09,1.5145884900550856e-07,9.581175420494022e-08
1853,0.3706,0.0,0.011374989465548562,1.0420732984011593e-07,1.5739546467358728e-07,4.8104397144985464e-09,1.525850249590887e-07,9.596743101325312e-08
1854,0.3708,0.0,0.011374958706613803,1.0470534450316871e-07,1.5607240062286927e-07,4.954203691073267e-09,1.5111819693179597e-07,9.612302576064193e-08
1855,0.371,0.0,0.012651519376595652,1.0692123645789641e-07,1.547245321324512e-07,3.6272205896870773e-09,1.510973115427641e-07,9.627909604014167e-08
1856,0.3712,0.01,0.013759289565363186,1.0734239551479723e-07,1.5150342012003938e-07,3.22851529838674e-09,1.4827490482165263e-07,9.643469235519449e-08
1857,0.3714,0.01,0.014723637846373927,1.0842369919476642e-07,1.5458573745412597e-07,2.783160623025369e-09,1.5180257683110057e-07,9.659146415703751e-08
1858,0.3716,0.03,0.016085589856237044,1.0753640214448644e-07,1.5328283741647978e-07,3.815982524405149e-09,1.494668548920746e-07,9.674835858398274e-08
1859,0.3718,0.0,0.01608573634653318,1.146842246595335e-07,1.6327526185479617e-07,2.5267176459361723e-09,1.6074854420885997e-07,9.690924770951177e-08
1860,0.372,0.03,0.01608591244175437,1.141059520045272e-07,1.6993459441704522e-07,4.402803537661465e-09,1.6553179087938374e-07,9.707284630654207e-08
1861,0.3722,0.0,0.017241130531359887,1.1310030071042827e-07,1.6715308662211e-07,3.7228609273593404e-09,1.6343022569475063e-07,9.723476022321872e-08
1862,0.3724,0.0,0.01724090497272948,1.108471341510584e-07,1.6105520448204707e-07,3.545128740658124e-09,1.5751007574138893e-07,9.739439773381387e-08
1863,0.3726,0.0,0.01827434746450221,1.0987695695901556e-07,1.606839234588213e-07,3.556031559927105e-09,1.5712789189889418e-07,9.755403811137057e-08
1864,0.3728,0.0,0.018274445581333905,1.1189015004499395e-07,1.6472002072264783e-07,4.7892133609424515e-09,1.5993080736170535e-07,9.771544286043914e-08
1865,0.373,0.0,0.018274385168129733,1.1151960335047551e-07,1.6501414151222645e-07,5.2899245381105985e-09,1.5972421697411584e-07,9.787693677923253e-08
1866,0.3732,0.01,0.0182741742329738,1.0802697428081181e-07,1.5627876340541502e-07,2.493028259761398e-09,1.5378573514565358e-07,9.803586509633607e-08
1867,0.3734,0.01,0.017166606286794412,1.0649752613324255e-07,1.531613914735622e-07,3.279668847002697e-09,1.4988172262655947e-07,9.81935109700624e-08
1868,0.3736,0.0,0.0171665113842462,1.0768301264872087e-07,1.54342405101732e-07,4.384622981393578e-09,1.499577821203384e-07,9.835157266041204e-08
1869,0.3738,0.0,0.015048903547790414,1.0468877913011135e-07,1.5123735021145584e-07,3.204504697988547e-09,1.4803284551346728e-07,9.850815277696178e-08
1870,0.374,0.0,0.014058778384413176,1.0725821560765281e-07,1.5330860341364545e-07,3.5418710562586303e-09,1.4976673235738679e-07,9.866624718402187e-08
1871,0.3742,0.0,0.0130438367330417,1.0887483263784886e-07,1.5872724117073454e-07,3.983235787519254e-09,1.5474400538321527e-07,9.882653280308015e-08
1872,0.3744,0.0,0.013043627036150335,1.0713771006829224e-07,1.529853899073715e-07,1.9089961606588404e-09,1.5107639374671263e-07,9.898498966849669e-08
1873,0.3746,0.0,0.01304356869536188,1.0738508119314342e-07,1.5202459853518423e-07,3.75491432871737e-09,1.4826968420646683e-07,9.914283190472549e-08
1874,0.3748,0.0,0.013043244305961212,1.0445054042761925e-07,1.4869787909922203e-07,2.0234057976355345e-09,1.4667447330158648e-07,9.929952457493144e-08
1875,0.375,0.0,0.013042745061404994,1.0014671409492825e-07,1.5134580598827558e-07,4.008153381299244e-09,1.4733765260697632e-07,9.945619693576955e-08
1876,0.3752,0.0,0.013042738134067611,1.0081966818869197e-07,1.4819337636070667e-07,3.391508785967225e-09,1.4480186757473943e-07,9.96120483129467e-08
1877,0.3754,0.0,0.008974444765541099,1.0218732564763973e-07,1.520261546984638e-07,5.6111412445611494e-09,1.4641501345390264e-07,9.976943949928357e-08
1878,0.3756,0.0,0.008974311531524124,1.0075029503016888e-07,1.4653404296253873e-07,3.578234969979488e-09,1.429558079925592e-07,9.992534589252227e-08
1879,0.3758,0.0,0.008974323141692263,1.0130398356871302e-07,1.4482802796540246e-07,2.489069357687387e-09,1.4233895860771506e-07,1.0008094705686179e-07
1880,0.376,0.0,0.009468349341107947,1.03400180958345e-07,1.4831314314166727e-07,4.3239241448915445e-09,1.439892189967757e-07,1.0023743312291562e-07
1881,0.3762,0.03,0.009468397014105382,1.0093118570775822e-07,1.46565214084342e-07,3.055917882020445e-09,1.4350929620232153e-07,1.0039445468253265e-07
1882,0.3764,0.03,0.00946893267097557,1.0594648691495306e-07,1.5199364398051013e-07,3.2256622077682708e-09,1.4876798177274184e-07,1.0055406752973532e-07
1883,0.3766,0.0,0.00946885880883824,1.0983196988885715e-07,1.519638400035947e-07,2.7696667885450584e-09,1.4919417321504962e-07,1.0071388953510419e-07
1884,0.3768,0.0,0.00946888361088543,1.0875351068111754e-07,1.5638352263686252e-07,4.175959083940494e-09,1.52207563552922e-07,1.0087502560205944e-07
1885,0.377,0.0,0.009468769389634599,1.0684981891280964e-07,1.5602087305654086e-07,3.1260028260792406e-09,1.528948702304616e-07,1.0103602538227205e-07
1886,0.3772,0.0,0.009468790062075585,1.0737838747201498e-07,1.5416129229779484e-07,3.487489917499515e-09,1.506738023802953e-07,1.0119649136748188e-07
1887,0.3774,0.0,0.00946869756021459,1.0678951943630607e-07,1.5256765945594855e-07,3.6366603566477042e-09,1.4893099909930082e-07,1.0135646966643154e-07
1888,0.3776,0.0,0.009468436757654347,1.0395071897854098e-07,1.5441306951717876e-07,3.5241394181198454e-09,1.508889300990589e-07,1.0151664792681084e-07
1889,0.3778,0.0,0.009468606892116965,1.0483737050363783e-07,1.5165915461437896e-07,3.675939205996397e-09,1.4798321540838253e-07,1.0167656183080949e-07
1890,0.378,0.0,0.009468598997547706,1.0514715349514782e-07,1.4777864001029834e-07,3.2262335079880362e-09,1.4455240650231028e-07,1.0183529283622027e-07
1891,0.3782,0.0,0.009468749443879243,1.0703278130824409e-07,1.4785400558858836e-07,2.5103172190159414e-09,1.453436883695724e-07,1.0199348059288608e-07
1892,0.3784,0.0,0.009300399177030742,1.047994036039597e-07,1.4839681337117427e-07,2.8739444530226125e-09,1.4552286891815163e-07,1.0215236188536034e-07
1893,0.3786,0.0,0.009300399519990179,1.0546193603611677e-07,1.5252262990073772e-07,4.476638584776132e-09,1.4804599131596157e-07,1.0231325301719613e-07
1894,0.3788,0.0,0.009300643527393498,1.0677915687528555e-07,1.5612538895364767e-07,4.1257138292821025e-09,1.5199967512436553e-07,1.0247557110722512e-07
1895,0.379,0.0,0.009780353982340608,1.0801447748670767e-07,1.5896683313992606e-07,5.247651079677787e-09,1.5371918206024824e-07,1.0263908003794814e-07
1896,0.3792,0.0,0.009780404661972403,1.069616507481804e-07,1.580329956245891e-07,3.972400276315662e-09,1.540605953482734e-07,1.0280213098910982e-07
1897,0.3794,0.0,0.009301069133734446,1.0956959291091234e-07,1.6281106087828467e-07,4.811950366824003e-09,1.5799911051146064e-07,1.0296729830039431e-07
1898,0.3796,0.0,0.009300751715253332,1.069483484001449e-07,1.5792343565128762e-07,3.467264724540534e-09,1.5445617092674706e-07,1.031307088516291e-07
1899,0.3798,0.0,0.009301039385175573,1.0901431261491411e-07,1.560124271186085e-07,3.587511443192364e-09,1.5242491567541613e-07,1.0329426825046406e-07
1900,0.38,0.0,0.009300905260489233,1.0750520323816989e-07,1.550035398113343e-07,3.990254655271247e-09,1.5101328515606302e-07,1.0345723025382192e-07
1901,0.3802,0.0,0.009300690104277408,1.0609819233205222e-07,1.5207043914051706e-07,4.837448724186534e-09,1.472329904163305e-07,1.0361932656551832e-07
1902,0.3804,0.0,0.00930052075730519,1.0424125652748269e-07,1.502548617535681e-07,4.352115539996227e-09,1.4590274621357185e-07,1.0378030202031414e-07
1903,0.3806,0.0,0.008777643463915456,1.0067069135580746e-07,1.48359220502368e-07,4.8427896642364085e-09,1.4351643083813158e-07,1.0394008053469008e-07
1904,0.3808,0.0,0.008777640356460689,1.0070609796300282e-07,1.4741940612130192e-07,4.254289708002407e-09,1.4316511641329948e-07,1.0409979383910777e-07
1905,0.381,0.0,0.009031549564827542,9.998530505519881e-08,1.468329033218697e-07,3.058470077640596e-09,1.437744332442291e-07,1.042594230244572e-07
1906,0.3812,0.0,0.009031472777562707,9.792524562272442e-08,1.474740529551045e-07,4.461282644082249e-09,1.430127703110222e-07,1.0441863779138289e-07
1907,0.3814,0.0,0.011080505042306617,9.705886101811804e-08,1.4361958127598176e-07,3.154840465553325e-09,1.404647408104284e-07,1.0457695473208003e-07
1908,0.3816,0.03,0.010083406460140706,9.580625101787298e-08,1.42527359660437e-07,1.949579120663781e-09,1.405777805397732e-07,1.0473559115832117e-07
1909,0.3818,0.0,0.011373128655212826,9.971314661032811e-08,1.461047584051905e-07,3.102839747163839e-09,1.4300191865802664e-07,1.048956450892845e-07
1910,0.382,0.0,0.011373160332509399,9.951627994639237e-08,1.5101982724631048e-07,5.701464287816782e-09,1.4531836295849366e-07,1.0505703456338744e-07
1911,0.3822,0.0,0.012649752074125522,1.0242345588925316e-07,1.4967438149709325e-07,2.790312610908752e-09,1.4688406888618447e-07,1.0521842603474505e-07
1912,0.3824,0.0,0.013757274659101214,1.0091438849362172e-07,1.5200384094617087e-07,3.955397493787541e-09,1.480484434523833e-07,1.0538079760260994e-07
1913,0.3826,0.01,0.01472165482604451,1.0248545861409439e-07,1.5836755003258564e-07,4.620675482234174e-09,1.5374687455035143e-07,1.0554535402549324e-07
1914,0.3828,0.0,0.016082898926114673,1.014354483619135e-07,1.582858399175446e-07,3.597199545504157e-09,1.546886403720404e-07,1.0570977547042067e-07
1915,0.383,0.03,0.016083097615789403,9.81387414342741e-08,1.5636183147272435e-07,3.3784021589370063e-09,1.529834293137873e-07,1.0587366446919128e-07
1916,0.3832,0.03,0.016083021028465948,9.911571985189367e-08,1.568908619724141e-07,4.426096200427512e-09,1.5246476577198655e-07,1.060381698061106e-07
1917,0.3834,0.0,0.016082783613628977,1.0169368566562514e-07,1.541065711491079e-07,3.703926413607352e-09,1.5040264473550053e-07,1.0620214534968581e-07
1918,0.3836,0.03,0.017238331276560142,9.996343055017558e-08,1.5386773372554883e-07,2.7791049024083706e-09,1.5108862882314044e-07,1.0636644060476728e-07
1919,0.3838,0.0,0.017238531769594508,1.066771741695014e-07,1.587616118409443e-07,4.465028484835622e-09,1.5429658335610866e-07,1.0653209178271595e-07
1920,0.384,0.0,0.018272267254966477,1.0992140484060703e-07,1.565880547315227e-07,3.861601724653094e-09,1.5272645300686959e-07,1.0669927113546185e-07
1921,0.3842,0.03,0.018272570709184706,1.0958266348057398e-07,1.6272539976412887e-07,3.208283063684366e-09,1.5951711670044448e-07,1.0686845106498627e-07
1922,0.3844,0.03,0.018272487182569328,1.0964787045915709e-07,1.628187690635732e-07,3.785740239638132e-09,1.5903302882393503e-07,1.070375856933353e-07
1923,0.3846,0.0,0.018272431097368258,1.1267763290921607e-07,1.670816893658544e-07,4.0974708858140334e-09,1.6298421848004035e-07,1.0720847739827502e-07
1924,0.3848,0.0,0.017165397873500413,1.1483897256323335e-07,1.6841801732063302e-07,3.4447118503252925e-09,1.649733054703077e-07,1.0738072409503579e-07
1925,0.385,0.0,0.017165414400180063,1.1415112032395589e-07,1.7192340177805484e-07,2.8704700107460517e-09,1.6905293176730876e-07,1.0755364543474259e-07
1926,0.3852,0.0,0.015048388557937557,1.143199350216551e-07,1.7110645822714493e-07,4.62511809192009e-09,1.664813401352248e-07,1.0772629450215496e-07
1927,0.3854,0.0,0.014058211782845694,1.1637031864339965e-07,1.7498331553345916e-07,4.23705325045751e-09,1.7074626228300163e-07,1.079009919638579e-07
1928,0.3856,0.0,0.01304336963312722,1.166755032385145e-07,1.7374282207117653e-07,3.2781109839323742e-09,1.7046471108724412e-07,1.0807546844021524e-07
1929,0.3858,0.0,0.013043273092512337,1.1642171412542224e-07,1.6945196122243968e-07,2.773064418489212e-09,1.6667889680395044e-07,1.0824884449703108e-07
1930,0.386,0.0,0.013043320584988177,1.1603114242230285e-07,1.7543265971252852e-07,3.744816431232906e-09,1.716878432812956e-07,1.08423660336233e-07
1931,0.3862,0.0,0.013043235107889933,1.1618213996196226e-07,1.7331409144933266e-07,3.975964195459977e-09,1.6933812725387265e-07,1.0859801675774441e-07
1932,0.3864,0.0,0.013042875466452584,1.121783455037331e-07,1.721142913183438e-07,4.038647015541175e-09,1.6807564430280261e-07,1.0877146012283107e-07
1933,0.3866,0.03,0.013042757161268447,1.0757382914581619e-07,1.7070453706302513e-07,3.74060043622661e-09,1.669639366267985e-07,1.0894420994590189e-07
1934,0.3868,0.0,0.008247839870973599,1.1054665531764384e-07,1.7410455717824225e-07,4.847580624162151e-09,1.6925697655408007e-07,1.0911788345496347e-07
1935,0.387,0.03,0.00873494272725319,1.1242649341345545e-07,1.7698963875429283e-07,5.760689554371104e-09,1.712289491999217e-07,1.0929394836224837e-07
1936,0.3872,0.03,0.009286604711030261,1.1795494008600874e-07,1.8102331674230638e-07,4.05073253987656e-09,1.769725842024298e-07,1.0947267425490838e-07
1937,0.3874,0.0,0.009286434946436476,1.2158713325674929e-07,1.832555978008434e-07,4.4095182246426325e-09,1.7884607957620073e-07,1.0965169285003167e-07
1938,0.3876,0.0,0.008248384127751253,1.1453586256259676e-07,1.795008612969723e-07,4.666888370731647e-09,1.7483397292624063e-07,1.0982875696579423e-07
1939,0.3878,0.0,0.00929794383135208,1.1578894830385199e-07,1.8528966371356333e-07,4.684068490339363e-09,1.8060559522322395e-07,1.1000733333965662e-07
1940,0.388,0.0,0.00824852317601308,1.1535413640529613e-07,1.8379270052598724e-07,6.62962652757922e-09,1.77163073998408e-07,1.1018552523572703e-07
1941,0.3882,0.0,0.008248517016941473,1.14695320206573e-07,1.7542852694664987e-07,3.489775364561348e-09,1.719387515820885e-07,1.1036145590076566e-07
1942,0.3884,0.0,0.008248365694078216,1.1360956071493835e-07,1.8039978016478417e-07,3.8316914085419626e-09,1.7656808875624218e-07,1.1053895131548738e-07
1943,0.3886,0.0,0.008248409901131891,1.1420926348815478e-07,1.7750222286685406e-07,3.0677154805902095e-09,1.7443450738626383e-07,1.1071624192029838e-07
1944,0.3888,0.0,0.00824841875051614,1.1479418660443887e-07,1.786528511061147e-07,3.6215090513110754e-09,1.7503134205480358e-07,1.1089410978479181e-07
1945,0.389,0.0,0.008937107236549656,1.1599592707347807e-07,1.7634563899873178e-07,4.9950821140209495e-09,1.7135055688471081e-07,1.1107143279498082e-07
1946,0.3892,0.0,0.008248298165653208,1.1357749549421607e-07,1.7336295538785079e-07,4.560499628465295e-09,1.6880245575938546e-07,1.1124794835091015e-07
1947,0.3894,0.0,0.008248375590235791,1.1363621511075703e-07,1.7159317539779615e-07,3.086979534150577e-09,1.6850619586364555e-07,1.1142384375626317e-07
1948,0.3896,0.0,0.00824887689227855,1.1808723409868432e-07,1.7979767670422028e-07,3.6107578240237426e-09,1.7618691888019652e-07,1.1160326954593339e-07
1949,0.3898,0.0,0.008671380051380826,1.1709487175694473e-07,1.7443862803375118e-07,2.9650132284302312e-09,1.7147361480532094e-07,1.1178132767892438e-07
1950,0.39,0.0,0.008671176330972225,1.1556800730066384e-07,1.8287958787544714e-07,6.309772988964703e-09,1.765698148864824e-07,1.1196136922296922e-07
1951,0.3902,0.0,0.008671314945458848,1.1755148996054499e-07,1.7664579577195605e-07,4.51381515748599e-09,1.7213198061447005e-07,1.1214032925847382e-07
1952,0.3904,0.0,0.00867118174560497,1.168842635509891e-07,1.7811519489183376e-07,3.3307096219605284e-09,1.747844852698732e-07,1.1231982442627894e-07
1953,0.3906,0.01,0.008248932849328988,1.1757621632459405e-07,1.761948686894673e-07,3.509011474051424e-09,1.7268585721541583e-07,1.124994759798194e-07
1954,0.3908,0.0,0.008665668611172078,1.1705262050281467e-07,1.7446863376208485e-07,4.214980708734522e-09,1.702536530533503e-07,1.1267742449622795e-07
1955,0.391,0.03,0.008684856960032737,1.1082791755160588e-07,1.752911993398695e-07,3.994126230436997e-09,1.7129707310943248e-07,1.1285585098604381e-07
1956,0.3912,0.0,0.008684625103820679,1.1253450448442334e-07,1.7223206557982465e-07,5.219566430839012e-09,1.670124991489856e-07,1.130326343209703e-07
1957,0.3914,0.0,0.00851303231808959,1.0857741536659246e-07,1.6719492433715328e-07,5.673274533359895e-09,1.6152164980379335e-07,1.1320768000480701e-07
1958,0.3916,0.0,0.008512884116695237,1.073810371709029e-07,1.6367468545605478e-07,4.565731211664777e-09,1.5910895424438999e-07,1.1338173005055438e-07
1959,0.3918,0.0,0.008512910262040579,1.0768069303518495e-07,1.6552652434159856e-07,5.880804646364722e-09,1.596457196952338e-07,1.1355679949267382e-07
1960,0.392,0.0,0.0085129152746101,1.0770945743377151e-07,1.6608537947459478e-07,4.285661495046945e-09,1.617997179795478e-07,1.1373212463623023e-07
1961,0.3922,0.0,0.008512826139764831,1.0729091664138862e-07,1.6652036090923592e-07,3.907393913240798e-09,1.6261296699599508e-07,1.1390745984619697e-07
1962,0.3924,0.0,0.008512714371073645,1.0689410786480436e-07,1.6347924566784307e-07,3.3297920070438955e-09,1.6014945366079914e-07,1.1408222349792429e-07
1963,0.3926,0.0,0.009044996774813756,1.0966741847865962e-07,1.6349439770571826e-07,4.550657252415462e-09,1.5894374045330276e-07,1.1425741196502961e-07
1964,0.3928,0.0,0.009045240485635148,1.1067095793477957e-07,1.622959705492009e-07,3.1513371436977133e-09,1.5914463340550316e-07,1.1443253009636997e-07
1965,0.393,0.03,0.00959802478855726,1.1091178327672073e-07,1.7085128173124917e-07,4.441079983208232e-09,1.664102017480409e-07,1.1461129959559818e-07
1966,0.3932,0.01,0.009598097430439824,1.1474142733751957e-07,1.7570752521744498e-07,3.884068461210749e-09,1.718234567562342e-07,1.1479178796097736e-07
1967,0.3934,0.0,0.009145692455825522,1.1320909737086653e-07,1.7385070494591552e-07,6.135715020833397e-09,1.6771498992508209e-07,1.1497152169231804e-07
1968,0.3936,0.0,0.00914560177825522,1.1205059368392443e-07,1.7182417169712522e-07,6.810589519035534e-09,1.6501358217808965e-07,1.1515076329595798e-07
1969,0.3938,0.03,0.00914599600150492,1.100309744108925e-07,1.7430446532353023e-07,4.649771596908767e-09,1.6965469372662143e-07,1.1533083019034808e-07
1970,0.394,0.0,0.00919115503482187,1.1409189786964872e-07,1.7612723486242708e-07,4.52969127888955e-09,1.715975435835375e-07,1.155120974866939e-07
1971,0.3942,0.0,0.00947246955041983,1.1119885325996746e-07,1.6872220178391765e-07,5.303420055371024e-09,1.634187817285466e-07,1.1569055155140141e-07
1972,0.3944,0.0,0.009472106385108278,1.0869888229326549e-07,1.6480742511565315e-07,4.547478090874682e-09,1.6025994702477844e-07,1.1586737624814738e-07
1973,0.3946,0.0,0.009471926770060469,1.0745844611702332e-07,1.5814503388031004e-07,3.232248594503095e-09,1.5491278528580694e-07,1.1604233379434619e-07
1974,0.3948,0.0,0.00947216793248075,1.0912988177920447e-07,1.6178218123971303e-07,4.292146428915388e-09,1.5749003481079763e-07,1.1621838823039797e-07
1975,0.395,0.0,0.008918492317611855,1.0844358955623795e-07,1.7177350653952128e-07,5.546140094448542e-09,1.6622736644507272e-07,1.1639771330093425e-07
1976,0.3952,0.0,0.008918809330181875,1.1169851883554889e-07,1.741586195124283e-07,5.505970046387534e-09,1.6865264946604072e-07,1.165788113613059e-07
1977,0.3954,0.0,0.008918704724176489,1.1019378754069069e-07,1.708380992301162e-07,5.6097518951790265e-09,1.6522834733493715e-07,1.1675855444907323e-07
1978,0.3956,0.0,0.009397723728004815,1.1250757015866729e-07,1.6953662800021384e-07,5.355907070187344e-09,1.6418072093002648e-07,1.1693852421310992e-07
1979,0.3958,0.0,0.009595375779640206,1.1450952468695352e-07,1.6801567616648465e-07,5.261324932481832e-09,1.6275435123400278e-07,1.1711874003748731e-07
1980,0.396,0.03,0.00959554576038515,1.1095173649497159e-07,1.673250489040301e-07,2.7875774641276998e-09,1.6453747143990238e-07,1.172990405437689e-07
1981,0.3962,0.03,0.009944342604393482,1.119043362786196e-07,1.6587242678098053e-07,3.5241577625765075e-09,1.62348269018404e-07,1.1747927079766052e-07
1982,0.3964,0.0,0.00994381355967858,1.1175816315357101e-07,1.6820149681745361e-07,4.219701350890361e-09,1.6398179546656323e-07,1.1765982372978985e-07
1983,0.3966,0.0,0.009943936481092666,1.1177104615948938e-07,1.646199815047836e-07,2.5643277229194766e-09,1.620556537818641e-07,1.178385536324413e-07
1984,0.3968,0.0,0.009448772068689684,1.127468706291592e-07,1.706739861286888e-07,2.826832628640496e-09,1.678471535000483e-07,1.180196030374228e-07
1985,0.397,0.0,0.009448704862138642,1.1189954566621364e-07,1.8430022993742503e-07,6.623564354397653e-09,1.7767666558302735e-07,1.1820461866334636e-07
1986,0.3972,0.0,0.009448638250000628,1.1043004210343404e-07,1.8420139726097994e-07,5.301744041894256e-09,1.7889965321908566e-07,1.1838962489353246e-07
1987,0.3974,0.0,0.009401399014094928,1.1223359189388758e-07,1.8550552575560746e-07,4.797490590573784e-09,1.8070803516503365e-07,1.1857564907433715e-07
1988,0.3976,0.0,0.010359593014519688,1.1486980843930453e-07,1.895802840515782e-07,4.101981101583564e-09,1.8547830294999462e-07,1.1876358466580677e-07
1989,0.3978,0.0,0.009401961470910249,1.1618420971770992e-07,1.9479522330197128e-07,3.2380656165003573e-09,1.915571576854709e-07,1.1895341315522008e-07
1990,0.398,0.0,0.010604330800240676,1.1862633952296255e-07,1.9169883596555595e-07,4.216396028745387e-09,1.8748243993681054e-07,1.1914284469493336e-07
1991,0.3982,0.01,0.010604607748167426,1.196415759001109e-07,1.9295190224906692e-07,4.589184596858864e-09,1.8836271765220802e-07,1.193332899141217e-07
1992,0.3984,0.0,0.010604675415773016,1.2136954880628082e-07,2.0138162177399197e-07,6.3975464688481794e-09,1.9498407530514375e-07,1.1952667850468577e-07
1993,0.3986,0.0,0.010604833202433168,1.2271616225067144e-07,2.0340473602508052e-07,4.565890045874246e-09,1.9883884597920626e-07,1.197209068943428e-07
1994,0.3988,0.03,0.010605016175046774,1.2059528616256291e-07,1.9995934239120727e-07,5.829269935757249e-09,1.9413007245545e-07,1.1991484781578847e-07
1995,0.399,0.0,0.011751551356057984,1.191971720076628e-07,1.9958245357683862e-07,6.467877553821844e-09,1.9311457602301676e-07,1.201077943833897e-07
1996,0.3992,0.0,0.009942670709327476,1.1844387138268412e-07,1.992761033200695e-07,8.94268659689587e-09,1.903334167231736e-07,1.20300615151293e-07
1997,0.3994,0.0,0.009943214293187466,1.2313043199371628e-07,1.9545062558049517e-07,5.779929156596939e-09,1.896706964238982e-07,1.2049312385620368e-07
1998,0.3996,0.03,0.00994347584813979,1.2307590626417717e-07,1.943677062666795e-07,5.2808365517758685e-09,1.8908686971490362e-07,1.2068673392028214e-07
1999,0.3998,0.0,0.010776042454369568,1.2477914742917496e-07,1.9544419687882726e-07,2.2797262584009857e-09,1.9316447062042626e-07,1.208806133895421e-07
2000,0.4,0.0,0.010776272028004815,1.2693302528599898e-07,2.0018533673872964e-07,6.185500954572679e-09,1.9399983578415692e-07,1.2107594175610612e-07
2001,0.4002,0.0,0.009943289674998535,1.262553583333885e-07,1.9760709013643352e-07,5.06009881329735e-09,1.9254699132313614e-07,1.2127115613674784e-07
2002,0.4004,0.0,0.009943517496957618,1.2817462485939514e-07,2.0337329969787093e-07,5.151846832107519e-09,1.9822145286576337e-07,1.2146856816778689e-07
2003,0.4006,0.0,0.009945053758909741,1.2881065036933604e-07,1.994057183067759e-07,6.407214571772987e-09,1.9299850373500288e-07,1.216650785848691e-07
2004,0.4008,0.0,0.009943215109651477,1.2533300378839173e-07,1.968964358878832e-07,5.20671475591538e-09,1.916897211319678e-07,1.2186049348183982e-07
2005,0.401,0.0,0.009943784814272962,1.295630818315725e-07,2.0386429320464992e-07,4.708487316720221e-09,1.9915580588792968e-07,1.220586505068944e-07
2006,0.4012,0.0,0.009944131959657562,1.337120298060692e-07,2.0600467612442682e-07,5.192785174443003e-09,2.008118909499838e-07,1.2225880107150472e-07
2007,0.4014,0.0,0.009943906530119357,1.3070648765537697e-07,2.030579194023067e-07,5.100380105845231e-09,1.9795753929646145e-07,1.2245761320834323e-07
2008,0.4016,0.03,0.010409421444256639,1.251534575629934e-07,2.0171631519996614e-07,6.937130517128687e-09,1.9477918468283744e-07,1.2265569403778766e-07
2009,0.4018,0.0,0.01395169132505434,1.2728804361322066e-07,2.0323076595662413e-07,8.429290947666065e-09,1.9480147500895804e-07,1.2285413431138083e-07
2010,0.402,0.0,0.012925971698374715,1.26152123776312e-07,1.9415470561650697e-07,5.277428932309345e-09,1.888772766841976e-07,1.2304923230159815e-07
2011,0.4022,0.03,0.012925977420559382,1.2200530539259e-07,1.9758022799176028e-07,6.176967348726498e-09,1.9140326064303374e-07,1.2324590485250577e-07
2012,0.4024,0.01,0.012926115754480135,1.2508814935859884e-07,1.9860525885237564e-07,5.48046701244772e-09,1.931247918399279e-07,1.2344333586752466e-07
2013,0.4026,0.0,0.01398423409717801,1.2643378332628902e-07,1.9908523023789354e-07,4.305534270790939e-09,1.9477969596710257e-07,1.2364056318873037e-07
2014,0.4028,0.0,0.01515820824907291,1.2515346042100146e-07,2.0070954355422696e-07,7.358449901106131e-09,1.933510936531208e-07,1.238383920601455e-07
2015,0.403,0.01,0.015158048038696713,1.2308338587097967e-07,1.967229232584068e-07,5.126442339435738e-09,1.9159648091897104e-07,1.2403547499093618e-07
2016,0.4032,0.0,0.015157846074952198,1.2394523100987922e-07,1.9696584334952836e-07,4.894505505839155e-09,1.9207133784368918e-07,1.2423205496163344e-07
2017,0.4034,0.0,0.015158385334811945,1.2959140673521557e-07,2.0286668780929743e-07,7.4968009971559e-09,1.953698868121415e-07,1.2443190425435982e-07
2018,0.4036,0.0,0.015157634809498253,1.2337907797786129e-07,1.9828218053287856e-07,6.4758285127896916e-09,1.9180635202008884e-07,1.2462925173499175e-07
2019,0.4038,0.0,0.015157592785686088,1.2341197990555988e-07,1.9703798259165205e-07,4.900938052449156e-09,1.9213704453920285e-07,1.2482687198556708e-07
2020,0.404,0.01,0.016310488332196855,1.205929849147074e-07,1.9118573598139992e-07,4.174910857912781e-09,1.8701082512348711e-07,1.250223774557711e-07
2021,0.4042,0.0,0.015175893097340938,1.2326115317011305e-07,1.9157173808617588e-07,6.47641584136269e-09,1.8509532224481318e-07,1.2521786249741023e-07
2022,0.4044,0.0,0.01602684935019432,1.2223677692994272e-07,1.8906382444023548e-07,5.524852585547398e-09,1.8353897185468805e-07,1.2541305615872696e-07
2023,0.4046,0.01,0.014863554873446374,1.2122931010411797e-07,1.8422455367932145e-07,2.3608354377715e-09,1.8186371824154992e-07,1.256077756534094e-07
2024,0.4048,0.03,0.016011328832812956,1.195144261718215e-07,1.8453317784411924e-07,6.292781862905164e-09,1.7824039598121405e-07,1.258028013677819e-07
2025,0.405,0.0,0.016011006505253195,1.2193673519701476e-07,1.8295531810170666e-07,5.077576227898031e-09,1.778777418738086e-07,1.259972151351576e-07
2026,0.4052,0.0,0.01601106733355349,1.2285410525476475e-07,1.8202652469887636e-07,5.502398513171206e-09,1.7652412618570512e-07,1.2619205446575335e-07
2027,0.4054,0.0,0.016010997469553312,1.2155853423688464e-07,1.84915492752204e-07,3.9978028565857925e-09,1.809176898956182e-07,1.2638705214683343e-07
2028,0.4056,0.0,0.01601077143911884,1.203335871147632e-07,1.8573018867426197e-07,6.784094022821508e-09,1.7894609465144043e-07,1.2658258768556406e-07
2029,0.4058,0.0,0.016010460614027673,1.1717606075816518e-07,1.8865570516482997e-07,6.837077209943431e-09,1.8181862795488652e-07,1.2677820375799686e-07
2030,0.406,0.0,0.015169719678275698,1.1860719215836238e-07,1.8824125857797964e-07,6.132654161262023e-09,1.8210860441671758e-07,1.2697412751095631e-07
2031,0.4062,0.03,0.014125894339423075,1.1716566441268752e-07,1.8522243868291506e-07,3.4365818169537858e-09,1.8178585686596124e-07,1.2717009171639781e-07
2032,0.4064,0.0,0.014126065800027855,1.2238550202170828e-07,1.8684388046373804e-07,4.128317862884894e-09,1.8271556260085312e-07,1.2736657948191867e-07
2033,0.4066,0.0,0.013125049559545894,1.2285350753168328e-07,1.9304181670863246e-07,4.413959675362652e-09,1.8862785703326978e-07,1.275654060063508e-07
2034,0.4068,0.03,0.013125179081236032,1.1716998138756296e-07,1.873025608621306e-07,5.8496665314763794e-09,1.814528943306542e-07,1.2776241696430363e-07
2035,0.407,0.03,0.014196790503309877,1.2064824752067838e-07,1.9480014074820964e-07,5.999874599853061e-09,1.8880026614835656e-07,1.279621352968898e-07
2036,0.4072,0.0,0.011141989076179153,1.1924675815850578e-07,1.9453411397143834e-07,6.518358436428734e-09,1.8801575553500959e-07,1.2816064731917024e-07
2037,0.4074,0.0,0.009696697015851885,1.201043560765899e-07,1.934278067319348e-07,4.323417071719096e-09,1.8910438966021565e-07,1.2835941457576174e-07
2038,0.4076,0.0,0.00969648644586627,1.1874865890401002e-07,1.9317659669251e-07,4.3729627462217585e-09,1.888036339462882e-07,1.285582435979867e-07
2039,0.4078,0.0,0.009696484389393193,1.1900675662291465e-07,1.913638146243929e-07,8.150057640822556e-09,1.8321375698357032e-07,1.2875649739701347e-07
2040,0.408,0.0,0.009448696229787364,1.1627381852075771e-07,1.9020944890368899e-07,6.144329910508466e-09,1.840651189931805e-07,1.2895426943478617e-07
2041,0.4082,0.0,0.009448450302935936,1.1526170269400723e-07,1.86125326438537e-07,5.7954414388669265e-09,1.8032988499967003e-07,1.291507069078829e-07
2042,0.4084,0.0,0.009448649042311144,1.1659496004897386e-07,1.841042966418755e-07,2.6701202940136107e-09,1.8143417634786188e-07,1.2934699900330965e-07
2043,0.4086,0.0,0.009449182655239915,1.2121642459139062e-07,1.9562648647687483e-07,5.563263349151304e-09,1.900632231277235e-07,1.295477469948534e-07
2044,0.4088,0.0,0.008675422021220043,1.2173069555214525e-07,1.9493275713799097e-07,6.843896268873473e-09,1.8808886086911746e-07,1.2974883292319016e-07
2045,0.409,0.03,0.008675586537160156,1.1910229688699639e-07,1.971750910833037e-07,4.442044712230018e-09,1.9273304637107366e-07,1.29950807343984e-07
2046,0.4092,0.0,0.008675494509225922,1.2249922294867378e-07,1.9809606314174765e-07,6.2161447741034705e-09,1.9187991836764416e-07,1.3015330459178556e-07
2047,0.4094,0.0,0.008675122003412443,1.1898883805751118e-07,1.9683432486822538e-07,5.936203240348801e-09,1.9089812162787655e-07,1.303547150717905e-07
2048,0.4096,0.0,0.008129697958547047,1.165658463524054e-07,1.9210430537412241e-07,4.0166162034635075e-09,1.8808768917065887e-07,1.3055382240557082e-07
2049,0.4098,0.01,0.007782303373135917,1.1506242268294104e-07,1.90203944800935e-07,6.078783662435759e-09,1.841251611384992e-07,1.3075266251887544e-07
2050,0.41,0.0,0.007782241188634843,1.1586955881345063e-07,1.9183021944138518e-07,6.644873375120145e-09,1.8518534606626501e-07,1.3095230650705424e-07
2051,0.4102,0.0,0.007364385098762713,1.184096975768558e-07,1.9406463723416408e-07,6.73114285743171e-09,1.8733349437673235e-07,1.3115240407150493e-07
2052,0.4104,0.03,0.008164238731168064,1.1881986696682974e-07,1.963916799543471e-07,6.27397808972441e-09,1.9011770186462265e-07,1.313552530709509e-07
2053,0.4106,0.0,0.007364473930291461,1.198923011804176e-07,1.8955941332720089e-07,5.259409665378323e-09,1.8430000366182254e-07,1.315558254376916e-07
2054,0.4108,0.0,0.007364356437854004,1.1960806898156256e-07,1.9574739881549262e-07,6.391114647201989e-09,1.893562841682906e-07,1.3175793881545407e-07
2055,0.411,0.0,0.007013638406789387,1.1954944291177035e-07,1.9127569435417486e-07,5.142727982523763e-09,1.8613296637165108e-07,1.3195938823633135e-07
2056,0.4112,0.0,0.00702822316910782,1.2122797818621183e-07,1.9037740976279863e-07,4.722260938669059e-09,1.8565514882412956e-07,1.3216117879568771e-07
2057,0.4114,0.0,0.007027973933773212,1.1890413298841474e-07,1.8889133609090077e-07,2.8850860631577473e-09,1.86006250027743e-07,1.3236229965815307e-07
2058,0.4116,0.0,0.00712978928271768,1.1852180307085533e-07,1.897295682619945e-07,6.033431070804022e-09,1.8369613719119045e-07,1.3256300979605813e-07
2059,0.4118,0.0,0.007847870855894898,1.1786993385602974e-07,1.85682356084095e-07,5.254355215290592e-09,1.8042800086880437e-07,1.3276337887186907e-07
2060,0.412,0.0,0.00994272799214399,1.2033506532282043e-07,1.8716596644920048e-07,7.140477410731497e-09,1.8002548903846895e-07,1.32964888090485e-07
2061,0.4122,0.0,0.008663169662693133,1.1761157475429615e-07,1.795238418188333e-07,5.9626406391585596e-09,1.735612011796747e-07,1.3316386104836371e-07
2062,0.4124,0.0,0.009663733449295674,1.14496041881915e-07,1.8162910115599876e-07,8.481155593255725e-09,1.73147945562743e-07,1.333628252389798e-07
2063,0.4126,0.0,0.008422705338967978,1.1039938780879961e-07,1.801404051444463e-07,6.412518085059403e-09,1.7372788705938688e-07,1.3356038008250137e-07
2064,0.4128,0.0,0.008423236816475735,1.1330098526226612e-07,1.8504058577218967e-07,4.411900979291664e-09,1.8062868479289797e-07,1.3376033003505558e-07
2065,0.413,0.0,0.011477246961915379,1.1555619896958457e-07,1.8250164905552926e-07,6.0217770811882496e-09,1.7647987197434098e-07,1.339603781037391e-07
2066,0.4132,0.0,0.013948305393129773,1.1315912720579167e-07,1.7965924265765847e-07,7.021231436361386e-09,1.7263801122129705e-07,1.3415878708753852e-07
2067,0.4134,0.0,0.0129230070796174,1.1496988748532038e-07,1.739752858837089e-07,6.1791424340620976e-09,1.6779614344964677e-07,1.3435678403637353e-07
2068,0.4136,0.0,0.01292249096909408,1.112485801706183e-07,1.7405304976532785e-07,5.259374097912984e-09,1.6879367566741485e-07,1.3455383724805317e-07
2069,0.4138,0.03,0.013980898524697097,1.1179933275759068e-07,1.7869270647156065e-07,7.184260639019345e-09,1.7150844583254127e-07,1.3475342361334899e-07
2070,0.414,0.03,0.013980721607055768,1.108321616423236e-07,1.8183346269669113e-07,6.70219257559377e-09,1.7513127012109734e-07,1.34953986928945e-07
2071,0.4142,0.0,0.015154552599281328,1.1335805429550906e-07,1.8082159191761906e-07,4.8074551432988965e-09,1.7601413677432014e-07,1.3515392116092504e-07
2072,0.4144,0.0,0.015154231125471743,1.1078118572629425e-07,1.799283260506462e-07,7.209710715118729e-09,1.7271861533552744e-07,1.353534904262343e-07
2073,0.4146,0.0,0.015154068003828054,1.1033175732372821e-07,1.7985928248509147e-07,7.137063421067578e-09,1.7272221906402386e-07,1.3555313360220554e-07
2074,0.4148,0.0,0.015154487305257208,1.1384407783821903e-07,1.8002135886248505e-07,7.24087870386194e-09,1.7278048015862308e-07,1.3575368987396896e-07
2075,0.415,0.0,0.01515439793594528,1.1282009565645579e-07,1.7616812067632556e-07,7.640644485567476e-09,1.6852747619075806e-07,1.359528664761126e-07
2076,0.4152,0.03,0.015154707714999936,1.1021545027188843e-07,1.75215489551915e-07,4.264791529813586e-09,1.709506980221014e-07,1.3615268770878422e-07
2077,0.4154,0.03,0.016307799644096507,1.1543743304653928e-07,1.7925957153670775e-07,4.709568045225193e-09,1.7455000349148253e-07,1.3635507137072356e-07
2078,0.4156,0.0,0.016024360433847452,1.2047398230452223e-07,1.898331836756679e-07,5.080912031480367e-09,1.847522716441875e-07,1.3656042837187459e-07
2079,0.4158,0.03,0.01602473218257278,1.1846839962182795e-07,1.8766130501189994e-07,5.7060965707481904e-09,1.8195520844115173e-07,1.367659380829438e-07
2080,0.416,0.01,0.01600898099583508,1.2153493299415992e-07,1.9420093607063123e-07,5.096397397550727e-09,1.8910453867308048e-07,1.3697382207813679e-07
2081,0.4162,0.0,0.01600874983465564,1.2157011116508786e-07,1.9437482301452628e-07,7.601913753994656e-09,1.867729092605316e-07,1.371812262699751e-07
2082,0.4164,0.03,0.016009050360455357,1.1862219166397553e-07,1.9463813543198014e-07,4.137485106284999e-09,1.9050065032569512e-07,1.3738944294379357e-07
2083,0.4166,0.0,0.016008904611477647,1.2141871408342473e-07,1.9765844685651224e-07,5.2051970755525025e-09,1.924532497809597e-07,1.3759824316230305e-07
2084,0.4168,0.0,0.01600926086830989,1.2442317084444514e-07,2.054707090958095e-07,7.382297805845376e-09,1.9808841128996408e-07,1.3781000867692212e-07
2085,0.417,0.0,0.01600917258017642,1.2420811800231886e-07,2.0912562052450973e-07,6.676583406092229e-09,2.0244903711841747e-07,1.3802316663441355e-07
2086,0.4172,0.0,0.017156940833116356,1.2598158990464605e-07,2.0694360949594755e-07,5.983547194629587e-09,2.0096006230131792e-07,1.3823582546677156e-07
2087,0.4174,0.0,0.01621994045531241,1.2925423549861495e-07,2.1222991929703911e-07,7.649103759241638e-09,2.0458081553779746e-07,1.3845118651350008e-07
2088,0.4176,0.0,0.01412548463667137,1.300144666386685e-07,2.0895358733948156e-07,8.025058780420808e-09,2.0092852855906072e-07,1.3866556328325002e-07
2089,0.4178,0.0,0.014125357363430735,1.302640409144327e-07,2.0559591602560355e-07,4.4932530883487985e-09,2.0110266293725473e-07,1.3888013587287846e-07
2090,0.418,0.03,0.013124737939424182,1.2898961841692474e-07,2.0180763458056686e-07,7.260741450519681e-09,1.9454689313004715e-07,1.3909416774486467e-07
2091,0.4182,0.03,0.01419520165811042,1.2603732427678153e-07,1.9580226381732586e-07,6.064502392413614e-09,1.897377614249122e-07,1.3930622434963676e-07
2092,0.4184,0.0,0.01419514171525625,1.2968100851720481e-07,1.9395846358224826e-07,6.490329399148001e-09,1.8746813418310023e-07,1.395175143808894e-07
2093,0.4186,0.0,0.012192032095103729,1.219122814301355e-07,1.8972034898004756e-07,7.907872191896046e-09,1.818124767881515e-07,1.397256391094021e-07
2094,0.4188,0.01,0.012169458759804408,1.1770243918108536e-07,1.8832763368400066e-07,5.362353476426428e-09,1.829652802075742e-07,1.399335589730784e-07
2095,0.419,0.01,0.012169507444726332,1.1783898824392584e-07,1.8788407684900317e-07,6.0932073681284244e-09,1.8179086948087473e-07,1.40141621010841e-07
2096,0.4192,0.01,0.011023466447717779,1.1756367979751889e-07,1.852728497698115e-07,6.062973194001345e-09,1.7920987657581011e-07,1.4034914426533352e-07
2097,0.4194,0.03,0.012081476831080741,1.1181982913137151e-07,1.7986613727197156e-07,4.919856081253361e-09,1.7494628119071817e-07,1.4055414699027557e-07
2098,0.4196,0.0,0.011947521330252162,1.1734249515336433e-07,1.7924590275472216e-07,4.5286989650882016e-09,1.7471720378963393e-07,1.4075963621815826e-07
2099,0.4198,0.0,0.010886033157595176,1.175609165860371e-07,1.8697822785301726e-07,7.0020383515119665e-09,1.7997618950150528e-07,1.4096775368021365e-07
2100,0.42,0.0,0.009754075653258004,1.1831036511578261e-07,1.8408924492050605e-07,6.269326558390552e-09,1.7781991836211549e-07,1.4117491055412986e-07
2101,0.4202,0.0,0.009753449985662846,1.1337890222541912e-07,1.8348272370629364e-07,7.139257233551482e-09,1.7634346647274214e-07,1.4138141560509692e-07
2102,0.4204,0.0,0.010649971689033193,1.1532739340083327e-07,1.8038309687010362e-07,4.756013277413908e-09,1.7562708359268968e-07,1.4158754104229078e-07
2103,0.4206,0.0,0.009502884012052936,1.1707750513939702e-07,1.827149702113687e-07,7.064802838757113e-09,1.7565016737261158e-07,1.4179504395832728e-07
2104,0.4208,0.0,0.010877067312572585,1.1436125386223612e-07,1.8668239071552355e-07,6.016884785565251e-09,1.8066550592995828e-07,1.4200331946419176e-07
2105,0.421,0.0,0.011802861904389894,1.1609941094927253e-07,1.8284715467222268e-07,7.25121854926656e-09,1.755959361229561e-07,1.4221076024170986e-07
2106,0.4212,0.0,0.012994042816479862,1.1358775737508841e-07,1.808483501539248e-07,5.824189473356376e-09,1.7502416068056839e-07,1.424174033524416e-07
2107,0.4214,0.0,0.012994176111117035,1.1495694403595821e-07,1.888855153940538e-07,6.258577423394874e-09,1.826269379706589e-07,1.4262703622761334e-07
2108,0.4216,0.0,0.014012234968537589,1.1571703916136266e-07,1.9105303029959745e-07,5.218279957604253e-09,1.8583475034199317e-07,1.4283740411505024e-07
2109,0.4218,0.0,0.015087399964902815,1.1620255311652609e-07,1.9667411806818817e-07,8.443502881124095e-09,1.8823061518706404e-07,1.4304949315142566e-07
2110,0.422,0.0,0.016189951071414153,1.1334969931000972e-07,1.935325447286522e-07,6.789667851842125e-09,1.8674287687681007e-07,1.4326020424209814e-07
2111,0.4222,0.0,0.015156534954771043,1.136757762583024e-07,1.8848010339222706e-07,8.784132510850251e-09,1.796959708813768e-07,1.4346970745801125e-07
2112,0.4224,0.0,0.016529385830726277,1.1327291705802271e-07,1.8561751715987073e-07,6.7936194272991735e-09,1.7882389773257152e-07,1.4367893404741478e-07
2113,0.4226,0.0,0.01652950680874815,1.1490937723392118e-07,1.8397803029692858e-07,6.058561671688162e-09,1.7791946862524038e-07,1.4388824918719942e-07
2114,0.4228,0.0,0.016529691249438525,1.1684875747060081e-07,1.841520038450389e-07,5.563077993172306e-09,1.7858892585186657e-07,1.4409844013920894e-07
2115,0.423,0.0,0.015511748652731994,1.128368635916809e-07,1.850515979839091e-07,7.134462461572275e-09,1.779171355223368e-07,1.4430795471126973e-07
2116,0.4232,0.0,0.0143150666629054,1.1155050781971685e-07,1.779764693714536e-07,5.269212180603236e-09,1.7270725719085033e-07,1.4451537693417163e-07
2117,0.4234,0.0,0.014315145169711023,1.122223594506962e-07,1.7578133158258144e-07,5.08490699282075e-09,1.7069642458976065e-07,1.4472191954960502e-07
2118,0.4236,0.0,0.01333333837565304,1.1124829206553124e-07,1.8258631768790696e-07,6.7912401527007785e-09,1.7579507753520617e-07,1.449309253758257e-07
2119,0.4238,0.0,0.013333583563677401,1.1302014618423734e-07,1.9116290789799467e-07,6.394857627162892e-09,1.8476805027083174e-07,1.451424272268691e-07
2120,0.424,0.03,0.013333669352101094,1.0833843939299515e-07,1.851801429718069e-07,5.855900060013852e-09,1.79324242911793e-07,1.4535256557699776e-07
2121,0.4242,0.03,0.013333426938509712,1.062328822402975e-07,1.841871581466995e-07,6.355958614343847e-09,1.7783119953235563e-07,1.455621791448832e-07
2122,0.4244,0.0,0.012327831658838705,1.098806139630371e-07,1.9093878206183488e-07,6.434269561868345e-09,1.8450451249996652e-07,1.4577371462267733e-07
2123,0.4246,0.0,0.012328232451909745,1.1265930503521608e-07,2.0382178779880636e-07,6.8112775730207124e-09,1.9701051022578562e-07,1.4598966620728961e-07
2124,0.4248,0.0,0.012328697279575099,1.1700332369015168e-07,2.0854971431435253e-07,7.083057485996258e-09,2.0146665682835625e-07,1.462079267254769e-07
2125,0.425,0.0,0.012328954126001719,1.1944168417608588e-07,2.0968754550172568e-07,8.264207105384e-09,2.0142333839634164e-07,1.4642722253566565e-07
2126,0.4252,0.0,0.012418109521231041,1.1862701523108154e-07,2.0899588319565836e-07,7.776372246325682e-09,2.0121951094933266e-07,1.466465356696361e-07
2127,0.4254,0.0,0.013637079960557878,1.1584596911633145e-07,2.0183801398592767e-07,8.832983993433584e-09,1.9300502999249405e-07,1.4686342233025013e-07
2128,0.4256,0.03,0.013636823602461582,1.077280207006408e-07,1.8906457185455353e-07,6.501983790504881e-09,1.8256258806404861e-07,1.4707616514102503e-07
2129,0.4258,0.03,0.013636675282419106,1.0974810507902794e-07,1.9227483319357341e-07,8.302380671617222e-09,1.8397245252195615e-07,1.472904138501134e-07
2130,0.426,0.01,0.012727516444006205,1.1570470895537725e-07,1.9467066062051066e-07,8.121756309457991e-09,1.8654890431105263e-07,1.4750639798633025e-07
2131,0.4262,0.0,0.01272801192136073,1.209752672315311e-07,1.9159762667491295e-07,7.804807214483776e-09,1.8379281946042915e-07,1.4772178432186978e-07
2132,0.4264,0.03,0.011443941333389473,1.1351687059453068e-07,1.893679203531851e-07,5.5194368427961154e-09,1.8384848351038896e-07,1.4793670620853155e-07
2133,0.4266,0.0,0.011443787180095403,1.1602425332852453e-07,1.894239510181961e-07,4.759476882286865e-09,1.846644741359092e-07,1.4815121721825708e-07
2134,0.4268,0.0,0.011443372681266238,1.1357266026937668e-07,1.897230542177471e-07,9.570862774345084e-09,1.80152191443402e-07,1.4836506762123326e-07
2135,0.427,0.0,0.010331733643725796,1.0885045488175e-07,1.895503197547436e-07,8.206839055178393e-09,1.8134348069956518e-07,1.485786142534817e-07
2136,0.4272,0.0,0.011555561030999162,1.0727623358861047e-07,1.8373077215502846e-07,6.350330122531793e-09,1.7738044203249664e-07,1.4879028676108798e-07
2137,0.4274,0.0,0.010537922312820674,1.0909718965437105e-07,1.7968869763810978e-07,6.932520778498516e-09,1.7275617685961125e-07,1.4900088331813988e-07
2138,0.4276,0.0,0.010331491605816454,1.086990071217515e-07,1.813731645096589e-07,5.744902036867604e-09,1.7562826247279128e-07,1.4921259000585305e-07
2139,0.4278,0.01,0.011364701217845698,1.0919749069041395e-07,1.8198583663684721e-07,6.3066687678927175e-09,1.7567916786895447e-07,1.494249246851479e-07
2140,0.428,0.0,0.011365033115788268,1.1363617400663794e-07,1.875824284812296e-07,6.674108399565628e-09,1.8090832008166395e-07,1.4964006216688401e-07
2141,0.4282,0.0,0.011365312773924979,1.151390022118626e-07,1.9097515861606418e-07,7.748101138079604e-09,1.8322705747798456e-07,1.498562704329715e-07
2142,0.4284,0.01,0.010222853924297375,1.1525515161297487e-07,1.880018038024501e-07,6.667019802253396e-09,1.8133478400019668e-07,1.5007259636606632e-07
2143,0.4286,0.0,0.011239332379267135,1.113936951961317e-07,1.844350871003219e-07,5.45164551984742e-09,1.7898344158047445e-07,1.5028699913805334e-07
2144,0.4288,0.03,0.01123954565656068,1.0686724855725985e-07,1.8241503661348363e-07,7.177559862803844e-09,1.7523747675067975e-07,1.5050081916279262e-07
2145,0.429,0.0,0.012435725768725878,1.1006902658527308e-07,1.862230575500261e-07,6.901177746727029e-09,1.7932187980329903e-07,1.5071571942628963e-07
2146,0.4292,0.0,0.012188774661120224,1.0814144262809476e-07,1.804806427466506e-07,6.379580766246613e-09,1.7410106198040396e-07,1.5092811139243697e-07
2147,0.4294,0.01,0.012188631982778177,1.0572257489355609e-07,1.7459403846241295e-07,6.2329235862755755e-09,1.6836111487613734e-07,1.51139016492914e-07
2148,0.4296,0.0,0.012189258833454846,1.1114525605071641e-07,1.8419279520255042e-07,5.636406418060228e-09,1.7855638878449016e-07,1.513542283626054e-07
2149,0.4298,0.0,0.012189354510446919,1.1108820914752593e-07,1.9076299560991013e-07,1.1105503210433152e-08,1.7965749239947695e-07,1.5157098135355866e-07
2150,0.43,0.0,0.01218937633387033,1.116787609383329e-07,1.9116862033418976e-07,6.8519724018592284e-09,1.843166479323305e-07,1.5178860051319774e-07
2151,0.4302,0.0,0.01216648646035186,1.0612874720424518e-07,1.8623442198862477e-07,5.087159773102147e-09,1.8114726221552258e-07,1.520037556856278e-07
2152,0.4304,0.0,0.012166688553719968,1.0828394958033379e-07,1.827528893488128e-07,7.002044939705143e-09,1.757508444091076e-07,1.522183593816983e-07
2153,0.4306,0.0,0.011537782238059837,1.112253908807103e-07,1.883776630439876e-07,7.520182036292308e-09,1.8085748100769526e-07,1.5243553612793518e-07
2154,0.4308,0.01,0.01207922561873933,1.0863683568114555e-07,1.8726022385721207e-07,7.323203229079058e-09,1.7993702062813298e-07,1.5265225890189e-07
2155,0.431,0.0,0.011945198050634438,1.1186231447933121e-07,1.87336931279232e-07,7.31324079693262e-09,1.8002369048229935e-07,1.5286910248274665e-07
2156,0.4312,0.0,0.010883787045107585,1.119132925723419e-07,1.9518959916198467e-07,7.755502485627347e-09,1.874340966763573e-07,1.5308896432687105e-07
2157,0.4314,0.0,0.009752429874953792,1.1430800810296809e-07,1.965432573887416e-07,8.163836143315093e-09,1.883794212454265e-07,1.533097746979621e-07
2158,0.4316,0.0,0.010804047277169512,1.1294121025367619e-07,1.9889123610281396e-07,8.734630236634001e-09,1.9015660586617994e-07,1.535311069819317e-07
2159,0.4318,0.0,0.010648350042361055,1.1404258464065833e-07,1.9311624996492535e-07,6.23024989756579e-09,1.8688600006735952e-07,1.5375093721937983e-07
2160,0.432,0.0,0.010875760565291664,1.1470534714541911e-07,1.9350819132937744e-07,5.408457525672899e-09,1.8809973380370452e-07,1.5397131628036656e-07
2161,0.4322,0.0,0.010875673913901856,1.1354342152676479e-07,2.0633796414444583e-07,1.1987144186742912e-08,1.943508199577029e-07,1.5419539873687353e-07
2162,0.4324,0.0,0.011800915833137584,1.1215692346484225e-07,1.949812057468026e-07,7.612726220824714e-09,1.8736847952597787e-07,1.544162297811411e-07
2163,0.4326,0.0,0.012992414345889861,1.1436968801854644e-07,1.9414574236196313e-07,5.899473489761671e-09,1.8824626887220144e-07,1.5463722765201e-07
2164,0.4328,0.0,0.012992563845370054,1.1663511717818427e-07,2.0402772941023058e-07,9.025720615085759e-09,1.9500200879514478e-07,1.5486203562324488e-07
2165,0.433,0.03,0.014011010808962667,1.1782488270300912e-07,2.060996443092063e-07,6.555992252252357e-09,1.9954365205695392e-07,1.550891251149414e-07
2166,0.4332,0.01,0.015085797145897374,1.2031805358659855e-07,2.081176950731767e-07,7.077943788093373e-09,2.0103975128508331e-07,1.5531702120655008e-07
2167,0.4334,0.01,0.0161892272863006,1.2516849710298883e-07,2.2091957708609073e-07,7.938092786686278e-09,2.1298148429940442e-07,1.5554962503445762e-07
2168,0.4336,0.0,0.016529199943407805,1.2771570362239492e-07,2.3127850689413962e-07,9.055315344886367e-09,2.2222319154925324e-07,1.5578547732953274e-07
2169,0.4338,0.0,0.016529560540651127,1.3041422171002608e-07,2.3360583206060365e-07,4.6628113829881725e-09,2.2894302067761546e-07,1.56022638532619e-07
2170,0.434,0.03,0.016530127143678613,1.2828307408512897e-07,2.3669692759984813e-07,7.602105665592358e-09,2.2909482193425575e-07,1.5626149926717948e-07
2171,0.4342,0.03,0.01653055986185721,1.330099324899927e-07,2.454509995391404e-07,1.079141241931771e-08,2.3465958711982263e-07,1.565041756577189e-07
2172,0.4344,0.0,0.015513314262184686,1.3770998928083533e-07,2.4447167736764085e-07,8.927448312715698e-09,2.3554422905492508e-07,1.5674649932426063e-07
2173,0.4346,0.01,0.014317111568169623,1.353910342100419e-07,2.41887406170122e-07,7.110185835966432e-09,2.3477722033415552e-07,1.569885365771981e-07
2174,0.4348,0.0,0.014316695225508142,1.3449559195325423e-07,2.3510947139565675e-07,8.897565047444727e-09,2.2621190634821198e-07,1.572278420074362e-07
2175,0.435,0.0,0.013334697444853863,1.31405191063263e-07,2.3052390045002933e-07,4.723491785609026e-09,2.258004086644203e-07,1.5746573393483898e-07
2176,0.4352,0.0,0.013334297732234024,1.2838752706029718e-07,2.256671822871545e-07,1.020711303309819e-08,2.154600692540563e-07,1.5770152699652308e-07
2177,0.4354,0.01,0.01333433481959001,1.2852937392010616e-07,2.2529244923847344e-07,1.0236172473803984e-08,2.1505627676466943e-07,1.5793770799818284e-07
2178,0.4356,0.03,0.0133340474225139,1.2484658528640387e-07,2.1781013489941428e-07,8.446303681506039e-09,2.0936383121790822e-07,1.5817250840839197e-07
2179,0.4358,0.0,0.012329419028085585,1.318277179523605e-07,2.2025286276125578e-07,7.215818014226786e-09,2.1303704474702896e-07,1.584078936575457e-07
2180,0.436,0.01,0.012329606197629092,1.305445273753673e-07,2.2859053012805836e-07,7.2365002587972354e-09,2.213540298692611e-07,1.58646749243851e-07
2181,0.4362,0.0,0.012329502197159146,1.3109671893296238e-07,2.2442529634248566e-07,5.836939070147459e-09,2.185883572723382e-07,1.5888414465914e-07
2182,0.4364,0.0,0.012329572786531271,1.325960801636985e-07,2.307287539001886e-07,8.935218275362626e-09,2.2179353562482596e-07,1.591238059144919e-07
2183,0.4366,0.0,0.012419146345112177,1.354057144573088e-07,2.2583307749357014e-07,6.58874394353065e-09,2.1924433355003947e-07,1.5936287786187365e-07
2184,0.4368,0.03,0.013638766969002604,1.351405904321628e-07,2.330874105029692e-07,7.674648793039348e-09,2.2541276170992983e-07,1.5960532401304657e-07
2185,0.437,0.03,0.013638330321074948,1.3395889793450063e-07,2.2763114500756637e-07,8.561915894310761e-09,2.1906922911325558e-07,1.59846602098568e-07
2186,0.4372,0.03,0.013638540626233701,1.3652653918030318e-07,2.2954122781105833e-07,7.214639381187348e-09,2.2232658842987096e-07,1.600890685490153e-07
2187,0.4374,0.0,0.012728559452741114,1.3903719893191606e-07,2.300351109147224e-07,1.1760866054335649e-08,2.1827424486038674e-07,1.603309356516699e-07
2188,0.4376,0.03,0.01272844184292358,1.322889945184041e-07,2.2192404453186218e-07,6.643067424386252e-09,2.1528097710747588e-07,1.6057078309974268e-07
2189,0.4378,0.0,0.011689270118014707,1.3455192764428351e-07,2.176554609748198e-07,8.800559024625234e-09,2.0885490195019456e-07,1.6080874240565748e-07
2190,0.438,0.03,0.011689094265848448,1.274870231175628e-07,2.2141134364865648e-07,7.84964085422896e-09,2.1356170279442748e-07,1.610477779991048e-07
2191,0.4382,0.0,0.011688874505846792,1.2983647050207702e-07,2.231721856230009e-07,8.567782750793368e-09,2.1460440287220752e-07,1.6128668893278602e-07
2192,0.4384,0.0,0.011688803124334127,1.2925927970824203e-07,2.2290094374205645e-07,4.863545946200743e-09,2.1803739779585569e-07,1.6152600302808422e-07
2193,0.4386,0.0,0.011557892617635408,1.3275194364949282e-07,2.3254608006258332e-07,8.08038803150613e-09,2.2446569203107715e-07,1.6176880684232605e-07
2194,0.4388,0.0,0.010540346933198004,1.3234562849924743e-07,2.2852667044518332e-07,5.985986402541338e-09,2.2254068404264197e-07,1.6201049679197012e-07
2195,0.439,0.01,0.009465232452792682,1.2884102588257876e-07,2.2779374839797485e-07,9.912324572255547e-09,2.1788142382571929e-07,1.6225178550572264e-07
2196,0.4392,0.0,0.0092847637321214,1.2729153897896774e-07,2.361271459206395e-07,1.074625663337086e-08,2.2538088928726862e-07,1.6249452491396175e-07
2197,0.4394,0.0,0.010400865722868566,1.309346850396026e-07,2.3211193934158785e-07,9.584400344482012e-09,2.225275389971058e-07,1.6273747981220817e-07
2198,0.4396,0.0,0.010400515940348529,1.2824628465735807e-07,2.307412936581673e-07,1.0869563308256007e-08,2.1987173034991127e-07,1.62979373463798e-07
2199,0.4398,0.0,0.009414968206783033,1.260949372807872e-07,2.276487376264241e-07,1.0464656274431213e-08,2.1718408135199285e-07,1.632202752053798e-07
2200,0.44,0.0,0.00941462997940649,1.2413963707498624e-07,2.200427151592606e-07,1.2907957051852684e-08,2.0713475810740788e-07,1.634589734742513e-07
2201,0.4402,0.0,0.008249677931038542,1.2223751307921436e-07,2.0263233785661997e-07,7.146795202138981e-09,1.9548554265448096e-07,1.6369246737072634e-07
2202,0.4404,0.0,0.010957390933209098,1.2103405725637206e-07,2.0326374928182655e-07,8.447988515413962e-09,1.9481576076641255e-07,1.639264366165302e-07
2203,0.4406,0.0,0.010957056288544903,1.1874240289169507e-07,1.9693928200574426e-07,7.72126325800719e-09,1.8921801874773705e-07,1.6415833982496225e-07
2204,0.4408,0.0,0.010956915899008126,1.1786339555615907e-07,2.0274740367771333e-07,1.1421111185154124e-08,1.9132629249255916e-07,1.6439202255797851e-07
2205,0.441,0.01,0.010957715965708017,1.216991829322618e-07,2.0478042998894647e-07,5.013332847331582e-09,1.9976709714161486e-07,1.6462775278970553e-07
2206,0.4412,0.0,0.010957548038278201,1.2207529421381996e-07,2.1411372690706902e-07,9.63269183603725e-09,2.0448103507103174e-07,1.648657494301278e-07
2207,0.4414,0.01,0.011538771090073813,1.2588675726047485e-07,2.15710711791069e-07,6.246918690867777e-09,2.094637931002012e-07,1.6510552343208825e-07
2208,0.4416,0.01,0.011538559550582635,1.2430324675596745e-07,2.1664547206225497e-07,6.088511620545401e-09,2.1055696044170953e-07,1.6534540642387783e-07
2209,0.4418,0.0,0.011538414993950459,1.255858293740858e-07,2.240162655704981e-07,1.0566214540431044e-08,2.1345005103006702e-07,1.6558753044873323e-07
2210,0.442,0.01,0.01153827062037712,1.2431773499154516e-07,2.1789071910319536e-07,9.782140786364599e-09,2.0810857831683075e-07,1.6582828277421126e-07
2211,0.4422,0.0,0.011537892378504453,1.2488138013427407e-07,2.1570536701309777e-07,7.466263167304636e-09,2.082391038457931e-07,1.6606834703942344e-07
2212,0.4424,0.01,0.010390760640503599,1.228251851112639e-07,2.13213321498784e-07,7.760173869182806e-09,2.0545314762960116e-07,1.6630809681847694e-07
2213,0.4426,0.03,0.009708588139581944,1.1924979128487025e-07,2.1305420626211385e-07,7.699190640480644e-09,2.0535501562163317e-07,1.6654778981345682e-07
2214,0.4428,0.0,0.009708977701734442,1.2555497316122933e-07,2.2328733579291162e-07,9.905318156571802e-09,2.1338201763633978e-07,1.6679058947754626e-07
2215,0.443,0.0,0.010879619059407288,1.2642622485479967e-07,2.30848920088929e-07,1.0311805954460674e-08,2.2053711413446828e-07,1.6703563859774008e-07
2216,0.4432,0.0,0.010879530050644239,1.2596671910872167e-07,2.2744174445672485e-07,8.538327193746002e-09,2.1890341726297884e-07,1.6728038076843192e-07
2217,0.4434,0.0,0.011906308257222305,1.240208590519228e-07,2.2075614979205776e-07,7.3010062872463604e-09,2.1345514350481138e-07,1.6752264774033795e-07
2218,0.4436,0.0,0.010697943528468942,1.241297353149535e-07,2.2032825669085232e-07,6.849220488842554e-09,2.1347903620200973e-07,1.6776497584064662e-07
2219,0.4438,0.0,0.01069818686732608,1.2675721628298338e-07,2.2135196098031284e-07,7.923071616562891e-09,2.1342888936374993e-07,1.680087928281305e-07
2220,0.444,0.0,0.011672732729359217,1.3013454758200422e-07,2.2514267184689326e-07,9.168674647890177e-09,2.1597399719900305e-07,1.682545600466925e-07
2221,0.4442,0.0,0.01167338847391183,1.334253339835184e-07,2.3278398879727928e-07,1.002065679361089e-08,2.2276333200366835e-07,1.6850330238424378e-07
2222,0.4444,0.0,0.012680444227510785,1.324421949283877e-07,2.2703423491608887e-07,7.169996382771439e-09,2.198642385333174e-07,1.6875084148778137e-07
2223,0.4446,0.0,0.01379716182660919,1.3540402081164712e-07,2.3015957283740687e-07,8.945970638153423e-09,2.212136021992534e-07,1.6900005400329546e-07
2224,0.4448,0.01,0.013798228962535141,1.4008716447144127e-07,2.4832878804866596e-07,1.046609489970857e-08,2.3786269314895735e-07,1.6925606891343824e-07
2225,0.445,0.03,0.013798303810161417,1.338621743467806e-07,2.4136613239092497e-07,8.960404562539674e-09,2.3240572782838524e-07,1.6950968934382044e-07
2226,0.4452,0.0,0.011538790551883645,1.4062230091144512e-07,2.459822929262849e-07,1.0508451790300142e-08,2.3547384113598467e-07,1.6976426204065193e-07
2227,0.4454,0.03,0.011538235350117644,1.3041799767131237e-07,2.385298428777599e-07,9.04941158904452e-09,2.2948043128871533e-07,1.700166658445497e-07
2228,0.4456,0.03,0.011538742619033083,1.3286173304988542e-07,2.410647062846355e-07,1.1483518393171127e-08,2.2958118789146434e-07,1.7027064450366062e-07
2229,0.4458,0.03,0.011538920838335335,1.3608067962937636e-07,2.4604272841445295e-07,9.928440314147564e-09,2.3611428810030536e-07,1.705269880783115e-07
2230,0.446,0.0,0.01263163336616588,1.370638758688356e-07,2.441510116393189e-07,1.2784457697148397e-08,2.3136655394217045e-07,1.7078210754296476e-07
2231,0.4462,0.03,0.011330846309284999,1.3426735505746611e-07,2.3606813058289222e-07,8.719838591894907e-09,2.273482919909973e-07,1.710356747847691e-07
2232,0.4464,0.03,0.010385834607425514,1.3049213638690945e-07,2.2730405139493256e-07,9.4152529547353e-09,2.1788879844019723e-07,1.7128635157534723e-07
2233,0.4466,0.01,0.011206893470168887,1.3251663798266916e-07,2.3451469129663737e-07,8.131398281144e-09,2.2638329301549334e-07,1.7153862852323185e-07
2234,0.4468,0.0,0.011206904173835281,1.347057989888298e-07,2.412996059912876e-07,9.2289761902666e-09,2.3207062980102094e-07,1.7179315736518012e-07
2235,0.447,0.01,0.011207205773293705,1.3379292354355136e-07,2.3826108209861393e-07,1.0295906764093003e-08,2.279651753345209e-07,1.7204715589248983e-07
2236,0.4472,0.0,0.011465997638354658,1.3365590177691686e-07,2.3722033872104374e-07,8.124646299949092e-09,2.2909569242109462e-07,1.723006697164077e-07
2237,0.4474,0.0,0.011465975097250487,1.3337505726416632e-07,2.4165673592002926e-07,9.59815037218634e-09,2.3205858554784286e-07,1.7255561424920202e-07
2238,0.4476,0.01,0.011466788188577161,1.3616642741274496e-07,2.430898405026261e-07,8.840000828394087e-09,2.3424983967423195e-07,1.7281249618411712e-07
2239,0.4478,0.0,0.012100127625998816,1.3715255937557975e-07,2.4890992951643083e-07,8.83658989779993e-09,2.400733396186308e-07,1.730705376039905e-07
2240,0.448,0.0,0.013134146041028954,1.345726541270156e-07,2.4853737580257963e-07,1.0738298400675784e-08,2.377990774019038e-07,1.7332801461501604e-07
2241,0.4482,0.01,0.013134526209801614,1.350870497959332e-07,2.513630344788494e-07,1.1813639712774238e-08,2.3954939476607515e-07,1.7358719794088976e-07
2242,0.4484,0.01,0.013135194069682521,1.3940699381348787e-07,2.6370270915842416e-07,8.720840466999275e-09,2.549818686914248e-07,1.738510522907043e-07
2243,0.4486,0.0,0.01414212007202241,1.4210018059102907e-07,2.667117823113854e-07,7.059978204601073e-09,2.596518041067843e-07,1.7411580483541787e-07
2244,0.4488,0.0,0.012971928900466789,1.4392278227543533e-07,2.689582943159138e-07,9.854223532803672e-09,2.591040707831101e-07,1.7438192847567542e-07
2245,0.449,0.0,0.012972057672191896,1.4555029362208027e-07,2.687765028750296e-07,1.1029316913499112e-08,2.577471859615304e-07,1.7464878370617213e-07
2246,0.4492,0.0,0.01194469231127536,1.4394087053220275e-07,2.7109927953184666e-07,9.788820872223804e-09,2.613104586596228e-07,1.749166649438974e-07
2247,0.4494,0.0,0.011945573080611536,1.4886950866082387e-07,2.70074623378936e-07,5.400125108367153e-09,2.646744982705688e-07,1.7518542361420423e-07
2248,0.4496,0.0,0.011945414232784984,1.4791878355654458e-07,2.775735877267717e-07,1.1973187110118638e-08,2.6560040061665297e-07,1.754561510682936e-07
2249,0.4498,0.0,0.011690030722965974,1.4612824995285153e-07,2.7239516141970085e-07,1.0346621891190424e-08,2.620485395285104e-07,1.7572526933035967e-07
2250,0.45,0.0,0.011690049509259582,1.4631177673420244e-07,2.726426069118117e-07,1.438956311628572e-08,2.5825304379552593e-07,1.7599435946186823e-07
2251,0.4502,0.0,0.00996385034156809,1.4766586067209792e-07,2.676760285516902e-07,5.967843161172872e-09,2.617081853905173e-07,1.7626329445385931e-07
2252,0.4504,0.01,0.010040283146433486,1.4502401969882143e-07,2.7077357046205273e-07,1.2833262476373577e-08,2.579403079856791e-07,1.7653286648851116e-07
2253,0.4506,0.0,0.010039491136555142,1.42831935394791e-07,2.712535009472575e-07,1.596523595042155e-08,2.552882649968359e-07,1.7680179574538322e-07
2254,0.4508,0.0,0.011290293959142167,1.4350653766471268e-07,2.649576859531748e-07,8.478223083922661e-09,2.564794628692521e-07,1.7706954253873123e-07
2255,0.451,0.01,0.01241729201860514,1.439639788861759e-07,2.731218822418642e-07,1.1097440886411183e-08,2.62024441355453e-07,1.7734031741515142e-07
2256,0.4512,0.01,0.012417511593953165,1.4645034765738172e-07,2.7596896320727574e-07,8.471675816160107e-09,2.674972873911156e-07,1.7761276921701508e-07
2257,0.4514,0.0,0.0124171809449246,1.4711694101854534e-07,2.769709195050342e-07,1.2113929562318167e-08,2.64856989942716e-07,1.7788562453879172e-07
2258,0.4516,0.01,0.013368773431589964,1.4819218779518855e-07,2.7066792859242234e-07,1.1869865192865569e-08,2.587980633995567e-07,1.781577061227771e-07
2259,0.4518,0.0,0.01227629241070688,1.5272730727113042e-07,2.722076171724525e-07,8.554278355693241e-09,2.636533388167592e-07,1.7843086270091502e-07
2260,0.452,0.0,0.012276171160799976,1.5175157902404669e-07,2.7653594970197494e-07,1.1950663862553452e-08,2.645852858394214e-07,1.7870533679353894e-07
2261,0.4522,0.0,0.013313523731579837,1.5226072623014327e-07,2.723601088389718e-07,1.0769647481664011e-08,2.6159046135730775e-07,1.789790350335877e-07
2262,0.4524,0.0,0.012153816422205097,1.5014638855948943e-07,2.665383705074216e-07,8.385869210020628e-09,2.5815250129740093e-07,1.7925067299133168e-07
2263,0.4526,0.01,0.011988921828251491,1.473740968746789e-07,2.591418427587562e-07,6.602890882897919e-09,2.5253895187585824e-07,1.7952025729345675e-07
2264,0.4528,0.0,0.011987984397969092,1.454579059661813e-07,2.682829784059947e-07,1.3026111636056789e-08,2.552568667699379e-07,1.797920120587042e-07
2265,0.453,0.0,0.011987196212941906,1.415110822288636e-07,2.497249517844192e-07,8.115186988227832e-09,2.416097647961913e-07,1.8005780740009715e-07
2266,0.4532,0.01,0.010914181049457787,1.38514693611979e-07,2.5254500020218585e-07,9.916206987590083e-09,2.426287932145957e-07,1.803242166065823e-07
2267,0.4534,0.0,0.012024196659348549,1.3827343430468537e-07,2.5710262011978557e-07,1.10537799165777e-08,2.460488402032078e-07,1.8059149849084692e-07
2268,0.4536,0.03,0.009830821448953279,1.3659874519868007e-07,2.6214534107010324e-07,7.685853309752543e-09,2.544594877603506e-07,1.8086139099017382e-07
2269,0.4538,0.01,0.009711001418727607,1.4415341026386496e-07,2.652981014108623e-07,9.729716366196972e-09,2.555683850446653e-07,1.8113345417000313e-07
2270,0.454,0.0,0.00971108117505871,1.466999720218435e-07,2.671553473264819e-07,1.0649456552886557e-08,2.565058907735953e-07,1.8140680127680788e-07
2271,0.4542,0.0,0.009710888206947368,1.4655236084997092e-07,2.649943443114986e-07,1.0134502829925108e-08,2.5485984148157343e-07,1.8167973604180636e-07
2272,0.4544,0.0,0.010881132389687371,1.4771774212350184e-07,2.6555293624759324e-07,1.054196315800576e-08,2.5501097308958743e-07,1.8195302152691634e-07
2273,0.4546,0.0,0.010881200789345775,1.4936982260277433e-07,2.651250406755131e-07,1.3456306011101227e-08,2.5166873466441184e-07,1.822264627581157e-07
2274,0.4548,0.0,0.011908125120788869,1.4909018353760315e-07,2.6276938232456746e-07,8.866825264593604e-09,2.539025570599738e-07,1.8249951999243698e-07
2275,0.455,0.03,0.010700267461582005,1.4411902530015894e-07,2.611855742466542e-07,8.645520582931444e-09,2.525400536637227e-07,1.8277306447189588e-07
2276,0.4552,0.0,0.011673409368883059,1.4573296581688933e-07,2.572722505725684e-07,1.1240070226957235e-08,2.4603218034561115e-07,1.8304489563124611e-07
2277,0.4554,0.0,0.011673226165409195,1.4562233124837035e-07,2.5832263663584247e-07,9.208121351512887e-09,2.4911451528432954e-07,1.8331665279285728e-07
2278,0.4556,0.01,0.011673186690230004,1.423412534372143e-07,2.49918789617686e-07,8.145342165117007e-09,2.4177344745256895e-07,1.8358627244382242e-07
2279,0.4558,0.0,0.012680308066110858,1.44575877115274e-07,2.526619271586934e-07,8.917136050276443e-09,2.4374479110841693e-07,1.838572028260615e-07
2280,0.456,0.0,0.013796582289159339,1.4606747415199086e-07,2.554963468615714e-07,1.0619008992735371e-08,2.44877337868836e-07,1.8412979654044527e-07
2281,0.4562,0.0,0.013796647683689153,1.4744633310624173e-07,2.560802368655597e-07,1.0414059098844277e-08,2.4566617776671533e-07,1.8440277011775042e-07
2282,0.4564,0.01,0.01379701424608248,1.4592620432095257e-07,2.5451369704383675e-07,5.168022835974122e-09,2.493456742078626e-07,1.8467554859132575e-07
2283,0.4566,0.0,0.011538705505349807,1.495991915723829e-07,2.7432589841445364e-07,1.1824513976939275e-08,2.625013844375143e-07,1.8495452355966531e-07
2284,0.4568,0.01,0.011538483341176771,1.4682376928167062e-07,2.66331656403809e-07,9.34529295736222e-09,2.5698636344644673e-07,1.8523131536877245e-07
2285,0.457,0.03,0.011538612637373314,1.4510041135522617e-07,2.7193251913076903e-07,1.1023688258225346e-08,2.6090883087254364e-07,1.8551012602374393e-07
2286,0.4572,0.03,0.011539319404421962,1.4726516250221435e-07,2.7701078514428773e-07,1.3483700879655345e-08,2.6352708426463235e-07,1.8579139263927767e-07
2287,0.4574,0.01,0.012632218755240376,1.516662237342551e-07,2.7822417464270357e-07,1.0449847066524998e-08,2.6777432757617854e-07,1.8607352699373315e-07
2288,0.4576,0.01,0.010137131735132974,1.5017041156132962e-07,2.814480330701611e-07,1.2660366204045656e-08,2.687876668661154e-07,1.863561504037491e-07
2289,0.4578,0.0,0.010137235867745136,1.5351047411581373e-07,2.7989777156956944e-07,1.4749825211502359e-08,2.65147946358067e-07,1.866387385998065e-07
2290,0.458,0.01,0.011208156803319812,1.4877764846238444e-07,2.7738392855009583e-07,1.1369010199843364e-08,2.660149183502524e-07,1.8692050757304367e-07
2291,0.4582,0.03,0.011208711040667618,1.4858382829283272e-07,2.7227016457066473e-07,8.677861898972336e-09,2.6359230267169234e-07,1.8720201425316066e-07
2292,0.4584,0.03,0.011208704205053854,1.5047500859708772e-07,2.775970911858583e-07,8.938592399547177e-09,2.6865849878631104e-07,1.8748561719307124e-07
2293,0.4586,0.0,0.012281105907803139,1.547493982517198e-07,2.8091496197742667e-07,8.190239834192796e-09,2.727247221432338e-07,1.8777025940876564e-07
2294,0.4588,0.03,0.009907520295384269,1.5240898603663465e-07,2.843398465690099e-07,9.668105932342423e-09,2.746717406366674e-07,1.880567269717108e-07
2295,0.459,0.01,0.010842038329605503,1.5568688300584626e-07,2.84221025352969e-07,1.0456579441130733e-08,2.7376444591183824e-07,1.8834345730835467e-07
2296,0.4592,0.03,0.01313557523057862,1.5291438931292682e-07,2.833705477727237e-07,1.0340654388201564e-08,2.730298933845221e-07,1.886303912963837e-07
2297,0.4594,0.03,0.013136344074638536,1.570062055776009e-07,2.979404402160957e-07,1.1831696761716806e-08,2.8610874345437887e-07,1.8892242316397372e-07
2298,0.4596,0.03,0.01313635948146293,1.5885781251130846e-07,2.957635109923841e-07,5.985902729926842e-09,2.897776082624572e-07,1.89214402255391e-07
2299,0.4598,0.03,0.014143144099310716,1.6242328217756822e-07,3.033440763632601e-07,9.96234886513288e-09,2.933817274981272e-07,1.8950983567112394e-07
2300,0.46,0.0,0.014143272108315614,1.682237499864378e-07,3.0809224059205213e-07,9.888134095806928e-09,2.9820410649624513e-07,1.898065468521381e-07
2301,0.4602,0.0,0.014143106781746519,1.67016817683138e-07,3.1312432900406176e-07,1.3539899353805905e-08,2.995844296502558e-07,1.9010474196451825e-07
2302,0.4604,0.0,0.012973150473429866,1.6835593527333497e-07,3.0777373460737837e-07,1.050428457539511e-08,2.972694500319832e-07,1.9040168720124655e-07
2303,0.4606,0.0,0.011946066683510413,1.6703883382529567e-07,3.0971185468503063e-07,1.4473609769519163e-08,2.952382449155114e-07,1.9069960709783523e-07
2304,0.4608,0.03,0.011946347657045818,1.6080535551955278e-07,2.9734859879146e-07,1.1057311113903183e-08,2.8629128767755676e-07,1.909942590788374e-07
2305,0.461,0.01,0.011946787455304473,1.692965930377734e-07,3.0352658006354923e-07,1.0692057798045403e-08,2.9283452226550375e-07,1.9129143403533724e-07
2306,0.4612,0.03,0.010973010976986445,1.6502770000005478e-07,3.1093467933475666e-07,8.245493710288503e-09,3.026891856244681e-07,1.915913938091151e-07
2307,0.4614,0.01,0.010973242462352999,1.7053574740709e-07,3.0893697779937496e-07,1.1187666695141945e-08,2.97749311104233e-07,1.9189121960482682e-07
2308,0.4616,0.03,0.012165952844759213,1.6788794892723905e-07,3.044008684072704e-07,1.0402964101152743e-08,2.9399790430611763e-07,1.9219075737213955e-07
2309,0.4618,0.0,0.010042525695351676,1.7145049146157713e-07,3.124240841894721e-07,1.2003544759985776e-08,3.0042053942948624e-07,1.9249182933330367e-07
2310,0.462,0.0,0.010042569184615498,1.7223513400065006e-07,3.076400922349234e-07,9.983750426156252e-09,2.976563418087671e-07,1.9279167643726171e-07
2311,0.4622,0.01,0.011292406045280973,1.680697268771069e-07,3.085868405012589e-07,1.2364681858425611e-08,2.9622215864283324e-07,1.9309219830345974e-07
2312,0.4624,0.01,0.012418852877861803,1.688221642786856e-07,3.115450381520679e-07,1.3904440236879862e-08,2.97640597915188e-07,1.9339401976781057e-07
2313,0.4626,0.0,0.012419189747066088,1.7331525916567988e-07,3.1760131581366524e-07,1.307301872392676e-08,3.0452829708973843e-07,1.9369790363325526e-07
2314,0.4628,0.03,0.01241941598619002,1.6835568346945082e-07,3.2206574434561675e-07,1.3149604707880287e-08,3.089161396377364e-07,1.940039065088737e-07
2315,0.463,0.0,0.013369736643829844,1.7056381209458142e-07,3.251594844644092e-07,1.3069351346713416e-08,3.120901331176957e-07,1.9431030766687754e-07
2316,0.4632,0.01,0.013369541364376517,1.6710078005709752e-07,3.112112801712157e-07,9.375907117421075e-09,3.018353730537946e-07,1.9461282545985466e-07
2317,0.4634,0.03,0.012276717368649501,1.626444297370899e-07,3.1031004334319014e-07,8.954715124626494e-09,3.013553282185636e-07,1.9491511701323174e-07
2318,0.4636,0.0,0.013313961741212214,1.7195602173056375e-07,3.184783570572998e-07,1.0867091562043147e-08,3.0761126549525664e-07,1.9522051348016615e-07
2319,0.4638,0.0,0.012154790970137731,1.7184471377394563e-07,3.2322081029769955e-07,1.0917057608975726e-08,3.123037526887238e-07,1.955276211585225e-07
2320,0.464,0.0,0.011990064601015281,1.724965927562222e-07,3.294471469286879e-07,1.6774684093296793e-08,3.1267246283539105e-07,1.958367004992798e-07
2321,0.4642,0.0,0.01199041401887518,1.744150805354539e-07,3.2712565316580156e-07,1.159346847591192e-08,3.155321846898896e-07,1.9614634979638825e-07
2322,0.4644,0.01,0.01199147787907646,1.7888008998626105e-07,3.3734319389962725e-07,1.0477672807316098e-08,3.268655210923111e-07,1.9646008961882396e-07
2323,0.4646,0.03,0.012029433069337436,1.7810270563403172e-07,3.3530138622850846e-07,1.0489395236424044e-08,3.2481199099208435e-07,1.9677442183317697e-07
2324,0.4648,0.03,0.012029596127587224,1.7820751639438523e-07,3.3755736432721463e-07,1.262352687343929e-08,3.249338374537753e-07,1.9708924194585639e-07
2325,0.465,0.03,0.011094107076119424,1.7172124506209063e-07,3.322298499062223e-07,1.2833496737494004e-08,3.1939635316872824e-07,1.9740171168965205e-07
2326,0.4652,0.01,0.009009841737493014,1.7222738249266656e-07,3.266339978733664e-07,1.2087659998532915e-08,3.1454633787483344e-07,1.9771210676314953e-07
2327,0.4654,0.0,0.00880054139232846,1.745876078911915e-07,3.2942453712586654e-07,1.2066206636000885e-08,3.173583304898656e-07,1.980232629362419e-07
2328,0.4656,0.0,0.008800444108093873,1.7425895166759622e-07,3.3658256130771874e-07,1.2276221179645654e-08,3.2430634012807306e-07,1.9833712554462327e-07
2329,0.4658,0.0,0.00785671423917883,1.7330786777222106e-07,3.393273417352031e-07,1.3595728443554443e-08,3.257316132916486e-07,1.986514456923472e-07
2330,0.466,0.0,0.0077943021749359446,1.750439640077162e-07,3.314064600190289e-07,8.120630753563763e-09,3.232858292654651e-07,1.9896444175863822e-07
2331,0.4662,0.0,0.007794390439714687,1.7574280629263882e-07,3.384603695864509e-07,1.444960216356184e-08,3.2401076742288896e-07,1.9927996780940704e-07
2332,0.4664,0.0,0.007794829136677746,1.7898900532741088e-07,3.353162499872251e-07,1.2612824878396362e-08,3.227034251088287e-07,1.9959490173446906e-07
2333,0.4666,0.0,0.0077939089544345076,1.7315660221155405e-07,3.313705983755314e-07,1.6332818255621073e-08,3.1503778011991026e-07,1.9990855595787898e-07
2334,0.4668,0.03,0.008175320011885813,1.6705198961619822e-07,3.231764735890482e-07,1.2766538877609327e-08,3.104099347114388e-07,2.0022002499263691e-07
2335,0.467,0.0,0.011381021995062784,1.6924341191718044e-07,3.183115104780774e-07,1.070423830822953e-08,3.076072721698478e-07,2.0052950026745364e-07
2336,0.4672,0.01,0.011381561960573367,1.6970203399316438e-07,3.2120760886948843e-07,1.0882005967451637e-08,3.1032560290203676e-07,2.0084100277127572e-07
2337,0.4674,0.03,0.011382525958154071,1.697991605910016e-07,3.211437724126181e-07,7.356282662475751e-09,3.1378748975014233e-07,2.0115345526191096e-07
2338,0.4676,0.03,0.010189829624539515,1.6872349865283063e-07,3.318072132074409e-07,1.2940994520655431e-08,3.188662186867854e-07,2.0146882373108526e-07
2339,0.4678,0.01,0.010190080760155167,1.7473027474631066e-07,3.351839796711289e-07,9.979185269367329e-09,3.2520479440176154e-07,2.0178578171817094e-07
2340,0.468,0.0,0.011250578226663779,1.7144396734318357e-07,3.348131072011039e-07,9.327042453100611e-09,3.2548606474800326e-07,2.0210189727111488e-07
2341,0.4682,0.03,0.011177699359847576,1.6728306480789025e-07,3.348045889021012e-07,1.1955164851114924e-08,3.228494240509862e-07,2.0241837242007734e-07
2342,0.4684,0.0,0.011089026454133162,1.6775587881570336e-07,3.3036002063306223e-07,1.3564998259060274e-08,3.167950223740019e-07,2.0273233366327366e-07
2343,0.4686,0.01,0.011089312992711273,1.6689375875641006e-07,3.315370694681101e-07,1.6985532470505418e-08,3.1455153699760463e-07,2.0304733632812837e-07
2344,0.4688,0.0,0.011088863563355925,1.6709261076647108e-07,3.2614457719153285e-07,1.2470701757833188e-08,3.136738754336996e-07,2.0336070148481735e-07
2345,0.469,0.03,0.010170478941599224,1.5953054044679185e-07,3.1803217382421064e-07,1.340937227806909e-08,3.046228015461415e-07,2.036721126779674e-07
2346,0.4692,0.0,0.011330490764321632,1.7068745939221368e-07,3.138450832244614e-07,1.0967680614460285e-08,3.02877402610001e-07,2.0398311119585087e-07
2347,0.4694,0.0,0.012363151269686777,1.7159872661413667e-07,3.244937626190331e-07,1.4517916453901578e-08,3.099758461651315e-07,2.0429836708769044e-07
2348,0.4696,0.03,0.011381599305538366,1.6756855057413414e-07,3.2212796237492426e-07,1.556591004088035e-08,3.0656205233404385e-07,2.0461373170333485e-07
2349,0.4698,0.03,0.012705415841594922,1.7138639814649158e-07,3.2652076090602206e-07,9.981132638370147e-09,3.1653962826765185e-07,2.049315524254725e-07
2350,0.47,0.03,0.011536558031850119,1.6990158649844336e-07,3.242426371105436e-07,1.5192496963324917e-08,3.090501401472186e-07,2.052487238670116e-07
2351,0.4702,0.0,0.010384840754573701,1.7794185595624638e-07,3.1804386042828186e-07,1.0843870079950782e-08,3.0719999034833104e-07,2.055639589022968e-07
2352,0.4704,0.03,0.01038541557028207,1.7171946388570423e-07,3.214320092386731e-07,1.1574531534838228e-08,3.0985747770383483e-07,2.058808298046221e-07
2353,0.4706,0.03,0.010181285552535512,1.7606282684729514e-07,3.3082642186073333e-07,1.2547406382452922e-08,3.1827901547828037e-07,2.0620204769686483e-07
2354,0.4708,0.03,0.011378061086667297,1.7600390979549947e-07,3.273212877682188e-07,1.0865822561133565e-08,3.164554652070852e-07,2.0652265565852115e-07
2355,0.471,0.0,0.013678960700957562,1.8145903919595037e-07,3.335624038577434e-07,1.3948203359017102e-08,3.1961420049872625e-07,2.0684504541452705e-07
2356,0.4712,0.0,0.013679070861548586,1.8243867816787143e-07,3.432210387090069e-07,1.1480278124468846e-08,3.31740760584538e-07,2.071706229443517e-07
2357,0.4714,0.0,0.012637056996286913,1.7879000794364786e-07,3.374045426156118e-07,1.3997358466413135e-08,3.234071841491986e-07,2.0749391473126662e-07
2358,0.4716,0.0,0.011246164079362573,1.7686566421695557e-07,3.3459363034662724e-07,1.0081634958556243e-08,3.245119953880709e-07,2.0781621058381815e-07
2359,0.4718,0.0,0.008866251488089423,1.776605441605124e-07,3.3371434857551843e-07,1.1915893382811726e-08,3.2179845519270666e-07,2.081384935263492e-07
2360,0.472,0.01,0.008865877654881291,1.7393289596621248e-07,3.275761394444569e-07,1.1027837406896197e-08,3.1654830203756066e-07,2.0845957322934125e-07
2361,0.4722,0.0,0.008865480090188707,1.7382965745304647e-07,3.3008414576686827e-07,1.3485876199248436e-08,3.165982695676198e-07,2.0878086514324561e-07
2362,0.4724,0.01,0.008866363496685337,1.7655282196205025e-07,3.2966111282907e-07,1.1148946777267036e-08,3.185121660518029e-07,2.091030801836315e-07
2363,0.4726,0.0,0.008866383407490745,1.7867548756150624e-07,3.419054627992618e-07,1.3066039169063925e-08,3.288394236301978e-07,2.0942943694553455e-07
2364,0.4728,0.0,0.008866892105400545,1.821447100726447e-07,3.4419816194361283e-07,1.2809603828487582e-08,3.313885581151252e-07,2.0975705502642746e-07
2365,0.473,0.0,0.007759839689865298,1.783051913520036e-07,3.401468877603259e-07,1.1220527329607383e-08,3.289263604307185e-07,2.1008293814939586e-07
2366,0.4732,0.0,0.007759355883612451,1.7593388319492083e-07,3.383749716082967e-07,1.5758228187918357e-08,3.226167434203783e-07,2.1040848574140288e-07
2367,0.4734,0.0,0.007623460212036575,1.7728643909563187e-07,3.388210096538006e-07,1.002882332679084e-08,3.2879218632700973e-07,2.1073414367760918e-07
2368,0.4736,0.01,0.007877980085165479,1.735902735126829e-07,3.3983770976768735e-07,1.2637994626895771e-08,3.2719971514079153e-07,2.1106015110704194e-07
2369,0.4738,0.0,0.00705444868942934,1.7481812735593874e-07,3.3859497171141503e-07,1.303961534381347e-08,3.255553563676015e-07,2.1138587561314424e-07
2370,0.474,0.0,0.006630254236586394,1.718949289202881e-07,3.3686778587989776e-07,1.617967839565903e-08,3.206881074842387e-07,2.1171114434123008e-07
2371,0.4742,0.01,0.006653917090229686,1.6928908684699686e-07,3.2921068724190824e-07,1.3758418941999451e-08,3.1545226829990875e-07,2.1203462061156825e-07
2372,0.4744,0.01,0.009003011368522799,1.68138093920198e-07,3.2450613124164133e-07,1.4162951599107153e-08,3.103431796425341e-07,2.1235687170516767e-07
2373,0.4746,0.0,0.01005006874383783,1.7213598435767734e-07,3.314805475187238e-07,1.6470603141926867e-08,3.1500994437679686e-07,2.1268104539278482e-07
2374,0.4748,0.0,0.010049974542144173,1.718789130836702e-07,3.339906575333594e-07,1.1458285311686829e-08,3.225323722216725e-07,2.1300654798557926e-07
2375,0.475,0.01,0.010050531318680458,1.7170589008667552e-07,3.335059425542809e-07,1.327950645935813e-08,3.2022643609492274e-07,2.1333263995939802e-07
2376,0.4752,0.01,0.011300815033031038,1.7328668332460894e-07,3.351733071435396e-07,1.1385772994895813e-08,3.2378753414864376e-07,2.1366010034356412e-07
2377,0.4754,0.01,0.012311689596820809,1.708226815143987e-07,3.339460161289835e-07,1.2401067425553453e-08,3.2154494870342995e-07,2.1398708779876927e-07
2378,0.4756,0.01,0.012311242558648796,1.6808204412673326e-07,3.312342084049782e-07,1.1475260460147211e-08,3.1975894794483094e-07,2.1431297913745984e-07
2379,0.4758,0.01,0.01349024801753876,1.6794911081370068e-07,3.2730208097172096e-07,1.0832347815912504e-08,3.164697331558084e-07,2.1463796425540708e-07
2380,0.476,0.0,0.014530070961725377,1.712780941676908e-07,3.3778358700436803e-07,1.4881312268239732e-08,3.2290227473612823e-07,2.149655019283304e-07
2381,0.4762,0.03,0.013407912834200087,1.69557588102548e-07,3.481129961120309e-07,1.3452794469087938e-08,3.346602016429429e-07,2.1529809982320156e-07
2382,0.4764,0.03,0.013408023706760207,1.7117542830554796e-07,3.5822768579274625e-07,1.7841080272343443e-08,3.4038660552040276e-07,2.1563388414715671e-07
2383,0.4766,0.03,0.014626142830604892,1.7133202562524113e-07,3.6156409094779633e-07,1.283826276559752e-08,3.487258281821988e-07,2.159710540690859e-07
2384,0.4768,0.0,0.014626333911936322,1.7918500623071856e-07,3.673495926006984e-07,1.090298413283679e-08,3.564466084678616e-07,2.163107940435617e-07
2385,0.477,0.0,0.014626966338703142,1.8347636952519956e-07,3.7198344973904243e-07,1.2768029109937108e-08,3.5921542062910526e-07,2.1665299877138035e-07
2386,0.4772,0.0,0.013543282576532043,1.8558070906345892e-07,3.76308277743206e-07,1.229220197439338e-08,3.6401607576881253e-07,2.1699655638936408e-07
2387,0.4774,0.0,0.01580423184640608,1.8671432464424992e-07,3.788778650263749e-07,2.0896449355725103e-08,3.5798141567064975e-07,2.173414714378179e-07
2388,0.4776,0.03,0.015803672787473685,1.7549002300691155e-07,3.6665000499830846e-07,2.0812151963727386e-08,3.45837853034581e-07,2.1768264870300963e-07
2389,0.4778,0.03,0.015802718009193206,1.7251335051268178e-07,3.5538724317640235e-07,1.7462745631526954e-08,3.3792449754487534e-07,2.180201050858078e-07
2390,0.478,0.0,0.015577729512612035,1.7781917991739574e-07,3.5078861116375897e-07,1.4805385015042259e-08,3.3598322614871667e-07,2.1835583382057228e-07
2391,0.4782,0.0,0.014488764293531938,1.723912991629503e-07,3.4344335996561144e-07,1.3314427325017075e-08,3.301289326405943e-07,2.186897702918893e-07
2392,0.4784,0.0,0.014488664775990633,1.7284652881540076e-07,3.375660065670024e-07,1.550350667471678e-08,3.220624998922856e-07,2.190218741709622e-07
2393,0.4786,0.0,0.01448832491070308,1.7089991207955648e-07,3.3325224146672926e-07,9.14969078897815e-09,3.2410255067775107e-07,2.1935335019864338e-07
2394,0.4788,0.03,0.014488644885586618,1.6725762280322684e-07,3.2844564609506107e-07,1.417422809088122e-08,3.142714180041798e-07,2.196842958931039e-07
2395,0.479,0.03,0.014488898246766068,1.6761251873300636e-07,3.239262930586882e-07,1.3637772039434305e-08,3.1028852101925384e-07,2.2001445146958876e-07
2396,0.4792,0.01,0.014488316632824332,1.703091269236665e-07,3.3066397538922624e-07,1.0249954883508177e-08,3.20414020505718e-07,2.2034633472156685e-07
2397,0.4794,0.01,0.01343378132885344,1.6699416951247327e-07,3.227122082942599e-07,9.635559193562627e-09,3.1307664910069725e-07,2.2067533283819254e-07
2398,0.4796,0.0,0.013432476791818452,1.6376693295579995e-07,3.1795817480938304e-07,1.3595264145330702e-08,3.0436291066405226e-07,2.2100201906244512e-07
2399,0.4798,0.0,0.014556675126736826,1.60232828621435e-07,3.1040016130172746e-07,1.2032328499017316e-08,2.983678328027101e-07,2.2132625499779698e-07
2400,0.48,0.0,0.01341302112945011,1.6067621552909232e-07,3.081942891067632e-07,1.6701897052802495e-08,2.914923920539607e-07,2.2165009635320184e-07
2401,0.4802,0.0,0.01341295683730888,1.603642934836601e-07,3.04465810564098e-07,1.4984612016141398e-08,2.894811985479566e-07,2.2197330219243777e-07
2402,0.4804,0.01,0.011041291732376954,1.627657417839978e-07,3.053975717099014e-07,1.121415601511775e-08,2.941834156947836e-07,2.222979217811656e-07
2403,0.4806,0.01,0.011041494390091142,1.6453625589179772e-07,3.1379039749814925e-07,1.4677052984869073e-08,2.9911334451328015e-07,2.2262586905851576e-07
2404,0.4808,0.01,0.010065186326182193,1.6640323284985071e-07,3.1093306533246704e-07,1.4771385722636008e-08,2.96161679609831e-07,2.2295353315460474e-07
2405,0.481,0.0,0.011033251122334614,1.6788860591944836e-07,3.144959007841722e-07,1.1705586547102575e-08,3.027903142370696e-07,2.2328244838743537e-07
2406,0.4812,0.01,0.011033854548830505,1.6792822465698312e-07,3.150835004022582e-07,1.1072325768503569e-08,3.0401117463375456e-07,2.236116101300367e-07
2407,0.4814,0.01,0.009805461625794598,1.6971681602128904e-07,3.106225594832603e-07,1.3686010209504655e-08,2.969365492737556e-07,2.2394047454867036e-07
2408,0.4816,0.01,0.009149899298270986,1.7085907560783274e-07,3.3074307888160545e-07,1.2901003305091366e-08,3.17842075576514e-07,2.2427587317862112e-07
2409,0.4818,0.03,0.0104313304807629,1.6616152143948742e-07,3.2740068518696095e-07,1.0454126747137909e-08,3.1694655843982297e-07,2.2461056321399186e-07
2410,0.482,0.0,0.010431719932373199,1.7689117848137277e-07,3.395893761888995e-07,1.9124437749482442e-08,3.2046493843941705e-07,2.2494914422637536e-07
2411,0.4822,0.03,0.010432184657828894,1.699690137614757e-07,3.3818990806370807e-07,1.3341163987566818e-08,3.248487440761412e-07,2.2528822078906104e-07
2412,0.4824,0.03,0.011614075631525085,1.742757134625738e-07,3.633755841842426e-07,1.698492635245834e-08,3.463906578317842e-07,2.2563532398264544e-07
2413,0.4826,0.01,0.01161496788722004,1.8581936181736164e-07,3.6554539193192116e-07,1.1298352508144886e-08,3.5424703942377624e-07,2.2598483428145166e-07
2414,0.4828,0.03,0.010551381162416365,1.8408958180905873e-07,3.7424248266574105e-07,8.191971250293338e-09,3.6605051141544766e-07,2.2633795863066394e-07
2415,0.483,0.0,0.010551316410371285,1.907866719592052e-07,3.8658440909067574e-07,1.0940864491111021e-08,3.756435445995647e-07,2.2669369727500626e-07
2416,0.4832,0.01,0.010551541315436237,1.882919594641787e-07,3.8234888997891156e-07,1.4316328634720299e-08,3.680325613441912e-07,2.270492327867088e-07
2417,0.4834,0.01,0.01055095943082794,1.8573123947338282e-07,3.8414431128088975e-07,1.998296938869027e-08,3.6416134189219944e-07,2.2740509335495242e-07
2418,0.4836,0.0,0.010550870580602301,1.8895068997045972e-07,3.907929327715775e-07,1.832715453843306e-08,3.724657782331444e-07,2.2776329757194512e-07
2419,0.4838,0.0,0.010283399592208826,1.8984149456145722e-07,3.7945477131079076e-07,1.2744264554992132e-08,3.6671050675579857e-07,2.2811871884576628e-07
2420,0.484,0.01,0.01028419704015768,1.918458206072053e-07,3.9029817755454426e-07,1.5600148672211648e-08,3.7469802888233255e-07,2.2847894953230639e-07
2421,0.4842,0.01,0.010497686445923814,1.8823746163836307e-07,3.739957193125935e-07,1.345344713466261e-08,3.605422721779308e-07,2.2883406401662018e-07
2422,0.4844,0.0,0.009314512529491044,1.8483532687839955e-07,3.732419506760349e-07,1.311430565981601e-08,3.6012764501621884e-07,2.291878568975477e-07
2423,0.4846,0.0,0.010566521984967018,1.836957279729816e-07,3.649699411881338e-07,1.6054593302551946e-08,3.489153478855818e-07,2.2953936309154567e-07
2424,0.4848,0.01,0.010567031956651289,1.8429340844322245e-07,3.681623373526902e-07,1.9073253536611875e-08,3.490890838160783e-07,2.2989278905241306e-07
2425,0.485,0.0,0.010567078719166331,1.869168632027916e-07,3.666832268259526e-07,1.4362786282285473e-08,3.5232044054366707e-07,2.3024644218158282e-07
2426,0.4852,0.03,0.01056808830541259,1.852371610291538e-07,3.699176919092178e-07,1.251474390115493e-08,3.5740294800806286e-07,2.3060263617075927e-07
2427,0.4854,0.01,0.011554482639277233,1.9194287765161892e-07,3.7792102224067873e-07,7.787046643288847e-09,3.7013397559738985e-07,2.3096178154907442e-07
2428,0.4856,0.03,0.010504632194368166,1.9054204324396638e-07,3.9417375863900596e-07,1.531072671657634e-08,3.7886303192242955e-07,2.3132626098512166e-07
2429,0.4858,0.01,0.009320859541046196,1.9397515351948874e-07,3.859664965032473e-07,1.2350856353523787e-08,3.736156401497235e-07,2.3168853899068131e-07
2430,0.486,0.01,0.01005307753618146,1.933453494981752e-07,3.9264948750507077e-07,1.3762327317279025e-08,3.788871601877917e-07,2.320525731938419e-07
2431,0.4862,0.01,0.01005275204766453,1.9142676944304171e-07,3.838688861409541e-07,1.069608042777446e-08,3.731728057131796e-07,2.3241451744041754e-07
2432,0.4864,0.01,0.010052183060558289,1.8860187672888486e-07,3.8077172810820174e-07,1.774369076420249e-08,3.630280373439992e-07,2.3277526148820508e-07
2433,0.4866,0.03,0.012312810277122796,1.8335995039851137e-07,3.8441213373292013e-07,1.5300665204663494e-08,3.691114685282566e-07,2.331370243181236e-07
2434,0.4868,0.03,0.01231399197491103,1.860945402363599e-07,3.9593242897945955e-07,1.7012419405273424e-08,3.789200095741861e-07,2.3350288442962305e-07
2435,0.487,0.03,0.01231418770621944,1.877350829813951e-07,3.9917213289926756e-07,2.0238588401416485e-08,3.7893354449785104e-07,2.338702015586291e-07
2436,0.4872,0.03,0.013491641707097867,1.8586202203236216e-07,3.9535788059244274e-07,1.8669028204117747e-08,3.7668885238832494e-07,2.342365073623014e-07
2437,0.4874,0.01,0.01453081626881616,1.892452752336876e-07,3.952368431371502e-07,1.590766923133784e-08,3.7932917390581234e-07,2.3460282452812316e-07
2438,0.4876,0.03,0.013407902162715,1.840907275596819e-07,3.9408842419027775e-07,1.2000361335378369e-08,3.820880628548993e-07,2.349689624205734e-07
2439,0.4878,0.01,0.013407787959114294,1.9100847949777715e-07,4.0139472971268746e-07,1.3987946527681573e-08,3.8740678318500584e-07,2.353379991674796e-07
2440,0.488,0.0,0.014625615349318935,1.9165943968098597e-07,3.9466118353543305e-07,1.5194427239982917e-08,3.794667562954501e-07,2.357050065728202e-07
2441,0.4882,0.01,0.014625801326502114,1.9125339089249184e-07,3.891129563469928e-07,1.4732414959348393e-08,3.7438054138764436e-07,2.360714275646818e-07
2442,0.4884,0.03,0.01462583208012637,1.839353053967369e-07,3.796574748727181e-07,1.4107122153257578e-08,3.6555035271946046e-07,2.3643527962764556e-07
2443,0.4886,0.03,0.01354196984928896,1.8289347992889165e-07,3.787556581300671e-07,1.4125756599136389e-08,3.6462990153093064e-07,2.3679884230102557e-07
2444,0.4888,0.03,0.0158026542499676,1.8465399777798393e-07,3.893155830653702e-07,1.5957281721938855e-08,3.733583013434313e-07,2.3716586444814626e-07
2445,0.489,0.01,0.01580329875589278,1.9568802980463e-07,4.0478160176756917e-07,1.50567199474102e-08,3.897248818201589e-07,2.3753870297067408e-07
2446,0.4892,0.01,0.01580322283400253,1.9701750864872852e-07,4.1922640889589946e-07,1.6999546346116424e-08,4.02226862549783e-07,2.3791612835453425e-07
2447,0.4894,0.01,0.015578813647813963,1.9952369006187583e-07,4.249507020876708e-07,2.045824891492713e-08,4.044924531727436e-07,2.3829635730630228e-07
2448,0.4896,0.0,0.014491097003657498,2.0151407780910525e-07,4.21816647467457e-07,2.0951965353199246e-08,4.008646821142577e-07,2.3867557436332303e-07
2449,0.4898,0.01,0.014490378820283287,1.9563320962000295e-07,4.179817175876564e-07,2.5772711942515774e-08,3.9220900564514056e-07,2.3905376474136247e-07
2450,0.49,0.0,0.014489902258455494,1.9550906939357597e-07,4.017459472280709e-07,1.2604777602706905e-08,3.8914116962536396e-07,2.3942761233046634e-07
2451,0.4902,0.0,0.014489799172890014,1.9492569018123476e-07,4.0281820595827204e-07,1.535565313751309e-08,3.874625528207589e-07,2.398016675356285e-07
2452,0.4904,0.0,0.014490315072407308,1.9821879309826638e-07,3.978705561633276e-07,1.508358455868441e-08,3.827869716046431e-07,2.4017526184696723e-07
2453,0.4906,0.03,0.014490037231495554,1.908929425013525e-07,3.9388671725251264e-07,8.67658121070218e-09,3.852101360418104e-07,2.4054820182922117e-07
2454,0.4908,0.01,0.01343572382157956,1.9301715791169513e-07,4.012070421096079e-07,1.6759975696280956e-08,3.844470664133269e-07,2.4092281848824485e-07
2455,0.491,0.01,0.01456075268411564,1.9386076072892092e-07,3.941378878788164e-07,1.4520887909751272e-08,3.7961699996906506e-07,2.4129551443720193e-07
2456,0.4912,0.03,0.01456019502995977,1.866455392581393e-07,3.9477361190448074e-07,1.5514885437935942e-08,3.7925872646654475e-07,2.416684896392344e-07
2457,0.4914,0.03,0.013416419008226559,1.8405437429811793e-07,3.9553971546837733e-07,2.1497286866641544e-08,3.7404242860173575e-07,2.4204150126114334e-07
2458,0.4916,0.01,0.013416241210777084,1.8837083930186855e-07,3.8978367467194555e-07,1.6704455660155937e-08,3.7307921901178956e-07,2.4241352693324093e-07
2459,0.4918,0.0,0.012348887742274103,1.929639437916381e-07,3.9721343189787224e-07,1.1688883177004102e-08,3.855245487208681e-07,2.427884837059049e-07
2460,0.492,0.0,0.013423098704258207,1.9621028485600438e-07,4.071724485611969e-07,1.7909623266849976e-08,3.8926282529434687e-07,2.4316682218941074e-07
2461,0.4922,0.0,0.014491732223470633,1.9954749877370804e-07,4.0668578153805036e-07,1.8525307184135223e-08,3.8816047435391506e-07,2.435455702674808e-07
2462,0.4924,0.03,0.014491890800192421,1.9223471038870734e-07,4.0104512067437586e-07,1.435373561525462e-08,3.866913850591212e-07,2.439238055281994e-07
2463,0.4926,0.03,0.010872878397586206,2.0188592380417612e-07,4.1288850363467793e-07,1.385255838375803e-08,3.9903594525091986e-07,2.443079805009978e-07
2464,0.4928,0.0,0.01087240750949632,2.0880271913202439e-07,4.3025719480187913e-07,1.619323107154564e-08,4.140639637303334e-07,2.44696835451726e-07
2465,0.493,0.01,0.010872877448853258,2.0881774322896598e-07,4.2806822319095485e-07,9.284039452145358e-09,4.1878418373880943e-07,2.4508630903291584e-07
2466,0.4932,0.01,0.010834927077411974,2.0713360881029484e-07,4.278094397826103e-07,1.1727757930776325e-08,4.1608168185183394e-07,2.454756166474292e-07
2467,0.4934,0.0,0.010834190137863502,2.0623148898165262e-07,4.208150781338697e-07,1.8525130747825342e-08,4.022899473860443e-07,2.4586218782434834e-07
2468,0.4936,0.0,0.010834025950112906,2.053275752247295e-07,4.205164188858111e-07,1.493090113594211e-08,4.0558551774986896e-07,2.462492020539272e-07
2469,0.4938,0.01,0.011782469328553903,2.030931020559798e-07,4.2745691374049517e-07,1.897187881139637e-08,4.0848503492909875e-07,2.466385440479529e-07
2470,0.494,0.01,0.01178244634709894,2.0309508808755653e-07,4.2193237500826726e-07,1.840996477211811e-08,4.035224102361491e-07,2.470264626852438e-07
2471,0.4942,0.01,0.011885834304120466,2.0389320633474408e-07,4.2936889443503977e-07,2.0336528172523774e-08,4.0903236626251596e-07,2.47416964145511e-07
2472,0.4944,0.03,0.010645506885655874,1.9897538608514274e-07,4.3288181087402127e-07,2.031243293904927e-08,4.125693779349719e-07,2.478087999510649e-07
2473,0.4946,0.03,0.010645685383566469,2.0287718906957833e-07,4.314490505000625e-07,1.4321510373029207e-08,4.1712754012703324e-07,2.482016358160129e-07
2474,0.4948,0.0,0.010183900785876283,2.1151324050560674e-07,4.455917531966697e-07,2.38060870758765e-08,4.217856661207931e-07,2.485982050180148e-07
2475,0.495,0.0,0.010184130100196143,2.1278573957864684e-07,4.2650665101781056e-07,1.2237576692640687e-08,4.142690743251698e-07,2.4899055194827556e-07
2476,0.4952,0.0,0.010771380925259323,2.1427534232408558e-07,4.3312442157406303e-07,2.1546140532761004e-08,4.1157828104130196e-07,2.49384689936048e-07
2477,0.4954,0.03,0.010771939363194108,2.081144767363133e-07,4.2724472913435224e-07,1.6067506886193388e-08,4.1117722224815883e-07,2.497792218842067e-07
2478,0.4956,0.0,0.010772557559194656,2.2069897040841486e-07,4.217685531023641e-07,1.490823883723416e-08,4.0686031426512984e-07,2.5017349595129894e-07
2479,0.4958,0.03,0.01077240017546038,2.096848670986033e-07,4.266312679362879e-07,1.5580974767091967e-08,4.110502931691959e-07,2.505690153303669e-07
2480,0.496,0.03,0.010772492411276386,2.0575122230056057e-07,4.1700884155171605e-07,1.605677754878861e-08,4.0095206400292737e-07,2.5096127949521665e-07
2481,0.4962,0.01,0.010262873140985992,2.1295113577779256e-07,4.257660165063956e-07,1.812964858337881e-08,4.0763636792301675e-07,2.513568208210441e-07
2482,0.4964,0.01,0.010262998860596468,2.117574571006016e-07,4.2150221648308814e-07,1.6681017209114403e-08,4.048211992739737e-07,2.5175093132080267e-07
2483,0.4966,0.03,0.010263683255840842,2.0854048959506858e-07,4.266534593507756e-07,8.757866151180745e-09,4.178955931995948e-07,2.5214754783915765e-07
2484,0.4968,0.03,0.010263074689809675,2.0743016276178655e-07,4.2520815835964846e-07,1.8186750827118484e-08,4.070214075325299e-07,2.5254383338859684e-07
2485,0.497,0.03,0.010953120654493125,2.0852868938104601e-07,4.2944198995364975e-07,1.8951983136857407e-08,4.1049000681679227e-07,2.5294113946136147e-07
2486,0.4972,0.03,0.01115400636025174,2.052990567780276e-07,4.1926287725341713e-07,1.4516921855865393e-08,4.047459553975517e-07,2.5333611257033396e-07
2487,0.4974,0.03,0.010528152634194859,2.0426969927441894e-07,4.219020056392031e-07,2.116876687237538e-08,4.0073323876682767e-07,2.5373166914282966e-07
2488,0.4976,0.0,0.01052722138242716,2.117115865568737e-07,4.217488589922319e-07,2.1188794871489964e-08,4.0056006412074185e-07,2.541265164612059e-07
2489,0.4978,0.03,0.011005845021377036,2.0090526710943396e-07,4.085544402660468e-07,1.4744568969720224e-08,3.9380987129632655e-07,2.545186555762346e-07
2490,0.498,0.03,0.011355440729011713,2.0173625626737103e-07,4.1481549572474783e-07,1.918261109851655e-08,3.9563288462623124e-07,2.549130132024728e-07
2491,0.4982,0.01,0.01135521126461225,2.0596296788283652e-07,4.3027849104837923e-07,2.141276256481933e-08,4.0886572848355983e-07,2.5531133974618596e-07
2492,0.4984,0.0,0.011354887550111053,2.081673777125379e-07,4.231140215100338e-07,1.51729560161043e-08,4.0794106549392946e-07,2.557083569726468e-07
2493,0.4986,0.03,0.012551939506766802,2.0409535930164903e-07,4.2175098129396574e-07,1.461318549508467e-08,4.07137795798881e-07,2.561061864592594e-07
2494,0.4988,0.01,0.012551992154366434,2.097182289221052e-07,4.2452211616170705e-07,1.5882844990483506e-08,4.086392711712235e-07,2.565053255457182e-07
2495,0.499,0.01,0.012551879166609617,2.1035707199692313e-07,4.287296432240636e-07,1.4117771235619176e-08,4.1461187198844435e-07,2.569045730050967e-07
2496,0.4992,0.03,0.01255121211708358,2.0074037765094262e-07,4.339628384802228e-07,1.984678269188217e-08,4.141160557883406e-07,2.5730590990255686e-07
2497,0.4994,0.01,0.012550618059648144,2.0509774937120964e-07,4.4911938257995146e-07,2.1375371277445593e-08,4.2774401130250584e-07,2.577115223021641e-07
2498,0.4996,0.03,0.01231284068151764,2.0207675906297737e-07,4.528377706662763e-07,3.0948281203976036e-08,4.2188948946230023e-07,2.5811820526170135e-07
2499,0.4998,0.01,0.012312584865624952,2.0913238096265665e-07,4.520352725057123e-07,2.2125421059190222e-08,4.2990985144652205e-07,2.585263255817228e-07
2500,0.5,0.0,0.012311784958428064,2.0896465410499935e-07,4.4419533917168204e-07,1.524954132361962e-08,4.2894579784806234e-07,2.589319478942562e-07
2501,0.5002,0.01,0.012312303968260437,2.085347075207223e-07,4.5829947241370557e-07,1.775405711981246e-08,4.4054541529389306e-07,2.593422145091381e-07
2502,0.5004,0.03,0.01231326465223019,2.0623550905090172e-07,4.516107450453466e-07,1.7498615545344127e-08,4.3411212950000244e-07,2.5975169045126466e-07
2503,0.5006,0.0,0.012312585071048264,2.128800013427029e-07,4.589486961307842e-07,1.7662641421808556e-08,4.412860547089756e-07,2.6016264991202716e-07
2504,0.5008,0.0,0.012312171379945397,2.1037264120939877e-07,4.559830207280969e-07,1.8040468852011365e-08,4.379425518760855e-07,2.60573144848373e-07
2505,0.501,0.0,0.011274644492376206,2.138527795017617e-07,4.550710383879565e-07,1.4675565947110309e-08,4.4039547244084617e-07,2.609847040217554e-07
2506,0.5012,0.0,0.010254578259275131,2.139076055825745e-07,4.645522860007893e-07,2.117473700650563e-08,4.4337754899428363e-07,2.6139920882399586e-07
2507,0.5014,0.01,0.011450098974890502,2.1192842071116458e-07,4.596022429368412e-07,1.7723214096606514e-08,4.418790288402346e-07,2.618129604813677e-07
2508,0.5016,0.01,0.011449591818600485,2.0975624701329173e-07,4.662111733733284e-07,2.891359829560171e-08,4.372975750777266e-07,2.6222791734985055e-07
2509,0.5018,0.01,0.011449169184363612,2.0708547878744007e-07,4.5554709445245484e-07,2.3509150968988235e-08,4.3203794348346655e-07,2.626399156035099e-07
2510,0.502,0.01,0.010220705514616625,2.0828776968888674e-07,4.510119317041118e-07,2.0445977468755318e-08,4.3056595423535643e-07,2.6305141786061837e-07
2511,0.5022,0.0,0.011246718721552093,2.0980158137689015e-07,4.5626234166857174e-07,1.7066702339387796e-08,4.3919563932918387e-07,2.634635314466838e-07
2512,0.5024,0.0,0.010120127276657485,2.0905040402767047e-07,4.569263953466879e-07,2.1710145949398974e-08,4.3521624939728884e-07,2.638768352970241e-07
2513,0.5026,0.03,0.011409431030056023,2.0429098825772737e-07,4.465052035581729e-07,1.391347247115089e-08,4.3259173108702196e-07,2.6428859673896174e-07
2514,0.5028,0.0,0.011409415408785687,2.1305747332837474e-07,4.56064778554256e-07,1.3943821652946435e-08,4.421209569013095e-07,2.6470345518444293e-07
2515,0.503,0.03,0.010355266801330946,2.0729371215484505e-07,4.591274763606596e-07,2.1324638377099757e-08,4.3780283798355977e-07,2.6512004316921683e-07
2516,0.5032,0.0,0.010355767496762699,2.196148488366954e-07,4.699519263427326e-07,1.9668421136258474e-08,4.5028350520647406e-07,2.6553945420923494e-07
2517,0.5034,0.03,0.010355537234790366,2.0765295562072627e-07,4.5407656715611944e-07,1.212249862193511e-08,4.419540685341843e-07,2.659555890798451e-07
2518,0.5036,0.03,0.010354568712795971,2.0404708484343667e-07,4.5183997576129147e-07,1.0186362803396962e-08,4.4165361295789443e-07,2.6637040102082133e-07
2519,0.5038,0.03,0.009934216586159846,2.0119446096318395e-07,4.46063308151248e-07,1.921739590757875e-08,4.268459122436692e-07,2.6678350738587277e-07
2520,0.504,0.03,0.009934273449809343,1.9899926737711448e-07,4.3784537705014814e-07,1.7298555913363735e-08,4.2054682113678433e-07,2.6719398397050806e-07
2521,0.5042,0.01,0.009933183072761339,2.04570963832642e-07,4.496512647885862e-07,2.1315912865226794e-08,4.283353519233593e-07,2.6760810279408904e-07
2522,0.5044,0.01,0.009382880387198693,1.9839538748552857e-07,4.384590852421379e-07,2.157358917214712e-08,4.1688549606999075e-07,2.680184107512047e-07
2523,0.5046,0.01,0.009383457336864676,2.0065582657239741e-07,4.413806014773952e-07,1.7648287177521065e-08,4.237323142998741e-07,2.684301781845249e-07
2524,0.5048,0.01,0.009383553153328762,2.00970171705351e-07,4.462575048064157e-07,1.7661947998153226e-08,4.285955568082624e-07,2.6884378017833116e-07
2525,0.505,0.01,0.008901750228719005,1.9984350556091658e-07,4.448073300695252e-07,2.1948132836014466e-08,4.2285919723351064e-07,2.6925671490374377e-07
2526,0.5052,0.0,0.008901384858182105,2.022470134303965e-07,4.4384424017456884e-07,1.7202527671389833e-08,4.2664171250317895e-07,2.6966940434413807e-07
2527,0.5054,0.01,0.008932119262332481,2.003178305969776e-07,4.461919726013685e-07,1.564226939688976e-08,4.305497032044787e-07,2.7008412149583124e-07
2528,0.5056,0.0,0.008931548148407176,2.0107595499903776e-07,4.5591275986766965e-07,2.1279265638026856e-08,4.3463349422964275e-07,2.7050081858441726e-07
2529,0.5058,0.01,0.010189230837284366,1.9799881503691887e-07,4.402680045784574e-07,2.344156422733415e-08,4.168264403511232e-07,2.709139973262493e-07
2530,0.506,0.0,0.010188282628978097,1.976914662407756e-07,4.375800195468434e-07,1.7607257096266134e-08,4.199727624505772e-07,2.713258893367269e-07
2531,0.5062,0.0,0.011387225046955477,2.0572107125913013e-07,4.411366197497537e-07,2.1605710699815715e-08,4.1953090904993795e-07,2.717397791932794e-07
2532,0.5064,0.03,0.012519943876457097,1.937693729728169e-07,4.347301493600394e-07,2.5500862806587716e-08,4.092292865534516e-07,2.721527005773321e-07
2533,0.5066,0.03,0.012519662639857366,1.9370303826878775e-07,4.224746805290905e-07,1.9215322687587757e-08,4.032593578415027e-07,2.7256280862160415e-07
2534,0.5068,0.03,0.011379653541071746,1.9104104783321123e-07,4.2235322662336444e-07,1.887842367058451e-08,4.034748029527799e-07,2.729724080257236e-07
2535,0.507,0.01,0.010328881417714802,1.9366095303740994e-07,4.2770010846994205e-07,1.959799965181335e-08,4.0810210881812867e-07,2.7338328837745937e-07
2536,0.5072,0.0,0.00836527535221192,1.9762603665076874e-07,4.2046223233603527e-07,1.7562532071608373e-08,4.0289970026442686e-07,2.7379248075997905e-07
2537,0.5074,0.03,0.011514390118578596,1.8664925528903897e-07,4.2417521783963384e-07,1.8154576710269006e-08,4.060206411293648e-07,2.7420277628882925e-07
2538,0.5076,0.03,0.011513759518103968,1.8413311394035333e-07,4.0746981199063313e-07,1.5160986789689334e-08,3.9230882520094377e-07,2.746085179174303e-07
2539,0.5078,0.03,0.011512645448227506,1.8135280858498585e-07,4.0394127161207554e-07,1.7889324138656874e-08,3.8605194747341864e-07,2.750131068916615e-07
2540,0.508,0.0,0.011512318415390814,1.8879693408158102e-07,4.097841000777837e-07,1.5218297927956483e-08,3.9456580214982714e-07,2.7541917178778783e-07
2541,0.5082,0.01,0.011383848981258337,1.8498022855369682e-07,4.0233489975043907e-07,1.1992248989742678e-08,3.903426507606963e-07,2.758235508801249e-07
2542,0.5084,0.0,0.011337382288725025,1.908936036375067e-07,4.355632234021742e-07,2.451963445174522e-08,4.1104358895042893e-07,2.7623747729758697e-07
2543,0.5086,0.01,0.011146143155652998,1.8852404834570513e-07,4.236062722201152e-07,1.2420177040225585e-08,4.1118609517988956e-07,2.7664923717346765e-07
2544,0.5088,0.0,0.01025165195578497,1.9202590659053946e-07,4.3649891274291756e-07,1.6443500639080387e-08,4.2005541210383713e-07,2.7706444533833434e-07
2545,0.509,0.0,0.008840519773418234,1.931700394194662e-07,4.3928552070660697e-07,1.5009032270683062e-08,4.2427648843592387e-07,2.774810600794947e-07
2546,0.5092,0.0,0.010184305999951177,1.9462067279458658e-07,4.4526526574110337e-07,2.3269144596138517e-08,4.219961211449648e-07,2.779003243655792e-07
2547,0.5094,0.01,0.010184474257162828,1.9301449299026643e-07,4.3599226546902934e-07,2.0569282464312645e-08,4.154229830047166e-07,2.78317904965704e-07
2548,0.5096,0.0,0.011412795988139775,1.978878905501889e-07,4.427565485737144e-07,2.3358194849289306e-08,4.1939835372442505e-07,2.787382918465026e-07
2549,0.5098,0.01,0.011318389104828745,1.9766256417808632e-07,4.514422445475768e-07,1.8998222950809452e-08,4.3244402159676727e-07,2.7916196417875015e-07
2550,0.51,0.0,0.011318730535761112,2.0260770455413281e-07,4.5476680141718525e-07,2.172670868788771e-08,4.3304009272929747e-07,2.795871317046522e-07
2551,0.5102,0.0,0.012351714724504291,2.0104833009404495e-07,4.560564264470186e-07,2.7765685369484206e-08,4.2829074107753435e-07,2.8001259752023755e-07
2552,0.5104,0.01,0.01235107140633908,1.955963726891363e-07,4.435580966270066e-07,2.5496530785468458e-08,4.180615658415381e-07,2.8043474439261754e-07
2553,0.5106,0.0,0.011154516062276965,2.0465238006871306e-07,4.40712327676337e-07,1.990009503776778e-08,4.208122326385692e-07,2.808578242594331e-07
2554,0.5108,0.01,0.011155189204161479,2.0316297434379936e-07,4.376266377360267e-07,1.3922639405837745e-08,4.237039983301889e-07,2.8128120455566723e-07
2555,0.511,0.0,0.012364607806535621,2.0475103188728013e-07,4.460661688672532e-07,1.0635757211582407e-08,4.354304116556707e-07,2.8170648038168955e-07
2556,0.5112,0.01,0.012364380301975822,2.0082584629492274e-07,4.464842399461236e-07,1.9572367272776246e-08,4.269118726733473e-07,2.821324424960979e-07
2557,0.5114,0.03,0.012428079055557466,1.975275395345323e-07,4.3712296798625626e-07,1.799173580990079e-08,4.1913123217635543e-07,2.825567767474673e-07
2558,0.5116,0.01,0.012426920312774576,1.9890552595689722e-07,4.5223005688669364e-07,2.026902697745858e-08,4.31961029909235e-07,2.8298420956730093e-07
2559,0.5118,0.01,0.012307040980708141,1.982658231600735e-07,4.4750816635372634e-07,1.8788649628457628e-08,4.2871951672526866e-07,2.8341075801788385e-07
2560,0.512,0.0,0.012306135473973192,1.9909399961017346e-07,4.4771955726505807e-07,1.8896470270626094e-08,4.2882308699443195e-07,2.838371198761182e-07
2561,0.5122,0.03,0.012374985800134242,1.8982488708167693e-07,4.43182885577452e-07,2.4353666873128464e-08,4.188292187043235e-07,2.8426252504572626e-07
2562,0.5124,0.0,0.012374263400130193,1.9774361013916022e-07,4.419740048687643e-07,1.9292905584884683e-08,4.226810992838796e-07,2.8468792277960047e-07
2563,0.5126,0.01,0.012374968286685552,1.9622200613029822e-07,4.4573255352493475e-07,2.267047225678883e-08,4.2306208126814586e-07,2.8511486010378413e-07
2564,0.5128,0.03,0.010083245451369,1.938274342030419e-07,4.4197087374973165e-07,1.724864937933433e-08,4.2472222437039727e-07,2.855419531829675e-07
2565,0.513,0.03,0.010083181827718246,1.950282256718904e-07,4.490538924296611e-07,2.043756790664996e-08,4.286163245230111e-07,2.8597161176473515e-07
2566,0.5132,0.0,0.010083155615128098,2.0572865186073403e-07,4.4780765288016135e-07,1.608937535899419e-08,4.317182775211671e-07,2.8640157600813953e-07
2567,0.5134,0.01,0.010084913147730775,2.0903349672062732e-07,4.5746077153213263e-07,2.186168584936479e-08,4.3559908568276777e-07,2.8683576273151134e-07
2568,0.5136,0.03,0.011244672852867515,2.0450577927823734e-07,4.67443930808107e-07,2.3571926723104755e-08,4.4387200408500217e-07,2.8727385171228477e-07
2569,0.5138,0.03,0.011244425401666923,2.0338511446233788e-07,4.61672453513047e-07,1.9462609011570227e-08,4.422098445014767e-07,2.877105990727062e-07
2570,0.514,0.03,0.009094097575413192,2.0531202065800974e-07,4.650209371158295e-07,2.1436407286484117e-08,4.4358452982934533e-07,2.881491166105581e-07
2571,0.5142,0.03,0.009412731984838696,2.063318711737778e-07,4.7302120668149266e-07,1.845374390904044e-08,4.5456746277245215e-07,2.885903620025225e-07
2572,0.5144,0.0,0.009094184105829283,2.1494384517110589e-07,4.823003856128236e-07,2.138893095907867e-08,4.609114546537449e-07,2.89034606256728e-07
2573,0.5146,0.0,0.00909453223854495,2.1560834107749703e-07,4.872488025883199e-07,2.394066357293226e-08,4.633081390153876e-07,2.894804975314117e-07
2574,0.5148,0.03,0.009034906430943485,2.068220050120308e-07,4.703693944954829e-07,1.5614882909320934e-08,4.547545115861619e-07,2.899223716280518e-07
2575,0.515,0.01,0.008400052206036065,2.1009871701089294e-07,4.7455869983635925e-07,2.9522575812717706e-08,4.4503612402364147e-07,2.9036526581972784e-07
2576,0.5152,0.03,0.009137273014650477,2.010231743672603e-07,4.3954484996757e-07,1.2835358943747069e-08,4.267094910238229e-07,2.9079841942978427e-07
2577,0.5154,0.03,0.009136997618992598,2.0127187169944538e-07,4.5137135855856386e-07,2.314114291112522e-08,4.282302156474386e-07,2.912351369699083e-07
2578,0.5156,0.03,0.009101871720555847,2.0198510912350774e-07,4.482878107496167e-07,2.4601213201842358e-08,4.236865975477743e-07,2.916715108003657e-07
2579,0.5158,0.03,0.009101496793261967,2.0330727100562738e-07,4.4902285834710735e-07,1.6919261526985914e-08,4.3210359682012137e-07,2.921086503405593e-07
2580,0.516,0.0,0.009101485874524494,2.1425927606615818e-07,4.578702817966661e-07,1.942401319049517e-08,4.384462686061709e-07,2.92548295760708e-07
2581,0.5162,0.03,0.009278654952138176,2.0730004279328673e-07,4.559243895230657e-07,1.8747391140386633e-08,4.37176998382679e-07,2.9298937219320507e-07
2582,0.5164,0.03,0.00927799046369543,2.0732901011416972e-07,4.6036406066022585e-07,1.678620822074545e-08,4.4357785243948034e-07,2.934320127980585e-07
2583,0.5166,0.03,0.009101824463741243,2.038735542145302e-07,4.536503901309588e-07,1.5651197553363523e-08,4.379991925775952e-07,2.938724113866307e-07
2584,0.5168,0.01,0.010247084869122987,2.1176412977521361e-07,4.777066180584619e-07,1.821483189257705e-08,4.594917861658847e-07,2.9431975201115527e-07
2585,0.517,0.01,0.010247130903451997,2.1344996782660924e-07,4.785022283130311e-07,2.0159488008594988e-08,4.583427403044359e-07,2.9476771337932804e-07
2586,0.5172,0.03,0.011379047821735,2.0850148555759486e-07,4.825366177699523e-07,2.34211842188994e-08,4.591154335510528e-07,2.952180379812064e-07
2587,0.5174,0.01,0.011372660999764922,2.1180518663672795e-07,4.743717309962209e-07,1.5561790032054228e-08,4.5880994096416666e-07,2.9566575976011955e-07
2588,0.5176,0.03,0.01018851802002088,2.024870231497659e-07,4.6471590499208095e-07,1.7921223803177327e-08,4.4679468118890357e-07,2.961102889790107e-07
2589,0.5178,0.03,0.010188367098937967,2.0046892483178567e-07,4.7251792607465944e-07,2.584221468336566e-08,4.4667571139129373e-07,2.9655715692418236e-07
2590,0.518,0.01,0.010110534834871213,2.0559787581678353e-07,4.730291425824176e-07,1.8542553838790624e-08,4.544865887436269e-07,2.9700432913714406e-07
2591,0.5182,0.03,0.011254005980646088,1.9899557933600953e-07,4.730574746222608e-07,2.4765426677328236e-08,4.482920479449325e-07,2.974516953871076e-07
2592,0.5184,0.03,0.011225643654005623,2.0159949010550574e-07,4.768815966462534e-07,2.3812180716011684e-08,4.5306941593024167e-07,2.979010014091867e-07
2593,0.5186,0.03,0.01122730005004751,2.0439448060672464e-07,4.740346704285875e-07,2.4770681404922252e-08,4.492639890236652e-07,2.983506137748827e-07
2594,0.5188,0.03,0.012339612534314294,2.1122126181974674e-07,5.01801592278741e-07,2.179408218224333e-08,4.800075100964976e-07,2.988096354308087e-07
2595,0.519,0.01,0.010132364513360926,2.232609124792904e-07,5.14126947882791e-07,2.4335217321598054e-08,4.897917305611928e-07,2.9927360164372804e-07
2596,0.5192,0.01,0.010132604324385164,2.2348089050198803e-07,5.318015340196592e-07,2.3814997937839684e-08,5.079865360818194e-07,2.9974293956999703e-07
2597,0.5194,0.01,0.011239888947542995,2.2453740166438074e-07,5.190298340709821e-07,1.6840986224500303e-08,5.021888478464818e-07,3.002093921100342e-07
2598,0.5196,0.03,0.011155413525738598,2.2087029368110943e-07,5.226893968300072e-07,1.823351116442853e-08,5.044558856655785e-07,3.006783399638218e-07
2599,0.5198,0.03,0.01349510066184157,2.1961079312627317e-07,5.418388612868682e-07,2.6341498058659653e-08,5.154973632282085e-07,3.01152363854798e-07
2600,0.52,0.01,0.012282154931674366,2.2846378031589403e-07,5.498584125055288e-07,2.6414846187039472e-08,5.234435663184893e-07,3.0162985495468833e-07
2601,0.5202,0.03,0.011151166530304851,2.2321642603767686e-07,5.428667876909295e-07,2.6192781922385364e-08,5.16674005768544e-07,3.0210602931504855e-07
2602,0.5204,0.0,0.01336214369030109,2.3009785678058237e-07,5.467547224054359e-07,2.5537730613378472e-08,5.212169917920573e-07,3.0258268088931337e-07
2603,0.5206,0.01,0.01683613521942046,2.2996911046295762e-07,5.438427587599911e-07,2.4508043909590728e-08,5.193347148504002e-07,3.030599029731994e-07
2604,0.5208,0.0,0.015675760119103824,2.3855133715396963e-07,5.609199400379223e-07,2.8152669434405133e-08,5.327672706035171e-07,3.035438078315848e-07
2605,0.521,0.03,0.015675925429305227,2.2661245256877044e-07,5.464338163666498e-07,2.999554742640221e-08,5.164382689402475e-07,3.0402381187990333e-07
2606,0.5212,0.0,0.01676096375777969,2.3660003676261662e-07,5.251246151463904e-07,1.8848210440950743e-08,5.062764047054395e-07,3.0449849680670645e-07
2607,0.5214,0.03,0.014735364655162042,2.222086210258199e-07,5.368155718834464e-07,3.102753753323575e-08,5.057880343502105e-07,3.0497557351672933e-07
2608,0.5216,0.03,0.0147350600276548,2.2321916676824282e-07,5.275296712966381e-07,2.5714426592034365e-08,5.018152447046037e-07,3.054510053710697e-07
2609,0.5218,0.03,0.01351980272569884,2.223422654332997e-07,5.246243180906777e-07,2.2547189762617476e-08,5.020771283280601e-07,3.059258046049199e-07
2610,0.522,0.03,0.013519729786200935,2.2646629689813034e-07,5.243109117899749e-07,1.9115401864228214e-08,5.051955099257466e-07,3.064020375712824e-07
2611,0.5222,0.03,0.012407770658557974,2.2749586074618418e-07,5.1978942012628e-07,1.876640990228142e-08,5.010230102239985e-07,3.0687765578577285e-07
2612,0.5224,0.03,0.01240737530433271,2.281809839884928e-07,5.3467127534619e-07,2.7474104353624108e-08,5.071971709925658e-07,3.073577237765544e-07
2613,0.5226,0.01,0.012407308774283034,2.3641813336116156e-07,5.334368446290382e-07,1.5918909823097817e-08,5.175179348059403e-07,3.0783864261186995e-07
2614,0.5228,0.01,0.01344942589610602,2.3522000820129414e-07,5.365912564443658e-07,1.954679918329094e-08,5.170444572610747e-07,3.0832019300868474e-07
2615,0.523,0.03,0.012447814350291918,2.2692513597420842e-07,5.167562763736016e-07,1.5023268433682978e-08,5.017330079399186e-07,3.0879650519572484e-07
2616,0.5232,0.03,0.010108615552506632,2.2948570773700704e-07,5.306947833852371e-07,2.211856723314463e-08,5.085762161520924e-07,3.09277558519627e-07
2617,0.5234,0.01,0.01221721750259287,2.3211004417288478e-07,5.459764900294323e-07,2.8146332549681458e-08,5.178301574797507e-07,3.0976167940019e-07
2618,0.5236,0.0,0.013399116200602053,2.3531255773197397e-07,5.431307142027524e-07,1.9563451481944475e-08,5.235672627208079e-07,3.1024585893541705e-07
2619,0.5238,0.03,0.011188030673717354,2.2670980380369228e-07,5.40461909308398e-07,1.7700990434910428e-08,5.227609188734875e-07,3.107300342029357e-07
2620,0.524,0.0,0.008176375507493668,2.3804635351962287e-07,5.588415105697519e-07,1.868471027340799e-08,5.401568002963438e-07,3.112196850319693e-07
2621,0.5242,0.01,0.008177267539963196,2.3745519564691363e-07,5.62603826955499e-07,2.7756580436560245e-08,5.348472465189387e-07,3.1171152755891073e-07
2622,0.5244,0.01,0.008178907938597008,2.436705972728106e-07,5.728844350857386e-07,1.9762816778182242e-08,5.531216183075563e-07,3.1220808195957026e-07
2623,0.5246,0.03,0.008178860717635066,2.3741238796348903e-07,5.765817659335979e-07,2.2356951150748946e-08,5.542248147828487e-07,3.127061754396151e-07
2624,0.5248,0.0,0.00817903434577812,2.4863117172419754e-07,5.86630606172692e-07,2.9066981110582502e-08,5.575636250621094e-07,3.132075329848565e-07
2625,0.525,0.01,0.008452034896927838,2.4508714447768523e-07,5.880355337542492e-07,2.165266371191112e-08,5.66382870042338e-07,3.137099075680719e-07
2626,0.5252,0.0,0.009612844839665386,2.493837674890342e-07,6.044339601417414e-07,3.093698862663935e-08,5.734969715151019e-07,3.1421746905265214e-07
2627,0.5254,0.01,0.009613728381302757,2.4795064431525423e-07,5.797226894901935e-07,2.327518250447654e-08,5.564475069857168e-07,3.147191935346743e-07
2628,0.5256,0.0,0.009612138335698754,2.4677614794811e-07,5.764495478648151e-07,2.377853907619862e-08,5.526710087886164e-07,3.1521951494170616e-07
2629,0.5258,0.01,0.009612258173105521,2.417455293514981e-07,5.722896357594468e-07,2.722254858198404e-08,5.450670871774626e-07,3.1571890592511977e-07
2630,0.526,0.01,0.009612565880513891,2.4397998885519125e-07,5.836634017687543e-07,3.3854502573686344e-08,5.498088991950679e-07,3.1622214467442527e-07
2631,0.5262,0.03,0.00920449686671901,2.424056635235438e-07,5.835119335603828e-07,3.243998965656947e-08,5.510719439038132e-07,3.167270407541662e-07
2632,0.5264,0.03,0.009205140609857321,2.463958975674879e-07,5.861330591698851e-07,2.501807576015422e-08,5.611149834097307e-07,3.1723411641245543e-07
2633,0.5266,0.0,0.00979311232878539,2.540397906464525e-07,5.908068116858079e-07,2.4721036658087923e-08,5.660857750277199e-07,3.177422448823084e-07
2634,0.5268,0.0,0.009203334940441588,2.5025514347731527e-07,5.794117246365102e-07,2.831586072047993e-08,5.510958639160302e-07,3.182472473895903e-07
2635,0.527,0.03,0.009203532713785245,2.39815836497968e-07,5.686611139996794e-07,2.1422260591752105e-08,5.472388534079272e-07,3.1874902774333603e-07
2636,0.5272,0.01,0.009202981593306172,2.440549518004313e-07,5.727143820844116e-07,2.4802793335781377e-08,5.479115887486301e-07,3.192521517850567e-07
2637,0.5274,0.03,0.009202877374634611,2.3744737023685618e-07,5.668648688222739e-07,2.2639474998905495e-08,5.442253938233683e-07,3.1975418880752763e-07
2638,0.5276,0.03,0.009202995017549833,2.3610370731566007e-07,5.626461413063862e-07,2.427418998088682e-08,5.383719513254993e-07,3.2025521287247044e-07
2639,0.5278,0.03,0.009202232203964262,2.345414825021852e-07,5.542962099493239e-07,2.0768652067127984e-08,5.335275578821958e-07,3.2075410301453404e-07
2640,0.528,0.01,0.009201588087314666,2.4004574468458564e-07,5.681355148129943e-07,2.212966441040914e-08,5.46005850402585e-07,3.2125706808776607e-07
2641,0.5282,0.01,0.009924469206269272,2.432583437566778e-07,5.947504523447997e-07,2.6224715257425208e-08,5.685257370873744e-07,3.217683711271405e-07
2642,0.5284,0.03,0.011125180301476297,2.386241588478657e-07,5.933830482337543e-07,2.6523084444406638e-08,5.668599637893476e-07,3.222800096519798e-07
2643,0.5286,0.03,0.011125245520505042,2.3592205631740924e-07,5.767065017661757e-07,1.8260441259479756e-08,5.584460605066959e-07,3.2278695767324086e-07
2644,0.5288,0.03,0.011125176554183217,2.3600442309014773e-07,5.96765931136225e-07,2.7396464863955416e-08,5.693694662722695e-07,3.232996865268885e-07
2645,0.529,0.01,0.012202485384689123,2.399061681395992e-07,5.896593413719723e-07,3.0696178260005964e-08,5.589631631119663e-07,3.238104468161891e-07
2646,0.5292,0.0,0.011095472182189538,2.4640244988952576e-07,5.931311061455467e-07,2.99506514916734e-08,5.631804546538732e-07,3.2432254094323486e-07
2647,0.5294,0.03,0.011095980031446571,2.3554925248906187e-07,5.830432695080802e-07,3.042918999303241e-08,5.526140795150478e-07,3.248330242663634e-07
2648,0.5296,0.03,0.012229903520319049,2.3868395894389093e-07,5.828539597643561e-07,2.5980375819613424e-08,5.568735839447425e-07,3.2534473838422993e-07
2649,0.5298,0.03,0.012228776779852178,2.3774886070142554e-07,5.670600456261015e-07,1.7811285813551907e-08,5.492487598125495e-07,3.25852635422925e-07
2650,0.53,0.03,0.013101864605244103,2.4275313484537256e-07,5.79139151828275e-07,2.8738698256627507e-08,5.504004535716474e-07,3.2636551156710566e-07
2651,0.5302,0.01,0.013382110670921552,2.468269487312688e-07,5.814753451386293e-07,2.795804072074564e-08,5.535173044178836e-07,3.2687901066106134e-07
2652,0.5304,0.03,0.01338253614737107,2.3810614416445258e-07,5.802232230310901e-07,3.053759211068602e-08,5.49685630920404e-07,3.273919696869356e-07
2653,0.5306,0.03,0.013381402966547704,2.3530515565691824e-07,5.689003333235232e-07,2.7599342681794727e-08,5.413009906417284e-07,3.2790172189018066e-07
2654,0.5308,0.03,0.014336632503178149,2.3425596231656993e-07,5.528181238045093e-07,1.350835175043273e-08,5.393097720540764e-07,3.2840721585070353e-07
2655,0.531,0.03,0.01555938435934068,2.3421072084721863e-07,5.609581946391685e-07,2.3949715912392648e-08,5.370084787267757e-07,3.2891554185718494e-07
2656,0.5312,0.01,0.014566249384937254,2.415994275061035e-07,5.72699106863576e-07,2.7074532009350118e-08,5.456245748542257e-07,3.2942797798612727e-07
2657,0.5314,0.03,0.013597683151440542,2.3160085614538102e-07,5.755296004949902e-07,3.195609783592836e-08,5.435735026590617e-07,3.2994034477150194e-07
2658,0.5316,0.0,0.01487951791624391,2.4150321815584666e-07,5.694999604328127e-07,2.3207042860038904e-08,5.462929175727737e-07,3.304517881896323e-07
2659,0.5318,0.03,0.013911419302127291,2.331115964968247e-07,5.648911529130102e-07,2.925852770561085e-08,5.356326252073993e-07,3.30962533452128e-07
2660,0.532,0.01,0.013232315034372819,2.423193182601488e-07,5.778324449220628e-07,2.3450356668548847e-08,5.543820882535139e-07,3.314777584292098e-07
2661,0.5322,0.01,0.013233207217226869,2.4556810923024305e-07,5.777407849323533e-07,2.029325132528642e-08,5.574475336070668e-07,3.3199350050066597e-07
2662,0.5324,0.01,0.011756267124903259,2.4556795280052436e-07,5.768990493657166e-07,2.979392010985325e-08,5.471051292558632e-07,3.3251060980856615e-07
2663,0.5326,0.03,0.011756041918547507,2.3428701247210784e-07,5.633955487314717e-07,2.231003373490983e-08,5.410855149965618e-07,3.3302301468033144e-07
2664,0.5328,0.01,0.011651922127550415,2.42213985829818e-07,5.66760900587716e-07,2.166147894681021e-08,5.450994216409057e-07,3.3353688604421564e-07
2665,0.533,0.03,0.012133460295495713,2.3356403398958753e-07,5.502049347388862e-07,1.897059689650098e-08,5.312343378423851e-07,3.340465846612431e-07
2666,0.5332,0.01,0.010810975343712339,2.3822701981881973e-07,5.610421815862744e-07,2.540447954365134e-08,5.35637702042623e-07,3.3455898200269887e-07
2667,0.5334,0.01,0.010810992952262153,2.3808396732782223e-07,5.675621722090757e-07,2.8021336627656997e-08,5.395408355814185e-07,3.350736429260291e-07
2668,0.5336,0.03,0.01034673537811067,2.3414402339656363e-07,5.561528752876954e-07,2.3389132584668864e-08,5.327637427030264e-07,3.355864053707816e-07
2669,0.5338,0.01,0.010346457801803523,2.4384827429959284e-07,5.800778251546668e-07,2.8547791129461483e-08,5.515300340252052e-07,3.361067958233578e-07
2670,0.534,0.03,0.01034823433953345,2.3826303204156698e-07,5.86329319447289e-07,3.4544394227656385e-08,5.517849252196326e-07,3.3662953473910154e-07
2671,0.5342,0.03,0.010348330040543495,2.421711701641977e-07,6.072996019398065e-07,2.5155919651898918e-08,5.821436822879074e-07,3.3715922857557513e-07
2672,0.5344,0.03,0.010348547352062103,2.438405104993365e-07,6.070357017670816e-07,2.2558644542007065e-08,5.844770572250744e-07,3.376895009731037e-07
2673,0.5346,0.03,0.010348637387555737,2.4586243127819795e-07,6.05478472964791e-07,2.186516329027685e-08,5.83613309674514e-07,3.3822068331207696e-07
2674,0.5348,0.03,0.011092144744046153,2.498296893430802e-07,6.165142142823712e-07,2.277105964493971e-08,5.937431546374313e-07,3.387559422457975e-07
2675,0.535,0.03,0.010896022626275372,2.5076516126410687e-07,6.24921916260582e-07,2.214026803680408e-08,6.027816482237778e-07,3.3929442752615234e-07
2676,0.5352,0.03,0.012102572041593908,2.517117601247829e-07,6.28808563127529e-07,2.1554099690874708e-08,6.072544634366543e-07,3.3983464847821206e-07
2677,0.5354,0.03,0.01080672731385533,2.4665484721774926e-07,6.357877733818553e-07,3.9919585459802696e-08,5.958681879220525e-07,3.4037587217601614e-07
2678,0.5356,0.01,0.011902484081256388,2.4847749013353206e-07,6.238958242062903e-07,3.1694670530506146e-08,5.92201153675784e-07,3.40912816883293e-07
2679,0.5358,0.01,0.013050666657871846,2.46067914269681e-07,6.166759543142981e-07,3.505806200534944e-08,5.816178923089486e-07,3.4144818094758687e-07
2680,0.536,0.01,0.01305110876256962,2.4830955971853675e-07,6.179832769180156e-07,3.2813917149962844e-08,5.851693597680527e-07,3.419850438368009e-07
2681,0.5362,0.01,0.013051498958352847,2.49283760976329e-07,6.07372740164433e-07,3.031194056223612e-08,5.770607996021968e-07,3.4251980645225086e-07
2682,0.5364,0.03,0.0110288958703447,2.418507238702188e-07,6.060331819431283e-07,2.7723447917512213e-08,5.78309734025616e-07,3.430545241993569e-07
2683,0.5366,0.03,0.011030062867240205,2.443298423036704e-07,6.140427256183874e-07,2.3800881385011346e-08,5.902418442333759e-07,3.435923746589077e-07
2684,0.5368,0.01,0.012126706389151145,2.546671338564011e-07,6.106740012947112e-07,1.8836109660531856e-08,5.918378916341792e-07,3.441309022573369e-07
2685,0.537,0.0,0.010932832659486465,2.570393634830885e-07,6.281695782432085e-07,3.46283845468278e-08,5.935411936963806e-07,3.4467371399629005e-07
2686,0.5372,0.01,0.010933834507403602,2.53606500892719e-07,6.166993749815063e-07,2.8873495138399392e-08,5.878258798431068e-07,3.452140476383951e-07
2687,0.5374,0.01,0.01093272963213029,2.5123450259256157e-07,6.08942041095473e-07,2.154283824747073e-08,5.873992028480022e-07,3.4575271524449377e-07
2688,0.5376,0.03,0.013280986033873295,2.447378511632503e-07,6.167848170036034e-07,2.7007492136274892e-08,5.897773248673285e-07,3.4629390746985934e-07
2689,0.5378,0.03,0.013280864010463541,2.4223907569142003e-07,6.093132735892383e-07,2.8792610905491733e-08,5.805206626837465e-07,3.4683295324256187e-07
2690,0.538,0.03,0.013281813156776786,2.39491862828893e-07,6.008970266161853e-07,3.187298639302963e-08,5.690240402231555e-07,3.473694658938756e-07
2691,0.5382,0.03,0.012996673636983898,2.417006309605013e-07,6.124836667289066e-07,2.4696523991689985e-08,5.877871427372165e-07,3.4791000953821525e-07
2692,0.5384,0.03,0.011540912650351875,2.404004843485343e-07,6.088785128453351e-07,2.909038621317561e-08,5.797881266321594e-07,3.48449511389328e-07
2693,0.5386,0.03,0.01154004485678507,2.4123234452867766e-07,6.3140242941041e-07,2.8443540738352372e-08,6.029588886720576e-07,3.48995928576473e-07
2694,0.5388,0.03,0.011540322039368733,2.444393134532949e-07,6.278216260605676e-07,2.8977219458245244e-08,5.988444066023222e-07,3.4954280656436837e-07
2695,0.539,0.03,0.0105301178758384,2.4147485162113347e-07,6.099172390743706e-07,2.2074429292817957e-08,5.878428097815525e-07,3.500847713468276e-07
2696,0.5392,0.03,0.010530340643137483,2.402072596531618e-07,6.090233471689469e-07,2.9443074099633102e-08,5.795802730693137e-07,3.5062662800043104e-07
2697,0.5394,0.03,0.012624482245069518,2.423064999214746e-07,6.209751872348931e-07,2.90089670608127e-08,5.919662201740803e-07,3.511725781818696e-07
2698,0.5396,0.03,0.01262413071679296,2.4267958456212015e-07,6.182926773546945e-07,3.026967654645971e-08,5.880230008082347e-07,3.517185821565234e-07
2699,0.5398,0.01,0.013948803246837055,2.4833479052288637e-07,6.123152590467016e-07,2.550314618907592e-08,5.868121128576256e-07,3.5226339745518766e-07
2700,0.54,0.03,0.013950072969268881,2.414726643421548e-07,6.230127404422176e-07,2.5093647755756336e-08,5.979190926864612e-07,3.5281149677288175e-07
2701,0.5402,0.01,0.013949884294162515,2.5306368828205684e-07,6.332622894331379e-07,2.439629188909133e-08,6.088659975440464e-07,3.533639571883115e-07
2702,0.5404,0.0,0.013949750834210137,2.58539674631022e-07,6.334053145437542e-07,2.8501681004059942e-08,6.049036335396942e-07,3.539167935146819e-07
2703,0.5406,0.01,0.012203421224117453,2.594899578534696e-07,6.458395070066351e-07,3.1495332207227734e-08,6.143441747994073e-07,3.5447528457193086e-07
2704,0.5408,0.01,0.013526604872000594,2.578139928262373e-07,6.459096770656123e-07,2.7029192591422112e-08,6.188804844741901e-07,3.5503350527886313e-07
2705,0.541,0.01,0.012490455963217201,2.527887132479949e-07,6.34017586586645e-07,3.0734087558217556e-08,6.032834990284274e-07,3.5558795222254314e-07
2706,0.5412,0.01,0.0124909701912502,2.56078564269391e-07,6.353224252978339e-07,3.2472941323614404e-08,6.028494839742194e-07,3.5614400517096575e-07
2707,0.5414,0.0,0.013714303598075607,2.629491351299473e-07,6.374885400475502e-07,2.7760176886332124e-08,6.097283631612179e-07,3.567015769770805e-07
2708,0.5416,0.01,0.013381819588954673,2.5915459410752345e-07,6.529703965126862e-07,3.523989567872987e-08,6.177305008339562e-07,3.572639032240643e-07
2709,0.5418,0.03,0.01338219338255655,2.520341302577154e-07,6.259099229594373e-07,2.0872647251738256e-08,6.050372757076989e-07,3.578197803832525e-07
2710,0.542,0.03,0.013381765959832467,2.4832960101259986e-07,6.261202951558938e-07,2.7961926694277426e-08,5.981583684616163e-07,3.5837549282039986e-07
2711,0.5422,0.03,0.014925915538200215,2.485837904601268e-07,6.280604644679769e-07,2.7582705143508853e-08,6.004777593244679e-07,3.589318493933256e-07
2712,0.5424,0.03,0.01492544617977083,2.542258687170971e-07,6.591117436631203e-07,3.314300373691871e-08,6.259687399262014e-07,3.594986639551879e-07
2713,0.5426,0.03,0.014918319447869333,2.531266256464953e-07,6.531936686531257e-07,2.7747433605299554e-08,6.25446235047826e-07,3.60064193126153e-07
2714,0.5428,0.01,0.013751603480606748,2.5892573299256097e-07,6.556741313012958e-07,2.6822469082344703e-08,6.288516622189509e-07,3.606301642139587e-07
2715,0.543,0.03,0.01491158864400001,2.522889594323142e-07,6.543738360423618e-07,1.872297332687168e-08,6.356508627154901e-07,3.6119671778737693e-07
2716,0.5432,0.03,0.014911296955615876,2.563361766676889e-07,6.890949602745911e-07,2.785693727135565e-08,6.612380230032353e-07,3.617740752083767e-07
2717,0.5434,0.01,0.014910668516889035,2.6419597851862246e-07,7.039937139960548e-07,3.366196667418309e-08,6.703317473218716e-07,3.6235610452400896e-07
2718,0.5436,0.03,0.014912217785416569,2.606571413846049e-07,6.94156211698152e-07,3.301826067969979e-08,6.611379510184521e-07,3.6293687728476066e-07
2719,0.5438,0.03,0.01381198200541075,2.6443261198763437e-07,7.08201337573394e-07,3.8250851760059404e-08,6.699504858133345e-07,3.635226845134599e-07
2720,0.544,0.03,0.012584018480615789,2.646356193107026e-07,7.095655228577969e-07,3.4845928615529165e-08,6.747195942422676e-07,3.641093960816397e-07
2721,0.5442,0.01,0.012121411510678536,2.754257428540859e-07,7.070285520692884e-07,2.7864363934132155e-08,6.791641881351562e-07,3.6469721611131404e-07
2722,0.5444,0.01,0.01213741402996825,2.720235593480848e-07,7.078497645181034e-07,2.664884210519034e-08,6.81200922412913e-07,3.6528437345136086e-07
2723,0.5446,0.01,0.011538246541429561,2.7490190017831273e-07,7.140875129288413e-07,3.5135785279807446e-08,6.789517276490337e-07,3.658745181824651e-07
2724,0.5448,0.01,0.011326206889984437,2.775855298626872e-07,7.123122443666498e-07,3.053422643611394e-08,6.817780179305359e-07,3.6646522556191024e-07
2725,0.545,0.03,0.011326685980800326,2.6920791175363476e-07,7.086058415626859e-07,3.613492787409589e-08,6.724709136885899e-07,3.6705546146027363e-07
2726,0.5452,0.03,0.011621467436811809,2.739068066186925e-07,7.051724653488933e-07,2.2929439775692806e-08,6.822430255732003e-07,3.6764663512321567e-07
2727,0.5454,0.0,0.01162092424408031,2.885636957277839e-07,7.325900271137692e-07,3.652383906106336e-08,6.960661880527057e-07,3.682462253321978e-07
2728,0.5456,0.03,0.012313820424787,2.7889496721238626e-07,7.210904648083847e-07,3.237159457264489e-08,6.887188702357398e-07,3.6884393879301194e-07
2729,0.5458,0.01,0.014205346770400903,2.831885267240432e-07,7.145143596440811e-07,2.37352246200066e-08,6.907791350240744e-07,3.694396177245642e-07
2730,0.546,0.01,0.01420405464492629,2.795127187149833e-07,7.125394601283187e-07,3.45263327673239e-08,6.780131273609946e-07,3.7003490121154497e-07
2731,0.5462,0.01,0.01306304380881979,2.814268336653843e-07,7.102022966476163e-07,3.387670044634442e-08,6.763255962012717e-07,3.7063018687125546e-07
2732,0.5464,0.03,0.013062429268206423,2.717978595766582e-07,7.094416031823854e-07,3.476938439483476e-08,6.746722187875506e-07,3.712252452181884e-07
2733,0.5466,0.03,0.01409661174857597,2.7153439300393357e-07,6.970771143044263e-07,2.7288682699935596e-08,6.697884316044907e-07,3.71817436175205e-07
2734,0.5468,0.03,0.012713384439412159,2.7062973564197816e-07,6.996353778026416e-07,3.486335194719834e-08,6.647720258554432e-07,3.7241065971272115e-07
2735,0.547,0.03,0.012853985637333977,2.6858238528786135e-07,6.89017713202713e-07,3.6928782872123416e-08,6.520889303305894e-07,3.730010807101219e-07
2736,0.5472,0.03,0.01271381672572323,2.7131861985298107e-07,6.743182560363004e-07,3.230447297509394e-08,6.420137830612064e-07,3.735886590707516e-07
2737,0.5474,0.01,0.013386569140976362,2.79754135204853e-07,6.714729209950679e-07,2.179258062830536e-08,6.496803403667625e-07,3.7417551102853945e-07
2738,0.5476,0.03,0.01321511065899082,2.6972815649507133e-07,6.664308860574782e-07,3.3376797683146624e-08,6.330540883743314e-07,3.74761507260007e-07
2739,0.5478,0.03,0.014331747863170813,2.673708347213268e-07,6.65162976943086e-07,3.821931361078597e-08,6.269436633322999e-07,3.753473870157589e-07
2740,0.548,0.03,0.013222752712103995,2.652596222241932e-07,6.508727614506879e-07,2.996843051227744e-08,6.209043309384103e-07,3.7592963421169037e-07
2741,0.5482,0.03,0.012243119113107333,2.6117776754932317e-07,6.315868628984881e-07,2.157709720901839e-08,6.100097656894696e-07,3.765061555034139e-07
2742,0.5484,0.03,0.013472879463092296,2.5814302894274373e-07,6.505876715623674e-07,2.7484758203103985e-08,6.231029133592633e-07,3.7708755807965263e-07
2743,0.5486,0.01,0.011630224673941945,2.653435284787823e-07,6.606500603760362e-07,3.84928239349456e-08,6.221572364410905e-07,3.776714556558046e-07
2744,0.5488,0.03,0.011554467904820537,2.6228843613491524e-07,6.484926825152898e-07,2.6294533437488198e-08,6.221981490778015e-07,3.7825444799102614e-07
2745,0.549,0.01,0.011473181875278387,2.6621888921567275e-07,6.649060992437896e-07,2.8781679370564605e-08,6.361244198732249e-07,3.788415693393176e-07
2746,0.5492,0.0,0.011106736969720565,2.6722752357422773e-07,6.587858432569605e-07,3.314652232456879e-08,6.256393209323916e-07,3.794265407489302e-07
2747,0.5494,0.03,0.012402021600013979,2.5887797220342936e-07,6.605439736753578e-07,3.158614717484982e-08,6.289578265005079e-07,3.800132927724174e-07
2748,0.5496,0.03,0.01240270305971001,2.640569134753377e-07,6.774690263511777e-07,2.5765263484646458e-08,6.517037628665311e-07,3.80606299342342e-07
2749,0.5498,0.03,0.012403325550242525,2.6435355991539137e-07,6.638665196906816e-07,2.2741181384353084e-08,6.411253383063284e-07,3.811966324730992e-07
2750,0.55,0.03,0.013637350523606161,2.665109845080775e-07,6.861610949592705e-07,3.179113413112956e-08,6.543699608281408e-07,3.817936458471287e-07
2751,0.5502,0.0,0.014743871020550555,2.8283354960166837e-07,7.117574151745917e-07,4.410127700063357e-08,6.67656138173958e-07,3.823988634380272e-07
2752,0.5504,0.03,0.01474406123226706,2.703064885879802e-07,6.904176825252125e-07,3.4238754387666784e-08,6.561789281375456e-07,3.829993018326757e-07
2753,0.5506,0.03,0.01509971936747965,2.7155446799609076e-07,6.854495236852336e-07,3.5787396935079556e-08,6.496621267501539e-07,3.8359938325897414e-07
2754,0.5508,0.01,0.015098279324572679,2.8000306400516724e-07,7.145123337400851e-07,3.751562683204117e-08,6.769967069080438e-07,3.842078414780299e-07
2755,0.551,0.03,0.01509979526756441,2.695680328608255e-07,6.997801982060398e-07,2.5702821859482768e-08,6.74077376346557e-07,3.8481222125333583e-07
2756,0.5512,0.03,0.015058475834881152,2.716454460785709e-07,7.176491172875474e-07,3.894687374190414e-08,6.787022435456431e-07,3.8542231244920877e-07
2757,0.5514,0.03,0.015059413182383564,2.8131416545239266e-07,7.46151773591541e-07,3.1219661111117864e-08,7.149321124804231e-07,3.860423121192624e-07
2758,0.5516,0.01,0.013728568744697887,2.8963270088182407e-07,7.618515606819913e-07,2.9723473922022064e-08,7.321280867599692e-07,3.866667277196063e-07
2759,0.5518,0.03,0.013674961107903364,2.8056386673833656e-07,7.63785903827722e-07,3.081162818258339e-08,7.329742756451385e-07,3.872927917287585e-07
2760,0.552,0.03,0.013676002823108819,2.820426437536303e-07,7.745495432820834e-07,3.4267300284449865e-08,7.402822429976334e-07,3.879222254902534e-07
2761,0.5522,0.01,0.01367548253456225,2.8904123810665616e-07,7.837313521791059e-07,4.872781782739159e-08,7.350035343517142e-07,3.8855430298804886e-07
2762,0.5524,0.01,0.014760411217273013,2.833462595794163e-07,7.647420921886628e-07,3.5885077196905615e-08,7.28857014991757e-07,3.891808483357623e-07
2763,0.5526,0.01,0.013773125200257755,2.7798907846767104e-07,7.673030048944261e-07,4.698298911065557e-08,7.203200157837704e-07,3.898078649160288e-07
2764,0.5528,0.01,0.013774108142588365,2.8002476261131866e-07,7.540396849843723e-07,4.119333298478689e-08,7.128463519995854e-07,3.9043216913420296e-07
2765,0.553,0.01,0.013775019815024702,2.820481537424112e-07,7.505904725572096e-07,4.6371500552515964e-08,7.042189720046936e-07,3.910566203113401e-07
2766,0.5532,0.03,0.013774417771430443,2.73763102932481e-07,7.54525917340521e-07,4.084542189914372e-08,7.136804954413772e-07,3.9168258605083975e-07
2767,0.5534,0.0,0.01377416123454517,2.877960924115834e-07,7.566325114380152e-07,3.943354506857488e-08,7.171989663694402e-07,3.9231026931817e-07
2768,0.5536,0.03,0.013773830773496065,2.717117588075247e-07,7.268090713842987e-07,2.8094703847147087e-08,6.987143675371514e-07,3.929296304454565e-07
2769,0.5538,0.03,0.01377252271225634,2.635268219408066e-07,7.04143043012832e-07,2.0646000384674486e-08,6.834970426281575e-07,3.935414611190788e-07
2770,0.554,0.01,0.01440504624117403,2.734984240678515e-07,7.082678740974749e-07,2.7884624589975435e-08,6.803832495074994e-07,3.941552421469004e-07
2771,0.5542,0.03,0.015421898326607906,2.6735027991966986e-07,7.10868603118215e-07,3.22172323178835e-08,6.786513708003313e-07,3.9477104773098236e-07
2772,0.5544,0.01,0.015422247016544818,2.7734572911444347e-07,7.055603994517797e-07,2.851747134027858e-08,6.77042928111501e-07,3.9538608917664983e-07
2773,0.5546,0.03,0.014428557211063828,2.689999245997404e-07,7.030777970429359e-07,2.8936946372462988e-08,6.741408506704728e-07,3.960009857138577e-07
2774,0.5548,0.03,0.014427642935435607,2.701864848088402e-07,7.081956664761934e-07,3.741957594189516e-08,6.707760905342981e-07,3.966185119163169e-07
2775,0.555,0.03,0.014428267938608113,2.7272896713757847e-07,7.037409915107259e-07,3.890657716664853e-08,6.648344143440773e-07,3.972359255445241e-07
2776,0.5552,0.01,0.012211630503176791,2.8455804134066065e-07,7.079776628740288e-07,3.0583329864647274e-08,6.773943330093815e-07,3.9785587641377566e-07
2777,0.5554,0.01,0.012212047212720789,2.8635375648169317e-07,7.26457693819918e-07,2.8435469645995997e-08,6.98022224173922e-07,3.9848214303272024e-07
2778,0.5556,0.01,0.012211557751581423,2.8517365897676476e-07,7.41005490390051e-07,3.5870611890488506e-08,7.051348784995624e-07,3.9911233564005815e-07
2779,0.5558,0.01,0.011025473220531495,2.850111064456239e-07,7.267022270559156e-07,3.345068257545448e-08,6.93251544480461e-07,3.9973917310454824e-07
2780,0.556,0.03,0.012356841742678327,2.7683308449172813e-07,7.187042855711872e-07,2.8869192179960468e-08,6.898350933912266e-07,4.003641629432765e-07
2781,0.5562,0.01,0.012358780588098733,2.8736035268008705e-07,7.290291872187881e-07,3.4468335056989554e-08,6.945608521617985e-07,4.0099240781853684e-07
2782,0.5564,0.03,0.011733178333114705,2.726450556510163e-07,7.197603046737755e-07,3.4087909706000745e-08,6.856723949677746e-07,4.016178465808524e-07
2783,0.5566,0.03,0.0130074363894301,2.714273909905766e-07,7.156626133639158e-07,3.3096257811543815e-08,6.82566355552372e-07,4.022424837887671e-07
2784,0.5568,0.01,0.01177417066881395,2.8378124102016925e-07,7.391277294259662e-07,3.439127058869834e-08,7.047364588372678e-07,4.0287457153881986e-07
2785,0.557,0.03,0.013403906574513237,2.7590593503521737e-07,7.371406305700184e-07,3.337698751906372e-08,7.037636430509546e-07,4.0350710111410313e-07
2786,0.5572,0.03,0.013405318708788432,2.767318074723716e-07,7.455399879101436e-07,3.383357595018805e-08,7.117064119599554e-07,4.041424101770067e-07
2787,0.5574,0.03,0.015621264812185964,2.74622627151232e-07,7.247544684360573e-07,2.1127558072625853e-08,7.036269103634313e-07,4.0477255478363893e-07
2788,0.5576,0.03,0.015620461412837617,2.7427956443392116e-07,7.358794052005747e-07,3.0774904767553005e-08,7.051045004330216e-07,4.054060800132319e-07
2789,0.5578,0.01,0.015422008427428153,2.851206772141511e-07,7.664861653395645e-07,4.9779782526416454e-08,7.167063828131479e-07,4.06049038370099e-07
2790,0.558,0.0,0.015419940100445463,2.853441854900288e-07,7.369574478093893e-07,3.3153510624722006e-08,7.038039371846672e-07,4.0668267422834224e-07
2791,0.5582,0.01,0.015417766622465185,2.7236712003622085e-07,7.350929783952711e-07,4.008379100488819e-08,6.950091873903828e-07,4.0731560713837826e-07
2792,0.5584,0.03,0.015418569319968803,2.66231498779799e-07,7.247735847278663e-07,4.323571832623149e-08,6.815378664016347e-07,4.079466871364997e-07
2793,0.5586,0.01,0.015417705578281003,2.736862508380115e-07,7.15458991761667e-07,3.999272013253462e-08,6.754662716291323e-07,4.085754911588779e-07
2794,0.5588,0.03,0.014403968328641863,2.6759771179394547e-07,6.989032090372084e-07,3.328593313623013e-08,6.656172759009783e-07,4.092009654452084e-07
2795,0.559,0.03,0.013546143586926435,2.667142415853836e-07,7.110992923369135e-07,3.02752341345849e-08,6.808240582023286e-07,4.0982981505351165e-07
2796,0.5592,0.03,0.013546811727472715,2.697097626502325e-07,7.234828879150086e-07,3.631392306587742e-08,6.871689648491311e-07,4.10463386904602e-07
2797,0.5594,0.03,0.012393273129910431,2.708963196004263e-07,7.345711578361789e-07,2.91108050062047e-08,7.05460352829974e-07,4.111006533471632e-07
2798,0.5596,0.03,0.012909218737615788,2.696652976673307e-07,7.439688194505466e-07,2.7817229764953893e-08,7.161515896855927e-07,4.1174074176012006e-07
2799,0.5598,0.01,0.012909034021970875,2.7722903964359227e-07,7.417416074351159e-07,3.001133556398108e-08,7.117302718711348e-07,4.123807032821302e-07
2800,0.56,0.01,0.013998620198493022,2.7683080570551146e-07,7.424604890077553e-07,3.119683304266727e-08,7.11263655965088e-07,4.130217421482644e-07
2801,0.5602,0.03,0.013998229923918554,2.654805493200521e-07,7.383690571872059e-07,4.011539412203516e-08,6.982536630651706e-07,4.1366121869970214e-07
2802,0.5604,0.01,0.013998389557931607,2.7696961985258506e-07,7.438417723476889e-07,3.0046508281277116e-08,7.137952640664116e-07,4.1430362802856595e-07
2803,0.5606,0.01,0.01399985927311893,2.812884229119227e-07,7.441269912883612e-07,3.267549155137336e-08,7.114514997369877e-07,4.1494784342555375e-07
2804,0.5608,0.03,0.014000436688701587,2.731696009098208e-07,7.578519021772699e-07,3.663055524329544e-08,7.212213469339743e-07,4.1559622477848893e-07
2805,0.561,0.03,0.013999705322813487,2.7183749932076186e-07,7.778271815659096e-07,5.373287167790519e-08,7.240943098880043e-07,4.1624993394866134e-07
2806,0.5612,0.03,0.013998780987170528,2.720632194160724e-07,7.461251367450749e-07,2.7296257448356976e-08,7.188288792967178e-07,4.168960483736491e-07
2807,0.5614,0.03,0.013633189289092964,2.7340872693871875e-07,7.732864214091146e-07,4.627425504529283e-08,7.270121663638217e-07,4.1755016391461515e-07
2808,0.5616,0.01,0.014739305576115492,2.8407744880714695e-07,7.814499645467385e-07,3.568654738682481e-08,7.457634171599136e-07,4.182073980930382e-07
2809,0.5618,0.01,0.014739524607753282,2.865409857405206e-07,7.651481005049525e-07,2.2857081197413056e-08,7.422910193075393e-07,4.1886214239233255e-07
2810,0.562,0.01,0.016044293496169253,2.877211015873382e-07,7.815890938030361e-07,3.843159617047328e-08,7.431574976325627e-07,4.195220301931684e-07
2811,0.5622,0.01,0.015093323878517596,2.881375004630996e-07,7.716993050710767e-07,3.171492396847395e-08,7.399843811026027e-07,4.2018021680341317e-07
2812,0.5624,0.03,0.015093412530894457,2.7576646086757605e-07,7.615882978997417e-07,3.4548242315659484e-08,7.270400555840822e-07,4.208349943388172e-07
2813,0.5626,0.03,0.015050608457196968,2.754547589004555e-07,7.623031924076433e-07,3.99620020950358e-08,7.223411903126074e-07,4.2149047053146247e-07
2814,0.5628,0.01,0.015050320061654918,2.835090092414137e-07,7.816923704593906e-07,4.1000047362736653e-08,7.406923230966538e-07,4.221514966846873e-07
2815,0.563,0.03,0.015052391143225022,2.7694895553926e-07,7.75601997463309e-07,4.582460349726681e-08,7.297773939660421e-07,4.228119040628846e-07
2816,0.5632,0.01,0.01591050948979964,2.8841788562445174e-07,7.824569202782717e-07,2.996537087410516e-08,7.524915494041665e-07,4.2347534964671383e-07
2817,0.5634,0.03,0.01591023340077873,2.8006615364972606e-07,7.860943164676801e-07,3.2403397613364344e-08,7.536909188543157e-07,4.241405791653351e-07
2818,0.5636,0.01,0.015909418758642446,2.8777634892635423e-07,7.849396896130687e-07,3.198704094405822e-08,7.529526486690103e-07,4.24806227160854e-07
2819,0.5638,0.03,0.01715444357798958,2.7729703835324665e-07,7.752860968550916e-07,3.270852317638617e-08,7.425775736787053e-07,4.25469237013449e-07
2820,0.564,0.03,0.017153215175217475,2.7629082284311125e-07,7.799267735889467e-07,3.7656860493794055e-08,7.422699130951526e-07,4.261337933900973e-07
2821,0.5642,0.01,0.017152708729204894,2.8393986432957064e-07,7.827702253849292e-07,4.681156179701142e-08,7.359586635879176e-07,4.267994538856737e-07
2822,0.5644,0.01,0.018158884418141574,2.8232412959856705e-07,7.810139200949403e-07,4.366882294593707e-08,7.373450971490032e-07,4.274650337518741e-07
2823,0.5646,0.03,0.01815775809940836,2.7240670383473153e-07,7.833374527961904e-07,4.3588375332984126e-08,7.397490774632061e-07,4.2813123337200214e-07
2824,0.5648,0.01,0.019224018752277333,2.8192933084957155e-07,7.654382624874711e-07,2.8337862565258806e-08,7.371003999222122e-07,4.2879379148366053e-07
2825,0.565,0.01,0.019528225136579556,2.7991648524058763e-07,7.727401021252346e-07,4.3957250760420203e-08,7.287828513648143e-07,4.294581739319097e-07
2826,0.5652,0.01,0.017314016071902985,2.8344037419955846e-07,7.654676149599785e-07,3.096463754905894e-08,7.345029774109194e-07,4.301220705155658e-07
2827,0.5654,0.03,0.017316574430778896,2.775091916769356e-07,7.531197319771801e-07,3.549406723616275e-08,7.176256647410173e-07,4.307838945452339e-07
2828,0.5656,0.03,0.01609504216349899,2.783768097375528e-07,7.620684195601996e-07,4.079248458607838e-08,7.212759349741212e-07,4.3144905169144296e-07
2829,0.5658,0.03,0.016093826299643677,2.757377187511059e-07,7.381902286636912e-07,2.9554889313453767e-08,7.086353393502373e-07,4.321079474502456e-07
2830,0.566,0.03,0.013944986691018233,2.71231078927379e-07,7.454193560333588e-07,3.51906456592053e-08,7.102287103741534e-07,4.3276798322664984e-07
2831,0.5662,0.03,0.014906160019513727,2.728452861591789e-07,7.395555493154046e-07,3.4216463503390786e-08,7.053390858120137e-07,4.334276691047888e-07
2832,0.5664,0.03,0.015136940563477459,2.7491154859429835e-07,7.336026176273859e-07,3.816154041129658e-08,6.954410772160892e-07,4.340867701155767e-07
2833,0.5666,0.01,0.014698229712464123,2.829959987445826e-07,7.555625182378593e-07,4.1528431972816335e-08,7.140340862650429e-07,4.3475184016536863e-07
2834,0.5668,0.01,0.012818667234010012,2.801943232896487e-07,7.36172489583248e-07,3.5428306679258044e-08,7.007441829039899e-07,4.3541184085816027e-07
2835,0.567,0.03,0.01281902953576493,2.754618972514571e-07,7.420358514493722e-07,3.4873648098706515e-08,7.071622033506656e-07,4.3607505566486653e-07
2836,0.5672,0.01,0.011875797749681682,2.8650860870399674e-07,7.534285354898786e-07,3.86141229322076e-08,7.148144125576708e-07,4.367424355101951e-07
2837,0.5674,0.01,0.0118751052754766,2.8435495235760354e-07,7.475295714403383e-07,3.710409767141689e-08,7.104254737689212e-07,4.3740858768454636e-07
2838,0.5676,0.01,0.01187434273319528,2.7970214130438577e-07,7.336565846958365e-07,3.019720714213657e-08,7.034593775536999e-07,4.380704133285715e-07
2839,0.5678,0.01,0.01301932510858401,2.791815828698242e-07,7.147532411799575e-07,2.3953913730406277e-08,6.907993274495511e-07,4.387273670656592e-07
2840,0.568,0.03,0.013001635685518115,2.6934193653073696e-07,7.203962470803824e-07,3.313068733469817e-08,6.872655597456842e-07,4.3938635064081707e-07
2841,0.5682,0.03,0.013001859373816654,2.72967100636028e-07,7.325641222680028e-07,2.9332723117753802e-08,7.032313991502489e-07,4.4004992563455375e-07
2842,0.5684,0.03,0.01279437538211129,2.730373105112799e-07,7.623854655347871e-07,3.5550657549481415e-08,7.268348079853055e-07,4.4072209631980076e-07
2843,0.5686,0.01,0.01282862623845206,2.8078568044161583e-07,7.659528525521284e-07,2.4789859101052523e-08,7.411629934510758e-07,4.4139542716139356e-07
2844,0.5688,0.03,0.013858792309304285,2.677483569878801e-07,7.560365443738072e-07,4.3630214642367436e-08,7.124063297314397e-07,4.420657763867849e-07
2845,0.569,0.03,0.015060321266207358,2.6212640299147303e-07,7.327493322023043e-07,2.7158030078992215e-08,7.05591302123312e-07,4.4272900313244316e-07
2846,0.5692,0.03,0.015022122506635236,2.663577159711235e-07,7.692755327048053e-07,4.02148056013197e-08,7.290607271034855e-07,4.4340362270595566e-07
2847,0.5694,0.03,0.013758729291654545,2.7110732020505986e-07,7.959834170134423e-07,4.7536720106465173e-08,7.48446696906977e-07,4.4408696893440393e-07
2848,0.5696,0.03,0.013758670484690028,2.7472038525233427e-07,7.993428755568544e-07,4.007232937055066e-08,7.592705461863036e-07,4.447724838862913e-07
2849,0.5698,0.01,0.013659359429242186,2.7959950504305537e-07,8.069813606220479e-07,3.8924953742723164e-08,7.680564068793246e-07,4.4546003553117964e-07
2850,0.57,0.03,0.013659706565792445,2.718047373197754e-07,8.117818770942896e-07,5.238204551006382e-08,7.593998315842256e-07,4.461495501860462e-07
2851,0.5702,0.01,0.013660126837721883,2.8253673218972044e-07,8.056819025236071e-07,4.103233595829802e-08,7.64649566565309e-07,4.468386936089008e-07
2852,0.5704,0.01,0.012385399018113806,2.8830257192431736e-07,8.296909689718207e-07,5.2240459647576654e-08,7.77450509324244e-07,4.475361466470545e-07
2853,0.5706,0.03,0.012387186334699807,2.830706920143682e-07,8.236004225958122e-07,3.830574435386802e-08,7.85294678241944e-07,4.482335954544314e-07
2854,0.5708,0.01,0.012387967987114343,2.957469567120124e-07,8.337482825528104e-07,3.7710608759339256e-08,7.960376737934711e-07,4.4893518885657494e-07
2855,0.571,0.03,0.012907945371786538,2.8206219352542755e-07,8.291843296751718e-07,3.2996460971104634e-08,7.961878687040671e-07,4.4963496194347695e-07
2856,0.5712,0.01,0.012905931603985052,2.8633235873202993e-07,8.337938218264185e-07,3.5478160660096025e-08,7.983156611663223e-07,4.5033553380289675e-07
2857,0.5714,0.03,0.013997350732118384,2.791923587304538e-07,8.174487629039437e-07,4.0216357373817436e-08,7.772324055301261e-07,4.510329548389079e-07
2858,0.5716,0.03,0.013996934942129351,2.8117113327274414e-07,8.433749243208766e-07,4.428250368791518e-08,7.990924206329613e-07,4.517382657884657e-07
2859,0.5718,0.03,0.013998310448893485,2.7653421930238913e-07,7.979115315853425e-07,2.9704725237638533e-08,7.682068063477038e-07,4.5243128120513854e-07
2860,0.572,0.01,0.013999118232887972,2.968455076082558e-07,8.415436165508464e-07,4.532181658993688e-08,7.962217999609094e-07,4.5313895205446385e-07
2861,0.5722,0.03,0.014000236555361034,2.9370980625807165e-07,8.44699933008616e-07,2.7841500134827143e-08,8.168584328737888e-07,4.5384985007397884e-07
2862,0.5724,0.03,0.014000020432903899,2.974890315974446e-07,8.817436592182764e-07,4.214170625982421e-08,8.39601952958452e-07,4.5457203584427156e-07
2863,0.5726,0.01,0.013999559916663046,3.044229790564746e-07,9.000955555393883e-07,5.847992628933116e-08,8.41615629250057e-07,4.5529896941145464e-07
2864,0.5728,0.01,0.013999176287610073,3.025961976228948e-07,8.890250067650875e-07,4.556748091195308e-08,8.434575258531344e-07,4.56023093890971e-07
2865,0.573,0.03,0.012671777303793829,2.932202567836096e-07,8.713130436888297e-07,3.65794219732102e-08,8.347336217156193e-07,4.5674330963874954e-07
2866,0.5732,0.01,0.01267093450605049,2.9955549810931854e-07,8.738019358978715e-07,4.56668418715765e-08,8.281350940262949e-07,4.574640198926816e-07
2867,0.5734,0.01,0.0126703487604595,2.994544425191233e-07,8.832344879698687e-07,5.2129829540499406e-08,8.311046584293692e-07,4.5818763539569096e-07
2868,0.5736,0.01,0.015055346717375195,2.9694933870785194e-07,8.76754179415011e-07,5.708652969001759e-08,8.196676497249933e-07,4.5891003204740873e-07
2869,0.5738,0.03,0.01386375126718607,2.8721333488841634e-07,8.448305391957743e-07,4.442567508423684e-08,8.004048641115374e-07,4.5962451975926325e-07
2870,0.574,0.03,0.013863950173872742,2.817993906184067e-07,8.240968845470678e-07,3.4747181644996036e-08,7.893497029020717e-07,4.603326457017381e-07
2871,0.5742,0.01,0.01386104173459556,2.9180386056928426e-07,8.250936185356605e-07,3.386904339165554e-08,7.912245751440049e-07,4.61042186378515e-07
2872,0.5744,0.01,0.01386014575128475,2.8747150711415726e-07,8.080588308584156e-07,3.9134719407250515e-08,7.68924111451165e-07,4.6174607423172255e-07
2873,0.5746,0.03,0.013974860161465425,2.749766884076568e-07,8.248593912718995e-07,4.8987984541356256e-08,7.758714067305431e-07,4.62454643477071e-07
2874,0.5748,0.01,0.013973256953332083,2.8195481555494486e-07,8.065005727854774e-07,3.924672282599271e-08,7.672538499594845e-07,4.6315837863512375e-07
2875,0.575,0.03,0.01282375212666202,2.6936249281495725e-07,8.04256993244046e-07,3.8330220686435445e-08,7.659267725576104e-07,4.638611804234333e-07
2876,0.5752,0.03,0.011550399531738292,2.7436747438305586e-07,8.341352151162523e-07,4.4927905361850824e-08,7.892073097544014e-07,4.6457343417478424e-07
2877,0.5754,0.03,0.011551153062746641,2.761340719424449e-07,8.305941071222933e-07,4.910290620496953e-08,7.814912009173237e-07,4.6528624758114904e-07
2878,0.5756,0.03,0.012666696522081132,2.773007599192253e-07,8.426309714121133e-07,4.593698225368473e-08,7.966939891584284e-07,4.660030412546072e-07
2879,0.5758,0.03,0.012667845111643561,2.7923295771535207e-07,8.461834334352389e-07,4.267843387783594e-08,8.035049995574028e-07,4.6672185542090496e-07
2880,0.576,0.0,0.01160760698669036,2.97425499854602e-07,8.464707158468122e-07,3.414264310192278e-08,8.123280727448894e-07,4.6744191638856157e-07
2881,0.5762,0.03,0.013052047340831496,2.84206618246895e-07,8.525950155225818e-07,3.769633147946011e-08,8.148986840431215e-07,4.681650529051823e-07
2882,0.5764,0.03,0.013051602302547679,2.874557128657338e-07,8.56764411813833e-07,3.950901534062645e-08,8.172553964732065e-07,4.68890912839517e-07
2883,0.5766,0.03,0.013052064121422019,2.863846877276903e-07,8.648023688670173e-07,4.2412597396081286e-08,8.223897714709359e-07,4.696192575085203e-07
2884,0.5768,0.01,0.013052411135487023,2.97148616122948e-07,8.830706861265728e-07,4.704320897593107e-08,8.360274771506416e-07,4.703525537743646e-07
2885,0.577,0.03,0.013051687243397052,2.8452593599791063e-07,8.789239712881733e-07,6.246332024123443e-08,8.164606510469388e-07,4.710853925491056e-07
2886,0.5772,0.03,0.013161065056508419,2.851391085580322e-07,8.566527418728381e-07,3.758664896887024e-08,8.190660929039678e-07,4.718132365628283e-07
2887,0.5774,0.03,0.013162359366906204,2.8640977087312336e-07,8.662386865050241e-07,4.127800184099672e-08,8.249606846640273e-07,4.725445121925192e-07
2888,0.5776,0.01,0.012839023394444303,3.0209218927016817e-07,9.199606971147584e-07,5.5101266123493774e-08,8.648594309912645e-07,4.7329227318274393e-07
2889,0.5778,0.03,0.015133852277478682,2.957395938833526e-07,9.215924625082117e-07,4.870716917274516e-08,8.728852933354664e-07,4.740416993671968e-07
2890,0.578,0.03,0.015133510893057136,2.9537075910215655e-07,9.061960104516936e-07,4.26409554567026e-08,8.635550549949909e-07,4.7478775495704764e-07
2891,0.5782,0.01,0.014083758651935526,3.0511302404001693e-07,8.987641834058011e-07,4.3083509577296076e-08,8.556806738285048e-07,4.7553226121344094e-07
2892,0.5784,0.01,0.012819118550240573,3.059389357016986e-07,9.156574782447069e-07,4.8386924534594036e-08,8.672705537101127e-07,4.7628283743715465e-07
2893,0.5786,0.03,0.012821417262765438,2.9921374254195986e-07,9.252114455955473e-07,6.138979618226909e-08,8.638216494132781e-07,4.770364597751338e-07
2894,0.5788,0.03,0.01173202829130565,3.0134764438001954e-07,9.180727897172956e-07,3.87059843304508e-08,8.793668053868447e-07,4.777897469484971e-07
2895,0.579,0.01,0.011732499120257747,3.1102465454846017e-07,9.133801968697796e-07,4.613238038628656e-08,8.672478164834929e-07,4.785423420577178e-07
2896,0.5792,0.03,0.011731618246994672,3.013565768055301e-07,9.087518690742518e-07,3.98474649095422e-08,8.689044041647095e-07,4.792946964508538e-07
2897,0.5794,0.03,0.012797370253569734,2.9907265088560304e-07,8.897817774452946e-07,5.169274063268468e-08,8.380890368126099e-07,4.800418615005591e-07
2898,0.5796,0.03,0.012795212434866674,3.001521201890522e-07,9.069728679983482e-07,5.419835307977468e-08,8.527745149185735e-07,4.80794590886249e-07
2899,0.5798,0.01,0.012795262990622046,3.0989274204837355e-07,9.11660240565533e-07,4.871007486992021e-08,8.629501656956127e-07,4.815491747405905e-07
2900,0.58,0.03,0.012794716904283498,2.990350147740096e-07,9.074706711672923e-07,5.333017446269132e-08,8.541404967046009e-07,4.823034129336471e-07
2901,0.5802,0.01,0.012794026467752207,3.078661845625395e-07,8.999416792410687e-07,3.73549457032491e-08,8.625867335378195e-07,4.830563467893688e-07
2902,0.5804,0.03,0.013931404901934646,2.974297340168088e-07,9.033908669725708e-07,4.232484135954298e-08,8.610660256130277e-07,4.838104562712887e-07
2903,0.5806,0.01,0.015020027741881894,3.04276572754624e-07,9.204597797131518e-07,5.540992432876316e-08,8.650498553843885e-07,4.845683329160435e-07
2904,0.5808,0.01,0.016043774525567954,3.01201956656851e-07,8.984229498515693e-07,4.0393106426893194e-08,8.58029843424676e-07,4.85320889573906e-07
2905,0.581,0.01,0.013658758060207915,3.0174899344781585e-07,8.909400834470742e-07,4.833984691833361e-08,8.426002365287405e-07,4.860725194658775e-07
2906,0.5812,0.01,0.013658664438591171,3.015316662619481e-07,8.958409985509568e-07,5.079419863549528e-08,8.450467999154615e-07,4.868260471585608e-07
2907,0.5814,0.01,0.013657352505497109,2.993192487678905e-07,8.766758713526321e-07,4.4565986658290553e-08,8.321098846943415e-07,4.875749463067914e-07
2908,0.5816,0.01,0.013795825627453535,2.9958834608594344e-07,8.689728773582329e-07,5.1521516673263696e-08,8.174513606849691e-07,4.883223112812509e-07
2909,0.5818,0.03,0.013795800356770868,2.877719548744319e-07,8.611205687498995e-07,4.560278437051863e-08,8.155177843793808e-07,4.890676457902817e-07
2910,0.582,0.03,0.01255619709369281,2.8317501883793577e-07,8.534583719846516e-07,3.9898778838509606e-08,8.135595931461419e-07,4.898103895914226e-07
2911,0.5822,0.01,0.012380363012244966,2.907889421397378e-07,8.439001064132696e-07,3.520722537478181e-08,8.086928810384877e-07,4.905506277132385e-07
2912,0.5824,0.01,0.01237868983006176,2.883068293638125e-07,8.405656867351586e-07,4.1515995704464684e-08,7.990496910306939e-07,4.912905583927101e-07
2913,0.5826,0.01,0.012677955915847111,2.9078668566577e-07,8.305837178651435e-07,3.3387413816146145e-08,7.971963040489973e-07,4.920288700635001e-07
2914,0.5828,0.01,0.01325269904220213,2.9428241812032833e-07,8.465831880221918e-07,3.309516852997792e-08,8.134880194922138e-07,4.927728566847759e-07
2915,0.583,0.03,0.012473082251021395,2.8628025284868885e-07,8.554984270198589e-07,5.47996072746496e-08,8.006988197452092e-07,4.935202511550971e-07
2916,0.5832,0.01,0.01214407648742071,2.949840726694848e-07,8.620439856635655e-07,3.871254287197902e-08,8.233314427915863e-07,4.942692181286229e-07
2917,0.5834,0.03,0.013446298587926763,2.862085570094589e-07,8.678236393377891e-07,3.695183530664727e-08,8.308718040311418e-07,4.950210941013213e-07
2918,0.5836,0.03,0.012313955626986171,2.9192750627098887e-07,8.83760354935205e-07,3.045201286689198e-08,8.533083420683129e-07,4.957794266468404e-07
2919,0.5838,0.03,0.012247933773401208,2.9405917313430914e-07,9.16755642151798e-07,5.2482562436037454e-08,8.642730797157604e-07,4.96547357497589e-07
2920,0.584,0.03,0.012440357794139474,2.9388410272567794e-07,9.060657988952206e-07,4.516002277606795e-08,8.609057761191525e-07,4.973131349796521e-07
2921,0.5842,0.03,0.013285678122290739,2.9515517433231556e-07,9.270882970372006e-07,4.385379707837068e-08,8.832344999588298e-07,4.980854872530636e-07
2922,0.5844,0.01,0.013285336492238276,3.0542426248479967e-07,9.303351573364171e-07,4.9133639600172576e-08,8.812015177362445e-07,4.988598233793247e-07
2923,0.5846,0.01,0.013284558363450945,3.049627364539517e-07,9.357964754682378e-07,6.111591707957184e-08,8.746805583886659e-07,4.996364826820763e-07
2924,0.5848,0.01,0.014203214791656864,3.0793159647966713e-07,9.201266377490854e-07,4.899972083787851e-08,8.711269169112067e-07,5.004098786973861e-07
2925,0.585,0.01,0.014203011648891959,3.095262585477296e-07,9.245177570709735e-07,5.573678815267304e-08,8.687809689183003e-07,5.011855442214867e-07
2926,0.5852,0.03,0.01420362075691736,2.9527046912276057e-07,9.230055779803407e-07,6.185328707114992e-08,8.611522909091906e-07,5.019604874678233e-07
2927,0.5854,0.03,0.013247694427163328,2.963447383672238e-07,9.079553838903869e-07,4.383291834932528e-08,8.641224655410615e-07,5.027325442985018e-07
2928,0.5856,0.01,0.012285862103617045,3.0746530907622287e-07,9.154248272848959e-07,4.978644595628856e-08,8.656383813286073e-07,5.035077903568502e-07
2929,0.5858,0.03,0.012287108321584873,2.9816344168042946e-07,9.014269140382057e-07,5.020432714861031e-08,8.512225868895953e-07,5.042800176991986e-07
2930,0.586,0.03,0.013348024683415845,2.9572802067421195e-07,9.132583019918723e-07,4.751448595712402e-08,8.657438160347482e-07,5.050553882439572e-07
2931,0.5862,0.01,0.01427209105078284,2.997128853999486e-07,8.991530485735189e-07,5.253096961204949e-08,8.466220789614692e-07,5.058263357416064e-07
2932,0.5864,0.01,0.014272850585582747,2.9957475733888166e-07,8.780313642835422e-07,3.391301974956321e-08,8.441183445339789e-07,5.065924142503789e-07
2933,0.5866,0.03,0.011789951904771629,2.925837625772974e-07,8.669141910509457e-07,2.635360632544315e-08,8.405605847255025e-07,5.073569494327504e-07
2934,0.5868,0.01,0.012939873603426463,3.0179565037716843e-07,9.060261331586432e-07,4.642024280294328e-08,8.596058903556998e-07,5.081320515059627e-07
2935,0.587,0.01,0.012939007294592735,2.990273764654723e-07,8.925836890988865e-07,4.9970686886006234e-08,8.426130022128802e-07,5.089039587806668e-07
2936,0.5872,0.03,0.014505667117484113,2.8862791286820703e-07,8.721406718996555e-07,4.1948090987421923e-08,8.301925809122335e-07,5.096706353430885e-07
2937,0.5874,0.03,0.015898619065680488,2.859146118823665e-07,8.793156345522884e-07,5.2371019267704104e-08,8.269446152845843e-07,5.104391823536632e-07
2938,0.5876,0.01,0.015986738682586685,2.9360063624070936e-07,8.747824684182142e-07,6.66168179544288e-08,8.081656504637852e-07,5.112056765061087e-07
2939,0.5878,0.01,0.01710651089524106,2.910426840177926e-07,8.538450646693947e-07,4.762779460265804e-08,8.062172700667365e-07,5.119680465191458e-07
2940,0.588,0.01,0.017106982426883414,2.928275099024003e-07,8.870326621285809e-07,5.105628103487206e-08,8.359763810937087e-07,5.127402857716554e-07
2941,0.5882,0.01,0.018397645964886866,2.942240407163206e-07,8.826462244198826e-07,3.688083808421338e-08,8.457653863356691e-07,5.135129279938598e-07
2942,0.5884,0.01,0.018399078669005548,2.98397464842765e-07,8.846065002855171e-07,3.870363447751815e-08,8.459028658079989e-07,5.142873958888916e-07
2943,0.5886,0.03,0.020798491650041263,2.898313809140966e-07,8.767786905845464e-07,3.548655126224369e-08,8.412921393223027e-07,5.150613928713273e-07
2944,0.5888,0.03,0.02194519199041435,2.9601260710685977e-07,9.03567742007801e-07,5.459474842857836e-08,8.489729935792225e-07,5.158446645460799e-07
2945,0.589,0.03,0.021945683797570163,2.9319140055748415e-07,8.881395425545058e-07,4.0047581602228777e-08,8.480919609522769e-07,5.166239974104442e-07
2946,0.5892,0.03,0.02194182046104668,2.8636590026516895e-07,8.814521780770868e-07,4.149106468112537e-08,8.399611133959613e-07,5.17400633221225e-07
2947,0.5894,0.03,0.020499720957723594,2.8609397878971007e-07,8.911808217163833e-07,4.3325309516178134e-08,8.478555122002051e-07,5.181804293077924e-07
2948,0.5896,0.03,0.02049975839166873,2.844246859916417e-07,9.048328592941193e-07,5.421805298934077e-08,8.506148063047784e-07,5.189640455405019e-07
2949,0.5898,0.03,0.020501659158331638,2.916668167592253e-07,9.206619306060933e-07,5.5084105195745955e-08,8.655778254103472e-07,5.197541603838954e-07
2950,0.59,0.01,0.020500243411207472,3.0125347513351217e-07,9.13964510842018e-07,3.621573478539808e-08,8.777487760566199e-07,5.205430697886779e-07
2951,0.5902,0.03,0.018086308454395447,2.919587895160026e-07,9.059442306637262e-07,3.8531680464204443e-08,8.674125501995217e-07,5.213308143858434e-07
2952,0.5904,0.03,0.01808671873229355,2.891668504272195e-07,9.051141727204992e-07,3.9437614902856556e-08,8.656765578176426e-07,5.22118292334665e-07
2953,0.5906,0.01,0.01808520168550146,2.9770683910964397e-07,9.201067732141168e-07,5.209247991505857e-08,8.680142932990581e-07,5.229101641139535e-07
2954,0.5908,0.03,0.01909615466417803,2.8718829559785007e-07,9.11266897672758e-07,4.752750262444999e-08,8.637393950483079e-07,5.237000828748851e-07
2955,0.591,0.01,0.019096552216123528,3.062033810446978e-07,9.477720238591609e-07,4.2262023768008633e-08,9.055100000911521e-07,5.24502923583229e-07
2956,0.5912,0.01,0.019097372219005843,3.084150898238438e-07,9.71719558732443e-07,3.767414231842303e-08,9.340454164140197e-07,5.25313010623009e-07
2957,0.5914,0.03,0.01909683705810434,2.9656340774543794e-07,9.66516819140164e-07,4.648803457603846e-08,9.200287845641253e-07,5.261217544155023e-07
2958,0.5916,0.03,0.018778810288361182,2.9506796731066526e-07,9.471825781118695e-07,3.610029514711145e-08,9.110822829647579e-07,5.269259454538048e-07
2959,0.5918,0.01,0.018778954162733636,3.0894180683779653e-07,9.59645949551041e-07,3.528761708465727e-08,9.243583324663835e-07,5.277353844496325e-07
2960,0.592,0.01,0.018778719776289657,3.1057975006710583e-07,1.0108224991577488e-06,7.308329066638626e-08,9.377392084913624e-07,5.285593922876666e-07
2961,0.5922,0.01,0.01878015503078539,3.148459241445703e-07,9.947701251781263e-07,4.849929379343463e-08,9.462708313846915e-07,5.293811797372407e-07
2962,0.5924,0.03,0.01762978780655047,3.083569091727236e-07,1.012862712429023e-06,5.532533767052795e-08,9.575373747584947e-07,5.302089590322673e-07
2963,0.5926,0.03,0.018657261159009956,3.095395124843092e-07,9.917136469571628e-07,3.529239187766965e-08,9.56421255079493e-07,5.310322922154587e-07
2964,0.5928,0.01,0.01959220966156193,3.122339120341633e-07,1.0089900318149665e-06,6.038686434777004e-08,9.486031674671962e-07,5.318586900682809e-07
2965,0.593,0.03,0.01959188225212437,3.0075792161546915e-07,9.78559719924993e-07,4.136169202839301e-08,9.371980278965997e-07,5.326779191048974e-07
2966,0.5932,0.03,0.019594153339442203,3.046432220143426e-07,1.015304098249549e-06,7.239582809138175e-08,9.42908270158167e-07,5.335084403402339e-07
2967,0.5934,0.01,0.019594295944408136,3.205869099708967e-07,1.017890457526352e-06,5.385695678538916e-08,9.640335007409626e-07,5.343416584701279e-07
2968,0.5936,0.03,0.018532569028390636,3.0921388718796134e-07,1.010185148709909e-06,5.060863591570849e-08,9.595765127942001e-07,5.351734380080897e-07
2969,0.5938,0.03,0.0176059139166177,3.1152848008121064e-07,1.0148750271109187e-06,5.914663607724418e-08,9.557283910336744e-07,5.360077870807211e-07
2970,0.594,0.03,0.017608020359741555,3.079863328711007e-07,9.781520667514165e-07,3.767986114214841e-08,9.404722056092678e-07,5.368322570370359e-07
2971,0.5942,0.03,0.016456632504412167,3.098361317959702e-07,1.0084914481398784e-06,4.2602994142806366e-08,9.658884539970718e-07,5.376658851680615e-07
2972,0.5944,0.01,0.016455412524772308,3.196791846872561e-07,1.045335113434908e-06,7.026662413039547e-08,9.750684893045123e-07,5.385093515584579e-07
2973,0.5946,0.03,0.017365713298505628,3.101867692355356e-07,1.0139691552606415e-06,4.3729892150319774e-08,9.702392631103214e-07,5.39345837017128e-07
2974,0.5948,0.01,0.016125019845236996,3.2558129736864767e-07,1.0526235691037384e-06,5.037893848203063e-08,1.0022446306217076e-06,5.401937392854653e-07
2975,0.595,0.03,0.0161411385749822,3.188372584602698e-07,1.0648749438277583e-06,4.772283563756597e-08,1.017152108190192e-06,5.410470811875422e-07
2976,0.5952,0.01,0.016140636227526876,3.334105666547406e-07,1.1179541361445479e-06,6.05763605179642e-08,1.0573777756265835e-06,5.419158805344595e-07
2977,0.5954,0.03,0.017019893163303164,3.214378005158248e-07,1.1056613317403183e-06,6.185650973131046e-08,1.0438048220090075e-06,5.427820280080051e-07
2978,0.5956,0.03,0.017020857646978027,3.240594436754543e-07,1.1055616474253083e-06,5.131720363207745e-08,1.0542444437932307e-06,5.436493536404033e-07
2979,0.5958,0.03,0.017021498068910956,3.262133257415767e-07,1.1256431212520426e-06,4.5142193074350785e-08,1.0805009281776917e-06,5.445235045066729e-07
2980,0.596,0.03,0.017022351841954567,3.305677674665485e-07,1.146700338593192e-06,4.8392190465482015e-08,1.0983081481277097e-06,5.454049020058879e-07
2981,0.5962,0.03,0.017022389418682473,3.3000723138910914e-07,1.1517734364237402e-06,5.5428780339864594e-08,1.0963446560838753e-06,5.462882685539058e-07
2982,0.5964,0.03,0.01702280645208716,3.333071552132055e-07,1.172298790695823e-06,7.07917383900156e-08,1.1015070523058072e-06,5.471786025908155e-07
2983,0.5966,0.03,0.017022756760382108,3.3667048301883443e-07,1.1656155951271198e-06,7.223552755293095e-08,1.0933800675741886e-06,5.480689244888487e-07
2984,0.5968,0.01,0.01702187710219569,3.4566339416622266e-07,1.1820279236655032e-06,7.003653847963836e-08,1.1119913851858647e-06,5.489637266924494e-07
2985,0.597,0.01,0.017020547007932124,3.4703224862234185e-07,1.1763240814776665e-06,7.257420716531687e-08,1.1037498743123495e-06,5.498585386079269e-07
2986,0.5972,0.01,0.01702264612688841,3.5106496334165066e-07,1.1767170163478127e-06,6.683258696285924e-08,1.1098844293849533e-06,5.507545282489437e-07
2987,0.5974,0.03,0.01809869609076439,3.434943936819549e-07,1.1743298300995094e-06,4.815879624954324e-08,1.126171033849966e-06,5.516519500693382e-07
2988,0.5976,0.03,0.0180984897744748,3.4397908899275757e-07,1.1953510456707465e-06,6.441080168467353e-08,1.1309402439860728e-06,5.525559002460471e-07
2989,0.5978,0.03,0.018098105430454675,3.43744139696465e-07,1.1666039796801773e-06,5.771705396125404e-08,1.108886925718923e-06,5.534531663867407e-07
2990,0.598,0.03,0.018096787577498084,3.399732361807169e-07,1.1450553715546146e-06,5.0550651934663236e-08,1.0945047196199512e-06,5.543446523625934e-07
2991,0.5982,0.03,0.018095439116450108,3.36459120731025e-07,1.1200339046472001e-06,5.4632680171881144e-08,1.0654012244753187e-06,5.552295166814557e-07
2992,0.5984,0.01,0.01923962416998372,3.47967781675023e-07,1.1207431666776378e-06,5.731714690327063e-08,1.063426019774367e-06,5.561148577349195e-07
2993,0.5986,0.03,0.019238671212625333,3.34986127972752e-07,1.1102543696794102e-06,6.032772421116948e-08,1.0499266454682405e-06,5.569981930434243e-07
2994,0.5988,0.01,0.019237797627330293,3.454101434815744e-07,1.124830543439384e-06,8.192645269711281e-08,1.0429040907422709e-06,5.578861254564239e-07
2995,0.599,0.03,0.019237778444259425,3.3512513667470123e-07,1.0899066571644451e-06,3.697459574451374e-08,1.0529320614199313e-06,5.587661002016865e-07
2996,0.5992,0.03,0.019238319355515086,3.332630341544123e-07,1.0927614561175805e-06,6.019847966386129e-08,1.032562976453719e-06,5.596471586226404e-07
2997,0.5994,0.03,0.01923979402642608,3.319095406376027e-07,1.0978637723554211e-06,5.860642809221949e-08,1.0392573442632015e-06,5.605301186993892e-07
2998,0.5996,0.03,0.01840389873797975,3.3732534649998483e-07,1.1099452119984396e-06,6.12111581094953e-08,1.0487340538889441e-06,5.614183835780262e-07
2999,0.5998,0.03,0.018402974678241927,3.3824928109041144e-07,1.1142272939175962e-06,5.394702806483203e-08,1.0602802658527639e-06,5.623090978255609e-07
3000,0.6,0.03,0.02079989198195527,3.2947712958940224e-07,1.0721475955445059e-06,5.6361427750052894e-08,1.0157861677944527e-06,5.631872518797752e-07
3001,0.6002,0.03,0.021942691079129533,3.2779469281551737e-07,1.0952671779771406e-06,5.5454458522348895e-08,1.0398127194547915e-06,5.64072082253704e-07
3002,0.6004,0.03,0.02194225156701662,3.2904662204209995e-07,1.1141698051078856e-06,6.062790539265612e-08,1.0535418997152293e-06,5.64963263011514e-07
3003,0.6006,0.03,0.021940051066248533,3.2779313604077055e-07,1.1195118308049237e-06,5.596887372930393e-08,1.0635429570756196e-06,5.65856400215458e-07
3004,0.6008,0.03,0.021938453364148153,3.273404248496451e-07,1.1309421872570195e-06,6.3533075432107e-08,1.0674091118249123e-06,5.667529484798375e-07
3005,0.601,0.03,0.021938814958356086,3.2711778183315784e-07,1.1206261978377422e-06,6.599356300120271e-08,1.0546326348365393e-06,5.676476922898272e-07
3006,0.6012,0.03,0.020501628631518696,3.321652629015838e-07,1.1127098771789754e-06,4.476697023676002e-08,1.067942906942215e-06,5.685424973042108e-07
3007,0.6014,0.01,0.020502191980020273,3.5081240428796345e-07,1.1531832594459393e-06,5.4128784772090184e-08,1.0990544746738488e-06,5.694504336240507e-07
3008,0.6016,0.01,0.020502999642716183,3.5454133767859455e-07,1.1758001517555003e-06,4.973560180483305e-08,1.126064549950667e-06,5.703659387047638e-07
3009,0.6018,0.03,0.019256162928557585,3.4263576093436414e-07,1.1735398546461189e-06,5.544122680532234e-08,1.1180986278407964e-06,5.712814624785291e-07
3010,0.602,0.03,0.018092186697858455,3.463792749581739e-07,1.1650971532146562e-06,6.31858850576834e-08,1.1019112681569726e-06,5.721965947291572e-07
3011,0.6022,0.01,0.019098380394691035,3.532304824996714e-07,1.2001378763356335e-06,7.121817113873907e-08,1.1289197051968942e-06,5.731209441719738e-07
3012,0.6024,0.03,0.01910151669134012,3.380849471865619e-07,1.1720203855564463e-06,6.234308574760886e-08,1.1096772998088373e-06,5.74037378272035e-07
3013,0.6026,0.03,0.019981452312382273,3.403069107450541e-07,1.177261921786049e-06,5.610699117537236e-08,1.1211549306106766e-06,5.749565463839409e-07
3014,0.6028,0.03,0.019980403491780246,3.3741722734640547e-07,1.162571747218718e-06,4.991258945836383e-08,1.112659157760354e-06,5.758718501270339e-07
3015,0.603,0.03,0.020176711278872352,3.388774372586658e-07,1.1868345186184927e-06,7.098906475641316e-08,1.1158454538620794e-06,5.767946586387874e-07
3016,0.6032,0.03,0.019196107217622688,3.452990720477552e-07,1.1746299364248682e-06,5.3149220897889704e-08,1.1214807155269784e-06,5.777169184223923e-07
3017,0.6034,0.03,0.018786777695311403,3.523335378743631e-07,1.187527051869013e-06,5.3284546557809356e-08,1.1342425053112035e-06,5.786452394025111e-07
3018,0.6036,0.03,0.0187893046894735,3.5570573422200134e-07,1.213464579291915e-06,4.6058170187148895e-08,1.1674064091047658e-06,5.795819594317389e-07
3019,0.6038,0.03,0.01879192060072981,3.6411631790321494e-07,1.2695849079482984e-06,6.887792686097013e-08,1.200706981087328e-06,5.805363710220812e-07
3020,0.604,0.03,0.01812118004979071,3.729911951220357e-07,1.2889833997772509e-06,6.63964956391095e-08,1.2225869041381412e-06,5.814989976741495e-07
3021,0.6042,0.01,0.019605277504548737,3.9174080042236136e-07,1.295607112053992e-06,5.5409755116789766e-08,1.240197356937202e-06,5.82465416970369e-07
3022,0.6044,0.03,0.019606059859264578,3.85783260468204e-07,1.3088517584651827e-06,7.328558400047884e-08,1.2355661744647036e-06,5.834382220450767e-07
3023,0.6046,0.03,0.019606600696113707,3.885534743082029e-07,1.3273128710806218e-06,7.04328673838536e-08,1.256880003696768e-06,5.84417549289062e-07
3024,0.6048,0.03,0.01960783850748412,3.88106073382154e-07,1.3195490854671267e-06,8.673063036526666e-08,1.2328184551018597e-06,5.853954897713633e-07
3025,0.605,0.03,0.02041837096957363,3.782440279210604e-07,1.274404134920338e-06,6.164312384177741e-08,1.2127610110785604e-06,5.863598265527974e-07
3026,0.6052,0.03,0.02041764183781322,3.740487079599186e-07,1.2625965548035793e-06,6.755686017350981e-08,1.1950396946300693e-06,5.873208637150948e-07
3027,0.6054,0.03,0.020415709012713966,3.7590887933542186e-07,1.2720074909934715e-06,7.990601673581591e-08,1.1921014742576554e-06,5.882862205839343e-07
3028,0.6056,0.03,0.020414956950262606,3.729112449525376e-07,1.2469434470016543e-06,5.550268061009707e-08,1.191440766391557e-06,5.892451385771575e-07
3029,0.6058,0.03,0.02156821689280415,3.733901528731099e-07,1.244711293021351e-06,4.910744804076287e-08,1.195603844980588e-06,5.902044397835598e-07
3030,0.606,0.03,0.022502319109136876,3.742965396306023e-07,1.2497829316765302e-06,5.543851012137998e-08,1.19434442155515e-06,5.911661961569275e-07
3031,0.6062,0.03,0.024963203131336195,3.7172104084197675e-07,1.2670371618720235e-06,6.721195208402133e-08,1.199825209788002e-06,5.921327732535789e-07
3032,0.6064,0.03,0.024962850807782228,3.782132438128892e-07,1.2353959083651574e-06,3.4691854012785595e-08,1.2007040543523715e-06,5.930935247107839e-07
3033,0.6066,0.03,0.029262190395918028,3.744974151168654e-07,1.2684768723897114e-06,5.738390993797638e-08,1.2110929624517348e-06,5.940628914912798e-07
3034,0.6068,0.03,0.027006337258724332,3.706420673097197e-07,1.2712395072168598e-06,6.892816718349553e-08,1.202311340033364e-06,5.950328499531101e-07
3035,0.607,0.03,0.02701374893377486,3.784459425177146e-07,1.265945511855505e-06,5.980381833758396e-08,1.2061416935179208e-06,5.960047599035945e-07
3036,0.6072,0.03,0.027014636563280188,3.825851243369148e-07,1.3018126481971155e-06,6.946627334244013e-08,1.2323463748546752e-06,5.969879564129765e-07
3037,0.6074,0.03,0.025906912300836242,3.793222620259105e-07,1.2894150739054512e-06,6.49210756952493e-08,1.2244939982102017e-06,5.979681008094417e-07
3038,0.6076,0.03,0.027022258817267088,3.7781155169910027e-07,1.2821147283290814e-06,7.179864310817406e-08,1.2103160852209071e-06,5.989468380364504e-07
3039,0.6078,0.03,0.027020227727610726,3.7801795727316055e-07,1.27195388862167e-06,6.308079273018607e-08,1.2088730958914837e-06,5.999238690453077e-07
3040,0.608,0.01,0.027018850523912785,3.8803635806208296e-07,1.2545978140421684e-06,5.000216982369393e-08,1.2045956442184743e-06,6.008961751561251e-07
3041,0.6082,0.03,0.027018011342149973,3.6945999668899054e-07,1.2570884851914954e-06,5.921568722879318e-08,1.197872797962702e-06,6.01868381973045e-07
3042,0.6084,0.03,0.02563949651691684,3.6296171853129697e-07,1.2172300286513614e-06,4.359337734103516e-08,1.1736366513103261e-06,6.028291764946649e-07
3043,0.6086,0.03,0.024488427047742862,3.589770509568471e-07,1.234318406609607e-06,7.005929715629918e-08,1.1642591094533075e-06,6.037943473444153e-07
3044,0.6088,0.03,0.023144174786540374,3.604191705949947e-07,1.22852986966772e-06,6.501216209795982e-08,1.16351770756976e-06,6.047594405492622e-07
3045,0.609,0.01,0.02314427994961987,3.793808892216548e-07,1.2189316290340752e-06,4.867711800534105e-08,1.170254511028734e-06,6.057238329217781e-07
3046,0.6092,0.01,0.023144438897598128,3.808691095620325e-07,1.2425290233527967e-06,6.261431166192136e-08,1.1799147116908752e-06,6.066962040897921e-07
3047,0.6094,0.03,0.019889764240637337,3.712922371424425e-07,1.2444533891661151e-06,5.140797594009809e-08,1.193045413226017e-06,6.076705050747826e-07
3048,0.6096,0.03,0.019890634652327918,3.719338239765247e-07,1.2802257473599131e-06,6.577063179744322e-08,1.2144551155624698e-06,6.086552418412379e-07
3049,0.6098,0.03,0.019889450809637887,3.7108250521651474e-07,1.2914862071374744e-06,6.665750285433201e-08,1.2248287042831422e-06,6.09643021839871e-07
3050,0.61,0.03,0.020972783485955434,3.766232308080504e-07,1.2929799650991223e-06,6.742028561546182e-08,1.2255596794836604e-06,6.106336257680402e-07
3051,0.6102,0.03,0.017862960504732735,3.7508341960098804e-07,1.2768485038095525e-06,5.214264134842254e-08,1.2247058624611296e-06,6.116204452190661e-07
3052,0.6104,0.03,0.017864857639748648,3.7270595018487276e-07,1.2800664255717298e-06,6.940253824216031e-08,1.2106638873295692e-06,6.126086394821542e-07
3053,0.6106,0.03,0.017849182752214053,3.7512598242486514e-07,1.250087327487256e-06,4.802230161682921e-08,1.2020650258704265e-06,6.135902413132659e-07
3054,0.6108,0.03,0.017847696341077697,3.76478589312777e-07,1.28807058472168e-06,7.536441865057048e-08,1.2127061660711092e-06,6.145832471387991e-07
3055,0.611,0.03,0.01784531842622019,3.727267826953785e-07,1.258867860900209e-06,5.361271196847745e-08,1.2052551489317314e-06,6.155686002948238e-07
3056,0.6112,0.03,0.01784551684721268,3.746712574790105e-07,1.2699994826481904e-06,6.48148154424534e-08,1.2051846672057368e-06,6.165581296093257e-07
3057,0.6114,0.03,0.017847790945955327,3.798592837363888e-07,1.2972515847570943e-06,7.16758374175717e-08,1.2255757473395223e-06,6.175567294684074e-07
3058,0.6116,0.03,0.017847959833868294,3.8434600049371387e-07,1.294066629036606e-06,6.931731162785804e-08,1.2247493174087478e-06,6.185568940745562e-07
3059,0.6118,0.03,0.017845508001791018,3.8526649635448917e-07,1.272272586510554e-06,6.404327057868081e-08,1.208229315931873e-06,6.195524169194937e-07
3060,0.612,0.03,0.017845751899228067,3.862944890854051e-07,1.2886957695299316e-06,7.981592305960263e-08,1.2088798464703287e-06,6.205535375991286e-07
3061,0.6122,0.03,0.017848894799450267,3.9248482481346806e-07,1.3119013889304069e-06,5.826904792834759e-08,1.253632341002059e-06,6.215628648489152e-07
3062,0.6124,0.01,0.017848437885643182,4.085334469833886e-07,1.315296103445191e-06,6.254814670688941e-08,1.2527479567383014e-06,6.225754170592451e-07
3063,0.6126,0.03,0.017851205030786833,3.944131301448776e-07,1.2562242154868343e-06,4.611086567416652e-08,1.2101133498126677e-06,6.235728015092072e-07
3064,0.6128,0.03,0.01785118101079254,3.940282052526175e-07,1.3076444760677956e-06,6.305653357653022e-08,1.2445879424912651e-06,6.24584357912319e-07
3065,0.613,0.03,0.01784880242435254,3.951882170815423e-07,1.2902649620099606e-06,6.199780862328468e-08,1.2282671533866758e-06,6.255926048352545e-07
3066,0.6132,0.03,0.017849709946947907,3.92286415625754e-07,1.3120541996097363e-06,7.84700993203221e-08,1.233584100289414e-06,6.266064988557982e-07
3067,0.6134,0.03,0.019049881450174583,3.945692702778912e-07,1.3109320989709e-06,6.438019063018539e-08,1.2465519083407144e-06,6.276214243776129e-07
3068,0.6136,0.03,0.01904673121228526,3.949357868828397e-07,1.3130267344763971e-06,5.636441503965759e-08,1.2566623194367393e-06,6.286378702027582e-07
3069,0.6138,0.03,0.019673500990801944,3.9126610221788306e-07,1.2957182918006868e-06,5.2199035667272966e-08,1.2435192561334136e-06,6.296501588753852e-07
3070,0.614,0.01,0.019043498531907246,3.992729485060484e-07,1.2781369745348689e-06,5.239122099068543e-08,1.2257457535441833e-06,6.30657717904255e-07
3071,0.6142,0.03,0.01997782875467088,3.8473139696301427e-07,1.2711378827374855e-06,4.956296858707662e-08,1.2215749141504086e-06,6.316639523615215e-07
3072,0.6144,0.01,0.021165594391084733,3.953359768294834e-07,1.3014867029724046e-06,6.852959560274129e-08,1.232957107369663e-06,6.326786241188361e-07
3073,0.6146,0.03,0.021165813770798295,3.817806387865207e-07,1.2699499899816992e-06,3.9822464481735457e-08,1.2301275254999636e-06,6.336853440876454e-07
3074,0.6148,0.01,0.020170747863889216,3.938460372085135e-07,1.316472068084208e-06,6.173572438775113e-08,1.2547363436964566e-06,6.347052148702247e-07
3075,0.615,0.01,0.020058875699282906,3.997163196942363e-07,1.3250325908562096e-06,5.4862875426701095e-08,1.2701697154295082e-06,6.357295080489097e-07
3076,0.6152,0.03,0.02005964663344943,3.9067938473665946e-07,1.3328221324200106e-06,6.687746731567781e-08,1.2659446651043326e-06,6.367577790427289e-07
3077,0.6154,0.03,0.020059710539359298,3.9059830254563395e-07,1.3256753436456573e-06,7.27239430427056e-08,1.2529514006029515e-06,6.377850870751388e-07
3078,0.6156,0.01,0.02005983897685836,4.003473915719904e-07,1.2868048654089e-06,4.4315125707134035e-08,1.2424897397017656e-06,6.388022225873852e-07
3079,0.6158,0.01,0.02006009956510862,3.984747827374884e-07,1.338173509037283e-06,8.525961746684002e-08,1.2529138915704428e-06,6.398331976564369e-07
3080,0.616,0.01,0.02006194046841613,4.0818954524065905e-07,1.3534172932231178e-06,6.538051731727869e-08,1.288036775905839e-06,6.408715203114829e-07
3081,0.6162,0.03,0.021200636100141584,3.97829247197807e-07,1.3277994182464714e-06,5.492424369178228e-08,1.272875174554689e-06,6.41905077698513e-07
3082,0.6164,0.03,0.021200964852882823,4.007040643751353e-07,1.362488928610455e-06,5.966192781787434e-08,1.3028270007925805e-06,6.42949278835649e-07
3083,0.6166,0.03,0.022527514274267094,3.9813194364396007e-07,1.3568238032717988e-06,3.7544625212252255e-08,1.3192791780595463e-06,6.439923084161557e-07
3084,0.6168,0.03,0.022526864895694096,3.982057008102321e-07,1.4243032339032645e-06,7.300683593172282e-08,1.3512963979715415e-06,6.450539644582617e-07
3085,0.617,0.03,0.022526537847251196,4.046692581284037e-07,1.4160465703556395e-06,6.132866724022765e-08,1.3547179031154116e-06,6.461161359135165e-07
3086,0.6172,0.03,0.022527885946962527,4.0601606193042253e-07,1.4713142039430062e-06,8.808683097111922e-08,1.3832273729718868e-06,6.47193856782304e-07
3087,0.6174,0.03,0.022528424982457163,4.0353948694214984e-07,1.4265440277229674e-06,5.515925888795779e-08,1.3713847688350094e-06,6.482603580525593e-07
3088,0.6176,0.03,0.024951925145891778,4.0013590599814585e-07,1.4379678738614387e-06,8.255022249452679e-08,1.3554176513669117e-06,6.493299266910751e-07
3089,0.6178,0.03,0.024951778789830185,3.9821404279406804e-07,1.4195401835450336e-06,8.22440085339952e-08,1.3372961750110382e-06,6.503954379192932e-07
3090,0.618,0.03,0.028194968127245215,4.0027303789499256e-07,1.4317010002265462e-06,7.808411679976955e-08,1.3536168834267765e-06,6.514659260574708e-07
3091,0.6182,0.03,0.029247122615644345,3.959485995745002e-07,1.406048504580221e-06,5.5312709236996884e-08,1.3507357953432239e-06,6.525292233300872e-07
3092,0.6184,0.03,0.030373868496740446,4.005977632622773e-07,1.409878776646761e-06,5.3609289711260504e-08,1.3562694869355003e-06,6.535955167587508e-07
3093,0.6186,0.03,0.028119520781317464,3.9923017181963375e-07,1.4361190566880097e-06,6.941833659203153e-08,1.366700720095978e-06,6.546696015745512e-07
3094,0.6188,0.03,0.027001720704561506,4.0671023647288825e-07,1.4332271440297028e-06,5.4510173455495675e-08,1.378716970574207e-06,6.557461215444832e-07
3095,0.619,0.03,0.025896332149973257,4.091643510405585e-07,1.4600220165261483e-06,6.227746207414383e-08,1.3977445544520043e-06,6.568312235616547e-07
3096,0.6192,0.03,0.02701028958008999,4.1286045018448224e-07,1.4792558170891251e-06,8.513887518045137e-08,1.3941169419086735e-06,6.57923265636581e-07
3097,0.6194,0.03,0.027009766242308986,4.124345442115109e-07,1.4610030813964783e-06,6.915453977718719e-08,1.391848541619291e-06,6.590114351274252e-07
3098,0.6196,0.03,0.02700932811809002,4.1183579016476754e-07,1.4622621429353068e-06,6.971643833327423e-08,1.3925457046020323e-06,6.601007654705814e-07
3099,0.6198,0.03,0.02786042584188975,4.0927372850936616e-07,1.4643456190094615e-06,6.389247824066279e-08,1.4004531407687985e-06,6.611907999556653e-07
3100,0.62,0.03,0.027859534670398898,4.1234921919746014e-07,1.5053389905130589e-06,9.28628145696024e-08,1.4124761759434563e-06,6.622930538390832e-07
3101,0.6202,0.03,0.025635285547399172,4.099862306019616e-07,1.4669693825506498e-06,5.462876562675853e-08,1.412340616923891e-06,6.633857009566553e-07
3102,0.6204,0.03,0.024484930136138415,4.1555230055981606e-07,1.4724278387319945e-06,6.114216715839429e-08,1.4112856715736e-06,6.6448206212259e-07
3103,0.6206,0.03,0.023143329969913046,4.156050849443763e-07,1.4868451557121134e-06,7.336097215616991e-08,1.4134841835559433e-06,6.655828581157916e-07
3104,0.6208,0.03,0.023143861551840228,4.170788685578636e-07,1.4912051652575776e-06,7.104769711047517e-08,1.4201574681471024e-06,6.66686183235755e-07
3105,0.621,0.03,0.022891978327893935,4.1905733624369156e-07,1.4944809254768654e-06,6.345286225566994e-08,1.4310280632211952e-06,6.677918916303404e-07
3106,0.6212,0.03,0.022893384839234397,4.1845365141171153e-07,1.5108720100395079e-06,8.031467273881794e-08,1.4305573373006898e-06,6.6890263135408e-07
3107,0.6214,0.03,0.02252083642921288,4.1679167510027817e-07,1.4995013025731887e-06,5.975529921523316e-08,1.4397460033579553e-06,6.700110849913365e-07
3108,0.6216,0.01,0.022520832439758547,4.343492808011414e-07,1.50218566147381e-06,7.643422250252606e-08,1.4257514389712838e-06,6.711209430317342e-07
3109,0.6218,0.03,0.02174539814908007,4.1219747647062077e-07,1.4586834469204343e-06,5.32181798552215e-08,1.4054652670652125e-06,6.722194951951096e-07
3110,0.622,0.03,0.021745053058653575,4.135088234989341e-07,1.4819910818911681e-06,6.92887920982491e-08,1.4127022897929187e-06,6.73325299344713e-07
3111,0.6222,0.03,0.021741332680780785,4.175608602481993e-07,1.5069600786991683e-06,5.311767616487442e-08,1.4538424025342936e-06,6.744396470715119e-07
3112,0.6224,0.03,0.021740654569138398,4.127360916062003e-07,1.5059404734212973e-06,7.82413718943999e-08,1.4276991015268972e-06,6.755534765114577e-07
3113,0.6226,0.03,0.021739388486939258,4.114036243172896e-07,1.471662216177859e-06,7.098819035880817e-08,1.4006740258190505e-06,6.766592146102141e-07
3114,0.6228,0.03,0.021741301307908332,4.086189524105784e-07,1.4859443754976007e-06,6.335562407404581e-08,1.4225887514235547e-06,6.777683791459413e-07
3115,0.623,0.03,0.021741217571920057,4.112360202876587e-07,1.4976135618547192e-06,7.935004076087573e-08,1.4182635210938432e-06,6.788821414556508e-07
3116,0.6232,0.03,0.0217421968451649,4.184085692221643e-07,1.5024537860786998e-06,7.978006931364492e-08,1.4226737167650547e-06,6.800003440567782e-07
3117,0.6234,0.03,0.02174320115824045,4.176254861200233e-07,1.4944575325559183e-06,6.251216557811437e-08,1.4319453669778036e-06,6.8111713237545e-07
3118,0.6236,0.03,0.02174244063494306,4.1647170599584246e-07,1.5273409613645856e-06,7.333069448933505e-08,1.4540102668752503e-06,6.822433209037693e-07
3119,0.6238,0.03,0.02174046920540449,4.1648488776506676e-07,1.5239620934360997e-06,8.7854457927775e-08,1.4361076355083245e-06,6.833695217649005e-07
3120,0.624,0.03,0.021738158919828103,4.1948277360541965e-07,1.5397022162203135e-06,8.410922958094767e-08,1.4555929866393657e-06,6.845016071586432e-07
3121,0.6242,0.01,0.021738750655779553,4.331199932315419e-07,1.5218044775921485e-06,6.858118782346952e-08,1.4532232897686788e-06,6.856298207084585e-07
3122,0.6244,0.03,0.02173974033445615,4.162908779329233e-07,1.5206390976215447e-06,8.893747131611913e-08,1.4317016263054254e-06,6.867580472697931e-07
3123,0.6246,0.03,0.021739472558492165,4.203381970139487e-07,1.5451305786872353e-06,9.408201440426909e-08,1.4510485642829661e-06,6.878947976105316e-07
3124,0.6248,0.03,0.021741217909132818,4.240277163801608e-07,1.5258357892829657e-06,5.8995543822981636e-08,1.4668402454599838e-06,6.890285091280867e-07
3125,0.625,0.03,0.021741748568471362,4.2504456965561123e-07,1.5186375163551445e-06,4.253726687520164e-08,1.4761002494799427e-06,6.901617011022277e-07
3126,0.6252,0.03,0.020635548801230256,4.2276428251827895e-07,1.5610178312526877e-06,8.891144417253473e-08,1.4721063870801527e-06,6.913059326685726e-07
3127,0.6254,0.03,0.020634136654190238,4.2537338264932025e-07,1.5594004241570561e-06,9.196040134850846e-08,1.4674400228085474e-06,6.924518413102236e-07
3128,0.6256,0.01,0.020634945352537314,4.38925898858605e-07,1.5488593525383837e-06,6.422926597895349e-08,1.48463008655943e-06,6.935957398631434e-07
3129,0.6258,0.03,0.02063371750886473,4.234598911123074e-07,1.516784724396369e-06,5.906923883313022e-08,1.4577154855632386e-06,6.94732126584508e-07
3130,0.626,0.03,0.020634441551774872,4.1868659637952236e-07,1.5289078016654584e-06,9.956178768154309e-08,1.4293460139839151e-06,6.958714093495947e-07
3131,0.6262,0.03,0.020634629322256487,4.191733096702133e-07,1.479179283502741e-06,6.17644228289694e-08,1.4174148606737714e-06,6.969987371754872e-07
3132,0.6264,0.03,0.02063354065908673,4.262725027269682e-07,1.4838202293554708e-06,6.594736766361405e-08,1.4178728616918566e-06,6.981302909306409e-07
3133,0.6266,0.03,0.020632926229637912,4.247832047025581e-07,1.5417011964681685e-06,8.394358390366285e-08,1.4577576125645055e-06,6.992775568764066e-07
3134,0.6268,0.03,0.020630826220096658,4.2306439481730885e-07,1.5370469551437479e-06,7.85758414231034e-08,1.4584711137206442e-06,7.00424190125278e-07
3135,0.627,0.03,0.020630359633163623,4.2197506480418887e-07,1.5000602460764492e-06,6.180988505678293e-08,1.438250361019666e-06,7.015619446176687e-07
3136,0.6272,0.03,0.02171181557087232,4.241468710110312e-07,1.464186492036513e-06,5.692438408596069e-08,1.4072621079505522e-06,7.026919340905074e-07
3137,0.6274,0.03,0.02171140762151994,4.2122295097930685e-07,1.5070739358522754e-06,7.880797374873445e-08,1.4282659621035408e-06,7.03833323544822e-07
3138,0.6276,0.03,0.021710378586580256,4.1733586574872925e-07,1.5095317299371176e-06,7.397723952357944e-08,1.435554490413538e-06,7.049753595810467e-07
3139,0.6278,0.03,0.02044738186483605,4.1585464965239297e-07,1.489331487138929e-06,7.048650817037416e-08,1.4188449789685546e-06,7.061126527625962e-07
3140,0.628,0.03,0.02044940496137769,4.171769362366936e-07,1.4938030822705995e-06,6.350458209988053e-08,1.4302985001707188e-06,7.072524699049237e-07
3141,0.6282,0.03,0.01934113085289729,4.2601206679660756e-07,1.498106770348721e-06,5.662283419288098e-08,1.44148393615584e-06,7.083965967799864e-07
3142,0.6284,0.03,0.01934091863044694,4.2861023864694724e-07,1.5293775612716995e-06,5.638966558763724e-08,1.472987895684062e-06,7.095503338101203e-07
3143,0.6286,0.03,0.019341805019153127,4.324928202124987e-07,1.5441783548283675e-06,7.26648790730392e-08,1.4715134757553282e-06,7.10710066468046e-07
3144,0.6288,0.03,0.01934305794630026,4.3712554576809407e-07,1.577007130285167e-06,9.440853623167328e-08,1.4825985940534935e-06,7.118804693328494e-07
3145,0.629,0.03,0.019343578855761576,4.341045908175908e-07,1.5714348704987457e-06,8.212318014889686e-08,1.4893116903498487e-06,7.130496605977876e-07
3146,0.6292,0.03,0.01934306486266974,4.3131713260282827e-07,1.5658825819419298e-06,7.028520972183505e-08,1.4955973722200944e-06,7.142177012064729e-07
3147,0.6294,0.03,0.020461147434144282,4.3009327572580176e-07,1.5686915858348939e-06,7.909910095290065e-08,1.4895924848819931e-06,7.153876503678071e-07
3148,0.6296,0.03,0.020463590286118716,4.335273416131687e-07,1.5504264350759417e-06,7.37653072240265e-08,1.476661127851915e-06,7.165544758252825e-07
3149,0.6298,0.03,0.02046445121757598,4.4199322136293375e-07,1.5882403791980428e-06,6.465222923573459e-08,1.523588149962308e-06,7.177347181382532e-07
3150,0.63,0.01,0.02046514780786704,4.6233243314082777e-07,1.5861917850132522e-06,5.8892904075056767e-08,1.5272988809381952e-06,7.18914201099477e-07
3151,0.6302,0.03,0.020463271641845082,4.3275721215842774e-07,1.584573306327122e-06,9.277709592004406e-08,1.4917962104070778e-06,7.200931383970744e-07
3152,0.6304,0.03,0.020462765677334793,4.3430079884061847e-07,1.6117289696567812e-06,9.646843493819533e-08,1.5152605347185856e-06,7.212806416838972e-07
3153,0.6306,0.03,0.02046250266590768,4.319779125731e-07,1.6180710265233357e-06,8.306649549904143e-08,1.535004531024294e-06,7.224701965207715e-07
3154,0.6308,0.01,0.020460151994421978,4.523427909829458e-07,1.6553938717064968e-06,1.0814628049261723e-07,1.5472475912138794e-06,7.236707884375273e-07
3155,0.631,0.03,0.020455531986548973,4.3095301805383807e-07,1.6297213402872949e-06,7.73228149322959e-08,1.5523985253549987e-06,7.248652451199847e-07
3156,0.6312,0.03,0.020455925170863504,4.285434774505974e-07,1.6343631904888276e-06,8.056886368769793e-08,1.5537943268011295e-06,7.260612371881687e-07
3157,0.6314,0.01,0.01935738023109968,4.46562749166492e-07,1.6289883607014302e-06,8.285722632467575e-08,1.5461311343767543e-06,7.272587910467596e-07
3158,0.6316,0.01,0.021591095637613116,4.5062226540947103e-07,1.6493563192859828e-06,7.255267460618057e-08,1.576803644679802e-06,7.284626748609501e-07
3159,0.6318,0.01,0.021592084590630407,4.5374335550135793e-07,1.6572805608962318e-06,7.784203487380903e-08,1.5794385260224225e-06,7.296700301125146e-07
3160,0.632,0.01,0.02046667347324009,4.5065619685554775e-07,1.6647797788976921e-06,7.773180566604294e-08,1.587047973231649e-06,7.308811297153485e-07
3161,0.6322,0.03,0.02046911993847279,4.3743608432526744e-07,1.6445390405770635e-06,7.13270146840487e-08,1.5732120258930145e-06,7.320879815614644e-07
3162,0.6324,0.03,0.02263201790067401,4.3497993633296714e-07,1.6542688653470048e-06,1.0329517687948133e-07,1.5509736884675233e-06,7.332977992119882e-07
3163,0.6326,0.03,0.02143971886857809,4.3138451816066126e-07,1.6300641498627415e-06,8.916446119930331e-08,1.540899688663438e-06,7.345014584314421e-07
3164,0.6328,0.01,0.02250067257135034,4.453087156874353e-07,1.6036784120820286e-06,7.201612233933946e-08,1.5316622897426888e-06,7.356987812494194e-07
3165,0.633,0.03,0.022500394354360062,4.224464786255927e-07,1.5772417355951107e-06,6.812014579345527e-08,1.5091215898016552e-06,7.368884208843443e-07
3166,0.6332,0.03,0.022499293111775676,4.1985524020832235e-07,1.5679221683077895e-06,6.838610218323521e-08,1.499536066124554e-06,7.380761449046221e-07
3167,0.6334,0.03,0.022496015679351482,4.212757607259579e-07,1.5841401435277594e-06,8.006353963664143e-08,1.5040766038911177e-06,7.392693190248498e-07
3168,0.6336,0.03,0.022512028602728683,4.211285033265271e-07,1.609861503953369e-06,9.403938286528833e-08,1.5158221210880805e-06,7.404704825392327e-07
3169,0.6338,0.01,0.02251087973846747,4.3516689971738913e-07,1.5919888195028085e-06,6.408334334393002e-08,1.5279054761588782e-06,7.4166749292692e-07
3170,0.634,0.01,0.022814764931451632,4.3355911619288877e-07,1.6164714776970606e-06,9.921956757363283e-08,1.5172519101234274e-06,7.428711208111955e-07
3171,0.6342,0.01,0.022812067251180602,4.297209989721154e-07,1.578393383100535e-06,8.609919176249048e-08,1.4922941913380444e-06,7.440661086073121e-07
3172,0.6344,0.03,0.022813934284704164,4.118136755728508e-07,1.6099923635470132e-06,9.296233639853075e-08,1.5170300271484824e-06,7.452689612887652e-07
3173,0.6346,0.03,0.022811962818415032,4.125651616406456e-07,1.609988961546148e-06,9.013255224548948e-08,1.5198564093006582e-06,7.464732611342712e-07
3174,0.6348,0.01,0.021681410753265556,4.27821983821568e-07,1.5748532361417884e-06,7.490987040560659e-08,1.4999433657361816e-06,7.476685444871994e-07
3175,0.635,0.03,0.021073150244927605,4.0249491671158274e-07,1.5324110916406886e-06,6.175308740968299e-08,1.4706580042310054e-06,7.488520218507163e-07
3176,0.6352,0.03,0.019814219451748244,4.057795607338667e-07,1.5553633780854723e-06,7.561036524389993e-08,1.4797530128415721e-06,7.500432321201858e-07
3177,0.6354,0.03,0.01935616789624146,4.0475620993058607e-07,1.5225521854970776e-06,7.157755138655168e-08,1.4509746341105258e-06,7.512269450726686e-07
3178,0.6356,0.03,0.01935679827642841,4.031319272363745e-07,1.5184441842748255e-06,7.097765932183674e-08,1.4474665249529885e-06,7.524100121411416e-07
3179,0.6358,0.03,0.019355287226106722,4.03332348657243e-07,1.5323053439351268e-06,7.672214593807301e-08,1.4555831979970537e-06,7.535976150982003e-07
3180,0.636,0.03,0.018255124943866875,4.0495798174998174e-07,1.5336049979552726e-06,9.097010560570035e-08,1.442634892349572e-06,7.547873033878209e-07
3181,0.6362,0.03,0.018255877845819904,4.0666732526552224e-07,1.5259050296422757e-06,4.546973550383644e-08,1.480435294138439e-06,7.559764191729594e-07
3182,0.6364,0.03,0.018256953731880517,4.064100095102416e-07,1.5727796059772385e-06,8.197097713583502e-08,1.4908086288414033e-06,7.571787853849429e-07
3183,0.6366,0.03,0.01825532749362501,4.0612639075032813e-07,1.5664586851101536e-06,8.507398318286666e-08,1.4813847019272868e-06,7.58380659788127e-07
3184,0.6368,0.01,0.01825463573671476,4.238138102563384e-07,1.5815573128168855e-06,6.875200907983354e-08,1.5128053037370519e-06,7.595884450095869e-07
3185,0.637,0.01,0.01887911971748819,4.2729800415251244e-07,1.5879138911711466e-06,6.45442293667589e-08,1.5233696618043874e-06,7.607989724172544e-07
3186,0.6372,0.01,0.020076958830826518,4.231464367173586e-07,1.5908650401438308e-06,8.727638747513593e-08,1.5035886526686946e-06,7.620105912027338e-07
3187,0.6374,0.03,0.01825180076179058,4.0546625391651835e-07,1.5169339847631895e-06,6.200741510000525e-08,1.454926569663184e-06,7.632033186181989e-07
3188,0.6376,0.01,0.01824909255058942,4.196136549267957e-07,1.5438813367275676e-06,6.526706036257031e-08,1.4786142763649971e-06,7.644046147697827e-07
3189,0.6378,0.03,0.018249654584365033,4.0430623692470884e-07,1.5785731436545071e-06,1.0879775439520642e-07,1.4697753892593006e-06,7.656153380387713e-07
3190,0.638,0.03,0.0182509306025416,4.043639263543202e-07,1.5673415435529952e-06,8.25869961512477e-08,1.4847545474017474e-06,7.668240429327105e-07
3191,0.6382,0.03,0.01825053465857377,4.0208525400179376e-07,1.53680483790314e-06,6.884288463878085e-08,1.4679619532643589e-06,7.680254039639002e-07
3192,0.6384,0.03,0.01825194212821696,3.983733608835555e-07,1.5558342602005295e-06,8.49871917420566e-08,1.4708470684584727e-06,7.692318407545401e-07
3193,0.6386,0.03,0.018248664789365956,4.0337993978252953e-07,1.5569564688519393e-06,8.405618787608027e-08,1.472900280975859e-06,7.704409002095739e-07
3194,0.6388,0.03,0.018249581588147358,4.039374484882134e-07,1.5732174013499406e-06,8.989193411323604e-08,1.4833254672367044e-06,7.716556083228956e-07
3195,0.639,0.03,0.01807043117268426,4.0041193246844563e-07,1.4937341426401396e-06,6.767184083173103e-08,1.4260623018084084e-06,7.7284981347987e-07
3196,0.6392,0.01,0.018071274417604432,4.1405873586518355e-07,1.4928685434290032e-06,7.057677081605224e-08,1.4222917726129507e-06,7.740440264720782e-07
3197,0.6394,0.01,0.01715755024145974,4.139187299613862e-07,1.5161157831604991e-06,8.77695878901186e-08,1.4283461952703802e-06,7.752459013327592e-07
3198,0.6396,0.03,0.017160000846333557,3.990744790775914e-07,1.516917989054759e-06,7.786681121251733e-08,1.4390511778422414e-06,7.764490114245452e-07
3199,0.6398,0.03,0.017898071834266067,4.026067715263532e-07,1.517783551267074e-06,6.681856353798306e-08,1.4509649877290907e-06,7.77654343320218e-07
3200,0.64,0.03,0.019004006510377525,4.0834594632767844e-07,1.5469273848339687e-06,7.82712548425355e-08,1.468656129991433e-06,7.788698280312782e-07
3201,0.6402,0.03,0.017166668563683915,4.181534273518787e-07,1.5956735789123152e-06,8.631518475895425e-08,1.5093583941533608e-06,7.801015920990352e-07
3202,0.6404,0.03,0.017816338717408287,4.197207394272827e-07,1.5389956440504282e-06,5.6461884737211124e-08,1.4825337593132169e-06,7.813198254629676e-07
3203,0.6406,0.03,0.01781838932806405,4.2098981273743696e-07,1.5248902509581366e-06,6.073109392594018e-08,1.4641591570321962e-06,7.825362397249116e-07
3204,0.6408,0.03,0.017816979656207498,4.187200185244035e-07,1.5830103629584398e-06,9.332766435506148e-08,1.4896826986033782e-06,7.837679816955598e-07
3205,0.641,0.03,0.017165698020849003,4.168865617394814e-07,1.5692963317607168e-06,7.841649219703035e-08,1.4908798395636863e-06,7.849969665015838e-07
3206,0.6412,0.03,0.017163792998792112,4.196923766654965e-07,1.5872934963112985e-06,8.664227283096996e-08,1.5006512234803283e-06,7.86232247363635e-07
3207,0.6414,0.03,0.017164586918125377,4.1954103014650027e-07,1.583616862536709e-06,8.595505436877743e-08,1.4976618081679313e-06,7.874676872413129e-07
3208,0.6416,0.03,0.01843909584246149,4.224095538167493e-07,1.58913027275037e-06,6.60590971866065e-08,1.5230711755637633e-06,7.887063568709868e-07
3209,0.6418,0.03,0.018442058056530836,4.290200279015725e-07,1.656014888489888e-06,1.004427813686057e-07,1.5555721071212821e-06,7.899652510990193e-07
3210,0.642,0.03,0.01844109347695412,4.3685319996881083e-07,1.637387676173544e-06,7.582086864298255e-08,1.5615668075305613e-06,7.91222480367947e-07
3211,0.6422,0.03,0.018444202590776993,4.378073883948132e-07,1.6387970494836385e-06,7.246432941541942e-08,1.5663327200682188e-06,7.924816136110622e-07
3212,0.6424,0.03,0.01844382328870037,4.37951513330144e-07,1.6471023563749365e-06,6.910855843392866e-08,1.5779937979410077e-06,7.937439170645021e-07
3213,0.6426,0.03,0.019559137091707857,4.427980140064775e-07,1.6929641014897085e-06,1.0652093814827017e-07,1.586443163341438e-06,7.950204449194534e-07
3214,0.6428,0.03,0.01956064846533444,4.4314134847211616e-07,1.6703589955994862e-06,8.755492605472108e-08,1.582804069544765e-06,7.962923740535585e-07
3215,0.643,0.03,0.020562225724730893,4.4594665252888697e-07,1.676833941171346e-06,7.997082654987403e-08,1.5968631146214718e-06,7.975677446546743e-07
3216,0.6432,0.03,0.020562967032705333,4.4395671702911127e-07,1.6717271821841172e-06,7.388147560314114e-08,1.5978457065809758e-06,7.988425418406797e-07
3217,0.6434,0.03,0.02056358574983214,4.454903740143538e-07,1.699993231850333e-06,7.892738250185457e-08,1.6210658493484782e-06,8.001262453021506e-07
3218,0.6436,0.03,0.020561652489753588,4.473212298934076e-07,1.6995609819582522e-06,7.00199812194834e-08,1.6295410007387687e-06,8.014114313374422e-07
3219,0.6438,0.03,0.02056928439019152,4.555302384749865e-07,1.7039393671066282e-06,7.31374639387806e-08,1.6308019031678473e-06,8.02700917475282e-07
3220,0.644,0.03,0.020571347607062338,4.6976242581127985e-07,1.7730583668670703e-06,7.095532896813227e-08,1.702103037898938e-06,8.040134601919191e-07
3221,0.6442,0.03,0.020570376259407115,4.795323650049049e-07,1.8617130918839982e-06,7.60856510211515e-08,1.7856274408628465e-06,8.053525570930927e-07
3222,0.6444,0.01,0.020570576145560963,5.002090563127756e-07,1.9000461224037122e-06,9.326817094657425e-08,1.8067779514571377e-06,8.067039020861532e-07
3223,0.6446,0.03,0.02057416986579664,4.783376441300636e-07,1.845472721498056e-06,5.9513645936320724e-08,1.7859590755617351e-06,8.08040897126496e-07
3224,0.6448,0.03,0.02057420542682199,4.787692727315684e-07,1.870028668601095e-06,9.003923563376606e-08,1.7799894329673287e-06,8.093856629138686e-07
3225,0.645,0.03,0.020573441630154905,4.808269133111162e-07,1.8861955280568555e-06,8.496226417196179e-08,1.8012332638848935e-06,8.1073647819818e-07
3226,0.6452,0.03,0.020571023545401756,4.839363610897203e-07,1.929599181894728e-06,1.0807809503824273e-07,1.8215210868564849e-06,8.121003991043884e-07
3227,0.6454,0.03,0.020573594492229143,4.81062760460544e-07,1.9020289547012117e-06,9.150497177748222e-08,1.8105239829237293e-06,8.134576133953617e-07
3228,0.6456,0.03,0.020571144935007685,4.917499552155636e-07,1.9442941944079663e-06,1.0116371777679855e-07,1.8431304766311674e-06,8.148298149654964e-07
3229,0.6458,0.03,0.021601265262007858,4.965189483802075e-07,2.0111060554122007e-06,1.1384242966761827e-07,1.8972636257445819e-06,8.162218441141956e-07
3230,0.646,0.03,0.021603861374919726,4.960647597632233e-07,1.9873466911662722e-06,1.1536785265296573e-07,1.8719788385133061e-06,8.176087461271007e-07
3231,0.6462,0.03,0.020707101744768985,5.007867049095988e-07,2.0336286703894936e-06,1.0932000500464363e-07,1.9243086653848498e-06,8.190102691680729e-07
3232,0.6464,0.03,0.020706497998925683,5.061589757154786e-07,2.0281578162733877e-06,8.958976557391777e-08,1.9385680506994695e-06,8.204130119327246e-07
3233,0.6466,0.03,0.02070729304262783,5.102030384849184e-07,2.021392888591976e-06,8.376207169266204e-08,1.9376308168993134e-06,8.218162075339593e-07
3234,0.6468,0.01,0.02070529131349244,5.318688338443039e-07,2.022221494946056e-06,7.181181000861728e-08,1.950409684937438e-06,8.232222630673267e-07
3235,0.647,0.03,0.020706559124310776,5.102001179137397e-07,2.0222955393359296e-06,1.0623108747771609e-07,1.916064451858213e-06,8.246283609999612e-07
3236,0.6472,0.03,0.021651509568932047,5.06941221185826e-07,1.9947335022156617e-06,8.942489404672781e-08,1.9053086081689334e-06,8.260277186087705e-07
3237,0.6474,0.03,0.021649756414132783,5.046145763106062e-07,1.9740948622256975e-06,8.378062841662063e-08,1.8903142338090765e-06,8.274223792696655e-07
3238,0.6476,0.03,0.021648527668100565,5.130542560755497e-07,2.0166476500376135e-06,1.0766545422955614e-07,1.908982195808057e-06,8.288316486835456e-07
3239,0.6478,0.03,0.021649196981017735,5.143193289101001e-07,2.011208367889599e-06,7.433813915268578e-08,1.9368702287369128e-06,8.302408443893032e-07
3240,0.648,0.03,0.021647810583805913,5.125744658518303e-07,2.0208520477397243e-06,8.719962801781245e-08,1.9336524197219115e-06,8.316535185713511e-07
3241,0.6482,0.01,0.021645975080043907,5.316065348040985e-07,2.059051420027628e-06,9.225887580117496e-08,1.9667925442264526e-06,8.330779209262941e-07
3242,0.6484,0.03,0.021646556353980915,5.144263276702987e-07,2.0239876991231924e-06,8.224303239389508e-08,1.941744666729297e-06,8.344944255843714e-07
3243,0.6486,0.03,0.021647576356280424,5.155356379584401e-07,2.0916057266393297e-06,8.601343240269171e-08,2.0055922942366374e-06,8.359299277682982e-07
3244,0.6488,0.03,0.021649247237472687,5.160882770542987e-07,2.0908049163418807e-06,1.045620808596599e-07,1.9862428354822203e-06,8.373667924282746e-07
3245,0.649,0.03,0.02057752972318182,5.161530189790322e-07,2.106665200629016e-06,1.189240032739977e-07,1.987741197355018e-06,8.388091431724263e-07
3246,0.6492,0.03,0.02057459834297411,5.108191857289272e-07,2.0731594166234074e-06,1.0457948477359356e-07,1.9685799318498136e-06,8.402425502779114e-07
3247,0.6494,0.01,0.02057367093136617,5.236229123488001e-07,2.064084670812084e-06,1.2069840868101355e-07,1.94338626213107e-06,8.416739029729669e-07
3248,0.6496,0.03,0.020571693507006758,5.019527610809846e-07,2.020259955466374e-06,1.1698512817039087e-07,1.9032748272959826e-06,8.430939278722975e-07
3249,0.6498,0.03,0.02056852644315118,4.940170387737093e-07,1.994739432014944e-06,8.836483608546921e-08,1.9063745959294742e-06,8.445065167439215e-07
3250,0.65,0.03,0.020567514293090654,4.897215370274471e-07,1.9698924552306003e-06,8.156132539474259e-08,1.8883311298358573e-06,8.459126978573205e-07
3251,0.6502,0.03,0.020569055123449188,4.828233022155808e-07,2.008928676342505e-06,1.388082899097283e-07,1.8701203864327766e-06,8.473285771578168e-07
3252,0.6504,0.03,0.019427651769085848,4.817279851536014e-07,1.930373908909188e-06,6.435797317805034e-08,1.8660159357311376e-06,8.487250042659518e-07
3253,0.6506,0.03,0.019426802750029917,4.838168852078589e-07,1.9551498057822835e-06,9.370370793649019e-08,1.8614460978457928e-06,8.501296813626811e-07
3254,0.6508,0.03,0.01942834646114212,4.855867211883502e-07,1.9944158647100375e-06,1.0725120066639553e-07,1.8871646640436415e-06,8.515464566709084e-07
3255,0.651,0.03,0.019426947120372923,4.863270220705253e-07,1.974728676089827e-06,7.914729307221997e-08,1.8955813830176067e-06,8.529594911578242e-07
3256,0.6512,0.03,0.019429899444402272,4.896081766078456e-07,1.9975968231021227e-06,9.730935043403482e-08,1.9002874726680874e-06,8.54380313221587e-07
3257,0.6514,0.03,0.019427148648108933,4.930286937634797e-07,1.995656753775431e-06,8.645939622584768e-08,1.909197357549583e-06,8.558028629084073e-07
3258,0.6516,0.03,0.019429774332735565,4.918641136978243e-07,2.013110681838867e-06,9.556858138403616e-08,1.9175421004548305e-06,8.572309125619001e-07
3259,0.6518,0.03,0.019433618859300478,4.9579754786701e-07,2.028135476746578e-06,1.1574235613685836e-07,1.912393120609719e-06,8.586652093508957e-07
3260,0.652,0.03,0.019435708046800088,4.979402631451441e-07,2.00511892204824e-06,9.805293561783208e-08,1.9070659864304077e-06,8.600950964232559e-07
3261,0.6522,0.03,0.019434503071435804,4.961732090492671e-07,1.966642664335189e-06,9.879406814378687e-08,1.8678485961914015e-06,8.615162016088472e-07
3262,0.6524,0.03,0.01943252694700271,4.937005122492533e-07,1.9988484267014275e-06,1.0838400144910038e-07,1.8904644252523266e-06,8.629465730407853e-07
3263,0.6526,0.03,0.019429938093850706,4.88884237056178e-07,1.9734776494193202e-06,9.191705464870074e-08,1.881560594770619e-06,8.643703703590901e-07
3264,0.6528,0.03,0.019426028532138418,4.911908870907271e-07,1.990422108852088e-06,7.347905705055559e-08,1.916943051801532e-06,8.658004432536665e-07
3265,0.653,0.03,0.01942575123467068,4.904712920486403e-07,2.0166251998285404e-06,1.0449119273733834e-07,1.912134007091202e-06,8.672383729053703e-07
3266,0.6532,0.03,0.019427383733078403,4.974455771035802e-07,2.0035665783429995e-06,7.785701952869754e-08,1.9257095588143017e-06,8.686760440447372e-07
3267,0.6534,0.03,0.01942903294446353,5.021820175575778e-07,2.033610900694108e-06,9.166670659665162e-08,1.941944194097456e-06,8.701238121793698e-07
3268,0.6536,0.03,0.019431248779117574,5.051147736013535e-07,2.0505212924557734e-06,9.188351868934396e-08,1.958637773766429e-06,8.715779711619816e-07
3269,0.6538,0.03,0.01943125971162559,5.079777147100008e-07,2.07377684873621e-06,7.907045106522358e-08,1.994706397670986e-06,8.730402866974525e-07
3270,0.654,0.03,0.019437413629949378,5.095146817892809e-07,2.0693351943343406e-06,9.423270725810684e-08,1.9751024870762336e-06,8.745031386248549e-07
3271,0.6542,0.03,0.019439324961083766,5.165719634356601e-07,2.1000922694055812e-06,1.2482673923079442e-07,1.975265530174786e-06,8.759771451313644e-07
3272,0.6544,0.03,0.019438262257397275,5.104876934883302e-07,2.08979848550184e-06,9.344149522036891e-08,1.996356990281471e-06,8.774481508525112e-07
3273,0.6546,0.03,0.019436041978628693,5.143243565076039e-07,2.1286832400542345e-06,1.0383074383253217e-07,2.024852496221702e-06,8.789316225109926e-07
3274,0.6548,0.03,0.019429237702021922,5.134707508057342e-07,2.160392887111081e-06,1.0848481652513532e-07,2.0519080705859453e-06,8.804244377829734e-07
3275,0.655,0.01,0.019426765515493122,5.30854048894203e-07,2.107188454252126e-06,8.90890957883923e-08,2.018099358463733e-06,8.819046140606605e-07
3276,0.6552,0.03,0.019425164581627737,5.081135105278066e-07,2.0791632627839293e-06,8.491997687451656e-08,1.9942432859094124e-06,8.833775594041035e-07
3277,0.6554,0.03,0.020592581802438573,5.0241306839897e-07,2.0306644525908026e-06,9.154616659177492e-08,1.9391182859990274e-06,8.848377029114018e-07
3278,0.6556,0.03,0.020592738424383375,5.002410992297231e-07,2.0430966495751036e-06,8.116819366336003e-08,1.961928455911743e-06,8.86301815618409e-07
3279,0.6558,0.03,0.02059296483396196,5.023491840274424e-07,2.0759569139126187e-06,9.92634901112464e-08,1.976693423801372e-06,8.877763282905073e-07
3280,0.656,0.03,0.019402731689678897,5.026577253357805e-07,2.038385182121558e-06,6.78474462583949e-08,1.9705377358631628e-06,8.892424753599474e-07
3281,0.6562,0.03,0.019402883830727805,5.145167455266298e-07,2.13264640313828e-06,1.0832328722304473e-07,2.0243231159152347e-06,8.907375618449101e-07
3282,0.6564,0.03,0.019403066184040637,5.147537045687064e-07,2.1311074184048612e-06,1.166830908825379e-07,2.014424327522323e-06,8.922336403286602e-07
3283,0.6566,0.03,0.0194025378883947,5.211069141649393e-07,2.1505564808185776e-06,1.0373073913327597e-07,2.046825741685301e-06,8.937376312512258e-07
3284,0.6568,0.03,0.019405052161636335,5.287318498546523e-07,2.1636694443584515e-06,7.210174580363858e-08,2.0915676985548125e-06,8.952484783785031e-07
3285,0.657,0.03,0.020501247924267576,5.303218641490613e-07,2.2430331345644023e-06,1.2482765353809716e-07,2.118205481026305e-06,8.96781736517489e-07
3286,0.6572,0.03,0.02050243101261159,5.293412799979983e-07,2.242201659609393e-06,1.1182064584915616e-07,2.1303810137602362e-06,8.983157625499881e-07
3287,0.6574,0.03,0.020500251395069436,5.249817219752076e-07,2.183522728529116e-06,1.0411794493487387e-07,2.0794047835942415e-06,8.998345526833598e-07
3288,0.6576,0.03,0.02050088952542192,5.277410458785739e-07,2.2222964450183607e-06,1.2893651403076627e-07,2.093359930987594e-06,9.013652123196396e-07
3289,0.6578,0.03,0.0204982564307246,5.237557737654699e-07,2.282646906995741e-06,1.7680572323005682e-07,2.1058411837656837e-06,9.029125026271449e-07
3290,0.658,0.03,0.02049259184847764,5.215509189375722e-07,2.210425975650885e-06,1.238699796679656e-07,2.086555995982919e-06,9.044418091220208e-07
3291,0.6582,0.03,0.02049380318203071,5.154339510701798e-07,2.203577422943344e-06,1.479603475359777e-07,2.0556170754073657e-06,9.059688634218238e-07
3292,0.6584,0.03,0.021552008918744304,5.185483518569074e-07,2.1702093290255815e-06,9.0651103239271e-08,2.07955822578631e-06,9.07489636834803e-07
3293,0.6586,0.03,0.021550376087510977,5.2557592564563e-07,2.2156663327948003e-06,8.966863814641341e-08,2.1259976946483863e-06,9.090254069270895e-07
3294,0.6588,0.01,0.021548553673717167,5.4476650051385e-07,2.2030001287506715e-06,8.264764756442726e-08,2.120352481186244e-06,9.105598626348499e-07
3295,0.659,0.01,0.021548483289165008,5.456557697039765e-07,2.223435054872185e-06,9.428689066713871e-08,2.129148164205046e-06,9.121012787277387e-07
3296,0.6592,0.03,0.0215519580196329,5.319259558570805e-07,2.1840438205528875e-06,6.813374112274462e-08,2.1159100794301426e-06,9.136345552441765e-07
3297,0.6594,0.03,0.02155365093300553,5.343280715069619e-07,2.2350528729073427e-06,1.1135319801959159e-07,2.1236996748877506e-06,9.151830813442705e-07
3298,0.6596,0.03,0.02155335132304988,5.360962405231789e-07,2.2551979026368517e-06,1.0369631693375954e-07,2.1515015857030918e-06,9.167386103587723e-07
3299,0.6598,0.03,0.021551315425637187,5.323616429580029e-07,2.220837753379817e-06,9.854383690243658e-08,2.1222939164773797e-06,9.182856753627947e-07
3300,0.66,0.03,0.021548751007201,5.243680553774378e-07,2.1791304278832474e-06,9.313952790350624e-08,2.0859908999797407e-06,9.198211836928907e-07
3301,0.6602,0.03,0.021547467410378874,5.110659278373754e-07,2.1884780208795287e-06,1.0219461183443073e-07,2.0862834090450974e-06,9.213568637845293e-07
3302,0.6604,0.03,0.021544347320212594,5.06910302952977e-07,2.150261659247354e-06,1.1199439125805504e-07,2.0382672679892985e-06,9.228830251530998e-07
3303,0.6606,0.03,0.021540281858263337,5.063481986553051e-07,2.1373626802676766e-06,8.55064681717474e-08,2.0518562120959288e-06,9.244070720471967e-07
3304,0.6608,0.03,0.02153920209368214,4.989510308995123e-07,2.185750428900066e-06,1.4371776704750025e-07,2.0420326618525657e-06,9.259433098295776e-07
3305,0.661,0.03,0.02153871076940769,5.019288679127368e-07,2.1508507609008383e-06,1.0869089258767134e-07,2.0421598683131665e-06,9.274725178015522e-07
3306,0.6612,0.03,0.021534804886956353,4.942919733680842e-07,2.105764253531449e-06,9.509703717302465e-08,2.010667216358424e-06,9.289894616646203e-07
3307,0.6614,0.03,0.022806133018886305,4.934177696506026e-07,2.130318200210094e-06,1.061685327764898e-07,2.024149667433604e-06,9.305138914185509e-07
3308,0.6616,0.03,0.022804631507544228,4.926750753669029e-07,2.0938329004824197e-06,7.950652415991822e-08,2.014326376322501e-06,9.320299872667851e-07
3309,0.6618,0.01,0.022806984201380106,5.192386300078689e-07,2.1311513718682718e-06,1.0217330406359733e-07,2.0289780678046742e-06,9.335571427431779e-07
3310,0.662,0.03,0.021679253421578913,4.917087837060725e-07,2.103546263477979e-06,8.075475658997491e-08,2.0227915068880038e-06,9.350782494320672e-07
3311,0.6622,0.03,0.021682612510347473,4.955230027200622e-07,2.1651808703268e-06,1.1744066800593462e-07,2.047740202320865e-06,9.366174521458364e-07
3312,0.6624,0.03,0.021683519983478314,5.035436456832281e-07,2.1682706339849445e-06,9.213120377301445e-08,2.0761394302119298e-06,9.381614001888545e-07
3313,0.6626,0.03,0.02168633414531077,5.066843885268652e-07,2.1926394007483457e-06,9.703555956054793e-08,2.0956038411877975e-06,9.397138734962134e-07
3314,0.6628,0.03,0.02168530375793992,5.071120862620376e-07,2.173641216164501e-06,9.761079185790019e-08,2.0760304243066e-06,9.412628915447642e-07
3315,0.663,0.03,0.021683764795807532,5.084134630824906e-07,2.1821029327705775e-06,1.2750130589866569e-07,2.0546016268719115e-06,9.428158146028764e-07
3316,0.6632,0.03,0.02168135603346466,5.065797079908166e-07,2.129856540505823e-06,8.00675396407607e-08,2.0497890008650622e-06,9.443559067280898e-07
3317,0.6634,0.03,0.021683600846764402,5.046108680449045e-07,2.1653183500373102e-06,1.0211429445186253e-07,2.063204055585447e-06,9.459062007950033e-07
3318,0.6636,0.03,0.021683802520824566,5.097027216429187e-07,2.196272156213631e-06,1.1099567731365945e-07,2.085276478899971e-06,9.474668668031783e-07
3319,0.6638,0.03,0.021684280686412188,5.145728534636168e-07,2.2108915372162513e-06,9.367697678806105e-08,2.1172145604281897e-06,9.490341896794209e-07
3320,0.664,0.03,0.021682730527768514,5.119628363482569e-07,2.1888961023051482e-06,9.884293107800703e-08,2.090053171227141e-06,9.505964286873166e-07
3321,0.6642,0.03,0.022641624188228304,5.08796169073403e-07,2.2202658344216044e-06,1.0149374503607653e-07,2.1187720893855273e-06,9.521674521598931e-07
3322,0.6644,0.03,0.022639727137347482,5.10992547520384e-07,2.1731926347271295e-06,6.557749741981259e-08,2.1076151373073164e-06,9.5372819932834e-07
3323,0.6646,0.03,0.022642305087677523,5.082143397493579e-07,2.2238252887163726e-06,1.2766423441893387e-07,2.0961610542974385e-06,9.553028857412309e-07
3324,0.6648,0.03,0.0226448941053245,5.10155745136385e-07,2.2156060517298528e-06,1.1003900598120781e-07,2.1055670457486446e-06,9.568773257892762e-07
3325,0.665,0.03,0.02282332667252473,5.158578016867481e-07,2.215812893095491e-06,9.610488334614389e-08,2.1197080097493467e-06,9.584545375496015e-07
3326,0.6652,0.03,0.024050216779142944,5.183062823973969e-07,2.310710445096743e-06,1.3680000147623425e-07,2.1739104436205083e-06,9.600584385748196e-07
3327,0.6654,0.03,0.02404661386924153,5.223641803506373e-07,2.3588627773452586e-06,1.314498362649198e-07,2.2274129410803384e-06,9.616773288866156e-07
3328,0.6656,0.03,0.024049927971339282,5.221810604514285e-07,2.334931048600219e-06,1.3030270273037708e-07,2.2046283458698413e-06,9.6329125814193e-07
3329,0.6658,0.03,0.02404600171854291,5.264826097635596e-07,2.3197677127441527e-06,1.1294796789521401e-07,2.206819744848938e-06,9.649034159125769e-07
3330,0.666,0.03,0.024045933286082975,5.289314318941611e-07,2.3364913271419568e-06,1.155484211095435e-07,2.2209429060324128e-06,9.665221128915201e-07
3331,0.6662,0.03,0.024045187654821783,5.312893011989353e-07,2.3531658461125874e-06,1.0294641424734107e-07,2.2502194318652458e-06,9.681472805992969e-07
3332,0.6664,0.03,0.024045623614333662,5.365678013598172e-07,2.3823821049505833e-06,9.685618894949679e-08,2.2855259160010863e-06,9.69782850393484e-07
3333,0.6666,0.03,0.024047450379266894,5.338554364880949e-07,2.385762692937254e-06,1.2512190419200397e-07,2.26064078874525e-06,9.71419916385872e-07
3334,0.6668,0.03,0.024046581610067206,5.30163169898546e-07,2.3983586120025047e-06,1.3974887791745497e-07,2.258609734085049e-06,9.730608362124275e-07
3335,0.667,0.03,0.024046965299488455,5.327003510696609e-07,2.3408711636132243e-06,1.0666647767048813e-07,2.234204685942736e-06,9.746890086316072e-07
3336,0.6672,0.03,0.024047618257355886,5.370032845789972e-07,2.3687509592102994e-06,1.1362952721824051e-07,2.2551214319920583e-06,9.763271590441355e-07
3337,0.6674,0.03,0.024047584468972222,5.345308802925463e-07,2.3679955762869067e-06,1.1055131953505606e-07,2.25744425675185e-06,9.779658331656606e-07
3338,0.6676,0.03,0.024047285159355978,5.266632634187947e-07,2.2820493580298562e-06,7.918993057596109e-08,2.202859427453895e-06,9.795812285295559e-07
3339,0.6678,0.03,0.024042947220898572,5.285268103860479e-07,2.318727083949915e-06,1.0607346454315128e-07,2.212653619406763e-06,9.812080821466162e-07
3340,0.668,0.03,0.02404048302393076,5.263909829157038e-07,2.293022000958725e-06,8.185993755943936e-08,2.2111620633992852e-06,9.828288914976429e-07
3341,0.6682,0.03,0.024035339314570713,5.17742786772029e-07,2.2762115900255336e-06,1.1177567785425987e-07,2.1644359121712733e-06,9.844447314008998e-07
3342,0.6684,0.03,0.024034970276107608,5.227947381638633e-07,2.3158000855367166e-06,1.3814626031422515e-07,2.177653825222491e-06,9.860736179843297e-07
3343,0.6686,0.03,0.02403739743388627,5.218473665544044e-07,2.3159592265798005e-06,1.0934396599809904e-07,2.2066152605817008e-06,9.87703739044998e-07
3344,0.6688,0.03,0.024035933311479792,5.267054647662136e-07,2.365623164024679e-06,1.0212314038918562e-07,2.263500023635493e-06,9.893494890866365e-07
3345,0.669,0.03,0.024034227150166013,5.280411290700319e-07,2.4088920868167217e-06,1.4125031105870628e-07,2.267641775758015e-06,9.910082986255403e-07
3346,0.6692,0.03,0.02403628987605869,5.338914112090989e-07,2.4282078334321916e-06,1.124845542455499e-07,2.315723279186641e-06,9.926751289625225e-07
3347,0.6694,0.01,0.02403390068341857,5.561450945507192e-07,2.421362272487452e-06,8.906156588433545e-08,2.332300706603116e-06,9.943423979729587e-07
3348,0.6696,0.01,0.025157170196201298,5.544353568379309e-07,2.445613311240324e-06,1.0761567679830832e-07,2.3379976344420152e-06,9.960172527807526e-07
3349,0.6698,0.03,0.02515568778112345,5.392662053413111e-07,2.5073629047331295e-06,1.442609347451503e-07,2.363101969987979e-06,9.97710270924223e-07
3350,0.67,0.01,0.025157193486370025,5.609471247219939e-07,2.5108073566647957e-06,1.3855399874743183e-07,2.3722533579173636e-06,9.994066331988867e-07
3351,0.6702,0.01,0.025158036434011297,5.637986152107081e-07,2.541842457430612e-06,1.4910003684249976e-07,2.392742420588112e-06,1.0011132165528217e-06
3352,0.6704,0.03,0.02516336759940478,5.483764694534924e-07,2.5165944696183446e-06,1.375124029788916e-07,2.3790820666394525e-06,1.002815712264325e-06
3353,0.6706,0.03,0.025160947073073828,5.490381448606916e-07,2.4904916539154578e-06,1.343547641001743e-07,2.3561368898152833e-06,1.0045130841113928e-06
3354,0.6708,0.03,0.025163283607705096,5.507401318780549e-07,2.4696891242624174e-06,1.1666617851977382e-07,2.353022945742643e-06,1.0062072974518702e-06
3355,0.671,0.03,0.02516326089088925,5.46463621265419e-07,2.492202554117213e-06,1.1008409559610589e-07,2.382118458521107e-06,1.0079075535238421e-06
3356,0.6712,0.03,0.025163205912839052,5.414359441177894e-07,2.4581450156899517e-06,1.0483355376309123e-07,2.35331146192686e-06,1.0095993356695957e-06
3357,0.6714,0.03,0.025163494944761194,5.436414806337129e-07,2.4989646306527096e-06,1.3411338342979626e-07,2.3648512472229127e-06,1.011303482091894e-06
3358,0.6716,0.03,0.025159730648183446,5.481129082427249e-07,2.4971979753199624e-06,1.254276308259657e-07,2.3717703444939963e-06,1.0130101736782847e-06
3359,0.6718,0.03,0.026237454550368345,5.525066142125763e-07,2.5890115898057533e-06,1.6054400101477934e-07,2.4284675887909736e-06,1.014743385969653e-06
3360,0.672,0.03,0.02623717958835255,5.442001555765955e-07,2.493186580160935e-06,9.418447297284309e-08,2.3990021071880917e-06,1.0164510179354062e-06
3361,0.6722,0.03,0.026234363949899125,5.365630775733658e-07,2.443787369913287e-06,1.111259284103899e-07,2.332661441502897e-06,1.0181452957013546e-06
3362,0.6724,0.03,0.026230128625887073,5.256455055950511e-07,2.3944012846231993e-06,1.0332020412118483e-07,2.291081080502014e-06,1.0198253081507004e-06
3363,0.6726,0.03,0.02622603242402673,5.189628911893225e-07,2.357304006532775e-06,1.2160912930529336e-07,2.2356948772274813e-06,1.0214956996786854e-06
3364,0.6728,0.03,0.026228392635333962,5.167588385004074e-07,2.3592166696815227e-06,9.936693656716511e-08,2.2598497331143573e-06,1.0231672055824789e-06
3365,0.673,0.03,0.026225474658154727,5.170201608670344e-07,2.4064622206199006e-06,1.581355988756825e-07,2.2483266217442176e-06,1.0248526219247424e-06
3366,0.6732,0.03,0.025032202826746477,5.151835736837451e-07,2.365128768948779e-06,1.1321728864602994e-07,2.2519114803027488e-06,1.026528632201542e-06
3367,0.6734,0.03,0.025208880336747758,5.123658440737239e-07,2.386219059672922e-06,1.3169641186023515e-07,2.2545226478126865e-06,1.0282108086283898e-06
3368,0.6736,0.03,0.025206075438725068,5.129649912750456e-07,2.4110594801839964e-06,1.6223051704452348e-07,2.2488289631394725e-06,1.029901088980928e-06
3369,0.6738,0.03,0.025205037167697317,5.124890904948078e-07,2.3924304368274945e-06,1.1860810975019887e-07,2.273822327077295e-06,1.0315878918445514e-06
3370,0.674,0.03,0.026169535034839396,5.146895120582887e-07,2.34494690480203e-06,1.2460078067360432e-07,2.2203461241284256e-06,1.0332644090842125e-06
3371,0.6742,0.03,0.026173439540675452,5.113132945703071e-07,2.3361989622575162e-06,1.0669220512192411e-07,2.2295067571355916e-06,1.0349395405326926e-06
3372,0.6744,0.03,0.02617201286911912,5.106270753018031e-07,2.370737049367787e-06,1.3439039626442072e-07,2.2363466531033658e-06,1.03662496887949e-06
3373,0.6746,0.03,0.02616916713736061,5.138006623543577e-07,2.36412078538477e-06,1.0681227609517024e-07,2.2573085092895995e-06,1.038311320713311e-06
3374,0.6748,0.03,0.026169602177542262,5.151306017082402e-07,2.440099913686791e-06,1.4083399086851645e-07,2.299265922818274e-06,1.040018905092232e-06
3375,0.675,0.03,0.02617542551835859,5.220444972655738e-07,2.4293246792870235e-06,1.1715695473205214e-07,2.3121677245549708e-06,1.041727021754113e-06
3376,0.6752,0.03,0.02617590478849275,5.258363419985315e-07,2.406606156468645e-06,1.1361150225879021e-07,2.2929946542098543e-06,1.0434320834276996e-06
3377,0.6754,0.03,0.026176841711643743,5.284880537832288e-07,2.4051234178881418e-06,5.764979970321144e-08,2.34747361818493e-06,1.0451389597672316e-06
3378,0.6756,0.03,0.02617292473803241,5.273128706338611e-07,2.4375367342049545e-06,8.977270525457483e-08,2.347764028950379e-06,1.0468555893739579e-06
3379,0.6758,0.03,0.026171154920389794,5.255243390606053e-07,2.4568989948859953e-06,1.1257426653309158e-07,2.3443247283529032e-06,1.04857870922881e-06
3380,0.676,0.03,0.026173256536772924,5.229594717446102e-07,2.4492528473426373e-06,1.438628100422096e-07,2.305390037300427e-06,1.0503006022504657e-06
3381,0.6762,0.03,0.02617379333489687,5.301857949760318e-07,2.464657264024603e-06,1.113346566213151e-07,2.3533226074032876e-06,1.0520299937918635e-06
3382,0.6764,0.03,0.026170750095259338,5.318647411408308e-07,2.5019062499234614e-06,1.2039755842536692e-07,2.381508691498094e-06,1.0537710371594368e-06
3383,0.6766,0.03,0.026172369370910904,5.34504950875839e-07,2.536828853353767e-06,1.3174247367820317e-07,2.4050863796755633e-06,1.0555233883719316e-06
3384,0.6768,0.03,0.02617246587437265,5.420630053476293e-07,2.565418224780133e-06,1.2041714392929843e-07,2.4450010808508344e-06,1.0572866329688035e-06
3385,0.677,0.03,0.026172608623478106,5.489834346044694e-07,2.610645658025046e-06,1.3021088642989112e-07,2.4804347715951546e-06,1.0590650569220257e-06
3386,0.6772,0.03,0.026175639291802714,5.492112719218746e-07,2.6332744284890318e-06,1.400070081719001e-07,2.493267420317131e-06,1.0608509945015705e-06
3387,0.6774,0.03,0.02617748553703724,5.513717492975275e-07,2.651131138510176e-06,1.4453783633064017e-07,2.5065933021795353e-06,1.0626435805315376e-06
3388,0.6776,0.03,0.026178255197154075,5.471332525641577e-07,2.615278737611256e-06,1.3675115652025877e-07,2.478527581090997e-06,1.0644275624036315e-06
3389,0.6778,0.03,0.026177189731220563,5.494751130600845e-07,2.605359441627672e-06,1.4415844053009277e-07,2.4612010010975786e-06,1.066211197923303e-06
3390,0.678,0.03,0.026174596058180174,5.496349604279975e-07,2.6532086502485234e-06,1.5864215409234197e-07,2.494566496156181e-06,1.0680088817690785e-06
3391,0.6782,0.03,0.026170517973756132,5.500960191386513e-07,2.621437146385504e-06,1.367785052330121e-07,2.4846586411524917e-06,1.069800013613649e-06
3392,0.6784,0.03,0.026171330982003947,5.517784741927162e-07,2.60989921877246e-06,1.0957788634958478e-07,2.5003213324228747e-06,1.0715901015433268e-06
3393,0.6786,0.03,0.026170495550420073,5.525357650414429e-07,2.5845279318561205e-06,1.1731581316611732e-07,2.4672121186900028e-06,1.0733755072244673e-06
3394,0.6788,0.03,0.026170722162475776,5.509773489598907e-07,2.62127469461878e-06,1.4860850240572799e-07,2.472666192213052e-06,1.07517163512344e-06
3395,0.679,0.03,0.02616886252290693,5.451836926162454e-07,2.586655464284707e-06,1.3008455617136953e-07,2.4565709081133367e-06,1.076958828467675e-06
3396,0.6792,0.03,0.026165027943062427,5.357672893680037e-07,2.5002020859133485e-06,1.1219901522595424e-07,2.3880030706873937e-06,1.078722669338306e-06
3397,0.6794,0.03,0.02616361598193184,5.379871173346818e-07,2.5215529654283455e-06,1.1845783097826047e-07,2.4030951344500848e-06,1.080494068408812e-06
3398,0.6796,0.03,0.026161592683912813,5.366578564843641e-07,2.5103243862062814e-06,1.1536662296371051e-07,2.3949577632425705e-06,1.082263894784327e-06
3399,0.6798,0.03,0.026161350066141096,5.372189797242781e-07,2.5206673042283718e-06,1.1385420425654193e-07,2.4068130999718294e-06,1.0840381204259296e-06
3400,0.68,0.03,0.026160194570665037,5.426850036890358e-07,2.514931104740161e-06,1.1233311628297795e-07,2.4025979884571826e-06,1.0858138370244225e-06
3401,0.6802,0.03,0.026164354193170408,5.383056639177988e-07,2.511069708845352e-06,1.319768647610465e-07,2.379092844084305e-06,1.0875889695151346e-06
3402,0.6804,0.03,0.02616250664868277,5.389703447731761e-07,2.526225541602765e-06,1.1450726162324942e-07,2.4117182799795153e-06,1.089369777073819e-06
3403,0.6806,0.03,0.026160224553052988,5.372864491326073e-07,2.5269605713792344e-06,1.3464320512141002e-07,2.3923173662578238e-06,1.0911519020328054e-06
3404,0.6808,0.03,0.026160665849885623,5.471061843855593e-07,2.6353010879791923e-06,1.8051817169607626e-07,2.4547829162831157e-06,1.0929662271334028e-06
3405,0.681,0.03,0.026155522886999405,5.509930179288879e-07,2.6206553843640947e-06,1.5405886053120857e-07,2.466596523832886e-06,1.094779451436949e-06
3406,0.6812,0.03,0.026156197737894,5.513070514973139e-07,2.5693786689377612e-06,1.1671090917689222e-07,2.4526677597608684e-06,1.0965810119068346e-06
3407,0.6814,0.03,0.026155104002047496,5.490694199691385e-07,2.6092859245506844e-06,1.6663607884364077e-07,2.4426498457070434e-06,1.0983939500769098e-06
3408,0.6816,0.03,0.026155333147683243,5.464409754598134e-07,2.5336566338041605e-06,1.371946574836143e-07,2.3964619763205456e-06,1.1001881092406493e-06
3409,0.6818,0.03,0.02615811138304655,5.446344902327218e-07,2.5327126666077685e-06,1.0172600679629525e-07,2.430986659811473e-06,1.1019827608543915e-06
3410,0.682,0.03,0.026154045700867375,5.481203423189178e-07,2.5406801274605133e-06,1.0895984918828768e-07,2.431720278272225e-06,1.1037823174083894e-06
3411,0.6822,0.03,0.02615668279963859,5.518567497269329e-07,2.5763379572453238e-06,9.963887166597103e-08,2.4766990855793522e-06,1.1055936879777434e-06
3412,0.6824,0.03,0.02616234438954756,5.554550680065818e-07,2.6088562290584364e-06,1.4837138724544508e-07,2.460484841812991e-06,1.1074160608389353e-06
3413,0.6826,0.03,0.026163640627889558,5.626074797074159e-07,2.6011341957694155e-06,8.040729496621699e-08,2.520726900803198e-06,1.1092399097008477e-06
3414,0.6828,0.01,0.0271853766284334,5.945043285184102e-07,2.7062540247931374e-06,1.1075916280859226e-07,2.595494861984545e-06,1.1110937632143088e-06
3415,0.683,0.03,0.0271852886945146,5.681898088688003e-07,2.6732274802616458e-06,1.2057426480597653e-07,2.552653215455669e-06,1.1129410462510855e-06
3416,0.6832,0.03,0.027185567100303124,5.681723078927876e-07,2.6637991908062124e-06,1.3899536860929978e-07,2.5248038221969123e-06,1.1147872067241514e-06
3417,0.6834,0.03,0.027179838850798863,5.715462333309172e-07,2.704604535563792e-06,1.5112395824958517e-07,2.5534805773142064e-06,1.1166467642193244e-06
3418,0.6836,0.03,0.027179396488431467,5.704063918867018e-07,2.6750901890266382e-06,1.3872505724481906e-07,2.536365131781819e-06,1.118499897109515e-06
3419,0.6838,0.03,0.02717945179570625,5.675148852748014e-07,2.6703498219737464e-06,1.6698517143662745e-07,2.5033646505371183e-06,1.120352671147171e-06
3420,0.684,0.03,0.028286931404318497,5.667855733963052e-07,2.611049946643116e-06,1.4891882622315185e-07,2.4621311204199635e-06,1.1221912468382056e-06
3421,0.6842,0.03,0.02828435588092951,5.685096681060348e-07,2.5892420631467967e-06,1.095743931167174e-07,2.479667670030079e-06,1.1240260207497282e-06
3422,0.6844,0.03,0.028283038575665772,5.670934775963616e-07,2.6346258779827538e-06,1.047135150735859e-07,2.5299123629091673e-06,1.1258741529608711e-06
3423,0.6846,0.03,0.02828145745859149,5.610973909966465e-07,2.606355048782563e-06,1.038693059325052e-07,2.502485742850057e-06,1.1277148917960214e-06
3424,0.6848,0.03,0.028275697820770485,5.618488283571487e-07,2.6264361200597723e-06,1.2986113727230102e-07,2.496574982787471e-06,1.1295627502098818e-06
3425,0.685,0.03,0.028276414152373006,5.638860769526366e-07,2.6411165950406764e-06,1.1683696707023675e-07,2.5242796279704393e-06,1.1314169297086807e-06
3426,0.6852,0.03,0.028276969400538098,5.65725515341116e-07,2.690552916254213e-06,1.288236737168457e-07,2.5617292425373665e-06,1.1332859707451194e-06
3427,0.6854,0.03,0.028276047261087227,5.621856337128038e-07,2.677422790014467e-06,1.1891136996827338e-07,2.5585114200461934e-06,1.1351524515810235e-06
3428,0.6856,0.03,0.028274740605760573,5.550885849410629e-07,2.6469763198409644e-06,1.1076524535029872e-07,2.536211074490665e-06,1.137010813553882e-06
3429,0.6858,0.03,0.028272955501996516,5.566907585392988e-07,2.70108272177502e-06,1.5451386078083412e-07,2.5465688609941855e-06,1.1388853066923824e-06
3430,0.686,0.03,0.02827412889507187,5.593157652049164e-07,2.6136824872668253e-06,1.0578728412693256e-07,2.5078952031398924e-06,1.1407393517879933e-06
3431,0.6862,0.03,0.02827257711105533,5.627735808016947e-07,2.6512518519453373e-06,1.1583508643941345e-07,2.5354167655059235e-06,1.1426057476811749e-06
3432,0.6864,0.03,0.028267657475461318,5.594359696314623e-07,2.668069642656545e-06,1.2285624501396433e-07,2.5452133976425804e-06,1.1444770698494975e-06
3433,0.6866,0.03,0.028268893629856167,5.541796653640223e-07,2.682365218842036e-06,1.5630947916402088e-07,2.5260557396780146e-06,1.1463525962191513e-06
3434,0.6868,0.03,0.028269628227900648,5.511961931615175e-07,2.638291544572821e-06,1.4046830315984184e-07,2.4978232414129785e-06,1.148217405745982e-06
3435,0.687,0.03,0.028272235774791894,5.497397429442681e-07,2.636677945992392e-06,1.3647311165746333e-07,2.500204834334928e-06,1.150083006554046e-06
3436,0.6872,0.03,0.028270190357827737,5.545751559978717e-07,2.6537593346900345e-06,1.2403518096920567e-07,2.5297241537208284e-06,1.1519557549561096e-06
3437,0.6874,0.03,0.028266717177456827,5.630347625216214e-07,2.759868859912516e-06,1.323550320178895e-07,2.627513827894626e-06,1.1538601437027195e-06
3438,0.6876,0.03,0.02826686233525311,5.635125402753693e-07,2.7751253762756983e-06,1.5848048511778548e-07,2.6166448911579123e-06,1.1557700534714468e-06
3439,0.6878,0.03,0.028268327127516323,5.58383410169811e-07,2.67914094597652e-06,1.1610174284798301e-07,2.5630392031285363e-06,1.1576556027634368e-06
3440,0.688,0.03,0.028264132346685567,5.572784243381749e-07,2.6612300514884406e-06,1.2160601712619303e-07,2.539624034362247e-06,1.1595378560810434e-06
3441,0.6882,0.03,0.028262194231077384,5.646776216809055e-07,2.6327144369354285e-06,1.2763190162319268e-07,2.505082535312235e-06,1.1614162571125637e-06
3442,0.6884,0.03,0.028260875563651807,5.635969397380946e-07,2.677353092578961e-06,1.545062294960792e-07,2.5228468630828814e-06,1.1633076185154287e-06
3443,0.6886,0.03,0.028259000101736834,5.560475257985951e-07,2.6344768431768803e-06,1.4744207905773377e-07,2.487034764119146e-06,1.1651874956406323e-06
3444,0.6888,0.03,0.02825727628438668,5.588598316229233e-07,2.580450736104131e-06,1.0155411604655342e-07,2.478896620057577e-06,1.1670556937133425e-06
3445,0.689,0.03,0.02825708286979495,5.598029831430991e-07,2.6621032434417174e-06,1.527443867293938e-07,2.5093588567123233e-06,1.168947006324811e-06
3446,0.6892,0.03,0.028253956785250264,5.57847625105352e-07,2.6774789108121345e-06,1.8268860420055368e-07,2.4947903066115802e-06,1.1708434559738927e-06
3447,0.6894,0.03,0.028253178259408283,5.535508064368389e-07,2.6268403275078736e-06,1.3007570689694386e-07,2.4967646206109292e-06,1.1727272640646727e-06
3448,0.6896,0.03,0.02825388451171479,5.479515544073215e-07,2.5668742336695727e-06,1.3063745399560563e-07,2.4362367796739665e-06,1.1745956556045557e-06
3449,0.6898,0.03,0.028251197545810323,5.454237434203848e-07,2.5513697327577757e-06,1.0058702535317815e-07,2.450782707404597e-06,1.1764609808111253e-06
3450,0.69,0.03,0.02824888107414795,5.415904913973001e-07,2.51402830981314e-06,8.983622245383248e-08,2.424192087359307e-06,1.1783169711870662e-06
3451,0.6902,0.03,0.02824713361434171,5.380463453667304e-07,2.5436247739677564e-06,1.1829710058717189e-07,2.425327673380584e-06,1.1801814875046978e-06
3452,0.6904,0.03,0.028245250647641405,5.385586905666307e-07,2.589169307057017e-06,1.4843652456011066e-07,2.440732782496906e-06,1.1820596820721572e-06
3453,0.6906,0.03,0.028242925743566925,5.387777458958629e-07,2.4855918409378883e-06,8.723561681236235e-08,2.3983562241255254e-06,1.1839126126672113e-06
3454,0.6908,0.03,0.028245118639928898,5.4184576590562e-07,2.6095765097109997e-06,1.6248554008863108e-07,2.447090969622368e-06,1.1858000651384836e-06
3455,0.691,0.03,0.02824112409213766,5.430529670885438e-07,2.599235903410619e-06,1.0988609087450177e-07,2.4893498125361167e-06,1.1876867960409107e-06
3456,0.6912,0.03,0.028244602848562506,5.450426689860371e-07,2.606386895435858e-06,1.0350078644101955e-07,2.502886108994838e-06,1.189577545960167e-06
3457,0.6914,0.03,0.028244241476838454,5.426484272137787e-07,2.630375748448162e-06,1.32331423300683e-07,2.498044325147479e-06,1.191475548214487e-06
3458,0.6916,0.03,0.02823888841911722,5.44818028464935e-07,2.6742894404405535e-06,1.8171414457915105e-07,2.492575295861402e-06,1.1933869079705923e-06
3459,0.6918,0.03,0.02941562794257817,5.515413852339687e-07,2.713515915668866e-06,1.0958553576360616e-07,2.6039303799052596e-06,1.1953121965402994e-06
3460,0.692,0.03,0.029413884356563346,5.587295260638192e-07,2.7977520476354064e-06,1.364256588211282e-07,2.6613263888142776e-06,1.1972629512148913e-06
3461,0.6922,0.03,0.02941910651669964,5.625030528648911e-07,2.794313094652061e-06,1.4819520185824306e-07,2.6461178927938177e-06,1.1992153939992284e-06
3462,0.6924,0.03,0.030424566764508235,5.618318854515003e-07,2.826646558962572e-06,1.4308189630394939e-07,2.6835646626586223e-06,1.2011778444272611e-06
3463,0.6926,0.03,0.030423837553821626,5.616587006388437e-07,2.786626135567158e-06,8.790318614640699e-08,2.6987229494207507e-06,1.2031315439016028e-06
3464,0.6928,0.03,0.030419317506964208,5.574517071334981e-07,2.8063366608148153e-06,1.2532116270795452e-07,2.6810154981068603e-06,1.2050909595712884e-06
3465,0.693,0.03,0.03042150983903836,5.622386940244247e-07,2.8619211795305365e-06,1.8805569540450633e-07,2.6738654841260297e-06,1.207067640920482e-06
3466,0.6932,0.03,0.030418956974775573,5.615387242787961e-07,2.844593791753602e-06,1.7581093208816266e-07,2.668782859665439e-06,1.2090413351398052e-06
3467,0.6934,0.03,0.03042195111891708,5.602372150872744e-07,2.7989696977297577e-06,1.053227249547132e-07,2.693646972775044e-06,1.2110045206932495e-06
3468,0.6936,0.03,0.030422347760039353,5.648919866984306e-07,2.8268891618063846e-06,1.3638016428617569e-07,2.6905089975202085e-06,1.2129778823334668e-06
3469,0.6938,0.03,0.03042900972025018,5.612186057369687e-07,2.8041393573460374e-06,1.2641880984141896e-07,2.677720547504618e-06,1.214946072596611e-06
3470,0.694,0.03,0.030427280086365596,5.636477261186678e-07,2.8555431373786704e-06,1.394518564265492e-07,2.7160912809521208e-06,1.216929898288165e-06
3471,0.6942,0.03,0.030424012266989053,5.659234477096413e-07,2.838075959047245e-06,1.133423910736556e-07,2.7247335679735892e-06,1.2189115018048744e-06
3472,0.6944,0.03,0.031619481225611985,5.691022517549781e-07,2.8552395791128785e-06,1.3448239127180624e-07,2.7207571878410716e-06,1.2209003436825943e-06
3473,0.6946,0.03,0.03161797052651652,5.657582649638157e-07,2.824922096130353e-06,1.1877985984292308e-07,2.7061422362874293e-06,1.2228821489722952e-06
3474,0.6948,0.03,0.03161330936200362,5.672886837349154e-07,2.808638353503978e-06,1.1265034466028891e-07,2.6959880088436887e-06,1.2248619136601325e-06
3475,0.695,0.03,0.031610906978277446,5.667371355333774e-07,2.7950229490291405e-06,1.4021898963170987e-07,2.6548039593974304e-06,1.2268397203626516e-06
3476,0.6952,0.03,0.03161090090422494,5.589620817145885e-07,2.8176128703584222e-06,1.774602400630864e-07,2.6401526302953355e-06,1.2288229357493877e-06
3477,0.6954,0.03,0.031612554004636376,5.597298217150545e-07,2.7807957300245704e-06,1.907574968097824e-07,2.5900382332147875e-06,1.2307981661752687e-06
3478,0.6956,0.03,0.0316149701218048,5.591222409404753e-07,2.724740982021953e-06,1.69121762175441e-07,2.5556192198465117e-06,1.2327610245100408e-06
3479,0.6958,0.03,0.03161897559559852,5.654953181701747e-07,2.7707473625625612e-06,1.4401909845883258e-07,2.6267282641037283e-06,1.2347393208317441e-06
3480,0.696,0.03,0.031620939085315714,5.769988287437493e-07,2.8036332137396866e-06,1.2724379283838864e-07,2.6763894209012973e-06,1.2367311631093977e-06
3481,0.6962,0.03,0.031621884047196645,5.809985657384958e-07,2.924401129891075e-06,1.7773484111266632e-07,2.746666288778408e-06,1.2387572883164985e-06
3482,0.6964,0.03,0.03162319077641044,5.831565364417286e-07,2.894325291680673e-06,1.4721780084274485e-07,2.747107490837928e-06,1.240777926327323e-06
3483,0.6966,0.03,0.03162107769480368,5.852204302906314e-07,2.9010719035140477e-06,1.3866255304188302e-07,2.7624093504721644e-06,1.2428024577712452e-06
3484,0.6968,0.03,0.03161912274419681,5.877078254851193e-07,2.897624225066002e-06,9.098645676427279e-08,2.806637768301729e-06,1.2448284180216562e-06
3485,0.697,0.03,0.03161828989379662,5.887678439514312e-07,2.9669935171598235e-06,1.4645678590728496e-07,2.820536731252538e-06,1.24687461065348e-06
3486,0.6972,0.03,0.03161997734979802,5.946960120246276e-07,2.9581214960694285e-06,1.4210804865442182e-07,2.8160134474150063e-06,1.2489219631265022e-06
3487,0.6974,0.03,0.03161984568064979,5.977085608791396e-07,2.991946532555058e-06,1.6089551827580453e-07,2.831051014279253e-06,1.2509806525431824e-06
3488,0.6976,0.03,0.03162081094623191,6.028419725595503e-07,3.0230820863383295e-06,1.3628940259054117e-07,2.8867926837477877e-06,1.2530505692018006e-06
3489,0.6978,0.03,0.03161923666162761,6.027339127630517e-07,3.01755753201014e-06,1.3671142815182444e-07,2.880846103858315e-06,1.2551208232747117e-06
3490,0.698,0.03,0.031620352484256604,6.047771103132703e-07,3.0588050611583057e-06,1.1159529257991478e-07,2.9472097685783903e-06,1.257204139877393e-06
3491,0.6982,0.03,0.03161383638640844,5.997152858574895e-07,3.0386344265111384e-06,1.6143642558215582e-07,2.8771980009289822e-06,1.259282697685556e-06
3492,0.6984,0.03,0.031612843015275637,6.039146383077471e-07,3.0373559182134793e-06,1.6679326773219444e-07,2.8705626504812845e-06,1.2613638351703914e-06
3493,0.6986,0.03,0.031609323399386824,6.097629085913134e-07,3.0391981926382112e-06,1.5981042357100196e-07,2.879387769067209e-06,1.2634487971017686e-06
3494,0.6988,0.03,0.031614601832336664,6.075440186101104e-07,3.029794175987125e-06,1.5432310579229303e-07,2.8754710701948313e-06,1.2655325464450924e-06
3495,0.699,0.03,0.031610950735567044,6.046824423821064e-07,2.9773061852771383e-06,1.4977690746248376e-07,2.827529277814654e-06,1.2676038800356648e-06
3496,0.6992,0.03,0.03161253952583875,6.043656173077329e-07,2.99074413868131e-06,1.3656022898820595e-07,2.8541839096931034e-06,1.269680419336636e-06
3497,0.6994,0.03,0.03160785342507816,6.041010656033066e-07,3.049579838098518e-06,1.6224074083804673e-07,2.887339097260471e-06,1.2717739937826729e-06
3498,0.6996,0.03,0.03288106091734627,6.045374093111845e-07,3.076881308334313e-06,1.8815134944978897e-07,2.8887299588845235e-06,1.273876608376012e-06
3499,0.6998,0.03,0.032876400806047486,6.067139058479667e-07,3.0644362986152767e-06,1.7066478891219763e-07,2.8937715097030785e-06,1.2759783863201792e-06
3500,0.7,0.03,0.03287601431866935,6.037846897858896e-07,3.0513812318104457e-06,1.6389491363373555e-07,2.8874863181767097e-06,1.2780778301522283e-06
3501,0.7002,0.03,0.03287594195730308,6.000462296961973e-07,2.9233242639493694e-06,9.070191192100624e-08,2.832622352028363e-06,1.2801442299978072e-06
3502,0.7004,0.03,0.03287549912121685,6.008968031737109e-07,3.0085756471084466e-06,1.7184067460910414e-07,2.836734972499342e-06,1.2822348267927594e-06
3503,0.7006,0.03,0.032875587777990815,6.041473392294429e-07,3.0179289377812873e-06,1.5064546992976e-07,2.8672834678515268e-06,1.2843305351670682e-06
3504,0.7008,0.03,0.03287734679371241,6.031985500034362e-07,3.0250352337531542e-06,1.576946956228886e-07,2.867340538130265e-06,1.2864296713359805e-06
3505,0.701,0.03,0.03287738240833265,6.081716156273987e-07,2.9933489540250088e-06,1.4281637540865778e-07,2.8505325786163506e-06,1.2885237029746861e-06
3506,0.7012,0.03,0.032877860120393,6.032815204108507e-07,2.9573571225706973e-06,1.5576855943454173e-07,2.801588563136155e-06,1.2906089154157621e-06
3507,0.7014,0.03,0.032877382685303574,5.974495766662342e-07,2.9133597180234113e-06,1.4600418285620132e-07,2.7673555351672095e-06,1.2926829685626842e-06
3508,0.7016,0.03,0.03287375354656728,5.929986915006478e-07,2.9302746098160276e-06,1.5096520116874446e-07,2.7793094086472827e-06,1.2947620557893726e-06
3509,0.7018,0.03,0.03286873727504598,5.906847341996742e-07,2.923172133963712e-06,1.4114967842393474e-07,2.782022455539777e-06,1.2968404872330857e-06
3510,0.702,0.03,0.03286210452404031,5.878405643474923e-07,2.9248050278861714e-06,1.8060679694337246e-07,2.7441982309427986e-06,1.29892039658621e-06
3511,0.7022,0.03,0.03286347125715849,5.828610497188437e-07,2.813760148210087e-06,1.1116813536114512e-07,2.7025920128489413e-06,1.3009719140447895e-06
3512,0.7024,0.03,0.03394268936585122,5.801206019889945e-07,2.8212642477831933e-06,1.5857853547085827e-07,2.6626857123123347e-06,1.3030262740447874e-06
3513,0.7026,0.03,0.03394043961767045,5.823201739313767e-07,2.808114605116375e-06,1.2656306565612246e-07,2.6815515394602522e-06,1.3050796620135275e-06
3514,0.7028,0.03,0.033933749647313154,5.942500762525895e-07,2.8505894060801346e-06,1.1515476791960263e-07,2.7354346381605316e-06,1.3071490088069948e-06
3515,0.703,0.03,0.03393442140750889,5.922937779721637e-07,2.946697527839766e-06,2.2284530294443683e-07,2.723852224895329e-06,1.3092445787141036e-06
3516,0.7032,0.03,0.0339281754968121,5.922957054525414e-07,2.7897542633816702e-06,1.0065454662189617e-07,2.6890997167597738e-06,1.3113013802560542e-06
3517,0.7034,0.03,0.033928161103553116,5.925983429935118e-07,2.8644468214030055e-06,1.1730309269309947e-07,2.7471437287099057e-06,1.3133794576293592e-06
3518,0.7036,0.03,0.03392941029625706,5.899167188045022e-07,2.8218130359522567e-06,1.2400693480372665e-07,2.6978061011485296e-06,1.3154475217242615e-06
3519,0.7038,0.03,0.03393685992029938,5.877549851791001e-07,2.8712070267860923e-06,1.5783582815623768e-07,2.713371198629854e-06,1.3175299574199122e-06
3520,0.704,0.03,0.033933475655553325,5.867873320795355e-07,2.9177628249385837e-06,1.6354296231735306e-07,2.75421986262123e-06,1.319626049553732e-06
3521,0.7042,0.03,0.033934637932599224,5.926210976926942e-07,2.8841530029948383e-06,1.354786533486356e-07,2.7486743496462023e-06,1.3217167877135376e-06
3522,0.7044,0.03,0.03393657634872303,5.956560547018704e-07,2.890446583529471e-06,1.583874530742661e-07,2.7320591304552047e-06,1.3238119812662615e-06
3523,0.7046,0.03,0.03393731844299274,5.954817102249846e-07,2.867280067883693e-06,1.4199290700232317e-07,2.725287160881369e-06,1.3259031225533954e-06
3524,0.7048,0.03,0.03393818249491925,5.928308782091003e-07,2.8893925455954677e-06,1.374979510704294e-07,2.751894594525038e-06,1.3280009598618575e-06
3525,0.705,0.03,0.033931124781885445,5.980431529143802e-07,2.867376829301993e-06,1.2411187820634575e-07,2.743264951095647e-06,1.3300963681158029e-06
3526,0.7052,0.03,0.03392703688476909,5.992644802455282e-07,2.9751327961842683e-06,1.6102986699185652e-07,2.8141029291924114e-06,1.3322219318908457e-06
3527,0.7054,0.03,0.033926001684967,6.011756812439073e-07,2.9473170667624825e-06,1.3356012317857674e-07,2.8137569435839054e-06,1.3343424015817855e-06
3528,0.7056,0.03,0.033927561343983566,5.985345960012907e-07,2.949988267865956e-06,1.3718259225299696e-07,2.8128056756129587e-06,1.3364649600203533e-06
3529,0.7058,0.03,0.03392504435967354,6.020382667524939e-07,3.0053252831052055e-06,1.457013680121502e-07,2.8596239150930548e-06,1.3386046698091385e-06
3530,0.706,0.03,0.03392778600989326,6.162019770332553e-07,3.1176402020772557e-06,1.5472109626032512e-07,2.96291910581693e-06,1.3407791674098613e-06
3531,0.7062,0.03,0.0339304985340401,6.145788042953627e-07,3.087872848880916e-06,1.2707872081073982e-07,2.9607941280701754e-06,1.342947331434704e-06
3532,0.7064,0.03,0.03393289436370751,6.12900412436752e-07,3.0701734514605375e-06,1.3187469184534764e-07,2.9382987596151896e-06,1.3451128024647739e-06
3533,0.7066,0.03,0.03392908358782448,6.196928357781664e-07,3.1614010815875736e-06,1.9074839561538443e-07,2.970652685972189e-06,1.3473056631059516e-06
3534,0.7068,0.03,0.03393145925827056,6.250966640953908e-07,3.1940920531265327e-06,1.7203052562736854e-07,3.022061527499164e-06,1.3495105331619518e-06
3535,0.707,0.03,0.03393161514267585,6.272874532043018e-07,3.20566042731319e-06,1.5843172610651652e-07,3.047228701206673e-06,1.351720709810241e-06
3536,0.7072,0.03,0.03392738835435354,6.213299296249514e-07,3.2026777510639825e-06,1.7204861308265502e-07,3.030629137981327e-06,1.3539304896615791e-06
3537,0.7074,0.03,0.03393070525555565,6.183722797302483e-07,3.2337859272717753e-06,1.9929822594870738e-07,3.0344877013230673e-06,1.3561494896374923e-06
3538,0.7076,0.03,0.03392766996548437,6.209027632294622e-07,3.1938960429459214e-06,1.7039573856337875e-07,3.0235003043825423e-06,1.358360690989721e-06
3539,0.7078,0.03,0.033928423511196834,6.405983528405054e-07,3.289142131546784e-06,1.7678411446208662e-07,3.112358017084697e-06,1.3606036413582677e-06
3540,0.708,0.03,0.033930233232616416,6.427062169897855e-07,3.3014156948957507e-06,1.4985273238996337e-07,3.151562962505787e-06,1.3628522625034236e-06
3541,0.7082,0.03,0.03393408722705502,6.408436553046454e-07,3.3084464945521078e-06,1.7414886513668485e-07,3.1342976294154226e-06,1.3651041772623397e-06
3542,0.7084,0.03,0.033930520987822774,6.489313028977576e-07,3.3608136055108928e-06,1.2801791947796965e-07,3.2327956860329225e-06,1.3673737846924037e-06
3543,0.7086,0.03,0.03392764746382417,6.538153300101374e-07,3.3749598844519607e-06,1.242776291055785e-07,3.2506822553463816e-06,1.3696503102927335e-06
3544,0.7088,0.03,0.033927720189222695,6.523806486064854e-07,3.3964108514864797e-06,1.70135179210166e-07,3.2262756722763133e-06,1.3719338788653162e-06
3545,0.709,0.03,0.033928799893322314,6.504198069528809e-07,3.33341007516496e-06,1.3899818707293565e-07,3.194411888092024e-06,1.3742026326967938e-06
3546,0.7092,0.03,0.033934410629860655,6.519177802695786e-07,3.3629931711497806e-06,1.5549544972742577e-07,3.2074977214223542e-06,1.3764814348849934e-06
3547,0.7094,0.03,0.034846171798470126,6.576049658489148e-07,3.4463424683017956e-06,2.165201765667425e-07,3.2298222917350527e-06,1.3787853697869849e-06
3548,0.7096,0.03,0.034849844047438794,6.601663602859299e-07,3.451537049244402e-06,1.6184899611105054e-07,3.289688053133351e-06,1.3810931989399223e-06
3549,0.7098,0.03,0.03484299839191845,6.686811997005108e-07,3.475010243650607e-06,1.360031297804545e-07,3.3390071138701523e-06,1.383411349673512e-06
3550,0.71,0.03,0.03484049569837624,6.711990441755405e-07,3.530605903940603e-06,2.02906402509173e-07,3.3276995014314296e-06,1.3857466987291735e-06
3551,0.7102,0.03,0.034841362788606264,6.654972692847761e-07,3.466495791833485e-06,1.466847985481835e-07,3.319810993285301e-06,1.3880659094222042e-06
3552,0.7104,0.03,0.03484315070639347,6.649900833451233e-07,3.4500742655217464e-06,1.3711240521266835e-07,3.3129618603090777e-06,1.3903827353588246e-06
3553,0.7106,0.03,0.034841715592701786,6.600787513929451e-07,3.486223043165618e-06,2.0475344751373786e-07,3.2814695956518797e-06,1.3927097014191332e-06
3554,0.7108,0.03,0.03483694417574477,6.593327930133647e-07,3.455396046830991e-06,1.791359257408145e-07,3.276260121090176e-06,1.3950304674127548e-06
3555,0.711,0.03,0.03483456181319511,6.610853189888624e-07,3.552395459909194e-06,2.2378866295583378e-07,3.3286067969533596e-06,1.3973789160934097e-06
3556,0.7112,0.03,0.0348309312321303,6.56410657635455e-07,3.4488290808850274e-06,1.6018541190184774e-07,3.2886436689831793e-06,1.3997012001244751e-06
3557,0.7114,0.03,0.034833256141039215,6.550498379698694e-07,3.515893208287917e-06,2.4578683848875437e-07,3.2701063697991624e-06,1.4020425617187432e-06
3558,0.7116,0.03,0.03482784296818655,6.552185783109126e-07,3.4446161623286035e-06,1.68546705834222e-07,3.276069456494381e-06,1.4043674587455736e-06
3559,0.7118,0.03,0.034825681916293816,6.611557575299991e-07,3.519694501070316e-06,1.8939987768436722e-07,3.3302946233859482e-06,1.4067155256145128e-06
3560,0.712,0.03,0.03482226877700307,6.629701485094656e-07,3.540789702404822e-06,2.214222309253807e-07,3.319367471479441e-06,1.4090719730012873e-06
3561,0.7122,0.03,0.03482078089444054,6.674589270853736e-07,3.565866781740661e-06,1.5033925742777592e-07,3.4155275243128847e-06,1.4114379823088044e-06
3562,0.7124,0.03,0.03482609142377176,6.65003649378505e-07,3.563373655492259e-06,1.6067128391913736e-07,3.4027023715731214e-06,1.4138046918464043e-06
3563,0.7126,0.03,0.0348281357315653,6.658644739353566e-07,3.5369967039337058e-06,1.5580220635647446e-07,3.3811944975772307e-06,1.4161667639215286e-06
3564,0.7128,0.03,0.03482666615750894,6.71876545032547e-07,3.5476675165201687e-06,1.1694139030081475e-07,3.4307261262193537e-06,1.4185352454709758e-06
3565,0.713,0.03,0.034823389772074775,6.769138588443158e-07,3.599025211683347e-06,1.369117476658059e-07,3.4621134640175408e-06,1.4209205120969172e-06
3566,0.7132,0.03,0.03482174331300371,6.734250128987719e-07,3.6575107219103588e-06,1.776054675625905e-07,3.4799052543477677e-06,1.423322150195001e-06
3567,0.7134,0.03,0.034818728652859454,6.733689109883568e-07,3.5700131173677052e-06,1.3852484754897286e-07,3.431488269818732e-06,1.4257031659802624e-06
3568,0.7136,0.03,0.03481609247291357,6.745754744910349e-07,3.6911901463158056e-06,2.2597575385478196e-07,3.465214392461023e-06,1.4281180807214496e-06
3569,0.7138,0.03,0.034816160940138056,6.711399750066199e-07,3.646050298744213e-06,1.934898291498902e-07,3.452560469594322e-06,1.4305223396100936e-06
3570,0.714,0.03,0.03480656855532529,6.694066224911649e-07,3.5556592895148268e-06,1.4562991321678365e-07,3.4100293762980427e-06,1.4329047402370114e-06
3571,0.7142,0.03,0.03480360058853241,6.67476498030956e-07,3.602574046037865e-06,1.6752607666190564e-07,3.435047969375959e-06,1.435300954803351e-06
3572,0.7144,0.03,0.034802174204773044,6.642383378260127e-07,3.6061520749685905e-06,1.9360017984808817e-07,3.412551895120502e-06,1.4376992708441788e-06
3573,0.7146,0.03,0.03480175102474009,6.62402731313938e-07,3.6055285648916024e-06,1.6876156322253503e-07,3.436767001669067e-06,1.4400988596207792e-06
3574,0.7148,0.03,0.03480700574155752,6.664410574730561e-07,3.58791386780883e-06,1.82088291994406e-07,3.4058255758144236e-06,1.4424974335571533e-06
3575,0.715,0.03,0.03480152645710451,6.647196530070721e-07,3.522657029902432e-06,1.5009068400903732e-07,3.3725663458933943e-06,1.444880621716327e-06
3576,0.7152,0.03,0.03480312158502006,6.635227298022555e-07,3.5820400224547935e-06,1.6877235015269966e-07,3.4132676723020935e-06,1.4472809935171637e-06
3577,0.7154,0.03,0.03480466613263474,6.651423414008763e-07,3.5212773811394145e-06,1.5337014946796036e-07,3.3679072316714537e-06,1.4496680660866225e-06
3578,0.7156,0.03,0.0348055025801138,6.724620881020088e-07,3.668027527115224e-06,2.3727158634692248e-07,3.430755940768301e-06,1.4520972835930205e-06
3579,0.7158,0.03,0.034802818733305006,6.799614417927097e-07,3.657385455707497e-06,1.81632808423462e-07,3.475752647284035e-06,1.4545277989713537e-06
3580,0.716,0.03,0.034800012253754495,6.886388104833507e-07,3.6462422926000212e-06,1.6949365052678816e-07,3.4767486420732325e-06,1.4569598192272664e-06
3581,0.7162,0.03,0.03480200363817949,6.934004023383565e-07,3.7224016752705584e-06,1.538247927556032e-07,3.5685768825149548e-06,1.4594150203753868e-06
3582,0.7164,0.03,0.034801666277360276,6.887389402976489e-07,3.643855853177098e-06,1.408760220844093e-07,3.5029798310926882e-06,1.4618506610255209e-06
3583,0.7166,0.03,0.03480406665841068,6.859604600016894e-07,3.7367009087810237e-06,2.2736992668498287e-07,3.5093309820960404e-06,1.4643118342756754e-06
3584,0.7168,0.03,0.03480194327016362,6.881344520974642e-07,3.7489032024183002e-06,2.1825079798038234e-07,3.5306524044379174e-06,1.4667788871855238e-06
3585,0.717,0.03,0.034803697452834736,6.834601495272963e-07,3.6811782402862817e-06,1.394890625945046e-07,3.541689177691777e-06,1.4692292646682157e-06
3586,0.7172,0.03,0.0348043352627129,6.825545895502982e-07,3.7233157998897118e-06,1.684756303998168e-07,3.5548401694898944e-06,1.4716925629855198e-06
3587,0.7174,0.03,0.0348031379275404,6.850157257190762e-07,3.765825375156919e-06,2.1949645578061427e-07,3.5463289193763044e-06,1.474169529401428e-06
3588,0.7176,0.03,0.034796625156684066,6.831616709204719e-07,3.7426199567013928e-06,1.6847573422832355e-07,3.5741442224730687e-06,1.476642353647182e-06
3589,0.7178,0.03,0.03478777873006681,6.836130693637209e-07,3.7537290196666646e-06,1.692848927212773e-07,3.5844441269453867e-06,1.4791203010353088e-06
3590,0.718,0.03,0.03478490824350942,6.900276212680205e-07,3.6800361122237785e-06,1.1771923584219288e-07,3.5623168763815854e-06,1.4815829680132944e-06
3591,0.7182,0.03,0.03478772602751999,6.867899713926056e-07,3.791168122929803e-06,2.2798951678981345e-07,3.563178606139989e-06,1.4840756317935576e-06
3592,0.7184,0.03,0.034786690585805115,6.792615793036263e-07,3.772820022115716e-06,2.6608625720038015e-07,3.5067337649153355e-06,1.4865636321546427e-06
3593,0.7186,0.03,0.034786663969259654,6.808789722915262e-07,3.6183531631483e-06,1.2711356490841188e-07,3.4912395982398878e-06,1.4890141556703993e-06
3594,0.7188,0.03,0.034783530918356995,6.850140379229261e-07,3.6525901370544287e-06,1.5650093340725559e-07,3.4960892036471728e-06,1.4914767909160597e-06
3595,0.719,0.03,0.034777718539891526,6.81476903151005e-07,3.788142340926348e-06,2.5376518491323125e-07,3.5343771560131164e-06,1.4939759159561848e-06
3596,0.7192,0.03,0.03477662833602941,6.813045526439501e-07,3.7434431806438102e-06,1.972463124842533e-07,3.5461968681595565e-06,1.4964655270460659e-06
3597,0.7194,0.03,0.03477249735835887,6.778638303537295e-07,3.7469609602665356e-06,2.210938794543912e-07,3.525867080812144e-06,1.4989572871930068e-06
3598,0.7196,0.03,0.03477650464821278,6.758730368412207e-07,3.7291428666531864e-06,2.0667592392629358e-07,3.5224669427268922e-06,1.5014459768718104e-06
3599,0.7198,0.03,0.03477732017190537,6.835645942452011e-07,3.695230053812531e-06,1.1634765463841017e-07,3.5788823991741203e-06,1.5039301438727005e-06
3600,0.72,0.03,0.034778180423383265,6.909370718853128e-07,3.819526534053632e-06,1.5908569902588177e-07,3.660440835027749e-06,1.5064510769813828e-06
3601,0.7202,0.03,0.03580812423815056,6.981552980885969e-07,3.893806445676255e-06,1.5398405517918842e-07,3.739822390497066e-06,1.508995306488246e-06
3602,0.7204,0.03,0.03581046001778157,6.998614592938278e-07,3.934800232452996e-06,2.0397766117337337e-07,3.7308225712796214e-06,1.511552822509201e-06
3603,0.7206,0.03,0.037148268557689657,6.988142036368282e-07,3.856189077701352e-06,1.3044649362345973e-07,3.725742584077892e-06,1.514091740675459e-06
3604,0.7208,0.03,0.03715048132600633,6.987221944873406e-07,3.865099919456173e-06,1.6705442937712101e-07,3.6980454900790507e-06,1.5166351468089385e-06
3605,0.721,0.03,0.03714806248781877,6.962453217125998e-07,3.7802132960461737e-06,1.3925859278064094e-07,3.640954703265532e-06,1.5191580221937651e-06
3606,0.7212,0.03,0.037140069211311966,7.01363764084858e-07,3.888545733388518e-06,2.0725256686329566e-07,3.681293166525221e-06,1.5217126171211248e-06
3607,0.7214,0.03,0.03714250391525386,6.981021958714024e-07,3.8598731826911175e-06,1.597935339806546e-07,3.7000796487104622e-06,1.524261100537367e-06
3608,0.7216,0.03,0.037134746053807045,6.963484419235665e-07,3.903920124367195e-06,1.9271747103624232e-07,3.7112026533309518e-06,1.5268227788415412e-06
3609,0.7218,0.03,0.03603309156349702,6.863533619728501e-07,3.866041676347269e-06,1.870725334919289e-07,3.678969142855339e-06,1.5293745315195424e-06
3610,0.722,0.03,0.03710672754102352,6.829820372656308e-07,3.901141692567994e-06,2.0627317033263568e-07,3.694868522235357e-06,1.5319368066820106e-06
3611,0.7222,0.03,0.03710073485714986,6.855792593509965e-07,3.969409433716512e-06,2.4202935293409267e-07,3.727380080782419e-06,1.5345198393725289e-06
3612,0.7224,0.03,0.03709948255636609,6.910031772578182e-07,3.993236857806535e-06,2.491233951868187e-07,3.7441134626197158e-06,1.5371128054925044e-06
3613,0.7226,0.03,0.03820802281583845,6.950743590835697e-07,3.950023716458455e-06,1.9809518077264195e-07,3.7519285356858124e-06,1.5396977746363414e-06
3614,0.7228,0.03,0.03722164520166567,6.934178078149219e-07,3.912522234012135e-06,2.131201661628508e-07,3.6994020678492828e-06,1.5422751007741734e-06
3615,0.723,0.03,0.037224030910221785,6.920918792204125e-07,3.9631699503845115e-06,2.3729391955711449e-07,3.725876030827396e-06,1.5448674573789151e-06
3616,0.7232,0.03,0.03721791135496631,6.922186888319388e-07,3.8901971058902854e-06,1.9074074884460542e-07,3.6994563570456795e-06,1.5474430967144791e-06
3617,0.7234,0.03,0.037219651505644984,6.892993396938908e-07,3.942165232544896e-06,1.935346970588696e-07,3.7486305354860253e-06,1.5500337085283947e-06
3618,0.7236,0.03,0.03721575181667452,6.910821373742637e-07,3.892770005938945e-06,1.5237456402831233e-07,3.740395441910632e-06,1.5526141795426254e-06
3619,0.7238,0.03,0.037213674408471294,6.926537422995251e-07,3.828573298230535e-06,1.3557467324535397e-07,3.69299862498518e-06,1.5551805723121121e-06
3620,0.724,0.03,0.037216237447049876,6.904859157399912e-07,3.923310334663381e-06,1.9901392014835172e-07,3.724296414515028e-06,1.55777322007006e-06
3621,0.7242,0.03,0.037221295896379826,6.865972453093576e-07,3.897766204315786e-06,2.2236779075553102e-07,3.6753984135602535e-06,1.560360403870454e-06
3622,0.7244,0.03,0.037220997619596775,6.888379878017815e-07,3.9059788864214635e-06,2.1479561935256646e-07,3.691183267068896e-06,1.5629526221961057e-06
3623,0.7246,0.03,0.037218616188328016,6.882724147083345e-07,3.827442975203991e-06,1.6535919476173716e-07,3.662083780442253e-06,1.5655263846930128e-06
3624,0.7248,0.03,0.03721317800600934,6.964487701777088e-07,3.994776630805201e-06,2.167426786626664e-07,3.7780339521425336e-06,1.5681481746318073e-06
3625,0.725,0.03,0.03838470177796955,6.997918886597957e-07,4.081381170210393e-06,2.2419186450619447e-07,3.857189305704198e-06,1.5707956073838312e-06
3626,0.7252,0.03,0.03837998990778017,6.976687225219876e-07,3.941042428776628e-06,9.128248738842947e-08,3.849759941388197e-06,1.573408203010747e-06
3627,0.7254,0.03,0.03837908638777259,7.005268524778446e-07,4.008728729320693e-06,1.2831344000825892e-07,3.880415289312433e-06,1.5760415004279407e-06
3628,0.7256,0.03,0.039475322956892114,7.011404592684391e-07,4.049366898283559e-06,1.3348660845104106e-07,3.915880289832517e-06,1.578687770423216e-06
3629,0.7258,0.03,0.03946744814770768,7.010309728451029e-07,4.094721056660029e-06,1.9956363891192595e-07,3.8951574177481025e-06,1.581348085133789e-06
3630,0.726,0.03,0.03946463014999018,6.98001251462137e-07,4.034754727947708e-06,1.308211257312601e-07,3.903933602216447e-06,1.5839942774942555e-06
3631,0.7262,0.03,0.040440927286915236,6.929710863438522e-07,4.097747195719041e-06,2.3225209879561732e-07,3.865495096923423e-06,1.5866577255267624e-06
3632,0.7264,0.03,0.04043838234379161,6.930739294577421e-07,3.993894535864245e-06,1.99250316280325e-07,3.794644219583919e-06,1.589296473291717e-06
3633,0.7266,0.03,0.041570765389092275,6.964884950630004e-07,4.046504658938471e-06,2.0730313760668884e-07,3.8392015213317815e-06,1.5919517937616693e-06
3634,0.7268,0.03,0.04156057328851689,6.942348063034884e-07,4.0876621868545306e-06,2.3407558088273056e-07,3.8535866059717995e-06,1.5946196756818332e-06
3635,0.727,0.03,0.04259016082096624,7.004773520323334e-07,4.210747854131598e-06,2.6422817420828347e-07,3.9465196799233135e-06,1.5973234500593043e-06
3636,0.7272,0.03,0.04258844996127817,7.011324945998274e-07,4.136843449427548e-06,1.9031973621948685e-07,3.94652371320806e-06,1.6000103266478929e-06
3637,0.7274,0.03,0.042583449945505475,6.929953314200093e-07,4.1608816344443335e-06,2.6183553545097556e-07,3.8990460989933575e-06,1.6027036879758758e-06
3638,0.7276,0.03,0.043637003536561754,6.893564181709996e-07,4.1089475614356144e-06,2.4862567314397045e-07,3.8603218882916435e-06,1.6053848920510085e-06
3639,0.7278,0.03,0.0436350858384482,6.9669255757474e-07,4.094581169206589e-06,2.3245065672743152e-07,3.862130512479157e-06,1.6080663652815463e-06
3640,0.728,0.03,0.04262167086033922,7.002373379945887e-07,4.146781001916738e-06,2.0080464113633784e-07,3.945976360780399e-06,1.6107649004502199e-06
3641,0.7282,0.03,0.04261824813647884,7.047026352247372e-07,4.142446211936395e-06,1.9424385347128534e-07,3.948202358465109e-06,1.6134658665741835e-06
3642,0.7284,0.03,0.044925040142612074,7.128938866889172e-07,4.177051061090469e-06,2.3366014808403887e-07,3.943390913006429e-06,1.6161801483548696e-06
3643,0.7286,0.03,0.04492701166007284,7.024868222152212e-07,4.115344718099471e-06,2.7616956344994456e-07,3.839175154649526e-06,1.618877757907414e-06
3644,0.7288,0.03,0.046189024128865164,6.968201287162986e-07,4.013142062659129e-06,2.2005073867981297e-07,3.7930913239793155e-06,1.6215496580375807e-06
3645,0.729,0.03,0.04617940798446913,6.939178625944644e-07,3.880449210133297e-06,1.5439776980769498e-07,3.7260514403256014e-06,1.6241885222633842e-06
3646,0.7292,0.03,0.047333968773296105,6.875865294889266e-07,3.854225978822265e-06,2.1833281613942816e-07,3.6358931626828358e-06,1.6268210168272798e-06
3647,0.7294,0.03,0.047326905788457635,6.81815724065044e-07,3.798263247893965e-06,1.872745239279e-07,3.6109887239660645e-06,1.6294396290555375e-06
3648,0.7296,0.03,0.047318697412653876,6.827960251780056e-07,3.6934751158922026e-06,1.4056975568389406e-07,3.552905360208308e-06,1.6320336707217199e-06
3649,0.7298,0.03,0.047312779297733795,6.775593991350093e-07,3.6834401267945743e-06,8.145094206988915e-08,3.6019891847246847e-06,1.634625925141558e-06
3650,0.73,0.03,0.04731423646806768,6.728695359889894e-07,3.7816620486482387e-06,2.1315248556974243e-07,3.5685095630784957e-06,1.6372446864505856e-06
3651,0.7302,0.03,0.048474392480081216,6.700126680253986e-07,3.75927279691305e-06,2.0919139383539512e-07,3.5500814030776544e-06,1.6398594413014852e-06
3652,0.7304,0.03,0.04847331524912881,6.724363109721171e-07,3.7384394877928235e-06,1.7547868224207465e-07,3.5629608055507485e-06,1.6424715544639732e-06
3653,0.7306,0.03,0.04846302432272547,6.747378891061474e-07,3.811181171287753e-06,2.3228236394350816e-07,3.5788988073442445e-06,1.6451054607601467e-06
3654,0.7308,0.03,0.04879688929406272,6.725793170038878e-07,3.92978059080496e-06,2.6859121173114285e-07,3.6611893790738167e-06,1.647772093626733e-06
3655,0.731,0.03,0.04879964116413579,6.672346066286617e-07,3.7433018011705864e-06,1.4320325768334742e-07,3.6000985434872387e-06,1.6503902619195852e-06
3656,0.7312,0.03,0.048797605569288256,6.691021204420877e-07,3.745142698957223e-06,2.0777105093036522e-07,3.5373716480268576e-06,1.6530116624512065e-06
3657,0.7314,0.03,0.04879668648370643,6.687160138320716e-07,3.79841130256867e-06,2.2872565422242005e-07,3.5696856483462496e-06,1.6556491115674107e-06
3658,0.7316,0.03,0.048790175648606875,6.745716500286292e-07,3.9065432164592645e-06,2.4651247655522537e-07,3.660030739904038e-06,1.6583184629134203e-06
3659,0.7318,0.03,0.048780764896045305,6.816675937996615e-07,3.92712960732969e-06,2.0336961275799925e-07,3.72375999457169e-06,1.6609972090401693e-06
3660,0.732,0.03,0.04878150937741552,6.871077324391353e-07,3.957046135659164e-06,1.8334363329586397e-07,3.7737025023632996e-06,1.6636874436103926e-06
3661,0.7322,0.03,0.04878162288273756,6.93265238566087e-07,4.021405555345594e-06,1.6120541531907735e-07,3.8602001400265155e-06,1.666398303973226e-06
3662,0.7324,0.03,0.048784158969527404,6.991433492326379e-07,4.173871765168424e-06,2.97011857411402e-07,3.876859907757021e-06,1.669152647424048e-06
3663,0.7326,0.03,0.04877992476146888,7.052316380759371e-07,4.214180344174528e-06,2.1129803232973682e-07,4.00288231184479e-06,1.6719214082435008e-06
3664,0.7328,0.03,0.048784375730157536,7.178145651123207e-07,4.283124525208707e-06,2.0760863761911676e-07,4.075515887589589e-06,1.6747142674411134e-06
3665,0.733,0.03,0.048786114937007664,7.266014019997951e-07,4.365646982427365e-06,2.3389607417040587e-07,4.131750908256959e-06,1.6775332638143196e-06
3666,0.7332,0.03,0.04878442020405547,7.275217790257486e-07,4.322101461251047e-06,2.2076523297811667e-07,4.101336228272929e-06,1.6803428559192867e-06
3667,0.7334,0.03,0.04987017806452809,7.282124487475917e-07,4.2956362504321325e-06,2.4228125745422367e-07,4.053354992977908e-06,1.6831485607290235e-06
3668,0.7336,0.03,0.04987247554515073,7.275030371053252e-07,4.3206029067531986e-06,2.4956321969709006e-07,4.071039687056108e-06,1.6859629278515808e-06
3669,0.7338,0.03,0.04986714440506897,7.274938503253039e-07,4.288778642282445e-06,2.32571521772879e-07,4.0562071205095655e-06,1.688771379035459e-06
3670,0.734,0.03,0.04986063500578417,7.343597494516023e-07,4.3038868683554445e-06,2.2938267727245093e-07,4.0745041910829925e-06,1.6915883463659382e-06
3671,0.7342,0.03,0.049855884456040674,7.294070723732352e-07,4.1725635624610886e-06,1.7816171839928552e-07,3.994401844061802e-06,1.6943721883677806e-06
3672,0.7344,0.03,0.04985088455610655,7.282526417671254e-07,4.260980280349902e-06,2.5062814885810014e-07,4.010352131491801e-06,1.6971814572311754e-06
3673,0.7346,0.03,0.04984506749264444,7.299305909613004e-07,4.293740288970119e-06,2.9289834891629576e-07,4.000841940053823e-06,1.700002028053291e-06
3674,0.7348,0.03,0.04983760505822811,7.252882642345768e-07,4.278003409317762e-06,3.1047504450440524e-07,3.967528364813356e-06,1.702819671588995e-06
3675,0.735,0.03,0.049833092009831235,7.266706492215135e-07,4.1861733702746526e-06,2.3236941093664992e-07,3.9538039593380015e-06,1.7056166501602278e-06
3676,0.7352,0.03,0.05072924772368367,7.185259226606256e-07,4.0747195732582035e-06,1.604050782895356e-07,3.914314494968667e-06,1.7083848091072025e-06
3677,0.7354,0.03,0.050726886268206,7.171059610403263e-07,4.1665302376513244e-06,2.193915140878418e-07,3.947138723563482e-06,1.7111792779582413e-06
3678,0.7356,0.03,0.050725470262570904,7.189870437975065e-07,4.104454876736153e-06,1.6235954120397465e-07,3.942095335532178e-06,1.7139604403671181e-06
3679,0.7358,0.03,0.05073067210224841,7.183568769567199e-07,4.169927576942909e-06,2.4088873851210994e-07,3.929038838430798e-06,1.7167608106180469e-06
3680,0.736,0.03,0.051654663198605275,7.260449061121851e-07,4.253514131843466e-06,2.2858018054263775e-07,4.024933951300827e-06,1.7195873489546062e-06
3681,0.7362,0.03,0.051650913760318315,7.314998259147335e-07,4.179796159488893e-06,1.9309496423556272e-07,3.9867011952533294e-06,1.722399572488335e-06
3682,0.7364,0.03,0.051646051532822326,7.353895111082422e-07,4.256161729733212e-06,1.8225189835074984e-07,4.073909831382461e-06,1.7252350488152719e-06
3683,0.7366,0.03,0.051640056427090665,7.287932621475088e-07,4.193973786618929e-06,1.8556668477324823e-07,4.00840710184568e-06,1.7280555271275631e-06
3684,0.7368,0.03,0.05271202829831109,7.232223589227866e-07,4.17354805316133e-06,1.806957834059471e-07,3.992852269755382e-06,1.7308715394771745e-06
3685,0.737,0.03,0.052713038621905975,7.132932518310383e-07,4.166751664598925e-06,2.82381217657346e-07,3.884370446941578e-06,1.7336860412418822e-06
3686,0.7372,0.03,0.05271090697305568,7.025059212794482e-07,4.0054752370756145e-06,2.260301441842935e-07,3.77944509289132e-06,1.7364579258832349e-06
3687,0.7374,0.03,0.052708703702708304,7.004089114842631e-07,3.943783554777189e-06,2.0971916167753745e-07,3.7340643930996503e-06,1.739215267444111e-06
3688,0.7376,0.03,0.05270015836613982,7.019482454965267e-07,3.973407810197069e-06,2.2209299662186712e-07,3.7513148135752013e-06,1.7419832038609937e-06
3689,0.7378,0.03,0.05269636450398133,7.000927677509057e-07,3.932641828133007e-06,1.8350882363037113e-07,3.7491330045026354e-06,1.744742024065537e-06
3690,0.738,0.03,0.05268971463871019,7.071054786010702e-07,4.065308157116571e-06,2.9899958293257733e-07,3.7663085741839923e-06,1.7475396110002327e-06
3691,0.7382,0.03,0.05268774987168803,7.106183712181287e-07,4.016422119091055e-06,1.6497138735214273e-07,3.851450731738911e-06,1.750328761006935e-06
3692,0.7384,0.03,0.0539114302890287,7.111401980776924e-07,3.988742677365853e-06,1.1926962382200854e-07,3.869473053543844e-06,1.7531134467071777e-06
3693,0.7386,0.03,0.05390992388238125,7.181518526923565e-07,4.140668089322584e-06,1.6946743169740875e-07,3.971200657625174e-06,1.755940832166676e-06
3694,0.7388,0.03,0.05390125581697552,7.231236748291824e-07,4.279972004112309e-06,2.6088187479625916e-07,4.0190901293160494e-06,1.7588087930391785e-06
3695,0.739,0.03,0.05389794593888054,7.319012042111441e-07,4.227073046615675e-06,1.9097941092550005e-07,4.0360936356901735e-06,1.761667754208446e-06
3696,0.7392,0.03,0.053896322419572026,7.234300488012939e-07,4.209415968719337e-06,2.1232626717477874e-07,3.9970897015445575e-06,1.7645222819582103e-06
3697,0.7394,0.03,0.0538976516840385,7.225149834659427e-07,4.287157983161345e-06,2.719350312476489e-07,4.015222951913695e-06,1.7673992636014675e-06
3698,0.7396,0.03,0.05389351294242738,7.231429484713476e-07,4.20281433205693e-06,1.829419205310343e-07,4.019872411525894e-06,1.7702568604286728e-06
3699,0.7398,0.03,0.05389251725357924,7.288921318945893e-07,4.304160505659173e-06,2.941689489423891e-07,4.009991556716783e-06,1.7731448327075148e-06
3700,0.74,0.03,0.05389112117957223,7.291072045212972e-07,4.241429614361323e-06,2.1100823996314674e-07,4.030421374398175e-06,1.7760189913964307e-06
3701,0.7402,0.03,0.053886025218028495,7.399239529693704e-07,4.362615739440707e-06,2.1059070218256605e-07,4.15202503725814e-06,1.7789299883173265e-06
3702,0.7404,0.03,0.05388280928810334,7.475812346626425e-07,4.455761543686416e-06,2.2798710960917486e-07,4.22777443407724e-06,1.7818696114388177e-06
3703,0.7406,0.03,0.0538882462882248,7.528760470984708e-07,4.467548822754319e-06,2.1460875974340308e-07,4.252940063010915e-06,1.784816298001365e-06
3704,0.7408,0.03,0.05389353276300223,7.568912196220395e-07,4.540339745218699e-06,2.506320993606358e-07,4.2897076458580625e-06,1.7877853994307594e-06
3705,0.741,0.03,0.053890760600897744,7.658137575031952e-07,4.4398838490591845e-06,2.0164066985011468e-07,4.238243179209069e-06,1.7907332580698652e-06
3706,0.7412,0.03,0.05389036477501546,7.692619174566462e-07,4.501198344513694e-06,2.0679743917909305e-07,4.2944009053346e-06,1.7937005472627224e-06
3707,0.7414,0.03,0.054996079749214354,7.700846000928492e-07,4.547900459452517e-06,2.3264093858184592e-07,4.315259520870671e-06,1.796682931430465e-06
3708,0.7416,0.03,0.05592157063560847,7.741071294133703e-07,4.552598678008149e-06,2.4746661158765327e-07,4.305132066420495e-06,1.7996704680480288e-06
3709,0.7418,0.03,0.05591874701029232,7.705003616809708e-07,4.531372719072247e-06,2.7071107344796147e-07,4.260661645624285e-06,1.802654048402228e-06
3710,0.742,0.03,0.05591664095622884,7.692710101408268e-07,4.4639320005777686e-06,2.012745765060067e-07,4.262657424071761e-06,1.8056222736525859e-06
3711,0.7422,0.03,0.05591594177817775,7.715303748776993e-07,4.508034433923644e-06,1.9293714741788416e-07,4.315097286505759e-06,1.8086050662565996e-06
3712,0.7424,0.03,0.05590560724263796,7.667384626889688e-07,4.550656316335888e-06,2.6051875935480607e-07,4.290137556981081e-06,1.8116000954141893e-06
3713,0.7426,0.03,0.05590025887256344,7.676290761118512e-07,4.483439050920865e-06,1.989252517208986e-07,4.284513799199965e-06,1.8145803834547943e-06
3714,0.7428,0.03,0.05590305259595548,7.653259905390325e-07,4.493619926950683e-06,2.4278208710256315e-07,4.250837839848119e-06,1.8175652592568742e-06
3715,0.743,0.03,0.055907920244281414,7.680179111831887e-07,4.506190705894235e-06,2.4099666045518636e-07,4.265194045439048e-06,1.8205565989814692e-06
3716,0.7432,0.03,0.05590709158262037,7.759381222890158e-07,4.5385220472297965e-06,2.126968541445397e-07,4.325825193085256e-06,1.8235614551609238e-06
3717,0.7434,0.03,0.056947903663751395,7.803358741572743e-07,4.642897339074592e-06,2.8510399811843837e-07,4.357793340956153e-06,1.8265971731544347e-06
3718,0.7436,0.03,0.0569472376897973,7.811728789050406e-07,4.638543046785205e-06,2.3253542224002818e-07,4.406007624545176e-06,1.8296345372453906e-06
3719,0.7438,0.03,0.057957734370838086,7.845736056224724e-07,4.583982896872224e-06,2.237630087870466e-07,4.360219888085176e-06,1.8326610401760344e-06
3720,0.744,0.03,0.05795548450507622,7.924444545663514e-07,4.675057452286688e-06,2.525818667978352e-07,4.422475585488852e-06,1.835716315283515e-06
3721,0.7442,0.03,0.05795590077789304,7.960135893692541e-07,4.612507618137781e-06,1.6958234111728316e-07,4.442925277020497e-06,1.8387588048819292e-06
3722,0.7444,0.03,0.05794904232371251,8.011288301494507e-07,4.6494394030504686e-06,2.099931174690644e-07,4.439446285581404e-06,1.8418148073003923e-06
3723,0.7446,0.03,0.05794889623862086,8.04275200415405e-07,4.722030944587899e-06,2.2678900509324538e-07,4.495241939494652e-06,1.8448930702508231e-06
3724,0.7448,0.03,0.05794696591178367,8.098769384202239e-07,4.77496726381701e-06,2.458133681663236e-07,4.5291538956506855e-06,1.847988179569e-06
3725,0.745,0.03,0.05794342441833709,8.186581586092001e-07,4.807499662102312e-06,2.1033096851269374e-07,4.5971686935896176e-06,1.8510962514550585e-06
3726,0.7452,0.03,0.05793966762542031,8.245044095111214e-07,4.83601893079389e-06,2.3745322874041734e-07,4.598565702053472e-06,1.8542159337867103e-06
3727,0.7454,0.03,0.05793668820806511,8.245680424424257e-07,4.950464467811578e-06,3.2557653663992917e-07,4.624887931171648e-06,1.8573680410561456e-06
3728,0.7456,0.03,0.05793462564970615,8.299776625930883e-07,4.921959171460923e-06,2.577177062932768e-07,4.664241465167646e-06,1.8605168357613492e-06
3729,0.7458,0.03,0.05792693875230618,8.332016077674603e-07,4.81995334009458e-06,2.052819542891782e-07,4.614671385805401e-06,1.86364287610525e-06
3730,0.746,0.03,0.05793029478749777,8.372261993931465e-07,4.913366314665426e-06,2.5562114382997516e-07,4.65774517083545e-06,1.866796901482465e-06
3731,0.7462,0.03,0.05793142208524661,8.345491533598683e-07,4.87581182479965e-06,2.1039522113046108e-07,4.665416603669188e-06,1.8699432179284163e-06
3732,0.7464,0.03,0.05793122265908571,8.387692013541794e-07,5.048179873243751e-06,3.008161198694633e-07,4.747363753374287e-06,1.8731381740018454e-06
3733,0.7466,0.03,0.05792822868724265,8.401036162775547e-07,4.988663078626719e-06,2.0216798550126906e-07,4.7864950931254495e-06,1.876320774640362e-06
3734,0.7468,0.03,0.05792681102064286,8.347333929419203e-07,5.00052049592343e-06,3.055182428510246e-07,4.695002253072405e-06,1.8795082370106644e-06
3735,0.747,0.03,0.0577682002791024,8.272904062060139e-07,4.9237694063935006e-06,2.2790734824018132e-07,4.6958620581533185e-06,1.8826771386024086e-06
3736,0.7472,0.03,0.0577690563485411,8.298453155201121e-07,5.042650464129885e-06,2.5167442109641043e-07,4.790976043033474e-06,1.885880306244357e-06
3737,0.7474,0.03,0.05776057280382878,8.318232857952006e-07,4.991927429475559e-06,2.1245871185735213e-07,4.779468717618206e-06,1.889073422668804e-06
3738,0.7476,0.03,0.057750066192782154,8.353544867838873e-07,5.0187542550209224e-06,2.5207847432452875e-07,4.766675780696393e-06,1.8922771222124618e-06
3739,0.7478,0.03,0.05774629496707922,8.344529504705589e-07,5.054291715618021e-06,2.4477300036686915e-07,4.809518715251151e-06,1.895492338564762e-06
3740,0.748,0.03,0.057745013465711925,8.253834188507017e-07,5.068921445717129e-06,2.395314105206714e-07,4.829390035196457e-06,1.8987117550894764e-06
3741,0.7482,0.03,0.057736719389794605,8.342379266649994e-07,5.087292417596063e-06,2.442451217613699e-07,4.843047295834693e-06,1.901941041686987e-06
3742,0.7484,0.03,0.05773579758440797,8.294479224513995e-07,5.063539569845244e-06,2.696717130065307e-07,4.793867856838712e-06,1.9051656002314006e-06
3743,0.7486,0.03,0.0577364828243323,8.280800105936027e-07,4.981439519155404e-06,2.2404120956206396e-07,4.757398309593339e-06,1.908370992628398e-06
3744,0.7488,0.03,0.05773524746472615,8.301178500206181e-07,4.862598211998033e-06,1.9570752247510643e-07,4.666890689522926e-06,1.911548604294304e-06
3745,0.749,0.03,0.058961218455827594,8.306689373609078e-07,4.908426269617546e-06,2.793388812925242e-07,4.629087388325021e-06,1.91474097235414e-06
3746,0.7492,0.03,0.058956150371151074,8.329396951254823e-07,4.843768806502542e-06,1.747797526348244e-07,4.668989053867716e-06,1.9179192097421106e-06
3747,0.7494,0.03,0.058958283584895764,8.370250468583239e-07,4.8892543810174094e-06,2.657475217306522e-07,4.6235068592867565e-06,1.921113627160907e-06
3748,0.7496,0.03,0.058944368317161364,8.374206003543703e-07,4.786702631445112e-06,2.2667868340440027e-07,4.5600239480407105e-06,1.924284255632377e-06
3749,0.7498,0.03,0.060036258192210985,8.345914368118669e-07,4.814967706262139e-06,2.2664199920731438e-07,4.588325707054823e-06,1.927464450058119e-06
3750,0.75,0.03,0.06113277536272964,8.372630634109382e-07,4.887655590813612e-06,2.734841850701828e-07,4.614171405743428e-06,1.9306672659767287e-06
3751,0.7502,0.03,0.061127427558804265,8.36576151131293e-07,4.864057638431549e-06,2.1587348683178686e-07,4.648184151599762e-06,1.9338664649372108e-06
3752,0.7504,0.03,0.06112034058393576,8.413587478999485e-07,4.967008616399832e-06,2.5265718459831235e-07,4.714351431801518e-06,1.937096425405774e-06
3753,0.7506,0.03,0.06004388885231941,8.40126962186532e-07,4.95240568359589e-06,2.2514135299191383e-07,4.727264330603976e-06,1.94032577823165e-06
3754,0.7508,0.03,0.06003731489977648,8.436979592459004e-07,4.958428192247103e-06,2.1017692356607583e-07,4.748251268681026e-06,1.943560250876715e-06
3755,0.751,0.03,0.06003646283046174,8.418427117307481e-07,5.00032132787069e-06,2.821781399683835e-07,4.718143187902306e-06,1.946807836931228e-06
3756,0.7512,0.03,0.06002944129838032,8.438359549874017e-07,4.884426275683036e-06,2.0699121870425072e-07,4.677435056978785e-06,1.950028617297313e-06
3757,0.7514,0.03,0.060028362222301054,8.475494758365439e-07,4.9784987055092766e-06,3.0282295626967865e-07,4.675675749239597e-06,1.953277661251913e-06
3758,0.7516,0.03,0.06002283669515675,8.486215707050057e-07,4.964019218286869e-06,2.544954257923819e-07,4.709523792494486e-06,1.956525941594582e-06
3759,0.7518,0.03,0.06001865584341513,8.50483738269383e-07,5.131313376243867e-06,3.227840160849421e-07,4.808529360158924e-06,1.959821519501552e-06
3760,0.752,0.03,0.06001686937962517,8.512092481494848e-07,4.948792411104435e-06,1.8648042560779248e-07,4.762311985496642e-06,1.963072565291713e-06
3761,0.7522,0.03,0.06001040562814189,8.570380406879152e-07,5.130579491198584e-06,2.3871009858782745e-07,4.891869392610756e-06,1.9663757298358338e-06
3762,0.7524,0.03,0.06000340383058467,8.654689139394968e-07,5.15909231850477e-06,1.909063713948215e-07,4.968185947109948e-06,1.969691358698242e-06
3763,0.7526,0.03,0.05999676535095368,8.628360189764978e-07,5.213881982176233e-06,3.022297502462586e-07,4.9116522319299735e-06,1.9730234257240435e-06
3764,0.7528,0.03,0.06118873972266848,8.572084958338171e-07,5.122851347851106e-06,2.1074822212709387e-07,4.912103125724011e-06,1.97633305721565e-06
3765,0.753,0.03,0.06230458557058778,8.542851996317595e-07,5.177578086019804e-06,2.571951871975158e-07,4.920382898822288e-06,1.979658726184437e-06
3766,0.7532,0.03,0.06230107066652292,8.38854409656538e-07,5.021757228402816e-06,2.541837101424936e-07,4.767573518260322e-06,1.9829426230274416e-06
3767,0.7534,0.03,0.06339949563203091,8.325976591240522e-07,4.978049144762119e-06,2.4423208569210115e-07,4.733817059070017e-06,1.9862148585859092e-06
3768,0.7536,0.03,0.06236249598449195,8.23723907484217e-07,4.909271473410781e-06,1.9540125503748202e-07,4.7138702183732985e-06,1.9894704737088405e-06
3769,0.7538,0.03,0.06235247470438402,8.245881853232691e-07,4.9461773946796145e-06,2.5782147417485906e-07,4.688355920504755e-06,1.99273906683992e-06
3770,0.754,0.03,0.06234776035830952,8.28942139427403e-07,5.017171258923108e-06,2.959602999234954e-07,4.7212109589996115e-06,1.9960299950988827e-06
3771,0.7542,0.03,0.06234624191771058,8.315893166943917e-07,5.059717795276118e-06,2.5668649559991156e-07,4.803031299676206e-06,1.999335422935939e-06
3772,0.7544,0.03,0.06234009446283319,8.370521311944982e-07,5.168533504632093e-06,2.8613905224858135e-07,4.882394452383511e-06,2.002673374469916e-06
3773,0.7546,0.03,0.06233448425002363,8.363540400013744e-07,5.1615145330874135e-06,2.41421307749694e-07,4.920093225337719e-06,2.006011970956088e-06
3774,0.7548,0.03,0.062331233537821704,8.314184676560166e-07,5.2012568332253456e-06,2.806818310225513e-07,4.920575002202794e-06,2.009362410549179e-06
3775,0.755,0.03,0.062328968442561535,8.318463759298899e-07,5.155482984326943e-06,2.46347365621465e-07,4.909135618705477e-06,2.0127038247144157e-06
3776,0.7552,0.03,0.06232971798131626,8.280737392948131e-07,5.122227105359748e-06,2.8051374136412796e-07,4.841713363995619e-06,2.0160382308648e-06
3777,0.7554,0.03,0.06232020431100239,8.261523161700989e-07,5.0186302061785065e-06,2.0650362747048562e-07,4.81212657870802e-06,2.0193485452634142e-06
3778,0.7556,0.03,0.062314476847646724,8.258884452339531e-07,5.1166568017985005e-06,3.2757157934322074e-07,4.789085222455279e-06,2.0226869595558437e-06
3779,0.7558,0.03,0.06230976816348609,8.28618653102419e-07,5.020332368354375e-06,2.651837642016007e-07,4.7551486041527735e-06,2.0260038447581382e-06
3780,0.756,0.03,0.062302195635261584,8.252553694714646e-07,5.090227776753592e-06,2.8625431956247224e-07,4.803973457191118e-06,2.0293407545000654e-06
3781,0.7562,0.03,0.06229567841578224,8.286301255565298e-07,5.121439563389205e-06,3.0618865578442473e-07,4.815250907604779e-06,2.032689392458286e-06
3782,0.7564,0.03,0.06228770557429745,8.319883897058361e-07,5.087607178268804e-06,2.997287704533145e-07,4.787878407815489e-06,2.0360329766249225e-06
3783,0.7566,0.03,0.06228416585901389,8.366840210054353e-07,5.020622589011215e-06,2.620675797452835e-07,4.7585550092659305e-06,2.03936329178688e-06
3784,0.7568,0.03,0.06227836534855798,8.395560503286434e-07,4.975212782210514e-06,2.0775696168558946e-07,4.767455820524924e-06,2.042685076289766e-06
3785,0.757,0.03,0.062278512163509714,8.398200082422438e-07,4.872755046946869e-06,2.037358790860016e-07,4.669019167860867e-06,2.045982691802948e-06
3786,0.7572,0.03,0.06227515719476602,8.424580931503022e-07,4.905024252806674e-06,1.5692984378707871e-07,4.748094409019595e-06,2.0492925079547557e-06
3787,0.7574,0.03,0.06339217122832487,8.392511084222087e-07,4.91799913361111e-06,2.2858402262552433e-07,4.689415110985585e-06,2.052607677336693e-06
3788,0.7576,0.03,0.06338718976290889,8.386129558674808e-07,4.842401141794056e-06,2.3727953667918797e-07,4.6051216051148675e-06,2.0559055015720907e-06
3789,0.7578,0.03,0.06338504084577067,8.321622501558311e-07,4.898291412677144e-06,3.256277085227049e-07,4.572663704154439e-06,2.059218837848066e-06
3790,0.758,0.03,0.06338617819613383,8.348279219985052e-07,4.833479508184537e-06,2.686887147688481e-07,4.564790793415688e-06,2.0625187692852014e-06
3791,0.7582,0.03,0.06337316735828592,8.395182712295908e-07,4.886861444861491e-06,2.0002943213581088e-07,4.68683201272568e-06,2.0658365130916066e-06
3792,0.7584,0.03,0.0633681147668611,8.496515313295876e-07,5.0091769538678335e-06,2.766192247273711e-07,4.7325577291404615e-06,2.0691920668234052e-06
3793,0.7586,0.03,0.06438169835154726,8.526127246331047e-07,4.978016558391224e-06,1.859695488778838e-07,4.792047009513339e-06,2.0725437113679375e-06
3794,0.7588,0.03,0.06437877891696799,8.536870808226456e-07,5.081307822109367e-06,2.972170851002831e-07,4.784090737009083e-06,2.0759250670907247e-06
3795,0.759,0.03,0.06437536347474344,8.545569636170435e-07,5.013911781744875e-06,2.1052298014619854e-07,4.803388801598675e-06,2.0792917049568738e-06
3796,0.7592,0.03,0.06436864652198121,8.578068463857896e-07,5.055060679163909e-06,2.1308234114685743e-07,4.84197833801705e-06,2.0826729933935554e-06
3797,0.7594,0.03,0.06436434418113068,8.582034215473704e-07,5.133012625029713e-06,2.471025597064449e-07,4.885910065323267e-06,2.086077462022556e-06
3798,0.7596,0.03,0.06437134828098127,8.631637476095062e-07,5.203362522909875e-06,2.906639440904691e-07,4.912698578819405e-06,2.089504293197352e-06
3799,0.7598,0.03,0.06437032004049306,8.637901039913754e-07,4.998603070205051e-06,2.0498971210851432e-07,4.793613358096536e-06,2.092880903208275e-06
3800,0.76,0.03,0.06436461100715073,8.625280543035016e-07,5.0959365506876624e-06,3.070534247016274e-07,4.788883125986034e-06,2.096285258617705e-06
3801,0.7602,0.03,0.06313094981130508,8.676559536615331e-07,5.260310760051051e-06,3.3966262176064426e-07,4.920648138290406e-06,2.09973751124608e-06
3802,0.7604,0.03,0.06312422739322875,8.748965745219947e-07,5.309488051781642e-06,3.3590239957544454e-07,4.973585652206196e-06,2.1032072599885364e-06
3803,0.7606,0.03,0.06312596309174404,8.78480937454343e-07,5.209623051326363e-06,2.3840515822223663e-07,4.971217893104126e-06,2.106654539545111e-06
3804,0.7608,0.03,0.06312063361785872,8.801657028919804e-07,5.289278451943065e-06,2.6918544578081714e-07,5.0200930061622465e-06,2.110126213154245e-06
3805,0.761,0.03,0.06311959012364841,8.876364026589027e-07,5.304763357807973e-06,1.9472981276248114e-07,5.110033545045491e-06,2.11360684486405e-06
3806,0.7612,0.03,0.06311387772667448,8.841917571208454e-07,5.317275084057022e-06,2.267347705679354e-07,5.090540313489086e-06,2.1170929252864815e-06
3807,0.7614,0.03,0.06409982148325775,8.903911947777603e-07,5.420753739625596e-06,2.5139525325246667e-07,5.1693584863731286e-06,2.1206101925680624e-06
3808,0.7616,0.03,0.06409655380499565,8.966846039157922e-07,5.305806513291107e-06,2.0974280767842168e-07,5.0960637056126845e-06,2.1241029400410313e-06
3809,0.7618,0.03,0.06409174110560649,8.992107774592181e-07,5.2639164596640215e-06,2.005919816823589e-07,5.063324477981662e-06,2.1275890109852623e-06
3810,0.762,0.03,0.0640929774147231,8.987259168433986e-07,5.449855988656615e-06,3.3186023747810867e-07,5.117995751178506e-06,2.1311261414306143e-06
3811,0.7622,0.03,0.0640903381253767,8.978267230470391e-07,5.330075290331009e-06,2.2891924613232235e-07,5.101156044198687e-06,2.1346348811036197e-06
3812,0.7624,0.03,0.06408369369703276,9.042058592823841e-07,5.453230005965342e-06,3.470727592283653e-07,5.106157246736976e-06,2.1381809611987398e-06
3813,0.7626,0.03,0.06407391367511375,9.123703669401926e-07,5.419970208970743e-06,2.159472507137847e-07,5.204022958256958e-06,2.141723471388321e-06
3814,0.7628,0.03,0.06524419128936211,9.120621612744792e-07,5.539156829206102e-06,2.981798155138034e-07,5.240977013692298e-06,2.145299768507866e-06
3815,0.763,0.03,0.06523795671373729,9.10635600039291e-07,5.508020400702683e-06,2.54194062782174e-07,5.2538263379205085e-06,2.1488705102046654e-06
3816,0.7632,0.03,0.06523814643984437,9.065218782026465e-07,5.51118429171175e-06,2.716774695313082e-07,5.239506822180441e-06,2.152443889617431e-06
3817,0.7634,0.03,0.06523491442830254,9.087502924745302e-07,5.487371840737193e-06,2.645107666656523e-07,5.22286107407154e-06,2.156014656626904e-06
3818,0.7636,0.03,0.06622939871698592,9.121798222695886e-07,5.479975253330464e-06,3.2309314158217446e-07,5.156882111748289e-06,2.159587186676682e-06
3819,0.7638,0.03,0.06622717242600878,9.106743344857704e-07,5.401940577450366e-06,2.786896796006333e-07,5.123250897849731e-06,2.1631418058317737e-06
3820,0.764,0.03,0.06622623423523384,9.119719000614372e-07,5.335410556361171e-06,2.4093870534742486e-07,5.094471851013745e-06,2.1666825423907832e-06
3821,0.7642,0.03,0.06622021503544333,9.072890172615144e-07,5.366885074762458e-06,2.490575007476711e-07,5.117827574014786e-06,2.1702330393131948e-06
3822,0.7644,0.03,0.06708963182006908,9.127363654371661e-07,5.478725063058661e-06,3.007446429281725e-07,5.177980420130488e-06,2.173816936871034e-06
3823,0.7646,0.03,0.06708693747428633,9.179807686808462e-07,5.603067484432293e-06,3.324145873083076e-07,5.270652897123985e-06,2.1774376069000703e-06
3824,0.7648,0.03,0.06707647770026431,9.202397137959309e-07,5.628979710148183e-06,3.184976128000683e-07,5.310482097348114e-06,2.1810685458126607e-06
3825,0.765,0.03,0.06706647123186016,9.270275943561301e-07,5.66963861130398e-06,2.86366476559863e-07,5.3832721347441164e-06,2.1847148868776003e-06
3826,0.7652,0.03,0.06815016303775008,9.280793013828714e-07,5.6129623479884275e-06,2.1078946141220371e-07,5.402172886576223e-06,2.1883496605120026e-06
3827,0.7654,0.03,0.06814629201866684,9.326917407531613e-07,5.6022158692544845e-06,2.1844772844187747e-07,5.383768140812606e-06,2.1919858116379376e-06
3828,0.7656,0.03,0.06813992546607539,9.322498145460907e-07,5.698137444500524e-06,3.0656327629396155e-07,5.391574168206561e-06,2.195649709993934e-06
3829,0.7658,0.03,0.06814057004920678,9.346971968578929e-07,5.730006111426968e-06,2.742949138895581e-07,5.455711197537409e-06,2.1993255653219116e-06
3830,0.766,0.03,0.06813991500673615,9.320515811686654e-07,5.662243260218879e-06,3.155699207884832e-07,5.346673339430395e-06,2.2029862565223513e-06
3831,0.7662,0.03,0.06813646658517378,9.322820025756462e-07,5.589155884141736e-06,2.3340200041452582e-07,5.355753883727209e-06,2.206631245433573e-06
3832,0.7664,0.03,0.06813512810794775,9.385486201963323e-07,5.710722737308016e-06,2.7232442151301825e-07,5.4383983157949966e-06,2.2103131414875534e-06
3833,0.7666,0.03,0.06812756439669895,9.439525129405236e-07,5.751310851422368e-06,3.007029688200417e-07,5.4506078826023255e-06,2.214010097833802e-06
3834,0.7668,0.03,0.06812213330700656,9.448473946956384e-07,5.853720541228938e-06,3.23878809530702e-07,5.529841731698235e-06,2.2177369640046856e-06
3835,0.767,0.03,0.06812161797434924,9.468522421722115e-07,5.768707640712278e-06,2.9677240973721087e-07,5.471935230975066e-06,2.221445485226016e-06
3836,0.7672,0.03,0.06812051271128004,9.493913514695451e-07,5.845181957750416e-06,2.8546788940712686e-07,5.559714068343288e-06,2.2251781644481506e-06
3837,0.7674,0.03,0.06913430880700581,9.543802995039411e-07,5.893887986408307e-06,2.977616397046648e-07,5.5961263467036414e-06,2.228927545258499e-06
3838,0.7676,0.03,0.06912762606273555,9.566261243388064e-07,5.762681920180543e-06,2.966376196801859e-07,5.466044300500356e-06,2.232646605410397e-06
3839,0.7678,0.03,0.06912400153912265,9.57578489670924e-07,5.7276253355738175e-06,2.665375030157592e-07,5.4610878325580575e-06,2.2363606406655797e-06
3840,0.768,0.03,0.06912152365457899,9.515845332467561e-07,5.753816477062539e-06,3.008987639425415e-07,5.452917713119997e-06,2.240083009459469e-06
3841,0.7682,0.03,0.07020465230490538,9.577256202175186e-07,5.654182175327123e-06,1.8162715089966914e-07,5.472555024427453e-06,2.243783894659464e-06
3842,0.7684,0.03,0.06909743814742321,9.581719142858005e-07,5.89104346239712e-06,2.831820856048743e-07,5.607861376792245e-06,2.2475504793278283e-06
3843,0.7686,0.03,0.06908915678369107,9.61279599035207e-07,5.791704918842276e-06,1.9589148669789242e-07,5.595813432144383e-06,2.251294579841048e-06
3844,0.7688,0.03,0.06797954931990087,9.452829932364362e-07,5.677785815127697e-06,3.271287579839274e-07,5.3506570571437684e-06,2.2550088121426977e-06
3845,0.769,0.03,0.06798249274412688,9.376853422569385e-07,5.546807991041396e-06,2.6464534798940726e-07,5.282162643051988e-06,2.2586900062279823e-06
3846,0.7692,0.03,0.06797485310404627,9.38645498048885e-07,5.547003939808129e-06,3.047611046206326e-07,5.242242835187496e-06,2.2623746018027185e-06
3847,0.7694,0.03,0.06886695256215987,9.41747884378749e-07,5.627059749866541e-06,2.9293605901485847e-07,5.334123690851682e-06,2.266083553506993e-06
3848,0.7696,0.03,0.07006062760154196,9.494319771053456e-07,5.716516003305424e-06,3.472179442290572e-07,5.369298059076366e-06,2.2698206522201924e-06
3849,0.7698,0.03,0.07005443008141365,9.518535155739284e-07,5.711738475797694e-06,2.774480744410101e-07,5.434290401356683e-06,2.2735603765211683e-06
3850,0.77,0.03,0.07004450108165367,9.562999105250075e-07,5.804225232487683e-06,3.0865404393837487e-07,5.495571188549307e-06,2.2773285827909898e-06
3851,0.7702,0.03,0.0700395249327687,9.582394136549476e-07,5.809062031886206e-06,3.0086676194865474e-07,5.50819526993755e-06,2.2811022973873086e-06
3852,0.7704,0.03,0.07003745790747791,9.596146349508845e-07,5.6935085599252895e-06,1.9895071300097534e-07,5.494557846924313e-06,2.2848495952134093e-06
3853,0.7706,0.03,0.07003356741172626,9.63264769579399e-07,5.793587142889696e-06,3.0102899977146306e-07,5.492558143118232e-06,2.2886272282787806e-06
3854,0.7708,0.03,0.07002959201965978,9.635444815317667e-07,5.807686024720692e-06,2.9365089010238133e-07,5.514035134618309e-06,2.292411752367766e-06
3855,0.771,0.03,0.07002917927093266,9.621412936989947e-07,5.745650751338885e-06,2.3200378208306362e-07,5.5136469692558205e-06,2.2961820895070427e-06
3856,0.7712,0.03,0.07098633339138057,9.672531991636931e-07,5.800133476007386e-06,3.0922881011561295e-07,5.490904665891772e-06,2.299971125756546e-06
3857,0.7714,0.03,0.07098214588692017,9.708773525445862e-07,5.778712554677377e-06,2.899720347674199e-07,5.488740519909956e-06,2.3037587288837837e-06
3858,0.7716,0.03,0.07097372628514442,9.754167422475153e-07,5.85831284253979e-06,2.977084072673598e-07,5.560604435272429e-06,2.3075716066002197e-06
3859,0.7718,0.03,0.07097218720844285,9.736620454404133e-07,5.827959798412873e-06,2.8775945465491127e-07,5.540200343757961e-06,2.3113792243949287e-06
3860,0.772,0.03,0.0709616228555051,9.74926486153907e-07,5.939160574328439e-06,3.8218109638658145e-07,5.556979477941857e-06,2.3152197155745157e-06
3861,0.7722,0.03,0.07095600390421307,9.813900447057533e-07,5.841921038709416e-06,2.901506725731848e-07,5.55177036613623e-06,2.319039720633894e-06
3862,0.7724,0.03,0.07094784438915638,9.90224147808286e-07,5.941626019429014e-06,3.080331487222795e-07,5.633592870706734e-06,2.322890715134448e-06
3863,0.7726,0.03,0.0709431425563234,9.955039153222464e-07,5.820519768303773e-06,1.990362111041225e-07,5.62148355719965e-06,2.3267145245608813e-06
3864,0.7728,0.03,0.07093833230926475,9.993717316774791e-07,5.979373287119335e-06,3.3314633958696064e-07,5.646226947532374e-06,2.3305848938398123e-06
3865,0.773,0.03,0.07092931132832472,9.922235119972774e-07,5.829941439929377e-06,2.674036490475735e-07,5.5625377908818026e-06,2.3344176852051054e-06
3866,0.7732,0.03,0.07092505249560997,9.852622232390911e-07,5.844970926255522e-06,3.372822340662625e-07,5.507688692189258e-06,2.338255905266846e-06
3867,0.7734,0.03,0.07092719791317606,9.817430585651569e-07,5.8160882680050605e-06,3.1498359015131733e-07,5.501104677853742e-06,2.342088713489186e-06
3868,0.7736,0.03,0.07091991534763417,9.867620511883171e-07,5.74339040678354e-06,2.2781598412803136e-07,5.515574422655508e-06,2.345907650870655e-06
3869,0.7738,0.03,0.07090819357801312,9.87411516215495e-07,5.813104307923726e-06,2.5848465876209447e-07,5.5546196491616306e-06,2.3497482799806317e-06
3870,0.774,0.03,0.07089983517709388,9.901370729743256e-07,5.787700993622547e-06,2.680778508494436e-07,5.519623142773103e-06,2.353586503986592e-06
3871,0.7742,0.03,0.07090641598775219,9.898104873594847e-07,5.8379292206632956e-06,2.724511399962069e-07,5.565478080667088e-06,2.3574409328732146e-06
3872,0.7744,0.03,0.07090552052566146,9.87547943998804e-07,5.778236790644096e-06,2.1400706220826418e-07,5.564229728435832e-06,2.361282355827055e-06
3873,0.7746,0.03,0.07089806054205514,9.926400005475755e-07,5.921236913111294e-06,3.6138876370743524e-07,5.5598481494038574e-06,2.365166274104099e-06
3874,0.7748,0.03,0.07089290166398199,9.994333065497574e-07,5.86205439870667e-06,2.511860967854888e-07,5.6108683019211806e-06,2.3690397644760502e-06
3875,0.775,0.03,0.07088377270973438,1.0000660621228156e-06,5.8597946085960945e-06,2.6906660762920396e-07,5.590728000966889e-06,2.3729155684605626e-06
3876,0.7752,0.03,0.07088007108256499,1.0004681164929774e-06,5.936301176325949e-06,3.077166970771544e-07,5.628584479248794e-06,2.3768142277219256e-06
3877,0.7754,0.03,0.07087107088937412,9.995226076573368e-07,5.839622627917258e-06,1.6766953943506763e-07,5.67195308848219e-06,2.380690880325983e-06
3878,0.7756,0.03,0.07086590739716633,9.974209134874604e-07,5.968549850060772e-06,2.523755316100393e-07,5.7161743184507314e-06,2.3846037155641617e-06
3879,0.7758,0.03,0.07190885016465161,9.9381802396203e-07,5.960065658067479e-06,3.222333902654333e-07,5.637832267802045e-06,2.388516529024108e-06
3880,0.776,0.03,0.07190840440655108,9.967768526738389e-07,6.110983633013812e-06,4.0612553350950286e-07,5.704858099504309e-06,2.3924723174742883e-06
3881,0.7762,0.03,0.0719008792734563,1.0000511232674816e-06,5.908813626877588e-06,2.576818607146233e-07,5.651131766162964e-06,2.3963792971243205e-06
3882,0.7764,0.03,0.07189420435936256,1.0045016015667532e-06,5.958736671260284e-06,2.890878986402265e-07,5.669648772620056e-06,2.4003023740157684e-06
3883,0.7766,0.03,0.07189203020331762,1.0100126326676876e-06,6.081918786475563e-06,3.1566087086940646e-07,5.7662579156061555e-06,2.4042631058401244e-06
3884,0.7768,0.03,0.0718935900130851,1.0067059097425432e-06,5.939953602547699e-06,2.366814850465243e-07,5.703272117501174e-06,2.4081897430749288e-06
3885,0.777,0.03,0.07299314471554848,1.0106666038656361e-06,5.959612956648162e-06,2.798049642834969e-07,5.679807992364664e-06,2.412125903405754e-06
3886,0.7772,0.03,0.07298871709888234,1.0125520778890576e-06,6.0142355454204126e-06,3.895734150091711e-07,5.624662130411241e-06,2.4160801005538175e-06
3887,0.7774,0.03,0.07297322126323777,1.0081356463686767e-06,5.850237638193785e-06,2.6737659687589537e-07,5.582861041317889e-06,2.4199937232736e-06
3888,0.7776,0.03,0.07297221981100303,1.0158095343376332e-06,5.874785149413595e-06,2.8600321189835165e-07,5.588781937515242e-06,2.4239197561415975e-06
3889,0.7778,0.03,0.07296370192680914,1.0188196410014106e-06,6.077129979307815e-06,3.8500598088108257e-07,5.692123998426732e-06,2.4279028654247733e-06
3890,0.778,0.03,0.0729573334654816,1.0262902859093683e-06,6.146171027430657e-06,3.812940496795585e-07,5.7648769777510974e-06,2.431908871436695e-06
3891,0.7782,0.03,0.07294928699400702,1.0299998606114593e-06,5.979300825105844e-06,2.176925771297503e-07,5.761608247976093e-06,2.4358758010633327e-06
3892,0.7784,0.03,0.0729519788810431,1.0259043284351166e-06,6.076878329298361e-06,3.0235939203357626e-07,5.774518937264784e-06,2.439870564026871e-06
3893,0.7786,0.03,0.07295190867116731,1.0232745854697844e-06,6.1102197499048005e-06,3.6415021150903796e-07,5.746069538395762e-06,2.4438765606902214e-06
3894,0.7788,0.03,0.07407375235286935,1.0206634064860896e-06,6.1578034466190936e-06,3.2776911781401656e-07,5.830034328805076e-06,2.4478972499306575e-06
3895,0.779,0.03,0.07407205678051959,1.022105585256988e-06,6.093842057605692e-06,2.31952377211042e-07,5.861889680394649e-06,2.4519063811348e-06
3896,0.7792,0.03,0.07407030522775583,1.0267536032701654e-06,6.4081769570783515e-06,4.741878438294492e-07,5.9339891132489015e-06,2.4560018799647333e-06
3897,0.7794,0.03,0.07519274701592725,1.0347281113668697e-06,6.406582693597385e-06,4.170037079202953e-07,5.989578985677089e-06,2.4601021344928955e-06
3898,0.7796,0.03,0.07519540778956983,1.0392826034528618e-06,6.420296852628374e-06,2.988657695839374e-07,6.121431083044436e-06,2.4642099041789213e-06
3899,0.7798,0.03,0.0751836871561818,1.0432603203425413e-06,6.363629395913025e-06,2.7613540549603487e-07,6.087493990416989e-06,2.4683073968553685e-06
3900,0.78,0.03,0.07400105632889005,1.0464258961345992e-06,6.506729202828043e-06,3.38963865656238e-07,6.167765337171804e-06,2.4724476944835637e-06
3901,0.7802,0.03,0.07399577928054361,1.0501266650107871e-06,6.4625156727192534e-06,2.550462704702965e-07,6.207469402248956e-06,2.4765806930797374e-06
3902,0.7804,0.03,0.07398943639333783,1.0532534914277327e-06,6.455095928628458e-06,2.901862977857523e-07,6.164909630842704e-06,2.480715897213867e-06
3903,0.7806,0.03,0.07398672790352592,1.0559233491038075e-06,6.500533529508069e-06,3.4949320537260235e-07,6.151040324135465e-06,2.484866913954333e-06
3904,0.7808,0.03,0.07398905404813674,1.0524455171370378e-06,6.306385679222093e-06,2.7086050206708644e-07,6.0355251771550056e-06,2.4889705318229376e-06
3905,0.781,0.03,0.073972746285349,1.0616866432552274e-06,6.377292339904436e-06,2.73051898176833e-07,6.104240441727602e-06,2.4930986092058284e-06
3906,0.7812,0.03,0.07396795430176556,1.0651040460346405e-06,6.527213293058732e-06,2.445435144050544e-07,6.282669778653677e-06,2.4972701282459054e-06
3907,0.7814,0.03,0.0739638441645331,1.0678840933100193e-06,6.587437384835273e-06,2.9036919209348364e-07,6.297068192741788e-06,2.5014618185953357e-06
3908,0.7816,0.03,0.07395945373385567,1.0645053696252706e-06,6.616381304575584e-06,3.418372373660934e-07,6.2745440672094896e-06,2.505663534358425e-06
3909,0.7818,0.03,0.07395947596774245,1.0686185734064934e-06,6.61988349540861e-06,2.9253279784201107e-07,6.327350697566598e-06,2.5098703853417667e-06
3910,0.782,0.03,0.07395720102929353,1.074184388719642e-06,6.650135354667616e-06,2.488893455344107e-07,6.4012460091332046e-06,2.514090021390201e-06
3911,0.7822,0.03,0.07498574631567949,1.0830981496588722e-06,6.824544667765479e-06,4.1202777831526233e-07,6.4125168894502156e-06,2.518360524616412e-06
3912,0.7824,0.03,0.07617195557334416,1.0964228536114652e-06,6.928212182623494e-06,3.934906422249868e-07,6.534721540398506e-06,2.5226645598148714e-06
3913,0.7826,0.03,0.0761662642121057,1.103040692589373e-06,6.998615218645707e-06,4.667666372534856e-07,6.53184858139222e-06,2.5269926882707196e-06
3914,0.7828,0.03,0.07616373466296382,1.1091076362442412e-06,7.089928914865463e-06,4.815208420248303e-07,6.608408072840632e-06,2.5313474808130835e-06
3915,0.783,0.03,0.07616465893941085,1.1094922747195209e-06,6.851347791256902e-06,2.0753408743745947e-07,6.643813703819442e-06,2.535643718724534e-06
3916,0.7832,0.03,0.076151667713488,1.1177676082049648e-06,7.080375424290264e-06,3.0220517927872984e-07,6.778170245011533e-06,2.5400053169326536e-06
3917,0.7834,0.03,0.07615142224357614,1.1232919646612295e-06,7.118932784417773e-06,2.980572612365584e-07,6.820875523181214e-06,2.544381788545435e-06
3918,0.7836,0.03,0.07709472070367536,1.131424508228799e-06,7.255844159949276e-06,3.620021281103843e-07,6.89384203183889e-06,2.5487998795318415e-06
3919,0.7838,0.03,0.07709178585048947,1.1329636477325822e-06,7.208236916556526e-06,3.3907635153305333e-07,6.8691605650234715e-06,2.5532098388724226e-06
3920,0.784,0.03,0.07709042297948301,1.1309254256675067e-06,7.12677298584749e-06,2.609739000867542e-07,6.865799085760735e-06,2.5576019633169584e-06
3921,0.7842,0.03,0.07709566756940972,1.1330172790203727e-06,7.259348126374251e-06,3.5869560617069964e-07,6.90065252020355e-06,2.5620331124495365e-06
3922,0.7844,0.03,0.0770905224304071,1.1452052781629873e-06,7.255992545823403e-06,3.7681541679930974e-07,6.879177129024093e-06,2.5664700450840125e-06
3923,0.7846,0.03,0.07709136824677917,1.1512571738359926e-06,7.274799222736913e-06,2.9948113028289434e-07,6.975318092454018e-06,2.570915737541978e-06
3924,0.7848,0.03,0.0770824352662604,1.1541186255436933e-06,7.184982697132559e-06,3.256798670728179e-07,6.85930283005974e-06,2.57534181081305e-06
3925,0.785,0.03,0.07708129717091086,1.1494231697698179e-06,7.183800935109286e-06,2.544138867613754e-07,6.92938704834791e-06,2.579770211941801e-06
3926,0.7852,0.03,0.07707928344093666,1.1500148523812371e-06,7.304704225435057e-06,3.709503989857259e-07,6.93375382644933e-06,2.5842336670089896e-06
3927,0.7854,0.03,0.07707808722195064,1.1483263822259656e-06,7.299857255835788e-06,4.4573094650202324e-07,6.854126309333765e-06,2.5886992075266614e-06
3928,0.7856,0.03,0.07707178684424451,1.1551425928577446e-06,7.292198498724904e-06,3.509571549882297e-07,6.941241343736673e-06,2.5931683058230205e-06
3929,0.7858,0.03,0.0770753572915543,1.1651692608887186e-06,7.418633856420156e-06,3.2360085398556363e-07,7.095033002434591e-06,2.5976774688302144e-06
3930,0.786,0.03,0.07603695427671187,1.1723139505925226e-06,7.49025603813083e-06,3.353146428468172e-07,7.154941395284012e-06,2.60221154910844e-06
3931,0.7862,0.03,0.07603145162290426,1.1836242316493387e-06,7.537793821058731e-06,3.7489382070331065e-07,7.16290000035542e-06,2.606765072366716e-06
3932,0.7864,0.03,0.07725100528824062,1.201771880773063e-06,7.671060907542039e-06,3.3038246442414356e-07,7.340678443117894e-06,2.611361920495641e-06
3933,0.7866,0.03,0.07724883907167818,1.2028377644335838e-06,7.705724138356473e-06,4.035136015726818e-07,7.3022105367837895e-06,2.6159726698297927e-06
3934,0.7868,0.03,0.0772457031365292,1.2148163450803132e-06,7.584355024231825e-06,2.9638021734132464e-07,7.2879748068905e-06,2.6205583818509272e-06
3935,0.787,0.03,0.07724238052550936,1.216199847229821e-06,7.650078110949545e-06,2.759921122714382e-07,7.3740859986781054e-06,2.6251653987422807e-06
3936,0.7872,0.03,0.07723634717883915,1.217728507969841e-06,7.856661074702213e-06,4.444044177339864e-07,7.412256656968224e-06,2.629830168648509e-06
3937,0.7874,0.03,0.0772294768807715,1.225978673601381e-06,7.825417837964195e-06,3.544279462161661e-07,7.4709898917480275e-06,2.6344934809268052e-06
3938,0.7876,0.03,0.07722538203303471,1.2291038609836655e-06,7.823368530780927e-06,3.569713324306547e-07,7.466397198350271e-06,2.639160864354342e-06
3939,0.7878,0.03,0.07721826227578724,1.2389495355215225e-06,7.844186158297947e-06,3.5348539500213537e-07,7.49070076329581e-06,2.643839396913016e-06
3940,0.788,0.03,0.07720683572602417,1.2346805890848185e-06,7.846411115204548e-06,4.1870134638834287e-07,7.427709768816203e-06,2.6485209847349675e-06
3941,0.7882,0.03,0.07720525946710702,1.2301591375506443e-06,7.744472947010494e-06,3.5631244135091056e-07,7.388160505659582e-06,2.653178566151079e-06
3942,0.7884,0.03,0.07720047576949986,1.2296013210670794e-06,7.885580167607395e-06,3.978610758804592e-07,7.487719091726933e-06,2.6578765769815864e-06
3943,0.7886,0.03,0.077187207865352,1.230268883561716e-06,7.846840245603134e-06,3.85917394591521e-07,7.460922851011611e-06,2.662569838500856e-06
3944,0.7888,0.03,0.07718004250041749,1.23059143842537e-06,7.750465758836527e-06,3.058779604001596e-07,7.444587798436365e-06,2.6672419784422173e-06
3945,0.789,0.03,0.07717388233094749,1.2354620784725653e-06,7.904076875146715e-06,3.7841883641444675e-07,7.525658038732267e-06,2.6719596401020007e-06
3946,0.7892,0.03,0.07716103584562206,1.2339528602309152e-06,7.709221309507573e-06,2.5055250545364555e-07,7.4586688040539265e-06,2.676629511114217e-06
3947,0.7894,0.03,0.0771524222174065,1.2373121522389108e-06,7.644140426411757e-06,2.9871225756923863e-07,7.345428168842517e-06,2.6812869020259867e-06
3948,0.7896,0.03,0.07714465792363207,1.243628768278054e-06,7.923970661305948e-06,4.081586171553262e-07,7.5158120441506196e-06,2.6860230935231792e-06
3949,0.7898,0.03,0.07713467116784722,1.2542569091312813e-06,7.796376255161978e-06,2.8103261417830396e-07,7.515343640983673e-06,2.6907316072861272e-06
3950,0.79,0.03,0.07829900104925845,1.2567575124487644e-06,7.922815047805715e-06,4.30610949171132e-07,7.492204098634582e-06,2.6954771588676474e-06
3951,0.7902,0.03,0.0782900524879641,1.256917610258249e-06,7.829053636001054e-06,3.4206390608574797e-07,7.486989729915305e-06,2.7002023329125183e-06
3952,0.7904,0.03,0.0782967040174091,1.2548930003566022e-06,7.897128803149479e-06,4.3125706388803707e-07,7.465871739261441e-06,2.7049478667579652e-06
3953,0.7906,0.03,0.07948083128666643,1.2621414680704787e-06,7.894407491131864e-06,3.802586065113765e-07,7.514148884620485e-06,2.709698688535298e-06
3954,0.7908,0.03,0.07948015957762386,1.2591858718819687e-06,7.723077223707664e-06,2.751060763013251e-07,7.447971147406337e-06,2.714407600942269e-06
3955,0.791,0.03,0.07947828088962058,1.2559199043333105e-06,7.747985790329814e-06,3.643937397812658e-07,7.383592050548546e-06,2.7191265246323025e-06
3956,0.7912,0.03,0.08061031819214513,1.251586043710793e-06,7.674794259679812e-06,3.7803897115670426e-07,7.296755288523106e-06,2.723828675241334e-06
3957,0.7914,0.03,0.08164586159669542,1.2540317987637642e-06,7.698565129711592e-06,3.2715137941514243e-07,7.3714137502964475e-06,2.7285416743264537e-06
3958,0.7916,0.1,0.08163475090132408,1.068729398417716e-06,7.67507164750964e-06,3.369255354747681e-07,7.3381461120348695e-06,2.7332515557507887e-06
3959,0.7918,0.03,0.08162708048058381,1.2479594491262256e-06,7.835496471920724e-06,3.937291544401345e-07,7.441767317480588e-06,2.73800640974148e-06
3960,0.792,0.1,0.08162431424308679,1.0637091260455568e-06,7.614434084563393e-06,2.755553824851945e-07,7.3388787020781974e-06,2.7427080441766957e-06
3961,0.7922,0.03,0.08161969178621163,1.2469776773603339e-06,7.771644949268796e-06,4.2344419428386674e-07,7.3482007549849276e-06,2.747452836869804e-06
3962,0.7924,0.1,0.08160567161290849,1.0631282556647338e-06,7.796498224040555e-06,4.394567856335663e-07,7.357041438406986e-06,2.7522090217678113e-06
3963,0.7926,0.1,0.08265392693475876,1.0573161466982636e-06,7.4354272329613075e-06,1.8851800352753437e-07,7.246909229433773e-06,2.756873831634807e-06
3964,0.7928,0.03,0.08263847063731368,1.2449246485441282e-06,7.63424147003771e-06,3.289836403952932e-07,7.305257829642415e-06,2.761594287291182e-06
3965,0.793,0.03,0.08263462841142616,1.247537442874257e-06,7.682199870421034e-06,3.446264626600499e-07,7.3375734077609825e-06,2.7663314344088094e-06
3966,0.7932,0.03,0.08262701316533824,1.248306079348042e-06,7.67920259319149e-06,3.222907541323382e-07,7.356911839059149e-06,2.771071761553512e-06
3967,0.7934,0.03,0.08261569703546792,1.2528011626037211e-06,7.790021716972232e-06,3.196960193260031e-07,7.4703256976462275e-06,2.775846613635371e-06
3968,0.7936,0.03,0.08261114869031537,1.2574140366766566e-06,7.926914826617012e-06,4.10538159390097e-07,7.516376667226914e-06,2.780662915840922e-06
3969,0.7938,0.03,0.08261153669470515,1.2562645833274942e-06,7.899458512500218e-06,3.640833437969127e-07,7.535375168703304e-06,2.785475280189701e-06
3970,0.794,0.03,0.08260358228777553,1.2605081025885162e-06,7.887396328751003e-06,4.262399925555549e-07,7.461156336195446e-06,2.7902896888880718e-06
3971,0.7942,0.03,0.08368373772478443,1.2689117384236294e-06,7.864754470076222e-06,3.578058728035785e-07,7.506948597272641e-06,2.7951041114395024e-06
3972,0.7944,0.03,0.08368130498986656,1.260739296038919e-06,7.806672751066704e-06,3.6359530974937717e-07,7.443077441317325e-06,2.799905556586067e-06
3973,0.7946,0.1,0.0836811163305464,1.0748803978382994e-06,7.829025588608364e-06,4.192940890395357e-07,7.409731499568828e-06,2.804717956247971e-06
3974,0.7948,0.03,0.08367065593089101,1.2754129304026706e-06,7.855812041409089e-06,2.7778861112674513e-07,7.578023430282343e-06,2.8095430786412367e-06
3975,0.795,0.1,0.08365886205760337,1.0764831991174698e-06,7.866238504147524e-06,4.3012751119347056e-07,7.436110992954051e-06,2.8143734051008114e-06
3976,0.7952,0.1,0.08365200880856048,1.076080955005043e-06,7.678736353840118e-06,2.87349695101734e-07,7.391386658738381e-06,2.819159011192215e-06
3977,0.7954,0.1,0.08364450146842281,1.0865680473804217e-06,7.776184231894334e-06,3.6307563623050254e-07,7.41310859566383e-06,2.823976625459437e-06
3978,0.7956,0.1,0.08364163576713646,1.10172827933118e-06,7.924744867970617e-06,3.619818060163297e-07,7.562763061954285e-06,2.8288407432181593e-06
3979,0.7958,0.1,0.08363031244320007,1.1026648773768844e-06,7.729329504798823e-06,2.6624383282548545e-07,7.463085671973335e-06,2.833658133026581e-06
3980,0.796,0.1,0.0836301918717082,1.1083777210806145e-06,7.843542914329658e-06,2.87008931106083e-07,7.556533983223573e-06,2.838510569239075e-06
3981,0.7962,0.1,0.08362219846594733,1.108681936921051e-06,7.857299471089294e-06,3.4610461822730895e-07,7.511194852861984e-06,2.843368677407544e-06
3982,0.7964,0.1,0.08362004005367923,1.1249220635342969e-06,8.12628208980303e-06,4.2038076007769543e-07,7.705901329725333e-06,2.8483055267439823e-06
3983,0.7966,0.1,0.08361269725366248,1.1279407816512183e-06,8.096383880832833e-06,3.132021879868572e-07,7.783181692845973e-06,2.8532393320300824e-06
3984,0.7968,0.1,0.08360898869437651,1.124497920893163e-06,7.99084937213206e-06,3.0599814916966903e-07,7.68485122296239e-06,2.858148659207182e-06
3985,0.797,0.1,0.08361552334048199,1.1250859658576986e-06,8.122703397446618e-06,4.326420991321659e-07,7.690061298314451e-06,2.8630944598077324e-06
3986,0.7972,0.1,0.08360727977454782,1.131656527092281e-06,7.984733540939476e-06,2.208209592930721e-07,7.763912581646401e-06,2.868010164073271e-06
3987,0.7974,0.1,0.08360020715751579,1.1333232539789143e-06,8.032946127021836e-06,3.309615012145329e-07,7.701984625807303e-06,2.8729430076523266e-06
3988,0.7976,0.1,0.08461706541197662,1.1367486155779108e-06,8.154605537967415e-06,3.972881278006319e-07,7.757317410166781e-06,2.8779125909832313e-06
3989,0.7978,0.1,0.08461591913474951,1.1471551602678659e-06,8.183532754662008e-06,2.8915065527779537e-07,7.894382099384211e-06,2.8828964724451953e-06
3990,0.798,0.1,0.08460776081056738,1.157517644727459e-06,8.318665218174205e-06,3.8428571184624803e-07,7.934379506327955e-06,2.8879222138470007e-06
3991,0.7982,0.1,0.08459452391335467,1.166589737727806e-06,8.355422767433378e-06,4.114277690932722e-07,7.943994998340104e-06,2.892963964464809e-06
3992,0.7984,0.03,0.08458245867181817,1.3630463213659745e-06,8.531244725053182e-06,5.167455092159707e-07,8.01449921583721e-06,2.898054546207573e-06
3993,0.7986,0.03,0.08456865078483175,1.367892641745871e-06,8.712285121099936e-06,5.413835388500774e-07,8.170901582249858e-06,2.9031977152082683e-06
3994,0.7988,0.03,0.0845551105476714,1.3700446537057278e-06,8.501956818429526e-06,4.0271782758082945e-07,8.099238990848695e-06,2.9082908800408724e-06
3995,0.799,0.03,0.08454867020749504,1.3693085452315783e-06,8.398980824923663e-06,3.033993839341193e-07,8.095581440989542e-06,2.9133610410387064e-06
3996,0.7992,0.03,0.08454169010034897,1.372471411004741e-06,8.564698359061573e-06,3.6415433161120355e-07,8.200544027450369e-06,2.918479428021566e-06
3997,0.7994,0.1,0.08454195115523241,1.1726837810081848e-06,8.68765628383912e-06,4.1741315631291757e-07,8.270243127526201e-06,2.923634084279323e-06
3998,0.7996,0.1,0.08454096079102764,1.1708142203758323e-06,8.639727871282235e-06,4.4352664264055326e-07,8.196201228641681e-06,2.9287798914176578e-06
3999,0.7998,0.1,0.0845450502438348,1.174988758682558e-06,8.63399291548248e-06,3.8486821434254765e-07,8.24912470113993e-06,2.933929662613213e-06
4000,0.8,0.1,0.08453105499235464,1.1798057170888711e-06,8.673743471972334e-06,4.179548670570984e-07,8.255788604915234e-06,2.939096110094984e-06
4001,0.8002,0.1,0.084519261992759,1.185779545047384e-06,8.68967512667111e-06,4.706699814257488e-07,8.21900514524536e-06,2.944272803759857e-06
4002,0.8004,0.03,0.08450953326984932,1.3912167330225943e-06,8.612327219963624e-06,3.627605840714956e-07,8.249566635892126e-06,2.949435014710614e-06
4003,0.8006,0.1,0.08557601360677825,1.1911312970240331e-06,8.546467426496901e-06,3.4724476177641045e-07,8.199222664720489e-06,2.9545849784438935e-06
4004,0.8008,0.1,0.08658673121055585,1.1936806853032224e-06,8.453768544727538e-06,4.1034630827546646e-07,8.04342223645207e-06,2.9597167880254327e-06
4005,0.801,0.1,0.08657006223406556,1.1876645987733379e-06,8.274399590742372e-06,2.9247934509564515e-07,7.981920245646726e-06,2.964804711760796e-06
4006,0.8012,0.1,0.08657011281846962,1.1821390531617818e-06,8.271049849264926e-06,3.179064640161291e-07,7.953143385248795e-06,2.9698944819032687e-06
4007,0.8014,0.1,0.08657146211424775,1.180728625023229e-06,8.169812965305583e-06,3.456352689770466e-07,7.824177696328534e-06,2.9749628257271e-06
4008,0.8016,0.1,0.08655389821645723,1.1751338127994778e-06,8.418430519603445e-06,4.624309834844142e-07,7.95599953611903e-06,2.980099507494344e-06
4009,0.8018,0.1,0.08655016787157147,1.171225216916594e-06,8.267375407261381e-06,3.7614356893246364e-07,7.891231838328916e-06,2.985200172763101e-06
4010,0.802,0.1,0.08775223242292002,1.1662174284752728e-06,8.177555741686185e-06,3.152572693506509e-07,7.862298472335533e-06,2.9902802600069524e-06
4011,0.8022,0.1,0.08774824514256041,1.160700918370263e-06,8.217258552438443e-06,3.7862258089045564e-07,7.838635971547985e-06,2.9953714184406753e-06
4012,0.8024,0.1,0.08773675618680594,1.1659786019612838e-06,8.321514354911794e-06,4.17819228319871e-07,7.903695126591922e-06,3.0004953799225288e-06
4013,0.8026,0.1,0.08772814639080635,1.1671228258549056e-06,8.187760988448403e-06,2.3499667896144044e-07,7.952764309486961e-06,3.0055892430718323e-06
4014,0.8028,0.1,0.08772053989255164,1.172145625406433e-06,8.237121707476922e-06,3.6241316155703587e-07,7.874708545919885e-06,3.010702320240705e-06
4015,0.803,0.1,0.08865600161564635,1.1693326396640824e-06,8.218778216149005e-06,3.0621574369561666e-07,7.912562472453386e-06,3.0158141787233373e-06
4016,0.8032,0.1,0.08864484273912204,1.1913259897361213e-06,8.591183619525404e-06,3.402241503412004e-07,8.250959469184201e-06,3.0210331516500233e-06
4017,0.8034,0.1,0.08864266963783493,1.1955960515818881e-06,8.795162161980724e-06,4.699015235900135e-07,8.32526063839071e-06,3.0263107364237605e-06
4018,0.8036,0.1,0.08976648822441188,1.2003388044959923e-06,8.903351543658288e-06,4.75871987939263e-07,8.427479555719024e-06,3.0316221942227326e-06
4019,0.8038,0.1,0.08974968949534352,1.1960027653287532e-06,8.865100728801724e-06,4.3805318886448003e-07,8.427047539937243e-06,3.036927385445532e-06
4020,0.804,0.1,0.08975018407654989,1.1911287774390227e-06,8.729513773270656e-06,3.203008914439004e-07,8.409212881826754e-06,3.0422004767650913e-06
4021,0.8042,0.1,0.08975489814880347,1.190841556121265e-06,8.887745064230803e-06,4.945897659056526e-07,8.393155298325148e-06,3.0475190679746426e-06
4022,0.8044,0.1,0.08974072234350228,1.1951179201666376e-06,8.779730711327387e-06,3.244499860714109e-07,8.455280725255975e-06,3.0528148761861698e-06
4023,0.8046,0.1,0.09076588151594026,1.194851843183497e-06,8.845237744805096e-06,4.937304910460811e-07,8.351507253759013e-06,3.0581325208501494e-06
4024,0.8048,0.1,0.09076206203095426,1.1847620892943832e-06,8.63379603030467e-06,3.1973959779672607e-07,8.314056432507942e-06,3.063396747083404e-06
4025,0.805,0.1,0.09075610771061432,1.1809422310570847e-06,8.812107303971802e-06,5.302341905029379e-07,8.281873113468863e-06,3.0687105786778415e-06
4026,0.8052,0.1,0.09180537275289127,1.1824508643503711e-06,8.691595604770077e-06,3.9430727099095664e-07,8.297288333779118e-06,3.07399785744974e-06
4027,0.8054,0.1,0.09178554505657582,1.185686863292436e-06,8.749968423957053e-06,5.209726580510484e-07,8.228995765906002e-06,3.0793055340987914e-06
4028,0.8056,0.1,0.09177699949743533,1.1885722472082697e-06,8.667469045765471e-06,3.402995078151712e-07,8.327169537950299e-06,3.084596813336482e-06
4029,0.8058,0.1,0.09176528171431851,1.196480660051386e-06,8.809900015186308e-06,4.754948558813068e-07,8.334405159305e-06,3.0899314544870603e-06
4030,0.806,0.1,0.09175398580396611,1.1992792540580353e-06,8.711040892521274e-06,4.5272718434913735e-07,8.258313708172135e-06,3.0952454551444185e-06
4031,0.8062,0.1,0.09173496879154018,1.2037277808997317e-06,8.689072582422765e-06,3.0878966786021353e-07,8.38028291456255e-06,3.100559469393629e-06
4032,0.8064,0.1,0.09171945050057864,1.2074883153785748e-06,8.84991777839625e-06,4.0048448152040725e-07,8.44943329687584e-06,3.1059208709649597e-06
4033,0.8066,0.1,0.09170848716968989,1.2118724039015869e-06,8.975740866719142e-06,4.960627392357687e-07,8.479678127483372e-06,3.1113205339359956e-06
4034,0.8068,0.1,0.09169811712849149,1.2110753020319794e-06,8.895315143221174e-06,4.245188212378161e-07,8.470796321983357e-06,3.116703322387028e-06
4035,0.807,0.1,0.09169044263652476,1.2109959540442806e-06,8.849368066770507e-06,4.597444440069472e-07,8.38962362276356e-06,3.1220783733813223e-06
4036,0.8072,0.1,0.09167239728721736,1.2131411100850058e-06,8.795056641884018e-06,4.281337880797095e-07,8.366922853804308e-06,3.127444105580958e-06
4037,0.8074,0.1,0.09168154791602127,1.2124229071183282e-06,8.793446886577696e-06,3.677565221591957e-07,8.425690364418498e-06,3.132813510727697e-06
4038,0.8076,0.1,0.09167061607440484,1.2177145691975751e-06,9.02208349250428e-06,5.311529101286963e-07,8.49093058237558e-06,3.1382482177707654e-06
4039,0.8078,0.1,0.09164737967975374,1.2162210694185802e-06,8.75302604410416e-06,3.5969422588714577e-07,8.393331818217013e-06,3.1436170015404765e-06
4040,0.808,0.1,0.09164096331070302,1.2146851733699733e-06,8.74158066599213e-06,4.0185069737465834e-07,8.33972996861747e-06,3.1489872143629606e-06
4041,0.8082,0.1,0.09162415672362431,1.22030586057914e-06,8.595007950198363e-06,2.88830529306838e-07,8.306177420891523e-06,3.154325058302529e-06
4042,0.8084,0.1,0.0916201869980612,1.2172965683997407e-06,8.712777348329556e-06,4.150459575201239e-07,8.297731390809431e-06,3.1596968619809526e-06
4043,0.8086,0.1,0.0926947255216319,1.2186922885670806e-06,8.707366579213627e-06,4.4440755667874716e-07,8.26295902253488e-06,3.1650717578844027e-06
4044,0.8088,0.1,0.09267975080587544,1.2233434752417445e-06,8.709401321194232e-06,3.612499691961356e-07,8.348151351998096e-06,3.1704526628885765e-06
4045,0.809,0.1,0.09266682422824421,1.2317268022205746e-06,8.674197277442881e-06,3.0870847326844563e-07,8.365488804174434e-06,3.1758311186078856e-06
4046,0.8092,0.1,0.09374771113534114,1.2474108451354037e-06,9.067677071000641e-06,4.14758340142045e-07,8.652918730858595e-06,3.1813206079116025e-06
4047,0.8094,0.1,0.09373124515148877,1.2663554950012291e-06,9.32823092873593e-06,4.63361603313584e-07,8.864869325422344e-06,3.1868867617438987e-06
4048,0.8096,0.1,0.09371606610267573,1.2702875521659512e-06,9.511942538956439e-06,5.400088697597943e-07,8.971933669196643e-06,3.1925062857716836e-06
4049,0.8098,0.1,0.09370011111892915,1.2670107796636907e-06,9.392900326624247e-06,4.719113788003806e-07,8.920988947823865e-06,3.1980984106986144e-06
4050,0.81,0.1,0.09369333085349069,1.2746176107282133e-06,9.329382167800623e-06,3.1261627892897306e-07,9.016765888871649e-06,3.203680506438454e-06
4051,0.8102,0.1,0.09369080090630157,1.2812494410778713e-06,9.57704527799482e-06,4.601157887125457e-07,9.116929489282273e-06,3.20933438330938e-06
4052,0.8104,0.1,0.09368800873126706,1.282910980206358e-06,9.70901330221805e-06,6.27271212991735e-07,9.081742089226315e-06,3.2150273443908746e-06
4053,0.8106,0.1,0.09367739900400837,1.2817305511572232e-06,9.483437917408337e-06,5.116657761490708e-07,8.971772141259264e-06,3.2206658209422784e-06
4054,0.8108,0.1,0.09367914826073215,1.2852927435494032e-06,9.123762623822107e-06,2.652174840673943e-07,8.85854513975471e-06,3.2262161744641e-06
4055,0.811,0.1,0.0936754713127794,1.2804097924396813e-06,9.352927587280332e-06,5.80606057010082e-07,8.772321530270248e-06,3.2318300146296097e-06
4056,0.8112,0.1,0.09367530816978017,1.2880367922540852e-06,9.18722013218439e-06,4.220481822938405e-07,8.765171949890548e-06,3.237407968811101e-06
4057,0.8114,0.1,0.09366480465658351,1.2915992316105482e-06,9.308204535250923e-06,5.021703975742848e-07,8.806034137676637e-06,3.243023828505238e-06
4058,0.8116,0.1,0.09365478935684905,1.2893621627523807e-06,9.128094833521178e-06,3.7987338915845126e-07,8.748221444362725e-06,3.2485966600427123e-06
4059,0.8118,0.1,0.09590462221609139,1.2943731822401416e-06,9.271922848892037e-06,4.851583187142416e-07,8.786764530177795e-06,3.254212697015342e-06
4060,0.812,0.1,0.09589404039579309,1.3009790646987088e-06,9.138556289782098e-06,3.5561175620574484e-07,8.78294453357635e-06,3.2598001566607342e-06
4061,0.8122,0.1,0.09588910502972461,1.2960869577118223e-06,9.180237846466372e-06,3.373116524076947e-07,8.842926194058676e-06,3.2654013523532453e-06
4062,0.8124,0.1,0.09588075734844703,1.2939924945411964e-06,9.266610264594732e-06,4.569782466964229e-07,8.809632017898308e-06,3.271028845563424e-06
4063,0.8126,0.1,0.09688443605796097,1.2959263654352983e-06,9.226358832573885e-06,3.5236957621491997e-07,8.873989256358963e-06,3.2766526360001106e-06
4064,0.8128,0.1,0.09687073116346545,1.2923366511903067e-06,9.095550004946803e-06,4.07932116167863e-07,8.687617888778938e-06,3.2822469310412096e-06
4065,0.813,0.1,0.09686200300490047,1.2892678851689369e-06,9.123311769788141e-06,4.387685804009729e-07,8.684543189387167e-06,3.2878521448890923e-06
4066,0.8132,0.1,0.0977696930790736,1.2809819734106302e-06,8.987247441264709e-06,4.154411634978741e-07,8.571806277766833e-06,3.293424224070825e-06
4067,0.8134,0.1,0.09776010148534488,1.2813495110020306e-06,8.759906736342674e-06,3.6217545040021305e-07,8.397731285942459e-06,3.2989416829806144e-06
4068,0.8136,0.1,0.09775357340749159,1.2840292605187375e-06,8.790361692794812e-06,2.9932812975631896e-07,8.491033563038491e-06,3.3044731325788723e-06
4069,0.8138,0.1,0.09774564000722279,1.2923575224658378e-06,8.730991313967153e-06,2.4489239980707325e-07,8.486098914160079e-06,3.309995656977314e-06
4070,0.814,0.1,0.0988361502612403,1.3040807198874641e-06,9.102687020344823e-06,5.845382311159985e-07,8.518148789228822e-06,3.315622176829253e-06
4071,0.8142,0.1,0.09882023628424078,1.3099046510805327e-06,8.920292281370787e-06,4.1562700145977864e-07,8.504665279911007e-06,3.3212059027450456e-06
4072,0.8144,0.1,0.09880732746430645,1.3193121564260324e-06,9.004945382731943e-06,5.156499182985384e-07,8.489295464433403e-06,3.3268185555698547e-06
4073,0.8146,0.1,0.09879393660456344,1.3191355318112787e-06,8.944711277949583e-06,4.392468634781912e-07,8.50546441447139e-06,3.3324199647084724e-06
4074,0.8148,0.1,0.09878288307877511,1.3226670175299101e-06,8.84851186091072e-06,3.642916308271419e-07,8.484220230083577e-06,3.338001876146853e-06
4075,0.815,0.1,0.09878065413172879,1.3189442653673607e-06,8.812636657153657e-06,3.850884143551226e-07,8.427548242798533e-06,3.343577710252073e-06
4076,0.8152,0.1,0.09877736859722944,1.3196128739277281e-06,8.976805195349405e-06,4.4629607945168544e-07,8.530509115897718e-06,3.3492006142228145e-06
4077,0.8154,0.1,0.09974636789460098,1.3197744633652945e-06,8.715655107481748e-06,2.395202542992968e-07,8.476134853182449e-06,3.3547608674973634e-06
4078,0.8156,0.1,0.0997371336687223,1.328305762822688e-06,8.969266235368175e-06,2.9840602502045867e-07,8.670860210347714e-06,3.3603937268832897e-06
4079,0.8158,0.1,0.09972655899137622,1.332785810699629e-06,9.142434001938588e-06,4.538522015352729e-07,8.688581800403312e-06,3.3660772741644165e-06
4080,0.816,0.1,0.10087475389145052,1.3273192271785752e-06,9.124734712299003e-06,5.190615670293105e-07,8.605673145269692e-06,3.3717599783052753e-06
4081,0.8162,0.1,0.10200022418815992,1.3362182894276745e-06,9.218941974853929e-06,4.555099493458281e-07,8.763432025508098e-06,3.3774740328691067e-06
4082,0.8164,0.1,0.10310833348434888,1.3467287958586959e-06,9.183473622990756e-06,4.6015261062713736e-07,8.723321012363617e-06,3.3831859950560585e-06
4083,0.8166,0.1,0.10310182022836373,1.3522803988995217e-06,9.098598309444772e-06,3.373969862001857e-07,8.761201323244584e-06,3.3888820796810545e-06
4084,0.8168,0.1,0.10309586299824043,1.3525954689620774e-06,9.181682535405235e-06,4.4657470620843065e-07,8.735107829196803e-06,3.3946035129061407e-06
4085,0.817,0.1,0.10398129341182834,1.3539306806483067e-06,9.106024725802425e-06,3.827010191224459e-07,8.723323706679977e-06,3.4003102102464818e-06
4086,0.8172,0.1,0.10396705095141723,1.3503390790969446e-06,9.212962449744438e-06,4.445485007083297e-07,8.768413949036107e-06,3.4060481730012996e-06
4087,0.8174,0.1,0.10395020089027623,1.360792109856444e-06,9.292281198997384e-06,3.345860786757682e-07,8.957695120321615e-06,3.411814040442438e-06
4088,0.8176,0.1,0.10394607380245653,1.3682349360012165e-06,9.30667645174797e-06,3.2222686531803186e-07,8.984449586429936e-06,3.417590216219091e-06
4089,0.8178,0.1,0.10393137999092292,1.3911562959204373e-06,9.68991262606252e-06,4.245122041553422e-07,9.265400421907177e-06,3.4234768942374942e-06
4090,0.818,0.1,0.10504274574781006,1.3960790347777118e-06,9.779037297821384e-06,4.5888178052109916e-07,9.320155517300283e-06,3.42939272698211e-06
4091,0.8182,0.1,0.10503037707012003,1.3935296293800898e-06,9.615796044793998e-06,3.9318621733285783e-07,9.22260982746114e-06,3.435270565392217e-06
4092,0.8184,0.1,0.10502481847716456,1.3840924746116351e-06,9.593301759333749e-06,4.005044287716162e-07,9.19279733056213e-06,3.4411446538315416e-06
4093,0.8186,0.1,0.10501215485325824,1.3891482235915465e-06,9.68697355217491e-06,4.492117871047669e-07,9.237761765070141e-06,3.447049166798026e-06
4094,0.8188,0.1,0.10500465400978336,1.390469819714331e-06,9.614067625696404e-06,4.3100310727225516e-07,9.183064518424147e-06,3.452939588222238e-06
4095,0.819,0.1,0.10499127689037102,1.4013740476430956e-06,9.697918334905313e-06,3.786692826478017e-07,9.31924905225751e-06,3.4588593927012617e-06
4096,0.8192,0.1,0.10498104194781568,1.3947415377799477e-06,9.667958812491562e-06,4.245691390601829e-07,9.243389673431377e-06,3.464774324398361e-06
4097,0.8194,0.1,0.10496700583420117,1.392121837524988e-06,9.810393579224735e-06,5.665219627924892e-07,9.243871616432244e-06,3.4707303135841853e-06
4098,0.8196,0.1,0.1049553635592357,1.389425362041486e-06,9.563262706347595e-06,3.8682233195966557e-07,9.176440374387928e-06,3.476626645908667e-06
4099,0.8198,0.1,0.1060356335353202,1.3951287438547079e-06,9.9636699626541e-06,7.519414962627903e-07,9.211728466391308e-06,3.4826331797421488e-06
4100,0.82,0.1,0.10601836708076443,1.4076754506197858e-06,9.864730238293242e-06,4.921234380370569e-07,9.372606800256183e-06,3.4886220699848124e-06
4101,0.8202,0.1,0.1060065453353017,1.4100338487146752e-06,9.675895635136459e-06,2.8189296281076103e-07,9.394002672325696e-06,3.494567963639726e-06
4102,0.8204,0.1,0.10599077738647959,1.413842812233223e-06,9.784042400793488e-06,3.6962910428929954e-07,9.414413296504186e-06,3.500547702911788e-06
4103,0.8206,0.1,0.1059832413793113,1.4121403013847679e-06,9.922239169268919e-06,5.044199316318756e-07,9.417819237637042e-06,3.5065676200244304e-06
4104,0.8208,0.1,0.10716093156784628,1.4215364237949084e-06,9.94063171525126e-06,4.942340314676618e-07,9.446397683783598e-06,3.5125997255043838e-06
4105,0.821,0.1,0.10821100671977925,1.4188211761159768e-06,9.857740030416286e-06,5.179516379600582e-07,9.339788392456227e-06,3.5186157550644873e-06
4106,0.8212,0.1,0.10820011458304551,1.4246318499051577e-06,9.661546858408447e-06,3.346231488708642e-07,9.32692370953758e-06,3.5245870246276858e-06
4107,0.8214,0.1,0.10819327423409546,1.4318254685283648e-06,1.0077188923542976e-05,6.043490120994975e-07,9.472839911443477e-06,3.530672959444862e-06
4108,0.8216,0.1,0.10920745442101112,1.437892020632056e-06,9.992103424013621e-06,4.429171982305107e-07,9.549186225783109e-06,3.5367432688500532e-06
4109,0.8218,0.1,0.10919897670587678,1.4350548933632492e-06,9.754524127483485e-06,3.5040499207771074e-07,9.404119135405773e-06,3.542755795287827e-06
4110,0.822,0.1,0.1091794111471362,1.4384654347508384e-06,1.0006213997715589e-05,4.905338358450396e-07,9.515680161870547e-06,3.54883926890757e-06
4111,0.8222,0.1,0.10916773328327006,1.4372853418737688e-06,9.672374261965032e-06,3.1008558784389053e-07,9.36228867412114e-06,3.5548410483191998e-06
4112,0.8224,0.1,0.10916111900000855,1.4506614810328868e-06,9.784165794493245e-06,4.066842572329477e-07,9.377481537260296e-06,3.5608800175540272e-06
4113,0.8226,0.1,0.10915833175159885,1.4578118500691901e-06,9.914387452874131e-06,4.723057161364442e-07,9.442081736737686e-06,3.566959289726786e-06
4114,0.8228,0.1,0.11007095433323878,1.4668687256821214e-06,1.0095054854808488e-05,5.646150405872299e-07,9.530439814221257e-06,3.5730932963939796e-06
4115,0.823,0.1,0.11005986884414337,1.4711520192901068e-06,1.0167680605531223e-05,5.718316854883623e-07,9.595848920042859e-06,3.5792528177324633e-06
4116,0.8232,0.1,0.11004401256807275,1.4809150701336573e-06,9.786423081053755e-06,2.1247565247480944e-07,9.573947428578944e-06,3.585320874744331e-06
4117,0.8234,0.1,0.11105535198731123,1.4779807854428292e-06,9.985795038073172e-06,4.6203632046358856e-07,9.523758717609581e-06,3.5914449322604846e-06
4118,0.8236,0.1,0.11105990378309138,1.4828247546954888e-06,1.0015118173112664e-05,4.1763648094480635e-07,9.597481692167856e-06,3.5975829391131155e-06
4119,0.8238,0.1,0.11208803085337533,1.486054534766827e-06,1.0048661425128415e-05,4.5317512977349365e-07,9.59548629535492e-06,3.6037363038887455e-06
4120,0.824,0.1,0.1120806061327246,1.4886280677942277e-06,1.0006002838469526e-05,4.0765421171640094e-07,9.598348626753124e-06,3.6098840957994584e-06
4121,0.8242,0.1,0.11206827791591706,1.4819025383829098e-06,9.88558818787869e-06,3.6704354666394993e-07,9.518544641214738e-06,3.6160035327268994e-06
4122,0.8244,0.1,0.11331740302769923,1.495386193807389e-06,1.0058472899116575e-05,5.730388256204982e-07,9.485434073496075e-06,3.622174943769225e-06
4123,0.8246,0.1,0.11456133661087214,1.498632646193918e-06,1.0088034207475378e-05,5.65948129934875e-07,9.522086077540501e-06,3.6283612255420775e-06
4124,0.8248,0.1,0.1145414537269862,1.5145931601262677e-06,1.0146760722406979e-05,4.0686989641168563e-07,9.73989082599529e-06,3.6345720302638832e-06
4125,0.825,0.1,0.11452444246940598,1.5252575252076402e-06,1.0293292217338874e-05,4.614671390703941e-07,9.831825078268478e-06,3.6408287567955385e-06
4126,0.8252,0.1,0.1145209805908743,1.5330312397022739e-06,1.0298278742515057e-05,3.381916466143169e-07,9.960087095900739e-06,3.647093834433172e-06
4127,0.8254,0.1,0.11449623945167363,1.5326890486305644e-06,1.0427062264124502e-05,4.6491724798150586e-07,9.962145016142995e-06,3.65339804753924e-06
4128,0.8256,0.1,0.11447537510323873,1.534205974664933e-06,1.0567162620467916e-05,6.322700040917169e-07,9.934892616376198e-06,3.659743976011246e-06
4129,0.8258,0.1,0.11445984108514907,1.5356770813864452e-06,1.0431470757194974e-05,5.933416114748312e-07,9.83812914572014e-06,3.6660599845477657e-06
4130,0.826,0.1,0.11444511891506969,1.537554871194992e-06,1.0336240546297202e-05,6.191547187555658e-07,9.717085827541634e-06,3.67235749448159e-06
4131,0.8262,0.1,0.11443430115307468,1.5351419653539903e-06,9.981910067122505e-06,3.299417798996261e-07,9.651968287222878e-06,3.678568253886496e-06
4132,0.8264,0.1,0.11442018515493582,1.5322772958792406e-06,1.0105685498003253e-05,5.011029801494994e-07,9.604582517853752e-06,3.6848153151837532e-06
4133,0.8266,0.1,0.11441072811338593,1.5407995363203923e-06,1.0316660912342497e-05,5.641575328967394e-07,9.752503379445756e-06,3.6911245198570184e-06
4134,0.8268,0.1,0.11438987098155393,1.548205993718232e-06,1.0239172257953412e-05,3.782857162876769e-07,9.860886541665732e-06,3.6974214105883833e-06
4135,0.827,0.1,0.11438103154725353,1.5570645347596094e-06,1.0429996369417729e-05,4.2647076231458395e-07,1.0003525607103143e-05,3.7037755275823083e-06
4136,0.8272,0.1,0.11437706187260459,1.5502126603731199e-06,1.0414710549181507e-05,5.285250598003283e-07,9.886185489381177e-06,3.7101290340475236e-06
4137,0.8274,0.1,0.1143766630215085,1.5580523770822476e-06,1.033744589716885e-05,4.6307120712658443e-07,9.874374690042264e-06,3.7164701600216087e-06
4138,0.8276,0.1,0.11524253829161621,1.5633012791795562e-06,1.0440416987330492e-05,4.0941861212114336e-07,1.0030998375209347e-05,3.7228452592235063e-06
4139,0.8278,0.1,0.11523345110988481,1.570079560179503e-06,1.0601233851074516e-05,4.783753199947608e-07,1.0122858531079754e-05,3.729270470690123e-06
4140,0.828,0.1,0.11629963172641472,1.5767728827048756e-06,1.059331423591615e-05,4.2558160711483473e-07,1.0167732628801314e-05,3.7357007709137102e-06
4141,0.8282,0.1,0.11628312189134014,1.5733063119345287e-06,1.0526588215796174e-05,4.621335754916153e-07,1.0064454640304557e-05,3.74211874177175e-06
4142,0.8284,0.1,0.11626483379264387,1.5841161498387844e-06,1.0774124160140792e-05,5.94913223305151e-07,1.017921093683564e-05,3.748609111379468e-06
4143,0.8286,0.1,0.1162401164081253,1.591592242516047e-06,1.0688870921242883e-05,4.33079791475904e-07,1.0255791129766977e-05,3.755084380511794e-06
4144,0.8288,0.1,0.11622514834905334,1.5873863247419432e-06,1.0717553376193944e-05,4.957092606374127e-07,1.022184411555653e-05,3.7615708731939936e-06
4145,0.829,0.1,0.11621206772598704,1.6048418113598268e-06,1.1090607711465506e-05,6.119770765761544e-07,1.047863063488935e-05,3.76816432670846e-06
4146,0.8292,0.1,0.1161912907739651,1.6132470718429126e-06,1.113638820163201e-05,6.020169242478479e-07,1.053437127738416e-05,3.7747769961432013e-06
4147,0.8294,0.1,0.11916924521252548,1.6066028353446653e-06,1.0828807941507708e-05,4.4388165215276714e-07,1.038492628935494e-05,3.781314113564144e-06
4148,0.8296,0.1,0.11916288579055082,1.6104723608224463e-06,1.077075969739631e-05,4.189755352568475e-07,1.0351784162139461e-05,3.7878421459038137e-06
4149,0.8298,0.1,0.11915466611319415,1.6032722424816675e-06,1.0672286713701228e-05,5.498033399097899e-07,1.0122483373791437e-05,3.794347472923855e-06
4150,0.83,0.1,0.12022818193230367,1.6085507481438298e-06,1.067435735532058e-05,4.6945155469310804e-07,1.0204905800627471e-05,3.8008596030361484e-06
4151,0.8302,0.1,0.12021034607868963,1.617933042472692e-06,1.0914551317741201e-05,5.337725581063502e-07,1.038077875963485e-05,3.8074417394531796e-06
4152,0.8304,0.1,0.12020819917242562,1.6281894484331474e-06,1.097417168558575e-05,5.57655278426141e-07,1.0416516407159606e-05,3.8140451570295937e-06
4153,0.8306,0.1,0.12019290677285582,1.6363136701495506e-06,1.0977265051208137e-05,4.969405589132674e-07,1.0480324492294869e-05,3.820656623996316e-06
4154,0.8308,0.1,0.12017977645973717,1.6337019482284596e-06,1.0780338584337588e-05,3.715577018355297e-07,1.0408780882502057e-05,3.827221204441994e-06
4155,0.831,0.1,0.12015968666103508,1.6403608434519945e-06,1.0924376333344525e-05,4.942238872674855e-07,1.0430152446077038e-05,3.833830229675489e-06
4156,0.8312,0.1,0.12015166718525566,1.6454267498751389e-06,1.1057261619329596e-05,5.343162888358009e-07,1.0522945330493794e-05,3.840481244798241e-06
4157,0.8314,0.1,0.12014728425828554,1.6498011970104402e-06,1.0875495090682828e-05,3.3839952797978714e-07,1.0537095562703039e-05,3.8470913504011516e-06
4158,0.8316,0.1,0.12012032571869567,1.6551099091496494e-06,1.1125040241751979e-05,5.393471468555059e-07,1.058569309489647e-05,3.85377309331874e-06
4159,0.8318,0.1,0.12009796731241733,1.6705966596494532e-06,1.1177271621549663e-05,4.713630349557859e-07,1.0705908586593874e-05,3.860477996543231e-06
4160,0.832,0.1,0.12008698246733246,1.6678354566048313e-06,1.106383988194747e-05,4.802003969428321e-07,1.0583639485004636e-05,3.867157902543125e-06
4161,0.8322,0.1,0.12006111110399882,1.662433874297566e-06,1.1162368949710058e-05,5.944496734098713e-07,1.0567919276300185e-05,3.8738681495858985e-06
4162,0.8324,0.1,0.12005151791351215,1.6643245216342161e-06,1.096075055410912e-05,3.2541793079574e-07,1.0635332623313378e-05,3.8805317310394645e-06
4163,0.8326,0.1,0.1200545768765415,1.6573279999154629e-06,1.1000480218308132e-05,5.33614795594045e-07,1.0466865422714085e-05,3.887210158609153e-06
4164,0.8328,0.1,0.12003153657897696,1.6528884085107566e-06,1.0812564295744723e-05,5.212506945058063e-07,1.0291313601238916e-05,3.893843812566064e-06
4165,0.833,0.1,0.12000668769386941,1.6568228811495285e-06,1.08671666985758e-05,5.536848113555597e-07,1.031348188722024e-05,3.9004990082080025e-06
4166,0.8332,0.1,0.11998834244032928,1.656585858270082e-06,1.0702646486960838e-05,3.761521895899266e-07,1.032649429737091e-05,3.907116649539232e-06
4167,0.8334,0.1,0.1199839275115713,1.6528285267916237e-06,1.1016133354746756e-05,6.579160680038069e-07,1.0358217286742947e-05,3.913820072031967e-06
4168,0.8336,0.1,0.1219955818495012,1.657819197802035e-06,1.0708589952944613e-05,3.5834284041499754e-07,1.0350247112529614e-05,3.920449621556989e-06
4169,0.8338,0.1,0.12197646118498387,1.6612813779779529e-06,1.0940142506108563e-05,5.473232215958961e-07,1.0392819284512665e-05,3.927145159894281e-06
4170,0.834,0.1,0.12196535514611526,1.666771644290546e-06,1.0966565558340561e-05,4.3400199279569457e-07,1.0532563565544865e-05,3.933854014770777e-06
4171,0.8342,0.1,0.12194278261920015,1.6652699500124393e-06,1.1022267077985853e-05,6.139640168354123e-07,1.0408303061150439e-05,3.940582082738976e-06
4172,0.8344,0.1,0.12192243160222244,1.6747878217424024e-06,1.111368002427881e-05,6.003250675210322e-07,1.0513354956757777e-05,3.947342772639596e-06
4173,0.8346,0.1,0.12189980530809282,1.6691906937470547e-06,1.093477114163871e-05,4.98803957915476e-07,1.0435967183723231e-05,3.954060734042895e-06
4174,0.8348,0.1,0.12295388771734875,1.666655016083879e-06,1.0876168316610269e-05,4.363462017042339e-07,1.0439822114906033e-05,3.960768995792011e-06
4175,0.835,0.1,0.122929992247905,1.682096416925672e-06,1.10011081653685e-05,4.0883519607076536e-07,1.0592272969297732e-05,3.967516146638782e-06
4176,0.8352,0.1,0.12290873970283259,1.683004202013514e-06,1.0967138036102864e-05,4.1954620742047703e-07,1.0547591828682386e-05,3.974259872028382e-06
4177,0.8354,0.1,0.12288029209319079,1.6969348468347937e-06,1.1034209081141431e-05,4.933813702523396e-07,1.054082771088909e-05,3.981030671123892e-06
4178,0.8356,0.1,0.12396339078473516,1.7096647051253932e-06,1.1309938579915916e-05,6.217793098582251e-07,1.0688159270057688e-05,3.987881017449688e-06
4179,0.8358,0.1,0.12395277862729116,1.7169218779916734e-06,1.1147323996615016e-05,4.5889269833829707e-07,1.0688431298276717e-05,3.994696077038567e-06
4180,0.836,0.1,0.12395217439575944,1.732702146302771e-06,1.1418286041148781e-05,6.237196454830914e-07,1.0794566395665688e-05,4.001589961786355e-06
4181,0.8362,0.1,0.12392669086211376,1.7410112894260363e-06,1.1571940633230745e-05,6.812705455457244e-07,1.0890670087685019e-05,4.008528569969657e-06
4182,0.8364,0.1,0.1239157993896186,1.7443873249973696e-06,1.1561573173595742e-05,5.481857893083187e-07,1.1013387384287421e-05,4.015471014393574e-06
4183,0.8366,0.1,0.12695989720784845,1.7448716136099248e-06,1.1545636482190343e-05,6.240020957301019e-07,1.092163438646024e-05,4.022413881362593e-06
4184,0.8368,0.1,0.12693490580985345,1.739720098865503e-06,1.126441579290225e-05,4.734524419620197e-07,1.079096335094023e-05,4.029287512189601e-06
4185,0.837,0.1,0.12691474322610885,1.7430162212934513e-06,1.1323986913401911e-05,4.354677900739421e-07,1.0888519123327968e-05,4.036182893478493e-06
4186,0.8372,0.1,0.12690044787454524,1.7499040898830692e-06,1.1379851586865465e-05,5.568044602925005e-07,1.0823047126572963e-05,4.043100115249514e-06
4187,0.8374,0.1,0.12688074033802074,1.7590493836374074e-06,1.142883126225641e-05,5.570763496952913e-07,1.0871754912561116e-05,4.050038002263114e-06
4188,0.8376,0.1,0.12686504311338714,1.7690604564215194e-06,1.1577542010108056e-05,5.289581643966319e-07,1.1048583845711423e-05,4.057022710315658e-06
4189,0.8378,0.1,0.126834396815908,1.7746710489168178e-06,1.1751433575661456e-05,6.169478072951435e-07,1.1134485768366311e-05,4.064059568049162e-06
4190,0.838,0.1,0.12681398642327016,1.779211586783249e-06,1.1780796319298949e-05,6.086435702499399e-07,1.1172152749049008e-05,4.071110734613374e-06
4191,0.8382,0.1,0.1278421334252501,1.7888875492646586e-06,1.1927848386502326e-05,6.729190377441394e-07,1.1254929348758185e-05,4.078207906882343e-06
4192,0.8384,0.1,0.1278208005456861,1.7922280962536781e-06,1.1638476656282742e-05,4.931194513279828e-07,1.1145357204954757e-05,4.0852359802466746e-06
4193,0.8386,0.1,0.12883427023056407,1.7994262213627904e-06,1.1762812658777096e-05,6.664481384655135e-07,1.1096364520311581e-05,4.092302495880258e-06
4194,0.8388,0.1,0.12881015602296342,1.7930829287116558e-06,1.1397019060543984e-05,4.878046712658753e-07,1.0909214389278106e-05,4.099277282282678e-06
4195,0.839,0.1,0.12881081766909652,1.7931908834689612e-06,1.1359443693508725e-05,4.1876873669827247e-07,1.094067495681045e-05,4.106247545979429e-06
4196,0.8392,0.1,0.12878452169515606,1.7962361081921665e-06,1.1321396132823713e-05,4.0995727668471456e-07,1.0911438856138996e-05,4.113213953427953e-06
4197,0.8394,0.1,0.12875678899087747,1.7974676008319053e-06,1.1226072856092101e-05,4.143098800400956e-07,1.0811762976052004e-05,4.1201622807558765e-06
4198,0.8396,0.1,0.12873622287898073,1.8017621761456842e-06,1.1393220727322534e-05,6.183674412115894e-07,1.0774853286110944e-05,4.1271600199688625e-06
4199,0.8398,0.1,0.12871826569455108,1.8105968251656632e-06,1.1271288372616406e-05,5.21924621947872e-07,1.0749363750668533e-05,4.134135385870204e-06
4200,0.84,0.1,0.12870370961077407,1.8128519623023519e-06,1.11391458310791e-05,4.6736707516154545e-07,1.0671778755917552e-05,4.141082230263005e-06
4201,0.8402,0.1,0.12869326039323362,1.815050254784787e-06,1.1404959138992245e-05,6.956125853932605e-07,1.0709346553598983e-05,4.148103999198701e-06
4202,0.8404,0.1,0.12867912578556057,1.8189497866682224e-06,1.1185687679754999e-05,3.853966033886459e-07,1.0800291076366352e-05,4.1550744490060565e-06
4203,0.8406,0.1,0.12865472410521916,1.8224883922897767e-06,1.1140234520339494e-05,5.485019771615448e-07,1.0591732543177948e-05,4.1620383731462626e-06
4204,0.8408,0.1,0.12863770478321815,1.8282562805941355e-06,1.1206027650298967e-05,5.206105976728742e-07,1.0685417052626092e-05,4.169023779211223e-06
4205,0.841,0.1,0.12968698871287268,1.8375394027589885e-06,1.1077159095389917e-05,4.1585988519285884e-07,1.0661299210197056e-05,4.1759830454670715e-06
4206,0.8412,0.1,0.1305404438157958,1.8422250341026465e-06,1.1017756239796507e-05,4.499719840039295e-07,1.0567784255792576e-05,4.182936398374074e-06
4207,0.8414,0.1,0.1305184863575444,1.851409641927838e-06,1.1297690114895846e-05,4.759331365887112e-07,1.0821756978307133e-05,4.189970590193176e-06
4208,0.8416,0.1,0.13050488450458475,1.854674483764751e-06,1.1553249102377093e-05,7.348454822406647e-07,1.0818403620136427e-05,4.197077860932451e-06
4209,0.8418,0.1,0.13050144718961848,1.847521418740274e-06,1.1384953848609013e-05,6.054070598840448e-07,1.0779546788724966e-05,4.2041479773162245e-06
4210,0.842,0.1,0.13146262665301695,1.8616130653224286e-06,1.1625779294671813e-05,7.099757660527064e-07,1.0915803528619105e-05,4.2112908907436776e-06
4211,0.8422,0.1,0.13144474647015258,1.8642241188068638e-06,1.1254617694269773e-05,3.905374553023215e-07,1.086408023896745e-05,4.2183432996712494e-06
4212,0.8424,0.1,0.1314331091434006,1.8701387784542474e-06,1.1236947866246388e-05,4.868835436875942e-07,1.0750064322558792e-05,4.225398241396807e-06
4213,0.8426,0.1,0.1314209583046305,1.8723570945786428e-06,1.1196828535142766e-05,5.11705331460424e-07,1.068512320368234e-05,4.232448874045536e-06
4214,0.8428,0.1,0.13249744654821866,1.881599404990463e-06,1.1284215133712168e-05,5.22139027613832e-07,1.0762076106098333e-05,4.239530053741586e-06
4215,0.843,0.1,0.13360076670808033,1.8953094874277077e-06,1.136973035887447e-05,5.813063579243943e-07,1.0788424000950073e-05,4.246642007220354e-06
4216,0.8432,0.1,0.1345912643706703,1.9055960383006548e-06,1.130737779403854e-05,6.135430200402574e-07,1.069383477399828e-05,4.25374464016143e-06
4217,0.8434,0.1,0.1345746526864976,1.9076054534732097e-06,1.1169746450680478e-05,5.240615254525823e-07,1.0645684925227893e-05,4.260816953206975e-06
4218,0.8436,0.1,0.13456243615926067,1.9050008531224606e-06,1.1393220046309623e-05,7.37922149997288e-07,1.0655297896312334e-05,4.267951714271259e-06
4219,0.8438,0.1,0.13453956434642753,1.9112546141984875e-06,1.1169056815414e-05,4.895928634514004e-07,1.0679463951962598e-05,4.275035098821565e-06
4220,0.844,0.1,0.13451823552691894,1.915529079754418e-06,1.0996031269581325e-05,3.3505160067809387e-07,1.0660979668903229e-05,4.282079955831152e-06
4221,0.8442,0.1,0.13450365713266485,1.9273528574788603e-06,1.1318431189219374e-05,5.904661053970967e-07,1.0727965083822276e-05,4.28921720565813e-06
4222,0.8444,0.1,0.13449823146038,1.933092512840664e-06,1.109778159893066e-05,3.76536322096562e-07,1.0721245276834096e-05,4.296303947371895e-06
4223,0.8446,0.1,0.13448408340099346,1.9354988029444206e-06,1.1306054166640833e-05,6.323636696041556e-07,1.0673690497036675e-05,4.3034503986699465e-06
4224,0.8448,0.1,0.13445992063232812,1.9395597986949174e-06,1.127098073295074e-05,4.637628033544305e-07,1.0807217929596307e-05,4.310593982796839e-06
4225,0.845,0.1,0.1344276647047279,1.9423732522343492e-06,1.1243139592249934e-05,4.355978098017392e-07,1.0807541782448193e-05,4.317736288087282e-06
4226,0.8452,0.1,0.13441463162123798,1.951150192786833e-06,1.1472272454984256e-05,5.992137133151297e-07,1.0873058741669124e-05,4.324945881236751e-06
4227,0.8454,0.1,0.13440364615603836,1.9612198485260155e-06,1.1372903863749782e-05,4.778238040000217e-07,1.0895080059749759e-05,4.332137820196106e-06
4228,0.8456,0.1,0.13439121053885475,1.9716253137257024e-06,1.1340082587928502e-05,5.205291237581317e-07,1.0819553464170369e-05,4.339328895653706e-06
4229,0.8458,0.1,0.1343729080521619,1.976242179191326e-06,1.1445193173780652e-05,4.833768998617046e-07,1.0961816273918945e-05,4.34655422251794e-06
4230,0.846,0.1,0.1355444196199751,1.9854067779083374e-06,1.1339942950777947e-05,5.030223622081416e-07,1.0836920588569804e-05,4.353759592036879e-06
4231,0.8462,0.1,0.13649466100083613,2.001659315232711e-06,1.1390613631449253e-05,6.051601766806849e-07,1.0785453454768567e-05,4.360983329208292e-06
4232,0.8464,0.1,0.13744899918290293,2.007995402071671e-06,1.119258911704362e-05,2.891908631819717e-07,1.0903398253861645e-05,4.368162046400843e-06
4233,0.8466,0.1,0.13742751108359044,2.017587856366629e-06,1.1370636430214567e-05,3.698197357758848e-07,1.1000816694438681e-05,4.37539504849569e-06
4234,0.8468,0.1,0.13739959273384458,2.0296846452526855e-06,1.1486499012247663e-05,3.7221379410358866e-07,1.1114285218144073e-05,4.382668960814956e-06
4235,0.847,0.1,0.1381719985222136,2.042112735203498e-06,1.1674623876238372e-05,5.192963866926654e-07,1.1155327489545704e-05,4.390000367560141e-06
4236,0.8472,0.1,0.13910482710304103,2.0442431403626974e-06,1.1761562245949085e-05,5.412022111106072e-07,1.1220360034838476e-05,4.397359885329088e-06
4237,0.8474,0.1,0.13906007426763597,2.044871367779761e-06,1.1821043037299165e-05,6.227986461454313e-07,1.1198244391153733e-05,4.40473727735329e-06
4238,0.8476,0.1,0.13904775457461066,2.0479134365265114e-06,1.1786121153809424e-05,5.078461309240092e-07,1.1278275022885414e-05,4.4121118607464434e-06
4239,0.8478,0.1,0.13903680929447595,2.0551699832069893e-06,1.1917551790861602e-05,5.655836783233381e-07,1.1351968112538263e-05,4.419529367139306e-06
4240,0.848,0.1,0.1390170972016301,2.0659454890419838e-06,1.2008543659222671e-05,5.6333185972589e-07,1.1445211799496779e-05,4.42697879327696e-06
4241,0.8482,0.1,0.13900063193201295,2.070007812603733e-06,1.202303969858782e-05,5.727304448942489e-07,1.1450309253693568e-05,4.434437478733818e-06
4242,0.8484,0.1,0.13989607759740597,2.0760185601916163e-06,1.2002952937308273e-05,4.377776425902113e-07,1.1565175294718059e-05,4.441897615459465e-06
4243,0.8486,0.1,0.13988385196686048,2.085449337412639e-06,1.2230532273938466e-05,5.106027937339326e-07,1.1719929480204532e-05,4.449425030071271e-06
4244,0.8488,0.1,0.14086637251518278,2.1001150600505645e-06,1.2281349176892995e-05,4.18099065118813e-07,1.186325011177418e-05,4.456979460684196e-06
4245,0.849,0.1,0.1398026886969194,2.087261858074654e-06,1.235514522482817e-05,6.267597281244e-07,1.1728385496703768e-05,4.464557886876768e-06
4246,0.8492,0.1,0.13979022815262543,2.0984098526295185e-06,1.2272504343826271e-05,4.222537310697146e-07,1.1850250612756555e-05,4.4721236469264545e-06
4247,0.8494,0.1,0.13976507742649594,2.098603390571666e-06,1.2342691289772517e-05,5.185111503540932e-07,1.1824180139418423e-05,4.479713236728214e-06
4248,0.8496,0.1,0.1397350988756385,2.1058900480263753e-06,1.253315822193492e-05,6.931229009656479e-07,1.184003532096927e-05,4.4873599434332265e-06
4249,0.8498,0.1,0.13971451988291714,2.1183350884152875e-06,1.2492630973835621e-05,5.924337218876031e-07,1.1900197251948016e-05,4.495005000260527e-06
4250,0.85,0.1,0.13970993659982217,2.1309810132365963e-06,1.2611810337980204e-05,6.16936944983484e-07,1.1994873392996718e-05,4.502690006683947e-06
4251,0.8502,0.1,0.13968701458171118,2.140036020376034e-06,1.2536676713547921e-05,5.311127310570944e-07,1.2005563982490825e-05,4.510363294597479e-06
4252,0.8504,0.1,0.139679949840763,2.147987403405287e-06,1.238243458251226e-05,5.112286022850853e-07,1.1871205980227173e-05,4.518002660234226e-06
4253,0.8506,0.1,0.13966878619996737,2.162506725906946e-06,1.2680415240701626e-05,5.774590902647496e-07,1.2102956150436875e-05,4.525729253205348e-06
4254,0.8508,0.1,0.13964551422541682,2.1770323786406928e-06,1.2838016835166087e-05,5.370460442980325e-07,1.2300970790868054e-05,4.533508171903335e-06
4255,0.851,0.1,0.1396316233707471,2.180877650359729e-06,1.2922929521269897e-05,6.140847542149054e-07,1.230884476705499e-05,4.541315923320051e-06
4256,0.8512,0.1,0.14060740673211483,2.185771858058747e-06,1.2727957999301554e-05,5.489263606259784e-07,1.2179031638675574e-05,4.549079952105878e-06
4257,0.8514,0.1,0.14058939987780755,2.1940613149779067e-06,1.2877227447676965e-05,6.614858318931662e-07,1.2215741615783797e-05,4.556890733398018e-06
4258,0.8516,0.1,0.14056764105573416,2.204362786240691e-06,1.2718810753015309e-05,4.278626976287714e-07,1.2290948055386537e-05,4.564669023782598e-06
4259,0.8518,0.1,0.1405510037789759,2.2102358264499915e-06,1.2970765585192475e-05,6.701126319996596e-07,1.2300652953192814e-05,4.57251615753914e-06
4260,0.852,0.1,0.1416138589617532,2.2166869655580612e-06,1.2924776002953946e-05,6.392952552866498e-07,1.2285480747667293e-05,4.580358761172633e-06
4261,0.8522,0.1,0.14160636813874836,2.233913788563349e-06,1.3021110411548054e-05,5.899157922666993e-07,1.2431194619281354e-05,4.5882371295039845e-06
4262,0.8524,0.1,0.14158864781264252,2.237243650093064e-06,1.3108020845154386e-05,6.174266504482035e-07,1.249059419470618e-05,4.596144577340621e-06
4263,0.8526,0.1,0.14258849811455934,2.2454147831209077e-06,1.3173143588503218e-05,4.5016727975910393e-07,1.2722976308744113e-05,4.604076780352027e-06
4264,0.8528,0.1,0.14255247552607908,2.251697513241976e-06,1.33097206862991e-05,4.379395439810364e-07,1.2871781142318061e-05,4.612051933127894e-06
4265,0.853,0.1,0.1425364391606966,2.2513418636150745e-06,1.345226869769037e-05,5.046502701244067e-07,1.2947618427565962e-05,4.620069896564702e-06
4266,0.8532,0.1,0.14250926343954817,2.251999059776875e-06,1.3386848684205996e-05,5.757002969781804e-07,1.2811148387227815e-05,4.62807629401625e-06
4267,0.8534,0.1,0.14248682956385808,2.261507591253247e-06,1.3645454330729455e-05,7.011200849744608e-07,1.2944334245754992e-05,4.636158461408898e-06
4268,0.8536,0.1,0.14244460990933808,2.2718427658038512e-06,1.3723245218642603e-05,5.345012163092408e-07,1.318874400233336e-05,4.644272802328753e-06
4269,0.8538,0.1,0.14242396004524174,2.281030194299864e-06,1.3725427063323576e-05,4.893362760394579e-07,1.3236090787284117e-05,4.652396636624763e-06
4270,0.854,0.1,0.14355669134477494,2.2813763039836085e-06,1.3962633814974791e-05,7.043612321604095e-07,1.325827258281438e-05,4.660587775316735e-06
4271,0.8542,0.1,0.14353340118511962,2.307607752465658e-06,1.4009023760954007e-05,6.505482373029166e-07,1.3358475523651088e-05,4.6688023244073505e-06
4272,0.8544,0.1,0.14353009700788372,2.3183705334328858e-06,1.4349306789429328e-05,8.469664705336131e-07,1.3502340318895713e-05,4.677117135143955e-06
4273,0.8546,0.1,0.14350542271789263,2.3221228771499583e-06,1.4056207387098257e-05,7.220502794285818e-07,1.3334157107669672e-05,4.685362979994692e-06
4274,0.8548,0.1,0.14543354868928673,2.316317439749944e-06,1.355424192943393e-05,5.270533025617185e-07,1.302718862687221e-05,4.693482602432585e-06
4275,0.855,0.1,0.14541123721489482,2.317054569809994e-06,1.3434597572519214e-05,4.6654477100281436e-07,1.2968052801516398e-05,4.701576989050776e-06
4276,0.8552,0.1,0.14540295374227907,2.3252468175418043e-06,1.3665334057774898e-05,5.368688553824836e-07,1.3128465202392413e-05,4.70973586003374e-06
4277,0.8554,0.1,0.14539003547625381,2.3145114792992604e-06,1.35621728674888e-05,6.706395189276258e-07,1.2891533348561173e-05,4.717876769143781e-06
4278,0.8556,0.1,0.1453795553693554,2.328405483898222e-06,1.3467123319502449e-05,5.061713914602924e-07,1.2960951928042154e-05,4.726002981411732e-06
4279,0.8558,0.1,0.14536863966177233,2.3316593767561625e-06,1.3367821539703634e-05,5.347241556846093e-07,1.2833097384019023e-05,4.734111510598035e-06
4280,0.856,0.1,0.14534238436678174,2.336588786683861e-06,1.3281897807400856e-05,6.002437099212206e-07,1.2681654097479633e-05,4.74220473929547e-06
4281,0.8562,0.1,0.145313539114774,2.33212039054177e-06,1.3324177682879965e-05,6.556716496359248e-07,1.2668506033244038e-05,4.750313581988206e-06
4282,0.8564,0.1,0.14529846995443402,2.356015605520532e-06,1.354258525188023e-05,5.823804251735892e-07,1.296020482670664e-05,4.758488290725648e-06
4283,0.8566,0.1,0.1452826730365573,2.370296360748031e-06,1.3910585608051032e-05,7.659130878926133e-07,1.3144672520158416e-05,4.766769005082702e-06
4284,0.8568,0.1,0.14630440764928365,2.3796242959171183e-06,1.4047130008379477e-05,7.921581910015442e-07,1.325497181737793e-05,4.775095650876411e-06
4285,0.857,0.1,0.14628504186062988,2.38780288206983e-06,1.3960415453744613e-05,7.179450983296127e-07,1.3242470355415e-05,4.783408331394824e-06
4286,0.8572,0.1,0.1473669298420606,2.400567295098187e-06,1.3794867158570579e-05,4.695426536178506e-07,1.3325324504952727e-05,4.791686278836699e-06
4287,0.8574,0.1,0.14732891076654336,2.4199670371018653e-06,1.4087829070726164e-05,5.866577843070729e-07,1.350117128641909e-05,4.800050746827031e-06
4288,0.8576,0.1,0.1473060449274208,2.4307189749020616e-06,1.4125267425271255e-05,4.32263459705369e-07,1.3693003965565885e-05,4.808434086951631e-06
4289,0.8578,0.1,0.1472819293534086,2.4394538931920914e-06,1.4109573626458416e-05,4.4997734341225163e-07,1.3659596283046162e-05,4.816822846829019e-06
4290,0.858,0.1,0.14839370583553918,2.441027187662199e-06,1.4227364438766269e-05,5.642123013882946e-07,1.3663152137377972e-05,4.825248452770826e-06
4291,0.8582,0.1,0.14836767291088002,2.4453233477208477e-06,1.4429563947991887e-05,8.622824644300068e-07,1.3567281483561878e-05,4.833733794879895e-06
4292,0.8584,0.1,0.14836153241801794,2.4516363435832218e-06,1.4232129971606113e-05,6.632602503557387e-07,1.3568869721250372e-05,4.842175586266118e-06
4293,0.8586,0.1,0.14834206585939003,2.4586664196469207e-06,1.4300859559623565e-05,6.287541909574607e-07,1.3672105368666102e-05,4.850645641158021e-06
4294,0.8588,0.1,0.14831990975623544,2.4789346337458966e-06,1.4208571792811362e-05,6.377460222842171e-07,1.3570825770527143e-05,4.859102393467579e-06
4295,0.859,0.1,0.14829758039290664,2.4831485405437294e-06,1.383298723542068e-05,3.749480074064572e-07,1.3458039228014221e-05,4.8674690829888405e-06
4296,0.8592,0.1,0.14922612214990263,2.48881506140554e-06,1.4107233105957318e-05,6.074517506563278e-07,1.3499781355300989e-05,4.875914963677573e-06
4297,0.8594,0.1,0.14920194162458864,2.4979013467618094e-06,1.428645868272267e-05,6.340785128326374e-07,1.365238016989003e-05,4.884416446144401e-06
4298,0.8596,0.1,0.14918315694163065,2.49724636908411e-06,1.4287060348753124e-05,6.950314323863381e-07,1.3592028916366785e-05,4.892925088795064e-06
4299,0.8598,0.1,0.15013668102146094,2.5049643560479082e-06,1.446406803141947e-05,7.071079445663589e-07,1.3756960086853108e-05,4.901489975292272e-06
4300,0.86,0.1,0.15008943191002677,2.5078744526937422e-06,1.4238867430707248e-05,5.860837127095714e-07,1.3652783717997675e-05,4.910003774843938e-06
4301,0.8602,0.1,0.1500603951807521,2.509929175152594e-06,1.4020904147419258e-05,5.141995066723001e-07,1.3506704640746957e-05,4.9184680082590985e-06
4302,0.8604,0.1,0.15002732170820424,2.512554749441295e-06,1.430743812831283e-05,8.012433132133463e-07,1.3506194815099483e-05,4.927013455961959e-06
4303,0.8606,0.1,0.15000175625181145,2.5184559780967048e-06,1.4252259034370575e-05,6.921093307321647e-07,1.3560149703638407e-05,4.935551782469897e-06
4304,0.8608,0.1,0.1511054434351795,2.5225831886268927e-06,1.410538444927712e-05,6.352853149031405e-07,1.3470099134373978e-05,4.944058969020028e-06
4305,0.861,0.1,0.15107260548044907,2.5294136503369116e-06,1.3986998018295564e-05,4.676507131611332e-07,1.3519347305134429e-05,4.9525445395941965e-06
4306,0.8612,0.1,0.15105702025432344,2.5367758029516137e-06,1.415048408232673e-05,5.1483380240191e-07,1.3635650279924818e-05,4.9610808524663495e-06
4307,0.8614,0.1,0.15104045710700295,2.5460462524525556e-06,1.4595783364151845e-05,7.477092522776823e-07,1.3848074111874161e-05,4.969744805156068e-06
4308,0.8616,0.1,0.15193143025228542,2.5517523426743344e-06,1.4415346614876427e-05,5.265843027551029e-07,1.3888762312121323e-05,4.978369666618026e-06
4309,0.8618,0.1,0.15191260700967166,2.553348470202612e-06,1.441744025950357e-05,4.819069041184104e-07,1.3935533355385158e-05,4.987002071689934e-06
4310,0.862,0.3,0.15189619139533947,1.5173232175345779e-06,1.4632144359517087e-05,6.073214989136305e-07,1.4024822860603455e-05,4.995699198343639e-06
4311,0.8622,0.3,0.15286704971723228,1.519265721945926e-06,1.4581092723443669e-05,6.116408713042965e-07,1.3969451852139372e-05,5.004389854112446e-06
4312,0.8624,0.3,0.15372227758377235,1.5150753385430413e-06,1.4666282592096403e-05,7.43289548000128e-07,1.3922993044096272e-05,5.0131081890060566e-06
4313,0.8626,0.3,0.153693242128687,1.5140084691997534e-06,1.4631075073794221e-05,7.222570778514021e-07,1.3908817995942818e-05,5.021823747323853e-06
4314,0.8628,0.3,0.15367295371247194,1.511966517950887e-06,1.445810464154022e-05,5.542788589076155e-07,1.3903825782632603e-05,5.030500233145157e-06
4315,0.863,0.3,0.15364759044188492,1.5179289425431993e-06,1.4642191468008752e-05,6.317387566255213e-07,1.4010452711383229e-05,5.03923225324528e-06
4316,0.8632,0.3,0.15558872263917325,1.5217601631160204e-06,1.476174613884746e-05,6.178838563536044e-07,1.4143862282493855e-05,5.048002944120326e-06
4317,0.8634,0.3,0.15738288980201862,1.5289442963769386e-06,1.4870000903436432e-05,6.225007505443171e-07,1.4247500152892114e-05,5.056810718713603e-06
4318,0.8636,0.3,0.15833355197841903,1.5323876849265254e-06,1.4944568624580962e-05,6.935618481005371e-07,1.4251006776480423e-05,5.065645904934894e-06
4319,0.8638,0.3,0.15830038416892414,1.5308070539171062e-06,1.4786462970638303e-05,7.166038746924957e-07,1.4069859095945806e-05,5.074446656873148e-06
4320,0.864,0.3,0.15825547787799077,1.520990909092821e-06,1.4623717724378477e-05,6.610659984917235e-07,1.3962651725886751e-05,5.083210549106161e-06
4321,0.8642,0.3,0.1592327090304759,1.5249403419462672e-06,1.4465199933598841e-05,5.343165253998327e-07,1.3930883408199007e-05,5.091941643297375e-06
4322,0.8644,0.3,0.15920978428145885,1.5349949615645834e-06,1.4625122718780736e-05,5.942437402205264e-07,1.4030878978560208e-05,5.100723709394553e-06
4323,0.8646,0.3,0.1622887118672253,1.5540578639352347e-06,1.5104310597312762e-05,9.338751963598364e-07,1.4170435400952923e-05,5.109641366746731e-06
4324,0.8648,0.3,0.16224548346643966,1.5640540824012413e-06,1.4950533699658676e-05,6.737192172282451e-07,1.427681448243043e-05,5.118529864831418e-06
4325,0.865,0.3,0.16221634010521568,1.566289884497113e-06,1.4757215463552017e-05,6.795672431436565e-07,1.407764822040836e-05,5.12737537416253e-06
4326,0.8652,0.3,0.16218213875687548,1.568034818296437e-06,1.4700988514873797e-05,5.303805385524322e-07,1.4170607976321363e-05,5.136213587002015e-06
4327,0.8654,0.3,0.16214745699399283,1.5712992499967558e-06,1.5221558436368708e-05,9.25876388870868e-07,1.4295682047497839e-05,5.145196418187513e-06
4328,0.8656,0.3,0.16310046750440274,1.564703937266764e-06,1.4781406129429069e-05,6.321795953103707e-07,1.4149226534118696e-05,5.154070179281974e-06
4329,0.8658,0.3,0.16498314508802597,1.5801600391556966e-06,1.5234999185226215e-05,7.291848055781297e-07,1.4505814379648084e-05,5.163072711947181e-06
4330,0.866,0.3,0.1649470037530106,1.5656600741873488e-06,1.5169541808449436e-05,6.493082901695305e-07,1.4520233518279903e-05,5.17206087148071e-06
4331,0.8662,0.3,0.16603934701979414,1.565968713536825e-06,1.5593423067216694e-05,8.935071772157109e-07,1.469991589000098e-05,5.1811664550505226e-06
4332,0.8664,0.3,0.1660076500177348,1.5560680420858145e-06,1.5240001364372675e-05,5.991844416175653e-07,1.4640816922755109e-05,5.190184433708832e-06
4333,0.8666,0.3,0.1671042649031183,1.550385988611495e-06,1.5247868085344322e-05,7.516839740742487e-07,1.4496184111270071e-05,5.199209437830419e-06
4334,0.8668,0.3,0.16707899901884116,1.5604666704082353e-06,1.5551207619146594e-05,8.198017137150956e-07,1.4731405905431494e-05,5.208324932096077e-06
4335,0.867,0.3,0.1679586518317887,1.5739344582813116e-06,1.54136434539661e-05,6.805739083501004e-07,1.4733069545615998e-05,5.2174150089154355e-06
4336,0.8672,0.3,0.1679248322976271,1.5828385668253606e-06,1.5370718341638936e-05,5.663833241248329e-07,1.48043350175141e-05,5.226503410891361e-06
4337,0.8674,0.3,0.1678952187686828,1.5844488855225943e-06,1.5628096082841187e-05,7.690269160067797e-07,1.4859069166834404e-05,5.235666010279471e-06
4338,0.8676,0.3,0.1678582716798356,1.5912562653478307e-06,1.5685544491739883e-05,8.936311786967419e-07,1.4791913313043137e-05,5.244855850607671e-06
4339,0.8678,0.3,0.16891730087356474,1.596632897186736e-06,1.5581181702896512e-05,7.178251351953391e-07,1.486335656770117e-05,5.254026805352683e-06
4340,0.868,0.3,0.1688650216932498,1.6070208455205733e-06,1.545140989221759e-05,5.614902044829411e-07,1.4889919687734647e-05,5.263171899750173e-06
4341,0.8682,0.3,0.16883372525432117,1.613249152154123e-06,1.5399481681442308e-05,5.738879072705198e-07,1.4825593774171783e-05,5.2723127339830375e-06
4342,0.8684,0.3,0.16880275226331148,1.6076616920700198e-06,1.537784763199361e-05,8.699639902725591e-07,1.4507883641721047e-05,5.281453502353718e-06
4343,0.8686,0.3,0.16876457347295398,1.6094125537146175e-06,1.5057878500609147e-05,7.365187665590844e-07,1.4321359734050061e-05,5.290518455708841e-06
4344,0.8688,0.3,0.16873747218585827,1.6032522783005166e-06,1.4843666641975e-05,6.023012225429991e-07,1.4241365419432e-05,5.2995330669669755e-06
4345,0.869,0.3,0.16870626271116473,1.6062740447833876e-06,1.4923641535463603e-05,5.947485734819514e-07,1.432889296198165e-05,5.308576350045768e-06
4346,0.8692,0.3,0.1686886483557805,1.602171728145627e-06,1.4975730666978124e-05,6.61405786554427e-07,1.4314324880423694e-05,5.317638851458034e-06
4347,0.8694,0.3,0.16865748550379617,1.6043088835679843e-06,1.4881939934708962e-05,4.675165441501616e-07,1.44144233905588e-05,5.326684370688222e-06
4348,0.8696,0.3,0.16863606905119272,1.6130070784509261e-06,1.501535379549251e-05,6.330434916569848e-07,1.4382310303835524e-05,5.335775164336822e-06
4349,0.8698,0.3,0.16967949724053327,1.6254623824380264e-06,1.5522880744908928e-05,8.663662705205406e-07,1.4656514474388384e-05,5.345008505995264e-06
4350,0.87,0.3,0.1696376326997914,1.6345024595574316e-06,1.5437232194028827e-05,7.13776422031896e-07,1.4723455771996928e-05,5.354230970127447e-06
4351,0.8702,0.3,0.17047135830509053,1.6298078084599702e-06,1.5366635175450253e-05,7.658672252425151e-07,1.4600767950207736e-05,5.363441148853047e-06
4352,0.8704,0.3,0.17043683185948885,1.630417338081963e-06,1.5354187592843642e-05,7.592803166692027e-07,1.4594907276174436e-05,5.372656050804036e-06
4353,0.8706,0.3,0.17040514424473222,1.6276804464605052e-06,1.5443012022440387e-05,8.283513119351187e-07,1.4614660710505266e-05,5.3819006410190195e-06
4354,0.8708,0.3,0.17127750496897923,1.6346052520638963e-06,1.546759863912463e-05,7.996479575942064e-07,1.466795068153042e-05,5.39116074579936e-06
4355,0.871,0.3,0.1712529414093512,1.6398352689774497e-06,1.5171785264509765e-05,4.628012057179182e-07,1.4708984058791844e-05,5.400353778494615e-06
4356,0.8712,0.3,0.172206699671765,1.6447063000935526e-06,1.5369272010147843e-05,7.344602468528905e-07,1.463481176329495e-05,5.409606980866969e-06
4357,0.8714,0.3,0.17314116488388015,1.6724269430757881e-06,1.5517804144724226e-05,5.466812334763864e-07,1.4971122911247835e-05,5.418913305245127e-06
4358,0.8716,0.3,0.17311690621846396,1.673537409005054e-06,1.572215344764845e-05,7.206445393881458e-07,1.5001508908260303e-05,5.428280132953587e-06
4359,0.8718,0.3,0.17310273601072376,1.6749765630842009e-06,1.5660198706232216e-05,7.790376813554082e-07,1.4881161024876806e-05,5.437637956418067e-06
4360,0.872,0.3,0.1730723267404681,1.674354529676267e-06,1.5515978417262658e-05,7.321592430293337e-07,1.478381917423332e-05,5.446965326125623e-06
4361,0.8722,0.3,0.1730389551554337,1.664452583714417e-06,1.538138199951123e-05,7.91102368802757e-07,1.459027963070847e-05,5.456262212895004e-06
4362,0.8724,0.3,0.173011372054169,1.6700091623526025e-06,1.5434602024960206e-05,7.510029692455524e-07,1.4683599055714651e-05,5.465583065777876e-06
4363,0.8726,0.3,0.17389474740457814,1.6692331348746115e-06,1.5182209907468678e-05,6.345597814279366e-07,1.454765012604074e-05,5.474845409964932e-06
4364,0.8728,0.3,0.1738801975667647,1.678909945216912e-06,1.5274364769477197e-05,5.7237518759572e-07,1.4701989581881474e-05,5.484142418638722e-06
4365,0.873,0.3,0.1738380840163476,1.6944822099777445e-06,1.5361099581684208e-05,6.559999213235137e-07,1.470509966036069e-05,5.493473103839827e-06
4366,0.8732,0.3,0.17380389907963192,1.7025033943955987e-06,1.5380633235037504e-05,6.435239891197053e-07,1.4737109245917796e-05,5.5028185298306774e-06
4367,0.8734,0.3,0.17377240605314861,1.7198386671875306e-06,1.565461631260502e-05,8.752735340377357e-07,1.477934277856728e-05,5.5122472722649814e-06
4368,0.8736,0.3,0.17375145581339174,1.7350234134136215e-06,1.565084620182129e-05,6.332051392853538e-07,1.5017641062535931e-05,5.521686564777281e-06
4369,0.8738,0.3,0.17475888041005083,1.7464281802087662e-06,1.5709968487405437e-05,6.300471608737288e-07,1.5079921326531704e-05,5.531149979229545e-06
4370,0.874,0.3,0.17586162187514653,1.7469141553810337e-06,1.532943253590459e-05,2.9555804676088185e-07,1.5033874489143704e-05,5.5405231912204536e-06
4371,0.8742,0.3,0.17582765431548153,1.7573484783423137e-06,1.580725377970731e-05,6.792984945156703e-07,1.5127955285191638e-05,5.5500310262010635e-06
4372,0.8744,0.3,0.17580500221911116,1.746079079930988e-06,1.5687193812631655e-05,7.390550655540762e-07,1.4948138747077575e-05,5.559511848455421e-06
4373,0.8746,0.3,0.17577411822140948,1.754631844629682e-06,1.5926243477076167e-05,8.270252645838934e-07,1.509921821249227e-05,5.5690645379798445e-06
4374,0.8748,0.3,0.17574885695267572,1.7435107244624354e-06,1.5732936916990925e-05,7.194125808721546e-07,1.5013524336118767e-05,5.578572713142635e-06
4375,0.875,0.3,0.17571856842849182,1.7469284702605316e-06,1.559856329023919e-05,6.097175013737268e-07,1.498884578886546e-05,5.588053975186375e-06
4376,0.8752,0.3,0.1764612335409358,1.750695028833763e-06,1.576370564663144e-05,6.135265587785522e-07,1.5150179087852885e-05,5.597586043562226e-06
4377,0.8754,0.3,0.1764263435526403,1.764100252821162e-06,1.604864923250024e-05,8.217290157986963e-07,1.522692021670154e-05,5.60720418055922e-06
4378,0.8756,0.3,0.17638928293814352,1.773295516542255e-06,1.6048786175238235e-05,7.86517468953906e-07,1.5262268706284325e-05,5.616833584132508e-06
4379,0.8758,0.3,0.1763564577388587,1.7808897071550909e-06,1.5960029505739004e-05,6.213904590262663e-07,1.5338639046712735e-05,5.626449168168879e-06
4380,0.876,0.3,0.17819084222331294,1.7941425291683206e-06,1.6293049796198338e-05,8.342015988228851e-07,1.545884819737545e-05,5.636161439006282e-06
4381,0.8762,0.3,0.17816183717450806,1.812145303109978e-06,1.6093467522555768e-05,5.65088462351232e-07,1.552837906020453e-05,5.64583398087476e-06
4382,0.8764,0.3,0.178112697150619,1.8363330086857187e-06,1.6227777697840753e-05,5.894892151887826e-07,1.5638288482651967e-05,5.655555382546557e-06
4383,0.8766,0.3,0.17807989199305194,1.847292544903386e-06,1.627382613091425e-05,5.004500977744413e-07,1.5773376033139803e-05,5.665305767251541e-06
4384,0.8768,0.3,0.1780321714740176,1.8473885303605184e-06,1.660366142377299e-05,6.914569312965326e-07,1.5912204492476456e-05,5.675151100000835e-06
4385,0.877,0.3,0.178008288944947,1.857197520438948e-06,1.659031817473086e-05,7.263410980763182e-07,1.586397707665454e-05,5.685003073860174e-06
4386,0.8772,0.3,0.1787889001202981,1.8557324300482152e-06,1.675336968275844e-05,1.0668760654264142e-06,1.5686493617332022e-05,5.694904078669448e-06
4387,0.8774,0.3,0.1787500870096522,1.8556817955201636e-06,1.6245600982257613e-05,5.804984963148625e-07,1.5665102485942747e-05,5.704681911484948e-06
4388,0.8776,0.3,0.17872329319168795,1.8659326667176276e-06,1.6110070341246357e-05,4.32444721269031e-07,1.567762561997732e-05,5.714434506366608e-06
4389,0.8778,0.3,0.17868245227138913,1.871652805340918e-06,1.6410530800940626e-05,5.96741242535273e-07,1.581378955840535e-05,5.724274542134229e-06
4390,0.878,0.3,0.17864082120728164,1.8734328376954756e-06,1.6746890792693212e-05,8.304926119567049e-07,1.5916398180736502e-05,5.734209707330211e-06
4391,0.8782,0.3,0.18060951602241573,1.876036483644287e-06,1.6315451018030498e-05,5.095830660374693e-07,1.5805867951993025e-05,5.744040716323564e-06
4392,0.8784,0.3,0.1816667570773028,1.893720344798459e-06,1.644043254222496e-05,6.880158720951508e-07,1.5752416670129807e-05,5.753916200174786e-06
4393,0.8786,0.3,0.18160983887088086,1.9074793835706302e-06,1.65775098610061e-05,7.913695288688753e-07,1.578614033213722e-05,5.7638385462781364e-06
4394,0.8788,0.3,0.18155976514959288,1.908260128337373e-06,1.6467456334536405e-05,5.537113277808522e-07,1.5913745006755548e-05,5.773740316964295e-06
4395,0.879,0.3,0.1815340329438982,1.9144727153757212e-06,1.66913138621748e-05,6.074554579673309e-07,1.6083858404207465e-05,5.78371058855677e-06
4396,0.8792,0.3,0.18149324574679343,1.93571046343773e-06,1.6983285364499368e-05,7.010001683228339e-07,1.628228519617653e-05,5.793772510240214e-06
4397,0.8794,0.3,0.18145716229221348,1.9428657354367094e-06,1.7110410047282476e-05,7.381521648871406e-07,1.637225788239533e-05,5.803877223784939e-06
4398,0.8796,0.3,0.18241714499940495,1.9530828075511893e-06,1.7185853233312256e-05,8.856953336316379e-07,1.6300157899680615e-05,5.814014075587104e-06
4399,0.8798,0.3,0.18338657752209991,1.9432853092615867e-06,1.6981691004372952e-05,8.44853395419288e-07,1.6136837608953662e-05,5.824103195976062e-06
4400,0.88,0.3,0.18335903111499,1.949344112394349e-06,1.6877955820898485e-05,7.441004246050621e-07,1.613385539629342e-05,5.834176861636239e-06
4401,0.8802,0.3,0.1833269303759532,1.9557214387265842e-06,1.6946818689919717e-05,7.953063324578244e-07,1.615151235746189e-05,5.844279304087313e-06
4402,0.8804,0.3,0.18420352749168814,1.9609413350673186e-06,1.693568149371221e-05,8.95606091906787e-07,1.604007540180542e-05,5.854389584230656e-06
4403,0.8806,0.3,0.18416787642425866,1.9620034433615796e-06,1.6863644335627308e-05,7.616268438602786e-07,1.6102017491767027e-05,5.864489453250651e-06
4404,0.8808,0.3,0.1841414366900839,1.960127348186922e-06,1.711595890553235e-05,9.306630352062722e-07,1.6185295870326074e-05,5.874662309281222e-06
4405,0.881,0.3,0.1841100554698506,1.9720270063332065e-06,1.6907727333687767e-05,8.124430144633098e-07,1.6095284319224452e-05,5.884792019307473e-06
4406,0.8812,0.3,0.18408543756953513,1.973946301440343e-06,1.6783648891531214e-05,6.409813985482159e-07,1.6142667492982994e-05,5.8948995133438305e-06
4407,0.8814,0.3,0.18404214055728566,1.9618387611393576e-06,1.6618232890997075e-05,6.576494650868297e-07,1.596058342591024e-05,5.9049689241416744e-06
4408,0.8816,0.3,0.18400419412970043,1.9513612378732947e-06,1.6342836896646134e-05,5.041928129257613e-07,1.583864408372037e-05,5.914971576782101e-06
4409,0.8818,0.3,0.1839611744309366,1.9519558977217327e-06,1.6177103569894205e-05,3.13658145132183e-07,1.586344542476202e-05,5.924939332819117e-06
4410,0.882,0.3,0.18391561007736668,1.974393116529919e-06,1.684552609804866e-05,7.479922726590088e-07,1.6097533825389646e-05,5.935095313871963e-06
4411,0.8822,0.3,0.18387801294582112,1.9711813547800316e-06,1.6761119270819967e-05,8.385220890912124e-07,1.592259718172875e-05,5.945236083652504e-06
4412,0.8824,0.3,0.18385514528107438,1.9926014976550055e-06,1.7031066289690896e-05,7.898501245246404e-07,1.624121616516625e-05,5.955460562207753e-06
4413,0.8826,0.3,0.18381894288781914,1.996322830594412e-06,1.708293327053e-05,9.330913977818969e-07,1.61498418727481e-05,5.965706951880836e-06
4414,0.8828,0.3,0.18376917041592136,1.999250156922472e-06,1.6986156320771526e-05,9.885050616889582e-07,1.5997651259082564e-05,5.975936379651745e-06
4415,0.883,0.3,0.18374536570824732,2.013606565058796e-06,1.6966293522175014e-05,8.259221505018598e-07,1.614037137167315e-05,5.98617198561412e-06
4416,0.8832,0.3,0.1837175482650465,2.016205506603416e-06,1.724303173327739e-05,1.1019308122843292e-06,1.614110092099306e-05,5.996488152457649e-06
4417,0.8834,0.3,0.18366043118876627,2.025659904571616e-06,1.6571652871618273e-05,4.867775384082583e-07,1.6084875333210013e-05,6.006641044123771e-06
4418,0.8836,0.3,0.18362902002257328,2.0339658812036116e-06,1.690182173690476e-05,7.566323076067585e-07,1.6145189429298e-05,6.01688942644979e-06
4419,0.8838,0.3,0.1854944019024174,2.0360930389083554e-06,1.688058029274312e-05,7.325084276997035e-07,1.614807186504341e-05,6.027141228536192e-06
4420,0.884,0.3,0.1854882648727765,2.0406621447803203e-06,1.6789381566160173e-05,6.537546283512559e-07,1.6135626937808912e-05,6.03737833372499e-06
4421,0.8842,0.3,0.18623268968130294,2.043633367029431e-06,1.706877155043526e-05,9.235006815005303e-07,1.6145270868934726e-05,6.04769629068891e-06
4422,0.8844,0.3,0.18617003164517842,2.05457132876517e-06,1.688365388437348e-05,7.078890986992519e-07,1.6175764785674226e-05,6.05797766373385e-06
4423,0.8846,0.3,0.18702567436319087,2.064936714658154e-06,1.700622149063214e-05,7.430626802050854e-07,1.6263158810427052e-05,6.068301047103395e-06
4424,0.8848,0.3,0.18895803274205514,2.0632705991998697e-06,1.6859300800228922e-05,6.116681509146899e-07,1.6247632649314228e-05,6.078594314786578e-06
4425,0.885,0.3,0.18893272811667786,2.0731332702865507e-06,1.710309782845083e-05,6.827228064011748e-07,1.642037502204965e-05,6.088963059991063e-06
4426,0.8852,0.3,0.19076137353634798,2.0825890378967526e-06,1.7062075721683566e-05,7.386249427032512e-07,1.632345077898031e-05,6.099331446034674e-06
4427,0.8854,0.3,0.19071455038472201,2.103746016281819e-06,1.7433139048137795e-05,8.066551478123787e-07,1.6626483900325412e-05,6.109809850691069e-06
4428,0.8856,0.3,0.19068693830800834,2.099692230147978e-06,1.734146076092347e-05,7.987041432529016e-07,1.6542756617670564e-05,6.120271538321162e-06
4429,0.8858,0.3,0.19065040902342056,2.09915866241951e-06,1.6965118224751794e-05,4.837587791601842e-07,1.6481359445591605e-05,6.130642736638368e-06
4430,0.886,0.3,0.19059573445515401,2.105495021150361e-06,1.7223296663062257e-05,8.524680183943631e-07,1.637082864466789e-05,6.141089823838712e-06
4431,0.8862,0.3,0.19056729037294826,2.105610311183094e-06,1.7116313879512483e-05,8.286970719950861e-07,1.6287616807517393e-05,6.151516544329298e-06
4432,0.8864,0.3,0.19144410703542902,2.116080348895829e-06,1.721089002336081e-05,8.738325452737441e-07,1.633705747808706e-05,6.16197927346284e-06
4433,0.8866,0.3,0.19140403262909947,2.1216933870302414e-06,1.7109620573901415e-05,5.535420473614381e-07,1.655607852653997e-05,6.172427653193582e-06
4434,0.8868,0.3,0.1924133723684263,2.1267268937636954e-06,1.7612086220202456e-05,7.92141258839325e-07,1.681994496136313e-05,6.1830161336036794e-06
4435,0.887,0.3,0.19237727192873022,2.132597516094247e-06,1.7769699818874947e-05,9.123628377873123e-07,1.685733698108763e-05,6.1936551992438145e-06
4436,0.8872,0.3,0.19234455902750922,2.1446879107023017e-06,1.777708623393068e-05,9.192979428784986e-07,1.685778829105218e-05,6.204306992255656e-06
4437,0.8874,0.3,0.19323373660274173,2.1415443518321724e-06,1.7577068991507346e-05,5.022414744189347e-07,1.707482751708841e-05,6.214913768078311e-06
4438,0.8876,0.3,0.19318059192119885,2.140960697934223e-06,1.8332090508193242e-05,1.1189018109793314e-06,1.7213188697213907e-05,6.225724212284172e-06
4439,0.8878,0.3,0.19313972673807023,2.144273067178974e-06,1.781221439350942e-05,7.533053454649639e-07,1.7058909048044452e-05,6.2364093406421405e-06
4440,0.888,0.3,0.19418475169688967,2.1423938922653774e-06,1.777667220164361e-05,7.400183689670738e-07,1.7036653832676532e-05,6.247092319716171e-06
4441,0.8882,0.3,0.1941465312110934,2.1383955213314964e-06,1.780378317886696e-05,7.844020413571752e-07,1.701938113750978e-05,6.25778977491799e-06
4442,0.8884,0.3,0.19494679830839845,2.1417957298231085e-06,1.8057591577183707e-05,9.328428067240975e-07,1.7124748770459607e-05,6.268561956488607e-06
4443,0.8886,0.3,0.19593630381351912,2.1443343819172368e-06,1.786560122698583e-05,8.100246434799493e-07,1.7055576583505877e-05,6.279292787570891e-06
4444,0.8888,0.3,0.19688026108738627,2.156492331553815e-06,1.8376124323353432e-05,9.511676438304575e-07,1.7424956679522973e-05,6.290168110161396e-06
4445,0.889,0.3,0.19784294942426206,2.1686916321240715e-06,1.8444177065182454e-05,8.417356995957315e-07,1.760244136558672e-05,6.3010732580919606e-06
4446,0.8892,0.3,0.19993374127714458,2.1846753313873867e-06,1.8580209582042468e-05,8.179622363443209e-07,1.7762247345698143e-05,6.312026510795448e-06
4447,0.8894,0.3,0.1998942141989281,2.189712080994146e-06,1.8546033608493055e-05,7.214913751714236e-07,1.782454223332163e-05,6.322980552714142e-06
4448,0.8896,0.3,0.2007280433213184,2.1902173579482847e-06,1.8265151424763227e-05,7.53054214053947e-07,1.7512097210709278e-05,6.33386976226631e-06
4449,0.8898,0.3,0.20067050222934907,2.202214384160345e-06,1.8321916695642114e-05,7.950764744469236e-07,1.7526840221195186e-05,6.344788666684643e-06
4450,0.89,0.3,0.2006378224085673,2.207385795351549e-06,1.8218677292104427e-05,7.298926288788253e-07,1.74887846632256e-05,6.355690717674567e-06
4451,0.8902,0.3,0.2006022924766504,2.221330525457851e-06,1.8350424583211717e-05,8.61348657389394e-07,1.748907592582232e-05,6.366639054812333e-06
4452,0.8904,0.3,0.20054808880221486,2.2240997192655935e-06,1.8351238701337614e-05,7.731687976493586e-07,1.7578069903688252e-05,6.377596525869638e-06
4453,0.8906,0.3,0.20050438584462077,2.2312170157108986e-06,1.824313358437467e-05,7.626035996541378e-07,1.7480529984720527e-05,6.3885361563194265e-06
4454,0.8908,0.3,0.20253601829032822,2.2352418916187447e-06,1.8433988168588702e-05,9.913069963054783e-07,1.744268117228322e-05,6.399534369989649e-06
4455,0.891,0.3,0.20342765877479335,2.2518518257792233e-06,1.8287793239798828e-05,5.947152366298598e-07,1.7693078003168965e-05,6.410508521480093e-06
4456,0.8912,0.3,0.20338575765900682,2.2573479874912076e-06,1.8355389576701752e-05,8.334178875333374e-07,1.752197168916841e-05,6.421510059952969e-06
4457,0.8914,0.3,0.20335021117303995,2.269466588835647e-06,1.8414383412521503e-05,7.077830792765e-07,1.7706600333245e-05,6.432539321932937e-06
4458,0.8916,0.3,0.20420132489271572,2.280811338824898e-06,1.8690912053488918e-05,7.566918141157641e-07,1.793422023937315e-05,6.443651940407429e-06
4459,0.8918,0.3,0.20416315397515775,2.2983097974177464e-06,1.870412925202978e-05,8.072803016978413e-07,1.7896848950331935e-05,6.454781013067151e-06
4460,0.892,0.3,0.20411837984735798,2.3049375610133763e-06,1.874145347396726e-05,8.984728469554479e-07,1.7842980627011806e-05,6.465930355654655e-06
4461,0.8922,0.3,0.20505616931796503,2.326775518380517e-06,1.8763270998495484e-05,6.417777618102043e-07,1.8121493236685278e-05,6.4771019252624314e-06
4462,0.8924,0.3,0.20703512859780288,2.3319867471752695e-06,1.8925422236297286e-05,6.862946872326012e-07,1.8239127549064683e-05,6.488326105135404e-06
4463,0.8926,0.3,0.20699589122634077,2.333915751624275e-06,1.897253548705173e-05,8.450847573863355e-07,1.812745072966539e-05,6.499571853159238e-06
4464,0.8928,0.3,0.2069567015834372,2.333554565956084e-06,1.8807376196353733e-05,8.093321780667191e-07,1.799804401828701e-05,6.5107823495687824e-06
4465,0.893,0.3,0.20690506476685105,2.3397874701471136e-06,1.9016428744348146e-05,9.095465718417857e-07,1.8106882172506356e-05,6.522056763740462e-06
4466,0.8932,0.3,0.2079845521216026,2.344132186176901e-06,1.9149653806325467e-05,9.506408680171677e-07,1.8199012938308295e-05,6.533374873639031e-06
4467,0.8934,0.3,0.2079366413739994,2.33709016450338e-06,1.8898127177428573e-05,9.54460531461089e-07,1.794366664596748e-05,6.544634677482035e-06
4468,0.8936,0.3,0.2089402112669488,2.346361094815582e-06,1.8797225617572808e-05,9.140141553870844e-07,1.7883211462185722e-05,6.555879263388563e-06
4469,0.8938,0.3,0.20890476442589195,2.3471383565063107e-06,1.884337465393786e-05,9.748280120092961e-07,1.786854664192856e-05,6.567143945584337e-06
4470,0.894,0.3,0.20887497815482162,2.3519460987281252e-06,1.8771045017974e-05,9.58122652967641e-07,1.7812922365006355e-05,6.5784018789096725e-06
4471,0.8942,0.3,0.2107631003632791,2.3647087045191963e-06,1.883368940485542e-05,8.071968804230274e-07,1.8026492524432388e-05,6.589688108756702e-06
4472,0.8944,0.3,0.2107242377521732,2.3711945837071194e-06,1.8491329629749958e-05,4.97650587158943e-07,1.799367904259101e-05,6.60090267873933e-06
4473,0.8946,0.3,0.2114750783996182,2.3778769934715716e-06,1.8673229899003242e-05,6.897661631938085e-07,1.798346373580943e-05,6.612173953572113e-06
4474,0.8948,0.3,0.21234565949098297,2.3760515501345345e-06,1.8427812574192925e-05,7.999317386228001e-07,1.762788083557012e-05,6.623389682301964e-06
4475,0.895,0.3,0.21227632058212462,2.397152559860213e-06,1.8688878352312776e-05,1.004143683284985e-06,1.7684734669027787e-05,6.634687386357752e-06
4476,0.8952,0.3,0.212239028392125,2.409390558466485e-06,1.8510236659148103e-05,7.004037516514316e-07,1.7809832907496667e-05,6.64594955919242e-06
4477,0.8954,0.3,0.21219719847343277,2.4068517820749247e-06,1.848791345036489e-05,5.69569188080676e-07,1.791834426228421e-05,6.657213302990441e-06
4478,0.8956,0.3,0.21417528541899936,2.419233136458751e-06,1.89433948572406e-05,6.415527444882573e-07,1.830184211275234e-05,6.668608157581957e-06
4479,0.8958,0.3,0.21512799596676593,2.4170319249342118e-06,1.9035820587854516e-05,9.279596583769436e-07,1.8107860929477568e-05,6.680034194843064e-06
4480,0.896,0.3,0.21509067826994127,2.4072128554671587e-06,1.8859130391508697e-05,8.546753296677728e-07,1.800445506184092e-05,6.691419598809271e-06
4481,0.8962,0.3,0.21504486770235448,2.4128778806334583e-06,1.9102220627229676e-05,9.415430468986107e-07,1.8160677580331062e-05,6.70287784863367e-06
4482,0.8964,0.3,0.21600965088405272,2.4271868067734754e-06,1.891057472792923e-05,7.114565100140482e-07,1.8199118217915176e-05,6.714297891912762e-06
4483,0.8966,0.3,0.21695029507956254,2.439438680074811e-06,1.9162996868868774e-05,9.949470365624165e-07,1.8168049832306355e-05,6.725795104509603e-06
4484,0.8968,0.3,0.21689923534716754,2.4483658373076375e-06,1.911322923430333e-05,1.0069570646051669e-06,1.8106272169698162e-05,6.737290024906488e-06
4485,0.897,0.3,0.21684534521687285,2.46014264164788e-06,1.930946005427994e-05,1.2174863401272214e-06,1.8091973714152717e-05,6.748847419020298e-06
4486,0.8972,0.3,0.2167846584178194,2.4703819139538184e-06,1.879430353182455e-05,5.880153901025667e-07,1.8206288141721978e-05,6.7602817658148534e-06
4487,0.8974,0.3,0.21674905505901587,2.484040482893188e-06,1.9349912173146306e-05,1.0378462888476786e-06,1.8312065884298624e-05,6.771871699091292e-06
4488,0.8976,0.3,0.21763474314720596,2.500111323254684e-06,1.9571956675471805e-05,1.1822464392789592e-06,1.8389710236192842e-05,6.783531266620243e-06
4489,0.8978,0.3,0.21862734485098193,2.518966343158431e-06,1.93568663287223e-05,9.994236133927767e-07,1.8357442715329522e-05,6.795148428202364e-06
4490,0.898,0.3,0.21857824224911596,2.5214210759765773e-06,1.8768064608229564e-05,7.230462496485232e-07,1.8045018358581037e-05,6.8066239807511975e-06
4491,0.8982,0.3,0.2195510646626031,2.5322053732227214e-06,1.8890920647405815e-05,9.194293876212486e-07,1.7971491259784562e-05,6.818143101554348e-06
4492,0.8984,0.3,0.219489749673599,2.556315297679232e-06,1.9428328010789843e-05,9.583754105875029e-07,1.8469952600202335e-05,6.829817893716681e-06
4493,0.8986,0.3,0.22058613225587984,2.5583472032667175e-06,1.9158907158639025e-05,8.119826945339716e-07,1.834692446410505e-05,6.841431530514105e-06
4494,0.8988,0.3,0.22053698308524725,2.5699070952816852e-06,1.9678347648301267e-05,1.2146185887496465e-06,1.8463729059551617e-05,6.853194552564932e-06
4495,0.899,0.3,0.2204765404547856,2.5743526568554458e-06,1.901543052690049e-05,6.890396424169233e-07,1.8326390884483564e-05,6.864796864580636e-06
4496,0.8992,0.3,0.2204289999667107,2.588876362525739e-06,1.9494635512897088e-05,9.176496525142705e-07,1.8576985860382814e-05,6.876537960739112e-06
4497,0.8994,0.3,0.22036524129971025,2.6091047302089983e-06,1.962407689693412e-05,9.797544769008314e-07,1.8644322420033285e-05,6.8883285719315645e-06
4498,0.8996,0.3,0.22031709727964396,2.633372150958546e-06,1.9390448920778778e-05,5.225496680899635e-07,1.886789925268881e-05,6.900074048131338e-06
4499,0.8998,0.3,0.22130378263866707,2.632109060526174e-06,1.9682695027177754e-05,9.207903214548359e-07,1.8761904705722913e-05,6.911903598724918e-06
4500,0.9,0.3,0.2212637432210261,2.6664303519913484e-06,2.0091238947274105e-05,9.28717940094898e-07,1.9162521007179203e-05,6.923857256952271e-06
4501,0.9002,0.3,0.22120703091287625,2.674734055172101e-06,2.014344967389042e-05,9.118254450540144e-07,1.9231624228836403e-05,6.9358352518327035e-06
4502,0.9004,0.3,0.2221323959432458,2.694799616319868e-06,1.981524079000799e-05,5.848817025303209e-07,1.9230359087477666e-05,6.947741342478555e-06
4503,0.9006,0.3,0.2220940063379068,2.6989073555014026e-06,2.010216163049303e-05,6.448469479957466e-07,1.9457314682497278e-05,6.9597330577291e-06
4504,0.9008,0.3,0.22203203468048366,2.70617144085802e-06,2.0114173590741097e-05,6.12196774740863e-07,1.950197681600023e-05,6.971738071559723e-06
4505,0.901,0.3,0.2220025736925485,2.7112373544669584e-06,2.022396463581554e-05,8.563589530574816e-07,1.9367605682758057e-05,6.9837839215420684e-06
4506,0.9012,0.3,0.22195980510990182,2.7169889141629744e-06,2.0058688890223363e-05,7.821604025403983e-07,1.927652848768296e-05,6.995797259079906e-06
4507,0.9014,0.3,0.2219149071127535,2.725780780500733e-06,2.0133303678498284e-05,7.413917466948234e-07,1.9391911931803456e-05,7.007841914772459e-06
4508,0.9016,0.3,0.22187621494155288,2.7232535039655594e-06,2.0264120452084753e-05,8.321968647247664e-07,1.9431923587359983e-05,7.019929783131717e-06
4509,0.9018,0.3,0.22182043423978828,2.7315327105650013e-06,2.0416975270930535e-05,7.013397238514032e-07,1.971563554707913e-05,7.032068275804332e-06
4510,0.902,0.3,0.22177551039385401,2.738874761952357e-06,2.0414486121528876e-05,8.253253568863044e-07,1.958916076464257e-05,7.044216997353836e-06
4511,0.9022,0.3,0.22172950031214547,2.755297702937106e-06,2.040278367559191e-05,7.531048318344034e-07,1.9649678843757504e-05,7.0563757885804e-06
4512,0.9024,0.3,0.22167406508931323,2.7663122530487717e-06,2.084532676643681e-05,1.0263087171549193e-06,1.981901804928189e-05,7.068662541987853e-06
4513,0.9026,0.3,0.22162494333245325,2.7668006504972028e-06,2.026147329495627e-05,5.240574162485189e-07,1.973741587870775e-05,7.080807453486369e-06
4514,0.9028,0.3,0.22157907798252408,2.7796474817139524e-06,2.057318653250518e-05,7.822249008476602e-07,1.9790961631657515e-05,7.093046531905451e-06
4515,0.903,0.3,0.2215351350059241,2.7863114990463274e-06,2.088629014121513e-05,7.950160322367376e-07,2.009127410897839e-05,7.10537907288935e-06
4516,0.9032,0.3,0.22147784764526088,2.7852313574192412e-06,2.1264662823633458e-05,9.60476578427053e-07,2.0304186245206402e-05,7.117820421752541e-06
4517,0.9034,0.3,0.22142598863688506,2.7784917521905785e-06,2.110261165300672e-05,8.22750712156646e-07,2.027986094085007e-05,7.130228640729981e-06
4518,0.9036,0.3,0.22136474723077598,2.783222008348851e-06,2.0849292444187024e-05,6.430865962303898e-07,2.020620584795663e-05,7.142586524920708e-06
4519,0.9038,0.3,0.22239100856345229,2.793521898924839e-06,2.1050853545577086e-05,5.816355835732817e-07,2.04692179620038e-05,7.155009418368195e-06
4520,0.904,0.3,0.2233955022864277,2.789155129576649e-06,2.152283374625594e-05,1.2148904970942084e-06,2.0307943249161728e-05,7.167565828343823e-06
4521,0.9042,0.3,0.22334915182971582,2.796807669456404e-06,2.0849420749633996e-05,5.948276915652151e-07,2.025459305806878e-05,7.179961650576893e-06
4522,0.9044,0.3,0.2232985034988902,2.8146961000052564e-06,2.078355756504645e-05,6.515076085861495e-07,2.0132049956460297e-05,7.19235489047841e-06
4523,0.9046,0.3,0.22491630223403528,2.8198412361079295e-06,2.1029343196744855e-05,8.696900238764871e-07,2.0159653172868363e-05,7.20482260490422e-06
4524,0.9048,0.3,0.22487366212921497,2.8293658069301983e-06,2.110979322994012e-05,9.107480834555554e-07,2.019904514648456e-05,7.217327522535189e-06
4525,0.905,0.3,0.2248146191631101,2.8382296447131075e-06,2.078986941338245e-05,7.180963835495427e-07,2.0071773029832903e-05,7.229760574997754e-06
4526,0.9052,0.3,0.22476989606076075,2.8554024597933437e-06,2.150740626006611e-05,1.1791732205612778e-06,2.032823303950483e-05,7.242396831099646e-06
4527,0.9054,0.3,0.22470683247833131,2.8721806130971255e-06,2.152920171900209e-05,1.1710678713721023e-06,2.0358133847629985e-05,7.255054868697213e-06
4528,0.9056,0.3,0.22465016686801495,2.884541703696376e-06,2.1106399637167764e-05,8.264001142738619e-07,2.02799995228939e-05,7.267616121811705e-06
4529,0.9058,0.3,0.22556549932357384,2.885806636952473e-06,2.1117628925477308e-05,9.502371734512081e-07,2.0167391752026098e-05,7.28019012772595e-06
4530,0.906,0.3,0.2254998026513906,2.905464959300881e-06,2.1364627119682583e-05,1.0059468597778463e-06,2.0358680259904732e-05,7.292842275123137e-06
4531,0.9062,0.3,0.22546258782396453,2.9119524318502912e-06,2.1554079334413266e-05,1.2922935248621473e-06,2.0261785809551115e-05,7.305554434755921e-06
4532,0.9064,0.3,0.22637735039431753,2.915827571269497e-06,2.1554179493763376e-05,1.1109677865159871e-06,2.0443211707247386e-05,7.318277553750557e-06
4533,0.9066,0.3,0.22631276734964012,2.936510953451581e-06,2.1530217432845944e-05,9.214066654557679e-07,2.0608810767390172e-05,7.331009956225708e-06
4534,0.9068,0.3,0.2262759112786926,2.9522572475383412e-06,2.191121770798603e-05,1.119627903645092e-06,2.0791589804340934e-05,7.343857612484971e-06
4535,0.907,0.3,0.2271415710183521,2.9657912720963535e-06,2.178899453589244e-05,8.017652570246108e-07,2.0987229278867828e-05,7.356686949931353e-06
4536,0.9072,0.3,0.2270766914936943,2.9737142064801335e-06,2.150804639915859e-05,6.362430163100302e-07,2.087180338284856e-05,7.3694550759861735e-06
4537,0.9074,0.3,0.22701037458328052,2.989184376311376e-06,2.1638402199705014e-05,8.446036040570274e-07,2.0793798595647984e-05,7.382270641660267e-06
4538,0.9076,0.3,0.22791478414425664,3.0020772740693745e-06,2.119654812966461e-05,7.461953687714441e-07,2.0450352760893165e-05,7.394984135887755e-06
4539,0.9078,0.3,0.22786312684586396,3.009227658005166e-06,2.1223509188153498e-05,1.1022341032835576e-06,2.0121275084869938e-05,7.407715538615858e-06
4540,0.908,0.3,0.22780651169243918,3.022928803101874e-06,2.0849251561911584e-05,7.863425641535961e-07,2.0062908997757984e-05,7.420364338325408e-06
4541,0.9082,0.3,0.22877746544318733,3.036927136752001e-06,2.135897938991048e-05,1.2293832484418827e-06,2.0129596141468594e-05,7.433159095586666e-06
4542,0.9084,0.3,0.22946353567615133,3.045909390763153e-06,2.0935375199170556e-05,6.217292292190235e-07,2.031364596995153e-05,7.445854992562797e-06
4543,0.9086,0.3,0.23045267287283622,3.049749399522667e-06,2.0655680977652222e-05,5.880455804772987e-07,2.006763539717492e-05,7.458488747151364e-06
4544,0.9088,0.3,0.23040869416468251,3.0574016093078782e-06,2.090477254071526e-05,1.0075763529679885e-06,1.9897196187747267e-05,7.471200772791568e-06
4545,0.909,0.3,0.23035771589452525,3.0692598056436423e-06,2.0874896572172716e-05,9.808546655741924e-07,1.989404190659852e-05,7.483917720500683e-06
4546,0.9092,0.3,0.23029520776878956,3.0829745371119356e-06,2.1207014943397562e-05,9.656493229135925e-07,2.0241365620483967e-05,7.4967356842218125e-06
4547,0.9094,0.3,0.23024135806062987,3.0792082428824124e-06,2.0851463766626756e-05,7.364095120371103e-07,2.0115054254589644e-05,7.509469421737955e-06
4548,0.9096,0.3,0.23017786075389152,3.07000438945584e-06,2.0636488765009263e-05,9.25295445924622e-07,1.971119331908464e-05,7.522153525459205e-06
4549,0.9098,0.3,0.23010687086593848,3.0696844993000684e-06,2.028958785666733e-05,7.638699790900526e-07,1.9525717877577275e-05,7.534757146761222e-06
4550,0.91,0.3,0.23005776743394088,3.0752602502149795e-06,2.0489881877602468e-05,7.051749617197444e-07,1.978470691588272e-05,7.547423288736107e-06
4551,0.9102,0.3,0.23099605331167963,3.0910779243453903e-06,2.110430372238351e-05,8.996681188614134e-07,2.0204635603522093e-05,7.560264966020248e-06
4552,0.9104,0.3,0.2318885584654637,3.09896828286457e-06,2.1125574938801156e-05,9.42549812696783e-07,2.018302512610437e-05,7.573125096352943e-06
4553,0.9106,0.3,0.23183723310558338,3.1049748354611826e-06,2.118443121676572e-05,8.471707403095849e-07,2.0337260476456134e-05,7.5860122000361515e-06
4554,0.9108,0.3,0.2338680380321644,3.1165846703901925e-06,2.157486621393992e-05,9.524515593195612e-07,2.0622414654620353e-05,7.599014097815928e-06
4555,0.911,0.3,0.2347045146859575,3.1267150088113397e-06,2.1368440869178644e-05,7.327397784995944e-07,2.0635701090679047e-05,7.61197593783976e-06
4556,0.9112,0.3,0.23463343625264907,3.1281626746734343e-06,2.1088463680608946e-05,7.29388556549516e-07,2.0359075124059425e-05,7.624876180481876e-06
4557,0.9114,0.3,0.23456941134962597,3.143439324649256e-06,2.140694751660399e-05,9.038947994928894e-07,2.05030527171111e-05,7.637873276339222e-06
4558,0.9116,0.3,0.23451159118074874,3.151422401524736e-06,2.1399840403544142e-05,7.2953971630183e-07,2.067030068724231e-05,7.650881213454647e-06
4559,0.9118,0.3,0.23443860359393592,3.1601870241737686e-06,2.1804451282890966e-05,1.1600918555777907e-06,2.0644359427313173e-05,7.664006245104755e-06
4560,0.912,0.3,0.23531318385478892,3.1743577498126824e-06,2.1785382717326227e-05,1.026194973967665e-06,2.0759187743358558e-05,7.677139296271006e-06
4561,0.9122,0.3,0.2352453850308518,3.1838475643425453e-06,2.1997090501756266e-05,1.1075921611604073e-06,2.0889498340595856e-05,7.690340547460116e-06
4562,0.9124,0.3,0.23517360287192324,3.1970835044586117e-06,2.1686353473541593e-05,8.468217476514606e-07,2.083953172589013e-05,7.703475097065946e-06
4563,0.9126,0.3,0.23509426303384498,3.2134961209569547e-06,2.201385288871642e-05,9.603556020895562e-07,2.105349728662686e-05,7.716708119565535e-06
4564,0.9128,0.3,0.23504267734170367,3.223155157998062e-06,2.1858571341944197e-05,8.522460470459394e-07,2.1006325294898255e-05,7.729912750588854e-06
4565,0.913,0.3,0.2349830579852429,3.2277179901902075e-06,2.2089308951079643e-05,1.1206047952371174e-06,2.096870415584252e-05,7.743190412255477e-06
4566,0.9132,0.3,0.23494017113918916,3.2373603499173263e-06,2.1794313589773044e-05,1.0058911742590364e-06,2.0788422415514004e-05,7.756403882069094e-06
4567,0.9134,0.3,0.2348691876470912,3.246820741761786e-06,2.1654628916311695e-05,8.922144735020125e-07,2.076241444280968e-05,7.769594544535084e-06
4568,0.9136,0.3,0.23482940332881788,3.2644186960083366e-06,2.1793535690549275e-05,7.766883488061582e-07,2.1016847341743114e-05,7.78283626863779e-06
4569,0.9138,0.3,0.23475903991211416,3.2747565058491006e-06,2.1869664108963555e-05,1.0018751190899993e-06,2.0867788989873552e-05,7.796110288462354e-06
4570,0.914,0.3,0.23470880572143263,3.285570670270676e-06,2.191672509796782e-05,9.82831549089479e-07,2.0933893548878336e-05,7.80940932275434e-06
4571,0.9142,0.3,0.23465449132195373,3.3103848671457874e-06,2.2521055489449458e-05,1.2338183511023736e-06,2.128723713834708e-05,7.822881217586236e-06
4572,0.9144,0.3,0.23545878854967023,3.3224020034213437e-06,2.2595702152498365e-05,1.2507072235245641e-06,2.1344994928973797e-05,7.836385820092904e-06
4573,0.9146,0.3,0.23731862686162658,3.3403623513135535e-06,2.213005830809904e-05,6.788183958555125e-07,2.1451239912243526e-05,7.849782793216017e-06
4574,0.9148,0.3,0.23724277262612106,3.360389971765301e-06,2.240585011459707e-05,8.608554588835386e-07,2.154499465571353e-05,7.863265546333309e-06
4575,0.915,0.3,0.23719525669600117,3.3758190401362037e-06,2.2280730479461662e-05,8.086492477298837e-07,2.1472081231731774e-05,7.876729046203704e-06
4576,0.9152,0.3,0.23714960117481101,3.3992337628135936e-06,2.1832580736752643e-05,5.366296442623546e-07,2.1295951092490285e-05,7.890089964644352e-06
4577,0.9154,0.3,0.23709273155949398,3.406818455430487e-06,2.1885727012437873e-05,6.463118031326653e-07,2.1239415209305205e-05,7.903476309701503e-06
4578,0.9156,0.3,0.23703897993150297,3.4066130334497727e-06,2.189568328539918e-05,9.18241050840641e-07,2.0977442234558536e-05,7.916874713346595e-06
4579,0.9158,0.3,0.23699302418043697,3.4132443077964834e-06,2.1695575745047468e-05,5.20016626094455e-07,2.117555911895301e-05,7.930232654480278e-06
4580,0.916,0.3,0.23693560326138963,3.4129819221833967e-06,2.226225534216309e-05,1.3138029869388882e-06,2.09484523552242e-05,7.943752542138202e-06
4581,0.9162,0.3,0.23780972609305737,3.432637668731695e-06,2.1982548882345852e-05,8.089505289535161e-07,2.117359835339233e-05,7.957214178491977e-06
4582,0.9164,0.3,0.2377386889432485,3.448639005995325e-06,2.2517022540127447e-05,1.2673722729429706e-06,2.1249650267184472e-05,7.970828866746963e-06
4583,0.9166,0.3,0.23765562312048907,3.4901705357808725e-06,2.2054448592599844e-05,7.154786246648585e-07,2.1338969967934983e-05,7.984336020815226e-06
4584,0.9168,0.3,0.2375845538011328,3.497125198354353e-06,2.257239587115541e-05,1.1948768748623104e-06,2.1377518996293094e-05,7.997989370204922e-06
4585,0.917,0.3,0.23751597783788556,3.5054020605230795e-06,2.206876038384348e-05,8.403234274544553e-07,2.1228436956389024e-05,8.011523715460478e-06
4586,0.9172,0.3,0.23745166465488374,3.5212412142911477e-06,2.2752877542398955e-05,1.2108553663223466e-06,2.1542022176076603e-05,8.025250007300471e-06
4587,0.9174,0.3,0.23738126942511303,3.5685476271755055e-06,2.2570598393288607e-05,8.487032498919321e-07,2.172189514339667e-05,8.03894322924882e-06
4588,0.9176,0.3,0.23731395084383947,3.5789337133009766e-06,2.233653915414424e-05,8.028907261255645e-07,2.1533648428018672e-05,8.052587753905274e-06
4589,0.9178,0.3,0.23724646955731346,3.5893783073675205e-06,2.2842914872354194e-05,1.2063248909714035e-06,2.1636589981382787e-05,8.066376158780055e-06
4590,0.918,0.3,0.2371887352076958,3.6382612209851166e-06,2.3020353816851837e-05,9.381888733033611e-07,2.2082164943548474e-05,8.080227746725584e-06
4591,0.9182,0.3,0.23808189537082636,3.6579371061451534e-06,2.297235497780768e-05,1.076470228434524e-06,2.1895884749373153e-05,8.094079809380542e-06
4592,0.9184,0.3,0.23802821120965584,3.6646518573960476e-06,2.2384584085776406e-05,6.36696835785733e-07,2.174788724999067e-05,8.107790006302142e-06
4593,0.9186,0.3,0.2379684565014679,3.668516629034306e-06,2.301495164754579e-05,1.2645837456246177e-06,2.1750367901921167e-05,8.121676518545486e-06
4594,0.9188,0.3,0.23789493944377021,3.6732042435745125e-06,2.271466793646468e-05,8.239394397842269e-07,2.189072849668045e-05,8.135498401893618e-06
4595,0.919,0.3,0.2378381523926528,3.6863534944113823e-06,2.269155266935923e-05,8.903648376027878e-07,2.180118783175644e-05,8.149327081845845e-06
4596,0.9192,0.3,0.2377589364615609,3.6949257524132595e-06,2.242434315464442e-05,7.113931812832936e-07,2.1712949973361122e-05,8.163097225822667e-06
4597,0.9194,0.3,0.238634008107339,3.7048883321355273e-06,2.2522128438863913e-05,8.549432198048657e-07,2.1667185219059045e-05,8.176904838124367e-06
4598,0.9196,0.3,0.23856836138524354,3.7165161026680283e-06,2.2697470439140378e-05,1.0859204506988199e-06,2.1611549988441556e-05,8.19077459886144e-06
4599,0.9198,0.3,0.2384982476692644,3.731318253106361e-06,2.2543369777966477e-05,7.034406540798694e-07,2.1839929123886605e-05,8.204618234286767e-06
4600,0.92,0.3,0.2384403044743289,3.7435877134845772e-06,2.2993625627387337e-05,1.1193737584537493e-06,2.1874251868933585e-05,8.218591671604968e-06
4601,0.9202,0.3,0.2383602388322654,3.753027879410209e-06,2.2771601928639205e-05,9.9933011973156e-07,2.177227180890764e-05,8.232519327645361e-06
4602,0.9204,0.3,0.23932872077134182,3.772907162727656e-06,2.2918122350213314e-05,7.846296566281438e-07,2.2133492693585166e-05,8.246500008319191e-06
4603,0.9206,0.3,0.2392514654828581,3.7747308088646216e-06,2.3177719427039743e-05,1.0407628264928388e-06,2.21369566005469e-05,8.26055798965381e-06
4604,0.9208,0.3,0.23919251576447126,3.772925886185459e-06,2.269222517798731e-05,9.591995914540825e-07,2.1733025586533225e-05,8.274500273877589e-06
4605,0.921,0.3,0.23912979216386487,3.774028481247311e-06,2.337870173267523e-05,1.4167947294065849e-06,2.196190700326864e-05,8.28863172084875e-06
4606,0.9212,0.3,0.23905823390977593,3.782294587746874e-06,2.3622225016537245e-05,1.614642265834575e-06,2.2007582750702665e-05,8.302838499531648e-06
4607,0.9214,0.3,0.23898146122921543,3.790093278995019e-06,2.2567886961450388e-05,8.636802569001387e-07,2.1704206704550246e-05,8.316784356561537e-06
4608,0.9216,0.3,0.2389124261002978,3.8020095635411976e-06,2.2451162927113284e-05,8.52358063705932e-07,2.159880486340735e-05,8.330713563293077e-06
4609,0.9218,0.3,0.23987579158124164,3.8076526652112853e-06,2.218504136792464e-05,7.469095096707982e-07,2.143813185825384e-05,8.344584474523343e-06
4610,0.922,0.3,0.23981860696294524,3.8141183565473304e-06,2.1894592548612334e-05,4.111227762036339e-07,2.1483469772408698e-05,8.35839235620287e-06
4611,0.9222,0.3,0.23974825810981848,3.8125363953957265e-06,2.192832860808059e-05,9.219216096598126e-07,2.1006406998420773e-05,8.372220046083355e-06
4612,0.9224,0.3,0.24058987858356365,3.819790203218602e-06,2.1954338164177772e-05,1.0715152989296477e-06,2.088282286524812e-05,8.38606623703752e-06
4613,0.9226,0.3,0.24052466140346504,3.829843446098151e-06,2.1513963742206467e-05,6.908359109453852e-07,2.082312783126108e-05,8.399811892057526e-06
4614,0.9228,0.3,0.24046689087739895,3.8405242323295624e-06,2.2020270220384618e-05,1.3127542192179429e-06,2.070751600116667e-05,8.413702317944487e-06
4615,0.923,0.3,0.2404038709503166,3.851040114873839e-06,2.1963602858667924e-05,1.1431557156250797e-06,2.082044714304284e-05,8.427591094504639e-06
4616,0.9232,0.3,0.24033580012565295,3.8623133782545515e-06,2.1594351886647046e-05,8.720404393510956e-07,2.0722311447295948e-05,8.44139622229537e-06
4617,0.9234,0.3,0.24120983172899857,3.9032729244808555e-06,2.161401262118878e-05,1.1056162280829775e-06,2.05083963931058e-05,8.455218963582584e-06
4618,0.9236,0.3,0.24211522563724794,3.908490807998935e-06,2.115999713410873e-05,6.751046819109844e-07,2.0484892452197744e-05,8.468935923058956e-06
4619,0.9238,0.3,0.24292277823412653,3.927435789839973e-06,2.1548377876458386e-05,7.693896874603949e-07,2.0778988188997986e-05,8.482770510323359e-06
4620,0.924,0.3,0.24282437244660315,3.945736681965553e-06,2.1912737755601913e-05,1.0251197365896425e-06,2.0887618019012267e-05,8.496715079907737e-06
4621,0.9242,0.3,0.24276506028065858,3.961368863330327e-06,2.226731463275534e-05,9.841716973463054e-07,2.1283142935409032e-05,8.510766540400749e-06
4622,0.9244,0.3,0.24351357170404625,3.9874002868058575e-06,2.2563448393103315e-05,9.439081778036968e-07,2.1619540215299615e-05,8.524911697377195e-06
4623,0.9246,0.3,0.24346721556439924,4.001010386973138e-06,2.2505277780889727e-05,6.34839999675964e-07,2.187043778121376e-05,8.539054949119562e-06
4624,0.9248,0.3,0.24340796487112942,4.010232116241887e-06,2.326123031729056e-05,1.1949686622123804e-06,2.2066261655078174e-05,8.553406136390666e-06
4625,0.925,0.3,0.24333671049273944,4.024230929186874e-06,2.337987205565606e-05,1.371547836834802e-06,2.2008324218821255e-05,8.567801637522323e-06
4626,0.9252,0.3,0.24327605807714459,4.041421189012541e-06,2.356356169847224e-05,1.3499422016305466e-06,2.2213619496841692e-05,8.582259365490597e-06
4627,0.9254,0.3,0.24413727116768388,4.04957380587808e-06,2.263889988070082e-05,8.841839260949978e-07,2.175471595460582e-05,8.596490125624142e-06
4628,0.9256,0.3,0.24407025099117027,4.066973539579661e-06,2.3018986478109603e-05,1.083102221576542e-06,2.1935884256533056e-05,8.610834061080676e-06
4629,0.9258,0.3,0.24481814310993902,4.085959102802228e-06,2.308988850591945e-05,5.9732697672073e-07,2.2492561529198717e-05,8.625213586510303e-06
4630,0.926,0.3,0.24561359458233506,4.084602167712789e-06,2.3069476391137122e-05,6.752805192981709e-07,2.2394195871838947e-05,8.639605971401112e-06
4631,0.9262,0.3,0.24657733311864155,4.096696307837144e-06,2.335550793095764e-05,9.80237279951453e-07,2.2375270651006183e-05,8.654088828602814e-06
4632,0.9264,0.3,0.24652914511263155,4.117445434570427e-06,2.3845977158605255e-05,1.2997251824413928e-06,2.254625197616386e-05,8.668721225893705e-06
4633,0.9266,0.3,0.24645633593408678,4.1236995717829365e-06,2.31984638523264e-05,8.310970468978979e-07,2.2367366805428497e-05,8.683197091734925e-06
4634,0.9268,0.3,0.2463856476500393,4.130968675543609e-06,2.3018459125262893e-05,6.566371628228687e-07,2.236182196244002e-05,8.697638175201801e-06
4635,0.927,0.3,0.2472717130781766,4.14569424841471e-06,2.31152423100253e-05,7.940002318764659e-07,2.2321242078148832e-05,8.712118570744647e-06
4636,0.9272,0.3,0.24719422587272205,4.153454721008362e-06,2.3532484182792815e-05,1.0169756786373671e-06,2.2515508504155443e-05,8.726719683906663e-06
4637,0.9274,0.3,0.24714076707182464,4.163854469668509e-06,2.3384363544446515e-05,8.042215488302293e-07,2.258014199561628e-05,8.741297841205978e-06
4638,0.9276,0.3,0.24709089941444326,4.181865971083265e-06,2.378781860560832e-05,1.0402224961345574e-06,2.2747596109473758e-05,8.755995472535778e-06
4639,0.9278,0.3,0.24699563592686966,4.200219074241425e-06,2.4070581620465384e-05,1.0848780816611158e-06,2.2985703538804265e-05,8.770781577059048e-06
4640,0.928,0.3,0.24692549905068828,4.2285764981683145e-06,2.445017472150869e-05,1.1997759061733866e-06,2.32503988153353e-05,8.785684209885085e-06
4641,0.9282,0.3,0.2478274655581539,4.244924851475852e-06,2.4518996198389027e-05,1.1038356285365452e-06,2.3415160569852477e-05,8.80061924541238e-06
4642,0.9284,0.3,0.2487246681955654,4.253532016090263e-06,2.4443885276304242e-05,8.980371511442205e-07,2.3545848125160016e-05,8.815546417376267e-06
4643,0.9286,0.3,0.24866462548647766,4.263483710337939e-06,2.4658008696959565e-05,1.1044875617365318e-06,2.3553521135223028e-05,8.830541914387945e-06
4644,0.9288,0.3,0.2497374847729803,4.276980626423452e-06,2.501044580583431e-05,1.4694163648786225e-06,2.3541029440955686e-05,8.84564296397044e-06
4645,0.929,0.3,0.24966727182236934,4.281436309507593e-06,2.409392726164728e-05,7.670851839488899e-07,2.3326842077698386e-05,8.86051724659566e-06
4646,0.9292,0.3,0.24957781922915143,4.299318845048381e-06,2.4696787386374318e-05,1.3373193461635203e-06,2.3359468040210793e-05,8.8755632591089e-06
4647,0.9294,0.3,0.25030657271756246,4.3090496759912145e-06,2.462933197286001e-05,1.309412287270898e-06,2.3319919685589107e-05,8.890604399162034e-06
4648,0.9296,0.3,0.2502364210389175,4.327343041629538e-06,2.4399567622701468e-05,1.184295696052008e-06,2.3215271926649455e-05,8.905600511142621e-06
4649,0.9298,0.3,0.2501735946929778,4.338090746333754e-06,2.4355406086230333e-05,1.012352966105548e-06,2.334305312012478e-05,8.920599357381272e-06
4650,0.93,0.3,0.2510715393608451,4.345892951027636e-06,2.416334523741607e-05,8.739919493227912e-07,2.3289353288093275e-05,8.93556506431028e-06
4651,0.9302,0.3,0.25202932504506964,4.359945313980177e-06,2.465784120144397e-05,1.0726412383858711e-06,2.3585199963058094e-05,8.95067478178703e-06
4652,0.9304,0.3,0.25195902426355893,4.366003740477605e-06,2.440650797184562e-05,9.629357590796996e-07,2.344357221276592e-05,8.965731591199093e-06
4653,0.9306,0.3,0.251902007309617,4.38448483828278e-06,2.4692491901763927e-05,9.571098990316358e-07,2.3735382002732288e-05,8.980878313769312e-06
4654,0.9308,0.3,0.2518264507450873,4.4013383112553206e-06,2.4942479422869906e-05,8.404709382234181e-07,2.4102008484646485e-05,8.996104620216422e-06
4655,0.931,0.3,0.25175442922819513,4.408173500372417e-06,2.5010077388103293e-05,1.0346280758507318e-06,2.3975449312252558e-05,9.011360485388152e-06
4656,0.9312,0.3,0.2516996148745342,4.4278733856718436e-06,2.5299678777529324e-05,1.2419117683495822e-06,2.4057767009179738e-05,9.026705525802102e-06
4657,0.9314,0.3,0.25163964245497633,4.444063527454866e-06,2.5245781763240555e-05,1.01965321077329e-06,2.422612855246726e-05,9.042051089708636e-06
4658,0.9316,0.3,0.25155547682511975,4.456240065531985e-06,2.535793399115945e-05,9.5634034354266e-07,2.4401593647616785e-05,9.05743999638602e-06
4659,0.9318,0.3,0.25146076615054097,4.465092583345738e-06,2.6388142037689385e-05,1.781051809729301e-06,2.460709022796008e-05,9.073109414831846e-06
4660,0.932,0.3,0.2513806403788792,4.479250623918316e-06,2.552348499846553e-05,1.2515574942003442e-06,2.4271927504265183e-05,9.088567199482039e-06
4661,0.9322,0.3,0.2512986200231598,4.485676683540641e-06,2.523253583727772e-05,9.624690211374307e-07,2.4270066816140287e-05,9.103960690401504e-06
4662,0.9324,0.3,0.2512070308773179,4.5033174881053655e-06,2.5449793536769904e-05,1.3900277295764e-06,2.4059765807193502e-05,9.119424938066446e-06
4663,0.9326,0.3,0.2519978977690895,4.515849829337107e-06,2.5589906395884036e-05,1.0080421972115505e-06,2.4581864198672483e-05,9.13493859806775e-06
4664,0.9328,0.3,0.25371050934842265,4.52988854471336e-06,2.5844128069196963e-05,1.4494487723551498e-06,2.439467929684181e-05,9.150531357009469e-06
4665,0.933,0.3,0.25424363358426144,4.548615738752124e-06,2.52831186271996e-05,9.432212366737216e-07,2.4339897390525878e-05,9.165992598910154e-06
4666,0.9332,0.3,0.25509899855403767,4.574224448831304e-06,2.5328662114748366e-05,8.655049494939977e-07,2.4463157165254365e-05,9.18148267414211e-06
4667,0.9334,0.3,0.25610433059945187,4.58919456124664e-06,2.5175867092121793e-05,8.027231174808354e-07,2.4373143974640954e-05,9.19694730265803e-06
4668,0.9336,0.3,0.2560412073243121,4.6059305461457785e-06,2.55580337868676e-05,9.520369792390423e-07,2.4605996807628555e-05,9.21253136306195e-06
4669,0.9338,0.3,0.25601161813299766,4.619154175578997e-06,2.551128238911218e-05,8.247983027698777e-07,2.4686484086342298e-05,9.228120982916753e-06
4670,0.934,0.3,0.2559412158375009,4.624695843469443e-06,2.5686615995716866e-05,1.152802681641068e-06,2.4533813314075793e-05,9.243767877065663e-06
4671,0.9342,0.3,0.2558612840794533,4.6543562958324956e-06,2.5567882638608395e-05,1.1136149725828994e-06,2.4454267666025493e-05,9.259398892993198e-06
4672,0.9344,0.3,0.2567287730091825,4.660585427842281e-06,2.4848452357259117e-05,8.895831381173518e-07,2.3958869219141763e-05,9.274857871217932e-06
4673,0.9346,0.3,0.25665489276395775,4.673164690066657e-06,2.4927213157749735e-05,1.0075243396203385e-06,2.3919688818129393e-05,9.290351307206196e-06
4674,0.9348,0.3,0.2565815394809356,4.6765538676417036e-06,2.469848133743375e-05,9.397610282021722e-07,2.3758720309231575e-05,9.305796559358077e-06
4675,0.935,0.3,0.2575108717176008,4.71741973903366e-06,2.5051094867620288e-05,1.2906703902971325e-06,2.3760424477323153e-05,9.321347967113039e-06
4676,0.9352,0.3,0.25743375176539207,4.720284246282143e-06,2.4404763772240476e-05,6.043870474742506e-07,2.3800376724766222e-05,9.336741998782036e-06
4677,0.9354,0.3,0.25737443844968905,4.733536190417771e-06,2.467452151406613e-05,8.668115631015596e-07,2.3807709950964565e-05,9.352219768368085e-06
4678,0.9356,0.3,0.25730736920723646,4.751627429773374e-06,2.4949170848333112e-05,1.1113063994278447e-06,2.3837864448905262e-05,9.367783360606775e-06
4679,0.9358,0.3,0.25723148438142185,4.775678990052758e-06,2.5125660864897753e-05,1.0889773935807318e-06,2.4036683471317016e-05,9.383409036340121e-06
4680,0.936,0.3,0.2571337140372335,4.788689854423442e-06,2.470522554604814e-05,8.073624755378398e-07,2.3897863070510298e-05,9.398938271267326e-06
4681,0.9362,0.3,0.2588678726256592,4.794869937146262e-06,2.4994489446403584e-05,1.2583008830731582e-06,2.3736188563330424e-05,9.414558274039292e-06
4682,0.9364,0.3,0.2587798854962043,4.837585197381474e-06,2.497294274106467e-05,1.420937113550151e-06,2.3552005627514518e-05,9.430186608634284e-06
4683,0.9366,0.3,0.2587243919809292,4.864512897461843e-06,2.4712186558844206e-05,1.112707350185901e-06,2.3599479208658302e-05,9.445762416681292e-06
4684,0.9368,0.3,0.2586279272802254,4.87887327457509e-06,2.4479405869037547e-05,8.222876468441705e-07,2.3657118222193375e-05,9.461291737486788e-06
4685,0.937,0.3,0.25945417762241696,4.894708385883347e-06,2.438373399762949e-05,9.764050184128698e-07,2.3407328979216618e-05,9.476813596961106e-06
4686,0.9372,0.3,0.2594064485004713,4.913444534654013e-06,2.451558482353825e-05,9.778894750482405e-07,2.3537695348490008e-05,9.492387784483025e-06
4687,0.9374,0.3,0.25935472971628554,4.9274332688777155e-06,2.4606279972655456e-05,1.0235156229897465e-06,2.3582764349665706e-05,9.508001478069026e-06
4688,0.9376,0.3,0.2601459232573389,4.976289355078653e-06,2.44112736366919e-05,8.48356462888885e-07,2.356291717380301e-05,9.523580429205459e-06
4689,0.9378,0.3,0.2611711166885063,5.000102520375746e-06,2.511625364044126e-05,8.514480073862925e-07,2.4264805633054965e-05,9.53935899808751e-06
4690,0.938,0.3,0.2610856304585863,5.016180852871734e-06,2.5869320327801857e-05,1.187015136479494e-06,2.468230519132236e-05,9.555347812614634e-06
4691,0.9382,0.3,0.26102385734677186,5.020376781125165e-06,2.616926411091348e-05,1.5352975909484415e-06,2.4633966519965038e-05,9.571428848560381e-06
4692,0.9384,0.3,0.26200258216911315,5.030392525174485e-06,2.5792030433124682e-05,1.0374445652150418e-06,2.4754585867909637e-05,9.58742468127242e-06
4693,0.9386,0.3,0.2619323032891636,5.041868823103946e-06,2.60598525325986e-05,1.2871355895593348e-06,2.477271694303926e-05,9.603503091528753e-06
4694,0.9388,0.3,0.2628086259776863,5.0826019295167426e-06,2.595605282711676e-05,9.571394051546123e-07,2.4998913421962142e-05,9.619570012245262e-06
4695,0.939,0.3,0.2627290868489002,5.1481202174005905e-06,2.610033608908825e-05,1.0263998024384615e-06,2.5073936286649782e-05,9.635692742070167e-06
4696,0.9392,0.3,0.2635998448095764,5.163137788213879e-06,2.6397485415971295e-05,1.082504834089235e-06,2.5314980581882056e-05,9.651918232608394e-06
4697,0.9394,0.3,0.26546935404397526,5.203900033591532e-06,2.650053250726557e-05,1.0087150130403032e-06,2.5491817494225265e-05,9.668187214693092e-06
4698,0.9396,0.3,0.26538835019844675,5.223014593957043e-06,2.677149589881836e-05,1.3264656438535806e-06,2.5445030254964774e-05,9.68454478550848e-06
4699,0.9398,0.3,0.26529397961266526,5.237699375205561e-06,2.6986938728792187e-05,1.5275045737057743e-06,2.545943415508641e-05,9.700972648080137e-06
4700,0.94,0.3,0.26523049366031864,5.245459110956142e-06,2.6833233658882043e-05,1.2856967384184437e-06,2.5547536920463596e-05,9.717373209884872e-06
4701,0.9402,0.3,0.26512897729224816,5.251545050958044e-06,2.692268171387063e-05,1.4005169860454956e-06,2.552216472782513e-05,9.733809318517142e-06
4702,0.9404,0.3,0.26505944922874886,5.271003559581682e-06,2.6884630154571057e-05,9.923500327733292e-07,2.5892280121797725e-05,9.750254234006778e-06
4703,0.9406,0.3,0.2658560810286506,5.286762858860656e-06,2.745093993339644e-05,9.11735568863373e-07,2.6539204364533063e-05,9.766861545534708e-06
4704,0.9408,0.3,0.2665974220738093,5.30549133441926e-06,2.8089530150527778e-05,1.06424041655055e-06,2.7025289733977224e-05,9.783651054310718e-06
4705,0.941,0.3,0.2675426424435431,5.323253735212664e-06,2.8465068430505934e-05,1.2266641132883353e-06,2.7238404317217594e-05,9.800553638156537e-06
4706,0.9412,0.3,0.26828927002635383,5.337634988295394e-06,2.886845238785277e-05,1.2901610377318186e-06,2.757829135012095e-05,9.81757572716442e-06
4707,0.9414,0.3,0.26914661852066085,5.38166000461708e-06,2.8905241712455337e-05,1.1918908934020074e-06,2.7713350819053326e-05,9.834626564957105e-06
4708,0.9416,0.3,0.2699542978639979,5.392328467162151e-06,2.8392005461871297e-05,8.329036445803851e-07,2.7559101817290908e-05,9.851559816021216e-06
4709,0.9418,0.3,0.26987295868142586,5.398920886031782e-06,2.8250578401616464e-05,9.628809877159708e-07,2.728769741390049e-05,9.86846926515833e-06
4710,0.942,0.3,0.2708086991118641,5.415857128764647e-06,2.8599670597090507e-05,1.3086214572374118e-06,2.7291049139853092e-05,9.885487316345198e-06
4711,0.9422,0.3,0.27071164964278466,5.421549744903124e-06,2.831656252343722e-05,7.752198043204075e-07,2.7541342719116808e-05,9.90244743330376e-06
4712,0.9424,0.3,0.27061586516317304,5.433633801190773e-06,2.8992612618541385e-05,1.4972729174015982e-06,2.7495339701139783e-05,9.919598732491928e-06
4713,0.9426,0.3,0.2713787021915281,5.448848414770185e-06,2.869793834805826e-05,1.1465496164523052e-06,2.7551388731605954e-05,9.936695148013541e-06
4714,0.9428,0.3,0.27130202823357147,5.467103914989605e-06,2.854624213633854e-05,7.506558850981253e-07,2.779558625124041e-05,9.953771132472e-06
4715,0.943,0.3,0.271230143416382,5.479737919296191e-06,2.910515427628978e-05,1.255303819678205e-06,2.784985045661157e-05,9.971006938872559e-06
4716,0.9432,0.3,0.2711418607773146,5.502990428346211e-06,2.9498137402749617e-05,1.311285675409416e-06,2.8186851727340197e-05,9.988361975364191e-06
4717,0.9434,0.3,0.27204470284736554,5.52187228109773e-06,2.9519346908086184e-05,1.2402356501710813e-06,2.82791112579151e-05,1.0005738192813985e-05
4718,0.9436,0.3,0.27386267231486894,5.537341398545748e-06,2.9237812606047685e-05,9.948992957715582e-07,2.8242913310276123e-05,1.002305579576701e-05
4719,0.9438,0.3,0.27376938590857103,5.556982287748257e-06,2.9759331361143342e-05,1.4731963266212054e-06,2.8286135034522135e-05,1.0040524852581064e-05
4720,0.944,0.3,0.2736773700010397,5.577761119288128e-06,2.9048227402335644e-05,8.57092158313111e-07,2.819113524402253e-05,1.0057824962707346e-05
4721,0.9442,0.3,0.27359209880694146,5.5922531901304e-06,2.9236242470897218e-05,1.1077911254749732e-06,2.812845134542224e-05,1.0075187750298297e-05
4722,0.9444,0.3,0.2735127022672174,5.609629841242295e-06,2.9292367896924347e-05,1.0990912659243056e-06,2.8193276631000038e-05,1.0092583116639165e-05
4723,0.9446,0.3,0.273418482513635,5.626393574349345e-06,2.935293893156301e-05,1.1206441766912878e-06,2.8232294754871718e-05,1.0110018058106037e-05
4724,0.9448,0.3,0.27420440239372107,5.651479412974976e-06,2.9874384263393375e-05,1.1361788859741283e-06,2.8738205377419242e-05,1.0127606940606836e-05
4725,0.945,0.3,0.27518541106596184,5.670129082875952e-06,3.0476571714716805e-05,1.6189455786108785e-06,2.8857626136105924e-05,1.0145368391464878e-05
4726,0.9452,0.3,0.27510071643801226,5.68811522255097e-06,2.9814989379341068e-05,1.0254823549975775e-06,2.8789507024343488e-05,1.0162974978667459e-05
4727,0.9454,0.3,0.27501139017942255,5.6983771602796925e-06,2.944519781336827e-05,8.951024244818003e-07,2.8550095388886466e-05,1.018049861091608e-05
4728,0.9456,0.3,0.27491838933456353,5.7098887712837046e-06,2.9479037354619035e-05,8.9268189471728e-07,2.858635545990175e-05,1.01980508242322e-05
4729,0.9458,0.3,0.2748265185269727,5.726572869578849e-06,2.9711991390586792e-05,1.0732787734658932e-06,2.8638712617120894e-05,1.0215680376854714e-05
4730,0.946,0.3,0.27576237572325707,5.737186002313131e-06,3.0151977137767804e-05,1.3551898665042921e-06,2.8796787271263507e-05,1.023343766931304e-05
4731,0.9462,0.3,0.27653140502021584,5.753620060249885e-06,3.0355656363373988e-05,1.4127620648454175e-06,2.8942894298528567e-05,1.025126545155899e-05
4732,0.9464,0.3,0.27645173995284256,5.771440461501059e-06,2.998071053611933e-05,1.1308044403904712e-06,2.8849906095728854e-05,1.0269011747125468e-05
4733,0.9466,0.3,0.27635820883080037,5.797268566873079e-06,2.9878832636194212e-05,8.680558500413575e-07,2.9010776786152852e-05,1.0286750472212983e-05
4734,0.9468,0.3,0.2772054015790545,5.814687566025968e-06,2.9703936266174883e-05,8.697661337128744e-07,2.8834170132462004e-05,1.0304459768119633e-05
4735,0.947,0.3,0.2771030853653739,5.838565546426355e-06,2.9833741874074858e-05,1.1131158035365742e-06,2.872062607053828e-05,1.0322220458747775e-05
4736,0.9472,0.3,0.2788711286613171,5.852995494220733e-06,2.9881788042484014e-05,1.3469497907401153e-06,2.8534838251743895e-05,1.034000845639505e-05
4737,0.9474,0.3,0.2806235855442243,5.863030237990999e-06,2.9979968973008603e-05,1.6400188743398769e-06,2.8339950098668723e-05,1.0357840548205458e-05
4738,0.9476,0.3,0.2805474261666564,5.873741719404046e-06,2.9025319690811347e-05,1.2367229699871863e-06,2.7788596720824156e-05,1.0375437981966958e-05
4739,0.9478,0.3,0.2814257216649806,5.8890244660093685e-06,2.885486917597449e-05,1.2933128939265793e-06,2.7561556282047907e-05,1.039300602564486e-05
4740,0.948,0.3,0.2813391075176289,5.900771204339445e-06,2.8747545088006657e-05,1.3609763839257824e-06,2.7386568704080873e-05,1.0410559936781854e-05
4741,0.9482,0.3,0.2831294779785923,5.9153639482639205e-06,2.8344443280427954e-05,1.335895001515668e-06,2.700854827891228e-05,1.0428023243089876e-05
4742,0.9484,0.3,0.28307370557813133,5.921041646152011e-06,2.780702892418173e-05,1.2197982783967524e-06,2.6587230645784974e-05,1.0445358147030288e-05
4743,0.9486,0.3,0.2829823715843236,5.937475437325441e-06,2.801341962397206e-05,1.3810768353056261e-06,2.663234278866643e-05,1.0462763323314829e-05
4744,0.9488,0.3,0.284806176668484,5.949743213230604e-06,2.818488706432994e-05,1.5009899286567938e-06,2.6683897135673142e-05,1.048022890287704e-05
4745,0.949,0.3,0.2847354995503744,5.971083346766576e-06,2.7896926230115143e-05,1.1296482562124235e-06,2.6767277973902715e-05,1.0497640073690015e-05
4746,0.9492,0.3,0.28463115892986157,5.989469316707089e-06,2.826195526995322e-05,1.254527055069435e-06,2.7007428214883783e-05,1.0515161806971742e-05
4747,0.9494,0.3,0.2845203235658203,6.005786595441694e-06,2.8276322851760125e-05,1.10018887179721e-06,2.7176133979962912e-05,1.0532703851544248e-05
4748,0.9496,0.3,0.28442702323142005,6.018083476474361e-06,2.8704287315240526e-05,1.283622194888367e-06,2.7420665120352158e-05,1.055037173079752e-05
4749,0.9498,0.3,0.28509013306554537,6.033008614354164e-06,2.761581434953476e-05,6.145657690438804e-07,2.7001248580490875e-05,1.05677706263768e-05
4750,0.95,0.3,0.2850096802916031,6.0520991905283045e-06,2.844697145038655e-05,1.3212480180258318e-06,2.7125723432360714e-05,1.0585401522582906e-05
4751,0.9502,0.3,0.28493218317415625,6.073862344060172e-06,2.817404732402244e-05,1.0214959020175298e-06,2.7152551422004907e-05,1.0602977690565757e-05
4752,0.9504,0.3,0.2848399507121467,6.085927461854792e-06,2.8284412232986403e-05,1.396441219995168e-06,2.688797101299123e-05,1.062059646370575e-05
4753,0.9506,0.3,0.2847182720594132,6.105853937851323e-06,2.805889334052612e-05,1.198910474511505e-06,2.685998286601461e-05,1.0638174704005918e-05
4754,0.9508,0.3,0.2846017188515046,6.1248144693925685e-06,2.8475778608531423e-05,1.2008859494107375e-06,2.7274892659120684e-05,1.0655886078517817e-05
4755,0.951,0.3,0.2845200912631644,6.136863563558494e-06,2.8484297554596858e-05,1.2481337677617939e-06,2.7236163786835062e-05,1.0673613431918891e-05
4756,0.9512,0.3,0.28629975826640575,6.148058660464436e-06,2.8790276314678363e-05,1.235688300919822e-06,2.755458801375854e-05,1.0691436987640092e-05
4757,0.9514,0.3,0.28617718622302457,6.159992686260726e-06,2.8592664466754903e-05,1.2165051592395834e-06,2.7376159307515317e-05,1.0709223065827047e-05
4758,0.9516,0.3,0.2870118882633112,6.178857830771873e-06,2.9118852550043665e-05,1.368308914997896e-06,2.7750543635045767e-05,1.0727161954900407e-05
4759,0.9518,0.3,0.2869295710649089,6.203213161222945e-06,2.936941762281042e-05,9.448503008862329e-07,2.8424567321924184e-05,1.0745183615707896e-05
4760,0.952,0.3,0.2868283711465645,6.2287531109649144e-06,2.956382548076562e-05,7.65955433286892e-07,2.8797870047478723e-05,1.0763273187271216e-05
4761,0.9522,0.3,0.2875831184533443,6.245475924051178e-06,3.0424500599678683e-05,1.1954446924056519e-06,2.9229055907273027e-05,1.0781603166617102e-05
4762,0.9524,0.3,0.2883307216085395,6.269415446784097e-06,3.0503525540687024e-05,1.5213227643779052e-06,2.8982202776309115e-05,1.0799975328280956e-05
4763,0.9526,0.3,0.28913281879384034,6.285599642221499e-06,3.033666634691151e-05,1.1911115572212677e-06,2.9145554789690238e-05,1.0818320564436572e-05
4764,0.9528,0.3,0.2909022162758592,6.304967236435841e-06,3.085909396674541e-05,1.5711683078074058e-06,2.9287925658938e-05,1.083681757905159e-05
4765,0.953,0.3,0.29181067414827055,6.327961511935326e-06,3.000759684283684e-05,6.394517795391079e-07,2.936814506329773e-05,1.0855110596679411e-05
4766,0.9532,0.3,0.29168319078556926,6.354991553436616e-06,3.09350015109894e-05,1.1858266528942189e-06,2.9749174858095172e-05,1.0873665161520572e-05
4767,0.9534,0.3,0.29158564163671363,6.379749517431336e-06,3.121750130960316e-05,1.4637469695141093e-06,2.975375434008904e-05,1.089231125850302e-05
4768,0.9536,0.3,0.2914837190763868,6.404565509957894e-06,3.084850213744944e-05,9.484345580499303e-07,2.9900067579399503e-05,1.0910880441858892e-05
4769,0.9538,0.3,0.2921976569857538,6.458683970190718e-06,3.169982064295416e-05,1.6482521714023332e-06,3.005156847155182e-05,1.0929688449874613e-05
4770,0.954,0.3,0.29359818053455505,6.480108224942093e-06,3.0915841851777225e-05,8.094270318502737e-07,3.0106414819926946e-05,1.0948312610380952e-05
4771,0.9542,0.3,0.2943823763878921,6.534099215828634e-06,3.1575887778644796e-05,1.328101642862793e-06,3.0247786135781994e-05,1.096712631421476e-05
4772,0.9544,0.3,0.29428431656206655,6.560404120947214e-06,3.171884992042016e-05,1.4298633267326913e-06,3.0288986593687462e-05,1.0985996683059256e-05
4773,0.9546,0.3,0.2960635343384955,6.592238646899534e-06,3.1729216832185406e-05,1.3366953219390367e-06,3.0392521510246364e-05,1.1004893513057026e-05
4774,0.9548,0.3,0.2959851662531115,6.625715308967863e-06,3.1549501274477804e-05,9.564690511790773e-07,3.059303222329872e-05,1.1023773977336725e-05
4775,0.955,0.3,0.29775826962944923,6.6849955063599474e-06,3.244745133792583e-05,1.6825102002836744e-06,3.076494113764215e-05,1.1042909549472452e-05
4776,0.9552,0.3,0.2976637491526724,6.701546687792907e-06,3.321744058049941e-05,2.0679076276659576e-06,3.1149532952833445e-05,1.106226332813237e-05
4777,0.9554,0.3,0.2975609958220932,6.715744835793865e-06,3.3240353144016105e-05,1.2947560818257634e-06,3.194559706219034e-05,1.1081643038945062e-05
4778,0.9556,0.3,0.2974531822456093,6.727885500613375e-06,3.264361458598134e-05,9.354289688734213e-07,3.1708185617107915e-05,1.1100893473347478e-05
4779,0.9558,0.3,0.2979956876006088,6.7485025585956e-06,3.257016637491829e-05,9.008209520707389e-07,3.166934542284755e-05,1.112014253274375e-05
4780,0.956,0.3,0.29792590923416473,6.767900518557561e-06,3.291926932168218e-05,1.553278636299803e-06,3.136599068538237e-05,1.1139498641546686e-05
4781,0.9562,0.3,0.29782103971935414,6.779486268832119e-06,3.264632475008035e-05,1.1429304989846804e-06,3.1503394251095664e-05,1.1158797897232913e-05
4782,0.9564,0.3,0.29771750154956356,6.7915571643315104e-06,3.2459377913849834e-05,1.2220393003059718e-06,3.1237338613543854e-05,1.1178062714449062e-05
4783,0.9566,0.3,0.29851334170224664,6.8063262590188965e-06,3.2952224598150034e-05,1.3478427650197645e-06,3.160438183313026e-05,1.1197471852281058e-05
4784,0.9568,0.3,0.29841594698126545,6.8173873566039875e-06,3.270456716927641e-05,1.1917762649070004e-06,3.151279090436941e-05,1.1216842439203045e-05
4785,0.957,0.3,0.2983030714357335,6.829130508954647e-06,3.278753736178699e-05,1.4494327403781123e-06,3.133810462140887e-05,1.123625411148004e-05
4786,0.9572,0.3,0.299128756593852,6.8374050802815e-06,3.342453027149066e-05,1.7274265856545133e-06,3.169710368583614e-05,1.1255847794933589e-05
4787,0.9574,0.3,0.2990161872103324,6.909803554501653e-06,3.280923401763277e-05,1.323038563099719e-06,3.148619545453304e-05,1.1275312964057918e-05
4788,0.9576,0.3,0.29888772696518895,6.941081939890741e-06,3.2491210594292064e-05,1.2594901113787277e-06,3.123172048291333e-05,1.1294714216227325e-05
4789,0.9578,0.3,0.2988033599056314,6.956856552710902e-06,3.2090937499816554e-05,9.071102334101228e-07,3.118382726640642e-05,1.1314030085630173e-05
4790,0.958,0.3,0.29868905761704306,6.9804244046435e-06,3.28848599879546e-05,1.4323493233886146e-06,3.145251066456598e-05,1.1333578432477875e-05
4791,0.9582,0.3,0.298581152712437,7.001367204675066e-06,3.254866889624669e-05,1.0588186185191805e-06,3.14898502777275e-05,1.1353059275198835e-05
4792,0.9584,0.3,0.29847539087827657,7.018838446122908e-06,3.293159086058791e-05,1.2887624959373176e-06,3.164282836465058e-05,1.137265662583391e-05
4793,0.9586,0.3,0.29913298036211994,7.044328675801169e-06,3.3110479626625484e-05,1.2595372934204289e-06,3.185094233320505e-05,1.1392319247460231e-05
4794,0.9588,0.3,0.2990421888396305,7.070048908686438e-06,3.32965517721938e-05,1.5874028240173103e-06,3.170914894817648e-05,1.1412046512360805e-05
4795,0.959,0.3,0.29989493121863725,7.086034437793919e-06,3.2448125709419435e-05,9.766689088228537e-07,3.147145680059657e-05,1.1431571500596544e-05
4796,0.9592,0.3,0.2998140080512112,7.103687114099312e-06,3.274250183053282e-05,1.5827845247867292e-06,3.115971730574609e-05,1.1451188845381941e-05
4797,0.9594,0.3,0.3016496213970906,7.133287740493495e-06,3.2708571613391934e-05,1.535983115869838e-06,3.117258849752209e-05,1.1470814748636952e-05
4798,0.9596,0.3,0.30155643396494586,7.159205969079231e-06,3.2177074380604615e-05,1.2164221578293451e-06,3.096065222277526e-05,1.1490319697006823e-05
4799,0.9598,0.3,0.3014388217756695,7.180860816529102e-06,3.294682806270362e-05,2.0105617964678474e-06,3.093626626623576e-05,1.1510045128693065e-05
4800,0.96,0.3,0.30231262771854783,7.205579367576234e-06,3.206758922156932e-05,1.1263498575597768e-06,3.094123936400954e-05,1.152956443560985e-05
4801,0.9602,0.3,0.3022171568830726,7.230716801339373e-06,3.1949959223558956e-05,8.790824065944915e-07,3.107087681696446e-05,1.1549071451531395e-05
4802,0.9604,0.3,0.3021085815432842,7.264617352734832e-06,3.27035192307201e-05,1.5637169366667439e-06,3.113980229405335e-05,1.1568795465197188e-05
4803,0.9606,0.3,0.30370731088041747,7.2833765589008165e-06,3.2570025900405804e-05,1.0012985048734971e-06,3.15687273955323e-05,1.1588502553266876e-05
4804,0.9608,0.3,0.30469941862734684,7.298433231603108e-06,3.299864598770192e-05,1.0131496077004284e-06,3.198549638000149e-05,1.1608337644154218e-05
4805,0.961,0.3,0.3055129549498381,7.3206675869715426e-06,3.3065730437479927e-05,1.068227414450834e-06,3.1997503023029086e-05,1.1628208208164859e-05
4806,0.9612,0.3,0.30539518894554274,7.347810681651468e-06,3.284566777153068e-05,1.0624647940283635e-06,3.178320297750231e-05,1.1648042704537846e-05
4807,0.9614,0.3,0.30634403484524475,7.360047322181604e-06,3.391706898449992e-05,1.912489270052368e-06,3.200457971444755e-05,1.1668170743607059e-05
4808,0.9616,0.3,0.30720244411832637,7.397193370141286e-06,3.299378279245181e-05,1.1146536249741396e-06,3.187912916747766e-05,1.1688076492898963e-05
4809,0.9618,0.3,0.30806007388304624,7.4136340957909765e-06,3.311039523122051e-05,1.2080472517556196e-06,3.1902347979464885e-05,1.170802742996433e-05
4810,0.962,0.3,0.3079394418707474,7.43165150956146e-06,3.287994257595691e-05,1.1763343723456164e-06,3.1703608203611285e-05,1.1727934705102658e-05
4811,0.9622,0.3,0.3078156579481198,7.491190731968619e-06,3.364960801247912e-05,1.7350169831970726e-06,3.191459102928204e-05,1.1748061418450554e-05
4812,0.9624,0.3,0.30771242523501957,7.515216968047746e-06,3.354219263385254e-05,1.7748203489928622e-06,3.176737228485967e-05,1.1768179611491815e-05
4813,0.9626,0.3,0.30848399748788524,7.558908982751882e-06,3.3539947228623173e-05,1.500256831257743e-06,3.2039690397365426e-05,1.1788316266244143e-05
4814,0.9628,0.3,0.3083663461467882,7.576983914070882e-06,3.355559577600423e-05,1.3126872544001357e-06,3.2242908521604086e-05,1.1808478145571545e-05
4815,0.963,0.3,0.30823430702578103,7.592126924623275e-06,3.4059949174434336e-05,1.539272427151994e-06,3.252067674728233e-05,1.1828786851275457e-05
4816,0.9632,0.3,0.30907744619065736,7.6105469795974476e-06,3.293084189108422e-05,9.455378699137588e-07,3.1985304021170455e-05,1.1848820708287054e-05
4817,0.9634,0.3,0.3089690131415852,7.620588762158024e-06,3.2993664500314813e-05,1.327836491568108e-06,3.16658280087467e-05,1.1868886120675885e-05
4818,0.9636,0.3,0.30886546384358116,7.63678836371287e-06,3.2845505988861895e-05,1.070752283383656e-06,3.1774753705478235e-05,1.188893452971311e-05
4819,0.9638,0.3,0.30968951828268504,7.6518627679121e-06,3.266307225994872e-05,1.1148891745340105e-06,3.15481830854147e-05,1.1908956633451527e-05
4820,0.964,0.3,0.30959446107744265,7.670940305289837e-06,3.319121126499266e-05,1.5718479125772981e-06,3.161936335241535e-05,1.1929136301445478e-05
4821,0.9642,0.3,0.30947741873954665,7.68692110875275e-06,3.256520950632008e-05,8.608951594310497e-07,3.170431434688902e-05,1.1949169531786013e-05
4822,0.9644,0.3,0.31104767946974893,7.733981729595318e-06,3.3300972057943554e-05,1.5681926941616546e-06,3.173277936378189e-05,1.1969418972552713e-05
4823,0.9646,0.3,0.31095388098538884,7.750335162784005e-06,3.2231016292022436e-05,1.210313262708688e-06,3.1020703029313744e-05,1.198940847736123e-05
4824,0.9648,0.3,0.31085443991058637,7.798081951367554e-06,3.290824652976895e-05,1.8268106261773276e-06,3.108143590359161e-05,1.2009600545504613e-05
4825,0.965,0.3,0.31165839161692765,7.823453825013421e-06,3.276812153193794e-05,1.360005785205539e-06,3.140811574673239e-05,1.202977638245173e-05
4826,0.9652,0.3,0.3122790086255192,7.837526878778324e-06,3.2853384835008836e-05,1.6021802232412306e-06,3.1251204611767595e-05,1.2049990422782808e-05
4827,0.9654,0.3,0.3121490286656137,7.858641432749812e-06,3.268289422480035e-05,1.488480191976263e-06,3.1194414032824084e-05,1.2070183975790197e-05
4828,0.9656,0.3,0.31203715227543916,7.871203936335489e-06,3.2568302841330325e-05,1.4533451601315906e-06,3.111495768119873e-05,1.2090363559669514e-05
4829,0.9658,0.3,0.31274148348286834,7.92073372014559e-06,3.177017821106624e-05,9.280846551798951e-07,3.084209355588634e-05,1.2110351581793072e-05
4830,0.966,0.3,0.3134852230124419,7.94243123384547e-06,3.171891639499198e-05,1.2259655299313983e-06,3.049295086506057e-05,1.213034427008413e-05
4831,0.9662,0.3,0.3141949754630385,7.986420555362824e-06,3.113516005128613e-05,9.586117493036996e-07,3.0176548301982424e-05,1.2150203343341662e-05
4832,0.9664,0.3,0.3148937078651595,8.009047940596885e-06,3.167733112728521e-05,1.5858678610067063e-06,3.0091463266278492e-05,1.2170220758901919e-05
4833,0.9666,0.3,0.31480289585170695,8.028481977355897e-06,3.122312870270396e-05,1.049128272450881e-06,3.0174000430253072e-05,1.219013742552212e-05
4834,0.9668,0.3,0.31639839573293527,8.0447008136554e-06,3.116637170114373e-05,1.373821223397381e-06,2.9792550477746342e-05,1.2210054392013122e-05
4835,0.967,0.3,0.3171403970387432,8.066057868977434e-06,3.0990695672505774e-05,1.2101966164024038e-06,2.9780499056103364e-05,1.2229942744716529e-05
4836,0.9672,0.3,0.31772219168064003,8.084188492421577e-06,3.077772501808343e-05,9.25453574090821e-07,2.9852271443992603e-05,1.2249791848060252e-05
4837,0.9674,0.3,0.3175922809088238,8.102548704568365e-06,3.119172023047574e-05,1.540213782749654e-06,2.9651506447726073e-05,1.226976540329669e-05
4838,0.9676,0.3,0.31748738764819423,8.12535254442652e-06,3.05026815181576e-05,9.16890586361751e-07,2.9585790931795846e-05,1.2289576844709584e-05
4839,0.9678,0.3,0.31921235370818235,8.151512112903804e-06,3.143045512305117e-05,1.4067847755367753e-06,3.0023670347514386e-05,1.230964988501861e-05
4840,0.968,0.3,0.31991547956661315,8.176311600507559e-06,3.126825967675812e-05,1.2250973049927657e-06,3.004316237176535e-05,1.2329698246820592e-05
4841,0.9682,0.3,0.31979860026648094,8.195269595893282e-06,3.114694182862912e-05,1.1684705289262006e-06,2.9978471299702915e-05,1.2349730755298339e-05
4842,0.9684,0.3,0.31966062722012906,8.21563555697403e-06,3.192415395148379e-05,1.3393639427731578e-06,3.058479000871063e-05,1.2369985179345426e-05
4843,0.9686,0.3,0.3195734860186857,8.245169697051777e-06,3.255342243196277e-05,1.6495444845229501e-06,3.090387794743981e-05,1.239042232639217e-05
4844,0.9688,0.3,0.3213428298156838,8.270840051853187e-06,3.159096402885995e-05,9.29226133948056e-07,3.0661737894911884e-05,1.2410627162370224e-05
4845,0.969,0.3,0.3212071741961325,8.299778473430705e-06,3.28281364513377e-05,1.8375114941746012e-06,3.0990624957163094e-05,1.2431174596352247e-05
4846,0.9692,0.3,0.3210656301580838,8.324844631452085e-06,3.257315154177929e-05,1.3436778406556709e-06,3.122947370112361e-05,1.2451675701995838e-05
4847,0.9694,0.3,0.3217188863402437,8.351330000109523e-06,3.308902521130041e-05,1.6038881085992121e-06,3.148513710270119e-05,1.2472331515297647e-05
4848,0.9696,0.3,0.3215584938447634,8.386957754273834e-06,3.312971881874084e-05,1.2234659309818923e-06,3.190625288775894e-05,1.2493023868350063e-05
4849,0.9698,0.3,0.321419679197141,8.412260912023576e-06,3.3520757920813774e-05,1.2475246723342613e-06,3.2273233248479505e-05,1.2513838401934117e-05
4850,0.97,0.3,0.3213041173283801,8.435068561507086e-06,3.371477920207861e-05,1.5379387129465809e-06,3.217684048913202e-05,1.2534721975693645e-05
4851,0.9702,0.3,0.3220069143735737,8.455573134548848e-06,3.355277436587392e-05,1.690088795470738e-06,3.1862685570403176e-05,1.2555581958064594e-05
4852,0.9704,0.3,0.3218846260606412,8.476769430944746e-06,3.2627949024409904e-05,7.218093226410053e-07,3.1906139701768893e-05,1.2576220464885119e-05
4853,0.9706,0.3,0.32249960331246685,8.49465756690953e-06,3.3312252326168026e-05,1.0638107536425076e-06,3.2248441572525514e-05,1.2597054293398165e-05
4854,0.9708,0.3,0.32237836148304183,8.53313415266599e-06,3.3044835470678883e-05,1.1161178480966074e-06,3.192871762258227e-05,1.26178376084921e-05
4855,0.971,0.3,0.32324064437552696,8.5522096144648e-06,3.3230087260919246e-05,1.063956405483556e-06,3.216613085543568e-05,1.263868853763331e-05
4856,0.9712,0.3,0.32307829458720405,8.586952455588298e-06,3.404923480059715e-05,1.2515604619042264e-06,3.2797674338692915e-05,1.2659773090511847e-05
4857,0.9714,0.3,0.32473960226837084,8.614954722615543e-06,3.435711033919466e-05,1.3376224541546043e-06,3.301948788504005e-05,1.2680957199410777e-05
4858,0.9716,0.3,0.3263657191493473,8.63084789461153e-06,3.374879991589134e-05,1.0977340517333815e-06,3.2651065864157955e-05,1.27020031775937e-05
4859,0.9718,0.3,0.3262476737046175,8.699213315631319e-06,3.4351899371077825e-05,1.3281338224698101e-06,3.302376554860801e-05,1.2723227470799373e-05
4860,0.972,0.3,0.32677643309342663,8.72299723135759e-06,3.4453637647942664e-05,1.289692017637632e-06,3.3163945630305025e-05,1.2744500080555013e-05
4861,0.9722,0.3,0.3285799805340532,8.752150946287125e-06,3.479237722240529e-05,1.1623393227291986e-06,3.363003789967609e-05,1.2765880840340499e-05
4862,0.9724,0.3,0.3284607812051224,8.773282029689288e-06,3.474401097773203e-05,9.019406226127937e-07,3.3842070355119224e-05,1.278726657070733e-05
4863,0.9726,0.3,0.32916864801267515,8.796745601870463e-06,3.5321452864842885e-05,1.2629280488906813e-06,3.4058524815952196e-05,1.2808825211290936e-05
4864,0.9728,0.3,0.32991031363486933,8.822087151640879e-06,3.479735216632923e-05,1.1453500679297841e-06,3.365200209839944e-05,1.2830268683033939e-05
4865,0.973,0.3,0.329803311847,8.846486960153038e-06,3.5076011782550576e-05,1.483959692019788e-06,3.359205209053078e-05,1.2851810336064176e-05
4866,0.9732,0.3,0.32969518087854005,8.872241586264427e-06,3.553155220012157e-05,1.5506530739050684e-06,3.398089912621649e-05,1.2873489701876152e-05
4867,0.9734,0.3,0.32956280972256885,8.887749034076776e-06,3.485484799222203e-05,1.2600653160310325e-06,3.359478267619099e-05,1.289500946403416e-05
4868,0.9736,0.3,0.33212387695012685,8.925672808854855e-06,3.485604560764594e-05,1.1432113166772468e-06,3.3712834290968685e-05,1.2916549902614045e-05
4869,0.9738,0.3,0.33364633716175873,8.94374762886746e-06,3.516654780257957e-05,1.4659210834815918e-06,3.370062671909797e-05,1.293820109208834e-05
4870,0.974,0.3,0.3343991453307622,9.044545756406737e-06,3.47972456933957e-05,9.782014160043208e-07,3.3819044277391374e-05,1.2959775221461522e-05
4871,0.9742,0.3,0.33427034785956,9.059984563974178e-06,3.450815608545661e-05,6.481437141942759e-07,3.3860012371262324e-05,1.2981293276072757e-05
4872,0.9744,0.3,0.3341355421791915,9.074977827842168e-06,3.465656612731119e-05,9.38893764132569e-07,3.371767236317861e-05,1.3002868093314387e-05
4873,0.9746,0.3,0.33572750978344895,9.101676401533648e-06,3.50096827725148e-05,1.5115336746026203e-06,3.3498149097912175e-05,1.3024554921893809e-05
4874,0.9748,0.3,0.3370864519266361,9.155819808860662e-06,3.48798430892211e-05,9.965651756728568e-07,3.3883277913548234e-05,1.3046227569125799e-05
4875,0.975,0.3,0.3379228219175094,9.178210201802293e-06,3.486633376335308e-05,1.0708175549203105e-06,3.379551620843276e-05,1.3067924239157411e-05
4876,0.9752,0.3,0.33877707950307073,9.21098880139559e-06,3.511884816075013e-05,1.3014636474989703e-06,3.381738451325115e-05,1.3089710907285825e-05
4877,0.9754,0.3,0.3386394887266868,9.234857549725778e-06,3.4930084163351424e-05,8.404153293752402e-07,3.408966883397618e-05,1.3111467884798355e-05
4878,0.9756,0.3,0.3402272110232828,9.260575600946873e-06,3.5230200359177904e-05,1.4635581828728992e-06,3.3766642176305e-05,1.3133332458314623e-05
4879,0.9758,0.3,0.3420035951293469,9.324212114709077e-06,3.558123332208509e-05,1.49168550153553e-06,3.4089547820549556e-05,1.315530809421393e-05
4880,0.976,0.3,0.3418853083918212,9.35050865197309e-06,3.5098563809937385e-05,1.4618385380758268e-06,3.363672527186155e-05,1.3177177086938181e-05
4881,0.9762,0.3,0.34178214628983317,9.374940451860793e-06,3.476766873428322e-05,1.135508833921048e-06,3.363215990036217e-05,1.319900008493076e-05
4882,0.9764,0.3,0.3425576849880853,9.433560191490047e-06,3.5560392102157693e-05,2.0433028623868103e-06,3.351708923977088e-05,1.3221049296515305e-05
4883,0.9766,0.3,0.34241087661296493,9.447272623679678e-06,3.483337198378621e-05,1.4455426921631773e-06,3.338782929162303e-05,1.324293523135576e-05
4884,0.9768,0.3,0.34319915985525434,9.467334693541251e-06,3.494082168195152e-05,1.4367223983566308e-06,3.350409928359488e-05,1.3264867252469023e-05
4885,0.977,0.3,0.34307640866968087,9.48165104510286e-06,3.517945759031061e-05,1.5923176470239555e-06,3.358713994328665e-05,1.3286877570524739e-05
4886,0.9772,0.3,0.3437308420939585,9.495620556870341e-06,3.486300031461631e-05,1.4855736955683337e-06,3.3377426619047966e-05,1.3308824007092825e-05
4887,0.9774,0.3,0.34362862882260864,9.519312076243131e-06,3.467880984126035e-05,1.284549335191911e-06,3.339426050606844e-05,1.3330761218056248e-05
4888,0.9776,0.3,0.3434879820772881,9.535489089035076e-06,3.529810378940271e-05,1.7189223185471852e-06,3.357918147085552e-05,1.33528787106489e-05
4889,0.9778,0.3,0.3433781683802645,9.555791588746875e-06,3.503889094182487e-05,1.475516797290734e-06,3.356337414453413e-05,1.3374953630675174e-05
4890,0.978,0.3,0.34402408915889393,9.578696023502783e-06,3.4997283081763e-05,1.3670884266839708e-06,3.363019465507902e-05,1.339703999969987e-05
4891,0.9782,0.3,0.34388557207178005,9.59900275188883e-06,3.5122214877970655e-05,1.4835301065614062e-06,3.363868477140924e-05,1.3419176373354969e-05
4892,0.9784,0.3,0.34376104204384095,9.619023368808259e-06,3.488897990722854e-05,7.869062441599044e-07,3.410207366306863e-05,1.3441271633234166e-05
4893,0.9786,0.3,0.3435990246928623,9.64105229971726e-06,3.564910316093014e-05,1.3207387223275262e-06,3.432836443860261e-05,1.3463591527011336e-05
4894,0.9788,0.3,0.34347626928941444,9.665777202713013e-06,3.567569744648584e-05,1.5591413351886905e-06,3.411655611129714e-05,1.3485941632273088e-05
4895,0.979,0.3,0.34398686708069465,9.69230490265936e-06,3.566765547005474e-05,1.4113714479554358e-06,3.42562840220993e-05,1.3508310739086602e-05
4896,0.9792,0.3,0.3438396815034246,9.720210517416167e-06,3.652116623182312e-05,2.293694743352648e-06,3.422747148847046e-05,1.3530928005470345e-05
4897,0.9794,0.3,0.3445322145829113,9.739360195392956e-06,3.560217129860334e-05,1.4131833118783948e-06,3.418898798672494e-05,1.3553331194224161e-05
4898,0.9796,0.3,0.3443723211463727,9.788936243071843e-06,3.6391117722063656e-05,2.047933007155719e-06,3.4343184714907926e-05,1.3575961357780142e-05
4899,0.9798,0.3,0.3450606346381772,9.817457173918266e-06,3.577429142566985e-05,1.527735316862157e-06,3.424655610880769e-05,1.3598452002197955e-05
4900,0.98,0.3,0.3482266963841059,9.846890627808298e-06,3.6141263338760295e-05,1.4403346710179684e-06,3.470092866774232e-05,1.3621059085426493e-05
4901,0.9802,0.3,0.3515104429283683,9.880755722730016e-06,3.6804943423041994e-05,1.4150329923366425e-06,3.538991043070534e-05,1.3643860770987758e-05
4902,0.9804,0.3,0.3522362908655962,9.926440639086203e-06,3.704907506198587e-05,1.3484481269082742e-06,3.570062693507758e-05,1.3666746472945713e-05
4903,0.9806,0.3,0.35209055337604506,9.953970880997057e-06,3.7054670249915174e-05,1.4464168891505923e-06,3.5608253360764574e-05,1.3689656386141272e-05
4904,0.9808,0.3,0.352921767196715,9.980571527696195e-06,3.7753718234035874e-05,2.0290968498700495e-06,3.572462138416582e-05,1.3712768045221054e-05
4905,0.981,0.3,0.35276809947194,1.0001435003750477e-05,3.755907644721132e-05,1.7603261508380892e-06,3.579875029637322e-05,1.3735848231668625e-05
4906,0.9812,0.3,0.35343863450525054,1.0026722107379365e-05,3.69343696242395e-05,1.223185228578196e-06,3.57111843956613e-05,1.3758787860742988e-05
4907,0.9814,0.3,0.3532699634345515,1.0045583849793308e-05,3.7282797741842236e-05,1.221497276609768e-06,3.606130046523246e-05,1.3781835389822695e-05
4908,0.9816,0.3,0.3531122787893543,1.0074834538277719e-05,3.6837424589435686e-05,1.2143164372739455e-06,3.5623108152161734e-05,1.3804788023134251e-05
4909,0.9818,0.3,0.35296213166205637,1.0109094192739752e-05,3.76479950329869e-05,1.5053024790814604e-06,3.614269255390543e-05,1.3827976350969596e-05
4910,0.982,0.3,0.3537311100618813,1.0136764026897812e-05,3.734532710003237e-05,1.1030713836444277e-06,3.6242255716387934e-05,1.385110644891317e-05
4911,0.9822,0.3,0.3552585621489642,1.0182058469052532e-05,3.717116320579332e-05,1.06504190541451e-06,3.61061213003788e-05,1.3874210021166024e-05
4912,0.9824,0.3,0.3576183783873552,1.0218803959307342e-05,3.777765113037099e-05,1.7493368551991992e-06,3.6028314275171786e-05,1.3897492685746023e-05
4913,0.9826,0.3,0.35749905441567476,1.024645459628377e-05,3.7358834522602874e-05,1.4865755494786247e-06,3.587225897312424e-05,1.3920689840769542e-05
4914,0.9828,0.3,0.359812733483814,1.027521843663604e-05,3.75782566826261e-05,1.4276071373737296e-06,3.615064954525237e-05,1.394397236066977e-05
4915,0.983,0.3,0.3606835253935364,1.030287884898681e-05,3.773529242890492e-05,1.2981740381019423e-06,3.643711839080297e-05,1.3967316098085539e-05
4916,0.9832,0.3,0.3630821253396558,1.0328813627230183e-05,3.890294989721765e-05,1.6640685109703713e-06,3.723888138624727e-05,1.3990983892862636e-05
4917,0.9834,0.3,0.3629257298976482,1.0423916465462113e-05,3.866331131843431e-05,1.4611585085634058e-06,3.72021528098709e-05,1.4014614553585574e-05
4918,0.9836,0.3,0.36277287173956174,1.0507812595481174e-05,3.881374535726798e-05,1.5075269704489653e-06,3.730621838681901e-05,1.4038320988836573e-05
4919,0.9838,0.3,0.3634446110181555,1.0527524268694192e-05,3.8587085377542426e-05,1.479940665025992e-06,3.710714471251643e-05,1.406199209428085e-05
4920,0.984,0.3,0.36416494046825554,1.055773032262725e-05,3.8608370438492334e-05,1.6593790878328816e-06,3.6948991350659446e-05,1.4085690399325952e-05
4921,0.9842,0.3,0.3657020424707881,1.0582961445712091e-05,3.847647453360524e-05,1.653769296722054e-06,3.682270523688318e-05,1.410937772752434e-05
4922,0.9844,0.3,0.36641980989746453,1.0625801582946728e-05,3.895540992429685e-05,1.9830197094182743e-06,3.697239021487857e-05,1.4133214360198545e-05
4923,0.9846,0.3,0.366268454924124,1.064983763649567e-05,3.806508386654392e-05,7.705067497648129e-07,3.72945771167791e-05,1.4156842391162798e-05
4924,0.9848,0.3,0.36613290769860235,1.067415524617867e-05,3.895040709066414e-05,1.5558549110345628e-06,3.739455217962957e-05,1.4180721437433713e-05
4925,0.985,0.3,0.36680427549477157,1.0734927563823517e-05,3.870451844692541e-05,8.960922433943329e-07,3.7808426203531073e-05,1.420455709838848e-05
4926,0.9852,0.3,0.36669016096448315,1.0755475401202264e-05,3.918498135070209e-05,1.5873271228630632e-06,3.7597654227839024e-05,1.4228544925739398e-05
4927,0.9854,0.3,0.36650897058720494,1.0784524358005416e-05,3.958617126743556e-05,1.7141755942079962e-06,3.787199567322756e-05,1.4252663006710306e-05
4928,0.9856,0.3,0.3663411110134808,1.0807034042207894e-05,3.942890787584298e-05,1.7686076883821688e-06,3.766030018746081e-05,1.427676404226148e-05
4929,0.9858,0.3,0.3661917953473333,1.0837695819843975e-05,3.9418973615907556e-05,1.8340270714835474e-06,3.7584946544424e-05,1.4300884999645975e-05
4930,0.986,0.3,0.3682525052812152,1.0898778097900552e-05,3.874801230962266e-05,1.0098647742131304e-06,3.773814753540952e-05,1.4324855823898676e-05
4931,0.9862,0.3,0.3688333794317596,1.0917452943500707e-05,3.9168830032151174e-05,1.3480177502351218e-06,3.7820812281916046e-05,1.4348956983197243e-05
4932,0.9864,0.3,0.3693553496496961,1.0945783162263245e-05,3.966868451548415e-05,1.4781007533087744e-06,3.819058376217537e-05,1.437321576635572e-05
4933,0.9866,0.3,0.36917065425830065,1.0977600377545263e-05,3.9639286472088724e-05,1.3861014340517703e-06,3.825318503803695e-05,1.4397489479317597e-05
4934,0.9868,0.3,0.3690069835868553,1.1005743797853408e-05,3.9340961156201375e-05,1.1368073499021224e-06,3.820415380629924e-05,1.4421704561222012e-05
4935,0.987,0.3,0.3688709852436837,1.1029076043393281e-05,3.933751183080673e-05,1.3390591774144164e-06,3.7998452653392306e-05,1.4445939832339856e-05
4936,0.9872,0.3,0.36872679190629437,1.1059842317403905e-05,3.966553110597764e-05,1.5671904611865963e-06,3.8098340644791034e-05,1.4470281670958544e-05
4937,0.9874,0.3,0.36922852136276413,1.1100236320415042e-05,3.955531937899615e-05,1.1855830054025226e-06,3.836973637359362e-05,1.4494616009555217e-05
4938,0.9876,0.3,0.36987182790218326,1.111616923775557e-05,4.0352290141240144e-05,2.126482410306015e-06,3.822580773093412e-05,1.451917703993313e-05
4939,0.9878,0.3,0.3697004713682302,1.114062780975501e-05,3.978021881923491e-05,1.3856842406277365e-06,3.839453457860717e-05,1.4543609614210153e-05
4940,0.988,0.3,0.37029934103833617,1.1206857431505163e-05,4.0635914240077245e-05,1.9826572685302215e-06,3.865325697154702e-05,1.4568282980754452e-05
4941,0.9882,0.3,0.37014951873806823,1.1232489230439448e-05,4.022313742378364e-05,1.1991900886257586e-06,3.902394733515787e-05,1.4592868884337838e-05
4942,0.9884,0.3,0.37080748617068715,1.129261593404547e-05,4.027004815267419e-05,1.2489296865757763e-06,3.9021118466098406e-05,1.4617489524795426e-05
4943,0.9886,0.3,0.3713944963224176,1.1322919733118605e-05,4.0956163068141956e-05,2.0294551821013243e-06,3.8926707886040624e-05,1.46423074447036e-05
4944,0.9888,0.3,0.3712426536911441,1.1356033376800302e-05,4.137868451954672e-05,2.106018042516479e-06,3.9272666477030234e-05,1.4667259538569754e-05
4945,0.989,0.3,0.3710864449508786,1.1388740778456812e-05,4.141180099229907e-05,1.9069230240698156e-06,3.950487796822925e-05,1.4692241662844293e-05
4946,0.9892,0.3,0.3709178179865827,1.1419471338202455e-05,4.1231916520564126e-05,1.794244091715809e-06,3.943767242884831e-05,1.4717203646859933e-05
4947,0.9894,0.3,0.37158210225822497,1.1474355373677057e-05,4.113092293021311e-05,1.8018166135342862e-06,3.932910631667882e-05,1.4742158720602266e-05
4948,0.9896,0.3,0.3740612634276347,1.1506197477347334e-05,4.052603031723671e-05,1.1876894548204178e-06,3.9338340862416284e-05,1.4766998781603818e-05
4949,0.9898,1.0,0.3766152215414434,2.205036824623848e-06,4.1146884081374625e-05,1.6009747506958633e-06,3.954590933067876e-05,1.4792029061429907e-05
4950,0.99,0.3,0.37893811883010226,1.1753793556743348e-05,4.152952258221015e-05,1.775947386665228e-06,3.975357519554492e-05,1.4817187769635637e-05
4951,0.9902,0.3,0.3807200243892989,1.1785036816507198e-05,4.109728690096193e-05,1.1206718473650072e-06,3.997661505359691e-05,1.4842257809737039e-05
4952,0.9904,1.0,0.3824952607792486,2.2628936603595e-06,4.164067359860006e-05,1.4209679089942802e-06,4.021970568960577e-05,1.486749169679045e-05
4953,0.9906,0.3,0.383189271856013,1.1849038838984054e-05,4.180282151978838e-05,1.8124089400991783e-06,3.999041257968919e-05,1.4892792895858424e-05
4954,0.9908,1.0,0.3837044500302443,2.294421499417393e-06,4.0745698554271086e-05,1.436459585975662e-06,3.9309238968295414e-05,1.4917839144277177e-05
4955,0.991,1.0,0.3851731685037353,2.2693311795528844e-06,4.08983633589641e-05,1.724589816185963e-06,3.917377354277813e-05,1.4942936945702523e-05
4956,0.9912,1.0,0.3850130235669809,2.300385166185096e-06,4.157062263859417e-05,2.120254728778571e-06,3.945036790981559e-05,1.496824071403412e-05
4957,0.9914,1.0,0.3848275676020373,2.3073965658561956e-06,4.107045676053873e-05,1.5660188791589276e-06,3.9504437881379796e-05,1.4993439392654609e-05
4958,0.9916,1.0,0.38554940205935273,2.2977516909802307e-06,4.040475805580649e-05,1.001290738271703e-06,3.940346731753478e-05,1.5018480826403559e-05
4959,0.9918,1.0,0.3853517125586191,2.3330259725640347e-06,4.1159286056616386e-05,1.8179819119186806e-06,3.9341304144697696e-05,1.5043745903961775e-05
4960,0.992,1.0,0.3870111258948383,2.3804283912775052e-06,4.096086305509491e-05,1.885049885379834e-06,3.9075813169715064e-05,1.5068990095327716e-05
4961,0.9922,1.0,0.3877634792003703,2.4292434888855333e-06,4.031042781246268e-05,7.308645217285766e-07,3.95795632907341e-05,1.5094098670979065e-05
4962,0.9924,1.0,0.38761039531896746,2.3450764630145885e-06,4.047985791113581e-05,1.4754254463434243e-06,3.900443246479238e-05,1.5119252220455739e-05
4963,0.9926,1.0,0.3883052585457481,2.3699607951317e-06,4.04682492732964e-05,1.5598122365495308e-06,3.890843703674686e-05,1.5144430361549794e-05
4964,0.9928,1.0,0.3890432214286912,2.29355052174798e-06,4.0071580621354195e-05,1.204962660324826e-06,3.886661796102936e-05,1.5169506510438562e-05
4965,0.993,1.0,0.38994013425048546,2.256950020700477e-06,4.016312762799439e-05,1.402987764838715e-06,3.8760139863155666e-05,1.5194615115250862e-05
4966,0.9932,1.0,0.3905637960536123,2.266891749873094e-06,3.987608925459666e-05,6.118287168899667e-07,3.926426053770669e-05,1.5219672048437582e-05
4967,0.9934,1.0,0.39038431501984233,2.2709575519217915e-06,4.0102154613492816e-05,6.611248466313983e-07,3.944102976686141e-05,1.5244809685351867e-05
4968,0.9936,1.0,0.39023165861499687,2.331154657977737e-06,4.147861561241387e-05,1.4607771982663274e-06,4.0017838414147536e-05,1.527034196842897e-05
4969,0.9938,1.0,0.39088464794690553,2.3523633366615413e-06,4.189664832033043e-05,1.6354647116374766e-06,4.0261183608692946e-05,1.529600698777678e-05
4970,0.994,1.0,0.3915599197086711,2.3922665718712017e-06,4.166694977647019e-05,1.2998770325543502e-06,4.036707274391583e-05,1.5321643974900282e-05
4971,0.9942,1.0,0.392165856183444,2.376133873710254e-06,4.240330489091114e-05,1.8980897774096662e-06,4.050521511350147e-05,1.5347486887988122e-05
4972,0.9944,1.0,0.3946899056374649,2.3933285882591717e-06,4.258115924327669e-05,1.8309488512963582e-06,4.075021039198033e-05,1.537340203093663e-05
4973,0.9946,1.0,0.39449812686883956,2.3999061898790622e-06,4.267456481248765e-05,1.959125170854554e-06,4.071543964163309e-05,1.5399361851865382e-05
4974,0.9948,1.0,0.39430884066649385,2.3667419223645557e-06,4.229489003504273e-05,1.6118540148789903e-06,4.068303602016373e-05,1.5425235363179266e-05
