step,time,radius,rate,gate_rate,gate_forcing,eta,eta_smooth,eta_gate,attempts
17001,3.4002000000000003,4.301724132102705e-09,0.08965236354669132,0.0,5.6246036075161865e-06,1.5883819223729022e-05,4.275654257246821e-06,1.1608164966482201e-05,2
17002,3.4004000000000003,8.157141302740923e-09,0.08959524714625612,0.0,5.959482614084435e-06,1.3317040112062575e-05,2.13324422048943e-06,1.1183795891573146e-05,2
17003,3.4006000000000003,1.2216309479572134e-08,0.08953817353556846,0.0,6.401013194497391e-06,1.3893910589398894e-05,2.4628843567144174e-06,1.1431026232684478e-05,2
17004,3.4008000000000003,1.695780896367636e-08,0.0894811471851047,0.0,7.560752570397728e-06,1.6145434583922873e-05,4.017172077144721e-06,1.212826250677815e-05,2
17005,3.4010000000000002,2.2345503021938022e-08,0.08942416729165663,0.0,9.208198089185731e-06,1.7728509869800552e-05,4.499311883132905e-06,1.3229197986667649e-05,2
17006,3.4012000000000002,2.7257801134238772e-08,0.08936722370061664,0.0,8.350939762799229e-06,1.620832934447735e-05,3.533683087571866e-06,1.2674646256905486e-05,2
17007,3.4014,3.167161159388968e-08,0.0893103157288202,0.0,7.439665978113458e-06,1.4626749818385889e-05,2.676348933630423e-06,1.1950400884755466e-05,2
17008,3.4016,3.644629580658961e-08,0.08925345214949272,0.0,7.455570300660394e-06,1.6414805884141275e-05,4.42719247185023e-06,1.1987613412291045e-05,2
17009,3.4018,4.128398407992395e-08,0.08920510787764582,0.0,7.98448993688125e-06,1.6200479461268916e-05,4.127997126807261e-06,1.2072482334461655e-05,2
17010,3.402,4.634975352464911e-08,0.08913984906459968,0.0,8.67888282383879e-06,1.664605357119918e-05,4.448613485965706e-06,1.2197440085233474e-05,2
17011,3.4022,5.08231750584766e-08,0.08912123448052288,0.0,8.482015370316588e-06,1.388075721352675e-05,1.5889701040760078e-06,1.2291787109450742e-05,2
17012,3.4024,5.679035338641738e-08,0.08906451529454587,0.0,8.277615891389796e-06,2.1553478475488534e-05,7.454355881487113e-06,1.4099122594001421e-05,1
17013,3.4026,6.043687568152628e-08,0.08900784784378982,0.0,5.24249890457325e-06,1.2984890499510966e-05,2.4322836077601815e-06,1.0552606891750786e-05,1
17014,3.4028,6.478920966243936e-08,0.08895121978621977,0.0,6.713075938592081e-06,1.5043019459747563e-05,3.891123249703265e-06,1.1151896210044298e-05,1
17015,3.403,6.862725586026824e-08,0.08889463192536459,0.0,5.318605543923269e-06,1.3865690441630154e-05,3.596537722846889e-06,1.0269152718783265e-05,1
17016,3.4032,7.252029425923279e-08,0.08883808179308017,0.0,5.606543428120068e-06,1.3852373928095306e-05,2.9006031061173368e-06,1.0951770821977969e-05,1
17017,3.4034,7.724211689169171e-08,0.08878157584844781,0.0,7.838931037083826e-06,1.5763529054056777e-05,3.7437458339832803e-06,1.2019783220073496e-05,1
17018,3.4036,8.226494490797315e-08,0.08872511571979527,0.0,8.458730418439947e-06,1.6648328522001134e-05,4.17169433351885e-06,1.2476634188482283e-05,1
17019,3.4038000000000004,8.72342097074315e-08,0.08866869644917581,0.0,8.460954911138581e-06,1.637784945186795e-05,3.6666201064073196e-06,1.2711229345460628e-05,1
17020,3.4040000000000004,9.272116192525295e-08,0.0886123199050378,0.0,9.9369278871652e-06,1.7489855070760902e-05,4.720807119674474e-06,1.276904795108643e-05,1
17021,3.4042000000000003,9.806906096197281e-08,0.08855598538269764,0.0,9.56506846661166e-06,1.716597390914582e-05,4.312449335999022e-06,1.2853524573146798e-05,1
17022,3.4044000000000003,1.0304387576199946e-07,0.08849968917404426,0.0,8.249574925436462e-06,1.6615594858680654e-05,4.08458826263296e-06,1.2531006596047694e-05,1
17023,3.4046000000000003,1.0857019060614005e-07,0.08844343349937575,0.0,9.640524390560527e-06,1.798168689306099e-05,3.036225963726012e-06,1.494546092933498e-05,1
17024,3.4048000000000003,1.1574540044726741e-07,0.08843201331312331,0.0,8.529269439244429e-06,2.733685642712587e-05,2.6475866930552665e-06,2.4689269734070603e-05,1
17025,3.4050000000000002,1.2362381224186692e-07,0.08837586088469929,0.0,8.283824096507393e-06,3.109765264682129e-05,6.203781284590849e-06,2.489387136223044e-05,1
17026,3.4052000000000002,1.3411781998214316e-07,0.08831977627656053,0.0,7.704470232903124e-06,4.475418162756832e-05,2.1882557243225008e-05,2.287162438434331e-05,1
17027,3.4054,1.4351806518473916e-07,0.08826371501050706,0.0,7.947544072523795e-06,3.904142435368077e-05,1.4112226839214428e-05,2.492919751446634e-05,1
17028,3.4056,1.4786316249540155e-07,0.0881642764703923,1.0,8.203235372292395e-06,1.3363710945177116e-05,4.486058872266432e-06,8.877652072910684e-06,1
17029,3.4058,1.5213602961756201e-07,0.08810818602867838,0.0,8.316791103530222e-06,1.3034323314794687e-05,2.902921921116406e-06,1.0131401393678282e-05,1
17030,3.406,1.5611336206275215e-07,0.0880842494844537,0.0,7.69970123006453e-06,1.2173380037503832e-05,5.347398065132105e-06,6.825981972371727e-06,1
17031,3.4062,1.5950714518904147e-07,0.08806542249504938,3.0,6.9108113870470864e-06,9.570771397002378e-06,4.063231955307441e-06,5.507539441694936e-06,1
17032,3.4064,1.6321834092593538e-07,0.08800939719566686,0.0,7.2952926323820845e-06,1.1246479614048016e-05,3.2051974430966274e-06,8.041282170951389e-06,1
17033,3.4066,1.6765049823224138e-07,0.08795341694167173,0.0,8.276801104915657e-06,1.3869429903909779e-05,5.050234586457389e-06,8.81919531745239e-06,1
17034,3.4068,1.7167137692125933e-07,0.08791876353973847,0.0,7.929990643704943e-06,1.2159481421235569e-05,3.508368216340821e-06,8.651113204894747e-06,1
17035,3.407,1.758855644130719e-07,0.08786292122579352,0.0,6.777394411537978e-06,1.427826936315238e-05,6.490912021039208e-06,7.787357342113172e-06,1
17036,3.4072,1.7953916325351364e-07,0.08780710883377778,0.0,7.50278136551134e-06,1.0749603427440905e-05,2.1833804188888705e-06,8.566223008552035e-06,1
17037,3.4074,1.8342613814985025e-07,0.08775134004574583,0.0,7.577433970299454e-06,1.1841510165215056e-05,2.726266874209448e-06,9.115243291005609e-06,1
17038,3.4076,1.8757705648079086e-07,0.08769561396306909,3.0,6.989216123005502e-06,1.3192598723461412e-05,4.9282003659149e-06,8.264398357546513e-06,1
17039,3.4078000000000004,1.9090986453962388e-07,0.08763991794017172,0.0,8.27518184855384e-06,8.372268163777173e-06,1.7429701457371257e-06,6.629298018040047e-06,1
17040,3.4080000000000004,1.9542729722490425e-07,0.08758427370693435,0.0,8.855628606367782e-06,1.3714611289818541e-05,5.714460474143028e-06,8.000150815675513e-06,1
17041,3.4082000000000003,1.986585577376307e-07,0.08752865872611021,0.0,7.928986121338877e-06,8.210064538602345e-06,2.2310740529127826e-06,5.978990485689562e-06,1
17042,3.4084000000000003,2.021454689773356e-07,0.08747308580582107,0.3,7.369763686453238e-06,9.987137133462158e-06,3.937388486930903e-06,6.049748646531254e-06,1
17043,3.4086000000000003,2.0532938379852042e-07,0.08741754998862025,0.0,6.654777582640016e-06,9.246981296050701e-06,3.427670381413025e-06,5.819310914637677e-06,1
17044,3.4088000000000003,2.0944133024073572e-07,0.08736396586699119,0.0,8.417993336089167e-06,1.2123615867254786e-05,5.232426230227621e-06,6.891189637027164e-06,1
17045,3.4090000000000003,2.140720139742009e-07,0.0873085053448443,0.3,8.435899704734604e-06,1.4635498813121059e-05,6.4155813714032685e-06,8.21991744171779e-06,1
17046,3.4092000000000002,2.1837640138542632e-07,0.0872530816367052,0.0,8.102348975647948e-06,1.34007168515325e-05,5.105499791279604e-06,8.295217060252896e-06,1
17047,3.4094,2.2314065149320598e-07,0.08724894616903785,0.0,1.0226813699972987e-05,1.3575170889667823e-05,4.61982691410822e-06,8.955343975559604e-06,1
17048,3.4096,2.2758707483508093e-07,0.08719498047302746,0.0,9.662214247342735e-06,1.2550246863852968e-05,3.3715057473270805e-06,9.178741116525888e-06,1
17049,3.4098,2.3688466454652013e-07,0.08713970111241684,0.0,1.0131277684314485e-05,3.633642890864479e-05,1.7296829795058842e-05,1.903959911358595e-05,1
17050,3.41,2.4018019142246793e-07,0.08708440551987028,0.0,7.915378549870073e-06,8.541478374439841e-06,2.0332373693356836e-06,6.508241005104158e-06,1
17051,3.4102,2.4310998282618535e-07,0.08702914700503227,1.0,6.413681674442537e-06,7.97259514823634e-06,2.363449990127536e-06,5.609145158108804e-06,1
17052,3.4104,2.4460523547021794e-07,0.08697261464781973,0.3,3.7019978920371033e-06,3.6798941142141504e-06,1.002978694951741e-06,2.6769154192624094e-06,1
17053,3.4106,2.466850946258657e-07,0.08691744066548601,0.0,5.2361525722579176e-06,5.141787355994895e-06,2.0168708685106367e-06,3.124916487484258e-06,1
17054,3.4108,2.497913032559661e-07,0.08686231822279267,0.0,5.12503953674733e-06,1.0384436067508157e-05,3.2512274875319763e-06,7.13320857997618e-06,1
17055,3.411,2.5273082543012935e-07,0.08680723214365962,3.0,4.710468213183072e-06,9.211543654157605e-06,3.028777506728827e-06,6.182766147428779e-06,1
17056,3.4112,2.569032119569897e-07,0.08676812784224254,0.0,5.14416852111372e-06,1.5695649116815987e-05,7.3023318392746466e-06,8.393317277541343e-06,1
17057,3.4114,2.607903166594376e-07,0.08671319140506956,0.0,6.1985572765045105e-06,1.3214515805943504e-05,4.417191120350445e-06,8.797324685593059e-06,1
17058,3.4116,2.6485682680619286e-07,0.08665829621611325,0.0,7.151780705051183e-06,1.3157989185021437e-05,4.831115927081439e-06,8.326873257939997e-06,1
17059,3.4118,2.6867608607369275e-07,0.08660343718868886,3.0,7.71016423889124e-06,1.056272544387606e-05,3.7681297417426973e-06,6.794595702133363e-06,1
17060,3.4120000000000004,2.734610145601653e-07,0.08654862794858283,0.0,9.11815438097234e-06,1.4783022439553766e-05,5.51691284594934e-06,9.266109593604425e-06,1
17061,3.4122000000000003,2.7693736684685646e-07,0.08649384744299068,3.0,7.529840314890585e-06,9.002516061750627e-06,3.5634055136709022e-06,5.439110548079726e-06,1
17062,3.4124000000000003,2.7933258271987154e-07,0.08643909930796607,0.0,5.833709012212204e-06,6.1183236151017305e-06,1.8604749531200797e-06,4.2578486619816506e-06,1
17063,3.4126000000000003,2.815185492002843e-07,0.0863843853788941,0.1,4.653197342517334e-06,6.224363112741669e-06,2.0058680891733097e-09,6.222357244652496e-06,1
17064,3.4128000000000003,2.8449409931628106e-07,0.08635403287846306,1.0,5.005922492800974e-06,9.56437808314257e-06,2.7917790488389505e-06,6.772599034303619e-06,1
17065,3.4130000000000003,2.8998524241525363e-07,0.08629932338642338,3.0,5.684863475561138e-06,2.088434028929355e-05,1.0149857560930886e-05,1.0734482728362665e-05,1
17066,3.4132000000000002,2.9436945267869794e-07,0.08624464096931045,0.0,7.333173904633428e-06,1.456267368126418e-05,5.583087589745579e-06,8.9795860915186e-06,1
17067,3.4134,2.984309016872708e-07,0.08618999584155658,0.0,7.731969679926398e-06,1.2549723631952799e-05,4.422715129481379e-06,8.12700850247142e-06,1
17068,3.4136,3.0202174249259404e-07,0.08616087570641473,3.0,7.45978940774728e-06,9.56786345982005e-06,3.8835554654998495e-06,5.684307994320201e-06,1
17069,3.4138,3.057203847733272e-07,0.08610631824652089,3.0,8.08032453978852e-06,9.47510404158316e-06,4.0384817686481914e-06,5.436622272934968e-06,1
17070,3.414,3.0859525705723253e-07,0.08605179436956815,3.0,7.1759341043396215e-06,6.250517827121235e-06,1.7968353769399481e-06,4.453682450181287e-06,1
17071,3.4142,3.1220129139125725e-07,0.08599731550088896,3.0,6.950922990298798e-06,1.0121356011175394e-05,4.213117971312952e-06,5.908238039862442e-06,1
17072,3.4144,3.1600299069123227e-07,0.08596808252148457,0.0,9.047759376271449e-06,9.933729363753319e-06,3.0993054047503147e-06,6.834423959003004e-06,1
17073,3.4146,3.212448722041313e-07,0.08591365986002206,0.03,9.851809501431293e-06,1.6320660196676183e-05,4.613738626070374e-06,1.170692157060581e-05,1
17074,3.4148,3.260213762758389e-07,0.08585927279199085,3.0,8.842834632831868e-06,1.4040995206273486e-05,3.0693616250096395e-06,1.0971633581263846e-05,1
17075,3.415,3.3079279692829135e-07,0.0858049243177448,0.3,9.808463049958979e-06,1.3921934151487088e-05,2.751571432575192e-06,1.1170362718911897e-05,1
17076,3.4152,3.364389234091922e-07,0.08578938412390986,3.0,9.693923269887194e-06,1.7507236750843224e-05,5.945242412678886e-06,1.1561994338164337e-05,1
17077,3.4154,3.4227707899291463e-07,0.0857351082946894,3.0,9.060837969133183e-06,1.9082766977215975e-05,6.847292551892989e-06,1.2235474425322985e-05,1
17078,3.4156,3.467396049390853e-07,0.08568085943140034,3.0,7.547950515700041e-06,1.3701632126404174e-05,3.527449100595991e-06,1.0174183025808183e-05,1
17079,3.4158,3.507716008965776e-07,0.08562664365087891,3.0,6.9737514385610495e-06,1.2110094408020499e-05,2.581424042793511e-06,9.528670365226987e-06,1
17080,3.4160000000000004,3.557731648057111e-07,0.08557247335509378,1.0,8.488571027484126e-06,1.6135740840763628e-05,5.284026797187795e-06,1.0851714043575833e-05,1
17081,3.4162000000000003,3.6049847801838106e-07,0.08551833824579808,3.0,8.725102385150448e-06,1.379642478317333e-05,3.450651704156659e-06,1.0345773079016671e-05,1
17082,3.4164000000000003,3.6676009615475156e-07,0.08547551790079759,1.0,9.432121717900321e-06,2.1481253396900027e-05,1.006190869251996e-05,1.1419344704380066e-05,1
17083,3.4166000000000003,3.716918006194988e-07,0.08542159056438765,3.0,8.464836944118131e-06,1.5054463448835149e-05,4.372965876749258e-06,1.0681497572085891e-05,1
17084,3.4168000000000003,3.758590158023622e-07,0.08541511713014585,1.0,7.219591499322096e-06,1.3210778016999977e-05,3.1952660154689443e-06,1.0015512001531033e-05,1
17085,3.4170000000000003,3.799740964533169e-07,0.08536110962390896,1.0,6.277354308667004e-06,1.3887868092838513e-05,2.918585883391263e-06,1.0969282209447249e-05,1
17086,3.4172000000000002,3.839460435962162e-07,0.08530713577482808,3.0,6.283333329146209e-06,1.239793388550231e-05,1.2027581420266597e-06,1.119517574347565e-05,1
17087,3.4174,3.88742524646692e-07,0.0852532100871628,3.0,6.199159277370135e-06,1.6591271792767946e-05,5.546335969732166e-06,1.1044935823035781e-05,1
17088,3.4176,3.9383129855173124e-07,0.08519932321325047,0.0,8.102783262067716e-06,1.7307743881766778e-05,5.086223815890626e-06,1.2221520065876152e-05,1
17089,3.4178,3.985847076154636e-07,0.08514546977931599,0.0,9.713692699173786e-06,1.401961230155896e-05,2.1296571176608825e-06,1.1889955183898078e-05,1
17090,3.418,4.046836602022566e-07,0.08509166768284414,1.0,1.1162220089490235e-05,1.889672805626188e-05,4.681230004959944e-06,1.4215498051301939e-05,1
17091,3.4182,4.11077415827651e-07,0.08503790666601081,3.0,1.2097122647186113e-05,1.8613324572311166e-05,5.1367367924063945e-06,1.3476587779904773e-05,1
17092,3.4184,4.173820541042877e-07,0.08498418745011721,3.0,1.1708652955062512e-05,1.8536642245268737e-05,7.228322209395295e-06,1.1308320035873442e-05,1
17093,3.4186,4.230651813881151e-07,0.08498689850201795,0.0,1.0539772737953452e-05,1.7840145177845262e-05,7.802824001714511e-06,1.0037321176130749e-05,1
17094,3.4188,4.2782734734932e-07,0.08493321959834545,0.3,8.671038386018018e-06,1.4976018029510407e-05,4.675445110120108e-06,1.0300572919390299e-05,1
17095,3.419,4.331070345971886e-07,0.08487958002499414,3.0,8.027168137521092e-06,1.70433244912957e-05,3.113494599270542e-06,1.3929829892025158e-05,1
17096,3.4192,4.3794706932909844e-07,0.08486996969784018,3.0,7.57614951641506e-06,1.5280475586559056e-05,2.1626935680323122e-06,1.3117782018526742e-05,1
17097,3.4194,4.427270368530564e-07,0.08486827380966058,0.3,7.234329715021165e-06,1.6496031153030198e-05,5.026802970978925e-06,1.1469228182051272e-05,1
17098,3.4196,4.469681227893402e-07,0.08486648553782711,1.0,7.159055653409118e-06,1.3563768878988303e-05,2.665354515402859e-06,1.0898414363585444e-05,1
17099,3.4198,4.5135813329166557e-07,0.08481292927466227,1.0,7.424404109707195e-06,1.4038385517657528e-05,2.762814125467927e-06,1.12755713921896e-05,1
17100,3.4200000000000004,4.559611555175964e-07,0.08484974774412422,1.0,6.93253469132242e-06,1.5590418976088634e-05,4.0565146300698454e-06,1.1533904346018787e-05,1
17101,3.4202000000000004,4.599254568517032e-07,0.08479622892319642,1.0,5.64369737701092e-06,1.3681029197908156e-05,3.0745886907358485e-06,1.0606440507172307e-05,1
17102,3.4204000000000003,4.634343501151145e-07,0.0847427413985456,1.0,5.728815098165205e-06,1.1314842361776568e-05,8.112842909330246e-07,1.0503558070843543e-05,1
17103,3.4206000000000003,4.6875799406970875e-07,0.08468931067271203,1.0,5.528069346591978e-06,2.0584575993356294e-05,9.841258399717345e-06,1.0743317593638949e-05,1
17104,3.4208000000000003,4.7256740648777686e-07,0.08463590032588195,1.0,5.527445621594051e-06,1.3009113879951795e-05,2.3656373780805762e-06,1.0643476501871217e-05,1
17105,3.4210000000000003,4.7637542447939974e-07,0.08458252930656114,0.0,5.949374216484719e-06,1.3050578747339205e-05,2.096151196226351e-06,1.0954427551112855e-05,1
17106,3.4212000000000002,4.807326377336901e-07,0.0845291989238748,1.0,6.85079834168805e-06,1.4416257193320737e-05,3.2709924849813096e-06,1.1145264708339427e-05,1
17107,3.4214,4.857377975041757e-07,0.08447591017105498,3.0,8.512191941210568e-06,1.5023075316290458e-05,4.163041723512303e-06,1.0860033592778156e-05,1
17108,3.4216,4.928791171772846e-07,0.08442268297973657,0.0,1.0548116277270535e-05,2.5117168353925717e-05,4.414173754176689e-06,2.070299459974903e-05,1
17109,3.4218,5.024648863086097e-07,0.08445722282342769,1.0,8.752782782784356e-06,3.8636354062872825e-05,1.772168103156388e-05,2.091467303130894e-05,1
17110,3.422,5.091357328052499e-07,0.08440403028411672,3.0,7.878539141124777e-06,2.3915596885479926e-05,3.381152210370725e-06,2.05344446751092e-05,1
17111,3.4222,5.134646270387078e-07,0.08435085698871468,0.0,9.56191749661243e-06,1.2039420060309766e-05,4.483686974005076e-06,7.555733086304689e-06,1
17112,3.4224,5.171117972139964e-07,0.08429771490950169,3.0,8.223407564835104e-06,8.423136633636402e-06,2.3069748761124737e-06,6.116161757523928e-06,1
17113,3.4226,5.205141541806481e-07,0.08424461207279602,0.3,8.104030524438816e-06,8.708398224195903e-06,3.194360246710997e-06,5.514037977484907e-06,1
17114,3.4228,5.23839027381749e-07,0.08419154404869308,3.0,6.4094223546348635e-06,8.604446551122119e-06,3.580130696955856e-06,5.024315854166263e-06,1
17115,3.423,5.266046762703221e-07,0.08413850899552133,1.0,6.79450954773591e-06,6.464316711884865e-06,2.023524103069215e-06,4.4407926088156506e-06,1
17116,3.4232,5.30476834344628e-07,0.08408551804086975,3.0,7.559504663554353e-06,1.0171216431566653e-05,4.407260825305655e-06,5.7639556062609974e-06,1
17117,3.4234,5.337287529171941e-07,0.08403256051120361,1.0,9.074330184929464e-06,6.6084409856299935e-06,1.2060294957044426e-08,6.596380690672949e-06,1
17118,3.4236,5.381360169136156e-07,0.0840249609568692,0.0,8.94385206027434e-06,1.3047431221984978e-05,4.69067447137792e-06,8.356756750607058e-06,1
17119,3.4238,5.42432049945507e-07,0.08397206969308278,1.0,9.230764516097278e-06,1.1663742923380102e-05,3.168408735356466e-06,8.495334188023636e-06,1
17120,3.4240000000000004,5.479880977215497e-07,0.08395902710170021,3.0,8.176470888242635e-06,1.792235834261574e-05,8.302707564780375e-06,9.619650777835363e-06,1
17121,3.4242000000000004,5.522801145748136e-07,0.08390619839804175,1.0,7.730901413137805e-06,1.3132884167399103e-05,5.234656397045524e-06,7.89822777035358e-06,1
17122,3.4244000000000003,5.55638338125549e-07,0.08385339657564925,3.0,6.335750565687797e-06,8.747033677296076e-06,2.6787694249034624e-06,6.068264252392614e-06,1
17123,3.4246000000000003,5.600703562850366e-07,0.0838006416844216,1.0,7.992710156130884e-06,1.3562772826347002e-05,6.3857110090204306e-06,7.177061817326571e-06,1
17124,3.4248000000000003,5.635665480313625e-07,0.08378382915331342,3.0,7.561334578027114e-06,8.187093048772195e-06,3.7537823599323724e-06,4.433310688839823e-06,1
17125,3.4250000000000003,5.67331208594307e-07,0.08373112642592716,3.0,8.591792540137956e-06,8.487813563494798e-06,3.3619852117744985e-06,5.1258283517203e-06,1
17126,3.4252000000000002,5.715270576655933e-07,0.08367846788107407,0.3,9.849005671783667e-06,1.0911756994910533e-05,4.827680040172785e-06,6.084076954737748e-06,1
17127,3.4254000000000002,5.756186314402709e-07,0.08368796716993127,1.0,9.02137302515946e-06,1.0814916936039641e-05,4.612506351205054e-06,6.202410584834586e-06,1
17128,3.4256,5.786359465266508e-07,0.0836353476934987,3.0,6.961627059716902e-06,6.3452937405881956e-06,1.8522432426265128e-06,4.493050497961683e-06,1
17129,3.4258,5.82230289618115e-07,0.0835827685493858,3.0,7.76157553547961e-06,8.420321928901716e-06,3.2496221846515998e-06,5.170699744250117e-06,1
17130,3.426,5.856957641183795e-07,0.08353022708146032,1.0,8.640053019191048e-06,8.054572956445007e-06,1.500354547281282e-06,6.554218409163725e-06,1
17131,3.4262,5.901403742266243e-07,0.08343246402626617,1.0,9.507513153483883e-06,1.2078562949955564e-05,4.590163437321616e-06,7.488399512633948e-06,1
17132,3.4264,5.947185531756899e-07,0.08341829282528733,0.0,1.0459084427758822e-05,1.2382385860687333e-05,3.1596205248443086e-06,9.222765335843024e-06,1
17133,3.4266,5.988406967823191e-07,0.08336587087407839,3.0,9.60952695978233e-06,9.161096796982363e-06,3.1649629840454308e-06,5.996133812936933e-06,1
17134,3.4268,6.042012851984654e-07,0.08331350226543714,3.0,8.559944587914926e-06,1.638831554728995e-05,7.3180383469944625e-06,9.070277200295488e-06,1
17135,3.427,6.086729450112202e-07,0.08326104796294195,1.0,1.035539263433622e-05,1.1345971809559234e-05,3.906094400022703e-06,7.43987740953653e-06,1
17136,3.4272,6.135873396373462e-07,0.08325369006116848,3.0,1.0092358613687519e-05,1.2595341027628195e-05,5.12939919658536e-06,7.465941831042835e-06,1
17137,3.4274,6.193884749053478e-07,0.08320141570822556,3.0,1.053320952641566e-05,1.6571706342678e-05,6.496375001840087e-06,1.0075331340837914e-05,1
17138,3.4276,6.24901488646789e-07,0.08318748695888663,3.0,1.1143469921513818e-05,1.4503405034672268e-05,5.80898421593812e-06,8.694420818734148e-06,1
17139,3.4278,6.29217792686765e-07,0.08313525874616078,3.0,1.0660728238631696e-05,8.987477955994697e-06,2.4361424576972305e-06,6.551335498297466e-06,1
17140,3.4280000000000004,6.351020360305163e-07,0.0830830829420347,3.0,1.0779296263171752e-05,1.669291484847982e-05,7.772045807910565e-06,8.920869040569256e-06,1
17141,3.4282000000000004,6.399977537069107e-07,0.08303093530042399,3.0,1.0309448428766871e-05,1.2203549678439675e-05,4.451966025263211e-06,7.751583653176464e-06,1
17142,3.4284000000000003,6.443950940773846e-07,0.08297881987427126,3.0,1.0158266559524824e-05,9.848553014699946e-06,3.3497023386184773e-06,6.498850676081469e-06,1
17143,3.4286000000000003,6.484059963894713e-07,0.08292674240377648,1.0,9.146326015618698e-06,1.0208176183771322e-05,2.5555659152759534e-06,7.65261026849537e-06,1
17144,3.4288000000000003,6.535569440857104e-07,0.08287470838237326,0.3,1.0007604847243945e-05,1.549788430287984e-05,4.410213632624159e-06,1.1087670670255682e-05,1
17145,3.4290000000000003,6.583460614519792e-07,0.08282270761931788,3.0,8.632912758765209e-06,1.3290487641576361e-05,1.9124262832085436e-06,1.1378061358367817e-05,1
17146,3.4292000000000002,6.629223850137764e-07,0.08277074296300989,3.0,8.701451691729987e-06,1.2143577985149776e-05,2.3506592749069915e-06,9.792918710242784e-06,1
17147,3.4294000000000002,6.674253566805364e-07,0.08271881615272302,3.0,8.025462502599265e-06,1.2438847534939642e-05,2.609140126183527e-06,9.829707408756114e-06,1
17148,3.4296,6.726143111224978e-07,0.08271578066132261,3.0,8.647532443645514e-06,1.5231754870872078e-05,4.210468836971416e-06,1.1021286033900661e-05,1
17149,3.4298,6.780128307961042e-07,0.0826639141136409,3.0,9.089064212527362e-06,1.5821765232768695e-05,3.685051493037636e-06,1.2136713739731058e-05,1
17150,3.43,6.829612029442934e-07,0.08264578044829571,1.0,1.0043135821195027e-05,1.3961993616081818e-05,2.943828519365234e-06,1.1018165096716583e-05,1
17151,3.4302,6.881660025140366e-07,0.08265124804023682,3.0,7.454998147294806e-06,1.6455642028288814e-05,5.4428438561551405e-06,1.1012798172133673e-05,1
17152,3.4304,6.935956735745722e-07,0.08259945665701877,1.0,8.562845116768061e-06,1.783755806916347e-05,5.354497586684757e-06,1.2483060482478713e-05,1
17153,3.4306,6.983163758375931e-07,0.08254769482831473,3.0,7.241573988947876e-06,1.4216615432157534e-05,3.143840867959498e-06,1.1072774564198037e-05,1
17154,3.4308,7.026517024786732e-07,0.08249596718324421,1.0,8.61248441140742e-06,1.230587272822472e-05,2.8156472867655937e-06,9.490225441459126e-06,1
17155,3.431,7.084193470840685e-07,0.08244429130345453,3.0,6.948716511104591e-06,1.9714728476549087e-05,9.388967978935851e-06,1.0325760497613236e-05,1
17156,3.4312,7.122965941485815e-07,0.08239263347761498,3.0,5.959671695632112e-06,1.1236957063124536e-05,2.3249192628117165e-06,8.912037800312819e-06,1
17157,3.4314,7.158978418969268e-07,0.08234100820726367,3.0,6.311288783523831e-06,9.49385438745426e-06,5.432484383575239e-07,8.950605949096735e-06,1
17158,3.4316,7.207689417360085e-07,0.08228943045335699,3.0,7.7005219741258e-06,1.4440861569381594e-05,4.6353846190803164e-06,9.805476950301277e-06,1
17159,3.4318,7.256178956599307e-07,0.08223789022916818,3.0,8.238621761350408e-06,1.377708946686577e-05,3.9267979741308716e-06,9.8502914927349e-06,1
17160,3.4320000000000004,7.313110169712561e-07,0.08218639531948894,1.0,1.0185812860125914e-05,1.7491454480409608e-05,5.870733214239468e-06,1.1620721266170139e-05,1
17161,3.4322000000000004,7.363672761960091e-07,0.08213493083241427,3.0,9.006260407333453e-06,1.4013240247530315e-05,3.278635644570814e-06,1.07346046029595e-05,1
17162,3.4324000000000003,7.413515505966474e-07,0.08213417295593803,3.0,8.73363164431068e-06,1.3910472298816361e-05,2.5747635874487793e-06,1.1335708711367582e-05,1
17163,3.4326000000000003,7.460781960464269e-07,0.08208276078967125,3.0,7.890473870201632e-06,1.3450558334824788e-05,3.6450341917953227e-06,9.805524143029465e-06,1
17164,3.4328000000000003,7.503616403940443e-07,0.08203138079085497,3.0,7.205811402100875e-06,1.190536874422348e-05,1.8034800548633055e-06,1.0101888689360174e-05,1
17165,3.4330000000000003,7.547356070663649e-07,0.08194287818311546,3.0,7.638054513930701e-06,1.1912462666474516e-05,2.6983071065799086e-06,9.214155559894608e-06,1
17166,3.4332000000000003,7.594480214893687e-07,0.08189158881684298,1.0,9.627825551828617e-06,1.311515038603576e-05,3.5277244408140087e-06,9.587425945221751e-06,1
17167,3.4334000000000002,7.638456979922222e-07,0.0818403341287549,0.3,9.996430204063781e-06,1.1701119825849962e-05,3.6965660633963082e-06,8.004553762453654e-06,1
17168,3.4336,7.677815837192405e-07,0.08178911238897477,1.0,9.055994182946985e-06,9.794980666817618e-06,4.153614450434109e-06,5.6413662163835096e-06,1
17169,3.4338,7.711064846838577e-07,0.08173792135732383,1.0,8.628122687306384e-06,7.164040407150724e-06,2.1859332805853257e-06,4.9781071265653975e-06,1
17170,3.434,7.741330425318949e-07,0.08168676365628168,3.0,6.9880953445004695e-06,5.763717273549499e-06,2.395595122558743e-06,3.3681221509907563e-06,1
17171,3.4342,7.773163746512455e-07,0.08163564524266727,3.0,6.0823336658056865e-06,7.4438215195515265e-06,2.935184168285234e-06,4.508637351266292e-06,1
17172,3.4344,7.807613543454171e-07,0.08158456325344875,3.0,6.371905079325184e-06,8.452314795392174e-06,3.0926331220002947e-06,5.35968167339188e-06,1
17173,3.4346,7.884829181264823e-07,0.08153355758148136,1.0,9.242239969411332e-06,2.8516978912685812e-05,1.3606509856552612e-05,1.49104690561332e-05,1
17174,3.4348,7.929335223598397e-07,0.08148255530360113,1.0,1.015863176514091e-05,1.1239247338451746e-05,2.7575697942097677e-06,8.481677544241978e-06,1
17175,3.435,7.971149451973495e-07,0.08143158939139486,3.0,9.399215274395155e-06,9.058081784138466e-06,3.085913519561089e-06,5.972168264577376e-06,1
17176,3.4352,8.017658032506206e-07,0.08138066615744398,3.0,9.330004020602624e-06,1.1460901866396575e-05,4.18505673721913e-06,7.275845129177445e-06,1
17177,3.4354,8.061577074942989e-07,0.08137739139116483,1.0,1.1061605094514958e-05,1.0028525140179854e-05,3.507798395745032e-06,6.5207267444348215e-06,1
17178,3.4356,8.114019726350132e-07,0.08136512472281418,1.0,1.1269626629479546e-05,1.4077107860157067e-05,5.590409956079184e-06,8.486697904077883e-06,1
17179,3.4358,8.156630850833214e-07,0.08131427149299283,3.0,9.691785013408796e-06,9.107023508382943e-06,3.04242709611835e-06,6.064596412264592e-06,1
17180,3.436,8.21288298568235e-07,0.08121361531203447,1.0,1.1252217856812038e-05,1.5988897611986455e-05,6.909844230220367e-06,9.079053381766088e-06,1
17181,3.4362000000000004,8.260479888721063e-07,0.08116286090020057,3.0,8.926065525156465e-06,1.2334526050580972e-05,5.542156527840643e-06,6.792369522740329e-06,1
17182,3.4364000000000003,8.293135341543523e-07,0.08111213027079865,3.0,7.356689790497711e-06,6.420854900514129e-06,2.9666908542378633e-06,3.4541640462762654e-06,1
17183,3.4366000000000003,8.328186582439416e-07,0.08106143576141198,3.0,7.260174822812913e-06,7.70487547750854e-06,2.283892169881301e-06,5.42098330762724e-06,1
17184,3.4368000000000003,8.366668479457237e-07,0.08101078000241493,3.0,7.602331203212092e-06,9.066761491066276e-06,3.6365370010499983e-06,5.430224490016278e-06,1
17185,3.4370000000000003,8.406528541995149e-07,0.08096016133118748,1.0,9.791016027688716e-06,9.232452427313752e-06,3.101409192100513e-06,6.1310432352132385e-06,1
17186,3.4372000000000003,8.452792281992186e-07,0.08090958651614434,0.3,1.025333395597316e-05,1.2557437203495888e-05,5.178494389291672e-06,7.378942814204217e-06,1
17187,3.4374000000000002,8.493316884266817e-07,0.08085904076205928,3.0,8.474436249290367e-06,9.177431844867422e-06,3.045714734829491e-06,6.131717110037931e-06,1
17188,3.4376,8.535665855502738e-07,0.08080853403760714,1.0,1.0376009089759675e-05,9.87821811336679e-06,4.445466507056016e-06,5.4327516063107754e-06,1
17189,3.4378,8.587691479314306e-07,0.08080455469287427,1.0,1.035213092312002e-05,1.4735325950243244e-05,6.671550424471391e-06,8.063775525771852e-06,1
17190,3.438,8.629167689444584e-07,0.08075410133246162,3.0,7.864717136365626e-06,1.0221338107276754e-05,4.6672072138810665e-06,5.554130893395688e-06,1
17191,3.4382,8.660882857897417e-07,0.08070367418965778,3.0,7.390550759577405e-06,5.803752853310108e-06,1.8823002617047805e-06,3.921452591605328e-06,1
17192,3.4384,8.699253397225792e-07,0.08065328922600161,3.0,7.280387631977271e-06,9.230849593534606e-06,3.6542408242669263e-06,5.57660876926768e-06,1
17193,3.4386,8.738090212605649e-07,0.08060294089519669,3.0,6.982542845222218e-06,9.749983855862193e-06,4.098152949652414e-06,5.6518309062097795e-06,1
17194,3.4388,8.771892934091049e-07,0.0805526241049991,3.0,6.601831904122976e-06,7.602503143837072e-06,2.716954854197678e-06,4.885548289639395e-06,1
17195,3.439,8.804057518474398e-07,0.08050233988752571,3.0,7.306856904496731e-06,6.06829296828267e-06,1.956466009858175e-06,4.111826958424495e-06,1
17196,3.4392,8.8463636979238e-07,0.08045210047379135,3.0,8.498904046546475e-06,9.935617488842595e-06,3.921466084562197e-06,6.014151404280399e-06,1
17197,3.4394,8.890119057856116e-07,0.08035515996394473,3.0,9.760483575613587e-06,9.385458770782415e-06,3.534482006465865e-06,5.850976764316549e-06,1
17198,3.4396,8.949731374507703e-07,0.0803050272139928,1.0,1.280276516731811e-05,1.603976426515093e-05,6.386253171261298e-06,9.653511093889635e-06,1
17199,3.4398,9.005437432262194e-07,0.08025492704284974,1.0,1.3720945458366593e-05,1.3162270544789907e-05,4.8924823980175345e-06,8.269788146772372e-06,1
17200,3.44,9.058202153357013e-07,0.08025658525334063,3.0,1.1532743037414445e-05,1.2067581102028736e-05,3.044539945748514e-06,9.023041156280222e-06,1
17201,3.4402000000000004,9.115306286725561e-07,0.08020654154516879,3.0,1.0497498258675033e-05,1.5255656346559332e-05,6.41343939988927e-06,8.842216946670063e-06,1
17202,3.4404000000000003,9.158664412436737e-07,0.08019947966613125,3.0,9.278931014915356e-06,9.585753771294148e-06,2.65258431559859e-06,6.933169455695558e-06,1
17203,3.4406000000000003,9.200450140174084e-07,0.08014947608596681,1.0,9.800089588223146e-06,1.0101239959374906e-05,3.2074686566897178e-06,6.893771302685188e-06,1
17204,3.4408000000000003,9.23897604306664e-07,0.08009950396830534,3.0,7.368655356730737e-06,9.054528323605176e-06,3.312773218327496e-06,5.74175510527768e-06,1
17205,3.4410000000000003,9.273443105577086e-07,0.08004956387917805,1.0,8.63419399966307e-06,7.599615807081615e-06,3.0465350916105607e-06,4.553080715471055e-06,1
17206,3.4412000000000003,9.30932804495106e-07,0.0799996616230779,1.0,7.734655512911154e-06,9.204339911992344e-06,3.368584902369704e-06,5.835755009622639e-06,1
17207,3.4414000000000002,9.336388783967603e-07,0.079949786349041,1.0,6.891440553721416e-06,5.632102107736741e-06,2.0971030499692502e-06,3.5349990577674905e-06,1
17208,3.4416,9.362676380559502e-07,0.07989994452519407,3.0,5.01671589694052e-06,5.247515323320845e-06,1.5732387768476336e-06,3.6742765464732114e-06,1
17209,3.4418,9.392749251205264e-07,0.07985013876907116,3.0,6.6607585325575465e-06,5.487477250860881e-06,1.8548290805157925e-06,3.6326481703450886e-06,1
17210,3.442,9.437412776534632e-07,0.07980038495939937,1.0,8.77404211857568e-06,1.254107481840369e-05,3.3167934707871164e-06,9.224281347616574e-06,1
17211,3.4422,9.496233156528473e-07,0.07975067863753031,1.0,9.977739964399961e-06,1.8410264290341363e-05,7.307233042627322e-06,1.110303124771404e-05,1
17212,3.4424,9.5454656118387e-07,0.07970099933339883,1.0,1.0508010853371653e-05,1.3080244833704487e-05,3.460243025764566e-06,9.62000180793992e-06,1
17213,3.4426,9.641731810527778e-07,0.07965140127947515,3.0,8.940297345249064e-06,3.623830454627753e-05,1.1464625842431223e-05,2.4773678703846303e-05,1
17214,3.4428,9.75632623359838e-07,0.0796018572005929,3.0,8.753383128144032e-06,4.555691043622624e-05,2.186749205383576e-05,2.3689418382390483e-05,1
17215,3.443,9.838052268744977e-07,0.07955231234304254,1.0,1.1678478298708893e-05,2.8126876597899674e-05,4.547177643200794e-06,2.357969895469888e-05,1
17216,3.4432,9.882489107237165e-07,0.07950277353299942,3.0,9.83769059186649e-06,9.344251260032071e-06,3.678607443352619e-06,5.665643816679452e-06,1
17217,3.4434,9.923475435956253e-07,0.07945326807469817,3.0,9.233886116389178e-06,8.209696775529685e-06,2.2110779005946656e-06,5.9986188749350195e-06,1
17218,3.4436,9.974083141660346e-07,0.07940380724065531,3.0,8.696852823465858e-06,1.354336494303032e-05,3.407454197043006e-06,1.0135910745987314e-05,1
17219,3.4438,1.0030096760412648e-06,0.07935438541746265,3.0,9.370150959005298e-06,1.5556656343505815e-05,4.817867307660684e-06,1.0738789035845131e-05,1
17220,3.444,1.0079522133493347e-06,0.07930499273777135,3.0,9.68027919611122e-06,1.1936220628732327e-05,1.898389598741594e-06,1.0037831029990733e-05,1
17221,3.4442000000000004,1.0135495553032054e-06,0.07925564258515054,1.0,1.1917712251825698e-05,1.4978134026505644e-05,4.644415858667403e-06,1.033371816783824e-05,1
17222,3.4444000000000004,1.0203727642141876e-06,0.07920634107116074,1.0,1.1559159457682363e-05,2.14593692928807e-05,8.558109907356938e-06,1.2901259385523764e-05,1
17223,3.4446000000000003,1.025624943155592e-06,0.07915705736343635,3.0,9.943925437998767e-06,1.3166990955387674e-05,3.341705364921646e-06,9.825285590466028e-06,1
17224,3.4448000000000003,1.0319921321799247e-06,0.0791078213892628,3.0,1.0155736114147898e-05,1.8512392594963166e-05,8.84687757383102e-06,9.665515021132148e-06,1
17225,3.4450000000000003,1.037098790903785e-06,0.07905860849898355,3.0,9.45274404155718e-06,1.2895119271759001e-05,3.000577803237823e-06,9.89454146852118e-06,1
17226,3.4452000000000003,1.0421705001818593e-06,0.07900943093465176,3.0,9.093732538103448e-06,1.3063764771600828e-05,3.6283309731240997e-06,9.435433798476727e-06,1
17227,3.4454000000000002,1.0481294025216758e-06,0.07896029503488071,3.0,9.945042837688397e-06,1.663148959663025e-05,5.5861733001479065e-06,1.1045316296482344e-05,1
17228,3.4456,1.0552378639213712e-06,0.07895471233491363,1.0,1.2413030590781911e-05,2.199455252893013e-05,8.961159759560242e-06,1.3033392769369888e-05,1
17229,3.4458,1.0604255678389793e-06,0.07890562449066942,3.0,9.01408597842085e-06,1.3667465405698265e-05,3.6751983782411937e-06,9.992267027457072e-06,1
17230,3.446,1.0649717926515252e-06,0.07885656532863836,3.0,8.708773713016343e-06,1.0750449255545102e-05,4.360203047214795e-06,6.3902462083303074e-06,1
17231,3.4462,1.0738451833600507e-06,0.07885027842673704,1.0,1.0088606170863008e-05,3.312461089402955e-05,1.6095123074218566e-05,1.702948781981099e-05,1
17232,3.4464,1.0770604911285832e-06,0.07884153210442167,3.0,6.738660105430055e-06,6.026725380239906e-06,2.224808009676812e-06,3.801917370563094e-06,1
17233,3.4466,1.0804031620031057e-06,0.07879253426103155,3.0,6.090751881694875e-06,7.301406521040721e-06,2.858721670717335e-06,4.442684850323385e-06,1
17234,3.4468,1.0835279538466653e-06,0.07874356892831882,1.0,7.69175156559737e-06,6.765039320514253e-06,1.8049029888230207e-06,4.960136331691232e-06,1
17235,3.447,1.0868082830840674e-06,0.07869463914242028,1.0,7.947105234012546e-06,7.283970979762581e-06,3.213748912388628e-06,4.070222067373953e-06,1
17236,3.4472,1.0906340009616046e-06,0.07864574990314735,1.0,7.933510937646198e-06,1.0020729086639517e-05,4.128537240753463e-06,5.892191845886053e-06,1
17237,3.4474,1.0941446477690503e-06,0.07859689068826184,1.0,8.916765256228878e-06,7.458216115458114e-06,3.5214022937551303e-06,3.936813821702983e-06,1
17238,3.4476,1.0996155975027015e-06,0.07850377771645475,3.0,9.024675631595963e-06,1.4953319295620473e-05,6.9408903006213265e-06,8.012428994999147e-06,1
17239,3.4478,1.103429358073964e-06,0.07845500746425893,3.0,9.988807052470805e-06,5.689004014659924e-06,1.6280669994489298e-06,4.060937015210994e-06,1
17240,3.448,1.1087404301485122e-06,0.078406287698525,3.0,1.0831972063630281e-05,1.2318405451195372e-05,5.325959819021072e-06,6.9924456321743e-06,1
17241,3.4482000000000004,1.1147680557829523e-06,0.07840339137112605,1.0,1.313664937858741e-05,1.580255435942361e-05,6.269912638380696e-06,9.532641721042913e-06,1
17242,3.4484000000000004,1.1207361068716018e-06,0.07835472909141548,3.0,1.1472803001791522e-05,1.492661097446808e-05,5.177886494196527e-06,9.748724480271551e-06,1
17243,3.4486000000000003,1.1265395561136886e-06,0.07830610311664686,3.0,1.0731329561172932e-05,1.4827011367347536e-05,6.435856824201538e-06,8.391154543145999e-06,1
17244,3.4488000000000003,1.1325056776657886e-06,0.07829147274893655,3.0,9.779510785528883e-06,1.657409307323697e-05,5.7093712555338785e-06,1.0864721817703093e-05,1
17245,3.4490000000000003,1.1371497056762587e-06,0.07824289103004396,3.0,9.089568043155828e-06,1.0637292464032897e-05,2.579122140136166e-06,8.058170323896732e-06,1
17246,3.4492000000000003,1.1441472331577644e-06,0.0781943662941416,3.0,8.64016072554629e-06,2.283633509038041e-05,3.635488791444331e-06,1.920084629893608e-05,1
17247,3.4494000000000002,1.153882002734698e-06,0.07814590613904694,3.0,7.239449425040641e-06,3.7897560350352124e-05,1.86498552081478e-05,1.9247705142204325e-05,1
17248,3.4496,1.160342136007537e-06,0.0780974434663412,3.0,6.974282168535359e-06,2.1764676508992472e-05,2.6741798763609995e-06,1.909049663263147e-05,1
17249,3.4498,1.1643635119298843e-06,0.07808665619644398,1.0,9.357086582113482e-06,9.496671032926585e-06,3.4366485590356477e-06,6.060022473890937e-06,1
17250,3.45,1.168375814785098e-06,0.07803822613705215,3.0,7.820651634949845e-06,8.650727860760379e-06,2.8869622924532237e-06,5.7637655683071556e-06,1
17251,3.4502,1.1723483448528985e-06,0.0779898337894699,3.0,6.995258731752367e-06,9.265024646657855e-06,3.958530123057527e-06,5.306494523600328e-06,1
17252,3.4504,1.1765312056232078e-06,0.07794147628252998,1.0,9.50708496723326e-06,1.0141236614849611e-05,4.339981420683742e-06,5.801255194165868e-06,1
17253,3.4506,1.1808393606809601e-06,0.07789315512759308,1.0,9.33189994590514e-06,1.0938373622156411e-05,4.7086962944637935e-06,6.2296773276926174e-06,1
17254,3.4508,1.1850978771938042e-06,0.07784486818810274,1.0,9.138877180841858e-06,1.0878643805298897e-05,5.126343227191562e-06,5.7523005781073345e-06,1
17255,3.451,1.1888082698173552e-06,0.07779661099604583,1.0,8.650740847303413e-06,8.621923336847747e-06,3.868386869653069e-06,4.753536467194677e-06,1
17256,3.4512,1.19182006821669e-06,0.07774838034477678,3.0,6.461337828589148e-06,4.934162133361453e-06,1.6341214176720476e-06,3.3000407156894058e-06,1
17257,3.4514,1.1955672608046922e-06,0.07770019308335413,3.0,5.904005969181709e-06,9.158121336217552e-06,4.04766169662605e-06,5.110459639591503e-06,1
17258,3.4516,1.1986105040588623e-06,0.07765203307987636,3.0,5.401825373003834e-06,6.130163341025244e-06,2.6365003335903344e-06,3.49366300743491e-06,1
17259,3.4518,1.201668565047248e-06,0.0776039046932456,3.0,6.4677089779549905e-06,5.129037324537e-06,9.65983581154635e-07,4.163053743382365e-06,1
17260,3.452,1.2057280598365481e-06,0.07755582022830496,3.0,7.705990748281724e-06,8.887030087291008e-06,3.2841555528134997e-06,5.602874534477508e-06,1
17261,3.4522000000000004,1.2111099308432897e-06,0.07750778278185785,3.0,8.868524472409582e-06,1.432190754329492e-05,5.826730785608146e-06,8.495176757686774e-06,1
17262,3.4524000000000004,1.216236319799122e-06,0.0774597756491708,3.0,1.0843965431766657e-05,1.1052944928071594e-05,3.876089658701081e-06,7.176855269370513e-06,1
17263,3.4526000000000003,1.2221085533257235e-06,0.07745603728883334,3.0,1.2097400446890613e-05,1.3511813533058038e-05,4.855425530771558e-06,8.65638800228648e-06,1
17264,3.4528000000000003,1.2272695237605017e-06,0.0774080857947257,3.0,1.1630773765886949e-05,1.0405206268223069e-05,3.5396869694407263e-06,6.8655192987823434e-06,1
17265,3.4530000000000003,1.232973460153427e-06,0.07736017583335841,3.0,1.0589679748697493e-05,1.4144471220804785e-05,5.96635668329741e-06,8.178114537507375e-06,1
17266,3.4532000000000003,1.2374391775978874e-06,0.0773122885000297,1.0,1.1794500062546024e-05,9.203379294333266e-06,1.5812069037036565e-06,7.622172390629609e-06,1
17267,3.4534000000000002,1.2425190440221154e-06,0.07721752090481493,1.0,1.1293613136906207e-05,1.2769986853084218e-05,5.600108068512117e-06,7.1698787845721e-06,1
17268,3.4536000000000002,1.2460717084113117e-06,0.07716971225779068,3.0,7.4623952724268145e-06,6.47201418473463e-06,1.2914280054527813e-06,5.1805861792818485e-06,1
17269,3.4538,1.2498552464339078e-06,0.07712193908122918,3.0,7.088155924818234e-06,7.989393984988827e-06,3.205924971150251e-06,4.783469013838575e-06,1
17270,3.454,1.2535682366599584e-06,0.07707419845799489,3.0,6.9637707346639155e-06,7.749566072974038e-06,2.85798756923139e-06,4.891578503742648e-06,1
17271,3.4542,1.257971740307883e-06,0.07702649842978368,3.0,7.073616874114244e-06,1.1079859525141049e-05,4.496666921454646e-06,6.583192603686403e-06,1
17272,3.4544,1.262812971852086e-06,0.07702003904073473,1.0,9.582465492265499e-06,1.3266219492018515e-05,5.643449918962723e-06,7.622769573055793e-06,1
17273,3.4546,1.2668500295158456e-06,0.07697238551909738,3.0,7.875184613789267e-06,8.4182477373066e-06,2.6409583114976986e-06,5.777289425808902e-06,1
17274,3.4548,1.2714971202851119e-06,0.07692477359736576,3.0,8.29830615572747e-06,1.1031991804450232e-05,4.525786450362651e-06,6.506205354087581e-06,1
17275,3.455,1.27639732720952e-06,0.07687719645146508,1.0,1.2090398137042434e-05,1.1038746859128141e-05,3.5818298872223955e-06,7.456916971905746e-06,1
17276,3.4552,1.2816453447358473e-06,0.07686498299982085,3.0,8.40215108898293e-06,1.3902556404678042e-05,5.99636134993431e-06,7.906195054743733e-06,1
17277,3.4554,1.2863266130562038e-06,0.07685345751736611,3.0,7.672118636997447e-06,1.1783581999951175e-05,4.889991894248717e-06,6.893590105702457e-06,1
17278,3.4556,1.2906375121912292e-06,0.07680595024139389,3.0,7.89431548896678e-06,9.69576658435709e-06,2.4693661313229915e-06,7.226400453034099e-06,1
17279,3.4558,1.2951217321898529e-06,0.07675847868827267,1.0,1.0838486414187512e-05,1.019048956452721e-05,2.7529624712102997e-06,7.437527093316911e-06,1
17280,3.456,1.3007927606163277e-06,0.07671105174060817,3.0,9.173438023198884e-06,1.5188260594230852e-05,7.044399217525266e-06,8.143861376705586e-06,1
17281,3.4562000000000004,1.3068146135982838e-06,0.07666366242192384,1.0,1.222546764499669e-05,1.6480034322290003e-05,7.241151014226588e-06,9.238883308063414e-06,1
17282,3.4564000000000004,1.3113029327507218e-06,0.07661629279872796,3.0,9.755611613969687e-06,8.658508301498618e-06,2.368046336039131e-06,6.290461965459487e-06,1
17283,3.4566000000000003,1.3151746114802377e-06,0.07653328258440945,3.0,8.10979807325346e-06,7.208368389657561e-06,3.380379850611669e-06,3.827988539045892e-06,1
17284,3.4568000000000003,1.3199579049697837e-06,0.07648599948735668,3.0,7.423707012141639e-06,1.2439282038249222e-05,5.662138567402199e-06,6.777143470847021e-06,1
17285,3.4570000000000003,1.3237318314882807e-06,0.07643873853178641,3.0,7.704792625369478e-06,7.098260798389852e-06,3.208265622579463e-06,3.889995175810389e-06,1
17286,3.4572000000000003,1.3283368525062844e-06,0.07639152008008046,1.0,1.0393354173464572e-05,1.1204413878315307e-05,3.0134512310086984e-06,8.190962647306608e-06,1
17287,3.4574000000000003,1.3338053554464464e-06,0.076344344652408,1.0,1.0066649008381947e-05,1.5843169936791426e-05,6.7755978086769425e-06,9.067572128114483e-06,1
17288,3.4576000000000002,1.33884678304525e-06,0.07629719759648056,1.0,1.0167249627933441e-05,1.3601599453858257e-05,5.92619591125307e-06,7.675403542605187e-06,1
17289,3.4578,1.343002931436402e-06,0.07625007634510594,3.0,7.146794821884466e-06,9.508922589755358e-06,2.187691135657323e-06,7.321231454098035e-06,1
17290,3.458,1.3469758083340646e-06,0.07620298698696022,3.0,7.344562035707599e-06,8.382357756894512e-06,3.5481257926887385e-06,4.834231964205774e-06,1
17291,3.4582,1.3518723811578526e-06,0.0761559379304262,1.0,1.1374716861640722e-05,1.1655951593243878e-05,4.8962052215202985e-06,6.759746371723579e-06,1
17292,3.4584,1.356894809123863e-06,0.07610892749380539,1.0,1.0811913321881052e-05,1.2842757320876403e-05,4.998621139406572e-06,7.844136181469831e-06,1
17293,3.4586,1.3625659389918383e-06,0.07606195359841539,1.0,1.2075670769501524e-05,1.4816819550870847e-05,6.88275995262635e-06,7.934059598244497e-06,1
17294,3.4588,1.3675292936563388e-06,0.07601500926995387,3.0,8.845158667038996e-06,1.1772703476693844e-05,4.259840024795237e-06,7.5128634518986064e-06,1
17295,3.459,1.3720696437847486e-06,0.07600572577583774,3.0,7.515320127676148e-06,1.097291521610139e-05,4.061348786017285e-06,6.911566430084105e-06,1
17296,3.4592,1.3766829678241724e-06,0.075988136110118,3.0,7.961714747366004e-06,1.0877335960701605e-05,5.194852454317858e-06,5.682483506383746e-06,1
17297,3.4594,1.3809120034439516e-06,0.07594125808507578,3.0,7.941862859732111e-06,8.962210828070879e-06,4.164029641481768e-06,4.79818118658911e-06,1
17298,3.4596,1.384783407299388e-06,0.07589440993803918,3.0,8.058280875745068e-06,7.045240479769186e-06,3.3240581808516446e-06,3.7211822989175412e-06,1
17299,3.4598,1.38934896292582e-06,0.0758476018178505,3.0,8.356172118656998e-06,1.020519752895528e-05,4.446664839038851e-06,5.758532689916428e-06,1
17300,3.46,1.3934918567544353e-06,0.07580082373840034,1.0,1.0997397404977495e-05,8.22017558850944e-06,3.970982337098601e-06,4.249193251410838e-06,1
17301,3.4602000000000004,1.3982506222125653e-06,0.07575408505996392,1.0,1.1035542681812848e-05,1.1256665506077167e-05,4.534406831307163e-06,6.722258674770004e-06,1
17302,3.4604000000000004,1.4028958855151207e-06,0.07570737898152533,3.0,8.09451088515364e-06,1.0824047862835853e-05,4.4759145832384405e-06,6.348133279597412e-06,1
17303,3.4606000000000003,1.4068282500184643e-06,0.07566070081652301,3.0,7.41077681222574e-06,7.930162267081811e-06,3.1100191147039457e-06,4.820143152377866e-06,1
17304,3.4608000000000003,1.4107871813867947e-06,0.07561405468855963,1.0,1.0497985924406159e-05,7.78133260770439e-06,2.443462086449183e-06,5.337870521255207e-06,1
17305,3.4610000000000003,1.4155625200070692e-06,0.07556745192150008,1.0,9.944047813944222e-06,1.2412675499677469e-05,5.828361473667374e-06,6.584314026010095e-06,1
17306,3.4612000000000003,1.4229393154226931e-06,0.07552090593532815,1.0,1.033595585125369e-05,2.502158232973737e-05,1.2115344537480628e-05,1.290623779225674e-05,1
17307,3.4614000000000003,1.427203672423319e-06,0.07547436241640619,3.0,7.50313323898986e-06,9.43587658661657e-06,3.7989748115456296e-06,5.636901775070941e-06,1
17308,3.4616000000000002,1.431517029771204e-06,0.07542785394556804,3.0,7.606589233909046e-06,9.564298542755643e-06,2.7393397615127835e-06,6.82495878124286e-06,1
17309,3.4618,1.4377094415982008e-06,0.07542022701204365,3.0,9.23602352279805e-06,1.7313993019724993e-05,7.276858579652157e-06,1.0037134440072836e-05,1
17310,3.462,1.4429168360809212e-06,0.0753737784787004,3.0,8.90818035370542e-06,1.269928661508708e-05,3.549133842281705e-06,9.150152772805374e-06,1
17311,3.4622,1.4488019425095247e-06,0.07536580228826718,3.0,9.524415897926562e-06,1.5454565646306868e-05,6.246230637792264e-06,9.208335008514604e-06,1
17312,3.4624,1.456779941427511e-06,0.07535517483114992,3.0,9.756653088484635e-06,2.566548961194592e-05,6.425643326134932e-06,1.9239846285810988e-05,1
17313,3.4626,1.4671431120992145e-06,0.07530884486052827,3.0,1.0448542976014979e-05,3.687132379610524e-05,1.714124007350246e-05,1.9730083722602777e-05,1
17314,3.4628,1.4748287423117743e-06,0.07526252303224484,1.0,1.2726912513203503e-05,2.4119537651428628e-05,5.735941975357536e-06,1.838359567607109e-05,1
17315,3.463,1.4797844787895743e-06,0.07521621188989319,3.0,8.952844483563771e-06,1.128279644198199e-05,4.800483849329245e-06,6.482312592652745e-06,1
17316,3.4632,1.4854002493954538e-06,0.0751699404146463,3.0,7.992473672230698e-06,1.5527151764442737e-05,3.695856491318624e-06,1.1831295273124113e-05,1
17317,3.4634,1.490467198346038e-06,0.07512369587583921,3.0,7.586037034163079e-06,1.3173123259260445e-05,1.8889646477283757e-06,1.1284158611532068e-05,1
17318,3.4636,1.496405038592494e-06,0.0750774918290855,3.0,7.983538396178698e-06,1.7113226972585234e-05,4.720208750300372e-06,1.2393018222284861e-05,1
17319,3.4638,1.5022782309467076e-06,0.07497765192674825,3.0,8.636229096024467e-06,1.6119286575115376e-05,3.841095249216322e-06,1.2278191325899056e-05,1
17320,3.464,1.508041104234e-06,0.07493153200127602,3.0,9.460459420307562e-06,1.472563999573573e-05,2.3149272366485805e-06,1.241071275908715e-05,1
17321,3.4642,1.5158781181132472e-06,0.07488546622968091,3.0,1.0144221786729271e-05,2.4391741204513514e-05,1.1797753706854275e-05,1.2593987497659239e-05,1
17322,3.4644000000000004,1.5222517809246468e-06,0.0748394193703531,3.0,9.60219874375592e-06,1.7595230524149716e-05,5.074766510704391e-06,1.2520464013445325e-05,1
17323,3.4646000000000003,1.5298966912537725e-06,0.0748896399421837,3.0,8.671825795354522e-06,2.486021219053541e-05,9.785911594257164e-06,1.5074300596278243e-05,1
17324,3.4648000000000003,1.5366906448213223e-06,0.07484362201331464,3.0,9.574969155764547e-06,1.9680156490578008e-05,6.443641286448137e-06,1.3236515204129872e-05,1
17325,3.4650000000000003,1.5431326560605717e-06,0.07490598919871413,3.0,1.0838027549730816e-05,1.6636941098721316e-05,3.878005750634872e-06,1.2758935348086443e-05,1
17326,3.4652000000000003,1.5496054682539533e-06,0.07486058399947837,3.0,1.2438341027861864e-05,1.5170846675276032e-05,6.630330830549417e-06,8.540515844726615e-06,1
17327,3.4654000000000003,1.5570415216411726e-06,0.07481522163944222,1.0,1.6436737380509998e-05,1.9073988955012214e-05,6.7635022363416065e-06,1.2310486718670607e-05,1
17328,3.4656000000000002,1.5637203545063793e-06,0.07476988675357596,1.0,1.6171086294319846e-05,1.5546022708909246e-05,5.251765636178389e-06,1.0294257072730856e-05,1
17329,3.4658,1.5700370051300967e-06,0.07472458506359905,3.0,1.1110950188842955e-05,1.5654578520070864e-05,6.4278382969696805e-06,9.226740223101184e-06,1
17330,3.466,1.5760455236681587e-06,0.07467931223193026,3.0,9.483195373954178e-06,1.5722795823788687e-05,6.6883370472683555e-06,9.034458776520332e-06,1
17331,3.4662,1.5808849961502922e-06,0.07463406044545184,3.0,7.952519937364653e-06,1.1391635178080177e-05,5.324841604421101e-06,6.066793573659077e-06,1
17332,3.4664,1.5840430611583804e-06,0.07458882311534419,3.0,7.488220532779974e-06,3.4366737833555407e-06,1.4746056456174522e-06,1.9620681377380886e-06,1
17333,3.4666,1.5886145309628142e-06,0.07454363011356213,3.0,8.12077408967664e-06,9.85933355111651e-06,3.5425253968740344e-06,6.316808154242475e-06,1
17334,3.4668,1.5931647828623592e-06,0.07449847128412791,3.0,7.518267836626063e-06,1.0341799553370311e-05,4.987817438346824e-06,5.353982115023487e-06,1
17335,3.467,1.5980805478520784e-06,0.0744533461155589,3.0,8.16562772818745e-06,1.1507525545730717e-05,4.367659530460971e-06,7.139866015269746e-06,1
17336,3.4672,1.6018788565000057e-06,0.0744082437369449,3.0,8.183599882555488e-06,5.888948162789018e-06,2.3884149993939984e-06,3.500533163395019e-06,1
17337,3.4674,1.6068726137175249e-06,0.07436318452980707,3.0,8.791878950708141e-06,1.1244469222879562e-05,5.090275619308607e-06,6.154193603570954e-06,1
17338,3.4676,1.6123663164407373e-06,0.07431816110555041,1.0,1.298409711420634e-05,1.2755168176205135e-05,5.159138475452921e-06,7.596029700752214e-06,1
17339,3.4678,1.6192696284863312e-06,0.07427318547208199,1.0,1.3147271667542001e-05,1.9633453765229164e-05,8.874142262634995e-06,1.0759311502594169e-05,1
17340,3.468,1.625677367832606e-06,0.07422823783134191,1.0,1.2555084020049145e-05,1.7740700980116986e-05,4.713520001176286e-06,1.3027180978940702e-05,1
17341,3.4682,1.6313225785010358e-06,0.07418331601337201,1.0,1.1915158941655353e-05,1.4561582000134242e-05,3.4608613809027904e-06,1.110072061923145e-05,1
17342,3.4684000000000004,1.6368711120038912e-06,0.07413842625699388,3.0,7.783301728618144e-06,1.4935921748722349e-05,3.4783878581804187e-06,1.145753389054193e-05,1
17343,3.4686000000000003,1.6425709254961365e-06,0.07409356993764,3.0,7.143633992801797e-06,1.631477351924468e-05,4.750725140276917e-06,1.1564048378967763e-05,1
17344,3.4688000000000003,1.6472018464732172e-06,0.07404873676650825,3.0,5.822157260989313e-06,1.2275982430110676e-05,1.6510533973202102e-06,1.0624929032790465e-05,1
17345,3.4690000000000003,1.6532607222285548e-06,0.07400394983212746,3.0,5.060606043120412e-06,2.016095119483195e-05,9.921847352142644e-06,1.0239103842689303e-05,1
17346,3.4692000000000003,1.6581336813139087e-06,0.07395917700917848,3.0,6.112232934688023e-06,1.3163012645025214e-05,8.028654111636432e-07,1.236014723386157e-05,1
17347,3.4694000000000003,1.6635534108196397e-06,0.07391444482157164,1.0,9.540756266039979e-06,1.5774282484301343e-05,2.934154321228727e-06,1.2840128163072617e-05,1
17348,3.4696000000000002,1.6697377709456006e-06,0.07386975231281653,1.0,9.504642003886482e-06,1.9627393449096135e-05,5.677236658818815e-06,1.395015679027732e-05,1
17349,3.4698,1.6755522609241546e-06,0.07382508726627743,1.0,9.797359073112469e-06,1.7478957743359457e-05,4.1930374503773486e-06,1.3285920292982109e-05,1
17350,3.47,1.6823660125112506e-06,0.07378046221513361,1.0,1.1259655875146601e-05,2.100626366553227e-05,7.31638163347873e-06,1.3689882032053541e-05,1
17351,3.4702,1.6882420412150317e-06,0.07387899286655801,3.0,7.75470623794344e-06,1.644501255464258e-05,3.4250634950177956e-06,1.3019949059624785e-05,1
17352,3.4704,1.6928956220409595e-06,0.07383440249287038,3.0,8.530614624504654e-06,9.54075659658785e-06,6.658286533231945e-07,8.874927943264654e-06,1
17353,3.4706,1.6990059662967292e-06,0.0737898581390883,1.0,1.2857164839465185e-05,1.5873456786168615e-05,6.183937884247579e-06,9.689518901921037e-06,1
17354,3.4708,1.7046185251063733e-06,0.07374534318300877,3.0,8.854372590269652e-06,1.397747986955262e-05,4.628007147626119e-06,9.3494727219265e-06,1
17355,3.471,1.7084898385662907e-06,0.0737008446683544,3.0,7.81204010634901e-06,6.299085765630011e-06,2.4517442910162626e-06,3.847341474613748e-06,1
17356,3.4712,1.7132129594353411e-06,0.07365638521197625,3.0,7.55920399006409e-06,1.0797826765157948e-05,4.882230152343328e-06,5.91559661281462e-06,1
17357,3.4714,1.7242990094268932e-06,0.0736120189570695,1.0,1.1033024627996073e-05,4.255194345211186e-05,2.117409427883916e-05,2.1377849173272696e-05,1
17358,3.4716,1.731747654334553e-06,0.07356764615206263,1.0,1.0065965275289913e-05,2.5322104457065958e-05,4.147482344511931e-06,2.117462211255403e-05,1
17359,3.4718,1.7377342698499775e-06,0.07352329418513025,1.0,1.0516593639368378e-05,1.755419421240842e-05,8.266390099085904e-06,9.287804113322517e-06,1
17360,3.472,1.7420071427055377e-06,0.07347895742006967,1.0,1.052024749936367e-05,8.976397260506812e-06,3.508221291600516e-06,5.468175968906297e-06,1
17361,3.4722,1.7461427070835538e-06,0.07343465307840755,3.0,6.6283967625893925e-06,8.689120459639372e-06,3.2376008932899706e-06,5.451519566349402e-06,1
17362,3.4724000000000004,1.7503340260146035e-06,0.07339037820917442,3.0,7.691734317254087e-06,7.891837016047384e-06,2.698933541520933e-06,5.19290347452645e-06,1
17363,3.4726000000000004,1.7549200071994563e-06,0.07334613936496655,1.0,1.2013666270587526e-05,9.035059291473655e-06,2.9807350873436243e-06,6.0543242041300305e-06,1
17364,3.4728000000000003,1.7600321975234658e-06,0.0733019387689469,1.0,1.2154265980228352e-05,1.152037822170442e-05,4.630925688041065e-06,6.889452533663355e-06,1
17365,3.4730000000000003,1.7652584928979638e-06,0.07325777337413711,1.0,1.0988684979921342e-05,1.3251014166165483e-05,4.448788364601278e-06,8.802225801564205e-06,1
17366,3.4732000000000003,1.770188700491213e-06,0.0732136343216351,1.0,1.1075228901920828e-05,1.1678659084968314e-05,3.761049181795533e-06,7.917609903172781e-06,1
17367,3.4734000000000003,1.7759893215780832e-06,0.07316953614160411,1.0,1.0968301304974452e-05,1.613197412086546e-05,7.681198779780052e-06,8.450775341085408e-06,1
17368,3.4736000000000002,1.7810374328207705e-06,0.07312546148291198,3.0,7.257900682082868e-06,1.2517056575509918e-05,4.007670891713208e-06,8.50938568379671e-06,1
17369,3.4738,1.7859162535310396e-06,0.07308141680785066,3.0,7.425822909435889e-06,1.1487506858358797e-05,3.652597612318567e-06,7.83490924604023e-06,1
17370,3.474,1.789883799728242e-06,0.073037395334441,3.0,7.381432102442644e-06,6.9620108596708815e-06,1.6299703221434884e-06,5.332040537527393e-06,1
17371,3.4742,1.7949203139128578e-06,0.07299341552999258,3.0,7.679124882288528e-06,1.1995402107450689e-05,5.393136133521984e-06,6.602265973928706e-06,1
17372,3.4744,1.7996330590957967e-06,0.07294946277532527,3.0,8.331489218933239e-06,9.709292001759638e-06,3.1643098754712458e-06,6.5449821262883925e-06,1
17373,3.4746,1.8044440282215867e-06,0.07290554259924029,3.0,9.047473863753299e-06,9.469873286072928e-06,3.0140711808151817e-06,6.4558021052577475e-06,1
17374,3.4748,1.8100403036276315e-06,0.07286166032280465,1.0,1.4384217826410451e-05,1.1658233471919873e-05,3.94777422876595e-06,7.710459243153924e-06,1
17375,3.475,1.8164936524147327e-06,0.07281781950507805,1.0,1.5047179685381795e-05,1.5274254239828486e-05,5.118232301530378e-06,1.0156021938298108e-05,1
17376,3.4752,1.8226525365660403e-06,0.07277400999840325,3.0,1.1022010545263966e-05,1.4181269258854168e-05,5.632938022134656e-06,8.548331236719512e-06,1
17377,3.4754,1.828543070297114e-06,0.07273023100560462,3.0,1.0018005123205884e-05,1.3825089891238903e-05,5.1852792564849216e-06,8.63981063475398e-06,1
17378,3.4756,1.8331230009517341e-06,0.07268647137146361,3.0,9.041689119880766e-06,8.232383966372901e-06,2.796928233614574e-06,5.435455732758327e-06,1
17379,3.4758,1.8378357862206561e-06,0.07264274301234179,3.0,9.059287183423754e-06,8.86486245645095e-06,3.7855401921786444e-06,5.079322264272306e-06,1
17380,3.476,1.8434969299819992e-06,0.07259905306111741,1.0,1.3819833506337529e-05,1.2511583407545421e-05,5.493268923363632e-06,7.018314484181789e-06,1
17381,3.4762,1.8493261929629055e-06,0.07255540004562244,1.0,1.2864879255099934e-05,1.4301052061522842e-05,6.8199332697913e-06,7.481118791731541e-06,1
17382,3.4764000000000004,1.8533748058133334e-06,0.07251176093707225,3.0,8.000865201435783e-06,6.55389849699277e-06,2.4649906863877658e-06,4.088907810605004e-06,1
17383,3.4766000000000004,1.8575068099927277e-06,0.07246815323184709,3.0,7.674250316846767e-06,7.284983429992931e-06,2.9095935642101082e-06,4.375389865782822e-06,1
17384,3.4768000000000003,1.8614541720609689e-06,0.07242457470223969,3.0,7.450556720068357e-06,6.573135677595686e-06,2.0390044698574784e-06,4.534131207738208e-06,1
17385,3.4770000000000003,1.8660258638842335e-06,0.07238103376332551,3.0,7.253598181855177e-06,9.878737162835249e-06,4.487336987869923e-06,5.391400174965325e-06,1
17386,3.4772000000000003,1.8709663949753176e-06,0.0723375254420749,3.0,8.064823298574346e-06,1.089717715168987e-05,4.757649652533969e-06,6.139527499155902e-06,1
17387,3.4774000000000003,1.8759016359408747e-06,0.07229404744160926,1.0,1.2838669644803302e-05,9.828658125667033e-06,4.284103396253112e-06,5.544554729413921e-06,1
17388,3.4776000000000002,1.8822495014485817e-06,0.07225061672754511,1.0,1.2702510860659208e-05,1.702197185323007e-05,7.718420326593916e-06,9.303551526636153e-06,1
17389,3.4778000000000002,1.8883152902322066e-06,0.07220721457304008,1.0,1.2263533181121866e-05,1.6043992457993888e-05,6.9352321431708604e-06,9.108760314823026e-06,1
17390,3.478,1.893156289355417e-06,0.07216383197498925,1.0,1.178779451393836e-05,1.0390017656295929e-05,2.41452061990658e-06,7.975497036389349e-06,1
17391,3.4782,1.8973322406561211e-06,0.0722465481106206,1.0,1.1162678464273807e-05,7.684903989336649e-06,2.616043094495326e-06,5.068860894841323e-06,1
17392,3.4784,1.901034989918662e-06,0.07220321089470039,3.0,6.038872591900654e-06,6.640191294340827e-06,2.6343313522495564e-06,4.00585994209127e-06,1
17393,3.4786,1.9042513972827147e-06,0.07215989895692665,3.0,5.317314876991082e-06,4.919493319837797e-06,1.5002131283671702e-06,3.419280191470627e-06,1
17394,3.4788,1.9072268931913015e-06,0.0721166149486972,3.0,5.075740283201598e-06,3.947081827935609e-06,1.574365248439366e-06,2.372716579496243e-06,1
17395,3.479,1.9112901933016574e-06,0.07207336807320207,3.0,6.880698281780012e-06,7.570415577640667e-06,1.7087597645771613e-06,5.861655813063506e-06,1
17396,3.4792,1.9161260778590365e-06,0.0720301611027023,3.0,7.97074350345586e-06,1.0329705923981565e-05,4.412519625741929e-06,5.9171862982396366e-06,1
17397,3.4794,1.921960748050631e-06,0.07198699446528846,3.0,9.233707433894931e-06,1.4044363027300752e-05,4.103457581515395e-06,9.940905445785358e-06,1
17398,3.4796,1.9284052733277645e-06,0.07194386466256832,3.0,1.0540650936253852e-05,1.576791731686778e-05,5.746795273611289e-06,1.002112204325649e-05,1
17399,3.4798,1.935484557513249e-06,0.07190077296892904,3.0,1.1331621127488878e-05,1.8130052826185955e-05,8.01054817170796e-06,1.0119504654477997e-05,1
17400,3.48,1.9426898584715804e-06,0.07185771215797872,3.0,1.2471781021123729e-05,1.7598119901131114e-05,5.544218681426103e-06,1.2053901219705011e-05,1
17401,3.4802,1.950307302264177e-06,0.07181468964982511,3.0,1.2348038402985672e-05,1.9759893817203064e-05,7.567881091096304e-06,1.219201272610676e-05,1
17402,3.4804000000000004,1.957090565516089e-06,0.07177169085689515,3.0,1.1894306985521295e-05,1.6020688254966995e-05,6.780516171423266e-06,9.240172083543727e-06,1
17403,3.4806000000000004,1.963444374660276e-06,0.07172871811463398,3.0,1.2109478456252393e-05,1.3638153372542077e-05,4.4914500303233645e-06,9.146703342218712e-06,1
17404,3.4808000000000003,1.970027691384989e-06,0.07178568637978708,3.0,1.220070696336862e-05,1.4674481092079842e-05,5.835443057881993e-06,8.839038034197848e-06,1
17405,3.4810000000000003,1.977003649650419e-06,0.07174277848561678,3.0,1.085445361660892e-05,1.7963201290095144e-05,7.943048887273424e-06,1.0020152402821722e-05,1
17406,3.4812000000000003,1.982210884702628e-06,0.07169988442575313,3.0,9.316209120461626e-06,1.0639202537283087e-05,3.392853423931605e-06,7.2463491133514816e-06,1
17407,3.4814000000000003,1.986897915327398e-06,0.07165701647544051,3.0,8.221851303678387e-06,9.117427101430609e-06,3.0332728854390392e-06,6.08415421599157e-06,1
17408,3.4816000000000003,1.9915525026029036e-06,0.07161417824172919,1.0,1.1664037771390444e-05,9.477211748160827e-06,3.829063037731233e-06,5.648148710429594e-06,1
17409,3.4818000000000002,1.996515987514462e-06,0.0715713740174442,1.0,1.1214185067590672e-05,1.1466484559927522e-05,4.819307257429333e-06,6.647177302498189e-06,1
17410,3.482,2.0006015126237203e-06,0.07152859155169375,1.0,1.0984260238582515e-05,7.301847533831048e-06,2.7274273100665112e-06,4.574420223764537e-06,1
17411,3.4822,2.0045991376162304e-06,0.07148583933328093,1.0,1.0651652622673436e-05,7.190709516671661e-06,2.251240651133047e-06,4.939468865538615e-06,1
17412,3.4824,2.008747834480783e-06,0.0714431196883753,1.0,1.0081195915607465e-05,8.512246976940244e-06,2.9579210758856746e-06,5.55432590105457e-06,1
17413,3.4826,2.01286508258109e-06,0.07140042937939384,1.0,1.0163828941401851e-05,8.26802772630733e-06,3.138761911950639e-06,5.129265814356691e-06,1
17414,3.4828,2.018327732182973e-06,0.07135778122238362,1.0,1.0799197113761582e-05,1.4354621095748734e-05,3.8707406609814085e-06,1.0483880434767326e-05,1
17415,3.483,2.0240070855341604e-06,0.07131516790857169,3.0,6.478132090024052e-06,1.571098843050795e-05,6.1557749822571834e-06,9.555213448250768e-06,1
17416,3.4832,2.0300460858816667e-06,0.07127258615920044,3.0,7.175519896043669e-06,1.6793926598179136e-05,7.096510254899938e-06,9.6974163432792e-06,1
17417,3.4834,2.034884686476766e-06,0.07123002322051394,3.0,7.634519951503675e-06,1.031631006083006e-05,2.78742353814816e-06,7.528886522681899e-06,1
17418,3.4836,2.0409198028603397e-06,0.07118750219025206,3.0,8.6726326322559e-06,1.5244165321173785e-05,5.234269146370248e-06,1.0009896174803537e-05,1
17419,3.4838,2.0468312090578922e-06,0.07114501014693521,3.0,9.823274526085728e-06,1.3456714320761234e-05,6.313405294554077e-06,7.1433090262071565e-06,1
17420,3.484,2.0529144113444978e-06,0.07110255175392644,1.0,1.4471953974610869e-05,1.374842856722921e-05,5.257913363379453e-06,8.490515203849757e-06,1
17421,3.4842,2.0585968973855043e-06,0.07106012128219391,1.0,1.4495573810882779e-05,1.171501359255035e-05,4.2572601282195815e-06,7.457753464330767e-06,1
17422,3.4844000000000004,2.063800307116576e-06,0.07101771813253246,3.0,9.98106116926836e-06,9.706005867107539e-06,3.625756661881602e-06,6.080249205225937e-06,1
17423,3.4846000000000004,2.069825579933396e-06,0.07097535414094817,3.0,9.454525632830338e-06,1.4324702778333355e-05,6.288622609143426e-06,8.036080169189928e-06,1
17424,3.4848000000000003,2.0759726895882615e-06,0.07093302034924097,3.0,9.302993872481329e-06,1.5066815958399654e-05,6.446847215543476e-06,8.619968742856178e-06,1
17425,3.4850000000000003,2.082626260387499e-06,0.07089072208966997,1.0,1.3336561936062234e-05,1.7704584661213105e-05,7.629412441386875e-06,1.0075172219826232e-05,1
17426,3.4852000000000003,2.088581982782407e-06,0.07084844785702823,3.0,8.791613479876682e-06,1.45824202421975e-05,6.4159264269542425e-06,8.166493815243257e-06,1
17427,3.4854000000000003,2.093366964442061e-06,0.07080619438534078,1.0,1.2048336586934079e-05,9.63753837420476e-06,3.092645115237176e-06,6.544893258967583e-06,1
17428,3.4856000000000003,2.0999006725078694e-06,0.07076398992923827,3.0,6.560724503722593e-06,1.9669544213352257e-05,9.556481755936147e-06,1.0113062457416109e-05,1
17429,3.4858000000000002,2.103834676388419e-06,0.07072178722311612,3.0,6.243649870999583e-06,6.972114279230693e-06,2.325868792561243e-06,4.64624548666945e-06,1
17430,3.486,2.1081228236270323e-06,0.07067961868218285,3.0,6.510856095212903e-06,8.46308973771191e-06,3.073658345538062e-06,5.389431392173848e-06,1
17431,3.4862,2.1129270465373465e-06,0.07063748504642851,1.0,1.1119372166621825e-05,1.0642130358080739e-05,4.1125047233151304e-06,6.529625634765609e-06,1
17432,3.4864,2.1172831997753597e-06,0.07059537772809288,1.0,1.1259574401381241e-05,8.256765093587445e-06,3.4323814345337885e-06,4.824383659053656e-06,1
17433,3.4866,2.121836323823608e-06,0.07055330293631348,1.0,1.1186496808799634e-05,9.310016805575097e-06,3.916526903596037e-06,5.393489901979061e-06,1
17434,3.4868,2.130458942148769e-06,0.07051129707174526,1.0,1.16919693717497e-05,2.9145052348276467e-05,1.4259806160301617e-05,1.488524618797485e-05,1
17435,3.487,2.1349623248786883e-06,0.07046927897195171,1.0,1.2382664060541072e-05,7.851243450810697e-06,2.9811399342874253e-06,4.870103516523271e-06,1
17436,3.4872,2.1401016496266435e-06,0.07042730087385368,1.0,1.240376265430202e-05,1.1004783577804877e-05,4.660608018030097e-06,6.34417555977478e-06,1
17437,3.4874,2.1445519155812577e-06,0.07038534719674476,3.0,7.502125139478486e-06,8.171431561425229e-06,3.793189086940191e-06,4.378242474485038e-06,1
17438,3.4876,2.148628915798736e-06,0.070343419218397,3.0,7.300477847582187e-06,6.4937491145989745e-06,2.814526691180241e-06,3.679222423418734e-06,1
17439,3.4878,2.153418212366414e-06,0.07030152670186582,3.0,7.98266381608684e-06,9.359523832759323e-06,4.102882516877004e-06,5.2566413158823185e-06,1
17440,3.488,2.1584918021131177e-06,0.07025966785956946,3.0,7.976511726368378e-06,1.0772091090550926e-05,4.555449960356322e-06,6.216641130194604e-06,1
17441,3.4882,2.164270857865667e-06,0.07035532394591501,3.0,8.414043288319799e-06,1.3845022699525809e-05,6.49261994140832e-06,7.3524027581174896e-06,1
17442,3.4884,2.170564791440303e-06,0.07031352436925953,3.0,1.0054681202939685e-05,1.4760330389795977e-05,6.2754900851025094e-06,8.484840304693469e-06,1
17443,3.4886000000000004,2.1764852181173816e-06,0.0702717547046196,3.0,9.72053129968062e-06,1.3208285576206903e-05,5.58869286558035e-06,7.619592710626553e-06,1
17444,3.4888000000000003,2.181825301290766e-06,0.07023000888092754,1.0,1.4523963258793318e-05,9.844250346750414e-06,3.028039872542173e-06,6.816210474208242e-06,1
17445,3.4890000000000003,2.188230481928603e-06,0.07018830302474498,1.0,1.5311858351202364e-05,1.4375648658458798e-05,5.654403973177121e-06,8.721244685281676e-06,1
17446,3.4892000000000003,2.193886615070888e-06,0.07014662224702747,3.0,1.0390042826389645e-05,1.1163747762338555e-05,4.0069004566638634e-06,7.15684730567469e-06,1
17447,3.4894000000000003,2.199077421762291e-06,0.07010496852456718,3.0,9.386305496524477e-06,9.824293408453576e-06,3.380127463524284e-06,6.444165944929293e-06,1
17448,3.4896000000000003,2.2043319355902944e-06,0.0700633446662537,3.0,8.957774417212293e-06,1.0555417708959682e-05,4.515833311301308e-06,6.039584397658374e-06,1
17449,3.4898000000000002,2.2095472165065697e-06,0.07002174933901396,3.0,8.929031399866648e-06,1.0372016493289822e-05,4.2566033079497e-06,6.115413185340121e-06,1
17450,3.49,2.214489486417603e-06,0.06998018083531322,3.0,9.173522021180546e-06,8.746970802147034e-06,3.117505269851817e-06,5.629465532295216e-06,1
17451,3.4902,2.2203073368246125e-06,0.06993865059342587,1.0,1.4139877720866418e-05,1.257688915025916e-05,5.302820574794097e-06,7.274068575465063e-06,1
17452,3.4904,2.2257035105983233e-06,0.06989714796009273,3.0,9.052476474818914e-06,1.1103990221575054e-05,4.428068966672859e-06,6.675921254902194e-06,1
17453,3.4906,2.230716349679704e-06,0.06985567271730243,3.0,8.023749799032025e-06,1.0200158491565641e-05,3.8854692282873755e-06,6.314689263278266e-06,1
17454,3.4908,2.2355137888436254e-06,0.06981422376420658,3.0,7.824355956902702e-06,9.30758720364329e-06,3.2155318446990447e-06,6.092055358944246e-06,1
17455,3.491,2.240257987788522e-06,0.06977280364075553,3.0,7.898279119658487e-06,8.952910102675897e-06,3.6578115315531226e-06,5.295098571122774e-06,1
17456,3.4912,2.2449022896416326e-06,0.06973141230388215,3.0,7.878581774546411e-06,8.4588045143037e-06,2.4773331707424534e-06,5.981471343561246e-06,1
17457,3.4914,2.2504782158212024e-06,0.06978818854906474,3.0,9.562312952686048e-06,1.1417380821853201e-05,3.81076971521555e-06,7.606611106637651e-06,1
17458,3.4916,2.2564810634264408e-06,0.06974686219555276,3.0,1.0170986490949457e-05,1.2925635415523384e-05,5.7217257952781905e-06,7.2039096202451935e-06,1
17459,3.4918,2.261617155572799e-06,0.06970555901080981,3.0,9.794640137254488e-06,8.951200781885946e-06,2.0630722662592346e-06,6.888128515626711e-06,1
17460,3.492,2.267019613306326e-06,0.06966428841607616,3.0,9.758797949883148e-06,1.0302789274079281e-05,4.231434620143585e-06,6.071354653935697e-06,1
17461,3.4922,2.272805533989896e-06,0.06962304836934531,3.0,1.0911939907497349e-05,1.1049883455313119e-05,2.113666041893642e-06,8.936217413419477e-06,1
17462,3.4924,2.279780657773753e-06,0.06958185249022109,3.0,1.0840758437601617e-05,1.704758858912036e-05,7.7364893928529e-06,9.31109919626746e-06,1
17463,3.4926000000000004,2.285331039567629e-06,0.06954067271440793,3.0,1.0118308294436562e-05,1.0627198521417687e-05,2.373899986948463e-06,8.253298534469223e-06,1
17464,3.4928000000000003,2.2908251513878628e-06,0.0694995246226178,3.0,8.818724059335083e-06,1.1628576268291301e-05,5.017060225987478e-06,6.611516042303824e-06,1
17465,3.4930000000000003,2.2972823350235746e-06,0.0694584132242347,3.0,8.152690606787947e-06,1.7091721013298345e-05,5.480128068712291e-06,1.1611592944586053e-05,1
17466,3.4932000000000003,2.303335749873915e-06,0.06941732583586513,3.0,8.557122431563126e-06,1.46493393310103e-05,3.7548498334692426e-06,1.0894489497541057e-05,1
17467,3.4934000000000003,2.3101027870605838e-06,0.06937627496726026,1.0,1.3831643831328027e-05,1.7536786361267954e-05,5.8350727739422366e-06,1.170171358732572e-05,1
17468,3.4936000000000003,2.316258306382535e-06,0.06933524856297878,3.0,9.178447018270552e-06,1.4499218959597325e-05,4.032129980533239e-06,1.0467088979064087e-05,1
17469,3.4938000000000002,2.323624962825842e-06,0.0692942662639962,3.0,8.049140856818246e-06,2.1663553949114843e-05,1.0540680983417175e-05,1.1122872965697669e-05,1
17470,3.494,2.329227161516918e-06,0.06925329237848306,3.0,7.693193617121197e-06,1.3177404856930628e-05,3.0006084290840275e-06,1.01767964278466e-05,1
17471,3.4942,2.3359150010895657e-06,0.06921235720633814,3.0,8.79396542023682e-06,1.7486072496060372e-05,5.6826329978717356e-06,1.1803439498188638e-05,1
17472,3.4944,2.3422239437692198e-06,0.06917144851231037,3.0,9.06149420109049e-06,1.530420993662386e-05,3.7788513978601587e-06,1.15253585387637e-05,1
17473,3.4946,2.349021977295619e-06,0.0691305732741862,1.0,1.4683623646132396e-05,1.6798761883681887e-05,4.71916702105359e-06,1.2079594862628298e-05,1
17474,3.4948,2.3562686648130517e-06,0.06908973444010919,1.0,1.4480380661137016e-05,1.9237863091307278e-05,6.108514033808211e-06,1.3129349057499065e-05,1
17475,3.495,2.361346250370045e-06,0.06904890546929837,1.0,1.347677717829007e-05,9.38946516136843e-06,2.9209734414185857e-06,6.468491719949843e-06,1
17476,3.4952,2.3660746382262296e-06,0.06900810310235149,3.0,7.76461089095204e-06,8.623077615002989e-06,3.0605186766884414e-06,5.562558938314546e-06,1
17477,3.4954,2.3712479699570258e-06,0.06896733416268068,3.0,6.903928133103162e-06,1.169338215469788e-05,2.5056066758749295e-06,9.187775478822952e-06,1
17478,3.4956,2.3770053066196273e-06,0.06905290606563386,3.0,7.057246729145576e-06,1.4443112218721617e-05,3.169890957640844e-06,1.1273221261080772e-05,1
17479,3.4958,2.3829808603660473e-06,0.06901219451118067,3.0,6.685066249164327e-06,1.5888470614512462e-05,4.249624171603586e-06,1.1638846442908878e-05,1
17480,3.496,2.389280012853512e-06,0.06897151334721849,3.0,7.191892268603708e-06,1.69808998100438e-05,6.30563282592447e-06,1.0675266984119329e-05,1
17481,3.4962,2.3951209681171527e-06,0.06893085738328303,1.0,1.1855805801682562e-05,1.4791868694985357e-05,3.601428636214167e-06,1.119044005877119e-05,1
17482,3.4964,2.4015741560736223e-06,0.0688902365121133,3.0,7.431668954784233e-06,1.7474001412961364e-05,8.583326679730924e-06,8.890674733230442e-06,1
17483,3.4966000000000004,2.4068588914146627e-06,0.06884963066494748,1.0,1.3212513984351113e-05,1.0641411866534291e-05,1.6261203475183954e-06,9.015291519015896e-06,1
17484,3.4968000000000004,2.4135525426162276e-06,0.06880906989897564,1.0,1.3703880147139458e-05,1.7188321245926113e-05,5.8951883420646025e-06,1.1293132903861509e-05,1
17485,3.4970000000000003,2.4201495452935316e-06,0.06876853731112247,1.0,1.4026904121643967e-05,1.6375050023755244e-05,5.574281188698712e-06,1.0800768835056532e-05,1
17486,3.4972000000000003,2.4267891728894523e-06,0.06872803261679922,1.0,1.527376713337852e-05,1.5334336320769217e-05,4.594115753792223e-06,1.0740220566976994e-05,1
17487,3.4974000000000003,2.432836091266254e-06,0.06868755307101422,1.0,1.603505002557561e-05,1.1602826445708938e-05,4.050632796126149e-06,7.55219364958279e-06,1
17488,3.4976000000000003,2.440149110824177e-06,0.06864711534313708,1.0,1.6602069654774686e-05,1.7359272472701534e-05,5.620924503706194e-06,1.1738347968995339e-05,1
17489,3.4978000000000002,2.44688405148468e-06,0.06860670483256548,3.0,1.0599852564926227e-05,1.5576655419569452e-05,5.775541590712146e-06,9.801113828857306e-06,1
17490,3.498,2.453781085322765e-06,0.06856632488429269,3.0,9.526640464137898e-06,1.7439516793769457e-05,8.307390473101674e-06,9.132126320667783e-06,1
17491,3.4982,2.4591162455890503e-06,0.0685259569031356,3.0,8.934204697559212e-06,1.0203915968608511e-05,2.4363070500237773e-06,7.767608918584734e-06,1
17492,3.4984,2.4647368007023495e-06,0.06848561996802165,3.0,9.510134253069022e-06,1.1038251050967946e-05,5.208453990584473e-06,5.8297970603834726e-06,1
17493,3.4986,2.4704758385588077e-06,0.06844531215320306,3.0,1.0366960367043701e-05,1.0756509761304831e-05,4.601469658870068e-06,6.155040102434764e-06,1
17494,3.4988,2.4759305909672393e-06,0.06840503265223148,3.0,1.0287711490896667e-05,9.397257205418195e-06,3.953657533367525e-06,5.44359967205067e-06,1
17495,3.499,2.482094286143933e-06,0.0683647902294031,3.0,9.603600785791468e-06,1.3608356572973836e-05,6.403201573041984e-06,7.205154999931852e-06,1
17496,3.4992,2.4871175467772834e-06,0.06832456584831843,3.0,8.661571731247388e-06,8.831149842878657e-06,3.3273215817547404e-06,5.503828261123916e-06,1
17497,3.4994,2.491725299424765e-06,0.0682843638126001,3.0,9.285309103502607e-06,6.115197018530383e-06,1.9216895971901877e-06,4.193507421340195e-06,1
17498,3.4996,2.498217258651338e-06,0.06824420917153005,1.0,1.5168615723929331e-05,1.4625936899567059e-05,7.166142746470817e-06,7.459794153096242e-06,1
17499,3.4998,2.504198124522444e-06,0.06820408202178588,1.0,1.3772066546526073e-05,1.3460457644622173e-05,5.9995354176512065e-06,7.460922226970966e-06,1
17500,3.5,2.509292265673107e-06,0.06816397381853274,1.0,1.3267296940764546e-05,9.525788988466402e-06,3.936284535238417e-06,5.589504453227986e-06,1
17501,3.5002,2.515137328522593e-06,0.06812390178198503,3.0,7.792801931975641e-06,1.3724721956058178e-05,4.858455636030041e-06,8.866266320028138e-06,1
17502,3.5004,2.5204243620920074e-06,0.06808385344319853,1.0,1.2347227019813227e-05,1.139873484833615e-05,1.8315942230442184e-06,9.56714062529193e-06,1
17503,3.5006000000000004,2.527993178956222e-06,0.06804385592700371,1.0,1.1967351833438147e-05,2.3180761950991076e-05,7.79693722836594e-06,1.5383824722625135e-05,1
17504,3.5008000000000004,2.5361701294414354e-06,0.06800389221977601,3.0,6.48595942253583e-06,2.6630352904666923e-05,9.590421619456116e-06,1.7039931285210807e-05,1
17505,3.5010000000000003,2.5422667654966373e-06,0.06796393501066307,1.0,1.2016003100258238e-05,1.5755378554457706e-05,5.630109232806312e-06,1.0125269321651393e-05,1
17506,3.5012000000000003,2.548824644728226e-06,0.0679240116664803,1.0,1.2330287230211614e-05,1.7740654658890665e-05,6.323134460070319e-06,1.1417520198820347e-05,1
17507,3.5014000000000003,2.5539032224463447e-06,0.06788410278534875,1.0,1.2517604108339915e-05,1.0150718581444203e-05,1.4434014415337312e-06,8.707317139910472e-06,1
17508,3.5016000000000003,2.5595919166446043e-06,0.06795905301396377,3.0,7.82546903032945e-06,1.2774000989852257e-05,3.03688645174482e-06,9.737114538107436e-06,1
17509,3.5018000000000002,2.5657534165002603e-06,0.06791920542011182,1.0,1.3220811222290127e-05,1.4849955802970783e-05,4.664380742472647e-06,1.0185575060498137e-05,1
17510,3.5020000000000002,2.573036003837902e-06,0.06800843946398666,1.0,1.4079417198121846e-05,1.958937938143056e-05,8.688465516572041e-06,1.0900913864858517e-05,1
17511,3.5022,2.5795176175332397e-06,0.06796864172570044,1.0,1.4831818776237539e-05,1.482486196508083e-05,4.800027701940906e-06,1.0024834263139925e-05,1
17512,3.5024,2.585613113515609e-06,0.06792887194865771,3.0,9.133268192074625e-06,1.3421080815993348e-05,3.53521783253566e-06,9.885862983457687e-06,1
17513,3.5026,2.5914683993230206e-06,0.0678891295689985,3.0,8.105546630166004e-06,1.3229522265900592e-05,3.4064356394530054e-06,9.823086626447588e-06,1
17514,3.5028,2.5968150611072544e-06,0.06784941053916986,3.0,7.545162560954838e-06,1.1229706009557703e-05,4.800285992988319e-06,6.429420016569384e-06,1
17515,3.503,2.6018521001219926e-06,0.06780971444496516,3.0,8.213762017852512e-06,8.997168024769496e-06,2.3560226670632976e-06,6.641145357706199e-06,1
17516,3.5032,2.607926045557957e-06,0.06777005792465464,1.0,1.3935621851265268e-05,1.3652677875275978e-05,6.460694385132876e-06,7.191983490143102e-06,1
17517,3.5034,2.6147307313903186e-06,0.06773043785277284,1.0,1.3599194118662291e-05,1.7636035356297146e-05,7.890834481178508e-06,9.74520087511864e-06,1
17518,3.5036,2.6196907991878294e-06,0.06769082983420936,1.0,1.243388066277298e-05,9.572081472614638e-06,4.428410417719316e-06,5.143671054895322e-06,1
17519,3.5038,2.623853714983353e-06,0.06765124232841618,3.0,6.347519352402303e-06,6.4243723450008705e-06,1.7624655461026075e-06,4.661906798898263e-06,1
17520,3.504,2.6280304813985777e-06,0.06761168263637879,3.0,6.006355650778252e-06,6.822101410477448e-06,2.159589578132541e-06,4.662511832344907e-06,1
17521,3.5042,2.6324791218239574e-06,0.06757215047190644,3.0,7.680606945187256e-06,6.494094489713483e-06,8.807523419791335e-07,5.613342147734349e-06,1
17522,3.5044,2.6379523199794487e-06,0.06753265847320404,1.0,1.3633629879031521e-05,1.0919177145542874e-05,4.270943212632916e-06,6.648233932909957e-06,1
17523,3.5046000000000004,2.6446387748473373e-06,0.06749320687475223,1.0,1.4070451271034175e-05,1.6542253128498866e-05,7.502827700079107e-06,9.039425428419758e-06,1
17524,3.5048000000000004,2.65018474692635e-06,0.06745377315451577,1.0,1.4058776468837955e-05,1.084508934557966e-05,4.517645288639753e-06,6.327444056939907e-06,1
17525,3.5050000000000003,2.655701845246948e-06,0.06741436888794318,1.0,1.361665521767641e-05,1.1137041683246519e-05,4.614279907683101e-06,6.522761775563418e-06,1
17526,3.5052000000000003,2.6612093803962837e-06,0.06737499239822367,1.0,1.3532891853608334e-05,1.1167209945353503e-05,5.288009519020391e-06,5.879200426333112e-06,1
17527,3.5054000000000003,2.666223252919501e-06,0.06733563998625902,3.0,7.888647265192094e-06,9.010199132424195e-06,3.20526079682546e-06,5.804938335598735e-06,1
17528,3.5056000000000003,2.6715396934717762e-06,0.06729631753270088,3.0,8.264056172544407e-06,1.0131892095993602e-05,4.602681652052851e-06,5.5292104439407514e-06,1
17529,3.5058000000000002,2.6768308195038347e-06,0.06725702465792728,3.0,7.913726940838005e-06,1.0339485524061735e-05,4.589588374475142e-06,5.7498971495865935e-06,1
17530,3.5060000000000002,2.682200923138057e-06,0.06721776016564088,3.0,7.949991803940944e-06,1.0681863528149218e-05,5.060658730394917e-06,5.621204797754301e-06,1
17531,3.5062,2.6882980572798633e-06,0.06717852981859601,3.0,8.462181800175476e-06,1.3787345269366715e-05,5.9911316191765205e-06,7.796213650190195e-06,1
17532,3.5064,2.6940962667749555e-06,0.06713932446054763,1.0,1.4328862857721385e-05,1.1790297393374288e-05,4.790568068045424e-06,6.999729325328863e-06,1
17533,3.5066,2.6996706841897347e-06,0.06710014662261325,1.0,1.4495309396780818e-05,1.049892801783427e-05,3.7824959067409793e-06,6.716432111093292e-06,1
17534,3.5068,2.7060570490852854e-06,0.06706100384094552,1.0,1.5563717077557303e-05,1.3483981877614077e-05,5.639911918690141e-06,7.844069958923936e-06,1
17535,3.507,2.711604824522825e-06,0.06702188535793081,1.0,1.4148816562969196e-05,1.0699673823671185e-05,4.234639733087455e-06,6.46503409058373e-06,1
17536,3.5072,2.717181703799315e-06,0.06698279475226111,3.0,7.878470402150481e-06,1.1680924403182132e-05,4.118705246782956e-06,7.562219156399176e-06,1
17537,3.5074,2.722478056333044e-06,0.06694372954387877,3.0,7.315903423166155e-06,1.0824289867610993e-05,4.506563350180235e-06,6.317726517430759e-06,1
17538,3.5076,2.7264376453986187e-06,0.06690467836875724,1.0,1.2439822437735815e-05,4.451381125051539e-06,2.0047029131049505e-09,4.449376422138434e-06,1
17539,3.5078,2.732162571545275e-06,0.06699812324658504,1.0,1.2228526510553775e-05,1.3483941224714656e-05,5.880134996026936e-06,7.603806228687721e-06,1
17540,3.508,2.7369998870640657e-06,0.06695912677396955,3.0,7.326969759722747e-06,8.472754721311139e-06,2.89187555007875e-06,5.5808791712323896e-06,1
17541,3.5082,2.7418138400374854e-06,0.06692016049592574,3.0,6.999411436266761e-06,8.668807035701605e-06,3.4476010573972146e-06,5.22120597830439e-06,1
17542,3.5084,2.7466079767485313e-06,0.06697444176077379,3.0,7.446488027407856e-06,8.107766548367964e-06,3.1429903356503163e-06,4.964776212717647e-06,1
17543,3.5086000000000004,2.750999574519954e-06,0.06693551863418906,3.0,8.313752316131012e-06,5.213828283978201e-06,2.1302169631298283e-06,3.083611320848373e-06,1
17544,3.5088000000000004,2.757463442430815e-06,0.06689664528983451,1.0,1.387505923928591e-05,1.5505795067650132e-05,6.973268834395911e-06,8.532526233254222e-06,1
17545,3.5090000000000003,2.762405730725641e-06,0.066857784168365,3.0,8.74101487810793e-06,7.506095487860406e-06,3.312429775620378e-06,4.193665712240028e-06,1
17546,3.5092000000000003,2.7677858547129253e-06,0.06681895584340491,3.0,8.933329462109852e-06,9.487238113544597e-06,3.528681566837806e-06,5.958556546706791e-06,1
17547,3.5094000000000003,2.7741792138619546e-06,0.06678016331370575,1.0,1.577820168527816e-05,1.323255996732852e-05,5.619066287722972e-06,7.613493679605547e-06,1
17548,3.5096000000000003,2.7806934175948387e-06,0.06674139965718502,1.0,1.7111104091714292e-05,1.249710337998634e-05,4.059191298029467e-06,8.437912081956872e-06,1
17549,3.5098000000000003,2.787128487762681e-06,0.06670266815334078,1.0,1.6285654407161643e-05,1.2920086299559253e-05,5.024629655429475e-06,7.895456644129778e-06,1
17550,3.5100000000000002,2.7929841771425534e-06,0.06666395992479016,3.0,9.472368140104823e-06,1.1249909463762951e-05,4.317806807496149e-06,6.932102656266802e-06,1
17551,3.5102,2.798191052923855e-06,0.06662527084447217,3.0,9.652837164566882e-06,7.808517918473549e-06,3.0465324904697715e-06,4.761985428003777e-06,1
17552,3.5104,2.8044165346911148e-06,0.06658661935729634,3.0,1.0088572505722231e-05,1.244839156298201e-05,4.992245514823633e-06,7.456146048158376e-06,1
17553,3.5106,2.810914014249113e-06,0.06654799734091285,3.0,1.0900066322633716e-05,1.2977487148549216e-05,5.401084125690252e-06,7.5764030228589636e-06,1
17554,3.5108,2.8175942949045285e-06,0.06650940513234242,3.0,1.1814069480224863e-05,1.2957392997823086e-05,4.652700430025387e-06,8.3046925677977e-06,1
17555,3.511,2.824127609286334e-06,0.06647084293527965,1.0,1.659376247900386e-05,1.3064438582897172e-05,5.262668208509043e-06,7.801770374388129e-06,1
17556,3.5112,2.8300297465232374e-06,0.06643230348222993,1.0,1.538386853949999e-05,1.1111924716670162e-05,3.5603198018994513e-06,7.551604914770711e-06,1
17557,3.5114,2.835886413847475e-06,0.06639379126378914,1.0,1.4563294992709679e-05,1.1698987818214061e-05,4.84639141334303e-06,6.8525964048710314e-06,1
17558,3.5116,2.84272042364544e-06,0.06635531607513112,3.0,8.18450174190247e-06,1.727923017417141e-05,5.710698975354869e-06,1.1568531198816542e-05,1
17559,3.5118,2.848644724390917e-06,0.06631685882066987,3.0,7.787774885052535e-06,1.3107960306429144e-05,2.8547864722741945e-06,1.025317383415495e-05,1
17560,3.512,2.8552550900849997e-06,0.06627843497567637,1.0,1.394903620318404e-05,1.6061814695030175e-05,4.5866365180797075e-06,1.1475178176950468e-05,1
17561,3.5122,2.8633204404288746e-06,0.06624005476997402,1.0,1.3326259095766867e-05,2.3951800619216365e-05,1.0304693479178047e-05,1.3647107140038317e-05,1
17562,3.5124,2.8698861875717674e-06,0.06620168541224859,1.0,1.309259358999792e-05,1.6679759950251386e-05,2.835441930278262e-06,1.3844318019973125e-05,1
17563,3.5126000000000004,2.8762315166217295e-06,0.0661633423798941,1.0,1.2990000507411063e-05,1.5673489820159026e-05,2.644471631264642e-06,1.3029018188894384e-05,1
17564,3.5128000000000004,2.8836740005521814e-06,0.0661250400433577,1.0,1.1688107588591462e-05,2.2453917440703204e-05,9.119718676662915e-06,1.333419876404029e-05,1
17565,3.5130000000000003,2.890119776580631e-06,0.06608675238828697,1.0,1.1270579273059474e-05,1.78806134489613e-05,4.209375267935512e-06,1.3671238181025789e-05,1
17566,3.5132000000000003,2.895937723677346e-06,0.06604848460366522,1.0,1.2175738566370591e-05,1.3829883098466477e-05,4.0352729540626034e-06,9.794610144403873e-06,1
17567,3.5134000000000003,2.9018824732411735e-06,0.06601024633036864,1.0,1.2706197673081618e-05,1.3927277376523396e-05,4.155333075598773e-06,9.771944300924622e-06,1
17568,3.5136000000000003,2.906965688204051e-06,0.06597202746038727,1.0,1.3302664713786803e-05,9.017370356934836e-06,3.088822296783112e-06,5.9285480601517234e-06,1
17569,3.5138000000000003,2.912546857951022e-06,0.06593384275363355,1.0,1.2963510657172871e-05,1.1840725483704116e-05,4.811756283437794e-06,7.0289692002663224e-06,1
17570,3.5140000000000002,2.917836744630488e-06,0.06589568122557235,1.0,1.3343625264889638e-05,9.998512867611306e-06,4.105805637573797e-06,5.8927072300375105e-06,1
17571,3.5142,2.923019133906613e-06,0.06585754660271712,1.0,1.3511404518103542e-05,9.287776788184346e-06,3.151347470459115e-06,6.136429317725231e-06,1
17572,3.5144,2.9285331721855977e-06,0.06581944207875412,1.0,1.423415031169296e-05,1.0217687066431393e-05,3.9477600612149215e-06,6.2699270052164715e-06,1
17573,3.5146,2.93435866801656e-06,0.0659028554508292,1.0,1.556697301108018e-05,1.0435864663068144e-05,3.1785022947130436e-06,7.257362368355101e-06,1
17574,3.5148,2.940818435579876e-06,0.0658648088535072,1.0,1.5526630969167458e-05,1.3641129695302292e-05,6.038253448722359e-06,7.602876246579932e-06,1
17575,3.515,2.947147188754985e-06,0.06594073850679637,1.0,1.5175423117325549e-05,1.3330226650911875e-05,5.917575810673327e-06,7.412650840238548e-06,1
17576,3.5152,2.952087616610196e-06,0.06590272682795924,3.0,8.12219880009164e-06,7.536696198736267e-06,3.045661088002998e-06,4.491035110733269e-06,1
17577,3.5154,2.957679023880479e-06,0.06599273296655567,3.0,7.083797241767652e-06,1.1813584185780339e-05,5.250846624420564e-06,6.562737561359775e-06,1
17578,3.5156,2.9623577568910764e-06,0.06595476469936366,3.0,6.117819398277644e-06,8.200558886841228e-06,3.4595654700760955e-06,4.740993416765133e-06,1
17579,3.5158,2.96663506781488e-06,0.06591681932906406,3.0,5.672191372219789e-06,6.625459492129563e-06,2.9894253792774918e-06,3.636034112852071e-06,1
17580,3.516,2.970962061836555e-06,0.0658788983502199,3.0,6.995683440996936e-06,5.537305458574233e-06,1.7986176561041166e-06,3.7386878024701163e-06,1
17581,3.5162,2.9759163167065314e-06,0.0658410117705494,1.0,1.3746329232011345e-05,7.85572676339381e-06,3.4342665229801346e-06,4.421460240413675e-06,1
17582,3.5164,2.981903059380377e-06,0.06580316316965124,1.0,1.3948185481475159e-05,1.2810591618407216e-05,6.256217921213133e-06,6.554373697194083e-06,1
17583,3.5166,2.9868299750577697e-06,0.06576533054512335,1.0,1.461847716971104e-05,6.835461928428576e-06,2.2796466841485383e-06,4.555815244280038e-06,1
17584,3.5168000000000004,2.993434871768876e-06,0.06572754194391714,1.0,1.5381126299679666e-05,1.4456685888753925e-05,6.851746525317473e-06,7.604939363436452e-06,1
17585,3.5170000000000003,2.999866309923489e-06,0.06568977926544771,1.0,1.556446556864966e-05,1.3399220404988873e-05,5.604802944410462e-06,7.794417460578411e-06,1
17586,3.5172000000000003,3.0057955833370266e-06,0.06565204005278169,1.0,1.530331373405762e-05,1.114307550714798e-05,4.104937860453578e-06,7.038137646694403e-06,1
17587,3.5174000000000003,3.01125068959735e-06,0.06561432504281879,1.0,1.4514125460850361e-05,9.555475578042998e-06,3.6420549689999113e-06,5.9134206090430866e-06,1
17588,3.5176000000000003,3.0160719484435138e-06,0.065576631525412,3.0,7.624555216166283e-06,7.243125041336651e-06,1.5329868163501344e-06,5.710138224986517e-06,1
17589,3.5178000000000003,3.0213102597241075e-06,0.06553896797218045,3.0,7.67183345352534e-06,9.265803544488222e-06,4.19953945254149e-06,5.0662640919467325e-06,1
17590,3.5180000000000002,3.0269768294952937e-06,0.0655013349195027,1.0,1.4091010888829031e-05,1.1019604075950039e-05,4.86860252083805e-06,6.151001555111989e-06,1
17591,3.5182,3.032077735017103e-06,0.06546372512676855,1.0,1.3544003916942135e-05,8.732667350461856e-06,3.1076873858069804e-06,5.624979964654875e-06,1
17592,3.5184,3.037392969450392e-06,0.065426144138984,1.0,1.3278985665898186e-05,1.0063895201639922e-05,2.8947961213428917e-06,7.16909908029703e-06,1
17593,3.5186,3.0429951332917287e-06,0.06538859465315444,1.0,1.2481452725255211e-05,1.2290373504862529e-05,5.423621790661676e-06,6.866751714200853e-06,1
17594,3.5188,3.0481727525796206e-06,0.06535106650807862,1.0,1.2017278450534347e-05,1.062619697041287e-05,3.7790745755926047e-06,6.847122394820265e-06,1
17595,3.519,3.0530911654363724e-06,0.06531356064429679,3.0,6.911585297463111e-06,8.329331230319375e-06,3.4038124194389716e-06,4.9255188108804034e-06,1
17596,3.5192,3.0579462636268283e-06,0.06527608180535313,3.0,7.608012605570079e-06,7.301465660093474e-06,2.449509051280763e-06,4.851956608812711e-06,1
17597,3.5194,3.06288812194316e-06,0.06523863449588715,1.0,1.2664885564707008e-05,8.784326464201668e-06,3.317035272441873e-06,5.4672911917597946e-06,1
17598,3.5196,3.068314636404924e-06,0.0652012163206712,1.0,1.3008328457615596e-05,1.0858756621167378e-05,4.0961932200402496e-06,6.762563401127129e-06,1
17599,3.5198,3.0734336524327624e-06,0.06516382239450942,1.0,1.3203741810857645e-05,9.120349368535982e-06,3.817361784282217e-06,5.302987584253765e-06,1
17600,3.52,3.079162137340954e-06,0.06512646224486347,1.0,1.3018073095688353e-05,1.2347700245129177e-05,5.966046385655213e-06,6.381653859473964e-06,1
17601,3.5202,3.085880977110366e-06,0.0650891369691074,1.0,1.3002687451999885e-05,1.7308346282125652e-05,6.030249031714248e-06,1.1278097250411403e-05,1
17602,3.5204,3.091914288243625e-06,0.06505183200675066,1.0,1.2945668156252335e-05,1.3931046526615738e-05,3.6047472530982145e-06,1.0326299273517524e-05,1
17603,3.5206,3.0997964642073882e-06,0.06501457360479654,1.0,1.28442723323137e-05,2.326947152709089e-05,1.1369606608044914e-05,1.1899864919045975e-05,1
17604,3.5208000000000004,3.106442140673338e-06,0.06497732693543251,1.0,1.3037841813027081e-05,1.6885783927469975e-05,5.890517709890658e-06,1.0995266217579315e-05,1
17605,3.5210000000000004,3.1128674075971683e-06,0.06494010507960457,1.0,1.3428120012190042e-05,1.538661363144974e-05,4.5448621952360135e-06,1.0841751436213729e-05,1
17606,3.5212000000000003,3.1188545938058767e-06,0.06490290630945712,3.0,7.42248772294554e-06,1.296362780718843e-05,3.1862559991414965e-06,9.777371808046934e-06,1
17607,3.5214000000000003,3.1244709703578247e-06,0.06486573119264279,3.0,7.73110339458031e-06,1.0783297945213984e-05,4.197066389441033e-06,6.586231555772951e-06,1
17608,3.5216000000000003,3.130391959479898e-06,0.06482858567836065,1.0,1.4330453864343291e-05,1.1944308419203465e-05,4.932205748863834e-06,7.012102670339632e-06,1
17609,3.5218000000000003,3.1364248759904147e-06,0.06479146893176403,1.0,1.4368363407542022e-05,1.2459787692008816e-05,5.097227535270167e-06,7.3625601567386495e-06,1
17610,3.5220000000000002,3.1410544082922985e-06,0.06475436869660296,1.0,1.2685233588409193e-05,7.120436247144167e-06,3.1304435708088423e-06,3.989992676335324e-06,1
17611,3.5222,3.146296237356062e-06,0.06471729751750646,1.0,1.2731592512895919e-05,1.0130422395767187e-05,8.074483594560926e-07,9.322974036311094e-06,1
17612,3.5224,3.152334841632195e-06,0.06468026199085372,1.0,1.2385453062752021e-05,1.4454549323086151e-05,4.743196158644212e-06,9.71135316444194e-06,1
17613,3.5226,3.1593593678911717e-06,0.06464326300774516,1.0,1.1854932277086405e-05,1.9907842776071564e-05,9.905796202534992e-06,1.000204657353657e-05,1
17614,3.5228,3.165224416501729e-06,0.06460627668079509,1.0,1.1876155330201055e-05,1.408248702095171e-05,4.395011296051263e-06,9.687475724900447e-06,1
17615,3.523,3.170820297537538e-06,0.06456931427476259,1.0,1.22918744076538e-05,1.2314946473548422e-05,2.590673886421501e-06,9.724272587126921e-06,1
17616,3.5232,3.1763161316234677e-06,0.06453237845835764,1.0,1.2477030342158901e-05,1.162376905627199e-05,5.015528851427358e-06,6.608240204844633e-06,1
17617,3.5234,3.182273957551253e-06,0.06449547159940147,1.0,1.339359609626822e-05,1.3011183461957345e-05,5.365810503981977e-06,7.645372957975367e-06,1
17618,3.5236,3.188920316381463e-06,0.06445859999106116,1.0,1.3591487203367982e-05,1.6249365789233592e-05,7.88165712056215e-06,8.36770866867144e-06,1
17619,3.5238,3.1953133667519553e-06,0.06442175185462329,1.0,1.3809436526842816e-05,1.475805183026929e-05,7.284815734318505e-06,7.473236095950785e-06,1
17620,3.524,3.2004081608321966e-06,0.06438491839238436,1.0,1.363569493013404e-05,8.43451578370336e-06,3.6709230497798755e-06,4.763592733923485e-06,1
17621,3.5242,3.2061333241634903e-06,0.06434811872426804,1.0,1.3166057373296444e-05,1.2050359187226608e-05,4.456168724248543e-06,7.594190462978066e-06,1
17622,3.5244,3.213322528475486e-06,0.06431135907918191,1.0,1.2809481033278864e-05,1.9720385755357617e-05,7.904434462339278e-06,1.181595129301834e-05,1
17623,3.5246,3.2200395732505324e-06,0.0642746189118828,1.0,1.32091112515384e-05,1.695267573536241e-05,5.340768113660152e-06,1.1611907621702257e-05,1
17624,3.5248000000000004,3.226377826713609e-06,0.06423790360493571,1.0,1.320801492659738e-05,1.5052986623083389e-05,6.6954852784810985e-06,8.35750134460229e-06,1
17625,3.5250000000000004,3.2315092564995127e-06,0.06420120393736499,1.0,1.2578424879869106e-05,9.642473526458962e-06,3.2702953017522733e-06,6.3721782247066884e-06,1
17626,3.5252000000000003,3.237177386923381e-06,0.0641645365682583,3.0,5.373722315824778e-06,1.305636557037177e-05,4.888447885368169e-06,8.1679176850036e-06,1
17627,3.5254000000000003,3.24279520283165e-06,0.06412789352050519,1.0,1.1660487805535911e-05,1.2980827035147798e-05,3.834096910147381e-06,9.146730125000417e-06,1
17628,3.5256000000000003,3.248894150161103e-06,0.06409128215863485,1.0,1.1615948015324316e-05,1.5424908707826657e-05,7.42949553065101e-06,7.995413177175645e-06,1
17629,3.5258000000000003,3.2595952727360673e-06,0.06405474150515197,1.0,1.169632802361271e-05,3.834658552214051e-05,1.8399028004237358e-05,1.994755751790316e-05,1
17630,3.5260000000000002,3.267816270756671e-06,0.06401819850864186,1.0,1.2227674388837775e-05,2.5404668517779792e-05,5.691678528577229e-06,1.971298998920256e-05,1
17631,3.5262000000000002,3.274859929152314e-06,0.06398167524983497,1.0,1.278502883301103e-05,1.895261447036094e-05,7.807133663060026e-06,1.1145480807300914e-05,1
17632,3.5264,3.28583317263763e-06,0.06407996528717352,1.0,1.3181072714401328e-05,3.8194588859354135e-05,3.898878137846519e-06,3.4295710721507616e-05,1
17633,3.5266,3.302639122746107e-06,0.06404358432490073,1.0,1.270171896449063e-05,6.782281604083843e-05,3.38617343580334e-05,3.396108168280503e-05,1
17634,3.5268,3.3077812520558835e-06,0.06400710860698826,1.0,1.2719116791009375e-05,9.474757704056412e-06,1.8487083032804767e-06,7.6260494007759355e-06,1
17635,3.527,3.313031822854505e-06,0.06397066533255866,1.0,1.400559253003159e-05,8.725081099929862e-06,3.214806833573181e-06,5.510274266356681e-06,1
17636,3.5272,3.3199851996242037e-06,0.06393426696352254,1.0,1.4284428571924284e-05,1.695390333990147e-05,7.885715952422937e-06,9.068187387478532e-06,1
17637,3.5274,3.3254079773197325e-06,0.06389788026211139,1.0,1.4240777410799873e-05,9.33809629581574e-06,3.403413695030315e-06,5.934682600785426e-06,1
17638,3.5276,3.3300867680191683e-06,0.06386151464226562,1.0,1.3346844789444386e-05,6.506841419639652e-06,2.1073998345171076e-06,4.399441585122545e-06,1
17639,3.5278,3.3348924487187347e-06,0.06382517565250453,3.0,6.3151886742939665e-06,7.503045000528043e-06,2.352451562458173e-06,5.15059343806987e-06,1
17640,3.528,3.3394843305429465e-06,0.06378886109112986,3.0,5.875632862199058e-06,6.85933134657142e-06,3.2171523993096508e-06,3.642178947261769e-06,1
17641,3.5282,3.344336452390308e-06,0.06375257274767561,3.0,6.616933582217435e-06,7.40488483873669e-06,2.3498100434835568e-06,5.0550747952531335e-06,1
17642,3.5284,3.3524706431550795e-06,0.06371634271349859,3.0,6.853714524336273e-06,2.35586768854905e-05,5.14651140365945e-06,1.841216548183105e-05,1
17643,3.5286,3.3631739771249414e-06,0.06368016578021309,3.0,6.651800707279402e-06,3.657757218934316e-05,1.8045422769654192e-05,1.8532149419688965e-05,1
17644,3.5288000000000004,3.3716850703914403e-06,0.0636439890028874,3.0,7.254108972565603e-06,2.4984748457160473e-05,6.199746668458974e-06,1.8785001788701498e-05,1
17645,3.5290000000000004,3.37706068122343e-06,0.06360781199166715,3.0,7.680025040797094e-06,8.860269841804198e-06,3.6145070391098094e-06,5.245762802694389e-06,1
17646,3.5292000000000003,3.383205989718238e-06,0.06357166938281783,1.0,1.4863316619832262e-05,1.2268206899339e-05,5.728078268233265e-06,6.540128631105736e-06,1
17647,3.5294000000000003,3.3881367193776248e-06,0.06353554090575608,1.0,1.5083325549959145e-05,5.969536008133487e-06,3.946794053280141e-07,5.574856602805473e-06,1
17648,3.5296000000000003,3.394895285934345e-06,0.0636093402905708,1.0,1.4832712784274485e-05,1.5352867012142312e-05,7.051066690779347e-06,8.301800321362966e-06,1
17649,3.5298000000000003,3.4008694811271113e-06,0.06357326884079532,1.0,1.410456714876599e-05,1.21525070374387e-05,5.715845278979155e-06,6.436661758459545e-06,1
17650,3.5300000000000002,3.405697165079304e-06,0.06364937301029056,1.0,1.3230219897487611e-05,7.28829476521794e-06,1.1205660212744956e-06,6.167728743943444e-06,1
17651,3.5302000000000002,3.412161338512055e-06,0.06361335032286188,1.0,1.3077328747371289e-05,1.5617750859222495e-05,6.437090467460453e-06,9.180660391762043e-06,1
17652,3.5304,3.4189611750110187e-06,0.06357735558183238,1.0,1.3128697013189677e-05,1.7237766983972377e-05,7.201580773559103e-06,1.0036186210413274e-05,1
17653,3.5306,3.425441825704398e-06,0.06354138338468153,1.0,1.2783684458541412e-05,1.5979911196020523e-05,3.498490006713539e-06,1.2481421189306983e-05,1
17654,3.5308,3.433511292164839e-06,0.06350545338404442,1.0,1.2602489334879258e-05,2.40975710801255e-05,8.77378586218172e-06,1.532378521794378e-05,1
17655,3.531,3.4410720184536093e-06,0.06346954396431165,1.0,1.2371508486353598e-05,2.177666309419414e-05,1.0710180934341676e-05,1.1066482159852465e-05,1
17656,3.5312,3.4471419628275228e-06,0.06343364602828294,1.0,1.1409538427593689e-05,1.527759928530806e-05,4.000572271853243e-06,1.1277027013454816e-05,1
17657,3.5314,3.4523199701577266e-06,0.06339776479668177,1.0,1.1009277192772873e-05,1.121231834019079e-05,2.0043985424077494e-09,1.1210313941648383e-05,1
17658,3.5316,3.458867346032488e-06,0.06336192371268358,1.0,1.0652829414297165e-05,1.840949834629404e-05,6.34240765089256e-06,1.2067090695401479e-05,1
17659,3.5318,3.4640200055552862e-06,0.06332609127847733,1.0,1.1708942128199003e-05,1.0373707192141612e-05,4.603613517980242e-06,5.7700936741613705e-06,1
17660,3.532,3.4690211239346054e-06,0.06329028734391458,1.0,1.0972135029205629e-05,1.0347534297440773e-05,5.026174527461864e-06,5.321359769978909e-06,1
17661,3.5322,3.4754487756108452e-06,0.06325452018719081,1.0,1.1442117214986013e-05,1.7004266764980794e-05,6.312056760099705e-06,1.0692210004881088e-05,1
17662,3.5324,3.4811818638869775e-06,0.0632187722551255,1.0,1.1665094287022006e-05,1.3302132041000691e-05,4.198731439546019e-06,9.103400601454672e-06,1
17663,3.5326,3.4877993267526377e-06,0.06318305950640042,1.0,1.1929469432593152e-05,1.7453188631514875e-05,8.331098098720482e-06,9.122090532794393e-06,1
17664,3.5328000000000004,3.4933102031147924e-06,0.063147360027508,1.0,1.2114114370657777e-05,1.1729288443623923e-05,2.0141564169386785e-06,9.715132026685245e-06,1
17665,3.5330000000000004,3.4994436440745336e-06,0.06311169336249828,1.0,1.2507442488735583e-05,1.4442718216665782e-05,4.890574660959199e-06,9.552143555706582e-06,1
17666,3.5332000000000003,3.5043111252821285e-06,0.06307603939136958,1.0,1.3112040695161361e-05,7.502598476970303e-06,3.1633990755292505e-06,4.339199401441053e-06,1
17667,3.5334000000000003,3.510159584023794e-06,0.06304042092934574,1.0,1.3750596742136823e-05,1.1763359111612743e-05,5.713492407742901e-06,6.049866703869841e-06,1
17668,3.5336000000000003,3.5161560223340573e-06,0.06300482996578902,1.0,1.4139231996432227e-05,1.210845093755729e-05,5.573156693079035e-06,6.535294244478257e-06,1
17669,3.5338000000000003,3.522984981501494e-06,0.06296927274896688,1.0,1.420660641486822e-05,1.619698923701936e-05,8.087497781934781e-06,8.109491455084576e-06,1
17670,3.5340000000000003,3.5294506955491465e-06,0.06293373664213482,1.0,1.461967057393854e-05,1.3960758865642185e-05,6.31474372118802e-06,7.646015144454165e-06,1
17671,3.5342000000000002,3.5351932176141102e-06,0.0628982199385485,1.0,1.4869206630981542e-05,1.0088900064917666e-05,4.512184302374337e-06,5.576715762543331e-06,1
17672,3.5344,3.540307948508512e-06,0.0628627229143172,1.0,1.5189285271111547e-05,6.624221062325102e-06,3.0810009432652974e-06,3.543220119059805e-06,1
17673,3.5346,3.545844623076727e-06,0.06282725838500107,3.0,7.156387547407272e-06,9.67515051646123e-06,4.066218241930863e-06,5.608932274530367e-06,1
17674,3.5348,3.5504983737030213e-06,0.06279180928369212,3.0,6.873029684199674e-06,5.528408555442795e-06,2.29130765747208e-06,3.2371008979707147e-06,1
17675,3.535,3.5558833950420875e-06,0.06275639014684518,3.0,7.99868316772514e-06,8.043861266740966e-06,2.2246412386540748e-06,5.8192200280868915e-06,1
17676,3.5352,3.562837736726786e-06,0.06272101303151864,1.0,1.5608082880897573e-05,1.5381013389894324e-05,7.5212601049724036e-06,7.859753284921921e-06,1
17677,3.5354,3.569781198812165e-06,0.06268566052910167,1.0,1.6034702938671158e-05,1.4892736669186737e-05,6.283538755266888e-06,8.60919791391985e-06,1
17678,3.5356,3.5766205474284863e-06,0.06265033309479809,1.0,1.631694210486429e-05,1.4082732990072821e-05,5.777029049185198e-06,8.305703940887624e-06,1
17679,3.5358,3.583468394686837e-06,0.06261503147123271,1.0,1.658323183573904e-05,1.3851790499215955e-05,6.603586663529031e-06,7.248203835686924e-06,1
17680,3.536,3.589363542334439e-06,0.06257974633632547,1.0,1.638687270389874e-05,9.27800765755835e-06,2.617460422220077e-06,6.660547235338274e-06,1
17681,3.5362,3.595456575131959e-06,0.06254448906528652,3.0,9.036090384040055e-06,1.0427153911745132e-05,2.293267218270787e-06,8.133886693474344e-06,1
17682,3.5364,3.603053463514631e-06,0.0625092720416652,1.0,1.6189563137759098e-05,1.797063207058432e-05,8.827386389437914e-06,9.143245681146409e-06,1
17683,3.5366,3.6098433596801382e-06,0.06247407127695639,1.0,1.611924431103285e-05,1.3998473700010968e-05,4.9397567527346185e-06,9.05871694727635e-06,1
17684,3.5368000000000004,3.616068147047011e-06,0.062438891353708975,1.0,1.6076272269520734e-05,1.1209114959286957e-05,4.421586135055196e-06,6.787528824231759e-06,1
17685,3.5370000000000004,3.622298802406652e-06,0.062403736252603426,1.0,1.6359974040464727e-05,1.094826381163728e-05,4.9470009078978865e-06,6.001262903739395e-06,1
17686,3.5372000000000003,3.6291031328419012e-06,0.0623686127535154,1.0,1.651179369681616e-05,1.365802268257243e-05,6.6183760459839485e-06,7.039646636588481e-06,1
17687,3.5374000000000003,3.634913099769779e-06,0.06233350603037368,1.0,1.6055832115380894e-05,9.13559369952211e-06,3.2947465183874506e-06,5.84084718113466e-06,1
17688,3.5376000000000003,3.640751698720326e-06,0.062298425792525175,1.0,1.5304076045149945e-05,1.0024450168711287e-05,3.7707225242089716e-06,6.253727644502316e-06,1
17689,3.5378000000000003,3.646810020417065e-06,0.062263373019040884,1.0,1.4802871265169545e-05,1.1618077368332298e-05,4.895380070646306e-06,6.7226972976859915e-06,1
17690,3.5380000000000003,3.6519803636415673e-06,0.06222833599068666,1.0,1.4771489025350836e-05,7.203731194462055e-06,2.5329920450364334e-06,4.670739149425622e-06,1
17691,3.5382000000000002,3.656942227472604e-06,0.06219332357078917,3.0,6.889080197528076e-06,6.7295677358641975e-06,2.2440971931152538e-06,4.485470542748944e-06,1
17692,3.5384,3.662468943047602e-06,0.06215834120139117,3.0,6.907251948026609e-06,9.51972378965571e-06,4.451266329756156e-06,5.0684574598995556e-06,1
17693,3.5386,3.6678445046723497e-06,0.062123381866404384,3.0,7.106538413566551e-06,8.548103431107593e-06,3.7808094757873803e-06,4.7672939553202135e-06,1
17694,3.5388,3.6722954625332367e-06,0.06208844031194386,3.0,6.5037439005386965e-06,4.512962210710696e-06,2.205414717604859e-06,2.3075474931058373e-06,1
17695,3.539,3.6782201862732803e-06,0.062053536857560085,1.0,1.407995368972135e-05,1.1640339532744919e-05,5.553321829955204e-06,6.087017702789715e-06,1
17696,3.5392,3.6834228483370387e-06,0.06201865091372963,3.0,6.976368932212899e-06,7.766193046023907e-06,3.6851581028381744e-06,4.081034943185733e-06,1
17697,3.5394,3.6879781928402243e-06,0.06198378369905468,1.0,1.4515504586942688e-05,4.347058812264154e-06,1.8200726919068574e-07,4.1650515430734685e-06,1
17698,3.5396,3.694139912430577e-06,0.061948957365063444,1.0,1.4920950157429276e-05,1.1967926579693076e-05,4.695296564530279e-06,7.272630015162798e-06,1
17699,3.5398,3.7013083249384724e-06,0.06191806006508546,1.0,1.4885665612170785e-05,1.7029712021290448e-05,7.660501326718404e-06,9.369210694572045e-06,1
17700,3.54,3.707077325542243e-06,0.061920171331648906,1.0,1.4879860751749134e-05,1.003158027789926e-05,3.978328331379338e-06,6.053251946519922e-06,1
17701,3.5402,3.7136424711884724e-06,0.06190988374175703,1.0,1.4546437777673593e-05,1.4339217710510474e-05,6.664176058840661e-06,7.675041651669813e-06,1
17702,3.5404,3.7188862813132563e-06,0.061899588348116215,1.0,1.4143068055787585e-05,8.129678037286318e-06,3.35890025375038e-06,4.770777783535939e-06,1
17703,3.5406,3.7241040348270574e-06,0.06188929841585188,1.0,1.3913451618041204e-05,8.223495148475734e-06,3.7438625385729273e-06,4.479632609902807e-06,1
17704,3.5408000000000004,3.728830891832275e-06,0.061879009319941364,1.0,1.3609669451021385e-05,6.067553067562502e-06,2.1553370070349583e-06,3.912216060527544e-06,1
17705,3.5410000000000004,3.7340272396625373e-06,0.06188442097173042,1.0,1.332295072274904e-05,8.696437115201205e-06,3.7202608687666835e-06,4.976176246434522e-06,1
17706,3.5412000000000003,3.7397242535348583e-06,0.06187414123905058,1.0,1.2710617864851415e-05,1.1806354861314228e-05,5.3211057795130534e-06,6.485249081801175e-06,1
17707,3.5414000000000003,3.7447500957579726e-06,0.061863859381854576,1.0,1.2504249033979281e-05,8.651210748854385e-06,3.824285470502687e-06,4.826925278351698e-06,1
17708,3.5416000000000003,3.749435078764993e-06,0.06185358054659009,1.0,1.2032212749478258e-05,7.413833675029594e-06,2.5463241681993446e-06,4.867509506830249e-06,1
17709,3.5418000000000003,3.7537684978172364e-06,0.06184330305941976,1.0,1.22168277052973e-05,5.4666493844734955e-06,2.1522882328430856e-06,3.31436115163041e-06,1
17710,3.5420000000000003,3.759726520890631e-06,0.061833046201197964,1.0,1.2640766084787198e-05,1.3160305724213885e-05,6.250759418522617e-06,6.909546305691269e-06,1
17711,3.5422000000000002,3.7660492369905956e-06,0.061836509458795236,1.0,1.2656043418055992e-05,1.496196045142237e-05,6.761543152500858e-06,8.200417298921512e-06,1
17712,3.5424,3.7724344876866557e-06,0.06182625678654867,1.0,1.3071739965827628e-05,1.4852228638521045e-05,6.459752555521466e-06,8.39247608299958e-06,1
17713,3.5426,3.7779844004740986e-06,0.06181600115024371,1.0,1.3579059448514387e-05,1.0161921779213053e-05,3.1281157046424126e-06,7.03380607457064e-06,1
17714,3.5428,3.7837090817900883e-06,0.061805754793563254,1.0,1.3453793102735529e-05,1.1155083738666464e-05,5.010314493480763e-06,6.1447692451857e-06,1
17715,3.543,3.7901765201576706e-06,0.06179552057207251,1.0,1.3400883282123767e-05,1.4915344756154447e-05,7.232604996549035e-06,7.682739759605412e-06,1
17716,3.5432,3.79529453554268e-06,0.06178527855082338,1.0,1.3354814694726589e-05,8.208186559132958e-06,3.659136579544956e-06,4.549049979588001e-06,1
17717,3.5434,3.8002931929151655e-06,0.06177504138049586,1.0,1.3301687849451773e-05,7.659191351080245e-06,2.9355066635906664e-06,4.723684687489579e-06,1
17718,3.5436,3.8055874394069857e-06,0.0617648124161719,1.0,1.34928858690966e-05,8.940513459564718e-06,3.910763475770078e-06,5.02974998379464e-06,1
17719,3.5438,3.810317021991715e-06,0.06175458419441565,1.0,1.3216387766445701e-05,6.388409490203981e-06,2.915507407422359e-06,3.4729020827816216e-06,1
17720,3.544,3.8164564052906474e-06,0.06174437465569316,1.0,1.310193164103145e-05,1.3546138058832448e-05,6.60609996108247e-06,6.940038097749978e-06,1
17721,3.5442,3.821861166983504e-06,0.061734162655149374,3.0,5.730156491868915e-06,9.6003988711438e-06,4.47445735719155e-06,5.1259415139522485e-06,1
17722,3.5444,3.827462094157659e-06,0.061830764123613956,3.0,5.92079661101496e-06,1.0373368474439797e-05,4.8969362055331924e-06,5.4764322689066034e-06,1
17723,3.5446,3.832638732046553e-06,0.06182055177926357,1.0,1.4908758583332914e-05,6.9075996967958445e-06,2.450079399037334e-06,4.457520297758511e-06,1
17724,3.5448,3.839477065730742e-06,0.06181036396233771,1.0,1.4970590907915607e-05,1.5147906589063687e-05,7.315426547761296e-06,7.83248004130239e-06,1
17725,3.5450000000000004,3.844696618619249e-06,0.06180016525452115,1.0,1.5097472847251134e-05,6.920758230725234e-06,2.0677291681178782e-06,4.853029062607355e-06,1
17726,3.5452000000000004,3.849235379399165e-06,0.061789965960555165,3.0,7.396982161907148e-06,3.518215533950478e-06,2.0042993209774976e-09,3.5162112346295007e-06,1
17727,3.5454000000000003,3.8563880604917386e-06,0.06179512859917292,1.0,1.6207721431101452e-05,1.546478243176875e-05,4.432914012788413e-06,1.1031868418980337e-05,1
17728,3.5456000000000003,3.864626045398891e-06,0.061784962710588816,1.0,1.6890167624627516e-05,2.0200723709873333e-05,8.240185718142915e-06,1.1960537991730418e-05,1
17729,3.5458000000000003,3.87360929913718e-06,0.061774809607845385,1.0,1.7315946038270667e-05,2.3492186123297396e-05,1.0806318038325086e-05,1.2685868084972311e-05,1
17730,3.5460000000000003,3.881170878525941e-06,0.061764648592537226,1.0,1.7070718172394405e-05,1.662029816949044e-05,5.981878554598084e-06,1.0638419614892358e-05,1
17731,3.5462000000000002,3.888818319863989e-06,0.061754493925592034,1.0,1.7236555914178615e-05,1.6875735426254237e-05,6.020868072104097e-06,1.0854867354150142e-05,1
17732,3.5464,3.8949127990885405e-06,0.061744330349809876,1.0,1.7291475089603374e-05,9.04874993645412e-06,3.7514009608709268e-06,5.297348975583193e-06,1
17733,3.5466,3.901616196330301e-06,0.06173417994963483,3.0,8.948811165346196e-06,1.2632721417678183e-05,6.061106008334517e-06,6.571615409343667e-06,1
17734,3.5468,3.907387137533574e-06,0.0617240257437312,3.0,8.07347091213338e-06,8.826724425654344e-06,3.7070923657246924e-06,5.119632059929652e-06,1
17735,3.547,3.912996357775191e-06,0.06171387465594632,3.0,7.991990619018391e-06,8.082218121032038e-06,3.4888220254367096e-06,4.593396095595328e-06,1
17736,3.5472,3.9182248174271025e-06,0.061703724051150245,3.0,8.425550069713643e-06,5.728304470655209e-06,1.129896436118396e-06,4.598408034536813e-06,1
17737,3.5474,3.924755305940074e-06,0.06170707168406281,3.0,8.768922069214122e-06,1.187706264443868e-05,5.7285226260318e-06,6.1485400184068805e-06,1
17738,3.5476,3.930740267241879e-06,0.06169692823529469,3.0,9.353666518152912e-06,8.545562574712093e-06,3.096308174603945e-06,5.449254400108148e-06,1
17739,3.5478,3.937903122366322e-06,0.06168680365967663,1.0,1.712641896662259e-05,1.4510834346276623e-05,7.11464032578797e-06,7.396194020488654e-06,1
17740,3.548,3.944083104651037e-06,0.06167667381636626,1.0,1.696122955413261e-05,9.754616506062462e-06,2.241812896249496e-06,7.5128036098129654e-06,1
17741,3.5482,3.9517405542480995e-06,0.0616665655257838,1.0,1.6693230210119794e-05,1.7402646906841992e-05,8.620621721194383e-06,8.782025185647611e-06,1
17742,3.5484,3.9584758918386916e-06,0.06165645197253131,1.0,1.6575075436579326e-05,1.29026414604017e-05,4.387798432993781e-06,8.514843027407919e-06,1
17743,3.5486,3.96481575648029e-06,0.061646342733638365,1.0,1.5708946347501098e-05,1.1784505159865552e-05,5.421947995147515e-06,6.362557164718036e-06,1
17744,3.5488,3.970435084846412e-06,0.06163623138746973,1.0,1.4959261377338432e-05,8.925200640355284e-06,3.855297615876675e-06,5.069903024478609e-06,1
17745,3.5490000000000004,3.9762083756571186e-06,0.061638855039116085,1.0,1.4608441784992266e-05,1.0039774625230359e-05,3.611057005737198e-06,6.428717619493161e-06,1
17746,3.5492000000000004,3.982244115643514e-06,0.06162874832300866,1.0,1.4229712764346628e-05,1.1724521283163406e-05,4.953740841038345e-06,6.77078044212506e-06,1
17747,3.5494000000000003,3.987201044530914e-06,0.06161863626360036,1.0,1.3974295586158306e-05,6.5800881731853445e-06,3.237380158955284e-06,3.34270801423006e-06,1
17748,3.5496000000000003,3.993098974873737e-06,0.0616085395979102,1.0,1.3419538229465689e-05,1.1834131251418255e-05,5.4393590986609835e-06,6.394772152757271e-06,1
17749,3.5498000000000003,3.998713508049401e-06,0.06159844442869205,1.0,1.3356408796931545e-05,1.0474204317367976e-05,4.1218811304076255e-06,6.352323186960351e-06,1
17750,3.5500000000000003,4.003466559118053e-06,0.061588344178970925,3.0,6.510399060601185e-06,5.005161395874432e-06,1.8047535556622146e-06,3.200407840212217e-06,1
17751,3.5502000000000002,4.008585152169745e-06,0.0615782569592547,1.0,1.3713692978621528e-05,7.626557411295745e-06,3.555090066850492e-06,4.071467344445253e-06,1
17752,3.5504000000000002,4.0137255933212595e-06,0.06157855215981127,1.0,1.355101818152373e-05,7.893026139977568e-06,3.640095082936884e-06,4.252931057040684e-06,1
17753,3.5506,4.019210368089109e-06,0.06159423801743891,1.0,1.351143812592456e-05,9.64857153127654e-06,4.276105628086427e-06,5.3724659031901135e-06,1
17754,3.5508,4.027398928501251e-06,0.06158416370609048,1.0,1.4284353727281763e-05,2.2387366967233074e-05,3.2313193522155286e-06,1.9156047615017544e-05,1
17755,3.551,4.039026545112438e-06,0.061574129505833075,1.0,1.5259822365375366e-05,3.859670158909718e-05,1.9161731400102035e-05,1.9434970188995152e-05,1
17756,3.5512,4.047112339135081e-06,0.06156406434345126,1.0,1.4651011873144279e-05,2.1485976142826318e-05,2.3886463439698552e-06,1.909732979885646e-05,1
17757,3.5514,4.0519082314945775e-06,0.06155397797133533,1.0,1.3798933640103042e-05,5.881749475513337e-06,2.57095957135084e-06,3.310789904162497e-06,1
17758,3.5516,4.056949737466487e-06,0.061637871226648516,1.0,1.4251287680040986e-05,6.651901898332043e-06,2.6113637428436267e-06,4.040538155488417e-06,1
17759,3.5518,4.0633158787048796e-06,0.061627803664616294,1.0,1.4506389409785775e-05,1.3013962006336278e-05,6.039507452500282e-06,6.974454553835997e-06,1
17760,3.552,4.069619702660098e-06,0.061617740045980585,1.0,1.4885606526077756e-05,1.2316474002695972e-05,6.126784300526769e-06,6.189689702169203e-06,1
17761,3.5522,4.075343346284111e-06,0.061607677011802205,1.0,1.4734535419840503e-05,9.560300137017351e-06,4.166885957374969e-06,5.393414179642382e-06,1
17762,3.5524,4.080837365813843e-06,0.061597616525462265,1.0,1.5037298781682707e-05,8.103502948337918e-06,3.0790589628997284e-06,5.02444398543819e-06,1
17763,3.5526,4.088923276408915e-06,0.061719527392835954,1.0,1.5566247285327184e-05,2.052630361804778e-05,5.843170054189727e-06,1.4683133563858053e-05,1
17764,3.5528,4.0985150377317315e-06,0.06170950984795707,1.0,1.596658771423706e-05,2.7645873500372217e-05,1.3603255448673594e-05,1.4042618051698621e-05,1
17765,3.5530000000000004,4.106613144915998e-06,0.06169947999337196,1.0,1.671239467283244e-05,1.9422446218236543e-05,4.902173082871739e-06,1.4520273135364805e-05,1
17766,3.5532000000000004,4.113259787925034e-06,0.06168944652220659,1.0,1.623183233597766e-05,1.2637901641748418e-05,5.905812013021388e-06,6.73208962872703e-06,1
17767,3.5534000000000003,4.119347977217892e-06,0.06167941254060994,1.0,1.583952500764236e-05,1.0231221463068112e-05,4.4657836158458116e-06,5.7654378472223e-06,1
17768,3.5536000000000003,4.1254605223357735e-06,0.061669385346112854,1.0,1.5014719144091887e-05,1.1171371154039538e-05,5.566670019254444e-06,5.6047011347850945e-06,1
17769,3.5538000000000003,4.130520580114179e-06,0.06165935214814835,1.0,1.4708658199917237e-05,6.209105992758677e-06,2.043135282719332e-06,4.165970710039346e-06,1
17770,3.5540000000000003,4.136884269272806e-06,0.06164933662866656,1.0,1.497166229779288e-05,1.2458236157734744e-05,6.0514203197798055e-06,6.406815837954937e-06,1
17771,3.5542000000000002,4.142585596120471e-06,0.06163931996576191,1.0,1.4913376980845206e-05,9.198346965602847e-06,4.29524705044219e-06,4.903099915160658e-06,1
17772,3.5544000000000002,4.148293824425708e-06,0.06162930857381159,1.0,1.4949666337005115e-05,9.19054998284175e-06,3.803160852003665e-06,5.387389130838085e-06,1
17773,3.5546,4.154050552671281e-06,0.0616323970095651,1.0,1.5518507814473478e-05,8.858109620359328e-06,3.7261840984587756e-06,5.131925521900552e-06,1
17774,3.5548,4.1604910609522365e-06,0.061622391555828784,1.0,1.6341400977251086e-05,1.1447683751960786e-05,4.986996877136334e-06,6.460686874824451e-06,1
17775,3.555,4.166297253045233e-06,0.06161238684143194,3.0,7.928747719868727e-06,8.355509510511653e-06,3.5915946048925364e-06,4.763914905619116e-06,1
17776,3.5552,4.1717820628495876e-06,0.061602383112005325,3.0,8.67117056663247e-06,5.988932540613673e-06,2.3380109507390477e-06,3.6509215898746254e-06,1
17777,3.5554,4.178657017048853e-06,0.06159239869717961,3.0,9.423275207278391e-06,1.2168671437310923e-05,5.770980853357595e-06,6.397690583953329e-06,1
17778,3.5556,4.184192057156177e-06,0.06158240758970162,3.0,9.279026830628469e-06,5.59439374983772e-06,2.264836175559424e-06,3.329557574278296e-06,1
17779,3.5558,4.191157100123037e-06,0.06158503394024207,3.0,8.799476738570392e-06,1.3204812347426571e-05,5.400212655265346e-06,7.804599692161225e-06,1
17780,3.556,4.196723351704534e-06,0.06157504388436585,3.0,8.651143651453757e-06,6.340047374944308e-06,2.0372066768233785e-06,4.30284069812093e-06,1
17781,3.5562,4.202529213393157e-06,0.06156506181414482,3.0,8.516283380073108e-06,7.655591851223069e-06,3.2713633702077213e-06,4.384228481015348e-06,1
17782,3.5564,4.208931364173912e-06,0.061555089054555916,3.0,9.287913453774234e-06,9.846761461812251e-06,4.643993677295618e-06,5.202767784516634e-06,1
17783,3.5566,4.215636191474108e-06,0.06154512421423242,1.0,1.8518803437505343e-05,1.0533798862693142e-05,4.761540957575205e-06,5.7722579051179365e-06,1
17784,3.5568,4.221612031132984e-06,0.061535159784426516,1.0,1.8264296417230127e-05,7.1366791487449815e-06,3.32929894678791e-06,3.8073802019570717e-06,1
17785,3.5570000000000004,4.228569969085166e-06,0.06152520963556884,1.0,1.8346776588823972e-05,1.1957867672527876e-05,5.361038782894825e-06,6.5968288896330514e-06,1
17786,3.5572000000000004,4.235468139525063e-06,0.06151526444992978,1.0,1.8381513076537198e-05,1.1616981406265344e-05,5.5090432661284485e-06,6.107938140136895e-06,1
17787,3.5574000000000003,4.242421403730444e-06,0.06150532554311678,1.0,1.811797897398535e-05,1.214867471305366e-05,5.29218816790333e-06,6.85648654515033e-06,1
17788,3.5576000000000003,4.24891717996642e-06,0.06149538707628481,1.0,1.8137729945806588e-05,9.834387966999856e-06,4.159318731980228e-06,5.675069235019629e-06,1
17789,3.5578000000000003,4.256479746733485e-06,0.06148546490337459,1.0,1.8019245921569233e-05,1.5279405429552134e-05,6.547852609812429e-06,8.731552819739704e-06,1
17790,3.5580000000000003,4.263829367948431e-06,0.06147554585196424,1.0,1.7876947102130293e-05,1.4349104205667103e-05,6.666345507381026e-06,7.682758698286076e-06,1
17791,3.5582000000000003,4.2699743954374105e-06,0.06146562028157302,1.0,1.7686193314931584e-05,8.509769572002928e-06,3.6116396504031215e-06,4.898129921599805e-06,1
17792,3.5584000000000002,4.277376529825501e-06,0.06145571265564058,3.0,9.007888454395134e-06,1.4919111463372704e-05,7.021433435363707e-06,7.897678028008996e-06,1
17793,3.5586,4.284963197295976e-06,0.06144581014496627,3.0,9.194973834538485e-06,1.5631790141725496e-05,3.929110003540943e-06,1.1702680138184553e-05,1
17794,3.5588,4.292944282640812e-06,0.06143591768420316,1.0,1.7913714691669665e-05,1.7439257612550802e-05,5.276068887772997e-06,1.2163188724777805e-05,1
17795,3.559,4.302061269255739e-06,0.061426044149995924,1.0,1.6930978300365643e-05,2.4092468553281006e-05,1.1731457282980823e-05,1.2361011270300183e-05,1
17796,3.5592,4.308775673416147e-06,0.06141614938220688,1.0,1.6628330603138606e-05,1.2373844608642672e-05,1.592681379057782e-06,1.078116322958489e-05,1
17797,3.5594,4.31657673710693e-06,0.06140627236017739,1.0,1.663337686989092e-05,1.7794435134521635e-05,5.815225565211442e-06,1.1979209569310192e-05,1
17798,3.5596,4.323822610992219e-06,0.061396395448126265,1.0,1.6464834388006618e-05,1.5179085791743447e-05,6.693226964725243e-06,8.485858827018204e-06,1
17799,3.5598,4.329830225038638e-06,0.0613865112555488,1.0,1.6394817799944018e-05,9.050812327201586e-06,3.111618386049547e-06,5.939193941152039e-06,1
17800,3.56,4.335328111289903e-06,0.061376629000572794,3.0,7.171331680872283e-06,7.054438805371586e-06,3.149123837959907e-06,3.9053149674116795e-06,1
17801,3.5602,4.341266233923277e-06,0.06136675516613312,3.0,7.092356075243284e-06,9.317134260736093e-06,3.8229576652919745e-06,5.494176595444119e-06,1
17802,3.5604,4.347653506485505e-06,0.06135688909870811,3.0,8.209392222286685e-06,1.0427024413271484e-05,4.897693568996207e-06,5.529330844275277e-06,1
17803,3.5606,4.353849566205595e-06,0.06134702861417254,3.0,8.011772885633636e-06,9.649361374361211e-06,4.614859752918618e-06,5.034501621442593e-06,1
17804,3.5608,4.36005192733611e-06,0.06133717249474703,3.0,8.328268114512302e-06,9.345438206761878e-06,3.921318374116386e-06,5.424119832645493e-06,1
17805,3.5610000000000004,4.367041047520116e-06,0.061327328188782164,3.0,9.276002156141424e-06,1.2311350725467651e-05,5.882437855595686e-06,6.428912869871965e-06,1
17806,3.5612000000000004,4.373896910095812e-06,0.06131748913847152,1.0,1.8304978739226753e-05,1.1335874083677589e-05,5.087624459917287e-06,6.2482496237603026e-06,1
17807,3.5614000000000003,4.380021410204177e-06,0.06130764917914113,1.0,1.7953116843970886e-05,8.024078554651866e-06,2.69081626803039e-06,5.333262286621476e-06,1
17808,3.5616000000000003,4.387570188043964e-06,0.06129782826751376,1.0,1.814074070893121e-05,1.4950630649125279e-05,7.081350508077833e-06,7.869280141047445e-06,1
17809,3.5618000000000003,4.394242914763265e-06,0.061288002697745946,1.0,1.8431264219896362e-05,1.0272348036448464e-05,3.90270546680081e-06,6.369642569647654e-06,1
17810,3.5620000000000003,4.401373490468408e-06,0.061278188271893214,1.0,1.8314503888658986e-05,1.2671071827792105e-05,5.946611378736317e-06,6.724460449055789e-06,1
17811,3.5622000000000003,4.4093311371433816e-06,0.061268389011627664,1.0,1.727809047926368e-05,1.783487687036588e-05,7.987434047425472e-06,9.847442822940408e-06,1
17812,3.5624000000000002,4.41616989417661e-06,0.061258581635147545,1.0,1.738606273910051e-05,1.2124648180502478e-05,5.152351505878346e-06,6.972296674624132e-06,1
17813,3.5626,4.422711970990841e-06,0.061248776894993175,1.0,1.7592211567415548e-05,1.0428041320691954e-05,4.912398751933316e-06,5.515642568758638e-06,1
17814,3.5628,4.428577746897384e-06,0.061260612241612326,3.0,8.40127161931685e-06,7.379551518496411e-06,3.0468914679336324e-06,4.332660050562779e-06,1
17815,3.563,4.434840046139013e-06,0.06125079892410657,3.0,7.826386617048193e-06,9.918533148482806e-06,4.616974552100653e-06,5.301558596382153e-06,1
17816,3.5632,4.441541073414473e-06,0.061240992956342326,3.0,8.195113541854457e-06,1.1723647985239658e-05,5.250505922069638e-06,6.47314206317002e-06,1
17817,3.5634,4.448491489060159e-06,0.061231197524981476,3.0,7.178771341150251e-06,1.3966080438498162e-05,6.659881515495823e-06,7.3061989230023395e-06,1
17818,3.5636,4.4536258349572535e-06,0.061344666145769694,3.0,6.0447658412021345e-06,6.000734731867561e-06,2.3628299613728264e-06,3.637904770494734e-06,1
17819,3.5638,4.458350241350112e-06,0.06133485205196575,3.0,5.5016886212634945e-06,4.479067578680095e-06,1.6128876898356249e-06,2.8661798888444703e-06,1
17820,3.564,4.464118277449367e-06,0.06132504914213077,3.0,7.197325193960874e-06,7.985562994074704e-06,3.984943183441633e-06,4.000619810633071e-06,1
17821,3.5642,4.470963107473475e-06,0.061328075587635394,3.0,8.032131574251362e-06,1.251540684393381e-05,5.746093130724535e-06,6.7693137132092745e-06,1
17822,3.5644,4.477117512540548e-06,0.06131827622225335,3.0,9.16982936023428e-06,7.905730545986526e-06,2.337949470508213e-06,5.567781075478313e-06,1
17823,3.5646,4.484681127372601e-06,0.061308497432423247,3.0,9.990751996844665e-06,1.4109903159592087e-05,6.720227101643004e-06,7.389676057949081e-06,1
17824,3.5648,4.491600883255278e-06,0.06129871858213379,3.0,9.788555357481285e-06,1.1070679807412102e-05,5.330961522615757e-06,5.739718284796346e-06,1
17825,3.5650000000000004,4.497700445309619e-06,0.06128893612455119,3.0,1.0074764359957634e-05,6.663617493179812e-06,2.3002041477681974e-06,4.363413345411615e-06,1
17826,3.5652000000000004,4.50511577165937e-06,0.06127917091040218,3.0,1.1222852732380759e-05,1.2073708271316257e-05,5.940969195415441e-06,6.1327390759008154e-06,1
17827,3.5654000000000003,4.512007047787135e-06,0.06126940384310205,3.0,1.291070017156885e-05,7.743755423641757e-06,2.36373253919024e-06,5.3800228844515174e-06,1
17828,3.5656000000000003,4.520441617463746e-06,0.06125966113041704,3.0,1.2802878836799641e-05,1.5544630472490617e-05,7.431758003985236e-06,8.11287246850538e-06,1
17829,3.5658000000000003,4.528424800973461e-06,0.061249918634100745,1.0,2.179743613526724e-05,1.3316922165893408e-05,5.968047281499425e-06,7.348874884393983e-06,1
17830,3.5660000000000003,4.535922163200817e-06,0.061240177936985676,3.0,1.195512702518964e-05,1.165760870468618e-05,5.290127021632817e-06,6.367481683053365e-06,1
17831,3.5662000000000003,4.542213548416888e-06,0.06123042803860088,1.0,2.173228664631059e-05,4.907637606433137e-06,1.31594180376793e-06,3.5916958026652064e-06,1
17832,3.5664000000000002,4.549834525655165e-06,0.06122069879450203,1.0,2.151114378294815e-05,1.1769402723943256e-05,5.731162677067631e-06,6.038240046875626e-06,1
17833,3.5666,4.558549304113893e-06,0.06121098478994419,1.0,2.1413286140557988e-05,1.7327642807467054e-05,8.150779657496568e-06,9.176863149970486e-06,1
17834,3.5668,4.567409407401122e-06,0.06120127703780485,1.0,2.0995942708301458e-05,1.8462329352404514e-05,6.4038214772508694e-06,1.2058507875153644e-05,1
17835,3.567,4.577180833362332e-06,0.06119158476670213,1.0,2.031223683833044e-05,2.3692807023944344e-05,1.1226183301665822e-05,1.2466623722278521e-05,1
17836,3.5672,4.5854720605963775e-06,0.061181881947344384,1.0,1.9455854149201817e-05,1.7138656533421782e-05,5.703633518596445e-06,1.1435023014825338e-05,1
17837,3.5674,4.592941597028928e-06,0.06118068684833795,1.0,1.8758516694670677e-05,1.3719182931152258e-05,2.9660542428879913e-06,1.0753128688264267e-05,1
17838,3.5676,4.598596126581469e-06,0.061170964581551183,3.0,8.285818790164345e-06,5.918390634511017e-06,1.9455889372283364e-06,3.97280169728268e-06,1
17839,3.5678,4.605189863598746e-06,0.06116125431014124,3.0,8.258278643806656e-06,1.0623265917840885e-05,4.988581076973122e-06,5.634684840867762e-06,1
17840,3.568,4.612076751076276e-06,0.06115155280165326,3.0,7.89133409299198e-06,1.2435374343656857e-05,6.049178756539144e-06,6.386195587117713e-06,1
17841,3.5682,4.616946291552488e-06,0.06114183802401128,3.0,6.725651323234387e-06,3.4963725168469808e-06,8.40275929609718e-07,2.6560965872372627e-06,1
17842,3.5684,4.622223192749694e-06,0.06113213257158611,3.0,6.0140835541360775e-06,6.229258941107755e-06,2.8945041664827127e-06,3.334754774625043e-06,1
17843,3.5686,4.627321999174872e-06,0.061122428451008674,1.0,1.54403719897795e-05,5.1462052811319634e-06,2.41686307771341e-06,2.7293422034185534e-06,1
17844,3.5688,4.633176869336289e-06,0.06111273924704247,1.0,1.4576036165091918e-05,9.785093068646508e-06,4.424586300687268e-06,5.360506767959239e-06,1
17845,3.569,4.6390076803689615e-06,0.06122087724258388,1.0,1.3828481629146354e-05,1.0405650710102486e-05,4.9399193339299275e-06,5.465731376172559e-06,1
17846,3.5692000000000004,4.644186185442154e-06,0.06121118134399375,1.0,1.4171292868043726e-05,6.795513007939643e-06,3.1842727024876136e-06,3.611240305452029e-06,1
17847,3.5694000000000004,4.649239726733947e-06,0.06121178182312583,1.0,1.384609920724379e-05,6.4904557881019515e-06,2.4841071733147665e-06,4.0063486147871854e-06,1
17848,3.5696000000000003,4.654431173821043e-06,0.0612020887791293,1.0,1.368624042815537e-05,7.334452585528446e-06,2.812312664041923e-06,4.522139921486524e-06,1
17849,3.5698000000000003,4.6605599702844635e-06,0.06119240866244092,1.0,1.4383769674336658e-05,1.1317708790582654e-05,5.470055230187113e-06,5.84765356039554e-06,1
17850,3.5700000000000003,4.665852047332891e-06,0.06118272595729963,1.0,1.442450095059957e-05,7.087365703933263e-06,2.6789009161710352e-06,4.408464787762228e-06,1
17851,3.5702000000000003,4.672144107996483e-06,0.061182150845249,1.0,1.4453891964073173e-05,1.2051749026804845e-05,3.61696359526357e-06,8.434785431541274e-06,1
17852,3.5704000000000002,4.6799832490037005e-06,0.06117249435366042,1.0,1.5030833353911277e-05,1.9202756648959058e-05,7.313037338001389e-06,1.1889719310957668e-05,1
17853,3.5706,4.686998041180782e-06,0.06116283427632904,1.0,1.547172522095024e-05,1.4632284565954512e-05,3.3442646877883003e-06,1.128801987816621e-05,1
17854,3.5708,4.6952447877170815e-06,0.06115319245272424,1.0,1.623873288274015e-05,2.0016996465450626e-05,9.615446449409951e-06,1.0401550016040673e-05,1
17855,3.571,4.702892497209e-06,0.061143547420344016,1.0,1.7541968359514927e-05,1.571018785177949e-05,5.143757261887965e-06,1.0566430589891525e-05,1
17856,3.5712,4.711208517980484e-06,0.06113391465255521,1.0,1.8801673823445627e-05,1.7783614235415466e-05,6.229984114969683e-06,1.1553630120445784e-05,1
17857,3.5714,4.7189114316634575e-06,0.06112428240381867,1.0,1.9488950228785546e-05,1.4022348675295646e-05,6.27890387741699e-06,7.743444797878656e-06,1
17858,3.5716,4.726232855363793e-06,0.06111465263944816,1.0,1.9647865255721605e-05,1.194805786062352e-05,5.039197715816942e-06,6.908860144806578e-06,1
17859,3.5718,4.732917824575224e-06,0.06110502233732558,1.0,1.959143762661636e-05,8.814827386088367e-06,3.937937106693217e-06,4.87689027939515e-06,1
17860,3.572,4.740240870711758e-06,0.061095404334455955,1.0,1.9203946793067384e-05,1.238531642579706e-05,5.511754915609989e-06,6.873561510187071e-06,1
17861,3.5722,4.748015417555559e-06,0.06108579536784773,1.0,1.8968616042436578e-05,1.4870186314106478e-05,6.937637295313733e-06,7.932549018792745e-06,1
17862,3.5724,4.755325139541264e-06,0.06107618712566317,1.0,1.8729531912146175e-05,1.2777188948650623e-05,6.0260985291704745e-06,6.751090419480148e-06,1
17863,3.5726,4.762110341447221e-06,0.06106657790736589,1.0,1.8883444530499073e-05,9.993243755187276e-06,3.892815937839949e-06,6.100427817347326e-06,1
17864,3.5728,4.768979389252983e-06,0.06106542843552133,1.0,1.879596588342343e-05,1.0492713346677266e-05,4.432626946978513e-06,6.060086399698753e-06,1
17865,3.573,4.77539731407687e-06,0.061055819823942654,1.0,1.83591174340893e-05,8.66694355859547e-06,2.8833336394103707e-06,5.783609919185099e-06,1
17866,3.5732000000000004,4.7829469666968446e-06,0.06105647927302203,1.0,1.7500542407445885e-05,1.5176744245582792e-05,7.424115798381333e-06,7.752628447201459e-06,1
17867,3.5734000000000004,4.789682118148941e-06,0.06104687339556536,3.0,8.115589361435027e-06,1.0909030763270634e-05,5.013391419648656e-06,5.895639343621978e-06,1
17868,3.5736000000000003,4.7956337608225045e-06,0.06103726672892372,3.0,7.612460043768652e-06,7.4752446715997755e-06,3.483126953013915e-06,3.992117718585861e-06,1
17869,3.5738000000000003,4.802174729871443e-06,0.06102766826053017,3.0,8.694426839807733e-06,9.320835731533798e-06,3.635281687370727e-06,5.68555404416307e-06,1
17870,3.5740000000000003,4.809309149217835e-06,0.06101808170095255,1.0,1.868973600903176e-05,1.1883376739424653e-05,4.045061590236318e-06,7.838315149188335e-06,1
17871,3.5742000000000003,4.817552692034439e-06,0.06100851421170385,1.0,1.7758809072832834e-05,1.8351808951943403e-05,8.78633001328089e-06,9.565478938662515e-06,1
17872,3.5744000000000002,4.8235125430064475e-06,0.0609989275562051,1.0,1.741799270180604e-05,7.266677309032147e-06,2.4715641393069967e-06,4.79511316972515e-06,1
17873,3.5746,4.829598189162546e-06,0.06098934855152853,1.0,1.6906382867359423e-05,8.40091917008047e-06,4.118539934569369e-06,4.2823792355111006e-06,1
17874,3.5748,4.835005207044183e-06,0.06097976813635837,1.0,1.6201537609535638e-05,5.706572541228982e-06,2.1238446545653423e-06,3.582727886663639e-06,1
17875,3.575,4.842966464995023e-06,0.060970217225232215,1.0,1.619146564946164e-05,1.8480799376823472e-05,8.718577510520983e-06,9.76222186630249e-06,1
17876,3.5752,4.848975656810144e-06,0.06096065179673839,1.0,1.5616150293106246e-05,9.288419256160042e-06,4.180708779572443e-06,5.107710476587598e-06,1
17877,3.5754,4.855039816069121e-06,0.06095109180255808,1.0,1.5633707160366764e-05,9.539341319131456e-06,2.556961613050443e-06,6.982379706081013e-06,1
17878,3.5756,4.862528716082297e-06,0.06094155105793247,1.0,1.56808372155076e-05,1.6608771851576486e-05,7.315824613987633e-06,9.292947237588853e-06,1
17879,3.5758,4.869817614591071e-06,0.06093201435352437,1.0,1.5178910657640741e-05,1.6102898100652314e-05,7.4108291732972816e-06,8.692068927355034e-06,1
17880,3.576,4.875493279371692e-06,0.06092246701969504,1.0,1.4743455277192134e-05,8.46535407078693e-06,3.3011718287613735e-06,5.164182242025557e-06,1
17881,3.5762,4.882676527999593e-06,0.060912939655933855,1.0,1.4385474279380064e-05,1.6354479662993006e-05,7.782199554713856e-06,8.572280108279149e-06,1
17882,3.5764,4.88705230671132e-06,0.06090338856447349,1.0,1.4276424538060305e-05,2.420094865704576e-06,2.0039535271950224e-09,2.418090912177381e-06,1
17883,3.5766,4.893687256776292e-06,0.06089386668762457,1.0,1.4029825425827943e-05,1.3956756692264847e-05,6.640872518847549e-06,7.315884173417299e-06,1
17884,3.5768,4.899296130242566e-06,0.06088433813023625,1.0,1.4137136754919916e-05,8.712614308264712e-06,3.4204580616529158e-06,5.292156246611797e-06,1
17885,3.577,4.905288922632185e-06,0.06087482027186056,1.0,1.3581101728940422e-05,1.1182136604663683e-05,4.775053401134579e-06,6.407083203529104e-06,1
17886,3.5772000000000004,4.9114841753553144e-06,0.06086530863791017,1.0,1.342094361643541e-05,1.2348178080174844e-05,4.639768640980002e-06,7.708409439194842e-06,1
17887,3.5774000000000004,4.917660737698963e-06,0.0608558016355528,1.0,1.3341547286572896e-05,1.232760682039714e-05,5.995353225804437e-06,6.332253594592704e-06,1
17888,3.5776000000000003,4.92307976232526e-06,0.06084629325402885,1.0,1.2584647072321743e-05,9.290714595557868e-06,2.763109054253416e-06,6.527605541304451e-06,1
17889,3.5778000000000003,4.928303442599531e-06,0.060836787243976,1.0,1.2710900879426874e-05,8.182140711282396e-06,4.004786783179108e-06,4.177353928103287e-06,1
17890,3.5780000000000003,4.932944833230097e-06,0.06082728111890625,1.0,1.2359355113056185e-05,5.617052504247841e-06,1.4552982418758193e-06,4.161754262372021e-06,1
17891,3.5782000000000003,4.939009246030511e-06,0.06081779364955281,1.0,1.2544756993526322e-05,1.2541129825439923e-05,6.181899591955793e-06,6.359230233484129e-06,1
17892,3.5784000000000002,4.943674674895117e-06,0.06080829672122869,1.0,1.2393108700432525e-05,5.6922141373158995e-06,3.78360152480753e-08,5.654378122067824e-06,1
17893,3.5786000000000002,4.948707614913535e-06,0.06079880948031737,1.0,1.2540276464698452e-05,7.377505019586734e-06,3.273250995773006e-06,4.104254023813728e-06,1
17894,3.5788,4.95395617678935e-06,0.06078932780705191,1.0,1.317242615573495e-05,7.818058263986641e-06,3.067116656577901e-06,4.75094160740874e-06,1
17895,3.579,4.959542139277929e-06,0.060779854875501,1.0,1.3728622430513072e-05,8.943165440358372e-06,3.7912493243559707e-06,5.151916116002401e-06,1
17896,3.5792,4.964854678051556e-06,0.060770385482524725,1.0,1.369462676164451e-05,7.604309063027617e-06,2.961023648637521e-06,4.643285414390097e-06,1
17897,3.5794,4.970109151757e-06,0.06077290275328797,1.0,1.3515648890340806e-05,7.487344500850455e-06,3.0465957084511275e-06,4.440748792399327e-06,1
17898,3.5796,4.975967764815962e-06,0.060763438520586674,1.0,1.3253510871950202e-05,1.0764332133477573e-05,4.9460144308074e-06,5.818317702670173e-06,1
17899,3.5798,4.981726373361241e-06,0.060753978053933205,1.0,1.2968425409483207e-05,1.054328056586569e-05,5.117685256353113e-06,5.425595309512578e-06,1
17900,3.58,4.987109777287812e-06,0.06074451737321689,1.0,1.3501453327347755e-05,8.128367236359368e-06,3.894742780537255e-06,4.233624455822113e-06,1
17901,3.5802,4.9927423573789014e-06,0.06073506430561267,1.0,1.4118322221929246e-05,8.751583766797636e-06,4.007351908836813e-06,4.744231857960823e-06,1
17902,3.5804,4.998140247306783e-06,0.060725614155596526,1.0,1.4545556004333342e-05,7.145096168429045e-06,2.725619293382451e-06,4.419476875046594e-06,1
17903,3.5806,5.004512901959886e-06,0.060716179069799904,1.0,1.488798391319698e-05,1.1670296432795718e-05,5.197403184348293e-06,6.472893248447425e-06,1
17904,3.5808,5.011517237924547e-06,0.06070675575654634,1.0,1.48115194352422e-05,1.4898120077259724e-05,7.2768172353195545e-06,7.621302841940169e-06,1
17905,3.581,5.016396758830846e-06,0.06069731672821922,1.0,1.4480048801987193e-05,4.599260062088804e-06,1.2832075512011193e-06,3.316052510887685e-06,1
17906,3.5812000000000004,5.022949283354544e-06,0.06068789930564823,1.0,1.4587955562458856e-05,1.2850355722363035e-05,6.0533757902622516e-06,6.7969799321007825e-06,1
17907,3.5814000000000004,5.028547135112505e-06,0.0606784757519944,1.0,1.5160184953664765e-05,7.4983659664127995e-06,3.195096073960155e-06,4.303269892452645e-06,1
17908,3.5816000000000003,5.035775448341062e-06,0.060669075002533414,1.0,1.5031188285661268e-05,1.577291510544549e-05,7.730693335163646e-06,8.042221770281843e-06,1
17909,3.5818000000000003,5.0413469658456e-06,0.060659661518165736,1.0,1.5239427855580207e-05,7.273956122442825e-06,2.50204389758803e-06,4.771912224854795e-06,1
17910,3.5820000000000003,5.047032464324569e-06,0.06065025603233067,1.0,1.510552990939574e-05,7.97183645456247e-06,3.4758162315065693e-06,4.4960202230559e-06,1
17911,3.5822000000000003,5.053434256765391e-06,0.06064086256597075,1.0,1.4965386695543928e-05,1.1687086736167417e-05,5.223633417712336e-06,6.463453318455081e-06,1
17912,3.5824000000000003,5.0597427807954975e-06,0.06063147274651854,1.0,1.4857914273515974e-05,1.1321524042778986e-05,5.2327347550388575e-06,6.088789287740129e-06,1
17913,3.5826000000000002,5.0658587259410885e-06,0.06062208582622205,1.0,1.4946493352155392e-05,1.026350917050493e-05,4.4541137305494956e-06,5.809395439955435e-06,1
17914,3.5828,5.071819598661696e-06,0.06061270251970545,1.0,1.4943748351826595e-05,9.484535135572691e-06,3.843406983386139e-06,5.641128152186552e-06,1
17915,3.583,5.080037276718654e-06,0.060603345326391125,1.0,1.559990739635269e-05,2.0104931335983936e-05,9.786462873199702e-06,1.0318468462784234e-05,1
17916,3.5832,5.087137169427545e-06,0.06059398096699305,1.0,1.6299014063016398e-05,1.3808822579132078e-05,6.286122210169756e-06,7.522700368962323e-06,1
17917,3.5834,5.094152832825274e-06,0.0605846238640669,1.0,1.5995045965926715e-05,1.3684206315553912e-05,6.399612185070769e-06,7.284594130483143e-06,1
17918,3.5836,5.1000135573243885e-06,0.06057526083249378,1.0,1.519212092683376e-05,8.705656314536864e-06,3.8399623446417844e-06,4.8656939698950795e-06,1
17919,3.5838,5.10458193532128e-06,0.060565890851934756,1.0,1.4309281271617932e-05,3.1212808187718916e-06,7.472882667491652e-07,2.3739925520227265e-06,1
17920,3.584,5.109516278723403e-06,0.06055652943105372,1.0,1.387670897345936e-05,5.378688828059725e-06,2.431194764152893e-06,2.947494063906832e-06,1
17921,3.5842,5.11538044735461e-06,0.06054718123304443,1.0,1.3820700085969864e-05,1.0078145454316845e-05,4.5689167100436055e-06,5.50922874427324e-06,1
17922,3.5844,5.121867956571136e-06,0.06053784386669059,1.0,1.3958489686397977e-05,1.3050556818051064e-05,6.344210567538856e-06,6.706346250512207e-06,1
17923,3.5846,5.1270796613914396e-06,0.0605382697568186,1.0,1.3733470363736435e-05,6.890348223576742e-06,3.172398327994047e-06,3.717949895582695e-06,1
17924,3.5848,5.132251906786591e-06,0.060528920290699464,1.0,1.3580319565878934e-05,6.840743566248256e-06,1.919178786013967e-06,4.9215647802342895e-06,1
17925,3.585,5.139316877620227e-06,0.06051959383474572,1.0,1.3689095612803528e-05,1.618915368499985e-05,5.9315770302021165e-06,1.0257576654797735e-05,1
17926,3.5852000000000004,5.1463068584080855e-06,0.06051027210450586,1.0,1.3429926369855611e-05,1.6065967861727147e-05,8.018093775752082e-06,8.047874085975066e-06,1
17927,3.5854000000000004,5.152514583205438e-06,0.06050094636169953,1.0,1.3406598234801307e-05,1.2171065900462077e-05,3.375488180740203e-06,8.795577719721874e-06,1
17928,3.5856000000000003,5.159102873011101e-06,0.06049163013704522,1.0,1.357325157196729e-05,1.3900500551828758e-05,4.001552925037036e-06,9.898947626791723e-06,1
17929,3.5858000000000003,5.165551427276414e-06,0.06048981232787015,1.0,1.3230232169553072e-05,1.3537938901957134e-05,6.631193983693274e-06,6.906744918263861e-06,1
17930,3.5860000000000003,5.170667877230903e-06,0.060480485097840625,1.0,1.2906902468538234e-05,7.1946629434233215e-06,1.9219659696067785e-06,5.2726969738165434e-06,1
17931,3.5862000000000003,5.176383950064678e-06,0.06047116928453948,1.0,1.2716238284180876e-05,1.0377745891510605e-05,3.907632620693509e-06,6.4701132708170964e-06,1
17932,3.5864000000000003,5.181927126954907e-06,0.06047123487063068,1.0,1.2880300671616757e-05,9.343233388530263e-06,3.642209557372698e-06,5.701023831157565e-06,1
17933,3.5866000000000002,5.186943851069913e-06,0.06047168407437897,1.0,1.3049828653137988e-05,6.5358399565066365e-06,2.414897507816405e-06,4.1209424486902315e-06,1
17934,3.5868,5.191899703686968e-06,0.060462357515013644,1.0,1.2915800223149537e-05,6.3602714774087905e-06,3.0037513273156444e-06,3.356520150093146e-06,1
17935,3.587,5.197915448912811e-06,0.060453046622858296,1.0,1.2582569771024819e-05,1.1987195879269453e-05,5.934068861053132e-06,6.053127018216321e-06,1
17936,3.5872,5.202398973354981e-06,0.060443723358885496,1.0,1.3097253602347464e-05,3.805889592029475e-06,1.0959252872744422e-07,3.6962970633020305e-06,1
17937,3.5874,5.209154239488131e-06,0.06043442896302508,1.0,1.345447678609733e-05,1.4801464237804344e-05,7.136559255058739e-06,7.664904982745606e-06,1
17938,3.5876,5.2136677128466945e-06,0.06043460754141885,1.0,1.3591565154388632e-05,3.449436144232986e-06,4.3889658699899845e-09,3.445047178362996e-06,1
17939,3.5878,5.219291809165072e-06,0.060425303675862414,1.0,1.3444711231183464e-05,9.144078305853539e-06,4.399617983303208e-06,4.744460322550331e-06,1
17940,3.588,5.225271273901454e-06,0.06041600770563663,1.0,1.3295147333257947e-05,1.1064380491730562e-05,5.079024133310013e-06,5.985356358420548e-06,1
17941,3.5882,5.230867094764712e-06,0.06049855311578244,1.0,1.3346046758734389e-05,9.08869283124851e-06,4.113015568307714e-06,4.9756772629407965e-06,1
17942,3.5884,5.236999096447701e-06,0.06048926159927482,1.0,1.3798907908438633e-05,1.1310565751970987e-05,5.340279210310537e-06,5.970286541660451e-06,1
17943,3.5886,5.242498777078324e-06,0.060479968573046355,1.0,1.408790601573506e-05,7.853843426989678e-06,3.4435909277291685e-06,4.410252499260511e-06,1
17944,3.5888,5.248530906040968e-06,0.060470686696475394,1.0,1.4057340252977875e-05,1.054058492149176e-05,4.83472309095655e-06,5.70586183053521e-06,1
17945,3.589,5.255066141375951e-06,0.06046141487098698,1.0,1.3589293616563336e-05,1.3517548462020176e-05,5.985023806003037e-06,7.532524656017139e-06,1
17946,3.5892000000000004,5.260930423478988e-06,0.060452139060510814,1.0,1.4349588186840043e-05,9.395961886702415e-06,4.423681989698196e-06,4.972279897004219e-06,1
17947,3.5894000000000004,5.2673310822639425e-06,0.060442874008002606,1.0,1.4946772898645567e-05,1.1474206175554643e-05,3.4125751209421697e-06,8.061631054612474e-06,1
17948,3.5896000000000003,5.2752013206035055e-06,0.06056345196911971,1.0,1.5493568366593575e-05,1.826710617407274e-05,8.99483810729551e-06,9.27226806677723e-06,1
17949,3.5898000000000003,5.282401777521489e-06,0.06055419650003266,1.0,1.5342391945222283e-05,1.5061432618443902e-05,5.76719082296645e-06,9.294241795477452e-06,1
17950,3.5900000000000003,5.288834214000954e-06,0.06054493912225526,1.0,1.525141734899602e-05,1.1305124727456934e-05,3.591432850088184e-06,7.71369187736875e-06,1
17951,3.5902000000000003,5.295688233217203e-06,0.06053569211216957,1.0,1.4802776207440191e-05,1.3854683056720306e-05,6.641337583127526e-06,7.213345473592781e-06,1
17952,3.5904000000000003,5.3021144224446445e-06,0.060536726153058974,1.0,1.4339489652420398e-05,1.217177211284352e-05,4.058177100382404e-06,8.113595012461116e-06,1
17953,3.5906000000000002,5.3081314818330385e-06,0.060538659709656925,1.0,1.4339746581789633e-05,1.0119257461706776e-05,4.7873938798075e-06,5.331863581899277e-06,1
17954,3.5908,5.3132492164021865e-06,0.06052938867597392,1.0,1.4222511200011694e-05,5.734013526232501e-06,2.2629621945917157e-06,3.4710513316407854e-06,1
17955,3.591,5.322764999602508e-06,0.06052016614865168,1.0,1.4111279011818733e-05,2.78277783603189e-05,1.357714628973271e-05,1.425063207058619e-05,1
17956,3.5912,5.328010248246169e-06,0.060510904073453685,1.0,1.4021262666572973e-05,6.55734398035471e-06,2.6652908315895472e-06,3.892053148765163e-06,1
17957,3.5914,5.333580292523231e-06,0.06050165317735644,1.0,1.3735081172682606e-05,8.461818093901913e-06,4.226269820384209e-06,4.2355482735177044e-06,1
17958,3.5916,5.339348706128374e-06,0.060499318560869916,1.0,1.3597689252973596e-05,9.585056889639459e-06,4.389068895214467e-06,5.195987994424992e-06,1
17959,3.5918,5.344570410728083e-06,0.06049006602658513,1.0,1.3783530864065367e-05,6.659892161337054e-06,2.9110215984867652e-06,3.7488705628502893e-06,1
17960,3.592,5.3524175940619595e-06,0.060480844056626945,1.0,1.4406624102788967e-05,1.9157312253356574e-05,9.225902763359233e-06,9.93140948999734e-06,1
17961,3.5922,5.358473479188015e-06,0.060471609207471015,1.0,1.4405193555634902e-05,1.0194929215639898e-05,3.934618434116065e-06,6.260310781523833e-06,1
17962,3.5924,5.364301993322304e-06,0.06046237894324897,1.0,1.389862308409205e-05,9.558392677076394e-06,4.068206356394131e-06,5.490186320682263e-06,1
17963,3.5926,5.369715244503016e-06,0.06045314901499352,1.0,1.3724238391001788e-05,7.650551396978063e-06,3.1510917036192957e-06,4.499459693358767e-06,1
17964,3.5928,5.37426824912088e-06,0.06044391594290661,1.0,1.334406188026062e-05,3.7242603036497075e-06,1.8589654483087278e-06,1.8652948553409797e-06,1
17965,3.593,5.379987668349784e-06,0.060434699226767835,1.0,1.279390254205151e-05,1.0101095613672431e-05,1.7431608215424638e-06,8.357934792129967e-06,1
17966,3.5932000000000004,5.3859252921793315e-06,0.06042548996619181,1.0,1.2006571449575493e-05,1.1973318519987657e-05,1.6909180675375546e-06,1.0282400452450103e-05,1
17967,3.5934000000000004,5.393588898181872e-06,0.060416301204027384,1.0,1.2057639849418703e-05,2.0544998997213334e-05,1.0196401611876219e-05,1.0348597385337117e-05,1
17968,3.5936000000000003,5.399703257125355e-06,0.06041437034715689,1.0,1.2590777547973173e-05,1.2258331205143974e-05,1.6401724485593382e-06,1.0618158756584636e-05,1
17969,3.5938000000000003,5.4057468900630085e-06,0.06040516697749139,1.0,1.3549147151979778e-05,1.0939935039245888e-05,4.722841523294877e-06,6.217093515951012e-06,1
17970,3.5940000000000003,5.4129919471208456e-06,0.06039598335692953,1.0,1.2559234742908542e-05,1.7929972051545227e-05,6.6943976107333326e-06,1.1235574440811896e-05,1
17971,3.5942000000000003,5.419976491293335e-06,0.06038680016290658,1.0,1.2324105663943504e-05,1.6855041933494692e-05,8.415220753552113e-06,8.439821179942579e-06,1
17972,3.5944000000000003,5.42661513837473e-06,0.060377617257649424,1.0,1.2199809240390338e-05,1.5242679770570766e-05,3.799252068883136e-06,1.144342770168763e-05,1
17973,3.5946000000000002,5.434148711963408e-06,0.06036844839587667,1.0,1.24721634307247e-05,1.9437493971014968e-05,7.68976298134061e-06,1.1747730989674358e-05,1
17974,3.5948,5.440376442545465e-06,0.06036760354519391,1.0,1.2793935665091777e-05,1.2579215246335878e-05,3.6142421705103817e-06,8.964973075825496e-06,1
17975,3.595,5.447120247210749e-06,0.060358428151499006,1.0,1.3366257381227302e-05,1.4580436606633713e-05,5.069784621554668e-06,9.510651985079046e-06,1
17976,3.5952,5.45425078898115e-06,0.06034926176563158,1.0,1.367223260693189e-05,1.6200840986716167e-05,5.466337623409578e-06,1.0734503363306589e-05,1
17977,3.5954,5.461593383016477e-06,0.06034010375050534,1.0,1.3399300393878573e-05,1.7526411222644716e-05,8.190858446448839e-06,9.335552776195878e-06,1
17978,3.5956,5.468165897149669e-06,0.06033094308549201,1.0,1.2703111250837825e-05,1.4364873528849035e-05,5.144074246513438e-06,9.220799282335597e-06,1
17979,3.5958,5.4734296622759415e-06,0.060321773322457486,1.0,1.3087480315922063e-05,7.4305343839645776e-06,3.5522797506770596e-06,3.878254633287518e-06,1
17980,3.596,5.478154544157345e-06,0.060312604791205635,1.0,1.2659595718395053e-05,5.158757362033235e-06,2.138690801417847e-06,3.020066560615388e-06,1
17981,3.5962,5.4827422708041945e-06,0.06030344079435535,1.0,1.1902270585762142e-05,5.225419404022025e-06,1.998827953392713e-06,3.2265914506293114e-06,1
17982,3.5964,5.487788987912461e-06,0.06029428506107157,1.0,1.1831452120093294e-05,7.586132690044456e-06,3.5870842215623432e-06,3.999048468482113e-06,1
17983,3.5966,5.4919037109927565e-06,0.0602851242705167,1.0,1.2026736239136937e-05,2.7260717936457513e-06,1.3380255527871963e-06,1.3880462408585553e-06,1
17984,3.5968,5.497516107338711e-06,0.06027598215596682,1.0,1.2598562448267704e-05,9.637505414102926e-06,3.0713384971274437e-06,6.566166916975482e-06,1
17985,3.597,5.504792298535184e-06,0.060266862519006204,1.0,1.2823016918619165e-05,1.7725242666098415e-05,8.461397443045303e-06,9.263845223053114e-06,1
17986,3.5972,5.510245723796565e-06,0.06025772723408414,1.0,1.3403590200475495e-05,8.024141592102558e-06,2.17282467707052e-06,5.851316915032039e-06,1
17987,3.5974000000000004,5.51534574358705e-06,0.060248594980425875,1.0,1.3811608317404398e-05,5.843551772459403e-06,2.2074091081338005e-06,3.636142664325603e-06,1
17988,3.5976000000000004,5.521511146611623e-06,0.06023947761215568,1.0,1.4541504371133065e-05,1.0434650148297244e-05,4.900550175073265e-06,5.534099973223979e-06,1
17989,3.5978000000000003,5.52853385158491e-06,0.06023037382232543,1.0,1.4953503978087008e-05,1.4302219323203189e-05,7.071384756197658e-06,7.230834567005531e-06,1
17990,3.5980000000000003,5.534488892607228e-06,0.06022126436760095,1.0,1.5106239526870674e-05,8.804334688350563e-06,4.247075608839296e-06,4.557259079511267e-06,1
17991,3.5982000000000003,5.540115636419081e-06,0.060212157334883755,1.0,1.4996405226715519e-05,7.266593731113295e-06,3.4005723724915076e-06,3.866021358621788e-06,1
17992,3.5984000000000003,5.5464599308890656e-06,0.06020306064027565,1.0,1.581819953742018e-05,1.002625722991549e-05,4.261873576723337e-06,5.764383653192153e-06,1
17993,3.5986000000000002,5.552808934319359e-06,0.06019396949654067,1.0,1.613369211909801e-05,9.727631165719853e-06,3.735633988528679e-06,5.9919971771911734e-06,1
17994,3.5988,5.558898794041933e-06,0.06018488066423494,1.0,1.6527099122647352e-05,8.03196231105382e-06,3.157677731453331e-06,4.87428457960049e-06,1
17995,3.599,5.566264041724416e-06,0.060175808730013915,1.0,1.7095373022423285e-05,1.3833546247336556e-05,5.400696560490954e-06,8.432849686845602e-06,1
17996,3.5992,5.574595012365386e-06,0.06016675047585738,1.0,1.7752296277508067e-05,1.7996967885614855e-05,6.749693859695112e-06,1.1247274025919742e-05,1
17997,3.5994,5.5835981745999845e-06,0.060157704141957855,1.0,1.7826742873382463e-05,2.1274341205135516e-05,9.660893816184441e-06,1.1613447388951073e-05,1
17998,3.5996,5.59106841293741e-06,0.06014864802478254,1.0,1.751487660534692e-05,1.3912906356835003e-05,3.953882848627062e-06,9.95902350820794e-06,1
17999,3.5998,5.5975840758171246e-06,0.060139588668045814,1.0,1.7248609943105664e-05,9.398932826461997e-06,4.482336979823288e-06,4.9165958466387095e-06,1
18000,3.6,5.604014635362584e-06,0.060130532267850825,1.0,1.7570837255557158e-05,8.644377162736151e-06,3.711922803675132e-06,4.9324543590610185e-06,1
18001,3.6002,5.6110584797819454e-06,0.0601214866003306,1.0,1.7991683808074652e-05,1.1282863401564772e-05,5.371725899461506e-06,5.911137502103266e-06,1
18002,3.6004,5.61874013063251e-06,0.06011245143341073,1.0,1.8544771639546345e-05,1.3911053062595814e-05,6.897928617275134e-06,7.013124445320679e-06,1
18003,3.6006,5.626451878531468e-06,0.060103420990520115,1.0,1.876523137276624e-05,1.3832969979559808e-05,4.2401030772681955e-06,9.592866902291613e-06,1
18004,3.6008,5.6342868974022185e-06,0.06009439802462778,1.0,1.871948332455637e-05,1.4486883101310106e-05,4.66527340530776e-06,9.821609696002347e-06,1
18005,3.601,5.643020723379546e-06,0.060085389023591784,1.0,1.8599678929744235e-05,1.9091991574633604e-05,8.978851366561557e-06,1.0113140208072049e-05,1
18006,3.6012,5.650837668436065e-06,0.06008508430129208,1.0,1.8494453400109533e-05,1.4604041588480495e-05,5.091474038677739e-06,9.512567549802756e-06,1
18007,3.6014000000000004,5.657405481578993e-06,0.06007605526746852,1.0,1.80616698913885e-05,8.783592023266111e-06,4.076583967631027e-06,4.707008055635085e-06,1
18008,3.6016000000000004,5.663504573188453e-06,0.060074989358730624,1.0,1.7096697298750472e-05,7.398249032068307e-06,3.0801218828948004e-06,4.3181271491735066e-06,1
18009,3.6018000000000003,5.668805790332977e-06,0.06006594893979907,1.0,1.6876082144031827e-05,3.6235004804654062e-06,2.003831821948102e-09,3.621496648643458e-06,1
18010,3.6020000000000003,5.67587850962109e-06,0.06005692974629336,1.0,1.7475663247718738e-05,1.1874922693487176e-05,5.5480614395198265e-06,6.32686125396735e-06,1
18011,3.6022000000000003,5.683512597564755e-06,0.060047919177412694,1.0,1.8416199544207205e-05,1.373348583604925e-05,6.737540678997939e-06,6.99594515705131e-06,1
18012,3.6024000000000003,5.690390613848857e-06,0.06003890650700016,1.0,1.896199026075272e-05,9.399696299174568e-06,4.247836729900147e-06,5.15185956927442e-06,1
18013,3.6026000000000002,5.699186309324609e-06,0.06002991787384887,1.0,1.9467608792933043e-05,1.847421757734112e-05,7.018297125618644e-06,1.1455920451722476e-05,1
18014,3.6028000000000002,5.707775900432347e-06,0.06002093262491281,3.0,8.01797920417659e-06,1.7477201078257156e-05,8.575998133636481e-06,8.901202944620676e-06,1
18015,3.603,5.714960403610729e-06,0.06001193910773704,3.0,7.1000643869725516e-06,1.1345592865296294e-05,2.799831310237904e-06,8.54576155505839e-06,1
18016,3.6032,5.722753659309033e-06,0.060002955250724126,1.0,1.8974166958828387e-05,1.3930101296546001e-05,4.35349817178194e-06,9.57660312476406e-06,1
18017,3.6034,5.729494467352038e-06,0.059993966989776,1.0,1.8719613412839998e-05,8.91476493892833e-06,3.2723384365980337e-06,5.6424265023302964e-06,1
18018,3.6036,5.737746628279832e-06,0.05998499573911477,3.0,8.551695062211632e-06,1.5164312989841858e-05,7.184446455581394e-06,7.979866534260465e-06,1
18019,3.6038,5.744347623559413e-06,0.05997601503970738,3.0,8.376722204150901e-06,7.0607836901703995e-06,2.8150752573938537e-06,4.245708432776546e-06,1
18020,3.604,5.7518726643209415e-06,0.05997410516167384,3.0,8.16078347623627e-06,1.1875348284451696e-05,5.813714311753771e-06,6.061633972697925e-06,1
18021,3.6042,5.758352796137733e-06,0.05996512470461985,3.0,8.444802393645004e-06,6.345408431075151e-06,2.2458906441610315e-06,4.09951778691412e-06,1
18022,3.6044,5.765623054042401e-06,0.06007095128122821,3.0,9.289862243479785e-06,9.429331516022246e-06,3.3707931822818142e-06,6.058538333740432e-06,1
18023,3.6046,5.773196737206968e-06,0.060061986635137364,1.0,2.0485209149754656e-05,1.126726967092185e-05,4.645340966077804e-06,6.621928704844046e-06,1
18024,3.6048,5.780730252357797e-06,0.0600530279946595,1.0,1.932503560130107e-05,1.2218647620305077e-05,5.65390934946502e-06,6.564738270840058e-06,1
18025,3.605,5.787863962139312e-06,0.06004406795454205,1.0,1.905629449475859e-05,1.048063968218262e-05,3.921495843179287e-06,6.559143839003333e-06,1
18026,3.6052,5.796586225144445e-06,0.060035129091514455,1.0,1.8690942513326563e-05,1.8780405572372385e-05,9.246194476705669e-06,9.534211095666716e-06,1
18027,3.6054000000000004,5.803573019943604e-06,0.0600261747192887,1.0,1.9315237648746734e-05,9.470495234058222e-06,4.3950919038744485e-06,5.075403330183774e-06,1
18028,3.6056000000000004,5.811193447215505e-06,0.06001723375045066,1.0,1.9414575782554492e-05,1.253162938054306e-05,6.075016117789367e-06,6.456613262753692e-06,1
18029,3.6058000000000003,5.818699510417734e-06,0.06000829573405096,1.0,1.947083418217522e-05,1.1895585434177092e-05,4.523262201127806e-06,7.372323233049285e-06,1
18030,3.6060000000000003,5.826175999978186e-06,0.05999936045768112,1.0,2.0526101616244214e-05,1.0684561000610327e-05,5.205911249222153e-06,5.478649751388175e-06,1
18031,3.6062000000000003,5.834777948615485e-06,0.05999044207730286,1.0,2.0742081068214105e-05,1.608740738521165e-05,7.088521954300275e-06,8.998885430911373e-06,1
18032,3.6064000000000003,5.841640936025089e-06,0.05998151276848885,1.0,2.050254973974868e-05,7.623988331577897e-06,2.8326672766451933e-06,4.791321054932703e-06,1
18033,3.6066000000000003,5.849751817105908e-06,0.059981383395820896,1.0,2.042703400553168e-05,1.3931037189585944e-05,6.847642926783688e-06,7.083394262802257e-06,1
18034,3.6068000000000002,5.857577327362653e-06,0.0599817637793624,3.0,7.472001666839228e-06,1.374343896804758e-05,6.105116772815341e-06,7.638322195232239e-06,1
18035,3.607,5.869449836018782e-06,0.059972873810716,3.0,8.24669107678683e-06,3.317365652364289e-05,4.770569305884042e-06,2.8403087217758845e-05,1
18036,3.6072,5.886072666073307e-06,0.06007176895767522,1.0,2.070258644634062e-05,5.6180710341808006e-05,2.805346689322256e-05,2.812724344858545e-05,1
18037,3.6074,5.894457725670731e-06,0.06006284464098986,1.0,2.081512797902954e-05,1.4866113856959162e-05,3.9519091471940456e-06,1.0914204709765118e-05,1
18038,3.6076,5.905094972309716e-06,0.060053954098999315,1.0,2.079083632558464e-05,2.6141310792521343e-05,1.2882774750462103e-05,1.325853604205924e-05,1
18039,3.6078,5.914131736178326e-06,0.06004505027003089,1.0,2.071755449499957e-05,1.8201803603070532e-05,5.8362882274854304e-06,1.2365515375585102e-05,1
18040,3.608,5.921080674703172e-06,0.060036131767537186,1.0,2.135431111025622e-05,7.117500223701018e-06,3.50618409712212e-06,3.611316126578898e-06,1
18041,3.6082,5.929492737537608e-06,0.06002723371672878,1.0,2.1393529585376813e-05,1.438581443915587e-05,7.141237652632579e-06,7.244576786523291e-06,1
18042,3.6084,5.937679368397365e-06,0.0600183375715431,1.0,2.1457355312537206e-05,1.3186084086691918e-05,6.181753602326549e-06,7.004330484365369e-06,1
18043,3.6086,5.946551973537143e-06,0.060009453415817066,1.0,2.0856449255716438e-05,1.7207872795610792e-05,6.069327985757994e-06,1.1138544809852797e-05,1
18044,3.6088,5.954508958893418e-06,0.06000056458996058,1.0,2.0714484251970658e-05,1.2762871995373692e-05,2.5949291100170866e-06,1.0167942885356605e-05,1
18045,3.609,5.963886430728052e-06,0.059991695392554924,1.0,2.0527589144715436e-05,2.004306510706643e-05,9.984977008652749e-06,1.005808809841368e-05,1
18046,3.6092,5.972119467960528e-06,0.059982818556930086,1.0,2.017328577235513e-05,1.4665914927465613e-05,3.812864944912371e-06,1.0853049982553243e-05,1
18047,3.6094000000000004,5.980024025577504e-06,0.0599739450386725,1.0,1.980813358709784e-05,1.338016927117166e-05,6.4698473115674406e-06,6.910321959604219e-06,1
18048,3.6096000000000004,5.988264785431006e-06,0.059965076127896755,1.0,2.081013047699269e-05,1.4050679835073974e-05,6.803516398337118e-06,7.247163436736855e-06,1
18049,3.6098000000000003,5.99590471328708e-06,0.059956205782714836,3.0,1.0048861825260929e-05,9.815256704543507e-06,4.8973469626591945e-06,4.917909741884312e-06,1
18050,3.6100000000000003,6.003469609773197e-06,0.05994734278737743,3.0,9.496906353569886e-06,9.968845441584925e-06,4.3619436313788856e-06,5.606901810206039e-06,1
18051,3.6102000000000003,6.0114230734976165e-06,0.0599384890474864,1.0,2.0667229822322964e-05,1.273256032078572e-05,5.87094645885588e-06,6.86161386192984e-06,1
18052,3.6104000000000003,6.018351348489561e-06,0.05992963063637101,1.0,1.9553620003923738e-05,8.712392876100885e-06,3.044117170595235e-06,5.668275705505649e-06,1
18053,3.6106000000000003,6.026157808981776e-06,0.05992078437476517,1.0,1.930967411267511e-05,1.3339510668166229e-05,6.099132282961621e-06,7.240378385204608e-06,1
18054,3.6108000000000002,6.0334986968887225e-06,0.06003751180559873,3.0,8.296654535521533e-06,9.956280472498048e-06,4.701989299260553e-06,5.254291173237496e-06,1
18055,3.611,6.0404280797083835e-06,0.060028658835721276,3.0,8.208116230133043e-06,7.965512940388305e-06,2.956244705372281e-06,5.009268235016024e-06,1
18056,3.6112,6.047709893606982e-06,0.06001981560668145,3.0,7.599863199956192e-06,1.0314231534678416e-05,5.062846956435642e-06,5.251384578242774e-06,1
18057,3.6114,6.0539601562374766e-06,0.060018657255152666,1.0,1.9968180849990595e-05,4.8691293714023665e-06,1.3385953356650226e-06,3.530534035737344e-06,1
18058,3.6116,6.061432418490175e-06,0.060018507607916945,3.0,7.597011783238595e-06,1.1227632864816775e-05,5.150161563731783e-06,6.077471301084991e-06,1
18059,3.6118,6.068031254622021e-06,0.06000964946792249,3.0,8.654187706424672e-06,5.781851012513721e-06,2.377968929005146e-06,3.4038820835085747e-06,1
18060,3.612,6.075336548811834e-06,0.060000802183119276,3.0,1.0335799896207476e-05,7.611309554229551e-06,3.733596579533333e-06,3.877712974696218e-06,1
18061,3.6122,6.086504804576542e-06,0.05999199599297227,3.0,1.2595000120392175e-05,2.4638706818204304e-05,1.2025865467567302e-05,1.2612841350637003e-05,1
18062,3.6124,6.096009711357859e-06,0.059983181060568394,3.0,1.2686181807355314e-05,1.6199203792707467e-05,7.535906698187669e-06,8.663297094519799e-06,1
18063,3.6126,6.103728787489186e-06,0.05997435322203815,1.0,2.537377709223764e-05,6.7558937165590075e-06,2.6819545174801813e-06,4.073939199078826e-06,1
18064,3.6128,6.111416565649629e-06,0.06007855318709864,1.0,2.5591766424405413e-05,6.37261268530842e-06,2.808536139283175e-06,3.5640765460252443e-06,1
18065,3.613,6.120757486030479e-06,0.06006974584772434,3.0,1.3055682550019442e-05,1.4933262912230185e-05,7.3030643233083444e-06,7.630198588921842e-06,1
18066,3.6132,6.130385321116601e-06,0.060060944036028026,3.0,1.3107806187347855e-05,1.6286743904746986e-05,8.122998674400334e-06,8.163745230346652e-06,1
18067,3.6134000000000004,6.1389622682868044e-06,0.060058898413752206,1.0,2.4839515062263318e-05,1.1542100374281493e-05,5.2372956909183515e-06,6.304804683363143e-06,1
18068,3.6136000000000004,6.146842825500907e-06,0.06005008249360731,1.0,2.453679947108296e-05,8.354197365231524e-06,3.4580275253309023e-06,4.896169839900621e-06,1
18069,3.6138000000000003,6.1549410114033375e-06,0.06004127190777155,1.0,2.5190939497294076e-05,8.779785843672689e-06,4.016676961960292e-06,4.763108881712397e-06,1
18070,3.6140000000000003,6.163281784609431e-06,0.060032469206487,1.0,2.5224013887553262e-05,9.950989205484216e-06,4.9339660187436855e-06,5.017023186740532e-06,1
18071,3.6142000000000003,6.17288318558574e-06,0.060023683522876084,3.0,1.2793257687664993e-05,1.6339265176651766e-05,8.118289543273891e-06,8.220975633377875e-06,1
18072,3.6144000000000003,6.181678328269082e-06,0.060014893803530846,1.0,2.540536037798739e-05,1.2022338567497386e-05,5.16435290457877e-06,6.857985662918615e-06,1
18073,3.6146000000000003,6.190249121553966e-06,0.060006110432460555,3.0,1.1478938989936759e-05,1.2445936945488295e-05,5.6769765297717596e-06,6.768960415716536e-06,1
18074,3.6148000000000002,6.197993463991863e-06,0.059997320336116496,3.0,1.1634810808382996e-05,8.132903002510687e-06,3.1369728804697785e-06,4.995930122040909e-06,1
18075,3.615,6.205503314546243e-06,0.05998853562466815,3.0,1.0383750390720497e-05,8.18821955167065e-06,3.687083289721452e-06,4.501136261949198e-06,1
18076,3.6152,6.214105397707258e-06,0.059979764241698756,3.0,1.0131545489364196e-05,1.3876990958943471e-05,6.345205873653743e-06,7.531785085289727e-06,1
18077,3.6154,6.221148125245868e-06,0.059977908102706916,1.0,2.2226541978530272e-05,6.396543807830121e-06,2.4476051482761362e-06,3.948938659553984e-06,1
18078,3.6156,6.228544268647769e-06,0.05996912709894953,3.0,9.336953368064734e-06,8.595922582455225e-06,4.2927849692744664e-06,4.303137613180759e-06,1
18079,3.6158,6.235827399377423e-06,0.05996035423176819,1.0,1.9013020612204918e-05,1.0796758237533151e-05,5.2704843062331e-06,5.52627393130005e-06,1
18080,3.616,6.241880835888586e-06,0.05995157029476762,1.0,1.8034242374279152e-05,5.620052045378755e-06,2.6063146747471707e-06,3.0137373706315845e-06,1
18081,3.6162,6.249302083084581e-06,0.05994280421019962,1.0,1.7428549085094876e-05,1.3057712277602438e-05,6.517174598089882e-06,6.540537679512556e-06,1
18082,3.6164,6.254616322545561e-06,0.059934021479990655,1.0,1.7054672671706314e-05,2.8898554419898293e-06,2.0036758158928144e-09,2.8878517661739366e-06,1
18083,3.6166,6.261604032372585e-06,0.0599252608010847,1.0,1.6565024388917987e-05,1.1740390784294424e-05,5.8635490210560335e-06,5.876841763238391e-06,1
18084,3.6168,6.267415685471641e-06,0.05991649168461267,1.0,1.6220723913021495e-05,6.1976793484714755e-06,2.556317897954707e-06,3.6413614505167686e-06,1
18085,3.617,6.273940808121377e-06,0.059907736746069556,1.0,1.5206025475848261e-05,1.077324247574335e-05,5.1973057020592185e-06,5.575936773684131e-06,1
18086,3.6172,6.2799568986619005e-06,0.05990659586240621,1.0,1.5341997260081915e-05,8.085471032704226e-06,2.187016970010141e-06,5.898454062694085e-06,1
18087,3.6174000000000004,6.286820626315576e-06,0.05989784191325482,1.0,1.5542682593342365e-05,1.211620058337614e-05,5.7954064390322395e-06,6.320794144343901e-06,1
18088,3.6176000000000004,6.2932238049239525e-06,0.05988908881971324,1.0,1.5173387763924191e-05,1.017577445213227e-05,4.490645854411346e-06,5.685128597720923e-06,1
18089,3.6178000000000003,6.300463442324495e-06,0.05988034838194148,1.0,1.5166340299236047e-05,1.4357940994534566e-05,6.959194960516476e-06,7.39874603401809e-06,1
18090,3.6180000000000003,6.3088566509523276e-06,0.05987162257547223,1.0,1.5222301560820505e-05,2.0061606431048203e-05,9.152661506589008e-06,1.0908944924459196e-05,1
18091,3.6182000000000003,6.313420824246755e-06,0.05986286404573116,1.0,1.5348115429572506e-05,7.838045191522692e-07,3.9250006019083087e-07,3.9130445896143834e-07,1
18092,3.6184000000000003,6.320107988621007e-06,0.0598541307579608,1.0,1.6113449765850766e-05,1.0627518350345846e-05,4.591692457557975e-06,6.0358258927878704e-06,1
18093,3.6186000000000003,6.327890355336393e-06,0.059845412975940704,1.0,1.6615762540528404e-05,1.5593604636902305e-05,7.373497064358835e-06,8.22010757254347e-06,1
18094,3.6188000000000002,6.33528977219542e-06,0.05983669608529541,1.0,1.6824409228295497e-05,1.3462218680067385e-05,6.490129131216801e-06,6.972089548850583e-06,1
18095,3.619,6.342885611312381e-06,0.059827985253662425,1.0,1.7178224509071992e-05,1.408262365004384e-05,4.306986631661859e-06,9.775637018381982e-06,1
18096,3.6192,6.350913264177873e-06,0.05981928420026928,1.0,1.7206310642663686e-05,1.6205382384846614e-05,5.800734217164022e-06,1.0404648167682593e-05,1
18097,3.6194,6.359975035320981e-06,0.05981059784826478,1.0,1.7300847659596852e-05,2.1272436130370373e-05,1.0294532184347114e-05,1.097790394602326e-05,1
18098,3.6196,6.367186014530354e-06,0.059801897406567286,1.0,1.7023240318740578e-05,1.2287516117183089e-05,3.481357001051643e-06,8.806159116131446e-06,1
18099,3.6198,6.373377775970507e-06,0.05979319204655698,1.0,1.7413096724803355e-05,6.794524176528383e-06,2.4211340080162983e-06,4.373390168512084e-06,1
18100,3.62,6.380347245348705e-06,0.059784499694977254,1.0,1.7584424522377087e-05,1.0504817422222258e-05,4.922170805993288e-06,5.582646616228969e-06,1
18101,3.6202,6.387150972012899e-06,0.05977580960658951,1.0,1.7914053650169863e-05,9.339231886776365e-06,4.620001572615978e-06,4.719230314160388e-06,1
18102,3.6204,6.393817078123539e-06,0.059767123106907495,1.0,1.8012223227615574e-05,8.545877548420246e-06,4.260964454820782e-06,4.284913093599464e-06,1
18103,3.6206,6.400134593240284e-06,0.059758436649426844,1.0,1.86107577915276e-05,6.19756376806799e-06,2.698219972294032e-06,3.499343795773958e-06,1
18104,3.6208,6.407555771302609e-06,0.0597574082175415,1.0,1.9235633691381983e-05,1.1083729354655625e-05,2.847773588801752e-06,8.235955765853873e-06,1
18105,3.621,6.416657908134586e-06,0.05974875010808825,1.0,1.9359574390775874e-05,1.9355882698977578e-05,9.418199903858429e-06,9.93768279511915e-06,1
18106,3.6212,6.425017036728845e-06,0.05974008754771869,1.0,1.9307279399185757e-05,1.568393983180672e-05,5.367752643632082e-06,1.031618718817464e-05,1
18107,3.6214,6.431273045136661e-06,0.059731409741715105,1.0,1.9703648384480042e-05,4.7642815338195765e-06,1.8528653828760723e-06,2.911416150943504e-06,1
18108,3.6216000000000004,6.438085193961203e-06,0.059722742828930274,1.0,1.9893871546163433e-05,7.347891866599097e-06,3.0480212681795485e-06,4.299870598419548e-06,1
18109,3.6218000000000004,6.44556751204274e-06,0.05971408546208946,1.0,2.0830884853656942e-05,9.754206539994544e-06,3.629023206473742e-06,6.125183333520801e-06,1
18110,3.6220000000000003,6.4529377383763824e-06,0.05970543292385764,1.0,2.1163683176575313e-05,8.853135552613921e-06,4.0871547259860476e-06,4.765980826627874e-06,1
18111,3.6222000000000003,6.461097583313208e-06,0.05970454107707757,1.0,2.1762745895830665e-05,1.2193942972227653e-05,5.343372795378235e-06,6.8505701768494185e-06,1
18112,3.6224000000000003,6.472853487291209e-06,0.059695930910327745,1.0,2.204187120866486e-05,2.988461620947422e-05,1.476491883933518e-05,1.5119697370139043e-05,1
18113,3.6226000000000003,6.481833226264016e-06,0.05968729635018338,1.0,2.234383273375852e-05,1.5690898797185946e-05,7.433993991085295e-06,8.25690480610065e-06,1
18114,3.6228000000000002,6.4906351221980984e-06,0.05967866726026033,1.0,2.230405385971944e-05,1.4832096958209217e-05,7.36703651637658e-06,7.4650604418326375e-06,1
18115,3.623,6.4984751754105035e-06,0.05967003442114013,1.0,2.1539204823813073e-05,1.0778970874893846e-05,5.000672713392675e-06,5.7782981615011706e-06,1
18116,3.6232,6.505746149911856e-06,0.05966769204174254,1.0,2.135129777901144e-05,8.11349323252782e-06,3.975303319087817e-06,4.138189913440004e-06,1
18117,3.6234,6.512719978479985e-06,0.0596590512597938,1.0,2.1299041550650694e-05,6.67252865524111e-06,3.2164008966343367e-06,3.4561277586067733e-06,1
18118,3.6236,6.520467497360579e-06,0.0596504229668814,1.0,2.1150699087791476e-05,1.0681579117400493e-05,5.01833174908187e-06,5.6632473683186234e-06,1
18119,3.6238,6.527635124891788e-06,0.05964179240753358,1.0,2.1483415268144264e-05,7.441560064847635e-06,2.400310695759283e-06,5.041249369088352e-06,1
18120,3.624,6.534791382529837e-06,0.05963316647352827,1.0,2.1974109570892303e-05,6.886483540180171e-06,2.7874014232331907e-06,4.09908211694698e-06,1
18121,3.6242,6.54271738586617e-06,0.059624553441193925,1.0,2.201431863485054e-05,1.068706846853462e-05,4.679332647920906e-06,6.007735820613714e-06,1
18122,3.6244,6.550743379472201e-06,0.05961594521311537,1.0,2.2302253159174855e-05,1.0890690086458896e-05,4.755670991241425e-06,6.135019095217471e-06,1
18123,3.6246,6.558736955647642e-06,0.05960734229593162,1.0,2.210610996320846e-05,1.0916315222920142e-05,5.223949799045338e-06,5.692365423874803e-06,1
18124,3.6248,6.565891217897659e-06,0.059598735212105174,1.0,2.2001864068560133e-05,6.816022576687211e-06,2.9222681250795447e-06,3.893754451607666e-06,1
18125,3.625,6.575532370425209e-06,0.05959015727447266,1.0,2.2144645040877256e-05,1.9098851201546208e-05,9.506021611439538e-06,9.59282959010667e-06,1
18126,3.6252,6.584097377507972e-06,0.059587640935746373,1.0,2.2289094046810114e-05,1.356404597478013e-05,6.700543683541609e-06,6.863502291238521e-06,1
18127,3.6254,6.5917003316296415e-06,0.05957904430583649,1.0,2.213303227093315e-05,8.901333874942538e-06,4.262599810916476e-06,4.638734064026062e-06,1
18128,3.6256000000000004,6.5989033023513695e-06,0.05957044688156914,1.0,2.2791986176920388e-05,6.234675640488151e-06,1.976180184953963e-06,4.258495455534188e-06,1
18129,3.6258000000000004,6.607928128187504e-06,0.059654735627911834,1.0,2.310134507652591e-05,1.502543850651936e-05,7.0213034225998145e-06,8.004135083919546e-06,1
18130,3.6260000000000003,6.616342562370408e-06,0.05964614724039011,3.0,9.885684780674242e-06,1.1955687980939157e-05,5.963471315272475e-06,5.992216665666682e-06,1
18131,3.6262000000000003,6.623306799004635e-06,0.0596375498419243,3.0,9.66891740717848e-06,4.89799765255705e-06,1.5482514921191173e-06,3.3497461604379326e-06,1
18132,3.6264000000000003,6.633118893983236e-06,0.0596289856765863,3.0,9.331657934829239e-06,1.944894130907499e-05,9.654406422243632e-06,9.794534886831357e-06,1
18133,3.6266000000000003,6.640766147318246e-06,0.059620403270933445,3.0,9.073024405201904e-06,8.856713679794662e-06,3.4431821936073654e-06,5.413531486187298e-06,1
18134,3.6268000000000002,6.647837134301839e-06,0.05961182377894665,3.0,7.409338244174651e-06,7.616608884332715e-06,2.866851452272414e-06,4.749757432060301e-06,1
18135,3.6270000000000002,6.654619875149594e-06,0.05960324340390434,3.0,7.24949879210708e-06,6.3140811674881165e-06,2.6705399770058455e-06,3.643541190482271e-06,1
18136,3.6272,6.662505350747036e-06,0.05959467686040412,3.0,7.943649799119555e-06,1.1111221660481734e-05,5.514160773849268e-06,5.597060886632467e-06,1
18137,3.6274,6.673260394185557e-06,0.05970130915768609,3.0,9.314384265473048e-06,2.4059099619211237e-05,3.5733936429570477e-06,2.048570597625419e-05,1
18138,3.6276,6.687711678064206e-06,0.05969903099556004,1.0,2.252192831577937e-05,4.265518173596104e-05,2.1222678879291525e-05,2.143250285666952e-05,1
18139,3.6278,6.6953940529744075e-06,0.05969045901225625,1.0,2.253482510943741e-05,8.786069824837026e-06,4.297581470430006e-06,4.48848835440702e-06,1
18140,3.628,6.7036390249242745e-06,0.059685665978997784,3.0,8.924373080600955e-06,1.180206819998119e-05,5.831432892565815e-06,5.970635307415375e-06,1
18141,3.6282,6.711615009315517e-06,0.059677103980709335,1.0,2.275896512107427e-05,1.001303317930065e-05,4.597403840825356e-06,5.415629338475294e-06,1
18142,3.6284,6.7196625018579695e-06,0.05977942856293072,1.0,2.2779640676904195e-05,1.03407213501017e-05,4.580422853021071e-06,5.760298497080629e-06,1
18143,3.6286,6.7276685596843424e-06,0.05977087103691715,1.0,2.216643960848945e-05,1.0738299764025557e-05,4.5601309939281455e-06,6.178168770097412e-06,1
18144,3.6288,6.734515876438831e-06,0.05976230780975357,1.0,2.1022316214660162e-05,6.08090482971758e-06,2.2452053195146924e-06,3.835699510202888e-06,1
18145,3.629,6.742747479563066e-06,0.05975376211239838,1.0,2.031764253682701e-05,1.3699077932983148e-05,5.400705251982858e-06,8.29837268100029e-06,1
18146,3.6292,6.751819033872432e-06,0.059745228524925365,1.0,1.9816261324763242e-05,1.839110412182229e-05,8.858447064217927e-06,9.532657057604365e-06,1
18147,3.6294,6.758692832602287e-06,0.05973667631062575,1.0,1.9429088199550375e-05,7.781108074798784e-06,1.0734188559421658e-06,6.707689218856617e-06,1
18148,3.6296000000000004,6.76622941536001e-06,0.059728137164084774,1.0,1.9047164138994018e-05,1.1469374427827557e-05,5.665335933755208e-06,5.80403849407235e-06,1
18149,3.6298000000000004,6.7727489480304505e-06,0.0598118955876187,1.0,1.88027346884756e-05,6.6205385906222406e-06,2.4058427271181776e-06,4.214695863504063e-06,1
18150,3.6300000000000003,6.779400575566772e-06,0.05981191120694116,1.0,1.8482569669019358e-05,7.5941983599561585e-06,3.44265144590179e-06,4.151546914054369e-06,1
18151,3.6302000000000003,6.786782860936188e-06,0.059807935078002965,1.0,1.833955879265708e-05,1.1383088731852713e-05,5.119456359865065e-06,6.263632371987647e-06,1
18152,3.6304000000000003,6.793079630968917e-06,0.05979937719383268,1.0,1.8355260562163774e-05,5.9326197802617805e-06,2.8457009326271713e-06,3.0869188476346093e-06,1
18153,3.6306000000000003,6.8028700082532766e-06,0.05979085739026767,1.0,1.8545706848233936e-05,2.3201743160752633e-05,6.416730286997552e-06,1.678501287375508e-05,1
18154,3.6308000000000002,6.812439816878225e-06,0.05978233959717949,1.0,1.862675729270829e-05,2.2007648527224112e-05,5.155787104401623e-06,1.685186142282249e-05,1
18155,3.6310000000000002,6.824393426351387e-06,0.05977385262411361,1.0,1.8032733187693317e-05,3.45093297163917e-05,1.7166088574713913e-05,1.7343241141677786e-05,1
18156,3.6312,6.833345331011963e-06,0.05976533606909262,1.0,1.7522828973894408e-05,1.9999690410842662e-05,3.909936881965412e-06,1.608975352887725e-05,1
18157,3.6314,6.841065032503769e-06,0.05975681572929681,1.0,1.7159755857510536e-05,1.4192971920433348e-05,6.300050943711728e-06,7.89292097672162e-06,1
18158,3.6316,6.847921576215347e-06,0.059748292027200244,1.0,1.652045896085068e-05,1.0508814602583432e-05,4.485238504409229e-06,6.023576098174203e-06,1
18159,3.6318,6.85435711820826e-06,0.05973976898046386,1.0,1.5801704606478547e-05,9.115575615730377e-06,3.005380643566266e-06,6.1101949721641104e-06,1
18160,3.632,6.860983198970595e-06,0.059731252605631065,1.0,1.5216448646122819e-05,1.064666286867689e-05,4.50124751917309e-06,6.145415349503801e-06,1
18161,3.6322,6.866523879629619e-06,0.05972272932534127,1.0,1.4828829751515861e-05,5.600892979423107e-06,2.1881225335543803e-06,3.412770445868726e-06,1
18162,3.6324,6.872412633849952e-06,0.05971421457182267,1.0,1.4332176007895003e-05,7.831917011938753e-06,3.6571850358747364e-06,4.174731976064017e-06,1
18163,3.6326,6.878241355943768e-06,0.05970570392151393,1.0,1.3746144899731987e-05,8.111637411762875e-06,3.981313731027484e-06,4.130323680735391e-06,1
18164,3.6328,6.883118542460331e-06,0.05969718752764022,1.0,1.3564773580677017e-05,3.529716869083165e-06,1.0296934249987788e-06,2.500023444084386e-06,1
18165,3.633,6.88943725379588e-06,0.05968869031569573,1.0,1.3477644831607295e-05,1.08185961234607e-05,5.3956351976668734e-06,5.422960925793826e-06,1
18166,3.6332,6.896136889139481e-06,0.05968020054426756,1.0,1.3345090145816615e-05,1.2848931677422346e-05,6.261602911514345e-06,6.587328765908001e-06,1
18167,3.6334,6.901662753241321e-06,0.05968336459113232,1.0,1.3264835526484104e-05,7.053830677659793e-06,3.4558032501968595e-06,3.5980274274629338e-06,1
18168,3.6336000000000004,6.907119956663324e-06,0.059674856985434274,1.0,1.2812377936180747e-05,7.15722432033111e-06,3.487059535832686e-06,3.6701647844984244e-06,1
18169,3.6338000000000004,6.911407834594759e-06,0.05966634222078896,1.0,1.223121461737088e-05,1.8866556863070143e-06,2.003601224919059e-09,1.8846520850820954e-06,1
18170,3.6340000000000003,6.916672654232776e-06,0.059657841123847775,1.0,1.2277003457199746e-05,6.7205728385177265e-06,3.339498381170739e-06,3.3810744573469876e-06,1
18171,3.6342000000000003,6.92203481435475e-06,0.05964934318474718,1.0,1.3130289412070077e-05,6.348417624262506e-06,2.7889028340854504e-06,3.5595147901770553e-06,1
18172,3.6344000000000003,6.928130787398274e-06,0.05964085745389979,1.0,1.3827410261168392e-05,9.31434935935967e-06,4.27868343706446e-06,5.035665922295209e-06,1
18173,3.6346000000000003,6.93561252708016e-06,0.05974451765302918,1.0,1.4189024132297901e-05,1.5873656397189067e-05,7.493806093927825e-06,8.37985030326124e-06,1
18174,3.6348000000000003,6.943085469289336e-06,0.059736047208509814,1.0,1.3799613038689693e-05,1.6211214835337096e-05,3.844357069210457e-06,1.236685776612664e-05,1
18175,3.6350000000000002,6.951305210793869e-06,0.05972758875816759,1.0,1.3987073750566728e-05,1.974949432538389e-05,9.587984951937014e-06,1.0161509373446876e-05,1
18176,3.6352,6.958865081124335e-06,0.05971912611145876,1.0,1.4456666737780468e-05,1.5972243268878748e-05,3.886361808834519e-06,1.2085881460044228e-05,1
18177,3.6354,6.966735509136116e-06,0.059710672666025345,1.0,1.5040087885483645e-05,1.693349350202265e-05,8.256786256698505e-06,8.676707245324145e-06,1
18178,3.6356,6.974390775900748e-06,0.05970222014681816,1.0,1.5533780249846133e-05,1.5355827444444198e-05,5.211420325575498e-06,1.0144407118868699e-05,1
18179,3.6358,6.983037717718483e-06,0.05969378393801424,1.0,1.5835659526891996e-05,2.0003744582001508e-05,8.444726853453149e-06,1.155901772854836e-05,1
18180,3.636,6.99003007250764e-06,0.05968533534422569,1.0,1.582263281688257e-05,1.1735608711809062e-05,5.83172948195444e-06,5.903879229854622e-06,1
18181,3.6362,6.996349343926077e-06,0.05968139279599544,1.0,1.541766870032998e-05,8.768130465582519e-06,3.963708825826628e-06,4.804421639755891e-06,1
18182,3.6364,7.001798880616154e-06,0.05967293349108056,1.0,1.4989987669555623e-05,4.840961452063239e-06,1.8626263589919424e-06,2.978335093071297e-06,1
18183,3.6366,7.007855878683267e-06,0.05966448480572706,1.0,1.4646697836746828e-05,8.215520781249945e-06,3.852826125934832e-06,4.3626946553151136e-06,1
18184,3.6368,7.014663777500832e-06,0.059656047575267476,1.0,1.4075916870312219e-05,1.2534048432414665e-05,2.8453843662750233e-06,9.688664066139642e-06,1
18185,3.637,7.0228219010566195e-06,0.05964762834934755,1.0,1.3689866778595907e-05,1.9663351914795764e-05,9.683880072459861e-06,9.979471842335905e-06,1
18186,3.6372,7.029580271664008e-06,0.059639197837139404,1.0,1.3412622221167234e-05,1.2933987824634722e-05,2.814592157776946e-06,1.0119395666857777e-05,1
18187,3.6374,7.036241747866222e-06,0.059630773135343894,1.0,1.3125009390091935e-05,1.2730077780311292e-05,6.345274999973465e-06,6.384802780337827e-06,1
18188,3.6376000000000004,7.040912036050209e-06,0.05962233194096966,1.0,1.3003361358944884e-05,2.8898413539132957e-06,4.950922905238552e-07,2.3947490633894407e-06,1
18189,3.6378000000000004,7.04589691485184e-06,0.05961389878077395,1.0,1.3138015550946566e-05,4.3230842388625726e-06,1.6281003327732427e-06,2.6949839060893297e-06,1
18190,3.6380000000000003,7.053255775291227e-06,0.0596127777377946,1.0,1.5376521898733418e-05,1.394795422829192e-05,6.9233983303923145e-06,7.024555897899606e-06,1
18191,3.6382000000000003,7.058947639891097e-06,0.05960434903062863,1.0,1.561533316824565e-05,5.367308846289566e-06,2.644716285021969e-06,2.7225925612675968e-06,1
18192,3.6384000000000003,7.064283695036654e-06,0.059595921783279,1.0,1.577268232890221e-05,3.425129301489056e-06,9.419839093846022e-07,2.483145392104454e-06,1
18193,3.6386000000000003,7.070120235739522e-06,0.059587504052563404,1.0,1.60412306390412e-05,5.6531490585514015e-06,2.4384559905731942e-06,3.2146930679782073e-06,1
18194,3.6388000000000003,7.076923884560943e-06,0.05957909935904034,1.0,1.6657373016558735e-05,9.865910049209603e-06,4.449802911815914e-06,5.4161071373936895e-06,1
18195,3.6390000000000002,7.084666843906103e-06,0.05957070797942676,1.0,1.7427375455354958e-05,1.3784813023295093e-05,6.252181804792783e-06,7.532631218502309e-06,1
18196,3.6392,7.092135742228926e-06,0.059805458368997345,1.0,1.7730790579094002e-05,1.2101369758406837e-05,3.233571482782343e-06,8.867798275624495e-06,1
18197,3.6394,7.101121822893078e-06,0.05979707533595219,1.0,1.7748830846200257e-05,1.966058117929099e-05,9.731774037629384e-06,9.928807141661608e-06,1
18198,3.6396,7.109344167905043e-06,0.05978868723423946,1.0,1.7677585967278992e-05,1.5904088662760763e-05,5.818468025240243e-06,1.0085620637520522e-05,1
18199,3.6398,7.116224297553973e-06,0.05978028811708153,1.0,1.9767843650976673e-05,7.094811163933538e-06,2.40152316563189e-06,4.693287998301648e-06,1
18200,3.64,7.12411788478854e-06,0.059771907117866875,1.0,1.986452473963311e-05,1.2057649249569495e-05,5.867439373528533e-06,6.190209876040961e-06,1
18201,3.6402,7.130679919183437e-06,0.05976351652032909,1.0,2.0295490520537984e-05,4.961319217649237e-06,2.140919781186899e-06,2.820399436462338e-06,1
18202,3.6404,7.13856934581884e-06,0.05975938373828254,1.0,2.0473126196085186e-05,1.1413016689702054e-05,5.4630795948708275e-06,5.949937094831226e-06,1
18203,3.6406,7.145506430176481e-06,0.05975100042558701,1.0,2.053428725417902e-05,6.582347831788429e-06,2.5521463290602943e-06,4.0302015027281355e-06,1
18204,3.6408,7.152391643344192e-06,0.05974262513698023,1.0,1.856136160304941e-05,8.288653309955795e-06,3.5930007687674046e-06,4.6956525411883915e-06,1
18205,3.641,7.159846228349114e-06,0.059734256914112126,1.0,1.838272584839078e-05,1.130660989760922e-05,5.581032944634343e-06,5.7255769529748774e-06,1
18206,3.6412,7.1681119321848545e-06,0.059731822526414166,1.0,1.7547189996965274e-05,1.6189427693868782e-05,7.84047584288504e-06,8.348951850983743e-06,1
18207,3.6414,7.175284105998269e-06,0.05972344990750415,1.0,1.7714412588875347e-05,1.0546435010605168e-05,4.431317678400797e-06,6.11511733220437e-06,1
18208,3.6416000000000004,7.1825689749484854e-06,0.059715084544319404,1.0,1.7477454944853822e-05,1.1339268161413564e-05,5.2909941300015885e-06,6.0482740314119745e-06,1
18209,3.6418000000000004,7.190685402331826e-06,0.05971334641302268,1.0,1.7339067005060068e-05,1.5627300280634892e-05,7.582931873717837e-06,8.044368406917055e-06,1
18210,3.6420000000000003,7.198116615657177e-06,0.05970497951380386,1.0,1.7544151404477907e-05,1.1987967752051234e-05,3.92849781960776e-06,8.059469932443474e-06,1
18211,3.6422000000000003,7.2055517958511875e-06,0.059702450268481276,1.0,1.7815087822090025e-05,1.172900689735397e-05,5.720974283402734e-06,6.008032613951237e-06,1
18212,3.6424000000000003,7.210851086042214e-06,0.059694062763272326,1.0,1.8492492500279547e-05,3.6546524834065497e-07,2.0034819048751295e-09,3.634617664357798e-07,1
18213,3.6426000000000003,7.217921033593856e-06,0.05968569775514719,1.0,1.917774347522318e-05,8.527007654068641e-06,4.25843290818421e-06,4.26857474588443e-06,1
18214,3.6428000000000003,7.2258022434212135e-06,0.059677345712201894,1.0,1.9245581709237928e-05,1.2507619367252846e-05,6.025365230524801e-06,6.482254136728045e-06,1
18215,3.6430000000000002,7.233594705508121e-06,0.05966899748929655,1.0,1.8761905740395566e-05,1.253931246975362e-05,5.249419172460752e-06,7.289893297292868e-06,1
18216,3.6432,7.240110818361297e-06,0.05966541251560426,1.0,1.8331691368395315e-05,6.580225416468572e-06,2.7549105950926934e-06,3.825314821375878e-06,1
18217,3.6434,7.247722347389826e-06,0.05965706381122831,1.0,1.876873898207072e-05,1.1612833890610745e-05,5.437541934203686e-06,6.175291956407059e-06,1
18218,3.6436,7.255489683482943e-06,0.05964872018647938,1.0,1.9157839100701065e-05,1.1994681440940233e-05,5.87574184029254e-06,6.118939600647693e-06,1
18219,3.6438,7.263519303515632e-06,0.05964038382800689,1.0,1.9428977821883672e-05,1.30266533281459e-05,5.83630199774552e-06,7.190351330400381e-06,1
18220,3.644,7.271111064055433e-06,0.059632048325090566,1.0,1.92673797607743e-05,1.0990737970452084e-05,3.6040427794274594e-06,7.386695191024625e-06,1
18221,3.6442,7.278608877744455e-06,0.05963049615651156,1.0,1.9013897193738634e-05,1.0766502875379857e-05,4.624401995111083e-06,6.1421008802687736e-06,1
18222,3.6444,7.286172507758193e-06,0.05962215936850369,1.0,1.877275628482719e-05,1.1328806338281173e-05,5.661950513950707e-06,5.666855824330465e-06,1
18223,3.6446,7.293884419532665e-06,0.05961382824686903,1.0,1.8560752602623788e-05,1.2274186409717862e-05,5.9566952800806645e-06,6.317491129637197e-06,1
18224,3.6448,7.301472308051966e-06,0.05960549933727402,1.0,1.862619807522622e-05,1.1580579500616145e-05,5.386017078564066e-06,6.194562422052079e-06,1
18225,3.645,7.30906049034664e-06,0.05959717493911957,1.0,1.8831896971382274e-05,1.136836996919238e-05,5.667235841883114e-06,5.701134127309268e-06,1
18226,3.6452,7.3167466257379535e-06,0.05958885677278107,1.0,1.8634534672453967e-05,1.2047466271123821e-05,5.54337712052709e-06,6.50408915059673e-06,1
18227,3.6454,7.3248507809319985e-06,0.059580547152289706,1.0,1.8351267211428234e-05,1.4412527978669455e-05,7.093933706927782e-06,7.318594271741673e-06,1
18228,3.6456000000000004,7.331338081033412e-06,0.0595722259423477,1.0,1.8137554767366888e-05,6.5342954968104894e-06,3.0407394805767524e-06,3.493556016233737e-06,1
18229,3.6458000000000004,7.338380286799008e-06,0.05956391105261448,1.0,1.9951341645240394e-05,7.487930194416966e-06,3.4793395703901985e-06,4.008590624026768e-06,1
18230,3.6460000000000004,7.346205349520656e-06,0.05955561210637126,1.0,1.9513005637809878e-05,1.1832735519432179e-05,4.895551762945684e-06,6.937183756486496e-06,1
18231,3.6462000000000003,7.354415062061951e-06,0.05955293155185007,1.0,1.7824390159882643e-05,1.543612493760446e-05,7.503791580942108e-06,7.932333356662354e-06,1
18232,3.6464000000000003,7.361168554402592e-06,0.05954462086971031,1.0,1.7661709690795523e-05,8.309838370604992e-06,3.6407644664054836e-06,4.669073904199509e-06,1
18233,3.6466000000000003,7.36773547642577e-06,0.05953631332755038,1.0,1.771156498508736e-05,7.320135879269687e-06,2.974728168923706e-06,4.34540771034598e-06,1
18234,3.6468000000000003,7.374079621188869e-06,0.05952800761204561,1.0,1.797685965554804e-05,5.934176252822947e-06,2.957422619905595e-06,2.9767536329173527e-06,1
18235,3.6470000000000002,7.381754756335759e-06,0.05951971873746968,1.0,1.854300293054749e-05,1.201561916641105e-05,5.646334220772989e-06,6.369284945638061e-06,1
18236,3.6472,7.38950976692746e-06,0.05951143546357996,1.0,1.887006174344405e-05,1.2079824484400976e-05,5.802018724998673e-06,6.277805759402303e-06,1
18237,3.6474,7.396648141457996e-06,0.05950314981302083,1.0,1.924493364780426e-05,8.61394366318926e-06,3.703599326100666e-06,4.910344337088594e-06,1
18238,3.6476,7.4054117579508365e-06,0.05958658837611425,1.0,1.9424470178147188e-05,1.655157533865793e-05,7.979375481780514e-06,8.572199856877415e-06,1
18239,3.6478,7.413422778795498e-06,0.05958203076612246,1.0,1.895186168636132e-05,1.3252352254297696e-05,4.684316838288939e-06,8.568035416008757e-06,1
18240,3.648,7.42206336907472e-06,0.05957376327547758,1.0,1.843989233155607e-05,1.6903408245790716e-05,8.44613873836161e-06,8.457269507429107e-06,1
18241,3.6482,7.429283752646915e-06,0.05956548739217438,1.0,1.6652859009746987e-05,1.158106652398234e-05,3.7950564490838404e-06,7.7860100748985e-06,1
18242,3.6484,7.4361157753231e-06,0.05955721024887602,1.0,1.6520071955674405e-05,9.76466588988104e-06,4.524679279421509e-06,5.239986610459532e-06,1
18243,3.6486,7.443575779025163e-06,0.05967921610991897,1.0,1.721240942091562e-05,1.2203754251193686e-05,6.031966119194953e-06,6.171788131998734e-06,1
18244,3.6488,7.453512006559895e-06,0.05967096798032634,1.0,1.826194801269569e-05,2.352617909326316e-05,4.576041064932024e-06,1.8950138028331135e-05,1
18245,3.649,7.46642390491001e-06,0.05966275593311721,1.0,1.8579182701867306e-05,3.8075254050393844e-05,1.8908609543994403e-05,1.916664450639944e-05,1
18246,3.6492,7.482278962448343e-06,0.05965457429150356,1.0,1.882132836421473e-05,5.2533723900725476e-05,2.3226399066464133e-05,2.930732483426134e-05,1
18247,3.6494,7.493066282598036e-06,0.05964634416381918,1.0,1.8522413687556057e-05,2.7479897305095697e-05,4.384336934574651e-06,2.3095560370521044e-05,1
18248,3.6496,7.501051094752654e-06,0.059638096793495306,1.0,1.8795735284526725e-05,1.3184151600601075e-05,3.878472761261989e-06,9.305678839339087e-06,1
18249,3.6498000000000004,7.509791232769448e-06,0.059629861765929756,1.0,1.903717931643305e-05,1.671053750382403e-05,8.336209188480702e-06,8.374328315343328e-06,1
18250,3.6500000000000004,7.518746210329636e-06,0.05962163212574411,1.0,1.9088955128174537e-05,1.7723646116318928e-05,6.9888306641113825e-06,1.0734815452207545e-05,1
18251,3.6502000000000003,7.526121944406619e-06,0.05961339274153809,1.0,1.8913762584750114e-05,9.994031006684858e-06,4.569533687605855e-06,5.424497319079003e-06,1
18252,3.6504000000000003,7.53447325871216e-06,0.059605165953424945,1.0,1.9574538923053457e-05,1.4202885484007253e-05,6.492314898060662e-06,7.710570585946591e-06,1
18253,3.6506000000000003,7.543300947467639e-06,0.059596947890861354,1.0,2.0320440777539226e-05,1.58298163629323e-05,7.847865164220699e-06,7.9819511987116e-06,1
18254,3.6508000000000003,7.551419421289879e-06,0.059588727688418316,1.0,2.068285058500371e-05,1.1912415865709664e-05,5.656702331593793e-06,6.255713534115871e-06,1
18255,3.6510000000000002,7.56024151579322e-06,0.05958470522452663,1.0,2.083071876066915e-05,1.5273706484110658e-05,7.303987049838059e-06,7.969719434272599e-06,1
18256,3.6512000000000002,7.567720681835488e-06,0.05957648116484298,1.0,2.0755499712766647e-05,8.62570912493786e-06,4.212719610570638e-06,4.4129895143672225e-06,1
18257,3.6514,7.575990659839392e-06,0.05956827036565836,1.0,2.052926934394804e-05,1.2797717776349714e-05,5.724012338794202e-06,7.073705437555512e-06,1
18258,3.6516,7.5833645951019714e-06,0.059560054209035956,1.0,2.043439051297365e-05,8.404157262659253e-06,3.6337969462706694e-06,4.770360316388583e-06,1
18259,3.6518,7.591201881502023e-06,0.05955184800345525,1.0,1.990340398835871e-05,1.124390314464096e-05,4.888322713973496e-06,6.355580430667463e-06,1
18260,3.652,7.598552779764815e-06,0.05954364163188386,1.0,1.9241936278555046e-05,9.465446150833956e-06,4.374798898545651e-06,5.0906472522883045e-06,1
18261,3.6522,7.606502927417978e-06,0.059535439946899846,1.0,2.1205072924118473e-05,1.0490512758878508e-05,4.334505132937725e-06,6.156007625940784e-06,1
18262,3.6524,7.613997669163708e-06,0.05952724231069829,1.0,2.1277663277918486e-05,8.132773041577709e-06,3.345323423417429e-06,4.787449618160279e-06,1
18263,3.6526,7.6234197689218e-06,0.05951906842371922,1.0,2.1133487407286328e-05,1.790483935727403e-05,8.945255987872943e-06,8.959583369401089e-06,1
18264,3.6528,7.631317958845471e-06,0.05951088237852218,1.0,2.1188312587796543e-05,1.0221351825506187e-05,4.3036294853261194e-06,5.917722340180067e-06,1
18265,3.653,7.641205800822061e-06,0.059507298896543534,1.0,2.08916589817035e-05,2.0456870850592412e-05,1.0203451183696285e-05,1.0253419666896127e-05,1
18266,3.6532,7.649829593540837e-06,0.05949911834111343,1.0,2.1711010142702053e-05,1.3307529315373568e-05,4.499910707364406e-06,8.807618608009163e-06,1
18267,3.6534,7.657292146577786e-06,0.059494744298096106,1.0,2.1544750644723353e-05,7.659102124896815e-06,3.264123543602439e-06,4.394978581294377e-06,1
18268,3.6536,7.66477514489331e-06,0.05948655918656344,1.0,2.117642717262821e-05,8.12179733005748e-06,3.6696523084293153e-06,4.452145021628164e-06,1
18269,3.6538000000000004,7.672801372997531e-06,0.05947838602069057,1.0,1.9644457958763224e-05,1.2361762267342484e-05,5.91695828912329e-06,6.444803978219193e-06,1
18270,3.6540000000000004,7.68022322320623e-06,0.059473547656885076,1.0,1.9928145430068293e-05,9.048038996309054e-06,3.38962538323972e-06,5.658413613069334e-06,1
18271,3.6542000000000003,7.688721163356408e-06,0.05946909893587839,1.0,2.1507083404206744e-05,1.284115163732876e-05,5.991541635501948e-06,6.849610001826811e-06,1
18272,3.6544000000000003,7.697548634286611e-06,0.05946504728820814,1.0,2.4015115686194077e-05,1.197162656263391e-05,5.975775655728156e-06,5.9958509069057536e-06,1
18273,3.6546000000000003,7.705308473656054e-06,0.059456864807846926,3.0,9.244061384948556e-06,5.992943177574161e-06,2.937131566521867e-06,3.0558116110522944e-06,1
18274,3.6548000000000003,7.71411749057309e-06,0.05944869954995468,1.0,2.42488728582345e-05,1.1628161460886032e-05,5.736816194302652e-06,5.891345266583381e-06,1
18275,3.6550000000000002,7.723402128615614e-06,0.05944054147481486,1.0,2.4517847446743025e-05,1.372777082929425e-05,6.610786492684921e-06,7.116984336609328e-06,1
18276,3.6552000000000002,7.733545186012334e-06,0.0594323950451688,1.0,2.483074652411922e-05,1.769674025427631e-05,7.531750432800489e-06,1.0164989821475824e-05,1
18277,3.6554,7.742178785176293e-06,0.05942423896992534,1.0,2.530943580484025e-05,9.660876592918056e-06,4.591703144109991e-06,5.069173448808065e-06,1
18278,3.6556,7.751227213344862e-06,0.059416090915443,1.0,2.5732930070451072e-05,1.1302224094468452e-05,5.28443619439032e-06,6.017787900078132e-06,1
18279,3.6558,7.760494264104747e-06,0.05940794936139138,1.0,2.629287112585335e-05,1.1825757287906709e-05,5.670836364169795e-06,6.1549209237369135e-06,1
18280,3.656,7.769965848446236e-06,0.05950830759600687,1.0,2.6014467158651022e-05,1.3116123932663368e-05,6.403279367559013e-06,6.712844565104354e-06,1
18281,3.6562,7.780348516999506e-06,0.05950532282702238,1.0,2.694569623236705e-05,1.6729821268952918e-05,8.197351718289972e-06,8.532469550662946e-06,1
18282,3.6564,7.788760458022663e-06,0.05949716927831259,1.0,2.724037958142444e-05,6.571607209709134e-06,2.9366631998251378e-06,3.6349440098839966e-06,1
18283,3.6566,7.79827788072757e-06,0.059492942672881154,1.0,2.7616988434945415e-05,1.1712941670648871e-05,3.181557921864533e-06,8.531383748784338e-06,1
18284,3.6568,7.80907934054493e-06,0.05948481510372619,1.0,2.7795019953543975e-05,1.794439530689351e-05,8.690780185786145e-06,9.253615121107366e-06,1
18285,3.657,7.817976869111369e-06,0.0594766728657188,1.0,2.7532179972113882e-05,8.677207228130426e-06,3.6333027140629662e-06,5.0439045140674596e-06,1
18286,3.6572,7.82823851750158e-06,0.059468550106353976,1.0,2.7148124376792934e-05,1.5871776162478538e-05,7.480189585120055e-06,8.391586577358481e-06,1
18287,3.6574,7.838144696513974e-06,0.059464823905402794,1.0,2.6112345728141916e-05,1.5119553513951001e-05,7.283115356701721e-06,7.83643815724928e-06,1
18288,3.6576,7.848616570169082e-06,0.05945670356331849,1.0,2.5631382852774757e-05,1.8418258389366936e-05,8.988982614610597e-06,9.429275774756337e-06,1
18289,3.6578000000000004,7.857269893372e-06,0.05944856903819604,1.0,2.5322120492532522e-05,9.624701175529525e-06,4.6387881360182685e-06,4.985913039511257e-06,1
18290,3.6580000000000004,7.865561749710625e-06,0.05957547196668756,1.0,2.5150951549933715e-05,7.97856188011855e-06,3.974812377832123e-06,4.003749502286428e-06,1
18291,3.6582000000000003,7.875385622317442e-06,0.059567343526473665,1.0,2.4793821983414505e-05,1.5986239299868047e-05,7.808775391874818e-06,8.177463907993227e-06,1
18292,3.6584000000000003,7.884231519967654e-06,0.05955920903745326,1.0,2.44203958746982e-05,1.1459963765982124e-05,5.562843516415319e-06,5.8971202495668056e-06,1
18293,3.6586000000000003,7.893030582915919e-06,0.0595510798999675,1.0,2.3543340699256416e-05,1.2093561618281973e-05,5.772657286946686e-06,6.3209043313352875e-06,1
18294,3.6588000000000003,7.902359419416106e-06,0.05954296025199349,1.0,2.2992629670720478e-05,1.5283600825089563e-05,7.576862705868997e-06,7.706738119220566e-06,1
18295,3.6590000000000003,7.909716047081109e-06,0.05953482491688445,1.0,2.2066656686235594e-05,6.339754431925218e-06,2.1928743199691564e-06,4.146880111956062e-06,1
18296,3.6592000000000002,7.918284925904244e-06,0.05952670692400649,1.0,2.14010108885287e-05,1.305828347436006e-05,6.2219206305102435e-06,6.836362843849816e-06,1
18297,3.6594,7.925257021982081e-06,0.05951858100267315,1.0,1.844725552113714e-05,8.019956418056146e-06,3.7143765450089107e-06,4.305579873047235e-06,1
18298,3.6596,7.931882857773857e-06,0.05951045248687836,1.0,1.757027561134061e-05,7.158495707797962e-06,3.4398594849524588e-06,3.7186362228455025e-06,1
18299,3.6598,7.938070072486768e-06,0.05950232349217813,1.0,1.691643720252781e-05,5.612505436960705e-06,1.371548148587991e-06,4.240957288372714e-06,1
18300,3.66,7.945698263604373e-06,0.05949421354224376,1.0,1.6103373268773934e-05,1.362319710210164e-05,4.4785832444698445e-06,9.144613857631795e-06,1
18301,3.6602,7.95398896529718e-06,0.05958487330374934,1.0,1.5740616258934147e-05,1.7289353281990383e-05,8.638446489568404e-06,8.65090679242198e-06,1
18302,3.6604,7.960235579560237e-06,0.05957675085779155,1.0,1.452030537111427e-05,8.281589853952553e-06,2.0033866574556405e-09,8.279586467295097e-06,1
18303,3.6606,7.96625171399815e-06,0.05956863006005487,1.0,1.4705126982238662e-05,6.937937118941665e-06,3.3438518531475066e-06,3.594085265794158e-06,1
18304,3.6608,7.97261172590954e-06,0.05956051623052067,1.0,1.4982258049759725e-05,8.373701399601673e-06,3.997518031164168e-06,4.376183368437505e-06,1
18305,3.661,7.980592937907872e-06,0.059639854155935895,1.0,1.5303704101347778e-05,1.615002526866154e-05,6.456197799539192e-06,9.693827469122348e-06,1
18306,3.6612,7.989181740029375e-06,0.05973337373523226,1.0,1.5572478881822515e-05,1.890967524841455e-05,9.336005883786393e-06,9.573669364628158e-06,1
18307,3.6614,7.99744277968197e-06,0.05972527711448698,1.0,1.589102268690302e-05,1.694345564160118e-05,6.833277896953675e-06,1.0110177744647505e-05,1
18308,3.6616,8.004948166617847e-06,0.059717177259696934,1.0,1.665485623611308e-05,1.2393069262737528e-05,6.137836006281936e-06,6.255233256455591e-06,1
18309,3.6618000000000004,8.011989357116118e-06,0.059709077897244216,1.0,1.6746098482280587e-05,9.973202054323013e-06,3.381973669361941e-06,6.5912283849610725e-06,1
18310,3.6620000000000004,8.018877348795544e-06,0.0597009817963955,1.0,1.669441892822691e-05,9.25157196460079e-06,2.003301015725422e-09,9.249568663585065e-06,1
18311,3.6622000000000003,8.027664138004458e-06,0.059692909144359645,1.0,1.6930733584456285e-05,1.850100447003852e-05,9.243382978730066e-06,9.257621491308452e-06,1
18312,3.6624000000000003,8.03682881690065e-06,0.059684840756210326,1.0,1.801885933089708e-05,1.9292880452552158e-05,7.801660959906656e-06,1.1491219492645502e-05,1
18313,3.6626000000000003,8.045631126066845e-06,0.059680525952975,1.0,1.844267923187581e-05,1.7047726918643217e-05,7.466232662642814e-06,9.581494256000402e-06,1
18314,3.6628000000000003,8.053839083437728e-06,0.05967630849619579,1.0,1.7694247946105027e-05,1.4815420441999287e-05,7.201439126779264e-06,7.613981315220024e-06,1
18315,3.6630000000000003,8.0682732525606e-06,0.059668295228312504,1.0,1.7223223368941024e-05,4.6405571828459665e-05,2.3107976038044587e-05,2.329759579041508e-05,1
18316,3.6632000000000002,8.07910125951784e-06,0.05966024064895499,1.0,1.793474493962682e-05,2.7649919628687992e-05,4.899877333429911e-06,2.2750042295258083e-05,1
18317,3.6634,8.088315555409202e-06,0.059652181021106684,1.0,1.8173097734485127e-05,1.9332457610136745e-05,3.409937300604526e-06,1.592252030953222e-05,1
18318,3.6636,8.10004594843346e-06,0.05965605933053672,1.0,1.8542048781428254e-05,3.1532863840325507e-05,1.560193117234057e-05,1.5930932667984932e-05,1
18319,3.6638,8.109854271769128e-06,0.059647988571462085,1.0,1.884920263482485e-05,2.160401510540697e-05,5.210950535521323e-06,1.639306456988565e-05,1
18320,3.664,8.116474216206481e-06,0.05963989480509006,1.0,1.9062461502786488e-05,5.4402232617653625e-06,2.0183516712295825e-06,3.42187159053578e-06,1
18321,3.6642,8.124922590963313e-06,0.05963182358716232,1.0,1.9055637786987428e-05,1.4581280656978284e-05,7.06616497332662e-06,7.5151156836516645e-06,1
18322,3.6644,8.132180253461337e-06,0.059623740209426075,1.0,2.1208179635263798e-05,6.466921890045601e-06,2.6744460010184315e-06,3.7924758890271696e-06,1
18323,3.6646,8.140062577004363e-06,0.059623282080931136,1.0,2.2123995539304797e-05,8.666393605748578e-06,4.300977207743546e-06,4.365416398005032e-06,1
18324,3.6648,8.149346826873595e-06,0.05961521585051833,1.0,2.2555623541289413e-05,1.5235367907607522e-05,7.298712483634527e-06,7.936655423972996e-06,1
18325,3.665,8.160046529253925e-06,0.05960716772314177,1.0,2.2096037139754034e-05,2.2761694871161544e-05,6.6663048054236355e-06,1.609539006573791e-05,1
18326,3.6652,8.17093474080678e-06,0.05973433562873429,1.0,2.230241249284015e-05,2.348538964170979e-05,1.1616884296869934e-05,1.1868505344839858e-05,1
18327,3.6654,8.178342950814173e-06,0.059726256872896934,1.0,2.2126541964432657e-05,6.251623745464798e-06,2.91622721182514e-06,3.335396533639658e-06,1
18328,3.6656,8.188041308594934e-06,0.05971820689701783,1.0,2.1626111111298313e-05,1.8193795243232458e-05,8.852856280459235e-06,9.340938962773224e-06,1
18329,3.6658000000000004,8.196186642680824e-06,0.05971306083340481,1.0,2.181340211753445e-05,1.0231973248091087e-05,2.930632813784122e-06,7.3013404343069645e-06,1
18330,3.6660000000000004,8.204660939954923e-06,0.05970499971848539,1.0,2.2072530304291258e-05,1.1608921092838762e-05,4.143856553015185e-06,7.465064539823578e-06,1
18331,3.6662000000000003,8.214259316616985e-06,0.059841255071149756,1.0,2.2943983992692852e-05,1.6347169930953516e-05,8.152932337239402e-06,8.194237593714115e-06,1
18332,3.6664000000000003,8.222799538808535e-06,0.05983319686031017,1.0,2.2400886779149785e-05,1.1589948981027715e-05,5.792572499213219e-06,5.797376481814497e-06,1
18333,3.6666000000000003,8.230713251362151e-06,0.05982513581284497,1.0,2.2654643788685983e-05,8.194990873205321e-06,4.005346177399925e-06,4.189644695805396e-06,1
18334,3.6668000000000003,8.240013620578655e-06,0.05981709284772471,1.0,2.2646021459800303e-05,1.5127840820892854e-05,7.216369217521234e-06,7.91147160337162e-06,1
18335,3.6670000000000003,8.249583760549259e-06,0.05980905634413672,1.0,2.2758242561020912e-05,1.635454011044253e-05,7.361609209115914e-06,8.992930901326614e-06,1
18336,3.6672000000000002,8.258561294426636e-06,0.05980442803435834,1.0,2.303220513631842e-05,1.310775676391482e-05,6.185785412303729e-06,6.921971351611092e-06,1
18337,3.6674,8.267145999760988e-06,0.059796382905984595,1.0,2.3208072945541028e-05,1.0958506438446981e-05,5.138230199740954e-06,5.820276238706026e-06,1
18338,3.6676,8.276594769699139e-06,0.059788350490448124,1.0,2.3194940083056002e-05,1.5282472873212654e-05,5.5487107091093694e-06,9.733762164103285e-06,1
18339,3.6678,8.286823578539e-06,0.05978033138967665,1.0,2.2746711746873033e-05,1.9620535109976985e-05,9.456892454669055e-06,1.016364265530793e-05,1
18340,3.668,8.295313164417823e-06,0.05977229865014731,1.0,2.202704874139144e-05,1.1634231184378723e-05,5.661702910247602e-06,5.97252827413112e-06,1
18341,3.6682,8.304141668739159e-06,0.05976427445966443,1.0,2.1390644390039507e-05,1.3956117737059126e-05,6.844342812264862e-06,7.111774924794263e-06,1
18342,3.6684,8.313512050004304e-06,0.059756259992677724,1.0,2.0664978764972273e-05,1.7381591417697606e-05,8.665630512035827e-06,8.715960905661781e-06,1
18343,3.6686,8.319840356940962e-06,0.059748219024289465,1.0,1.9869048235331804e-05,2.958898730508761e-06,1.4776875135388946e-06,1.4812112169698664e-06,1
18344,3.6688,8.327491260387062e-06,0.05974319665686517,1.0,1.9358880329158664e-05,1.007468379146438e-05,4.636280724077225e-06,5.438403067387155e-06,1
18345,3.669,8.336138775617897e-06,0.0597351817098025,1.0,1.8864698759997012e-05,1.554335501281634e-05,7.696168675287019e-06,7.847186337529323e-06,1
18346,3.6692,8.343655834591515e-06,0.05972715925240901,1.0,1.8208125890450485e-05,1.053914839755307e-05,4.920911008553523e-06,5.618237388999548e-06,1
18347,3.6694,8.352432355585416e-06,0.05971915257345667,1.0,1.784226744226672e-05,1.7193750436179827e-05,6.187731926456139e-06,1.1006018509723687e-05,1
18348,3.6696,8.361416188818789e-06,0.05971115259182755,1.0,1.7613657503862925e-05,1.8449577937256306e-05,8.69964559027976e-06,9.749932346976546e-06,1
18349,3.6698000000000004,8.369570078377576e-06,0.05980544609031431,1.0,1.743951575080712e-05,1.4464131972237577e-05,5.041678603879389e-06,9.422453368358188e-06,1
18350,3.6700000000000004,8.3776312197135e-06,0.059797438475011636,1.0,1.7213751159122986e-05,1.4217630111366306e-05,7.098376487142565e-06,7.119253624223741e-06,1
18351,3.6702000000000004,8.384875165949026e-06,0.05988855051825504,1.0,1.7671963500547278e-05,9.664568473239037e-06,4.824437254455573e-06,4.840131218783463e-06,1
18352,3.6704000000000003,8.392852896881152e-06,0.059880542291094095,1.0,1.8373007011150807e-05,1.2624448998587535e-05,6.091503585682666e-06,6.532945412904869e-06,1
18353,3.6706000000000003,8.401948491572904e-06,0.0598725501102758,1.0,1.856241008500149e-05,1.801538401447651e-05,8.878311244715355e-06,9.137072769761156e-06,1
18354,3.6708000000000003,8.409635254532595e-06,0.05986454870734958,1.0,1.8500633963803846e-05,1.1024175126986155e-05,5.023773151351548e-06,6.000401975634607e-06,1
18355,3.6710000000000003,8.416663088542103e-06,0.059856545579757565,1.0,1.7996109636471107e-05,8.226324282691898e-06,3.5009353030757972e-06,4.725388979616101e-06,1
18356,3.6712000000000002,8.423880390585802e-06,0.05984855080538231,1.0,1.6671795728517996e-05,1.049049678293716e-05,5.1222932615450234e-06,5.3682035213921365e-06,1
18357,3.6714,8.430361386508088e-06,0.05984055151765368,1.0,1.6019062252165594e-05,7.454507988744181e-06,3.719039531672517e-06,3.7354684570716644e-06,1
18358,3.6716,8.436316149436996e-06,0.059832551206590916,1.0,1.5474465404709045e-05,5.361417368014553e-06,2.2707097864218434e-06,3.09070758159271e-06,1
18359,3.6718,8.442206283710093e-06,0.059824554197795955,1.0,1.5085670075916747e-05,5.420860101532868e-06,1.7997090314520479e-06,3.6211510700808196e-06,1
18360,3.672,8.448618527453068e-06,0.05981656664663437,1.0,1.482611708787318e-05,8.284508725726933e-06,3.7435840778891404e-06,4.540924647837792e-06,1
18361,3.6722,8.45489084439123e-06,0.059808581392574875,1.0,1.4513731853019008e-05,7.890605769505166e-06,3.7108091387935826e-06,4.179796630711583e-06,1
18362,3.6724,8.46114154531021e-06,0.0598005996544741,1.0,1.4514009220983312e-05,7.775679813955784e-06,3.190208662077861e-06,4.585471151877923e-06,1
18363,3.6726,8.467399873836304e-06,0.05979262135807638,1.0,1.4975612558983173e-05,7.3456535036505165e-06,3.3674040114865658e-06,3.978249492163951e-06,1
18364,3.6728,8.47621248979336e-06,0.05978467288131416,1.0,1.5263475506634714e-05,1.9821309058642643e-05,7.603896258401929e-06,1.2217412800240715e-05,1
18365,3.673,8.48495444720056e-06,0.059776728307612007,1.0,1.5021531060035222e-05,1.9700726095334944e-05,9.672905338827325e-06,1.0027820756507621e-05,1
18366,3.6732,8.492021691600985e-06,0.05976877033425664,1.0,1.4476684822500989e-05,1.1863697706682217e-05,2.45020603748628e-06,9.413491669195936e-06,1
18367,3.6734,8.497721716598326e-06,0.05976407241998675,1.0,1.3748966072434492e-05,5.748594147179433e-06,2.4883302833878854e-06,3.2602638637915483e-06,1
18368,3.6736,8.504126337968294e-06,0.059756110924590676,1.0,1.3456524259360758e-05,9.557671481953352e-06,4.433548321049035e-06,5.124123160904317e-06,1
18369,3.6738,8.510868052901503e-06,0.05974815661556269,1.0,1.3007120298734298e-05,1.1685644981200431e-05,5.807281759459349e-06,5.878363221741081e-06,1
18370,3.6740000000000004,8.515661806490161e-06,0.059740186956212214,1.0,1.2627141395214528e-05,2.3197726275546716e-06,8.778966287757752e-07,1.4418759987788964e-06,1
18371,3.6742000000000004,8.522235403381969e-06,0.059732236704421245,1.0,1.3776913446993624e-05,1.0063261633522117e-05,4.897736047208423e-06,5.165525586313693e-06,1
18372,3.6744000000000003,8.528652941099599e-06,0.059724289864642774,1.0,1.4175551537060608e-05,8.87751185787846e-06,4.164915969543357e-06,4.712595888335102e-06,1
18373,3.6746000000000003,8.535268118431385e-06,0.05971635040941766,1.0,1.4075655940127538e-05,9.958767726025819e-06,4.971844104276124e-06,4.986923621749695e-06,1
18374,3.6748000000000003,8.540026809842662e-06,0.05970839525546359,1.0,1.4682903826340728e-05,6.313158345754172e-08,3.2566602015031085e-08,3.056498144251064e-08,1
18375,3.6750000000000003,8.547008521631346e-06,0.05980607209470653,1.0,1.5659938566334925e-05,1.0194143566372353e-05,5.0925337251012215e-06,5.101609841271131e-06,1
18376,3.6752000000000002,8.555103266293483e-06,0.059898388797517695,1.0,1.625203655763398e-05,1.5158431497841767e-05,7.098008498586245e-06,8.060422999255522e-06,1
18377,3.6754000000000002,8.56358382778156e-06,0.059890468710144786,1.0,1.658566210842652e-05,1.6745173804528922e-05,6.153737780861811e-06,1.059143602366711e-05,1
18378,3.6756,8.574729394607658e-06,0.059882578182623665,1.0,1.7175507595093173e-05,2.9470021899808905e-05,1.3364449789977776e-05,1.610557210983113e-05,1
18379,3.6758,8.584453938297232e-06,0.05987467642809113,1.0,1.7579541501659148e-05,2.194988014451257e-05,9.335968063319729e-06,1.261391208119284e-05,1
18380,3.676,8.59253724424697e-06,0.05986676404842309,1.0,1.773226394714616e-05,1.3581599880080474e-05,3.875620317972886e-06,9.705979562107589e-06,1
18381,3.6762,8.599593688743947e-06,0.059858846217681796,1.0,1.8350181582686884e-05,7.821419964499334e-06,3.348058421967434e-06,4.4733615425319e-06,1
18382,3.6764,8.60818048740066e-06,0.05985094675399928,1.0,1.9412534942586775e-05,1.4402615583154414e-05,6.52050857504388e-06,7.882107008110535e-06,1
18383,3.6766,8.616325032730311e-06,0.0598430480371321,1.0,1.993455615543266e-05,1.166052938705564e-05,5.29374936537755e-06,6.3667800216780906e-06,1
18384,3.6768,8.624357588019992e-06,0.05983515287825598,1.0,2.021883565111437e-05,1.0807795154539104e-05,5.396197720196965e-06,5.411597434342139e-06,1
18385,3.677,8.63201075982762e-06,0.05982725840190123,1.0,2.0073874409044126e-05,9.047594951693736e-06,4.510892016399222e-06,4.536702935294514e-06,1
18386,3.6772,8.641072125856463e-06,0.059822226757531266,1.0,1.97457933142643e-05,1.6407833373469694e-05,7.91678143697708e-06,8.491051936492613e-06,1
18387,3.6774,8.64769027352731e-06,0.05992366818952728,1.0,1.918470186668857e-05,4.743647338351414e-06,2.241285008657376e-06,2.502362329694037e-06,1
18388,3.6776,8.65575245600794e-06,0.059915771048429496,1.0,1.8941170096772283e-05,1.219964149335774e-05,5.886446092107811e-06,6.313195401249929e-06,1
18389,3.6778,8.663060622761868e-06,0.059907870075644236,1.0,1.855229786600735e-05,8.810357856410478e-06,3.594010781826937e-06,5.216347074583542e-06,1
18390,3.6780000000000004,8.671002191919239e-06,0.05989997938843417,1.0,1.870203321963853e-05,1.1819621263092017e-05,5.390322107703715e-06,6.429299155388303e-06,1
18391,3.6782000000000004,8.678418257792984e-06,0.059892086253497734,1.0,1.9083529144980714e-05,8.802538601873835e-06,4.1411417822113425e-06,4.661396819662492e-06,1
18392,3.6784000000000003,8.686456652656848e-06,0.05988420464051062,1.0,1.902391176086896e-05,1.1965679349487084e-05,5.60165108530467e-06,6.364028264182415e-06,1
18393,3.6786000000000003,8.693651515124866e-06,0.05987631938244866,1.0,1.8539097426085608e-05,8.224827468101674e-06,3.523857252125192e-06,4.700970215976482e-06,1
18394,3.6788000000000003,8.701328424744508e-06,0.059868442852900376,1.0,1.8293030596578242e-05,1.0873317451214854e-05,4.797831385695917e-06,6.0754860655189375e-06,1
18395,3.6790000000000003,8.709051372344503e-06,0.059860571249000995,1.0,1.7641322025784845e-05,1.1747123537058727e-05,5.608230587911992e-06,6.138892949146734e-06,1
18396,3.6792000000000002,8.71623015579008e-06,0.05985269728614048,1.0,1.741514725607172e-05,9.244649248869954e-06,4.462617882526082e-06,4.782031366343872e-06,1
18397,3.6794000000000002,8.723757097721758e-06,0.059847543752992734,1.0,1.6963663458766438e-05,1.1429177470600273e-05,5.405907621886399e-06,6.0232698487138754e-06,1
18398,3.6796,8.73199803588509e-06,0.0598396820809781,1.0,1.6739100858337585e-05,1.5215434083831013e-05,7.59852236792215e-06,7.616911715908864e-06,1
18399,3.6798,8.738507088598163e-06,0.059831805766931145,1.0,1.6590234931264206e-05,6.697125215917423e-06,8.592574948182699e-08,6.611199466435597e-06,1
18400,3.68,8.745615583415385e-06,0.05982394150525654,1.0,1.6394579719081773e-05,9.882843554892355e-06,4.7971883860752966e-06,5.085655168817058e-06,1
18401,3.6802,8.751676836994986e-06,0.059816070961389155,1.0,1.5973493650473595e-05,5.060813465032029e-06,2.525005237920224e-06,2.5358082271118048e-06,1
18402,3.6804,8.759687691024291e-06,0.05980822208530179,1.0,1.633263253005558e-05,1.4442288669802297e-05,4.835529752834215e-06,9.606758916968083e-06,1
18403,3.6806,8.768693658378854e-06,0.05980038811377227,1.0,1.6035263892850312e-05,1.970627532668526e-05,9.533525573921088e-06,1.0172749752764171e-05,1
18404,3.6808,8.776451925366003e-06,0.0597925443878884,1.0,1.6040936998899354e-05,1.3453285798797905e-05,4.3023515227914335e-06,9.15093427600647e-06,1
18405,3.681,8.78290484548035e-06,0.05978469243879833,1.0,1.6347449101556746e-05,6.612577790190911e-06,3.3011679137854043e-06,3.3114098764055064e-06,1
18406,3.6812,8.790232501794629e-06,0.059776853361105824,1.0,1.668217521298517e-05,1.0644299351366791e-05,4.492512867757277e-06,6.151786483609514e-06,1
18407,3.6814,8.800325649136514e-06,0.05976904479203867,1.0,1.692907467308685e-05,2.4215692677321877e-05,6.146848380079269e-06,1.8068844297242607e-05,1
18408,3.6816,8.810036126883769e-06,0.059761235221271296,1.0,1.7416062341139494e-05,2.1804932159162074e-05,4.220585212071844e-06,1.758434694709023e-05,1
18409,3.6818,8.822539850563808e-06,0.059753460115073424,1.0,1.7417433735928974e-05,3.5758088153314474e-05,1.7870743839264516e-05,1.7887344314049955e-05,1
18410,3.6820000000000004,8.831864418306942e-06,0.059745652098861644,1.0,1.7630818689017345e-05,1.9637426075399682e-05,2.3748224194033154e-06,1.7262603655996366e-05,1
18411,3.6822000000000004,8.838728200336984e-06,0.05973782807753115,1.0,1.829458230818151e-05,6.661225205574464e-06,2.158885607897649e-06,4.502339597676815e-06,1
18412,3.6824000000000003,8.845822863980006e-06,0.0597300101146315,1.0,1.908969980444363e-05,7.013188760620926e-06,2.891127594809083e-06,4.1220611658118425e-06,1
18413,3.6826000000000003,8.854143357104601e-06,0.05972220935399246,1.0,1.931451391713008e-05,1.2909423163192342e-05,6.289774266989249e-06,6.6196488962030935e-06,1
18414,3.6828000000000003,8.862460857001365e-06,0.0597169574700706,1.0,2.0055438469396452e-05,1.2144763169082235e-05,5.829309125194434e-06,6.3154540438878e-06,1
18415,3.6830000000000003,8.87130998867074e-06,0.05970916150417477,1.0,2.0666506865317223e-05,1.4182826886760748e-05,6.87726986774423e-06,7.305557019016517e-06,1
18416,3.6832000000000003,8.879741995758695e-06,0.05970575278015214,1.0,2.0682914605229794e-05,1.2071669995597485e-05,5.679551705098341e-06,6.392118290499145e-06,1
18417,3.6834000000000002,8.887589067015935e-06,0.05969794220824955,1.0,2.1541949922571957e-05,8.279399383707905e-06,4.128804385655539e-06,4.1505949980523665e-06,1
18418,3.6836,8.895683295609712e-06,0.05969014087735849,1.0,2.1159231802374047e-05,9.889527076440405e-06,4.610116209958433e-06,5.279410866481973e-06,1
18419,3.6838,8.904143126368255e-06,0.059684132205853294,1.0,2.075179716538959e-05,1.2116254933967056e-05,5.7291861722617615e-06,6.3870687617052946e-06,1
18420,3.684,8.913409252030337e-06,0.05967634507309617,1.0,2.031224466247052e-05,1.6577959386066874e-05,8.072613429103584e-06,8.505345956963292e-06,1
18421,3.6842,8.923235330935217e-06,0.05966856658571476,1.0,1.9907821837542905e-05,1.9772102027703106e-05,7.694510265875056e-06,1.207759176182805e-05,1
18422,3.6844,8.93323144430208e-06,0.05966079387499717,1.0,1.9774800630744557e-05,2.0744862467082727e-05,1.0223079128613086e-05,1.052178333846964e-05,1
18423,3.6846,8.940952705567574e-06,0.059652999730171116,1.0,2.0277236343844553e-05,8.858848657876242e-06,2.0031319981212823e-09,8.856845525878121e-06,1
18424,3.6848,8.949291759596805e-06,0.05964521854501933,1.0,2.062534926170782e-05,1.1591259993229014e-05,5.527977771178343e-06,6.0632822220506705e-06,1
18425,3.685,8.957545254129019e-06,0.059637441256485464,1.0,2.0574884524489653e-05,1.1205205769657663e-05,5.473409147702263e-06,5.7317966219554e-06,1
18426,3.6852,8.9655980092231e-06,0.059629665774872775,1.0,2.037291539557605e-05,1.0394908028338232e-05,5.12530846271382e-06,5.269599565624413e-06,1
18427,3.6854,8.973736092358797e-06,0.05962189526889006,1.0,2.0047667636156063e-05,1.1138287549996337e-05,5.346039984203039e-06,5.792247565793299e-06,1
18428,3.6856,8.981496584219369e-06,0.0596141266776892,1.0,1.920186839494173e-05,1.0087776912812465e-05,4.96927001707335e-06,5.118506895739116e-06,1
18429,3.6858,8.988971035982124e-06,0.05960635827983616,1.0,1.8601908076498734e-05,9.249534956911965e-06,4.460881800322135e-06,4.78865315658983e-06,1
18430,3.6860000000000004,8.995876632571392e-06,0.05959858765419617,1.0,1.852355201389388e-05,6.476066422820161e-06,2.81750142021254e-06,3.6585650026076215e-06,1
18431,3.6862000000000004,9.002927268266538e-06,0.05959082258582523,1.0,1.8561040569092106e-05,7.156449278663884e-06,3.0372072121887116e-06,4.119242066475172e-06,1
18432,3.6864000000000003,9.010091999426044e-06,0.05958306133877377,1.0,1.9176333396502308e-05,7.104172440771575e-06,3.410082114129958e-06,3.6940903266416166e-06,1
18433,3.6866000000000003,9.019278983531788e-06,0.059577809670236445,1.0,2.0098046316774553e-05,1.6285108631353652e-05,7.94542407034776e-06,8.339684561005893e-06,1
18434,3.6868000000000003,9.029287560892847e-06,0.05957007565497128,1.0,2.0493432209185073e-05,1.9987589229300087e-05,8.697748941363221e-06,1.1289840287936868e-05,1
18435,3.6870000000000003,9.037599667232825e-06,0.05956232934897609,1.0,2.0856298618608565e-05,1.1132731634401729e-05,5.165290636131511e-06,5.9674409982702184e-06,1
18436,3.6872000000000003,9.04560225147302e-06,0.059554585264100304,1.0,2.0913879736869095e-05,9.518966814529769e-06,4.057786650917466e-06,5.461180163612303e-06,1
18437,3.6874000000000002,9.053205451413679e-06,0.05954684170587007,1.0,2.080200102038142e-05,7.625726510315639e-06,3.06962871281784e-06,4.5560977974977986e-06,1
18438,3.6876,9.061563302677898e-06,0.05953910956426452,1.0,2.0696751886667053e-05,1.1495846568196684e-05,5.477382046809834e-06,6.01846452138685e-06,1
18439,3.6878,9.070182982775057e-06,0.059531383133297824,1.0,2.080443752727103e-05,1.2688380964749311e-05,5.732680321922187e-06,6.955700642827125e-06,1
18440,3.688,9.079839884815452e-06,0.059523670677300494,1.0,2.1000383650159234e-05,1.7668932261863404e-05,8.15355210586287e-06,9.515380156000532e-06,1
18441,3.6882,9.08828874619166e-06,0.05951595079111365,1.0,2.085765147881196e-05,1.1761939475107233e-05,5.840873617998397e-06,5.921065857108836e-06,1
18442,3.6884,9.096658727306606e-06,0.05961779220930381,1.0,2.078041770207462e-05,1.1434936037671475e-05,5.170156433653641e-06,6.264779604017833e-06,1
18443,3.6886,9.105558280637214e-06,0.059610077029274504,1.0,2.124425307717227e-05,1.3609882414471411e-05,6.3717243167051905e-06,7.2381580977662204e-06,1
18444,3.6888,9.114865199714115e-06,0.05960236890620542,1.0,2.1888774527840147e-05,1.4992614044646823e-05,6.474765831112179e-06,8.517848213534644e-06,1
18445,3.689,9.123770660579872e-06,0.05959466162833992,1.0,2.211012689515213e-05,1.2754391958708447e-05,4.48214237328423e-06,8.272249585424217e-06,1
18446,3.6892,9.13454505062138e-06,0.05958697730472857,1.0,2.2502137621377092e-05,2.1696670965073483e-05,1.0197111878607948e-05,1.1499559086465534e-05,1
18447,3.6894,9.14249320369798e-06,0.059579269840370236,1.0,2.1759214750760353e-05,8.298560311611139e-06,3.650541864697476e-06,4.648018446913662e-06,1
18448,3.6896,9.150941032133968e-06,0.059573179759907925,1.0,2.120904519297002e-05,1.133847595882741e-05,5.661044846633141e-06,5.67743111219427e-06,1
18449,3.6898,9.159296207892788e-06,0.059653561710017754,1.0,2.0899661019733434e-05,1.1174958831891323e-05,5.244964864966781e-06,5.929993966924542e-06,1
18450,3.6900000000000004,9.168387317077886e-06,0.059645852403282046,1.0,2.0832419858295544e-05,1.4912694276321196e-05,7.114881259874994e-06,7.797813016446202e-06,1
18451,3.6902000000000004,9.176391694139654e-06,0.059638135650568205,1.0,2.0946578082632347e-05,9.355888615469874e-06,4.583079774786871e-06,4.772808840683003e-06,1
18452,3.6904000000000003,9.183899190689188e-06,0.05963041836283148,1.0,2.0850023309945064e-05,6.959893177051545e-06,3.198100317554111e-06,3.761792859497434e-06,1
18453,3.6906000000000003,9.192502429697296e-06,0.05962271638643613,1.0,2.0831084270996517e-05,1.2449079583905059e-05,5.9512985451159954e-06,6.497781038789064e-06,1
18454,3.6908000000000003,9.200926951620235e-06,0.05961501639074493,1.0,2.0633313679366445e-05,1.1744314059814702e-05,5.801539370805421e-06,5.94277468900928e-06,1
18455,3.6910000000000003,9.209274138187544e-06,0.059607319047427984,1.0,2.0541134453462102e-05,1.144100158381391e-05,5.4163969697004326e-06,6.024604614113478e-06,1
18456,3.6912000000000003,9.217766348466929e-06,0.05959962835560985,1.0,2.0144461443376425e-05,1.2553942441218548e-05,5.921651026880482e-06,6.6322914143380665e-06,1
18457,3.6914000000000002,9.226470922001265e-06,0.05959194321184592,1.0,1.9947653255180744e-05,1.3803526928535122e-05,6.651106560864915e-06,7.1524203676702066e-06,1
18458,3.6916,9.234122636293593e-06,0.059584251382823146,1.0,1.9739710381243544e-05,8.738579075157444e-06,3.971148813209681e-06,4.767430261947764e-06,1
18459,3.6918,9.241086623142944e-06,0.05957655807920587,1.0,1.902427608205761e-05,6.007703930880759e-06,2.9239734166669825e-06,3.083730514213777e-06,1
18460,3.692,9.248057455400731e-06,0.05956886778588631,1.0,1.8837153800542403e-05,6.221741844296925e-06,2.307439317069155e-06,3.91430252722777e-06,1
18461,3.6922,9.256440094975137e-06,0.059561194402349506,1.0,1.9322720575204745e-05,1.2787148644772199e-05,6.108997916687372e-06,6.678150728084828e-06,1
18462,3.6924,9.264542195222023e-06,0.059553522607496204,1.0,1.9273767873580388e-05,1.1424742452790428e-05,5.64457063040441e-06,5.780171822386019e-06,1
18463,3.6926,9.271650232409172e-06,0.059545845186081144,1.0,1.9194307620172814e-05,6.525900566602636e-06,2.803990993714815e-06,3.7219095728878213e-06,1
18464,3.6928,9.280044320763166e-06,0.05953818481123636,1.0,1.8906620235604e-05,1.3235702259530344e-05,6.485604520402052e-06,6.750097739128292e-06,1
18465,3.693,9.289359667303873e-06,0.05953053769025516,1.0,1.824816477444357e-05,1.849113776143425e-05,9.129994291230699e-06,9.361143470203547e-06,1
18466,3.6932,9.297886415335114e-06,0.05952288539946037,1.0,1.7609476852311632e-05,1.5177452116911553e-05,5.403430437105805e-06,9.774021679805747e-06,1
18467,3.6934,9.304925217389262e-06,0.05951522420577985,1.0,1.6925609648811128e-05,8.413414638675827e-06,3.956279153208684e-06,4.457135485467143e-06,1
18468,3.6936,9.312156528066235e-06,0.05950756860955632,1.0,1.6508695346224124e-05,9.785383620535037e-06,4.358729322951712e-06,5.426654297583325e-06,1
18469,3.6938,9.319074459464978e-06,0.05949991374460574,1.0,1.6097206334820813e-05,8.622551930141093e-06,3.7815349883479717e-06,4.841016941793122e-06,1
18470,3.6940000000000004,9.326136090903238e-06,0.05949226511849616,1.0,1.563216267258621e-05,9.798761424910004e-06,4.617660900366035e-06,5.181100524543969e-06,1
18471,3.6942000000000004,9.332973214930168e-06,0.05948461673440623,1.0,1.5679959563742175e-05,8.621136016931812e-06,4.119804846299825e-06,4.501331170631988e-06,1
18472,3.6944000000000004,9.3390297061027e-06,0.059476964188936145,1.0,1.6014961252724336e-05,4.376211192022977e-06,1.7775801904406607e-06,2.5986310015823166e-06,1
18473,3.6946000000000003,9.346285556042291e-06,0.05946932894055854,1.0,1.5627701050924846e-05,1.0753284525647197e-05,5.22125214348392e-06,5.532032382163277e-06,1
18474,3.6948000000000003,9.354180428011247e-06,0.0594617029565347,1.0,1.5538799629791837e-05,1.402934154766484e-05,6.566776300349127e-06,7.462565247315713e-06,1
18475,3.6950000000000003,9.361899646885096e-06,0.05945407953858516,1.0,1.5139645384744277e-05,1.3542030388469248e-05,6.2736791993032355e-06,7.268351189166012e-06,1
18476,3.6952000000000003,9.369559963275512e-06,0.05944646014354024,1.0,1.449409166188899e-05,1.388499609852667e-05,6.936635873936744e-06,6.948360224589926e-06,1
18477,3.6954000000000002,9.37537699074058e-06,0.059438825799750884,1.0,1.4088776067555705e-05,5.066799322129708e-06,1.6187582388619606e-06,3.4480410832677474e-06,1
18478,3.6956,9.383052372857902e-06,0.059431213315935864,1.0,1.4237333450264431e-05,1.4202939443249784e-05,6.886979547385393e-06,7.315959895864391e-06,1
18479,3.6958,9.389426520391737e-06,0.05942359134097549,1.0,1.4294369314703779e-05,7.632359923557962e-06,3.587579494633077e-06,4.044780428924886e-06,1
18480,3.696,9.396506319229508e-06,0.05941598047401597,1.0,1.431229369339026e-05,1.1135636852258457e-05,2.660812311240872e-06,8.474824541017585e-06,1
18481,3.6962,9.404769585690742e-06,0.05940838560336081,1.0,1.424580651327059e-05,1.7111406224121045e-05,8.16711139986571e-06,8.944294824255335e-06,1
18482,3.6964,9.411955363556596e-06,0.05940078285755767,1.0,1.4223822847100482e-05,1.1737834999022955e-05,3.063235546108305e-06,8.67459945291465e-06,1
18483,3.6966,9.41873962791095e-06,0.05948509673559579,1.0,1.4330173302101255e-05,9.615723197711225e-06,4.7629865608224405e-06,4.852736636888785e-06,1
18484,3.6968,9.425655810519233e-06,0.05947749433759661,1.0,1.4324710254924153e-05,1.0273591438573875e-05,5.082583881316687e-06,5.191007557257187e-06,1
18485,3.697,9.433444268135873e-06,0.05946990364922935,1.0,1.4580716777910425e-05,1.4371241932736277e-05,6.9592854017274585e-06,7.41195653100882e-06,1
18486,3.6972,9.440816781365478e-06,0.059462312560315325,1.0,1.4862140285448344e-05,1.2002136824141216e-05,5.634947721995879e-06,6.367189102145337e-06,1
18487,3.6974,9.447447613023877e-06,0.05945471819196526,1.0,1.5067461387545814e-05,8.081061566242284e-06,2.8688014475700792e-06,5.212260118672205e-06,1
18488,3.6976,9.454559496318241e-06,0.05944713319649228,1.0,1.5244692085228235e-05,1.0301880851074386e-05,4.938625496202967e-06,5.3632553548714195e-06,1
18489,3.6978,9.461618205072106e-06,0.059439549363401595,1.0,1.6152473932871867e-05,9.120791531896372e-06,4.182452469615843e-06,4.938339062280528e-06,1
18490,3.6980000000000004,9.468057063712074e-06,0.05943196595701545,1.0,1.5945071189290727e-05,6.221865541721651e-06,2.9502557117074922e-06,3.2716098300141586e-06,1
18491,3.6982000000000004,9.47350238775691e-06,0.059424375858388674,1.0,1.613049471488734e-05,1.062545664485442e-06,5.294547819722724e-07,5.330908825131696e-07,1
18492,3.6984000000000004,9.480797457046714e-06,0.05941680800634435,1.0,1.6547690849368617e-05,9.88739876945338e-06,4.921233119049814e-06,4.966165650403565e-06,1
18493,3.6986000000000003,9.488754268270209e-06,0.05940924798275281,1.0,1.775147734113834e-05,1.1984314614315683e-05,5.318798236043428e-06,6.665516378272255e-06,1
18494,3.6988000000000003,9.496014234169333e-06,0.05940168637118571,1.0,1.83625424034582e-05,7.881034297584712e-06,3.927142827681167e-06,3.953891469903545e-06,1
18495,3.6990000000000003,9.503930821278483e-06,0.05939413541872429,1.0,1.874507461747681e-05,1.0773640846861986e-05,5.380699136283693e-06,5.3929417105782935e-06,1
18496,3.6992000000000003,9.512678567281103e-06,0.05938659678120118,1.0,1.8873304507492267e-05,1.4792450070968474e-05,7.380955656799454e-06,7.411494414169019e-06,1
18497,3.6994000000000002,9.52046564070987e-06,0.05937905157509109,1.0,1.91512746289167e-05,9.702430483728155e-06,4.150159731213276e-06,5.552270752514879e-06,1
18498,3.6996,9.530619851384198e-06,0.059371533743116045,1.0,1.9664071268361536e-05,2.101588841747234e-05,1.0463212859655078e-05,1.0552675557817266e-05,1
18499,3.6998,9.53971510099634e-06,0.05936400759596438,1.0,2.0126288960329307e-05,1.52487409926521e-05,5.197709539289934e-06,1.0051031453362166e-05,1
18500,3.7,9.547242476131437e-06,0.05935647177527311,1.0,2.0542256953351135e-05,6.984667797802734e-06,3.329763914107208e-06,3.6549038836955264e-06,1
18501,3.7002,9.557171893472446e-06,0.05934896477490191,1.0,2.0504767832044866e-05,1.902319321892742e-05,9.39993887364388e-06,9.62325434528354e-06,1
18502,3.7004,9.566760449534753e-06,0.059341452951986416,1.0,2.2303393603414733e-05,1.5509994702955546e-05,5.736474965483856e-06,9.77351973747169e-06,1
18503,3.7006,9.574155125128455e-06,0.05933392785962764,1.0,2.2063143433117494e-05,4.771918987087458e-06,2.2628862838140858e-06,2.5090327032733724e-06,1
18504,3.7008,9.583444669835082e-06,0.05932643154975772,1.0,1.9171820987678546e-05,1.7128821757876036e-05,8.422352569033586e-06,8.70646918884245e-06,1
18505,3.701,9.591584616016852e-06,0.059318921370604405,1.0,1.9217725926814607e-05,1.1325764416667495e-05,4.9596047957757226e-06,6.366159620891773e-06,1
18506,3.7012,9.599842962755806e-06,0.05931141570895823,1.0,1.9634834901459913e-05,1.1492044741317985e-05,5.169979793766727e-06,6.3220649475512575e-06,1
18507,3.7014,9.608936339189831e-06,0.059393224816246315,1.0,2.028077558022164e-05,1.50112763877424e-05,7.081109974314285e-06,7.930166413428116e-06,1
18508,3.7016,9.622401164375599e-06,0.05938577205741573,1.0,2.0723644262343352e-05,3.6413774206316086e-05,1.8141812259117007e-05,1.827196194719908e-05,1
18509,3.7018,9.630681725533239e-06,0.05937826898195672,1.0,2.1041295227384552e-05,1.0163356855847743e-05,5.074719216886842e-06,5.0886376389609e-06,1
18510,3.702,9.63834188908184e-06,0.059370767262278044,1.0,2.119288014664494e-05,6.901412526476693e-06,3.062746829329449e-06,3.838665697147244e-06,1
18511,3.7022000000000004,9.64789145752301e-06,0.059363288577762026,1.0,2.149617632848981e-05,1.6036097217088014e-05,7.932020959965764e-06,8.10407625712225e-06,1
18512,3.7024000000000004,9.656190310952609e-06,0.05935580133411599,1.0,2.112716378405028e-05,1.0142152965977198e-05,4.594386696313366e-06,5.5477662696638316e-06,1
18513,3.7026000000000003,9.665012631225254e-06,0.05934832330930056,1.0,2.0905043625158326e-05,1.2972610884715079e-05,5.966261327241399e-06,7.00634955747368e-06,1
18514,3.7028000000000003,9.673025589299704e-06,0.05934084166549954,1.0,2.057082549192896e-05,9.251173140019059e-06,4.173767936908702e-06,5.077405203110357e-06,1
18515,3.7030000000000003,9.680485821695328e-06,0.05933335930494868,1.0,1.9895305113756717e-05,7.154941827346291e-06,3.5703019164894314e-06,3.584639910856859e-06,1
18516,3.7032000000000003,9.687283058981435e-06,0.059325873923537484,1.0,1.9351726569036613e-05,4.376065592986497e-06,1.8201437305660723e-06,2.5559218624204242e-06,1
18517,3.7034000000000002,9.695303075829147e-06,0.05931840335885468,1.0,1.967722714139466e-05,1.0156687100569308e-05,4.9885899971946744e-06,5.168097103374633e-06,1
18518,3.7036000000000002,9.703119632162863e-06,0.05931093397535358,1.0,1.9845368636101117e-05,8.962927492447272e-06,4.303481554441291e-06,4.659445938005981e-06,1
18519,3.7038,9.710902811976674e-06,0.05930346779985891,1.0,2.0176037705448072e-05,8.457185811633861e-06,3.920338961762648e-06,4.536846849871214e-06,1
18520,3.704,9.719144052766243e-06,0.059296009762831114,1.0,2.070491308781712e-05,1.0210200409424477e-05,4.674769497842506e-06,5.535430911581972e-06,1
18521,3.7042,9.728080768818262e-06,0.059288564268731615,1.0,2.0160363045093432e-05,1.422310090388871e-05,6.944396682325587e-06,7.278704221563123e-06,1
18522,3.7044,9.736644079960247e-06,0.05928111683026071,1.0,2.0252151089722512e-05,1.2255091993891783e-05,5.468511615719104e-06,6.786580378172679e-06,1
18523,3.7046,9.744247338384623e-06,0.059273663432113856,1.0,2.0926658215304265e-05,6.771831390765112e-06,3.37935971111492e-06,3.392471679650192e-06,1
18524,3.7048,9.752889369912606e-06,0.05926622602074844,1.0,2.0712944675646754e-05,1.2170878868034525e-05,5.70145953898125e-06,6.469419329053275e-06,1
18525,3.705,9.761004433774449e-06,0.059258786890389166,1.0,2.0409279658866567e-05,9.830903014823062e-06,4.586092867734409e-06,5.244810147088654e-06,1
18526,3.7052,9.769303100077906e-06,0.05925135375023779,1.0,2.0205282712449355e-05,1.0944291564510249e-05,5.106647009385212e-06,5.837644555125036e-06,1
18527,3.7054,9.777537773649466e-06,0.05924392304242904,1.0,2.0168841975554413e-05,1.065208478278127e-05,5.318962958892459e-06,5.333121823888811e-06,1
18528,3.7056,9.785559572609512e-06,0.059236494144863594,1.0,2.0039278011538204e-05,9.708738566469788e-06,4.362632556180994e-06,5.346106010288795e-06,1
18529,3.7058,9.793457686224099e-06,0.05922906847296397,1.0,1.9652652721456685e-05,9.46857834437558e-06,4.7297269317415835e-06,4.738851412633997e-06,1
18530,3.706,9.800453296539615e-06,0.05922163816211457,1.0,1.904237621468151e-05,5.55852320064805e-06,1.9033838509673835e-06,3.655139349680667e-06,1
18531,3.7062000000000004,9.807752413523758e-06,0.05921421464361522,1.0,1.8690622808542852e-05,7.420312094268188e-06,3.572302498974995e-06,3.848009595293193e-06,1
18532,3.7064000000000004,9.815924685634252e-06,0.059206802600097246,1.0,1.8494554987997524e-05,1.1974034531001052e-05,5.769180203369667e-06,6.204854327631385e-06,1
18533,3.7066000000000003,9.825141945980006e-06,0.05919940342637401,1.0,1.8799547233333583e-05,1.6884846589763553e-05,8.067474893055789e-06,8.817371696707764e-06,1
18534,3.7068000000000003,9.833065643972036e-06,0.059191994260318015,1.0,1.9396991313242582e-05,9.810585696026573e-06,4.527911088130638e-06,5.282674607895934e-06,1
18535,3.7070000000000003,9.842184193716774e-06,0.05918460210890888,1.0,1.9706730761806323e-05,1.5466152248338805e-05,7.558540696259785e-06,7.907611552079018e-06,1
18536,3.7072000000000003,9.849552052877948e-06,0.05917719567434625,1.0,2.017569946142625e-05,6.235072445675536e-06,2.4224085939689668e-06,3.8126638517065693e-06,1
18537,3.7074000000000003,9.858703764001458e-06,0.059169810713465505,1.0,2.1126042095964464e-05,1.4195313852405493e-05,7.027342793755557e-06,7.167971058649935e-06,1
18538,3.7076000000000002,9.865998421404659e-06,0.05916241145674752,1.0,2.1158544348638332e-05,4.868906188970944e-06,2.219091699306578e-06,2.6498144896643656e-06,1
18539,3.7078,9.875158694692447e-06,0.05915503658446242,1.0,2.0685361761747223e-05,1.4661526805854555e-05,7.324371572861549e-06,7.337155232993007e-06,1
18540,3.708,9.884176132844784e-06,0.059147663237539706,1.0,1.9970435305536917e-05,1.4652723920985563e-05,7.3187394086473125e-06,7.333984512338252e-06,1
18541,3.7082,9.891612316557949e-06,0.05914027582668232,1.0,2.015594611337439e-05,6.552300526055427e-06,3.044463518138608e-08,6.521855890874041e-06,1
18542,3.7084,9.900115361634462e-06,0.059132904127265316,1.0,2.0766148393486746e-05,1.1268037092322482e-05,5.634054899321895e-06,5.633982193000587e-06,1
18543,3.7086,9.908753995223354e-06,0.05912553722440062,1.0,2.1083595264176663e-05,1.1619528093078495e-05,5.802559683921542e-06,5.816968409156954e-06,1
18544,3.7088,9.916508742953251e-06,0.059118166393084655,1.0,2.0656654261669175e-05,7.6184315239769795e-06,3.5477963027493866e-06,4.070635221227593e-06,1
18545,3.709,9.92377703500703e-06,0.059110794526371614,1.0,2.0444605755129098e-05,5.390319183591949e-06,1.7420378983547205e-06,3.6482812852372286e-06,1
18546,3.7092,9.931956983074025e-06,0.05910343659520589,1.0,2.006933231006847e-05,1.0315765061362216e-05,5.019181712711466e-06,5.2965833486507496e-06,1
18547,3.7094,9.939772353529176e-06,0.05909607653185434,1.0,2.0516348248584336e-05,8.037463836961713e-06,3.812748476480465e-06,4.224715360481249e-06,1
18548,3.7096,9.949631391109114e-06,0.059088741117475224,1.0,2.0851954636682737e-05,1.7910906611348416e-05,8.941829069449204e-06,8.96907754189921e-06,1
18549,3.7098,9.958955466373133e-06,0.05908140187798819,1.0,2.1166333734898956e-05,1.4911630671024878e-05,5.288805278431971e-06,9.622825392592907e-06,1
18550,3.71,9.966631960650915e-06,0.05907455426588326,1.0,2.0931577818371465e-05,6.899547353347511e-06,2.7014367859691217e-06,4.1981105673783895e-06,1
18551,3.7102000000000004,9.973929543374811e-06,0.05917333575687342,1.0,2.0627070962380463e-05,5.300582221663305e-06,1.7646785216017861e-06,3.5359037000615193e-06,1
18552,3.7104000000000004,9.983290610176898e-06,0.0594450503635587,1.0,2.0402582749552866e-05,1.58309573312623e-05,7.61121822894338e-06,8.219739102318922e-06,1
18553,3.7106000000000003,9.991036998958477e-06,0.05943768884920167,1.0,1.9819659170620493e-05,8.331502093496906e-06,3.764200479319917e-06,4.567301614176989e-06,1
18554,3.7108000000000003,1.0000157707664357e-05,0.05943034214556657,1.0,2.0465677562314735e-05,1.4548221964265551e-05,4.51103298571145e-06,1.00371889785541e-05,1
18555,3.7110000000000003,1.0010096771344938e-05,0.05942350044272327,1.0,2.0529647947538437e-05,1.856599866932447e-05,9.275271622834019e-06,9.29072704649045e-06,1
18556,3.7112000000000003,1.0016723215442222e-05,0.05941613250183469,1.0,2.0201321254362723e-05,2.322526218104307e-06,1.1607303668646932e-06,1.1617958512396137e-06,1
18557,3.7114000000000003,1.0024748867010545e-05,0.05940878416879227,1.0,1.9768332542971154e-05,9.743864613273736e-06,4.72973146039105e-06,5.014133152882685e-06,1
18558,3.7116000000000002,1.0031905229876224e-05,0.05940143133665129,1.0,1.8662076271483878e-05,6.495709112108498e-06,2.4980614509278572e-06,3.99764766118064e-06,1
18559,3.7118,1.0039150399449393e-05,0.05939408263428506,1.0,1.8117327625807488e-05,7.4769365429271395e-06,3.524562766700047e-06,3.952373776227093e-06,1
18560,3.712,1.0046358411079305e-05,0.059386736014130324,1.0,1.7769198386648572e-05,7.631694038058019e-06,2.0030083189971883e-09,7.629691029739021e-06,1
18561,3.7122,1.0055608762941742e-05,0.05937941427668449,1.0,1.758072390247482e-05,1.8023225427667615e-05,8.88644197758729e-06,9.136783450080325e-06,1
18562,3.7124,1.0063908363659392e-05,0.05937208406568831,1.0,1.781380214717289e-05,1.3027169152124556e-05,4.829926461698507e-06,8.197242690426049e-06,1
18563,3.7126,1.0072776488243232e-05,0.05936476420701185,1.0,1.8043698096966874e-05,1.5630872738257135e-05,7.81082027750816e-06,7.820052460748978e-06,1
18564,3.7128,1.0082537432884373e-05,0.059357455692587734,1.0,1.8585624261969838e-05,1.9543253039329394e-05,8.458764208083052e-06,1.1084488831246343e-05,1
18565,3.713,1.0092057927568559e-05,0.059449789500884066,1.0,1.8919255297027787e-05,1.7996227848119297e-05,8.97792893641374e-06,9.018298911705557e-06,1
18566,3.7132,1.0104778627018028e-05,0.059442511643429764,1.0,1.918476867526884e-05,3.372003013673494e-05,1.6740795345604523e-05,1.697923479113042e-05,1
18567,3.7134,1.0112132479057654e-05,0.05943518170495756,1.0,1.9433319271562118e-05,6.626682568506534e-06,2.6334177101111605e-06,3.9932648583953735e-06,1
18568,3.7136,1.0119756519889853e-05,0.05942786225348494,1.0,1.964782062164933e-05,7.755265176144738e-06,3.7048192580132957e-06,4.050445918131443e-06,1
18569,3.7138,1.0128347624578424e-05,0.059508906212933865,1.0,1.973602770833322e-05,1.2492967507646812e-05,6.199587242699378e-06,6.2933802649474345e-06,1
18570,3.714,1.013711854359417e-05,0.05950160017115306,1.0,1.9249619243677066e-05,1.3869324032307768e-05,5.467053742157926e-06,8.402270290149842e-06,1
18571,3.7142000000000004,1.0146276774918338e-05,0.05949430215956741,1.0,1.8632263176675352e-05,1.641381768109593e-05,8.075225956171384e-06,8.338591724924543e-06,1
18572,3.7144000000000004,1.0154593644784693e-05,0.05948699854684611,1.0,1.8524083793465538e-05,1.2306006509239396e-05,6.065031382800073e-06,6.240975126439323e-06,1
18573,3.7146000000000003,1.0162241176524701e-05,0.059479690602430815,1.0,1.916288722710921e-05,8.312129630475394e-06,4.144078661921981e-06,4.168050968553412e-06,1
18574,3.7148000000000003,1.0171264177545148e-05,0.059570827451505375,1.0,1.961519034882367e-05,1.4727415325407985e-05,7.216708654244885e-06,7.5107066711631e-06,1
18575,3.7150000000000003,1.0179416440222953e-05,0.059563525210367944,1.0,2.0049511638787676e-05,9.930377404520407e-06,4.858745535623666e-06,5.071631868896742e-06,1
18576,3.7152000000000003,1.0188801198181851e-05,0.05955623927996701,1.0,2.0635865955416143e-05,1.5497282923366888e-05,7.743315358202753e-06,7.753967565164137e-06,1
18577,3.7154000000000003,1.019701432802159e-05,0.05954894407966041,1.0,2.1611436154380147e-05,8.654323490045852e-06,4.286874942752383e-06,4.36744854729347e-06,1
18578,3.7156000000000002,1.0204886971303961e-05,0.05963456936393958,1.0,2.15393810508574e-05,7.014550509076441e-06,2.50202114552494e-06,4.512529363551501e-06,1
18579,3.7158,1.02134494762266e-05,0.05962757592542365,1.0,2.1477859580834417e-05,1.0516743964903767e-05,2.664765379492387e-06,7.85197858541138e-06,1
18580,3.716,1.0224215059693943e-05,0.05962030468181505,1.0,2.2567072822394202e-05,2.0432757503921748e-05,9.856232369078308e-06,1.057652513484344e-05,1
18581,3.7162,1.0233476808262352e-05,0.05961302312333518,1.0,2.2791065433012144e-05,1.2679054168552915e-05,6.293767742952918e-06,6.385286425599998e-06,1
18582,3.7164,1.0241988990180826e-05,0.05960573848111743,1.0,2.282007031057597e-05,8.892873861352387e-06,4.198877929485191e-06,4.693995931867196e-06,1
18583,3.7166,1.025001833447364e-05,0.059598452242992116,1.0,2.3276396410243168e-05,6.013670531075344e-06,2.879980135802108e-06,3.1336903952732356e-06,1
18584,3.7168,1.0257641114095623e-05,0.05959116625346301,1.0,2.378921575377651e-05,3.4598100518878257e-06,1.7253202712630143e-06,1.7344897806248112e-06,1
18585,3.717,1.0264674616393232e-05,0.05958387813469209,1.0,2.4292946163278877e-05,2.002960569721804e-09,2.002960569721804e-09,0.0,1
18586,3.7172,1.0274487903956828e-05,0.059576622268718425,1.0,2.4139767525649926e-05,1.4045257201341568e-05,7.021370219642317e-06,7.023886981699251e-06,1
18587,3.7174,1.0283849790269082e-05,0.059569500003930846,1.0,2.474594693153249e-05,1.1171985958231866e-05,5.579929991954814e-06,5.592055966277052e-06,1
18588,3.7176,1.0291536422200303e-05,0.059562225774489455,1.0,2.417820100691343e-05,3.3545027363581666e-06,1.2030196853768997e-06,2.151483050981267e-06,1
18589,3.7178,1.029991859808218e-05,0.059554961379417945,1.0,2.4326745943200957e-05,6.675239407662099e-06,3.32847798271825e-06,3.3467614249438485e-06,1
18590,3.718,1.0310281712228235e-05,0.059547718580265085,1.0,2.4925008942414554e-05,1.5971811571592736e-05,7.770494117918311e-06,8.201317453674425e-06,1
18591,3.7182000000000004,1.0321813494313343e-05,0.05954059444634228,1.0,2.5600418243788936e-05,2.1128216136528453e-05,9.413700905658816e-06,1.1714515230869638e-05,1
18592,3.7184000000000004,1.033171513806169e-05,0.05953334938734538,1.0,2.5849748150800175e-05,1.2716914540800262e-05,5.720640454676989e-06,6.9962740861232726e-06,1
18593,3.7186000000000003,1.034660983485047e-05,0.05952615993014896,1.0,2.5345215860473643e-05,3.817365018473094e-05,1.9066045497681838e-05,1.91076046870491e-05,1
18594,3.7188000000000003,1.0356895410185548e-05,0.059518924288502445,1.0,2.4785843528708096e-05,1.5674150484753103e-05,7.315447313335709e-06,8.358703171417393e-06,1
18595,3.7190000000000003,1.0365790284813786e-05,0.05951168229066979,1.0,2.4053693180282087e-05,9.442711284880716e-06,4.4295793448773825e-06,5.013131940003334e-06,1
18596,3.7192000000000003,1.0375615128314121e-05,0.059504454174968684,1.0,2.3375766927539798e-05,1.4760639996078647e-05,7.057478787186224e-06,7.703161208892424e-06,1
18597,3.7194000000000003,1.0384809629607857e-05,0.059497222620737186,1.0,2.28562764642589e-05,1.2118418939317307e-05,5.526880025967444e-06,6.591538913349863e-06,1
18598,3.7196000000000002,1.0393122660461327e-05,0.05948998581516413,1.0,2.2441964047564205e-05,8.116179730230764e-06,4.053741206374056e-06,4.062438523856709e-06,1
18599,3.7198,1.0401710008590904e-05,0.059482751153557535,1.0,2.4297742061291908e-05,7.623110432769755e-06,2.762783900956019e-06,4.860326531813737e-06,1
18600,3.72,1.0410779081805119e-05,0.05947553495445996,1.0,2.1246183146596978e-05,1.3074016536220729e-05,6.531090549327438e-06,6.542925986893291e-06,1
18601,3.7202,1.0418017731087975e-05,0.05946829954631123,1.0,2.0524829923629703e-05,4.634686604029369e-06,2.3128831306217712e-06,2.3218034734075975e-06,1
18602,3.7204,1.0428797964865089e-05,0.05946108530435125,1.0,2.0384871033371136e-05,2.247309801106673e-05,1.1065140222203425e-05,1.1407957788863304e-05,1
18603,3.7206,1.0438153819770608e-05,0.05945386948917636,1.0,2.0333239636937796e-05,1.5392243607686904e-05,5.4759451563869215e-06,9.91629845129998e-06,1
18604,3.7208,1.044688279186425e-05,0.05944665284236132,1.0,2.0443083004818585e-05,1.2138481508637713e-05,6.022627963942329e-06,6.115853544695385e-06,1
18605,3.721,1.0454662290903475e-05,0.05956748998176565,1.0,2.100205908313407e-05,6.822132376764736e-06,3.2207652073550206e-06,3.6013671694097155e-06,1
18606,3.7212,1.0462863256771909e-05,0.059560271242645506,1.0,2.0293275968112027e-05,9.629858954214058e-06,4.468303008465188e-06,5.16155594574887e-06,1
18607,3.7214,1.047157284444796e-05,0.05955306081357545,1.0,1.9630033126689366e-05,1.2827327440971224e-05,6.258920689120089e-06,6.568406751851135e-06,1
18608,3.7216,1.047910814338289e-05,0.05954584216892212,1.0,1.9025583206705766e-05,7.5518030914360286e-06,2.70821479413354e-06,4.843588297302488e-06,1
18609,3.7218,1.0487682121214594e-05,0.0595386368376447,1.0,1.891346080551016e-05,1.2848861273613638e-05,6.275918208642003e-06,6.572943064971635e-06,1
18610,3.722,1.0495748658146128e-05,0.05953142831548224,1.0,1.9218237523373093e-05,9.998140040962003e-06,4.743316522454541e-06,5.254823518507461e-06,1
18611,3.7222000000000004,1.0504348494782919e-05,0.0595242299835843,1.0,1.946392554201687e-05,1.2410196868086596e-05,6.068692448384574e-06,6.341504419702023e-06,1
18612,3.7224000000000004,1.0511323165305405e-05,0.059517018564382886,1.0,1.967404947922399e-05,4.0660673214649985e-06,2.0119769394411016e-06,2.0540903820238965e-06,1
18613,3.7226000000000004,1.051903847134852e-05,0.05950981982659274,1.0,1.929167657310157e-05,8.143911400484201e-06,4.06491671385244e-06,4.078994686631761e-06,1
18614,3.7228000000000003,1.052567946001982e-05,0.05950261695622086,1.0,1.7416389117153115e-05,4.640082450792808e-06,1.7015525848927392e-06,2.9385298659000688e-06,1
18615,3.7230000000000003,1.0532127861413838e-05,0.05949541402128963,1.0,1.6598065565138313e-05,4.48861133025777e-06,2.240198719275729e-06,2.2484126109820404e-06,1
18616,3.7232000000000003,1.0541783120074902e-05,0.05948824486911967,1.0,1.6664142486111663e-05,2.0448365468522732e-05,1.004622939447106e-05,1.0402136074051674e-05,1
18617,3.7234000000000003,1.0548221860291394e-05,0.05948104544435388,1.0,1.7196388638989594e-05,3.825077249196638e-06,1.7400654229062831e-06,2.0850118262903543e-06,1
18618,3.7236000000000002,1.0555597462710963e-05,0.05947385939645386,1.0,1.7958557200345976e-05,7.739977530156295e-06,3.483737599130523e-06,4.256239931025772e-06,1
18619,3.7238,1.056498806001274e-05,0.05956099369772767,1.0,1.821636488607706e-05,1.7547342454253123e-05,8.353466640517301e-06,9.193875813735821e-06,1
18620,3.724,1.0573952732824347e-05,0.059553825114839094,1.0,1.7970947455073736e-05,1.5653488930389082e-05,7.538676340927412e-06,8.11481258946167e-06,1
18621,3.7242,1.0581732722362244e-05,0.05954664831977971,1.0,1.7811560485041428e-05,9.880664489149292e-06,4.835221314843106e-06,5.045443174306187e-06,1
18622,3.7244,1.0590835733682566e-05,0.059539487321910625,1.0,1.825041795829845e-05,1.604804759761484e-05,7.899360580279741e-06,8.148687017335102e-06,1
18623,3.7246,1.059880131613097e-05,0.05953231781009745,1.0,1.863361247708489e-05,9.968742233038266e-06,3.126965856812326e-06,6.84177637622594e-06,1
18624,3.7248,1.0607359485147467e-05,0.05952515973728226,1.0,1.8842819996014385e-05,1.2713789738895053e-05,6.060531858943301e-06,6.653257879951752e-06,1
18625,3.725,1.061513391285165e-05,0.059517997231178586,1.0,1.917043658880542e-05,8.458890174370118e-06,3.984481154768982e-06,4.474409019601136e-06,1
18626,3.7252,1.0623000748905146e-05,0.05951058030615445,1.0,1.9280629603719967e-05,8.802531568300527e-06,3.3901618687370037e-06,5.412369699563523e-06,1
18627,3.7254,1.0631481299688869e-05,0.059503428036137264,1.0,1.9074084431557117e-05,1.2069066297282886e-05,4.9563347841871835e-06,7.112731513095701e-06,1
18628,3.7256,1.063950025008043e-05,0.05949627485848863,1.0,1.875940936727488e-05,1.006707483059571e-05,5.0298127444487735e-06,5.0372620861469364e-06,1
18629,3.7258,1.064656752580836e-05,0.05948911438626618,1.0,1.9017232009413432e-05,5.04296316142917e-06,1.9398070617901726e-06,3.103156099638997e-06,1
18630,3.726,1.0655047211718439e-05,0.05948197216432099,1.0,1.9418062693795497e-05,1.1696023566293053e-05,5.430011103420753e-06,6.2660124628723e-06,1
18631,3.7262,1.066345968846605e-05,0.059474832202438044,1.0,1.9647573605462397e-05,1.1121594476749236e-05,5.202525163363745e-06,5.91906931338549e-06,1
18632,3.7264000000000004,1.0672595149350977e-05,0.059467703509031515,1.0,1.9819054055503893e-05,1.4555814976716753e-05,6.716568823451666e-06,7.839246153265086e-06,1
18633,3.7266000000000004,1.0681440478114007e-05,0.05946057572979441,1.0,1.988918563729656e-05,1.3025573850435394e-05,6.1465111832556176e-06,6.879062667179777e-06,1
18634,3.7268000000000003,1.0690899089155082e-05,0.05945345534604929,1.0,2.122545034728556e-05,1.474610048043241e-05,6.865506134358499e-06,7.88059434607391e-06,1
18635,3.7270000000000003,1.070012857543622e-05,0.05944633638448961,1.0,2.1977154349226566e-05,1.2838949230770651e-05,6.09819648336068e-06,6.74075274740997e-06,1
18636,3.7272000000000003,1.0708814616337285e-05,0.059439217372407496,1.0,2.2380994867918474e-05,9.708467736952102e-06,4.73267530319351e-06,4.975792433758592e-06,1
18637,3.7274000000000003,1.0717194740554926e-05,0.05943209978822756,1.0,2.222362743533172e-05,8.327287715042737e-06,3.6250314818562713e-06,4.7022562331864665e-06,1
18638,3.7276000000000002,1.0726530604986591e-05,0.05942499308934266,1.0,2.2983845298794597e-05,1.2336462693063439e-05,3.63261330046554e-06,8.7038493925979e-06,1
18639,3.7278000000000002,1.0736821333744764e-05,0.059417901797215456,1.0,2.25321452015102e-05,1.7552164090466818e-05,8.770972427058562e-06,8.781191663408254e-06,1
18640,3.728,1.0745694613739866e-05,0.05941079779042418,1.0,2.2880401727148178e-05,1.0106588681902712e-05,4.8376445918314735e-06,5.268944090071239e-06,1
18641,3.7282,1.075963231277531e-05,0.0594037485415092,1.0,2.330900847910417e-05,3.498806992578325e-05,1.7455470693996144e-05,1.7532599231787106e-05,1
18642,3.7284,1.0769876968208301e-05,0.05939666212868742,1.0,2.371788829020345e-05,1.6101238878288278e-05,7.874609520599406e-06,8.22662935768887e-06,1
18643,3.7286,1.0779232024862027e-05,0.0593895744196974,1.0,2.4119871414515176e-05,1.124095627309139e-05,5.616720272138197e-06,5.624236000953194e-06,1
18644,3.7288,1.0788652746869447e-05,0.05938249143182186,1.0,2.4268702142600042e-05,1.1410583265106265e-05,5.1671652959423354e-06,6.243417969163929e-06,1
18645,3.729,1.079688069764615e-05,0.05937540107376344,1.0,2.42618256040322e-05,5.444331804833543e-06,2.5216784477362578e-06,2.922653357097285e-06,1
18646,3.7292,1.0805086129801781e-05,0.05936831386233477,1.0,2.430430644994135e-05,5.280629841134337e-06,2.637634293323237e-06,2.6429955478111e-06,1
18647,3.7294,1.0818504834261455e-05,0.059361281617595775,1.0,2.4557928579316354e-05,3.1081991398032105e-05,1.5459540826224562e-05,1.562245057180754e-05,1
18648,3.7296,1.0829228595673392e-05,0.05935422387452424,1.0,2.4572655056755347e-05,1.7579838226730115e-05,7.317908865969246e-06,1.0261929360760867e-05,1
18649,3.7298,1.0839966877293369e-05,0.059347171635494196,1.0,2.4358392601862678e-05,1.7855410177243026e-05,8.811758062120986e-06,9.04365211512204e-06,1
18650,3.73,1.0849126441186882e-05,0.05934010815202174,1.0,2.3907322523898878e-05,1.0402428830407263e-05,5.045569815349334e-06,5.356859015057929e-06,1
18651,3.7302,1.0857238851039825e-05,0.0594765691651957,1.0,2.3862269140330996e-05,5.201082507961866e-06,2.1016601207925165e-06,3.09942238716935e-06,1
18652,3.7304000000000004,1.0866806238459138e-05,0.05946951157094209,1.0,2.3405403109998835e-05,1.2923547391587317e-05,6.37516235141112e-06,6.548385040176198e-06,1
18653,3.7306000000000004,1.0877803774100982e-05,0.05946169029972685,1.0,2.3257281991590897e-05,2.0211600730096273e-05,1.00558321064059e-05,1.0155768623690372e-05,1
18654,3.7308000000000003,1.0887603099528137e-05,0.05945463366606193,1.0,2.2361420064036166e-05,1.5105471618202421e-05,7.418634477390859e-06,7.686837140811562e-06,1
18655,3.7310000000000003,1.089747794890684e-05,0.059447025637780405,1.0,2.1836553645518488e-05,1.599761871874699e-05,7.83333520774529e-06,8.1642835110017e-06,1
18656,3.7312000000000003,1.090575780349506e-05,0.0594399572305766,1.0,2.0993455417678623e-05,8.856203047808027e-06,4.176335811197346e-06,4.67986723661068e-06,1
18657,3.7314000000000003,1.0914082503515514e-05,0.05943289316967632,1.0,2.0390209473966787e-05,9.674957457505941e-06,4.735817033750043e-06,4.939140423755899e-06,1
18658,3.7316000000000003,1.092179599923181e-05,0.05942582673600686,1.0,1.9881835836655027e-05,7.118891017405747e-06,3.3738637244491355e-06,3.745027292956611e-06,1
18659,3.7318000000000002,1.0930420870126187e-05,0.05941793268543159,1.0,1.967639207254075e-05,1.1872642296387867e-05,5.774506904406795e-06,6.098135391981071e-06,1
18660,3.732,1.093893751168762e-05,0.05941087296549854,1.0,1.9791771289589702e-05,1.1207113595486485e-05,5.405698932658935e-06,5.80141466282755e-06,1
18661,3.7322,1.094767123352685e-05,0.05949399014355899,1.0,1.9742897045385146e-05,1.233134204486986e-05,6.049849978621901e-06,6.281492066247959e-06,1
18662,3.7324,1.0955857725564557e-05,0.05948692805304079,1.0,1.9769943120342266e-05,9.55926086189147e-06,4.670773042718242e-06,4.8884878191732265e-06,1
18663,3.7326,1.0963880743770719e-05,0.05947986800004804,1.0,2.001433121427396e-05,8.488994102289979e-06,4.236418706083199e-06,4.252575396206779e-06,1
18664,3.7328,1.0971614041253957e-05,0.0594721147836852,1.0,2.0258777111810636e-05,6.78768287037393e-06,3.2646681805931493e-06,3.52301468978078e-06,1
18665,3.733,1.098045577348551e-05,0.05946506450772887,1.0,2.040860960095509e-05,1.2171321136672607e-05,5.8389076399882016e-06,6.3324134966844056e-06,1
18666,3.7332,1.0990003752047868e-05,0.05945802404399255,1.0,2.0565461135868037e-05,1.5536036981991527e-05,5.332709025337536e-06,1.020332795665399e-05,1
18667,3.7334,1.1001207640715911e-05,0.059451004652245606,1.0,2.0578579601562185e-05,2.3791553391969988e-05,1.188901502473095e-05,1.1902538367239036e-05,1
18668,3.7336,1.1008761832786917e-05,0.0594439505191032,1.0,2.0679527459223715e-05,5.432263477699458e-06,2.3300874173426663e-06,3.102176060356792e-06,1
18669,3.7338,1.1016713599905021e-05,0.05943690679135718,1.0,2.0366567136637167e-05,7.72496276656428e-06,3.850448570598357e-06,3.8745141959659215e-06,1
18670,3.734,1.1025421329276823e-05,0.05942987482310993,1.0,1.949799103687178e-05,1.2364602805989565e-05,6.180556953255607e-06,6.184045852733957e-06,1
18671,3.7342,1.103271952385229e-05,0.05942283191093108,1.0,1.8839470229869878e-05,5.967048704696398e-06,2.659124316173435e-06,3.3079243885229625e-06,1
18672,3.7344000000000004,1.1040327340449937e-05,0.059415795566258284,1.0,1.8509163046740587e-05,7.83764777697264e-06,3.4090369061366503e-06,4.4286108708359886e-06,1
18673,3.7346000000000004,1.1047731588538677e-05,0.05940876088516084,1.0,1.7982333608656245e-05,7.3387603486804644e-06,3.2578112535220734e-06,4.080949095158391e-06,1
18674,3.7348000000000003,1.1056836963319716e-05,0.05940174680782306,1.0,1.7376289847193218e-05,1.6441769905439648e-05,8.152480963311218e-06,8.289288942128427e-06,1
18675,3.7350000000000003,1.106496853110725e-05,0.05939370760346958,1.0,1.6842523682266546e-05,1.2097459581896824e-05,6.04155304901802e-06,6.055906532878804e-06,1
18676,3.7352000000000003,1.1071665401613425e-05,0.05938666956702278,1.0,1.651699830705727e-05,5.241721845555241e-06,2.61558522077541e-06,2.626136624779831e-06,1
18677,3.7354000000000003,1.1079270671626302e-05,0.059379644424470676,1.0,1.623277755457097e-05,1.0060442206732412e-05,4.915330287308694e-06,5.145111919423717e-06,1
18678,3.7356000000000003,1.1085777492230961e-05,0.059461049542213096,1.0,1.6139634380225856e-05,4.652961114476578e-06,2.247568133832221e-06,2.4053929806443577e-06,1
18679,3.7358000000000002,1.1092810195407696e-05,0.05945401843322815,1.0,1.6470404735026387e-05,6.944509300841565e-06,3.0638885795599982e-06,3.880620721281566e-06,1
18680,3.736,1.1100234389493905e-05,0.05944699397952281,1.0,1.6949256548289038e-05,8.415531780314035e-06,3.985083890715134e-06,4.4304478895989e-06,1
18681,3.7362,1.1108165037458222e-05,0.059439978380860535,1.0,1.7462535259702707e-05,1.0426466550841797e-05,5.1289154083825185e-06,5.297551142459278e-06,1
18682,3.7364,1.111591199017468e-05,0.059432964723539615,1.0,1.7598135745403467e-05,9.364163019945511e-06,4.25830754498903e-06,5.105855474956482e-06,1
18683,3.7366,1.1123860064641314e-05,0.05942595661718055,1.0,1.7816287158031752e-05,1.0143384376654552e-05,4.662880989702417e-06,5.480503386952135e-06,1
18684,3.7368,1.1131431275270663e-05,0.05941795873743674,1.0,1.800411907183047e-05,8.063101500198177e-06,3.682682608138194e-06,4.380418892059983e-06,1
18685,3.737,1.1139713133874735e-05,0.05941095528652041,1.0,1.8355205390564985e-05,1.125693554264109e-05,5.529767111243202e-06,5.727168431397889e-06,1
18686,3.7372,1.1148391062342501e-05,0.0594039584499888,1.0,1.8588045678098564e-05,1.299553886193963e-05,6.32058526310278e-06,6.674953598836849e-06,1
18687,3.7374,1.1156089274364763e-05,0.05939695635678153,1.0,1.8533013475494084e-05,8.14339243365198e-06,4.067208537881678e-06,4.076183895770302e-06,1
18688,3.7376,1.1164707253164954e-05,0.05938996741317976,1.0,1.846039705026447e-05,1.2806278103633356e-05,6.112783096885496e-06,6.69349500674786e-06,1
18689,3.7378,1.117555120599383e-05,0.05938300380271567,1.0,1.855625995674014e-05,2.383005427904188e-05,1.1907737895962226e-05,1.1922316383079656e-05,1
18690,3.738,1.1183960023765978e-05,0.05937601718319078,1.0,1.82792278320874e-05,1.1921291154173179e-05,2.0033110161688053e-06,9.917980138004374e-06,1
18691,3.7382,1.1192400881191058e-05,0.059369037411587486,1.0,1.792605802033255e-05,1.2425812251197519e-05,6.140317586330843e-06,6.285494664866675e-06,1
18692,3.7384000000000004,1.119939854321739e-05,0.059362045692523055,1.0,1.794946301448509e-05,5.178330970104239e-06,2.5878244914789205e-06,2.5905064786253187e-06,1
18693,3.7386000000000004,1.1208348691408633e-05,0.05935507706547561,1.0,1.8000737606695192e-05,1.4881118062101767e-05,7.386354870281327e-06,7.494763191820439e-06,1
18694,3.7388000000000003,1.1215998705492055e-05,0.059348098611691345,1.0,1.8097331074808485e-05,8.275139541079083e-06,3.535233244381788e-06,4.7399062966972946e-06,1
18695,3.7390000000000003,1.122491808545241e-05,0.05934113723609942,1.0,1.798341557840902e-05,1.4727186177622184e-05,7.018634099263905e-06,7.708552078358279e-06,1
18696,3.7392000000000003,1.123279761383479e-05,0.05933416785776775,1.0,1.75689700416596e-05,9.933554175844999e-06,3.1481487160260667e-06,6.785405459818932e-06,1
18697,3.7394000000000003,1.1240944535208684e-05,0.0593272072414309,1.0,1.683274069142898e-05,1.1998338021230007e-05,5.808841386570698e-06,6.1894966346593085e-06,1
18698,3.7396000000000003,1.1247383291256076e-05,0.0593202315579259,1.0,1.661082175866212e-05,3.6717832227749594e-06,1.6542765749890994e-06,2.01750664778586e-06,1
18699,3.7398000000000002,1.1253966756619437e-05,0.059313260935045374,1.0,1.6609059142730237e-05,4.390273494138751e-06,2.189623709203681e-06,2.2006497849350696e-06,1
18700,3.74,1.1261654269115466e-05,0.059306304855106386,1.0,1.6701553366905048e-05,9.810534546085512e-06,4.867951319611014e-06,4.942583226474498e-06,1
18701,3.7402,1.1269218570375129e-05,0.05929935030119432,1.0,1.6642007480655615e-05,9.246024423008415e-06,4.541861680109167e-06,4.704162742899247e-06,1
18702,3.7404,1.1276537456974432e-05,0.05929239617845768,1.0,1.6936696084300682e-05,7.716458030300166e-06,3.852721523546802e-06,3.863736506753363e-06,1
18703,3.7406,1.1283962039324386e-05,0.059285446557212206,1.0,1.7309438627363997e-05,7.864463813610302e-06,2.845608101252571e-06,5.0188557123577314e-06,1
18704,3.7408,1.1292016273573155e-05,0.059278506586860166,1.0,1.7639487640326016e-05,1.0674554402215767e-05,4.779788293443759e-06,5.894766108772008e-06,1
18705,3.741,1.1300355517883928e-05,0.05927157194316469,1.0,1.822262332424205e-05,1.1507864738877221e-05,5.734900223454228e-06,5.7729645154229944e-06,1
18706,3.7412,1.1308166757974912e-05,0.05926463542395126,1.0,1.8902792518761598e-05,8.179198973223349e-06,3.852202196871294e-06,4.326996776352055e-06,1
18707,3.7414,1.131533120580183e-05,0.059257695625558694,1.0,1.9762353839112356e-05,4.077823213363312e-06,1.970853656850843e-06,2.1069695565124693e-06,1
18708,3.7416,1.1322393464466452e-05,0.05925075901944948,1.0,2.0349936041800075e-05,2.9718388375706476e-06,2.002888424005355e-09,2.9698359491466424e-06,1
18709,3.7418,1.1331350851837512e-05,0.05924384534877902,1.0,2.080327034827557e-05,1.1985741997833267e-05,5.983616425129342e-06,6.0021255727039256e-06,1
18710,3.742,1.1340573638616554e-05,0.059236936550997564,1.0,2.129815400506441e-05,1.2808305084935166e-05,6.196985532817867e-06,6.611319552117299e-06,1
18711,3.7422,1.1349219761914552e-05,0.05923002550149451,1.0,2.1946362572136634e-05,9.267393802175476e-06,4.5962177004100355e-06,4.671176101765441e-06,1
18712,3.7424000000000004,1.1359360970526552e-05,0.05934501761865749,1.0,2.2074135323405038e-05,1.6603791941942624e-05,7.962964729807641e-06,8.640827212134981e-06,1
18713,3.7426000000000004,1.1368767663836562e-05,0.05933811515637473,1.0,2.2104763045582652e-05,1.2890312149801741e-05,5.012141503849733e-06,7.87817064595201e-06,1
18714,3.7428000000000003,1.137776565888457e-05,0.05933121408054758,1.0,2.2032486775527904e-05,1.0909427196011264e-05,5.096105362496549e-06,5.813321833514715e-06,1
18715,3.7430000000000003,1.1388560980461813e-05,0.05932433525111993,1.0,2.1601919594044243e-05,2.031622152098342e-05,9.921014205942946e-06,1.0395207315040473e-05,1
18716,3.7432000000000003,1.1396286309515051e-05,0.05931743047131037,1.0,2.011086274548782e-05,6.447584666284895e-06,2.6393532401957034e-06,3.8082314260891922e-06,1
18717,3.7434000000000003,1.1405894247892958e-05,0.059310546446436,1.0,1.978547196690878e-05,1.6176919872600528e-05,8.085034269353378e-06,8.09188560324715e-06,1
18718,3.7436000000000003,1.1413701819924564e-05,0.05930364530925151,1.0,2.0004283489475367e-05,6.947131108477965e-06,6.088210249753867e-08,6.886249005980426e-06,1
18719,3.7438000000000002,1.142175617526398e-05,0.05943502460009167,1.0,2.0330567329111922e-05,7.844862460622794e-06,3.9042545133479625e-06,3.940607947274832e-06,1
18720,3.744,1.1430220205437378e-05,0.0594281328797552,1.0,2.0296819689238716e-05,9.91831294464655e-06,4.702362586837003e-06,5.215950357809547e-06,1
18721,3.7442,1.1439212058664037e-05,0.05942125032515621,1.0,2.0200453785977378e-05,1.2644626197130698e-05,6.31746844416525e-06,6.327157752965449e-06,1
18722,3.7444,1.1447826655563774e-05,0.05941436678372502,1.0,1.9851436855894077e-05,1.1098113933737214e-05,5.267004082094913e-06,5.8311098516423e-06,1
18723,3.7446,1.1457313759895343e-05,0.05940563901454255,1.0,1.9216488407309957e-05,1.6086110911953024e-05,7.915295737789798e-06,8.170815174163227e-06,1
18724,3.7448,1.1465789111611395e-05,0.059398753785412005,1.0,1.900141842857915e-05,1.1232981945925555e-05,5.445965317311938e-06,5.787016628613617e-06,1
18725,3.745,1.1474104044335507e-05,0.05939186872392461,1.0,1.9971217023287622e-05,9.452273556553075e-06,4.720763833331365e-06,4.731509723221709e-06,1
18726,3.7452,1.1482278373922591e-05,0.059384987431813634,1.0,2.020454606429102e-05,8.507273517321298e-06,4.0586315014754915e-06,4.448642015845807e-06,1
18727,3.7454,1.1492042395502103e-05,0.05937812417751746,1.0,2.0736842402066797e-05,1.5914014200712746e-05,7.682124181036902e-06,8.231890019675844e-06,1
18728,3.7456,1.1502070309003642e-05,0.05937126402350779,1.0,2.227044056640816e-05,1.568947095143754e-05,7.838149977383982e-06,7.851320974053561e-06,1
18729,3.7458,1.1511680839889797e-05,0.059364406250621594,1.0,2.2562041905921053e-05,1.3300633236856028e-05,6.5369082389150925e-06,6.763724997940935e-06,1
18730,3.746,1.1520734412492422e-05,0.05935609756441236,1.0,2.263436326694761e-05,1.0433730088826089e-05,5.2127657651323985e-06,5.220964323693691e-06,1
18731,3.7462,1.1530836403266645e-05,0.059435282304209386,1.0,2.218934304179699e-05,1.6109782243787795e-05,7.721997369412425e-06,8.38778487437537e-06,1
18732,3.7464000000000004,1.1539454761085374e-05,0.059428414472031996,1.0,2.1885552405204307e-05,8.985570797658687e-06,4.212708093239398e-06,4.772862704419289e-06,1
18733,3.7466000000000004,1.1548270028721082e-05,0.059421554675349625,1.0,2.0532536310199798e-05,1.1313980330650679e-05,5.408911217669163e-06,5.905069112981516e-06,1
18734,3.7468000000000004,1.1556095297864536e-05,0.05941468662766115,1.0,2.0238350430584224e-05,6.649438399722778e-06,3.2597502125962993e-06,3.389688187126479e-06,1
18735,3.7470000000000003,1.1563784214159139e-05,0.05940782060648334,1.0,2.0043324264367295e-05,6.154561711921256e-06,3.0738391654755215e-06,3.0807225464457344e-06,1
18736,3.7472000000000003,1.157179074777596e-05,0.059400960549298366,1.0,2.0306408288601565e-05,7.4713297191816495e-06,3.7344641985438273e-06,3.736865520637822e-06,1
18737,3.7474000000000003,1.1579421340211034e-05,0.05939409998287677,1.0,2.033701049752197e-05,5.55281801648063e-06,2.5324972516548088e-06,3.0203207648258216e-06,1
18738,3.7476000000000003,1.1587834386866272e-05,0.059387251616720864,1.0,2.005579360940936e-05,9.737887080626906e-06,4.624757351109817e-06,5.113129729517089e-06,1
18739,3.7478000000000002,1.1596793184364302e-05,0.05938041095610689,1.0,2.0404719670440926e-05,1.2108592787682712e-05,5.909327821659779e-06,6.199264966022933e-06,1
18740,3.748,1.1605383477167213e-05,0.0593735689753501,1.0,2.0983889518828294e-05,9.677683249945884e-06,4.686458981281222e-06,4.9912242686646635e-06,1
18741,3.7482,1.161466030444926e-05,0.05936673674043955,1.0,2.1509745676382295e-05,1.2575114845868254e-05,3.4797546612256465e-06,9.095360184642608e-06,1
18742,3.7484,1.1624940305450466e-05,0.05943749750237147,1.0,2.190851585963731e-05,1.7181032124547567e-05,8.54081183385493e-06,8.640220290692635e-06,1
18743,3.7486,1.16349513183712e-05,0.05943067470796276,1.0,2.2233673095609118e-05,1.550026529935869e-05,7.679870171886904e-06,7.820395127471786e-06,1
18744,3.7488,1.1642822338813596e-05,0.05942383472310686,1.0,2.209630343817908e-05,4.928279747501349e-06,1.798240697235967e-06,3.130039050265382e-06,1
18745,3.749,1.1651897817226559e-05,0.05941701233049406,1.0,2.1505389915384673e-05,1.1532585846071208e-05,5.189211693063077e-06,6.343374153008131e-06,1
18746,3.7492,1.1660844660786776e-05,0.059410190903043926,1.0,2.1182370286127926e-05,1.120296414498238e-05,5.535980469925371e-06,5.66698367505701e-06,1
18747,3.7494,1.1669576143227502e-05,0.05940337046025011,1.0,2.0849512255598064e-05,1.0449731836527784e-05,5.084787520513127e-06,5.364944316014658e-06,1
18748,3.7496,1.1677323186816564e-05,0.05939654382968477,1.0,2.0666054316777216e-05,5.702346485896115e-06,2.847068277766208e-06,2.8552782081299066e-06,1
18749,3.7498,1.1684849833394324e-05,0.05938971843073966,1.0,2.064446204656857e-05,4.613942976217581e-06,1.8539273086298695e-06,2.760015667587711e-06,1
18750,3.75,1.1693770478602824e-05,0.059382910932885,1.0,2.0438832875136774e-05,1.1780932856429941e-05,5.815180591097302e-06,5.965752265332639e-06,1
18751,3.7502,1.1702498322975578e-05,0.05937610410360408,1.0,2.029494838128782e-05,1.0951544540966229e-05,5.353281459911929e-06,5.5982630810542995e-06,1
18752,3.7504000000000004,1.1711383582330795e-05,0.059369302309118084,1.0,2.0123340753199038e-05,1.1900977261871376e-05,5.9158474131742145e-06,5.985129848697161e-06,1
18753,3.7506000000000004,1.172015953544808e-05,0.059362501793076165,1.0,2.0381351243668387e-05,1.1087160379770124e-05,5.2829258819067615e-06,5.8042344978633616e-06,1
18754,3.7508000000000004,1.1729116514672465e-05,0.05935570684255111,1.0,2.0538118861499082e-05,1.18262101673196e-05,5.820867053683656e-06,6.005343113635944e-06,1
18755,3.7510000000000003,1.17377271523366e-05,0.0593489111883489,1.0,2.1112107988937356e-05,9.511287790790528e-06,4.429381580212852e-06,5.081906210577677e-06,1
18756,3.7512000000000003,1.1746484922388786e-05,0.05934212013462087,1.0,2.1621497021428868e-05,9.72844084062232e-06,4.6840743440018125e-06,5.0443664966205075e-06,1
18757,3.7514000000000003,1.1756429966768086e-05,0.059335343716205344,1.0,2.222777261907628e-05,1.5048710193949262e-05,6.617016653187485e-06,8.431693540761776e-06,1
18758,3.7516000000000003,1.1765354555405206e-05,0.05932856087779898,1.0,2.2706935923760282e-05,9.4573532968823e-06,4.107315401409765e-06,5.350037895472535e-06,1
18759,3.7518000000000002,1.1774396191533109e-05,0.059321783536492596,1.0,2.3058880716710883e-05,9.681209660931665e-06,4.836199482209327e-06,4.8450101787223375e-06,1
18760,3.7520000000000002,1.1785088592849726e-05,0.05931502607642369,1.0,2.316853013377659e-05,1.7815013471534307e-05,8.567516167460593e-06,9.247497304073714e-06,1
18761,3.7522,1.1793462195985105e-05,0.05939682809027244,1.0,2.2939469367435308e-05,6.43902044933228e-06,2.288872922562771e-06,4.150147526769508e-06,1
18762,3.7524,1.1803573165941333e-05,0.059390066385468135,1.0,2.2706187099310995e-05,1.534942538319019e-05,6.540169104918957e-06,8.809256278271235e-06,1
18763,3.7526,1.1812989012972406e-05,0.059383301084620414,1.0,2.2001313609614536e-05,1.2568420862653767e-05,5.774316871501131e-06,6.7941039911526375e-06,1
18764,3.7528,1.1821763641382956e-05,0.05945216464789514,1.0,2.1593596394404502e-05,9.75959583363296e-06,4.771279303882601e-06,4.98831652975036e-06,1
18765,3.753,1.1829551502927334e-05,0.05944538769636987,1.0,1.981247359903951e-05,6.598190838618969e-06,3.1524494243825004e-06,3.4457414142364683e-06,1
18766,3.7532,1.1838939922349604e-05,0.05943862817798295,1.0,1.9317680799944026e-05,1.5086754385055296e-05,7.5382881749913e-06,7.5484662100639966e-06,1
18767,3.7534,1.1845286077151101e-05,0.0594318410000687,1.0,1.8886759259459488e-05,2.9809823139206576e-07,1.4875818638289328e-07,1.4934004500917248e-07,1
18768,3.7536,1.1852889043370941e-05,0.05942507004004565,1.0,1.8862052161783956e-05,6.599553602457425e-06,3.2926241680759243e-06,3.3069294343815006e-06,1
18769,3.7538,1.1861412223852303e-05,0.05941831037674189,1.0,1.9044369849015494e-05,1.100984516831219e-05,5.501713195598932e-06,5.508131972713259e-06,1
18770,3.754,1.186907835072411e-05,0.05941154641859604,1.0,1.8818043134636398e-05,6.942408450541243e-06,3.1153707789364093e-06,3.827037671604834e-06,1
18771,3.7542,1.1876501992066699e-05,0.05940478315252245,1.0,1.878159130713266e-05,5.758519788876046e-06,2.8651982045486922e-06,2.893321584327354e-06,1
18772,3.7544,1.188532080779027e-05,0.0593951987057427,1.0,1.8965435671614096e-05,1.2542057558977164e-05,6.248477208210203e-06,6.2935803507669615e-06,1
18773,3.7546000000000004,1.1892859893646235e-05,0.05938843466546812,1.0,1.9175459989847585e-05,5.924799555821546e-06,2.005304548525865e-06,3.919495007295681e-06,1
18774,3.7548000000000004,1.190137399937475e-05,0.059466840799759765,1.0,1.9453978820154095e-05,1.0511944016778532e-05,4.737554037961834e-06,5.774389978816698e-06,1
18775,3.7550000000000003,1.1909552017319917e-05,0.05945781834226742,1.0,2.021768169766169e-05,8.059067256962512e-06,4.0211366506756825e-06,4.037930606286829e-06,1
18776,3.7552000000000003,1.1918867010031005e-05,0.059451068835510074,1.0,2.0866920430529723e-05,1.3085516236512689e-05,3.007164611467305e-06,1.0078351625045384e-05,1
18777,3.7554000000000003,1.1930674745235789e-05,0.05944434766180945,1.0,2.1332933091539244e-05,2.5072106990684432e-05,1.0890381847772429e-05,1.4181725142912004e-05,1
18778,3.7556000000000003,1.1941341416814467e-05,0.05943761805172767,1.0,2.1496016817356876e-05,1.9191880245988133e-05,9.507402528988181e-06,9.684477716999951e-06,1
18779,3.7558000000000002,1.1949429729786095e-05,0.05943086700556017,1.0,2.1545923107388124e-05,6.240326648206884e-06,2.5801514841922088e-06,3.660175164014675e-06,1
18780,3.7560000000000002,1.1957728517030531e-05,0.05942412299774419,1.0,2.137949041674206e-05,7.450530821922003e-06,3.4496994106861534e-06,4.000831411235849e-06,1
18781,3.7562,1.1966195361434e-05,0.0594173844188253,1.0,2.1206382940448916e-05,8.4551237457924e-06,3.917471843503295e-06,4.537651902289107e-06,1
18782,3.7564,1.197587212310129e-05,0.05941065976189922,1.0,2.1080315223621177e-05,1.4621247479556763e-05,5.2784621795622356e-06,9.342785299994527e-06,1
18783,3.7566,1.1988577044712643e-05,0.05940396661065878,1.0,2.1121010028730674e-05,2.9709576953269268e-05,9.03799811214495e-06,2.0671578841124317e-05,1
18784,3.7568,1.2003243724188072e-05,0.059397297271284524,1.0,2.139615587418574e-05,3.922880167821878e-05,1.9538924954502505e-05,1.9689876723716277e-05,1
18785,3.757,1.201612052748082e-05,0.05939060973942889,1.0,2.152686168272015e-05,3.013420549225918e-05,9.252961072882819e-06,2.0881244419376363e-05,1
18786,3.7572,1.2023686145083147e-05,0.05938387803553242,1.0,2.1151045020289906e-05,3.943346263268621e-06,1.903176118529236e-06,2.040170144739385e-06,1
18787,3.7574,1.203300184305918e-05,0.05937716508772243,1.0,2.2610675836501063e-05,1.1225256197134683e-05,5.602087411294822e-06,5.6231687858398615e-06,1
18788,3.7576,1.2043402929591383e-05,0.059370467464917344,1.0,2.2899437206615094e-05,1.6353074499820573e-05,8.106766634322075e-06,8.246307865498498e-06,1
18789,3.7578,1.2052535559569781e-05,0.05936376020692729,1.0,2.3004640453441873e-05,9.895322547844612e-06,4.8622377644670785e-06,5.033084783377533e-06,1
18790,3.758,1.2060608016019246e-05,0.059354976097174335,1.0,2.3845729785470773e-05,3.7443582350000545e-06,8.718335124195263e-07,2.872524722580528e-06,1
18791,3.7582,1.2069367846262711e-05,0.05934826947724259,1.0,2.3365853254279288e-05,7.652268980954334e-06,3.8078136298969964e-06,3.844455351057337e-06,1
18792,3.7584,1.2076843730983975e-05,0.059341551428209016,1.0,2.377727080981673e-05,8.126052597964306e-07,1.3939436044750672e-07,6.732108993489239e-07,1
18793,3.7586000000000004,1.2086512682717266e-05,0.05933485948374983,1.0,2.38851185995103e-05,1.1661092302308723e-05,5.824587992723022e-06,5.8365043095857e-06,1
18794,3.7588000000000004,1.2096172788874704e-05,0.05932817127154547,1.0,2.3352112321588902e-05,1.213971359779405e-05,5.679618064846425e-06,6.460095532947625e-06,1
18795,3.7590000000000003,1.2105155315270976e-05,0.05941052694886143,1.0,2.2630100398675415e-05,9.462955810874384e-06,3.940018412521409e-06,5.522937398352975e-06,1
18796,3.7592000000000003,1.2114527448742073e-05,0.05947884786829297,1.0,2.2157969737818957e-05,1.1872571937679397e-05,5.345967662773817e-06,6.52660427490558e-06,1
18797,3.7594000000000003,1.2123424389752377e-05,0.05946745544008372,1.0,2.1777359187325955e-05,9.86768039084507e-06,4.711170906342346e-06,5.156509484502725e-06,1
18798,3.7596000000000003,1.2131907906834367e-05,0.05946074655968841,1.0,2.1453880218591638e-05,8.114914058442516e-06,3.5640549916880565e-06,4.550859066754459e-06,1
18799,3.7598000000000003,1.2140883345503343e-05,0.05945404617238839,1.0,2.1025578965539366e-05,1.0993656034979356e-05,5.443734978096539e-06,5.549921056882818e-06,1
18800,3.7600000000000002,1.2149554096948974e-05,0.05953182404360193,1.0,2.0874373347364465e-05,9.61113323770325e-06,4.576298939707848e-06,5.0348342979954025e-06,1
18801,3.7602,1.2158580380693052e-05,0.05952512581160401,1.0,1.9823240081865873e-05,1.2430634126800333e-05,6.193421905597164e-06,6.237212221203168e-06,1
18802,3.7604,1.2167801558258255e-05,0.059518429033803305,1.0,2.0576343874467225e-05,1.2642414075739726e-05,6.069441724349706e-06,6.572972351390019e-06,1
18803,3.7606,1.2176337413979339e-05,0.05951172916372512,1.0,2.1041222371266228e-05,8.74160094476628e-06,3.84007344681613e-06,4.901527497950149e-06,1
18804,3.7608,1.2184189755045722e-05,0.05958884545410408,1.0,2.130492602530729e-05,5.050702964318483e-06,2.5191816833502914e-06,2.531521280968191e-06,1
18805,3.761,1.2193123031806194e-05,0.05958215219819362,1.0,2.1146951612547893e-05,1.0604544522777836e-05,4.375356883646721e-06,6.229187639131115e-06,1
18806,3.7612,1.2201697494206888e-05,0.05957545901541992,1.0,2.0544032500868765e-05,9.404198024342704e-06,4.675787106371078e-06,4.728410917971626e-06,1
18807,3.7614,1.2209276338674744e-05,0.059568758113970346,1.0,2.0528997268219743e-05,4.432667538136806e-06,2.1871436191017025e-06,2.245523919035103e-06,1
18808,3.7616,1.2217976290371503e-05,0.05968156086964766,1.0,2.087687325475741e-05,9.680325734450869e-06,4.551967800105778e-06,5.1283579343450905e-06,1
18809,3.7618,1.2227749882920028e-05,0.059674882804532835,1.0,2.1389803214142195e-05,1.452589364191181e-05,7.256453402261056e-06,7.269440239650754e-06,1
18810,3.762,1.2237560570095471e-05,0.0596682084673122,1.0,2.1248570299453333e-05,1.4842304852033953e-05,7.261286258637716e-06,7.581018593396237e-06,1
18811,3.7622,1.2247332051840232e-05,0.059661538737274734,1.0,2.048289460959584e-05,1.5401659740576816e-05,7.5448856895184354e-06,7.856774051058382e-06,1
18812,3.7624,1.2256693841268356e-05,0.059654866818235584,1.0,2.024750810700355e-05,1.3578529000924126e-05,6.263566978607005e-06,7.3149620223171214e-06,1
18813,3.7626000000000004,1.2265635950407893e-05,0.05964819296369909,1.0,2.063344429308341e-05,1.1084575285639893e-05,5.319954301390094e-06,5.7646209842498e-06,1
18814,3.7628000000000004,1.2274670781110801e-05,0.059641524059404254,1.0,2.060586274871647e-05,1.1566321861128836e-05,5.089016014521674e-06,6.477305846607163e-06,1
18815,3.7630000000000003,1.2283582787234023e-05,0.0596348579511945,1.0,2.0448670114054143e-05,1.1099964842231878e-05,5.544320993025377e-06,5.5556438492065015e-06,1
18816,3.7632000000000003,1.2291328040686264e-05,0.05962818331136419,1.0,2.0409896295062672e-05,5.296231992348241e-06,1.8718319766232216e-06,3.424400015725019e-06,1
18817,3.7634000000000003,1.230062380837243e-05,0.05972275980311599,1.0,1.9748673661775006e-05,1.3699834340849243e-05,6.507156330790613e-06,7.192678010058629e-06,1
18818,3.7636000000000003,1.2309548079836875e-05,0.059716095760105316,1.0,1.988598708660799e-05,1.1695467706946057e-05,5.601179965152788e-06,6.09428774179327e-06,1
18819,3.7638000000000003,1.231769361028259e-05,0.059709428045342065,1.0,1.9866703109731054e-05,7.812084107358298e-06,3.842210756578583e-06,3.969873350779715e-06,1
18820,3.7640000000000002,1.2326198286028737e-05,0.05969959005695069,1.0,1.9740236309433902e-05,9.725576449406752e-06,4.8541360871738204e-06,4.871440362232932e-06,1
18821,3.7642,1.2335696616666705e-05,0.05969293594288642,1.0,1.9710173839152186e-05,1.4714456559622924e-05,7.097733235395216e-06,7.6167233242277085e-06,1
18822,3.7644,1.2343271470147233e-05,0.05968626550515081,1.0,1.944351195011099e-05,5.354768768892061e-06,2.60271984265923e-06,2.752048926232831e-06,1
18823,3.7646,1.2352196285099905e-05,0.05967961240754865,1.0,1.9334470841003225e-05,1.2204957178610166e-05,5.919851272990866e-06,6.2851059056192996e-06,1
18824,3.7648,1.2361982018077008e-05,0.05967297070670113,1.0,1.948928081475345e-05,1.6344905822065588e-05,7.950539104124638e-06,8.39436671794095e-06,1
18825,3.765,1.2369808659978733e-05,0.059666312120208585,1.0,1.956230720214662e-05,6.467174681667618e-06,2.6068236759581766e-06,3.860351005709442e-06,1
18826,3.7652,1.2379123557058314e-05,0.05965967248175005,1.0,1.9740771738618103e-05,1.372098606855215e-05,6.615285663607556e-06,7.105700404944593e-06,1
18827,3.7654,1.2387618938357115e-05,0.05965302774958262,1.0,1.9778560781094873e-05,9.576263974098659e-06,4.30070582457204e-06,5.2755581495266195e-06,1
18828,3.7656,1.239690200456885e-05,0.059646394287953326,1.0,1.9938388583868073e-05,1.3345523461423515e-05,6.478948816666415e-06,6.8665746447571005e-06,1
18829,3.7658,1.2405381301780747e-05,0.05963975442444697,1.0,2.0501483019508362e-05,8.754255441213574e-06,4.3752110785004624e-06,4.379044362713112e-06,1
18830,3.766,1.2415481255506804e-05,0.059633134286485485,1.0,2.0966037029499478e-05,1.6383222534606823e-05,8.112717744125655e-06,8.270504790481168e-06,1
18831,3.7662,1.2427096074213238e-05,0.05962653256587013,1.0,2.075171694091804e-05,2.416044470905418e-05,1.0616257168754509e-05,1.3544187540299672e-05,1
18832,3.7664,1.2436189390719078e-05,0.05971058893570943,1.0,2.060432480989901e-05,1.1688309386380781e-05,5.837637402946291e-06,5.85067198343449e-06,1
18833,3.7666000000000004,1.2444942164649205e-05,0.05970396012916466,1.0,2.0392404358979128e-05,1.0188143572924974e-05,4.987141491565103e-06,5.201002081359871e-06,1
18834,3.7668000000000004,1.2452439736488097e-05,0.05969732194694745,1.0,2.0421446240889177e-05,3.874563570095844e-06,1.4557848421536174e-06,2.418778727942227e-06,1
18835,3.7670000000000003,1.2461731478789183e-05,0.05969070606988493,1.0,2.0335835021072552e-05,1.292221375334522e-05,6.456563606854539e-06,6.465650146490681e-06,1
18836,3.7672000000000003,1.2472200952972068e-05,0.059684103176437346,1.0,2.0369923471285526e-05,1.8766396663458173e-05,9.377370135578615e-06,9.38902652787956e-06,1
18837,3.7674000000000003,1.2482210019371314e-05,0.05967453930824838,1.0,2.060447772465581e-05,1.6219072421603113e-05,7.991552626285799e-06,8.227519795317316e-06,1
18838,3.7676000000000003,1.2492310998290819e-05,0.059667933121216994,1.0,2.0663873511366353e-05,1.6608666679529434e-05,5.845130722744737e-06,1.0763535956784695e-05,1
18839,3.7678000000000003,1.2502177411852134e-05,0.059661329079833764,1.0,2.0417554619370525e-05,1.5671661905693802e-05,7.327835529308314e-06,8.34382637638549e-06,1
18840,3.7680000000000002,1.2510070972771523e-05,0.05965470944413342,1.0,1.9833081305363363e-05,6.382544980007535e-06,2.8281532111280765e-06,3.5543917688794582e-06,1
18841,3.7682,1.252061824778038e-05,0.05964812013285549,1.0,1.9259816311878238e-05,2.021469247861649e-05,9.972521576134076e-06,1.0242170902482415e-05,1
18842,3.7684,1.2529617836304253e-05,0.05964151646843193,1.0,1.8587570400038373e-05,1.3138232249599071e-05,3.058205416243904e-06,1.0080026833355167e-05,1
18843,3.7686,1.2538725630498533e-05,0.05963491929942739,1.0,1.8192960353467778e-05,1.4064359672997988e-05,6.826772777604084e-06,7.2375868953939054e-06,1
18844,3.7688,1.2546364542242928e-05,0.05962830953061517,1.0,1.8062490024494646e-05,6.8416279311488614e-06,3.383133162609439e-06,3.458494768539422e-06,1
18845,3.769,1.2554108824388032e-05,0.05962170564244555,1.0,1.7451312801866155e-05,7.971589805749442e-06,3.859640112301412e-06,4.11194969344803e-06,1
18846,3.7692,1.2560288604364809e-05,0.05961508992118198,1.0,1.6665846911519868e-05,9.272507808403532e-07,4.643075328136375e-07,4.6294324802671565e-07,1
18847,3.7694,1.2567966112889982e-05,0.05960849240150151,1.0,1.6067366687761898e-05,9.007114970647508e-06,4.3220025906692676e-06,4.6851123799782396e-06,1
18848,3.7696,1.2574566454016448e-05,0.05960188661559293,1.0,1.568843562951569e-05,3.992727592888585e-06,1.9439647000338396e-06,2.0487628928547454e-06,1
18849,3.7698,1.2583048232351567e-05,0.0595953020513041,1.0,1.5633677555720928e-05,1.3446764049958989e-05,6.397001399850747e-06,7.049762650108243e-06,1
18850,3.77,1.2591254498268575e-05,0.05958871869065949,1.0,1.5230342309168871e-05,1.246377877986054e-05,5.2525060552537064e-06,7.2112727246068335e-06,1
18851,3.7702,1.2598781234368143e-05,0.059582130646293065,1.0,1.5368727056347066e-05,8.919492653555409e-06,4.447786333489816e-06,4.471706320065594e-06,1
18852,3.7704,1.2606982746368213e-05,0.05957555235024666,1.0,1.5469108134192976e-05,1.2184741310970987e-05,6.089965185093828e-06,6.094776125877159e-06,1
18853,3.7706000000000004,1.2615255821448793e-05,0.05956897806024546,1.0,1.5529837258107168e-05,1.2473182465205472e-05,6.158127073741487e-06,6.3150553914639856e-06,1
18854,3.7708000000000004,1.2623023059736975e-05,0.05956240153210935,1.0,1.576242039737795e-05,9.703000435338543e-06,4.490584213414343e-06,5.2124162219242e-06,1
18855,3.7710000000000004,1.2630738418947076e-05,0.0595558287168228,1.0,1.576556471054951e-05,9.43234133579987e-06,4.5851625500942075e-06,4.847178785705661e-06,1
18856,3.7712000000000003,1.2637322655853967e-05,0.059549249048034554,1.0,1.5190384355803795e-05,4.344417670835869e-06,2.166908050653655e-06,2.1775096201822146e-06,1
18857,3.7714000000000003,1.2644542023320508e-05,0.05954267755180659,1.0,1.5365897135095172e-05,7.33732797214635e-06,3.260130717801413e-06,4.077197254344937e-06,1
18858,3.7716000000000003,1.265278516689535e-05,0.05953611904062354,1.0,1.5673752896437222e-05,1.214024413265446e-05,5.216742979694115e-06,6.9235011529603454e-06,1
18859,3.7718000000000003,1.2659965441051973e-05,0.05952955489028483,1.0,1.5025750658661001e-05,7.465811503689584e-06,3.7252615232524412e-06,3.7405499804371436e-06,1
18860,3.7720000000000002,1.2668057012244973e-05,0.059523001274257824,1.0,1.5062239877957127e-05,1.1977799992584598e-05,5.919445425458183e-06,6.058354567126415e-06,1
18861,3.7722,1.2674766589371503e-05,0.0595164363252021,1.0,1.543751823842793e-05,4.6847933825003605e-06,2.233096408393826e-06,2.4516969741065343e-06,1
18862,3.7724,1.268168554728613e-05,0.0595098775421471,1.0,1.5726211059381877e-05,5.435867831226665e-06,2.4437227452129172e-06,2.9921450860137477e-06,1
18863,3.7726,1.2688659352933544e-05,0.05950332270013071,1.0,1.5833060072983716e-05,5.595980871728063e-06,2.6670398564710284e-06,2.9289410152570345e-06,1
18864,3.7728,1.2697636356297264e-05,0.059496790916836725,1.0,1.5918656158699775e-05,1.5518006346298093e-05,7.619185213771046e-06,7.898821132527046e-06,1
18865,3.773,1.2706651580126487e-05,0.059490262047845056,1.0,1.569701663360121e-05,1.592129977671164e-05,6.115277602447107e-06,9.806022174264531e-06,1
18866,3.7732,1.2715883948839977e-05,0.0594837381068992,1.0,1.5607886371740557e-05,1.7086570818181638e-05,8.453146713257835e-06,8.633424104923802e-06,1
18867,3.7734,1.2725318879793277e-05,0.05947722079683897,1.0,1.5237052399323587e-05,1.8460410047287096e-05,9.046924645380215e-06,9.41348540190688e-06,1
18868,3.7736,1.2732562187234419e-05,0.059566027525952595,1.0,1.4764787409115134e-05,7.964591913280052e-06,3.978105377488688e-06,3.986486535791363e-06,1
18869,3.7738,1.273896453863244e-05,0.05976188109847939,1.0,1.4677054921690178e-05,3.837820586369922e-06,1.353698762549645e-06,2.484121823820277e-06,1
18870,3.774,1.2747239095603149e-05,0.059755338741339176,1.0,1.4832763662549112e-05,1.303544609985134e-05,6.513071702139477e-06,6.522374397711862e-06,1
18871,3.7742,1.2754232354414787e-05,0.05974878608445328,1.0,1.491807849471225e-05,6.535633924871108e-06,3.039518228363558e-06,3.49611569650755e-06,1
18872,3.7744,1.2763662615446893e-05,0.05974226141547012,1.0,1.497300998004334e-05,1.8657094432743856e-05,9.215388934799564e-06,9.441705497944291e-06,1
18873,3.7746000000000004,1.2772824873451518e-05,0.05973573502143368,1.0,1.5126505527496824e-05,1.71538154343349e-05,6.302468876118326e-06,1.0851346558216572e-05,1
18874,3.7748000000000004,1.2782146907230135e-05,0.05972921412745109,1.0,1.5566894191491122e-05,1.7502594731607152e-05,6.6575826309579395e-06,1.0845012100649213e-05,1
18875,3.7750000000000004,1.2791280183172345e-05,0.059722693994507976,1.0,1.605733795382156e-05,1.60586663392842e-05,8.027060332755586e-06,8.031606006528614e-06,1
18876,3.7752000000000003,1.2799554769072393e-05,0.05971616827966539,1.0,1.6426590339312344e-05,1.1386823473003708e-05,5.664211043454889e-06,5.722612429548819e-06,1
18877,3.7754000000000003,1.2809385892016382e-05,0.05970966122209492,1.0,1.6744654616306478e-05,1.8841934308006628e-05,9.09890138406397e-06,9.743032923942657e-06,1
18878,3.7756000000000003,1.2817498020246774e-05,0.05970314085893306,1.0,1.6998417124915462e-05,9.983774429185885e-06,4.606298863787154e-06,5.377475565398732e-06,1
18879,3.7758000000000003,1.2827473006079865e-05,0.059696641532332485,1.0,1.6851340644011407e-05,1.943563881013316e-05,2.8318938776659967e-06,1.6603744932467166e-05,1
18880,3.7760000000000002,1.2840352551353327e-05,0.059690176758372245,1.0,1.673468897980085e-05,3.4063061263915553e-05,1.691015607277847e-05,1.7152905191137084e-05,1
18881,3.7762000000000002,1.2852613012595566e-05,0.059680259573240906,1.0,1.656113890077273e-05,3.112799826713061e-05,1.1294579609318959e-05,1.9833418657811646e-05,1
18882,3.7764,1.2860394778092007e-05,0.05967374267389824,1.0,1.6410852925391207e-05,8.874270038200168e-06,4.269524761813357e-06,4.604745276386811e-06,1
18883,3.7766,1.2868204545570936e-05,0.05966370811717104,1.0,1.6284288413479018e-05,9.132712581527503e-06,4.494053693155974e-06,4.638658888371529e-06,1
18884,3.7768,1.287535696651974e-05,0.059653314128023875,1.0,1.6379771792501853e-05,5.742702884649652e-06,2.426947945648962e-06,3.3157549390006897e-06,1
18885,3.777,1.2882983831913389e-05,0.05964331807691645,1.0,1.634798624886622e-05,8.139008942328179e-06,4.065421657361148e-06,4.0735872849670316e-06,1
18886,3.7772,1.2891845949355002e-05,0.05963680995135105,1.0,1.6382868437093532e-05,1.4271734669657826e-05,7.132344401002815e-06,7.139390268655012e-06,1
18887,3.7774,1.289892952944959e-05,0.05963028613252077,1.0,1.6631735424460686e-05,5.121816716987826e-06,1.8964768489040195e-06,3.2253398680838063e-06,1
18888,3.7776,1.2905958619812107e-05,0.059620879745293794,1.0,1.650801692518479e-05,4.965730813711553e-06,2.479264962125074e-06,2.4864658515864794e-06,1
18889,3.7778,1.291279569179606e-05,0.059614357088735324,1.0,1.6413268464343763e-05,4.093125143969761e-06,2.042786188923815e-06,2.0503389550459465e-06,1
18890,3.778,1.292694388040564e-05,0.05960790847439326,1.0,1.704610759325205e-05,4.0004834453487454e-05,2.0002073935317303e-05,2.000276051817015e-05,1
18891,3.7782,1.293552794494453e-05,0.059601404324927255,1.0,1.7132736359546084e-05,1.208562569866274e-05,6.0418853077903655e-06,6.043740390872374e-06,1
18892,3.7784,1.2944302009968876e-05,0.05959490924867255,1.0,1.752542114269373e-05,1.2633831042793174e-05,6.311718661631778e-06,6.322112381161396e-06,1
18893,3.7786000000000004,1.2951967664407957e-05,0.05958840600041687,1.0,1.7699381918670254e-05,6.909191803131127e-06,3.413835960686369e-06,3.4953558424447585e-06,1
18894,3.7788000000000004,1.2960413444687982e-05,0.059581914647676544,1.0,1.7791567648437644e-05,1.0709183651132662e-05,5.229497782546437e-06,5.479685868586225e-06,1
18895,3.7790000000000004,1.2969178782900411e-05,0.059575428711930854,1.0,1.7886766963398523e-05,1.2202739798018645e-05,5.724348356709847e-06,6.478391441308797e-06,1
18896,3.7792000000000003,1.2977031930220906e-05,0.05956893677883484,1.0,1.8206999825197296e-05,7.312832410498336e-06,3.575064625569325e-06,3.737767784929011e-06,1
18897,3.7794000000000003,1.2985002179105353e-05,0.05956245008890567,1.0,1.807300346538291e-05,8.024037806504297e-06,3.8089754550001113e-06,4.215062351504185e-06,1
18898,3.7796000000000003,1.2993557185049568e-05,0.05955597266038822,1.0,1.79512720861881e-05,1.1060883862823064e-05,5.364609073695544e-06,5.69627478912752e-06,1
18899,3.7798000000000003,1.3002110938982496e-05,0.059642890471753286,1.0,1.8273173361484273e-05,1.0722528943406141e-05,5.135101524459225e-06,5.587427418946916e-06,1
18900,3.7800000000000002,1.3011276076140438e-05,0.059636418062967954,1.0,1.82927790642261e-05,1.3750535713283356e-05,6.825316240272264e-06,6.925219473011092e-06,1
18901,3.7802000000000002,1.3018762864228664e-05,0.05962993188759395,1.0,1.8331931853874637e-05,5.310899468081175e-06,2.3362446375604163e-06,2.974654830520759e-06,1
18902,3.7804,1.3027732460145327e-05,0.05962346363154707,1.0,1.8746726273592224e-05,1.2301509617439346e-05,5.935675455816696e-06,6.3658341616226495e-06,1
18903,3.7806,1.3036521389089982e-05,0.059613238376415835,1.0,1.9055529233096355e-05,1.1080096376470485e-05,5.360705089858783e-06,5.7193912866117015e-06,1
18904,3.7808,1.3046255726013121e-05,0.05960677708363687,1.0,1.961046846032428e-05,1.5242467574658253e-05,7.16168051458562e-06,8.080787060072632e-06,1
18905,3.781,1.3055697976043322e-05,0.059727213704726036,1.0,1.9935505031843756e-05,1.3445264896678815e-05,5.993112641160039e-06,7.452152255518776e-06,1
18906,3.7812,1.3065032788817574e-05,0.05972075057939628,1.0,1.972634329579585e-05,1.3107375479479484e-05,5.636196113231146e-06,7.471179366248338e-06,1
18907,3.7814,1.307414164015043e-05,0.05971429023194174,1.0,1.904588574099797e-05,1.2648337690310143e-05,6.309612738808153e-06,6.338724951501989e-06,1
18908,3.7816,1.308198930948598e-05,0.05970782004240379,1.0,1.8253622421875545e-05,7.12579108318988e-06,3.562962572751148e-06,3.562828510438731e-06,1
18909,3.7818,1.308995604163131e-05,0.05970135177176135,1.0,1.908426963512585e-05,6.882163242165029e-06,3.4351477300070508e-06,3.447015512157978e-06,1
18910,3.782,1.3097739518788988e-05,0.05969488562001939,1.0,1.947593492273575e-05,5.565962420592856e-06,2.0975004788060396e-06,3.4684619417868168e-06,1
18911,3.7822,1.3106433722608277e-05,0.059688432601034035,1.0,1.9532888330542913e-05,1.0053996228726995e-05,5.022033486844128e-06,5.031962741882868e-06,1
18912,3.7824,1.3116251051452325e-05,0.05968199265970667,1.0,1.9502778574435684e-05,1.5690007337357874e-05,7.810640984928878e-06,7.879366352428994e-06,1
18913,3.7826,1.3124805335636951e-05,0.05967554276617178,1.0,1.970715038028722e-05,9.160762802980214e-06,4.342250325797791e-06,4.818512477182423e-06,1
18914,3.7828000000000004,1.3134266018561066e-05,0.05966910322740281,1.0,2.1336364069679644e-05,1.205408236605919e-05,5.860023953534046e-06,6.1940584125251435e-06,1
18915,3.7830000000000004,1.314411979057276e-05,0.05966266821950495,1.0,2.3660220536698536e-05,1.168552242949314e-05,5.838864145098507e-06,5.846658284394634e-06,1
18916,3.7832000000000003,1.315279906467059e-05,0.059656228492969324,1.0,2.4118854174860534e-05,5.344664483916674e-06,2.320100628827662e-06,3.0245638550890122e-06,1
18917,3.7834000000000003,1.3162179774999768e-05,0.05964979977494547,1.0,2.4408025885120908e-05,8.553189841774399e-06,4.240284364867729e-06,4.312905476906669e-06,1
18918,3.7836000000000003,1.3171664015868027e-05,0.05964337611099071,1.0,2.3847509690492097e-05,9.621448192692323e-06,4.805298404410151e-06,4.816149788282172e-06,1
18919,3.7838000000000003,1.3180632969194542e-05,0.05963329325633646,1.0,2.266450738167264e-05,8.218368733797136e-06,3.885546424032864e-06,4.332822309764272e-06,1
18920,3.7840000000000003,1.3190275265387799e-05,0.059626872553340475,1.0,2.2523927682852026e-05,1.1715886888945095e-05,5.83989419960267e-06,5.875992689342425e-06,1
18921,3.7842000000000002,1.3199790982344307e-05,0.05962045268803753,1.0,2.2433345375706787e-05,1.1163507547496844e-05,5.5770702751746e-06,5.586437272322244e-06,1
18922,3.7844,1.3209563573934558e-05,0.059614037071868124,1.0,2.338168896242307e-05,1.1489402707271163e-05,5.3415171420727815e-06,6.147885565198383e-06,1
18923,3.7846,1.3217633719522297e-05,0.05960760785899571,1.0,2.3804880166415894e-05,2.544613204472643e-06,1.2698784868128099e-06,1.2747347176598333e-06,1
18924,3.7848,1.3227936418241469e-05,0.059601205155884636,1.0,2.3904074158179157e-05,1.3598535570345321e-05,6.556784193956278e-06,7.041751376389043e-06,1
18925,3.785,1.3237760171434062e-05,0.05959480009556854,1.0,2.4095408039812132e-05,1.1001895797666275e-05,5.183706446984012e-06,5.818189350682264e-06,1
18926,3.7852,1.3246224354623792e-05,0.05958838509373288,1.0,2.436095947804222e-05,3.928890365882849e-06,1.9649183258550856e-06,1.963972040027763e-06,1
18927,3.7854,1.3256343633255512e-05,0.059581990371237244,1.0,2.4226492441457625e-05,1.2329073971466515e-05,6.157503561998535e-06,6.17157040946798e-06,1
18928,3.7856,1.326764964369029e-05,0.05957560869497406,1.0,2.4660702506593514e-05,1.7817256652313486e-05,8.903097184195442e-06,8.914159468118042e-06,1
18929,3.7858,1.3277293054996333e-05,0.05956533782381041,1.0,2.513577267134061e-05,9.018228384438913e-06,2.3974068943662807e-06,6.620821490072632e-06,1
18930,3.786,1.3287367438115988e-05,0.059558946226060255,1.0,2.5382594319022888e-05,1.0915904562382903e-05,5.193009085144624e-06,5.722895477238278e-06,1
18931,3.7862,1.3296804854498644e-05,0.05955255058453583,1.0,2.5568714445910947e-05,7.534698799074042e-06,3.7619946891155466e-06,3.7727041099584956e-06,1
18932,3.7864,1.3306758521930397e-05,0.059546163514954446,1.0,2.5943032854551564e-05,9.73144766878064e-06,4.328177355178449e-06,5.403270313602191e-06,1
18933,3.7866,1.3315214664891222e-05,0.05953549430651709,1.0,2.6320799569293728e-05,1.8564475670411565e-06,3.725122088971148e-07,1.4839353581440416e-06,1
18934,3.7868000000000004,1.3327539746286234e-05,0.05952574854338591,1.0,2.658851900089951e-05,2.0922540983275088e-05,1.0455091159553964e-05,1.0467449823721123e-05,1
18935,3.7870000000000004,1.3337219919936028e-05,0.05951935719197126,1.0,2.6779891847093052e-05,7.495057006210455e-06,3.5076340638306574e-06,3.987422942379798e-06,1
18936,3.7872000000000003,1.3347426125990054e-05,0.05959458899447021,1.0,2.705954198811571e-05,9.834030127040519e-06,4.812779685677227e-06,5.021250441363291e-06,1
18937,3.7874000000000003,1.3356887410415287e-05,0.0595881981845324,1.0,2.6536559936890296e-05,6.622069568169807e-06,3.3044451192341516e-06,3.3176244489356546e-06,1
18938,3.7876000000000003,1.336700799102441e-05,0.05958181720847188,1.0,2.6064758486361256e-05,1.038006285615329e-05,5.129870525730322e-06,5.250192330422968e-06,1
18939,3.7878000000000003,1.337803818886677e-05,0.059575448535358316,1.0,2.57259488278815e-05,1.5255838372883005e-05,7.585581119374724e-06,7.670257253508282e-06,1
18940,3.7880000000000003,1.3388250082846541e-05,0.059665525437487786,1.0,2.5520420620590444e-05,1.1357387940236241e-05,5.578437886186776e-06,5.778950054049465e-06,1
18941,3.7882000000000002,1.3397313178612677e-05,0.0596591354969209,1.0,2.5456505695360114e-05,5.667184833762136e-06,2.7914261103348483e-06,2.8757587234272874e-06,1
18942,3.7884,1.3407483550514419e-05,0.0596527602046893,1.0,2.5316707477919245e-05,1.133325873425332e-05,5.49958990036838e-06,5.833668833884941e-06,1
18943,3.7886,1.3417909490885243e-05,0.05964639053759022,1.0,2.5131294493740074e-05,1.2785687033401104e-05,6.184315094519831e-06,6.601371938881272e-06,1
18944,3.7888,1.3427652122392892e-05,0.05963618929631585,1.0,2.5038164154348453e-05,9.451724195897044e-06,4.421806459755384e-06,5.029917736141659e-06,1
18945,3.789,1.3437155632216853e-05,0.05962981244055566,1.0,2.4810384063154534e-05,8.473784566706277e-06,4.006910315798681e-06,4.466874250907596e-06,1
18946,3.7892,1.3447379386210929e-05,0.05962344550110143,1.0,2.4581757874018304e-05,1.2293265407510597e-05,6.1412810275960375e-06,6.151984379914559e-06,1
18947,3.7894,1.3458082373183311e-05,0.05961708667936573,1.0,2.426787669532101e-05,1.4992309797495093e-05,7.154414327341524e-06,7.837895470153569e-06,1
18948,3.7896,1.346845204400198e-05,0.059610727862681075,1.0,2.3686016729114357e-05,1.389651012516115e-05,6.588166387674615e-06,7.308343737486535e-06,1
18949,3.7898,1.3477435562838577e-05,0.05960435928193964,1.0,2.290050857657735e-05,7.741090721195702e-06,3.863183450306582e-06,3.8779072708891196e-06,1
18950,3.79,1.3486384633945248e-05,0.05959799472721807,1.0,2.1630642822901925e-05,8.829302905657764e-06,4.345709372766748e-06,4.483593532891016e-06,1
18951,3.7902,1.3495119068233648e-05,0.05959162908755065,1.0,2.1184255570369872e-05,8.19322323661889e-06,3.865781173422826e-06,4.3274420631960645e-06,1
18952,3.7904,1.3505405982073716e-05,0.05958528140513813,1.0,2.1175780821055477e-05,1.5954104038015856e-05,7.914381240179861e-06,8.039722797835995e-06,1
18953,3.7906,1.3514212515465601e-05,0.05957892208529421,1.0,2.077895689567011e-05,8.938996040111604e-06,4.363484976931763e-06,4.575511063179842e-06,1
18954,3.7908000000000004,1.3521791737396101e-05,0.05957255472736666,1.0,2.0191486351880095e-05,3.381314327442944e-06,1.6885544046125632e-06,1.692759922830381e-06,1
18955,3.7910000000000004,1.3530676881704928e-05,0.059566203186145944,1.0,1.9993442126412483e-05,1.0100333786075373e-05,5.032826543986366e-06,5.067507242089006e-06,1
18956,3.7912000000000003,1.3538906858993303e-05,0.059559847939752,1.0,1.960366917302702e-05,7.205290339632039e-06,3.492599792668868e-06,3.7126905469631716e-06,1
18957,3.7914000000000003,1.3548851498614043e-05,0.05955351317330687,1.0,1.951668068207618e-05,1.5856047774589923e-05,7.814266888676913e-06,8.04178088591301e-06,1
18958,3.7916000000000003,1.3557303128472172e-05,0.05954716458830816,1.0,1.9525963563700275e-05,8.372056178816357e-06,3.6642642548876392e-06,4.707791923928717e-06,1
18959,3.7918000000000003,1.3566011835091958e-05,0.059535946618631264,1.0,1.959743964824157e-05,9.577024948656896e-06,4.523981497178946e-06,5.05304345147795e-06,1
18960,3.7920000000000003,1.35733834775494e-05,0.05952959261682947,1.0,1.783990020398985e-05,4.6408109240743e-06,2.280187013636149e-06,2.360623910438151e-06,1
18961,3.7922000000000002,1.3582073397546661e-05,0.05952325219850457,1.0,1.7526146160754826e-05,1.1537529929141142e-05,5.71232515551342e-06,5.8252047736277226e-06,1
18962,3.7924,1.359075799069616e-05,0.059516913773075296,1.0,1.7418643768233517e-05,1.1609279848840455e-05,5.442608286784974e-06,6.1666715620554795e-06,1
18963,3.7926,1.3599128510648454e-05,0.05950662224934261,1.0,1.712935235227409e-05,1.0319310095140532e-05,5.1532227495288335e-06,5.166087345611699e-06,1
18964,3.7928,1.3609142194887278e-05,0.05950029735414685,1.0,1.77538563978037e-05,1.7900974464656636e-05,8.753324967553408e-06,9.147649497103228e-06,1
18965,3.793,1.3618059200077285e-05,0.059493963817809546,1.0,1.7940386461405593e-05,1.2221106823091568e-05,3.2966668663939872e-06,8.924439956697582e-06,1
18966,3.7932,1.3627838324795177e-05,0.05948764376647065,1.0,1.8239429533904097e-05,1.6222843285432052e-05,8.107135252552768e-06,8.115708032879284e-06,1
18967,3.7934,1.3635371474085564e-05,0.05948130615855695,1.0,1.7146813797940753e-05,6.076497163381092e-06,3.033841520116665e-06,3.0426556432644266e-06,1
18968,3.7936,1.3643203285750812e-05,0.05947497359296674,1.0,1.712302246021337e-05,7.585547308199185e-06,3.5311379388527933e-06,4.054409369346392e-06,1
18969,3.7938,1.3649864159506148e-05,0.059468632414841974,1.0,1.7035022965232613e-05,1.811266448019779e-06,9.059841616381345e-07,9.052822863816445e-07,1
18970,3.794,1.3657336382388952e-05,0.059462302534877935,1.0,1.69201242316836e-05,5.97551047341573e-06,2.968253697884632e-06,3.0072567755310973e-06,1
18971,3.7942,1.366557297851943e-05,0.05945598201043822,1.0,1.7337190722079667e-05,9.372075132421971e-06,4.679289505400057e-06,4.692785627021914e-06,1
18972,3.7944,1.3674094776067884e-05,0.05944966615025594,1.0,1.8131315138768555e-05,9.995166757449061e-06,4.95476603048859e-06,5.0404007269604705e-06,1
18973,3.7946,1.3683214566030241e-05,0.05944335965098871,1.0,1.8704425903258976e-05,1.2402759151044256e-05,4.453221717825226e-06,7.94953743321903e-06,1
18974,3.7948000000000004,1.3691198425725361e-05,0.05943704729266103,1.0,1.8153649085774438e-05,7.2649108355691554e-06,3.610873211095237e-06,3.6540376244739185e-06,1
18975,3.7950000000000004,1.3699789792858799e-05,0.05943074286001098,1.0,1.801941469198147e-05,1.0427988569917946e-05,5.213057559992295e-06,5.214931009925652e-06,1
18976,3.7952000000000004,1.3707392927253695e-05,0.059420921455348975,1.0,1.8139167842135505e-05,5.3586278206426654e-06,2.0729929371986927e-06,3.2856348834439723e-06,1
18977,3.7954000000000003,1.3716181749780972e-05,0.05941462075294449,1.0,1.8528784951279468e-05,1.0888854798379088e-05,5.441559745959312e-06,5.447295052419776e-06,1
18978,3.7956000000000003,1.3725056805076898e-05,0.059408323314378966,1.0,1.864631529307749e-05,1.1193218020930107e-05,2.432855287191083e-06,8.760362733739024e-06,1
18979,3.7958000000000003,1.373627520345924e-05,0.05940205288573747,1.0,1.9016076387883126e-05,2.2529614913111343e-05,1.1245615690121204e-05,1.1283999222990139e-05,1
18980,3.7960000000000003,1.3745502048582713e-05,0.05939576331668611,1.0,1.962816708201067e-05,1.1949014445139577e-05,5.842249773194058e-06,6.106764671945518e-06,1
18981,3.7962000000000002,1.3754794788625644e-05,0.059384392223392625,1.0,1.997864000089929e-05,1.1918362693905701e-05,5.614620714008863e-06,6.303741979896839e-06,1
18982,3.7964,1.3764090582025922e-05,0.059378106346424465,1.0,1.9997255915391463e-05,1.1905253855223984e-05,5.5861848497452115e-06,6.319069005478773e-06,1
18983,3.7966,1.377270628344865e-05,0.059371816891602064,1.0,2.018903466999871e-05,8.30361427307364e-06,4.1313431104733504e-06,4.17227116260029e-06,1
18984,3.7968,1.3781944036274574e-05,0.05944944073346398,1.0,2.0149164572220926e-05,1.1443215226424184e-05,5.713978611624656e-06,5.729236614799528e-06,1
18985,3.797,1.3791499801744315e-05,0.059443160873102446,1.0,2.000114978014404e-05,1.3171424430951535e-05,6.439648393092149e-06,6.731776037859386e-06,1
18986,3.7972,1.3800228645593968e-05,0.05943687472548537,1.0,2.0035160540208864e-05,8.993206525604286e-06,2.487885316649658e-06,6.505321208954628e-06,1
18987,3.7974,1.3809302248548414e-05,0.05943059541479727,1.0,2.0383343224723614e-05,1.0359475771582135e-05,4.577514177808575e-06,5.781961593773561e-06,1
18988,3.7976,1.3818234160218258e-05,0.059424317458254064,1.0,2.081805301725666e-05,9.206858479022953e-06,4.23267962855987e-06,4.974178850463083e-06,1
18989,3.7978,1.3828626153545592e-05,0.05941805705809878,1.0,2.1119688847981405e-05,1.619548139577869e-05,7.824163199354607e-06,8.371318196424084e-06,1
18990,3.798,1.3838759947841818e-05,0.05941179764717377,1.0,2.1110731428045812e-05,1.49026575510359e-05,7.386923761443143e-06,7.5157337895927566e-06,1
18991,3.7982,1.3846704340116381e-05,0.0594055174941606,1.0,2.1843837673497588e-05,3.2130519686952747e-06,1.5954685256415354e-06,1.6175834430537393e-06,1
18992,3.7984,1.3856624764409233e-05,0.05939395453019896,1.0,2.2179711853463913e-05,1.2748035040758673e-05,6.151909159638525e-06,6.596125881120149e-06,1
18993,3.7986,1.3866165181918823e-05,0.05938769190439619,1.0,2.2445886466988305e-05,1.0571604963417077e-05,5.083076212601626e-06,5.48852875081545e-06,1
18994,3.7988000000000004,1.3875418290176712e-05,0.059381430193185675,1.0,2.2260521664404213e-05,9.310555542017978e-06,4.292098044121761e-06,5.0184574978962165e-06,1
18995,3.7990000000000004,1.3885986763965753e-05,0.05937518591081838,1.0,2.1475050626921174e-05,1.6662441626871565e-05,8.312944650871924e-06,8.349496975999642e-06,1
18996,3.7992000000000004,1.3895117059512172e-05,0.059364045172875274,1.0,2.1625793041270416e-05,9.31052852975358e-06,3.244475240452817e-06,6.066053289300764e-06,1
18997,3.7994000000000003,1.3905624276128524e-05,0.059357799940228544,1.0,2.1663771960314024e-05,1.6146840159951766e-05,8.065880094889325e-06,8.08096006506244e-06,1
18998,3.7996000000000003,1.3915518377932538e-05,0.05935155101706037,1.0,2.1534966764736283e-05,1.319935206051181e-05,6.322881775352993e-06,6.876470285158817e-06,1
18999,3.7998000000000003,1.3923991106692288e-05,0.059345291121571934,1.0,2.139317171647008e-05,6.224640531830833e-06,3.100904622405381e-06,3.123735909425452e-06,1
19000,3.8000000000000003,1.3933332937568662e-05,0.059334606371790465,1.0,2.1614116865471937e-05,1.033991892148287e-05,5.025794312490158e-06,5.3141246089927124e-06,1
19001,3.8002000000000002,1.3943004938908464e-05,0.05941528663767182,1.0,2.1913773987677198e-05,1.1679918582163463e-05,5.482009379219472e-06,6.197909202943992e-06,1
19002,3.8004000000000002,1.3952557247395425e-05,0.05940903615667629,1.0,2.16401305621709e-05,1.1345001657663123e-05,5.446408583208416e-06,5.898593074454706e-06,1
19003,3.8006,1.3962248728144807e-05,0.059402790923834596,1.0,2.1084818830193784e-05,1.2586068349431737e-05,4.738852288516592e-06,7.847216060915144e-06,1
19004,3.8008,1.3971958808217831e-05,0.059396548723217445,1.0,2.055036522690451e-05,1.3203328722861772e-05,6.450352449306289e-06,6.752976273555483e-06,1
19005,3.801,1.3980637210939945e-05,0.059390299104832754,1.0,2.0024805304137712e-05,8.560848870637696e-06,4.278811631310972e-06,4.282037239326724e-06,1
19006,3.8012,1.399006783745524e-05,0.05946455382697815,1.0,1.9870794821116863e-05,1.2465347590200146e-05,6.113465303909694e-06,6.351882286290452e-06,1
19007,3.8014,1.399965621882157e-05,0.05945831066542671,1.0,2.077251401588115e-05,1.2342415043344702e-05,6.164381962017139e-06,6.178033081327563e-06,1
19008,3.8016,1.4008114521650903e-05,0.0594520608585557,1.0,2.094789203299651e-05,6.507171986871603e-06,2.9816197563000725e-06,3.5255522305715303e-06,1
19009,3.8018,1.401673928538149e-05,0.059445816480048236,1.0,2.0837329234140155e-05,7.441077448926343e-06,3.138818860092954e-06,4.302258588833389e-06,1
19010,3.802,1.4025735903526232e-05,0.05943957863792709,1.0,2.0854853118703737e-05,9.273578654660793e-06,4.561902410179419e-06,4.711676244481375e-06,1
19011,3.8022,1.4034552132873475e-05,0.05943334095358288,1.0,2.1164911806916933e-05,8.052227673312424e-06,3.7838269266097584e-06,4.268400746702665e-06,1
19012,3.8024,1.4043201440068525e-05,0.05942710542872715,1.0,2.121638496448827e-05,7.156979505508423e-06,3.0358560034863085e-06,4.1211235020221145e-06,1
19013,3.8026,1.4051261455080628e-05,0.0594208686348951,1.0,2.0597590713260268e-05,4.820549286206619e-06,2.407349138450097e-06,2.4132001477565222e-06,1
19014,3.8028000000000004,1.4059716541557424e-05,0.05941463881208363,1.0,2.0182378730546616e-05,7.202457941344364e-06,3.3763326471833743e-06,3.826125294160989e-06,1
19015,3.8030000000000004,1.4069136359065888e-05,0.05940842069151225,1.0,1.9707280779116123e-05,1.249183005592596e-05,6.241616526189737e-06,6.2502135297362226e-06,1
19016,3.8032000000000004,1.4077927230818194e-05,0.059402199497103174,1.0,1.931156238495357e-05,9.733260932893107e-06,4.351322597270676e-06,5.38193833562243e-06,1
19017,3.8034000000000003,1.4088077966673104e-05,0.059391398171062766,1.0,1.9378021083247456e-05,1.6456241497737138e-05,8.02656132298318e-06,8.42968017475396e-06,1
19018,3.8036000000000003,1.4097043535710702e-05,0.059385178361037926,1.0,1.9677142841387994e-05,1.0221247459376787e-05,5.035018769453899e-06,5.186228689922889e-06,1
19019,3.8038000000000003,1.4106907625439378e-05,0.05937897094482047,1.0,2.0226265225871297e-05,1.4154842153177394e-05,6.961637735557651e-06,7.193204417619744e-06,1
19020,3.8040000000000003,1.4116971320827872e-05,0.05937276846601988,1.0,2.019249975948041e-05,1.5176167913094075e-05,7.584753901384239e-06,7.5914140117098364e-06,1
19021,3.8042000000000002,1.4131424938656071e-05,0.05936661243104331,1.0,2.0374235999330482e-05,3.6931144415874735e-05,1.846101563872104e-05,1.8470128777153696e-05,1
19022,3.8044000000000002,1.4141008117384261e-05,0.059360406775617075,1.0,2.055599651608314e-05,1.238454414254299e-05,6.189174418094394e-06,6.195369724448596e-06,1
19023,3.8046,1.4150416126108122e-05,0.05935420687235984,1.0,2.063600386951358e-05,1.1418715210163932e-05,5.5488564286931265e-06,5.869858781470804e-06,1
19024,3.8048,1.4159878969850397e-05,0.059348010586773095,1.0,2.0582807741465498e-05,1.1736178682113909e-05,5.867055983286654e-06,5.869122698827256e-06,1
19025,3.805,1.4169189878364625e-05,0.05934181701272615,1.0,2.0098539934728248e-05,1.1450914106270669e-05,5.582335462981156e-06,5.868578643289512e-06,1
19026,3.8052,1.4177188348965776e-05,0.059335614105016914,1.0,1.92501949719783e-05,5.727989119465921e-06,2.8576763436287297e-06,2.870312775837191e-06,1
19027,3.8054,1.4185593206178236e-05,0.05932941750138119,1.0,1.872726110245568e-05,8.27425561487872e-06,4.133083172208958e-06,4.141172442669762e-06,1
19028,3.8056,1.4194790498799157e-05,0.059323230401799036,1.0,1.900198859854774e-05,1.195246973442689e-05,5.721992298361555e-06,6.230477436065334e-06,1
19029,3.8058,1.4202400523617197e-05,0.059317031128247544,1.0,1.869968271982092e-05,4.309622399096401e-06,1.5705952674412598e-06,2.7390271316551404e-06,1
19030,3.806,1.4211581624967613e-05,0.059310850933040025,1.0,1.830354674548325e-05,1.2552335303675155e-05,4.991600809573092e-06,7.560734494102063e-06,1
19031,3.8062,1.421825850162041e-05,0.05930464923870757,1.0,1.7757939659685676e-05,5.685077470003072e-07,1.840365365548291e-07,3.844712104454782e-07,1
19032,3.8064,1.4226751655969345e-05,0.05929846888420673,1.0,1.7202932317710497e-05,1.0196956661532676e-05,5.087128696225902e-06,5.1098279653067745e-06,1
19033,3.8066,1.4234869349610044e-05,0.05929228719739616,1.0,1.670447918225912e-05,8.809396296225622e-06,4.395499613788186e-06,4.413896682437436e-06,1
19034,3.8068,1.4243384783947234e-05,0.05928611258405768,1.0,1.6364833743854932e-05,1.1129023473503809e-05,5.54287529873081e-06,5.586148174773e-06,1
19035,3.8070000000000004,1.4251321366910843e-05,0.05927993373795363,1.0,1.6316641594248417e-05,8.274333079819062e-06,4.124899233679647e-06,4.149433846139416e-06,1
19036,3.8072000000000004,1.4259981456997887e-05,0.059269508738004135,1.0,1.6281550131634988e-05,1.1918318526873999e-05,5.9524355465143285e-06,5.96588298035967e-06,1
19037,3.8074000000000003,1.4268446918726713e-05,0.05926333438628706,1.0,1.7370904710930007e-05,9.846839937658864e-06,4.917137343525288e-06,4.929702594133577e-06,1
19038,3.8076000000000003,1.4277877543927004e-05,0.059257174502324865,1.0,1.7952902710306015e-05,1.4081268900272593e-05,6.9741435929903005e-06,7.107125307282293e-06,1
19039,3.8078000000000003,1.4286422118085652e-05,0.059329896793104804,1.0,1.8393076797654727e-05,9.200280778023715e-06,4.388724473480822e-06,4.8115563045428945e-06,1
19040,3.8080000000000003,1.4296071123853404e-05,0.05932373935502166,1.0,1.855328840307658e-05,1.4552678734616085e-05,7.1545525209629915e-06,7.398126213653093e-06,1
19041,3.8082000000000003,1.4306015235259961e-05,0.059317588394676796,1.0,1.8601956414860243e-05,1.5969249160407542e-05,7.980944397981829e-06,7.988304762425713e-06,1
19042,3.8084000000000002,1.431582832930335e-05,0.05931143908981145,1.0,1.8307325887954666e-05,1.5598416293574213e-05,7.785076742200757e-06,7.813339551373458e-06,1
19043,3.8086,1.4324717656746823e-05,0.0593052833566712,1.0,1.814740908559938e-05,1.1129682386296482e-05,5.227713193781888e-06,5.901969192514594e-06,1
19044,3.8088,1.4333871020076044e-05,0.05929913462785725,1.0,1.758859631926364e-05,1.2999206334373783e-05,6.495665530706665e-06,6.5035408036671185e-06,1
19045,3.809,1.4343731714794935e-05,0.059292994526251384,1.0,1.751985416948559e-05,1.6594622699761676e-05,8.292147607855402e-06,8.302475091906274e-06,1
19046,3.8092,1.4352359462726321e-05,0.05928684441151658,1.0,1.7335676562105584e-05,1.0604362249741467e-05,2.7871772805014396e-06,7.817184969240027e-06,1
19047,3.8094,1.4360367795731015e-05,0.059280692739328136,1.0,1.7297664780792406e-05,7.536576510772747e-06,3.75983265597065e-06,3.776743854802097e-06,1
19048,3.8096,1.4369370305445327e-05,0.059274553198875084,1.0,1.7441917663194004e-05,1.2354285760075835e-05,5.9270715986499835e-06,6.427214161425852e-06,1
19049,3.8098,1.4377390785345938e-05,0.059268407422404766,1.0,1.710798602994876e-05,7.769140632147669e-06,3.6371883717226804e-06,4.131952260424988e-06,1
19050,3.81,1.4384711421001904e-05,0.059262258029663124,1.0,1.6944937647653076e-05,4.4249310332987655e-06,1.92330861279625e-06,2.5016224205025153e-06,1
19051,3.8102,1.4393523635299249e-05,0.05925612597277205,1.0,1.6926418175085607e-05,1.1892887515967538e-05,5.9435884099820304e-06,5.949299105985507e-06,1
19052,3.8104,1.4401029606524722e-05,0.059249982989606355,1.0,1.7151151410143967e-05,5.1283847703017634e-06,2.5605447387233587e-06,2.5678400315784043e-06,1
19053,3.8106,1.4409849385917495e-05,0.05924385667378499,1.0,1.720535853978196e-05,1.163466022843687e-05,5.815085920112608e-06,5.8195743083242626e-06,1
19054,3.8108,1.4416686235443997e-05,0.05923771344640507,1.0,1.7228781690277203e-05,1.6883841594538655e-06,8.105917159998893e-07,8.777924434539762e-07,1
19055,3.8110000000000004,1.442493590288677e-05,0.059231589000910134,1.0,1.6581280810382884e-05,9.392072862672858e-06,4.634431088571381e-06,4.757641774101477e-06,1
19056,3.8112000000000004,1.4433340452263256e-05,0.059319402288028907,1.0,1.6129779492837987e-05,1.0607896445342452e-05,4.945308488784746e-06,5.662587956557707e-06,1
19057,3.8114000000000003,1.4441315195912728e-05,0.059313272748592376,1.0,1.594543922752562e-05,8.63462111023638e-06,4.0513714574764975e-06,4.583249652759883e-06,1
19058,3.8116000000000003,1.4450303808773436e-05,0.05930715563770619,1.0,1.604509304823612e-05,1.359541697686987e-05,6.747311150195787e-06,6.848105826674082e-06,1
19059,3.8118000000000003,1.4458449141054807e-05,0.05930103269900005,1.0,1.5935765249319813e-05,9.479355311197492e-06,4.73515776873612e-06,4.744197542461372e-06,1
19060,3.8120000000000003,1.4465571134131504e-05,0.05929490285326707,1.0,1.5859884738797095e-05,4.4305420823282695e-06,1.663152440966775e-06,2.767389641361494e-06,1
19061,3.8122000000000003,1.447356100862742e-05,0.059288783996538384,1.0,1.627819057663027e-05,8.343727931815277e-06,4.002811878242885e-06,4.340916053572391e-06,1
19062,3.8124000000000002,1.4482004374661242e-05,0.059282673257459645,1.0,1.6260636233215526e-05,1.062012466946899e-05,5.193729598450292e-06,5.426395071018697e-06,1
19063,3.8126,1.4490267203636863e-05,0.059276563121094535,1.0,1.6380921334458117e-05,9.588394494616736e-06,4.792851055305516e-06,4.79554343931122e-06,1
19064,3.8128,1.4498916596543023e-05,0.05927045971381635,1.0,1.6499667448527626e-05,1.1393599146679931e-05,5.6936110305447705e-06,5.69998811613516e-06,1
19065,3.813,1.4509204429085294e-05,0.05926437480447519,1.0,1.669213712147335e-05,1.9383386119021963e-05,9.59905597930918e-06,9.784330139712783e-06,1
19066,3.8132,1.4517949161873603e-05,0.0592582765852372,1.0,1.684385780258324e-05,1.1506174886958767e-05,4.094803589679155e-06,7.411371297279612e-06,1
19067,3.8134,1.4525406688081468e-05,0.05925217091712049,1.0,1.67385693596665e-05,5.166937879631919e-06,2.3004338983013243e-06,2.8665039813305948e-06,1
19068,3.8136,1.453395401277359e-05,0.05924607879981253,1.0,1.663143588043138e-05,1.0714675730467703e-05,5.352621367724934e-06,5.362054362742768e-06,1
19069,3.8138,1.4541651758805424e-05,0.059314728360724066,1.0,1.670242702749291e-05,6.3861894885368655e-06,2.387800104788597e-06,3.998389383748269e-06,1
19070,3.814,1.4549676788781922e-05,0.059308630813732326,1.0,1.688533624603547e-05,7.831461008174411e-06,3.4380287602813616e-06,4.39343224789305e-06,1
19071,3.8142,1.4558544929941755e-05,0.059302544994201886,1.0,1.6884153003125536e-05,1.2039341216168406e-05,5.9684487852549185e-06,6.070892430913488e-06,1
19072,3.8144,1.4566556227301181e-05,0.05929645187852507,1.0,1.726220692717554e-05,7.3682167892430864e-06,3.497483482418083e-06,3.870733306825003e-06,1
19073,3.8146,1.4573998208733178e-05,0.059290357149198294,1.0,1.7307886583847453e-05,4.467861484923877e-06,2.2308466146586983e-06,2.2370148702651784e-06,1
19074,3.8148,1.458290868795349e-05,0.05928427973149499,1.0,1.745393738921337e-05,1.165572724596629e-05,5.440242418470612e-06,6.21548482749568e-06,1
19075,3.8150000000000004,1.4590888922949483e-05,0.059278196215855346,1.0,1.724872849136083e-05,7.200857710393644e-06,3.5969453060958736e-06,3.603912404297771e-06,1
19076,3.8152000000000004,1.4597963911491233e-05,0.05927210579989194,1.0,1.7501944340540384e-05,2.413524624133939e-06,1.2042684654749677e-06,1.2092561586589715e-06,1
19077,3.8154000000000003,1.4606098086005242e-05,0.05925960302174216,1.0,1.821688901231231e-05,6.9866370782982735e-06,3.487546688729535e-06,3.4990903895687384e-06,1
19078,3.8156000000000003,1.4614015042274227e-05,0.059253520738479774,1.0,1.8821725291314117e-05,5.287297275363208e-06,2.618296539815958e-06,2.66900073554725e-06,1
19079,3.8158000000000003,1.4625065522367108e-05,0.059247472900969426,1.0,1.9191533431389822e-05,2.0575151068041172e-05,1.0255880630770286e-05,1.0319270437270887e-05,1
19080,3.8160000000000003,1.4634547033703548e-05,0.05924140921100822,1.0,1.9604640188620886e-05,1.230641497981262e-05,3.7366407898505972e-06,8.569774189962024e-06,1
19081,3.8162000000000003,1.4642326937162902e-05,0.0592353348271528,1.0,1.985064852330111e-05,3.543314144666554e-06,1.7681159280386463e-06,1.7751982166279075e-06,1
19082,3.8164000000000002,1.4651943830827215e-05,0.059229282175397406,1.0,1.9894431770769575e-05,1.2675356959182234e-05,6.3373116852533546e-06,6.3380452739288796e-06,1
19083,3.8166,1.4659578519201082e-05,0.059223211152700315,1.0,2.0143403650981953e-05,2.5063108746623665e-06,7.676235260001344e-07,1.7386873486622322e-06,1
19084,3.8168,1.4667858722393475e-05,0.05921715166436866,1.0,1.973622619409746e-05,6.13272257956637e-06,2.8605235114436786e-06,3.2721990681226912e-06,1
19085,3.817,1.4676312874695305e-05,0.059211096422379976,1.0,1.942169653929181e-05,7.308223969609716e-06,3.5332235421426827e-06,3.775000427467033e-06,1
19086,3.8172,1.4685629790909178e-05,0.059205051021357834,1.0,1.9774403999655175e-05,1.1260013181420989e-05,5.358715444389602e-06,5.901297737031387e-06,1
19087,3.8174,1.469639818478761e-05,0.05919902313545324,1.0,1.9848859286283814e-05,1.8432397569471328e-05,9.196319670882738e-06,9.23607789858859e-06,1
19088,3.8176,1.4705664523004119e-05,0.05919298116684769,1.0,2.00997782105872e-05,1.0660678746271452e-05,5.323857955241798e-06,5.336820791029654e-06,1
19089,3.8178,1.4714923220618721e-05,0.059186943348423705,1.0,2.0469827357576574e-05,1.0242704613666006e-05,5.117595215010208e-06,5.125109398655799e-06,1
19090,3.818,1.4725507120655514e-05,0.059180920207772714,1.0,2.1436574237996817e-05,1.5891550020667115e-05,7.939878701357105e-06,7.951671319310008e-06,1
19091,3.8182,1.4734818651577082e-05,0.05917488641156452,1.0,2.2301402638582894e-05,8.654428468479196e-06,4.324839671358267e-06,4.329588797120929e-06,1
19092,3.8184,1.474569897790599e-05,0.0591688746490951,1.0,2.222309129339726e-05,1.656611214053967e-05,8.276384206481158e-06,8.289727934058512e-06,1
19093,3.8186,1.4754957765850876e-05,0.05929702277748187,1.0,2.2921991198509317e-05,7.746964696508457e-06,3.87004162068799e-06,3.876923075820467e-06,1
19094,3.8188,1.476351208753703e-05,0.05928574870276021,1.0,2.108564399321143e-05,6.051712304635066e-06,2.392751034272389e-06,3.658961270362677e-06,1
19095,3.8190000000000004,1.477421914062919e-05,0.05927973427870246,1.0,2.087015889634695e-05,1.7020741648074276e-05,8.19743174388089e-06,8.823309904193387e-06,1
19096,3.8192000000000004,1.4783718332544625e-05,0.05926592501348157,1.0,2.085477971368239e-05,1.098631697822709e-05,4.7826446424688985e-06,6.20367233575819e-06,1
19097,3.8194000000000004,1.4792379452541843e-05,0.05925988889312757,1.0,2.0911796174314215e-05,6.729411873442273e-06,3.3546068404735777e-06,3.3748050329686956e-06,1
19098,3.8196000000000003,1.4801737342186109e-05,0.05925386208657552,1.0,2.115015987716068e-05,9.965442190753977e-06,4.843188441892527e-06,5.122253748861451e-06,1
19099,3.8198000000000003,1.4811069146525786e-05,0.05924783507177532,1.0,2.2533665020118095e-05,8.441701197473916e-06,4.21475373711996e-06,4.2269474603539555e-06,1
19100,3.8200000000000003,1.482121600346836e-05,0.05923598875721029,1.0,2.2967688985863817e-05,1.2072799413167013e-05,5.886365658305919e-06,6.186433754861093e-06,1
19101,3.8202000000000003,1.483030408578232e-05,0.059229962115060174,1.0,2.3426017225646405e-05,6.310500190091032e-06,3.152488948792991e-06,3.1580112412980413e-06,1
19102,3.8204000000000002,1.4840103853217137e-05,0.05922394591564611,1.0,2.3607703171610904e-05,9.677325825002228e-06,4.6130470342859345e-06,5.0642787907162946e-06,1
19103,3.8206,1.4850308738941405e-05,0.059217936484183144,1.0,2.3618390460524383e-05,1.168172449829925e-05,5.691807644301751e-06,5.989916853997499e-06,1
19104,3.8208,1.486108695749203e-05,0.059211933195989705,1.0,2.4597031742407556e-05,1.3558723701697834e-05,6.607120634726758e-06,6.951603066971076e-06,1
19105,3.821,1.487141648643906e-05,0.05927926197258621,1.0,2.4632908218355795e-05,1.1267219483790072e-05,4.673652398716899e-06,6.593567085073172e-06,1
19106,3.8212,1.488164102569847e-05,0.05927325531591432,1.0,2.472058000110717e-05,1.0643802370031708e-05,5.319075383034876e-06,5.324726986996832e-06,1
19107,3.8214,1.489233103971834e-05,0.05934348614036192,1.0,2.477460731297708e-05,1.2905026230369882e-05,6.280509987538266e-06,6.624516242831616e-06,1
19108,3.8216,1.4900918350939364e-05,0.059337463659379426,1.0,2.4967884476930064e-05,2.188114092994391e-06,1.0942946334346392e-06,1.0938194595597518e-06,1
19109,3.8218,1.4911679426482206e-05,0.059331465748398794,1.0,2.5305684031796157e-05,1.2708977358982057e-05,6.304122669535067e-06,6.404854689446991e-06,1
19110,3.822,1.492141209040338e-05,0.05932545876443483,1.0,2.5835671627091777e-05,7.026166407989183e-06,3.054639285374847e-06,3.971527122614336e-06,1
19111,3.8222,1.4930948211879072e-05,0.059319455746716,1.0,2.521502585997017e-05,6.653983588627223e-06,3.182838599504612e-06,3.4711449891226107e-06,1
19112,3.8224,1.4941223299540264e-05,0.05931346225695278,1.0,2.4743034476907406e-05,1.0810402232596748e-05,5.177620697514541e-06,5.6327815350822055e-06,1
19113,3.8226,1.4951011058858837e-05,0.05930746585186973,1.0,2.4672073492223094e-05,8.434184696049339e-06,4.130017417092348e-06,4.304167278956992e-06,1
19114,3.8228,1.4960954171037032e-05,0.05929746167406553,1.0,2.466272915407758e-05,9.20999242771134e-06,4.414279262230312e-06,4.795713165481027e-06,1
19115,3.8230000000000004,1.4971200255453892e-05,0.0592914727964817,1.0,2.453627733011924e-05,1.0840701898278353e-05,5.416539968968084e-06,5.424161929310269e-06,1
19116,3.8232000000000004,1.4980568859913312e-05,0.059285476596897355,1.0,2.5112571126833705e-05,5.866709259952054e-06,2.914521558494244e-06,2.9521877014578103e-06,1
19117,3.8234000000000004,1.4990105758303984e-05,0.05927948488284532,1.0,2.5745591643931694e-05,6.065235027771988e-06,3.031923354636048e-06,3.033311673135939e-06,1
19118,3.8236000000000003,1.500121455243432e-05,0.05927351267946902,1.0,2.582660307827794e-05,1.3832857098947346e-05,6.712847174203951e-06,7.120009924743396e-06,1
19119,3.8238000000000003,1.5011609468486381e-05,0.059267535284255546,1.0,2.594897373190192e-05,1.0129796584481524e-05,4.93850612706471e-06,5.191290457416813e-06,1
19120,3.8240000000000003,1.5021069444474462e-05,0.05926155184766394,1.0,2.628295701661487e-05,5.110686990383079e-06,2.5543184979139315e-06,2.5563684924691472e-06,1
19121,3.8242000000000003,1.5032660587899607e-05,0.059255592979434585,1.0,2.676447380163176e-05,1.527394765286572e-05,7.5474999801527595e-06,7.726447672712962e-06,1
19122,3.8244000000000002,1.5042650069124916e-05,0.059249619053640165,1.0,2.722879862544279e-05,6.789971935035346e-06,3.320605982799008e-06,3.469365952236338e-06,1
19123,3.8246,1.5052570394892434e-05,0.05924364934970166,1.0,2.7040733520466483e-05,6.621804851761543e-06,3.0841442636513344e-06,3.5376605881102085e-06,1
19124,3.8248,1.5062576714029177e-05,0.05923768439416893,1.0,2.6223404554466647e-05,7.858636897154834e-06,3.9194675044057425e-06,3.939169392749092e-06,1
19125,3.825,1.50728094113623e-05,0.059231719404391266,1.0,2.8075561746828187e-05,7.127741605042929e-06,3.5643238220883258e-06,3.5634177829546036e-06,1
19126,3.8252,1.5084618502748617e-05,0.05922577528208784,1.0,2.8328689830456216e-05,1.4744999765651474e-05,5.357842094480882e-06,9.387157671170592e-06,1
19127,3.8254,1.5096703162923036e-05,0.05921983732449096,1.0,2.8261272462622284e-05,1.6177696248009805e-05,8.071082027416661e-06,8.106614220593144e-06,1
19128,3.8256,1.5106788439489358e-05,0.059213884363411316,1.0,2.6741944572418695e-05,7.688454542012883e-06,3.840453707683798e-06,3.848000834329085e-06,1
19129,3.8258,1.5117359411141178e-05,0.05920793659051752,1.0,2.722041528345571e-05,9.627609458215064e-06,4.812234525446618e-06,4.815374932768446e-06,1
19130,3.826,1.512902214197854e-05,0.05920200192817274,1.0,2.7897112127117162e-05,1.4398023256583779e-05,7.196294073122256e-06,7.201729183461523e-06,1
19131,3.8262,1.5139173726499495e-05,0.05919605401600439,1.0,2.8586254694417524e-05,6.141686211973443e-06,2.8620219257706218e-06,3.2796642862028216e-06,1
19132,3.8264,1.5149164373914784e-05,0.05927489873458761,1.0,2.919555373541643e-05,4.715840315560639e-06,1.9755177066836945e-06,2.7403226088769443e-06,1
19133,3.8266,1.5160545349895991e-05,0.059268964142542305,1.0,2.9687190101655933e-05,1.116461753063854e-05,5.234227271585937e-06,5.930390259052602e-06,1
19134,3.8268,1.517193610956644e-05,0.05926303189531167,1.0,3.0033316868815958e-05,1.0855438483288924e-05,5.427371359712673e-06,5.42806712357625e-06,1
19135,3.8270000000000004,1.5183346119452672e-05,0.05925710342515463,1.0,3.0198796496899856e-05,1.077422390845699e-05,5.384809941663595e-06,5.389413966793396e-06,1
19136,3.8272000000000004,1.5193559034558083e-05,0.05925116462544579,1.0,3.0499931114375354e-05,4.476253447176841e-06,2.190599937456565e-06,2.285653509720276e-06,1
19137,3.8274000000000004,1.5203035029116662e-05,0.0592452213012139,1.0,3.127924191266641e-05,2.0024790592914497e-09,2.0024790592914497e-09,0.0,1
19138,3.8276000000000003,1.5214843396304932e-05,0.05923930354620111,1.0,3.225295986921454e-05,1.0678965038065349e-05,5.2882079673207886e-06,5.39075707074456e-06,1
19139,3.8278000000000003,1.5228847484322866e-05,0.059303257891306894,1.0,3.2756090515857114e-05,2.1139794294065798e-05,1.056507234053145e-05,1.0574721953534347e-05,1
19140,3.8280000000000003,1.5241307289274986e-05,0.05929734700545719,1.0,3.3029658144944954e-05,1.31308847157307e-05,6.562496229035233e-06,6.568388486695467e-06,1
19141,3.8282000000000003,1.5253719457597498e-05,0.05928465384140716,1.0,3.324133859612652e-05,1.266804124710211e-05,6.141133958948573e-06,6.526907288153536e-06,1
19142,3.8284000000000002,1.5266271883088277e-05,0.05927874635361521,1.0,3.295129438231567e-05,1.3646239147492141e-05,6.782026803334141e-06,6.864212344158001e-06,1
19143,3.8286000000000002,1.5277664545984887e-05,0.05927282998475412,1.0,3.243711580733975e-05,8.349012822847003e-06,4.1704238974180104e-06,4.178588925428992e-06,1
19144,3.8288,1.5289616216834767e-05,0.05926692268074412,1.0,3.180068317049734e-05,1.1768211512302816e-05,5.832465768747969e-06,5.9357457435548474e-06,1
19145,3.829,1.530270265838338e-05,0.05926102963099296,1.0,3.128168494563269e-05,1.7947892370889662e-05,8.937478046075304e-06,9.01041432481436e-06,1
19146,3.8292,1.531399155585697e-05,0.05925511946911703,1.0,3.083233884902267e-05,9.396698610173093e-06,3.0499984667535647e-06,6.346700143419528e-06,1
19147,3.8294,1.5325562075147513e-05,0.059249217113323024,1.0,3.0244430354534537e-05,1.1380699640276799e-05,5.549598030930366e-06,5.831101609346433e-06,1
19148,3.8296,1.5336433097946314e-05,0.05924330997112305,1.0,2.9570851943510624e-05,8.545000548895392e-06,4.266116506361156e-06,4.278884042534235e-06,1
19149,3.8298,1.5348803298872617e-05,0.0592374210527103,1.0,2.890691830411223e-05,1.669260614982953e-05,8.343559950107242e-06,8.34904619972229e-06,1
19150,3.83,1.5359416312722668e-05,0.059231515043793585,1.0,2.853773761920631e-05,8.263769761479883e-06,2.6908929681099307e-06,5.572876793369952e-06,1
19151,3.8302,1.537117935735084e-05,0.059220220324794653,1.0,2.8290284880916846e-05,1.4249699245382659e-05,7.097397347509195e-06,7.1523018978734635e-06,1
19152,3.8304,1.538174110342982e-05,0.05921431723116318,1.0,2.7934821436433397e-05,8.58693725521728e-06,4.293475103425194e-06,4.293462151792085e-06,1
19153,3.8306,1.5393328945376597e-05,0.05920842694222846,1.0,2.768694823553477e-05,1.3953649870880057e-05,6.974353221403748e-06,6.979296649476311e-06,1
19154,3.8308,1.5403154199168145e-05,0.05927317049774858,1.0,2.763390564168967e-05,5.181414252958586e-06,2.196636470628451e-06,2.9847777823301356e-06,1
19155,3.8310000000000004,1.541389953431379e-05,0.059267271202037286,1.0,2.830093029953975e-05,9.103992345712304e-06,4.499195483087532e-06,4.604796862624771e-06,1
19156,3.8312000000000004,1.5426191193286617e-05,0.05926139043224477,1.0,2.864978721730877e-05,1.647464410750507e-05,8.233875088174508e-06,8.240769019330563e-06,1
19157,3.8314000000000004,1.543826252617328e-05,0.05925550994642013,1.0,2.87480555322947e-05,1.5261932718172125e-05,7.57634525766793e-06,7.685587460504196e-06,1
19158,3.8316000000000003,1.5450336894444978e-05,0.059249633738768785,1.0,2.8115807530703653e-05,1.589666016535781e-05,7.946235824181934e-06,7.950424341175874e-06,1
19159,3.8318000000000003,1.5460430348711305e-05,0.0592437414433342,1.0,2.7177713310311626e-05,6.91853476053471e-06,2.465060681478416e-06,4.453474079056293e-06,1
19160,3.8320000000000003,1.5471555991922994e-05,0.059237863194667006,1.0,2.6485206601220098e-05,1.2760839030531384e-05,6.255025314340661e-06,6.505813716190723e-06,1
19161,3.8322000000000003,1.5481140200047694e-05,0.05923197158490293,1.0,2.561359600088587e-05,5.914397018317593e-06,2.513818448154429e-06,3.4005785701631636e-06,1
19162,3.8324000000000003,1.5491714131027948e-05,0.05922609330067778,1.0,2.4735330444397014e-05,1.173069183191367e-05,5.559800867185877e-06,6.170890964727793e-06,1
19163,3.8326000000000002,1.5500604258717597e-05,0.05922020041695583,1.0,2.4033466835049836e-05,4.003321854393529e-06,1.4292374192960727e-06,2.5740844350974562e-06,1
19164,3.8328,1.550970097906129e-05,0.0592143124655202,1.0,2.359954900960734e-05,5.460768231041825e-06,2.623565024484438e-06,2.8372032065573868e-06,1
19165,3.833,1.5519469452897334e-05,0.05920843487728237,1.0,2.2752510572762317e-05,9.656674188670093e-06,4.826319121202645e-06,4.830355067467448e-06,1
19166,3.8332,1.5530497326539317e-05,0.05920257065310023,1.0,2.254999590914697e-05,1.614526511411162e-05,7.914155764164986e-06,8.231109349946635e-06,1
19167,3.8334,1.5539317781320726e-05,0.05919668699721973,1.0,2.2333690218848104e-05,5.31405616201262e-06,2.354817488623259e-06,2.9592386733893607e-06,1
19168,3.8336,1.554939434129057e-05,0.059260506703401966,1.0,2.235179141439659e-05,1.1565481068164263e-05,5.687698121351894e-06,5.877782946812369e-06,1
19169,3.8338,1.55582250314077e-05,0.05925462360409201,1.0,2.1869712857596523e-05,5.808287990996188e-06,2.8992638704560886e-06,2.9090241205400985e-06,1
19170,3.834,1.5569833239037554e-05,0.059248769577012673,1.0,2.26364821605673e-05,1.8918372417321175e-05,9.349772428589567e-06,9.568599988731606e-06,1
19171,3.8342,1.558033129148891e-05,0.05924290619719451,1.0,2.303957434040433e-05,1.295288763241732e-05,6.386662664696041e-06,6.566224967721278e-06,1
19172,3.8344,1.559056792544325e-05,0.05923704400388758,1.0,2.3198224459981625e-05,1.147625485297128e-05,5.676311889273987e-06,5.799942963697294e-06,1
19173,3.8346,1.5599751528525993e-05,0.059224741651376735,1.0,2.3569494219307003e-05,5.829737255838127e-06,2.9094367865783938e-06,2.9203004692597335e-06,1
19174,3.8348,1.5610046021391784e-05,0.05930655339774089,1.0,2.4327054185711293e-05,1.0615033720832153e-05,5.302980471523009e-06,5.312053249309145e-06,1
19175,3.835,1.5627927293254974e-05,0.0593007648331731,1.0,2.4980887089141525e-05,4.7880262971597334e-05,2.2837155145527307e-05,2.5043107826070024e-05,1
19176,3.8352000000000004,1.5643487779904185e-05,0.0592949479103686,1.0,2.5156996958422312e-05,3.608260550043674e-05,1.1088505238083593e-05,2.499410026235315e-05,1
19177,3.8354000000000004,1.5653071752438546e-05,0.059289081310474216,1.0,2.498322584433697e-05,6.360580031389053e-06,3.1755222620226806e-06,3.1850577693663725e-06,1
19178,3.8356000000000003,1.5663820128692964e-05,0.059283230898672996,1.0,2.4926717827953946e-05,1.222842936057713e-05,6.087890905819542e-06,6.1405384547575895e-06,1
19179,3.8358000000000003,1.567396843327034e-05,0.05927737786834113,1.0,2.4265826488123622e-05,9.877986262640962e-06,4.935802670298386e-06,4.942183592342576e-06,1
19180,3.8360000000000003,1.568392121747197e-05,0.059271525513609535,1.0,2.3744828025270933e-05,9.410828287511048e-06,4.700216492385006e-06,4.710611795126043e-06,1
19181,3.8362000000000003,1.569348058298048e-05,0.05926567082572907,1.0,2.3766607647392787e-05,7.411712712523516e-06,3.4802614195920933e-06,3.931451292931423e-06,1
19182,3.8364000000000003,1.570574075449559e-05,0.05925984644364065,1.0,2.3636504766916333e-05,2.1034380773720818e-05,1.0308360452993449e-05,1.0726020320727367e-05,1
19183,3.8366000000000002,1.571704404653076e-05,0.0592540143344387,1.0,2.2846228882033424e-05,1.7027870956100265e-05,8.510867746600376e-06,8.51700320949989e-06,1
19184,3.8368,1.572775480305077e-05,0.059248179659710694,1.0,2.2718155954037246e-05,1.4181698797611043e-05,7.066234525761638e-06,7.115464271849406e-06,1
19185,3.837,1.5738730661432393e-05,0.059242349267563575,1.0,2.2502483809768448e-05,1.571148623212657e-05,7.796400843504876e-06,7.915085388621695e-06,1
19186,3.8372,1.574859545618363e-05,0.059236510731469204,1.0,2.2531117393282746e-05,1.011658874462061e-05,4.978872705775013e-06,5.137716038845598e-06,1
19187,3.8374,1.5760217239741483e-05,0.05923069418026632,1.0,2.1877337173342107e-05,1.954402498261449e-05,9.733678834797701e-06,9.81034614781679e-06,1
19188,3.8376,1.5771063815262e-05,0.05922487007796801,1.0,2.166203010129498e-05,1.58714840863424e-05,5.734672038089065e-06,1.0136812048253336e-05,1
19189,3.8378,1.5780476900446455e-05,0.05921903605375666,1.0,2.1501102637257078e-05,8.854322111220225e-06,4.4235544423979335e-06,4.43076766882229e-06,1
19190,3.838,1.5789656850343818e-05,0.059213202984410074,1.0,2.0782208164394334e-05,8.397785171242554e-06,4.015822922743915e-06,4.381962248498639e-06,1
19191,3.8382,1.57982439576736e-05,0.059207367432399974,1.0,2.0148578104297574e-05,6.057884997915356e-06,3.026583571400331e-06,3.031301426515025e-06,1
19192,3.8384,1.5806601242484077e-05,0.05920153194593745,1.0,1.9774401194550452e-05,5.274067709143625e-06,2.609014861817348e-06,2.665052847326277e-06,1
19193,3.8386,1.5818386545826408e-05,0.0593224117983707,1.0,1.984406435535225e-05,2.2331918329677513e-05,1.1157251442800497e-05,1.1174666886877018e-05,1
19194,3.8388,1.582751442798211e-05,0.059316576641048675,1.0,2.0430686117911315e-05,8.44720601057254e-06,4.2196047329177755e-06,4.227601277654765e-06,1
19195,3.839,1.583533095116838e-05,0.059304789056872,1.0,2.0671047385462625e-05,1.6412617407629816e-06,2.0025347744084054e-09,1.6392592059885733e-06,1
19196,3.8392000000000004,1.5845833617240996e-05,0.05929897316047494,1.0,2.0412331892759685e-05,1.532108104012244e-05,7.292302976390666e-06,8.028778063731772e-06,1
19197,3.8394000000000004,1.585674947947132e-05,0.05929316223281373,1.0,2.037227410352232e-05,1.7415867423725528e-05,8.572992750437409e-06,8.842874673288118e-06,1
19198,3.8396000000000003,1.586688786164795e-05,0.05927995505700851,1.0,2.015408429559465e-05,1.3735715129880087e-05,6.8613405493540355e-06,6.874374580526053e-06,1
19199,3.8398000000000003,1.587626748077248e-05,0.059363259748025886,1.0,1.9764376874291753e-05,1.0319947585842553e-05,4.948223104148802e-06,5.371724481693752e-06,1
19200,3.8400000000000003,1.588610807467138e-05,0.05935743548024659,1.0,1.962867990147316e-05,1.2750430341588973e-05,6.3730231033462834e-06,6.37740723824269e-06,1
19201,3.8402000000000003,1.5894462335690732e-05,0.059345542589379324,1.0,1.9656879334313043e-05,5.281118037170042e-06,2.6378833841472516e-06,2.6432346530227905e-06,1
19202,3.8404000000000003,1.5905046962133276e-05,0.05939912105053367,1.0,1.9819940716230365e-05,1.62590005154936e-05,8.12384847919469e-06,8.135152036298913e-06,1
19203,3.8406000000000002,1.5915624129607465e-05,0.059474854389716704,1.0,2.0077914119133962e-05,1.595131793488391e-05,7.927497174415498e-06,8.023820760468408e-06,1
19204,3.8408,1.5924402149131506e-05,0.05946901448448603,1.0,2.0452896624875895e-05,6.57043544912449e-06,3.2822908951839324e-06,3.288144553940558e-06,1
19205,3.841,1.5934708119473693e-05,0.059463194324388284,1.0,2.0196605261676676e-05,1.4456464196158703e-05,6.998389798932413e-06,7.458074397226291e-06,1
19206,3.8412,1.5943793381231612e-05,0.059457365116788605,1.0,1.9967480219441988e-05,8.571867059021017e-06,4.09736944268574e-06,4.474497616335278e-06,1
19207,3.8414,1.5953264068159623e-05,0.059451542752312216,1.0,1.9550142493649158e-05,1.0906593882340583e-05,5.44998001492299e-06,5.456613867417594e-06,1
19208,3.8416,1.5961266996805187e-05,0.059437250414482494,1.0,1.8961822501026045e-05,4.147094277380273e-06,2.071099800660527e-06,2.0759944767197455e-06,1
19209,3.8418,1.5971363816102126e-05,0.05943143464479979,1.0,1.840886357149696e-05,1.5160011585705005e-05,7.4240763488726895e-06,7.735935236832315e-06,1
19210,3.842,1.5982447951886597e-05,0.059425629954204695,1.0,1.8019065855983693e-05,2.047526461346556e-05,1.0143817265902862e-05,1.0331447347562696e-05,1
19211,3.8422,1.599080990597256e-05,0.05941979968152184,1.0,1.788209948672496e-05,6.991114802619037e-06,3.489398163168143e-06,3.5017166394508945e-06,1
19212,3.8424,1.6001099818575218e-05,0.05947436778122022,1.0,1.832594568517398e-05,1.617630827637656e-05,8.043934385191242e-06,8.132373891185317e-06,1
19213,3.8426,1.601048137124532e-05,0.05946854751347685,1.0,1.9191247339249762e-05,1.075887939385749e-05,5.374558856409575e-06,5.384320537447915e-06,1
19214,3.8428,1.6019909715908805e-05,0.05946273034871654,1.0,2.0025397242174094e-05,1.0148818374393272e-05,4.897234712166171e-06,5.2515836622271015e-06,1
19215,3.843,1.602874245395042e-05,0.05945691060121741,1.0,2.0819586014890837e-05,6.367016270424115e-06,3.1807815241235063e-06,3.1862347463006083e-06,1
19216,3.8432000000000004,1.6038800966193068e-05,0.05945110620019222,1.0,2.1548051802462125e-05,1.1757507344476996e-05,5.875479006590013e-06,5.882028337886984e-06,1
19217,3.8434000000000004,1.6047906709174092e-05,0.059445294731035825,1.0,2.184758430988115e-05,6.6840699508325204e-06,3.3292484215501217e-06,3.3548215292823988e-06,1
19218,3.8436000000000003,1.6059958155304084e-05,0.05943951715525172,1.0,2.1363428586908593e-05,2.1885626784267342e-05,1.0926966410810067e-05,1.0958660373457273e-05,1
19219,3.8438000000000003,1.6071491568547666e-05,0.05942776702826253,1.0,2.0968639866026913e-05,1.967794647164699e-05,8.136066678336024e-06,1.1541879793310965e-05,1
19220,3.8440000000000003,1.6082123346178675e-05,0.05942197644650927,1.0,2.04411612699173e-05,1.568559887269552e-05,7.718836462013101e-06,7.96676241068242e-06,1
19221,3.8442000000000003,1.6090964682457424e-05,0.05941616935786962,1.0,2.045760462642394e-05,6.706727014927548e-06,3.0864741000435816e-06,3.620252914883966e-06,1
19222,3.8444000000000003,1.6100356213962825e-05,0.059410371749199484,1.0,2.0443367251798146e-05,9.462375751922836e-06,4.729911341519387e-06,4.732464410403449e-06,1
19223,3.8446000000000002,1.6109031366433743e-05,0.059404569639786825,1.0,2.0085059727860375e-05,6.229311514985235e-06,3.1017069123145944e-06,3.1276046026706403e-06,1
19224,3.8448,1.6117512102801186e-05,0.0596384695777207,1.0,1.9607387066064544e-05,5.722047249039783e-06,2.623758673693611e-06,3.0982885753461724e-06,1
19225,3.845,1.6126706427113215e-05,0.05963266646074324,1.0,1.9022131231952834e-05,9.865971790765413e-06,4.8748684807616145e-06,4.9911033100038e-06,1
19226,3.8452,1.6135215941122047e-05,0.059626859411027466,1.0,1.8323420709189844e-05,7.131344675257943e-06,2.9641199288442877e-06,4.167224746413656e-06,1
19227,3.8454,1.6144622675996854e-05,0.05962106313094476,1.0,1.7764184275663537e-05,1.2167286737636409e-05,2.687836416592219e-06,9.479450321044189e-06,1
19228,3.8456,1.6155768121155342e-05,0.05961528684058807,1.0,1.759341092618314e-05,2.1020816064775365e-05,1.0506876303524577e-05,1.0513939761250788e-05,1
19229,3.8458,1.6163028463821612e-05,0.0596094726556732,1.0,1.756071401856524e-05,1.618342865218213e-06,8.094224973571463e-07,8.089203678610668e-07,1
19230,3.846,1.6171087537397827e-05,0.05960367079756801,1.0,1.7524650370892578e-05,5.640038577220566e-06,2.816434439381142e-06,2.8236041378394245e-06,1
19231,3.8462,1.6179315115096362e-05,0.05959787338279404,1.0,1.741059368439958e-05,6.588080955033661e-06,2.5192993323492955e-06,4.068781622684366e-06,1
19232,3.8464,1.6188203508180293e-05,0.05959208511164208,1.0,1.7317969931619593e-05,9.975807299989396e-06,4.984717898717136e-06,4.9910894012722605e-06,1
19233,3.8466,1.6196555850084133e-05,0.0595862928309776,1.0,1.7601286496426554e-05,7.003194542289535e-06,3.4990742421819686e-06,3.5041203001075672e-06,1
19234,3.8468,1.6204514706217334e-05,0.05958049911404671,1.0,1.8047053181023138e-05,4.5814512974887125e-06,2.286270355300592e-06,2.295180942188121e-06,1
19235,3.847,1.6213496616266917e-05,0.05957471817085442,1.0,1.8712715828588177e-05,9.022176901510169e-06,4.300745573496394e-06,4.721431328013775e-06,1
19236,3.8472000000000004,1.622294502356113e-05,0.05956894429258941,1.0,1.9283809966830665e-05,1.0773898487970543e-05,5.382765877220533e-06,5.39113261075001e-06,1
19237,3.8474000000000004,1.6233225639991817e-05,0.05956318206173237,1.0,1.9294849156815354e-05,1.4913546375425243e-05,7.455027099624258e-06,7.458519275800984e-06,1
19238,3.8476000000000004,1.624304815605163e-05,0.059557417535025615,1.0,1.920445576476165e-05,1.270288124014941e-05,6.3460536100660425e-06,6.356827630083367e-06,1
19239,3.8478000000000003,1.625192016592291e-05,0.05975902511511836,1.0,1.9422424937100513e-05,7.719201529623313e-06,2.4974405360704927e-06,5.221760993552821e-06,1
19240,3.8480000000000003,1.6261630764675655e-05,0.05975325550768538,1.0,1.921647086948569e-05,1.2108347271817714e-05,6.0507497201273695e-06,6.057597551690343e-06,1
19241,3.8482000000000003,1.627001409931893e-05,0.05974747378869096,1.0,1.9157021888501804e-05,5.521982172581011e-06,2.7582707478681433e-06,2.7637114247128683e-06,1
19242,3.8484000000000003,1.627973944002994e-05,0.05974170910598123,1.0,1.9161719316452815e-05,1.2217813616384421e-05,5.936496137585381e-06,6.2813174787990405e-06,1
19243,3.8486000000000002,1.6288886819949713e-05,0.059735939651520256,1.0,1.9341774513660966e-05,9.138048299125902e-06,4.381423788937273e-06,4.756624510188628e-06,1
19244,3.8488,1.6297931312578817e-05,0.059730171307064255,1.0,1.9908614177113908e-05,8.047226875756835e-06,3.947865293805105e-06,4.09936158195173e-06,1
19245,3.849,1.630755123477239e-05,0.0597244124199247,1.0,2.023955893976627e-05,1.0583634210062417e-05,5.286633619268068e-06,5.29700059079435e-06,1
19246,3.8492,1.6316709717343943e-05,0.05971865133659512,1.0,2.0491241855414196e-05,8.014897184209556e-06,4.002815532797182e-06,4.0120816514123735e-06,1
19247,3.8494,1.632525130993906e-05,0.059712886284240076,1.0,2.086253666051764e-05,4.549868026732471e-06,1.896618594635867e-06,2.6532494320966037e-06,1
19248,3.8496,1.633398420801472e-05,0.05970712656536145,1.0,2.096440908621318e-05,5.395464061126257e-06,2.6954648980241305e-06,2.6999991631021264e-06,1
19249,3.8498,1.6343500746145493e-05,0.059762601276763784,1.0,2.0921403889496475e-05,9.346093632210897e-06,4.620522068030172e-06,4.725571564180725e-06,1
19250,3.85,1.6353830459080763e-05,0.05975685726936505,1.0,2.1169320599197984e-05,1.3153628709701136e-05,6.573874623786783e-06,6.579754085914353e-06,1
19251,3.8502,1.6364645930714746e-05,0.0598807147319962,1.0,2.1749743848811815e-05,1.4988768371833691e-05,7.467102089896946e-06,7.521666281936745e-06,1
19252,3.8504,1.6373974991506314e-05,0.05987496259057686,1.0,2.092595593846985e-05,8.369920800095735e-06,4.065865388951074e-06,4.304055411144661e-06,1
19253,3.8506,1.638198352930404e-05,0.059869201008323394,1.0,1.9881249866046265e-05,2.8029183982895586e-06,1.3862221790446505e-06,1.416696219244908e-06,1
19254,3.8508,1.6391795400615235e-05,0.059863457446705556,1.0,2.0323289960850732e-05,1.1368196372262388e-05,5.628291620702307e-06,5.73990475156008e-06,1
19255,3.851,1.6403634566997027e-05,0.05985773489474838,1.0,2.0987163717995992e-05,2.082941827093211e-05,1.0350951709144392e-05,1.0478466561787718e-05,1
19256,3.8512000000000004,1.6413913188141255e-05,0.05985199877475456,1.0,2.154991884812159e-05,1.2452310192328016e-05,6.11740137473018e-06,6.334908817597835e-06,1
19257,3.8514000000000004,1.6424142812119658e-05,0.059983987316210574,1.0,2.1826526408078827e-05,1.1917681826481333e-05,5.902021929206081e-06,6.015659897275253e-06,1
19258,3.8516000000000004,1.643392817070741e-05,0.059978249394232096,1.0,2.1636213626723256e-05,9.876154134217124e-06,4.937229141109171e-06,4.9389249931079516e-06,1
19259,3.8518000000000003,1.6444345878238624e-05,0.05997251971703873,1.0,2.146803972929589e-05,1.319545954634769e-05,6.521965090670685e-06,6.673494455677005e-06,1
19260,3.8520000000000003,1.6454366059893137e-05,0.05996678996756472,1.0,2.0631152799956498e-05,1.2033979534915041e-05,5.7740026035523344e-06,6.259976931362706e-06,1
19261,3.8522000000000003,1.6463602214558133e-05,0.059961055454379124,1.0,1.970124153754465e-05,9.03364468080166e-06,4.5145511949150714e-06,4.519093485886589e-06,1
19262,3.8524000000000003,1.6475631478825767e-05,0.059948416661031075,1.0,1.939619445370444e-05,2.3293177728189088e-05,1.1607155738965675e-05,1.1686021989223415e-05,1
19263,3.8526000000000002,1.6486302522327092e-05,0.05994269404696526,1.0,1.9105010098885064e-05,1.678132196257457e-05,5.963759548119083e-06,1.0817562414455487e-05,1
19264,3.8528000000000002,1.649562757153279e-05,0.05993696299341857,1.0,1.891151713241937e-05,1.0234340580042877e-05,4.678323128226236e-06,5.55601745181664e-06,1
19265,3.853,1.6503862467354504e-05,0.059931224514019464,1.0,1.837396036784178e-05,5.31191887029859e-06,2.558597865293753e-06,2.7533210050048372e-06,1
19266,3.8532,1.651181232307513e-05,0.059925486810583344,1.0,1.761169998163222e-05,4.640496101002799e-06,2.3174193288858227e-06,2.323076772116976e-06,1
19267,3.8534,1.6520368913421412e-05,0.05991975469534556,1.0,1.834458674524157e-05,6.9326293476931704e-06,3.464788697091641e-06,3.4678406506015297e-06,1
19268,3.8536,1.6530075892605317e-05,0.059914037850935506,1.0,1.824776639114348e-05,1.2771809424444462e-05,6.3750150685184655e-06,6.396794355925996e-06,1
19269,3.8538,1.653809603441394e-05,0.05990830772417629,1.0,1.7376034323516364e-05,5.200054714254331e-06,2.3393550460696987e-06,2.860699668184632e-06,1
19270,3.854,1.6546591080751182e-05,0.05990258345896199,1.0,1.7904939320495782e-05,7.037014769408378e-06,3.237159688592524e-06,3.7998550808158536e-06,1
19271,3.8542,1.6555972041427777e-05,0.059896870979223756,1.0,1.8105698456100963e-05,1.1256448482964003e-05,5.39845021707908e-06,5.857998265884923e-06,1
19272,3.8544,1.6565499244027268e-05,0.05996450612034553,1.0,1.8228449836759217e-05,1.1853766280248666e-05,5.8865881719693005e-06,5.967178108279366e-06,1
19273,3.8546,1.6575569299079012e-05,0.05995880024262983,1.0,1.8024832472001136e-05,1.4761354267082107e-05,7.229891506041679e-06,7.5314627610404294e-06,1
19274,3.8548,1.6585463974329705e-05,0.06003121782124272,1.0,1.767406496928979e-05,1.4223441144555877e-05,7.106554789320567e-06,7.116886355235309e-06,1
19275,3.855,1.6594557053765346e-05,0.06002550104220361,1.0,1.71515888825133e-05,1.0727969176101082e-05,3.992403713180367e-06,6.735565462920715e-06,1
19276,3.8552000000000004,1.660231337394009e-05,0.06001977416342479,1.0,1.7085450348588303e-05,4.101476041041195e-06,2.0480593817603644e-06,2.053416659280831e-06,1
19277,3.8554000000000004,1.661179714857444e-05,0.060014066446434644,1.0,1.73878400092953e-05,1.2427316078354311e-05,6.21119730204236e-06,6.216118776311951e-06,1
19278,3.8556000000000004,1.6620946642725393e-05,0.06000835717596694,1.0,1.7906948752998e-05,1.0227024015226862e-05,5.037568957444387e-06,5.189455057782475e-06,1
19279,3.8558000000000003,1.6629272771490636e-05,0.06000264212680739,1.0,1.8401871737108787e-05,5.606106947234243e-06,2.763612114026201e-06,2.8424948332080424e-06,1
19280,3.8560000000000003,1.663813173276568e-05,0.05999693478429862,1.0,1.911279713622809e-05,7.5503309208660496e-06,3.7716518504584823e-06,3.7786790704075677e-06,1
19281,3.8562000000000003,1.6647414708308745e-05,0.05999123413673389,1.0,1.9780661073270036e-05,8.99301800767385e-06,4.477507223450633e-06,4.515510784223218e-06,1
19282,3.8564000000000003,1.6655939216631425e-05,0.05997829252700592,1.0,1.9937584646437473e-05,5.034535929466252e-06,2.511354931177998e-06,2.523180998288254e-06,1
19283,3.8566000000000003,1.6664316082668155e-05,0.060043020612831455,1.0,1.999763089976832e-05,4.226242320434329e-06,1.9428741168858514e-06,2.2833682035484775e-06,1
19284,3.8568000000000002,1.6673048107022863e-05,0.060037309405698666,1.0,1.988659504637146e-05,6.104096888713271e-06,3.0104612362763252e-06,3.093635652436946e-06,1
19285,3.857,1.6683011791053996e-05,0.06003161315026155,1.0,1.9656147331818735e-05,1.248302893652391e-05,6.196919751836127e-06,6.286109184687783e-06,1
19286,3.8572,1.6693234720263544e-05,0.060025919452533695,1.0,2.0108818446431634e-05,1.331597951181552e-05,6.577380851135511e-06,6.738598660680008e-06,1
19287,3.8574,1.6702671627067198e-05,0.06002022048927788,1.0,2.0562119209361604e-05,8.922241897777532e-06,4.457667068394114e-06,4.4645748293834176e-06,1
19288,3.8576,1.671255854452099e-05,0.060014529279857516,1.0,2.1034992560350932e-05,1.0689275070193242e-05,5.196186266714061e-06,5.493088803479181e-06,1
19289,3.8578,1.672207628918258e-05,0.060008834739144895,1.0,2.261411100729995e-05,7.254103240806802e-06,3.6212682075864e-06,3.632835033220402e-06,1
19290,3.858,1.6733584998925262e-05,0.0600031651924605,1.0,2.3087775321440632e-05,1.6724215094853164e-05,8.330864199266976e-06,8.393350895586189e-06,1
19291,3.8582,1.674358027282303e-05,0.05999748201743047,1.0,2.321989482343129e-05,9.01361432281728e-06,4.295607004229049e-06,4.71800731858823e-06,1
19292,3.8584,1.6752842151692286e-05,0.05999179495563332,1.0,2.3252741564063523e-05,5.303681407250342e-06,2.650008101565229e-06,2.6536733056851134e-06,1
19293,3.8586,1.6763314235016922e-05,0.05998612530403085,1.0,2.2161076497276202e-05,1.2436004866997226e-05,5.769602946295207e-06,6.666401920702019e-06,1
19294,3.8588,1.6774122749459417e-05,0.05998045980322315,1.0,2.1617660459833474e-05,1.4650392934004385e-05,7.210979007330841e-06,7.439413926673545e-06,1
19295,3.859,1.6784829611275948e-05,0.05997479558985578,1.0,2.1223188090335868e-05,1.4525294275034205e-05,7.258518978064118e-06,7.266775296970088e-06,1
19296,3.8592,1.6795242896133912e-05,0.05996913201513909,1.0,2.0520670182832986e-05,1.3748829064178154e-05,6.686021624212366e-06,7.062807439965788e-06,1
19297,3.8594000000000004,1.680466609813113e-05,0.05996346039038717,1.0,1.9765980529257297e-05,9.54268664662846e-06,4.7114352934415645e-06,4.831251353186894e-06,1
19298,3.8596000000000004,1.681268025094684e-05,0.0599577786135489,1.0,1.8852945944215856e-05,3.4013293213218063e-06,1.340423978753773e-06,2.0609053425680336e-06,1
19299,3.8598000000000003,1.6820775717456732e-05,0.05995210038509434,1.0,1.8190945635299747e-05,4.46145583369951e-06,2.229535394201729e-06,2.2319204394977817e-06,1
19300,3.8600000000000003,1.6831545825473302e-05,0.059946451901614774,1.0,1.7341018435453846e-05,1.8674687356613512e-05,9.33020828851472e-06,9.344479068098792e-06,1
19301,3.8602000000000003,1.684025159665175e-05,0.05999126289092966,1.0,1.664338213472279e-05,9.039563300224092e-06,4.516271299145439e-06,4.523292001078652e-06,1
19302,3.8604000000000003,1.6847890594700912e-05,0.05998558376143075,1.0,1.5914833984136145e-05,4.425678787743306e-06,1.7871779414917602e-06,2.6385008462515456e-06,1
19303,3.8606000000000003,1.6854978497173503e-05,0.05997990153643947,1.0,1.5538376055100047e-05,2.038949426077548e-06,1.0192214275375636e-06,1.0197279985399844e-06,1
19304,3.8608000000000002,1.6863402946183145e-05,0.05997423557073457,1.0,1.5141321469446804e-05,9.110610855167636e-06,4.551386715394869e-06,4.5592241397727675e-06,1
19305,3.861,1.6871609682033857e-05,0.05996856944574156,1.0,1.4524570726411906e-05,8.630077059116836e-06,4.1958292646819056e-06,4.4342477944349304e-06,1
19306,3.8612,1.6880412143379776e-05,0.05996291210161907,1.0,1.3905100957343093e-05,1.2219255181505185e-05,6.106409614200867e-06,6.112845567304317e-06,1
19307,3.8614,1.6887560145065557e-05,0.05995724050536804,1.0,1.3064755005463684e-05,4.77894511121626e-06,2.3834618621255515e-06,2.395483249090709e-06,1
19308,3.8616,1.6895471717703503e-05,0.05995157912314468,1.0,1.2734377440380385e-05,8.919291828303798e-06,4.460545975929617e-06,4.458745852374182e-06,1
19309,3.8618,1.6902600701535933e-05,0.05994591057162849,1.0,1.3024282366842081e-05,4.708567521823777e-06,2.3494265789716645e-06,2.359140942852113e-06,1
19310,3.862,1.6910224156351584e-05,0.059940250377453166,1.0,1.3347826729678496e-05,6.849655384388598e-06,3.4113124186875686e-06,3.43834296570103e-06,1
19311,3.8622,1.691836251671973e-05,0.0599345970509391,1.0,1.3666690491717984e-05,9.097061725276916e-06,4.479616258167968e-06,4.617445467108949e-06,1
19312,3.8624,1.6926010313160045e-05,0.05992894146423812,1.0,1.4006860078829325e-05,6.295802047778097e-06,3.0323074672353018e-06,3.2634945805427952e-06,1
19313,3.8626,1.6933553844631952e-05,0.05992328686831214,1.0,1.4504575201539772e-05,5.268806948081517e-06,2.630876997375048e-06,2.6379299507064693e-06,1
19314,3.8628,1.6942225625094205e-05,0.05991764663929121,1.0,1.4971987283720876e-05,1.0434141878921079e-05,5.212194633440549e-06,5.221947245480531e-06,1
19315,3.863,1.6949784136882602e-05,0.05991199755036909,1.0,1.5120150153633604e-05,4.711129961753183e-06,2.3537522582817706e-06,2.3573777034714117e-06,1
19316,3.8632,1.695743595669862e-05,0.059906352342306006,1.0,1.5265907718543533e-05,5.023947436818917e-06,2.3854160565728186e-06,2.6385313802460984e-06,1
19317,3.8634000000000004,1.6966355892761147e-05,0.05989197374154393,1.0,1.5428425867199095e-05,1.1193472178091957e-05,5.593482649214761e-06,5.599989528877197e-06,1
19318,3.8636000000000004,1.6974189496876897e-05,0.05988633124165822,1.0,1.5356276430524243e-05,5.825179143869572e-06,2.5385029078359537e-06,3.286676236033618e-06,1
19319,3.8638000000000003,1.6982790922774974e-05,0.05987366689389479,1.0,1.5189370790031088e-05,9.82269909998936e-06,4.882081493953426e-06,4.940617606035934e-06,1
19320,3.8640000000000003,1.6990409827366516e-05,0.05986802262634716,1.0,1.5242500865113426e-05,4.848462600148802e-06,2.4195552270631615e-06,2.4289073730856407e-06,1
19321,3.8642000000000003,1.6997631726578705e-05,0.05986237690537605,1.0,1.5720689224715408e-05,2.377478633124793e-06,5.590002392071662e-07,1.8184783939176267e-06,1
19322,3.8644000000000003,1.7005883835959316e-05,0.0600068002939522,1.0,1.6467219571669088e-05,6.771343536314338e-06,3.380271591745891e-06,3.391071944568447e-06,1
19323,3.8646000000000003,1.7015178466942883e-05,0.06000117431675365,1.0,1.6805294597770782e-05,1.16366724133067e-05,5.764849724918113e-06,5.871822688388586e-06,1
19324,3.8648000000000002,1.7022848702748305e-05,0.059995534670388304,1.0,1.6864635144662934e-05,3.4464605370679704e-06,1.577075972881344e-06,1.8693845641866265e-06,1
19325,3.865,1.7032018941100413e-05,0.059989912980074715,1.0,1.684784488331325e-05,1.095443386915894e-05,5.4724213658422944e-06,5.482012503316645e-06,1
19326,3.8652,1.7040880213167845e-05,0.05998429077173473,1.0,1.690495411290711e-05,9.343032383221815e-06,4.28200405183148e-06,5.061028331390335e-06,1
19327,3.8654,1.704910137713367e-05,0.060039894338061214,1.0,1.7140109267837178e-05,5.897335389058561e-06,2.586472428921713e-06,3.3108629601368486e-06,1
19328,3.8656,1.7058733217749782e-05,0.06003427980578574,1.0,1.7620401975686933e-05,1.2461059260232079e-05,6.225473753346243e-06,6.235585506885836e-06,1
19329,3.8658,1.7067591316639108e-05,0.0601453141446604,1.0,1.7455572799480463e-05,8.745485206217637e-06,4.322575517907807e-06,4.42290968830983e-06,1
19330,3.866,1.7075733551707077e-05,0.060139686426104816,1.0,1.6993175454198592e-05,5.619648093575508e-06,2.612093671259784e-06,3.0075544223157246e-06,1
19331,3.8662,1.7085366482310512e-05,0.06013407708985757,1.0,1.640984988700999e-05,1.3647125097247736e-05,6.820287600200105e-06,6.826837497047632e-06,1
19332,3.8664,1.709479059083945e-05,0.06012846719398808,1.0,1.5670039323784382e-05,1.3332819649289156e-05,6.630220156751545e-06,6.70259949253761e-06,1
19333,3.8666,1.7103975182081027e-05,0.0601228573731039,1.0,1.5263239255520807e-05,1.2532265394493674e-05,6.264904275117891e-06,6.267361119375782e-06,1
19334,3.8668,1.71116300265629e-05,0.06011723440885539,1.0,1.4885941662098756e-05,5.251999421914486e-06,2.6228000526712527e-06,2.629199369243233e-06,1
19335,3.867,1.711968231663395e-05,0.06011161757860662,1.0,1.5137850159526312e-05,6.979089311483647e-06,3.3248294694699173e-06,3.6542598420137297e-06,1
19336,3.8672,1.7127469418036516e-05,0.06010599987136941,1.0,1.570121808269136e-05,5.081478474677808e-06,1.7986054748620515e-06,3.2828729998157558e-06,1
19337,3.8674000000000004,1.7136675311684248e-05,0.06010039931345801,1.0,1.63085676878244e-05,1.1559178883063822e-05,5.776844056547852e-06,5.7823348265159706e-06,1
19338,3.8676000000000004,1.7144697799184744e-05,0.060094788976629634,1.0,1.6411161766695202e-05,5.530518303946861e-06,2.6760738153739694e-06,2.8544444885728913e-06,1
19339,3.8678000000000003,1.7155870570848372e-05,0.06008921448361244,1.0,1.6302278306735016e-05,2.13807438455563e-05,1.068424279171713e-05,1.0696501053839169e-05,1
19340,3.8680000000000003,1.7165504557962233e-05,0.06008362365060704,1.0,1.6044754592378533e-05,1.3933412214454215e-05,4.40633018949414e-06,9.527082024960075e-06,1
19341,3.8682000000000003,1.7173413011829563e-05,0.06007801934367024,1.0,1.6451912427320245e-05,4.889386110219467e-06,2.2175249272105362e-06,2.6718611830089304e-06,1
19342,3.8684000000000003,1.7183261114922668e-05,0.060072437385459705,1.0,1.6829373120773625e-05,1.4200855802819603e-05,7.06210881848905e-06,7.138746984330553e-06,1
19343,3.8686000000000003,1.7191319247425694e-05,0.060066839985724055,1.0,1.677562199455187e-05,5.295359195794866e-06,2.0443476125170797e-06,3.2510115832777866e-06,1
19344,3.8688000000000002,1.7201633904551406e-05,0.06006126987364713,1.0,1.6342846245166898e-05,1.700111569459531e-05,8.266724089724088e-06,8.734391604871224e-06,1
19345,3.869,1.721097176206864e-05,0.06011320597167965,1.0,1.605563735825602e-05,1.239301645776316e-05,4.6034795566871055e-06,7.789536901076054e-06,1
19346,3.8692,1.721980965830476e-05,0.06010761970942064,1.0,1.604549887390401e-05,9.893810518509085e-06,4.9470830902178805e-06,4.946727428291205e-06,1
19347,3.8694,1.7228935642201007e-05,0.060094710986037636,1.0,1.631488560214153e-05,1.1055562617808727e-05,5.5255315759435555e-06,5.530031041865172e-06,1
19348,3.8696,1.723745446974441e-05,0.060089122714247656,1.0,1.646668421706764e-05,7.858725945409447e-06,3.7523242597317535e-06,4.106401685677694e-06,1
19349,3.8698,1.7246406487992125e-05,0.060083540938191626,1.0,1.7051869049464817e-05,9.43033055641315e-06,4.577854450106883e-06,4.852476106306268e-06,1
19350,3.87,1.7255055916292426e-05,0.060077958625039056,1.0,1.758030412615895e-05,7.379712534053991e-06,3.4290941065761966e-06,3.950618427477794e-06,1
19351,3.8702,1.7263669828482008e-05,0.060072378679413056,1.0,1.7987512848198495e-05,6.785869320627216e-06,3.1694636530658556e-06,3.616405667561361e-06,1
19352,3.8704,1.7273210447276764e-05,0.06005904707621435,1.0,1.8085900915164624e-05,1.1311621954403975e-05,5.6524815862358305e-06,5.659140368168143e-06,1
19353,3.8706,1.7283100328623658e-05,0.06005348166319972,1.0,1.811972568999169e-05,1.3013907368086289e-05,6.336912943755362e-06,6.676994424330926e-06,1
19354,3.8708,1.729205096726114e-05,0.06004790874982541,1.0,1.8194531123248317e-05,8.232998732895585e-06,4.112458191630999e-06,4.1205405412645845e-06,1
19355,3.871,1.7301533183289863e-05,0.06004234464971649,1.0,1.8434339915969473e-05,1.0641403292877035e-05,5.257147663083519e-06,5.384255629793515e-06,1
19356,3.8712,1.7310903900617785e-05,0.06003678291381192,1.0,1.7757956603972403e-05,1.0750396897487104e-05,5.154959040964646e-06,5.5954378565224575e-06,1
19357,3.8714000000000004,1.7319517662020568e-05,0.06003121544061066,1.0,1.7365026997934437e-05,7.349111161094063e-06,3.6727997787575033e-06,3.67631138233656e-06,1
19358,3.8716000000000004,1.73283521021264e-05,0.06002565207400518,1.0,1.7315261253879962e-05,8.493118984748057e-06,3.951342252002091e-06,4.541776732745966e-06,1
19359,3.8718000000000004,1.7337171266425108e-05,0.06002009176175511,1.0,1.717899870491353e-05,8.543742236574958e-06,4.269469896691596e-06,4.274272339883362e-06,1
19360,3.8720000000000003,1.7345127065649656e-05,0.06008204337921005,1.0,1.6915815397987567e-05,4.480134945094278e-06,2.143391015779449e-06,2.3367439293148295e-06,1
19361,3.8722000000000003,1.7353901321553903e-05,0.0600764817306531,1.0,1.7050840940753144e-05,8.428621692497895e-06,4.209516946986569e-06,4.2191047455113256e-06,1
19362,3.8724000000000003,1.7363218095909767e-05,0.060070926997559,1.0,1.7246572361359863e-05,1.0935990024390283e-05,5.46179722097651e-06,5.4741928034137725e-06,1
19363,3.8726000000000003,1.7371766478212944e-05,0.0600653686405986,1.0,1.6748345301785157e-05,7.582884174221219e-06,3.6402240235309307e-06,3.942660150690289e-06,1
19364,3.8728000000000002,1.7380057442943773e-05,0.06005981037506732,1.0,1.6343170823096373e-05,6.692141961929867e-06,3.2924175313850622e-06,3.399724430544805e-06,1
19365,3.873,1.7387153607722877e-05,0.06005424262839737,1.0,1.6040794271336214e-05,1.0124598813772372e-06,2.002412991005206e-09,1.010457468386232e-06,1
19366,3.8732,1.739634557485953e-05,0.06004869854158642,1.0,1.568166733435577e-05,1.1842061914994747e-05,5.918161354557074e-06,5.923900560437673e-06,1
19367,3.8734,1.740490323145085e-05,0.060102832597730485,1.0,1.5546532991909024e-05,8.795293819714654e-06,4.350926007182801e-06,4.444367812531853e-06,1
19368,3.8736,1.7413353557218795e-05,0.06027952248120467,1.0,1.586116473526654e-05,7.931916835484491e-06,3.966425802088511e-06,3.965491033395981e-06,1
19369,3.8738,1.7422667799064673e-05,0.06027397208904093,1.0,1.667808815756177e-05,1.1425252792170192e-05,5.7115598599193304e-06,5.713692932250863e-06,1
19370,3.874,1.743183095649357e-05,0.06026842263318697,1.0,1.7463576910006758e-05,9.874643110919674e-06,4.689134669451485e-06,5.185508441468189e-06,1
19371,3.8742,1.744187444490668e-05,0.0602628856834121,1.0,1.760023067264866e-05,1.412955873274268e-05,6.800365062716392e-06,7.329193670026287e-06,1
19372,3.8744,1.7449954593460033e-05,0.060257332014777384,1.0,1.7475426496340734e-05,4.428152552424233e-06,2.211830268146384e-06,2.216322284277849e-06,1
19373,3.8746,1.7458509757402886e-05,0.06030244009319479,1.0,1.768377654253967e-05,6.585273279699336e-06,3.2881128675556884e-06,3.297160412143648e-06,1
19374,3.8748,1.7468022940606408e-05,0.06029690212304111,1.0,1.7744368709992827e-05,1.1305295188264648e-05,5.651237489517856e-06,5.654057698746791e-06,1
19375,3.875,1.747655232115216e-05,0.0602913552401864,1.0,1.799553850674887e-05,6.1256437636653705e-06,2.7667707261440746e-06,3.358873037521296e-06,1
19376,3.8752,1.748713934429476e-05,0.06028583182852582,1.0,1.828508433316483e-05,1.6114273040661656e-05,8.04512525891006e-06,8.069147781751599e-06,1
19377,3.8754000000000004,1.7495760141968116e-05,0.06041741640728899,1.0,1.8614277109381328e-05,5.941468386182254e-06,2.9696343182944952e-06,2.9718340678877584e-06,1
19378,3.8756000000000004,1.7509247712068452e-05,0.06041192169943437,1.0,1.8917804468360696e-05,2.996017737528541e-05,1.4943624517518228e-05,1.5016552857767184e-05,1
19379,3.8758000000000004,1.7517673344678705e-05,0.06040637606494568,1.0,1.9043392072958654e-05,4.5133808379116545e-06,2.2540652811415124e-06,2.2593155567701416e-06,1
19380,3.8760000000000003,1.7526998089851308e-05,0.060551752854995824,1.0,1.9130957983266368e-05,8.90941910837367e-06,4.452713773254122e-06,4.4567053351195464e-06,1
19381,3.8762000000000003,1.753683493040702e-05,0.060546222534401936,1.0,1.9673323056947136e-05,1.0917466990262978e-05,5.457093191006346e-06,5.460373799256632e-06,1
19382,3.8764000000000003,1.754569613427282e-05,0.060540686182972134,1.0,1.9711866975393147e-05,5.990921648340896e-06,2.5875337048067676e-06,3.4033879435341287e-06,1
19383,3.8766000000000003,1.755586858672665e-05,0.06053516614959808,1.0,1.9851864382840488e-05,1.2397171102998574e-05,6.196924858645215e-06,6.20024624435336e-06,1
19384,3.8768000000000002,1.756628959585343e-05,0.060529649539253945,1.0,2.0111622800320496e-05,1.3369372887408434e-05,6.6454649417342166e-06,6.7239079456742175e-06,1
19385,3.8770000000000002,1.7575982214348016e-05,0.06052412829115792,1.0,2.039126613589086e-05,9.437207842550653e-06,4.639744805905189e-06,4.797463036645463e-06,1
19386,3.8772,1.758601712259014e-05,0.060518612416077484,1.0,2.0928307925290216e-05,1.0601251012736264e-05,5.297607601943091e-06,5.3036434107931736e-06,1
19387,3.8774,1.7596715544523267e-05,0.06051310611725547,1.0,2.1225886553727628e-05,1.3610343673751484e-05,6.803477000012911e-06,6.806866673738573e-06,1
19388,3.8776,1.7606264867754537e-05,0.06050759059714968,1.0,2.1451622373612125e-05,7.628474904795699e-06,3.8122776825762353e-06,3.816197222219463e-06,1
19389,3.8778,1.761673446380341e-05,0.06050208695042103,1.0,2.179072587094524e-05,1.188021733222506e-05,5.818509929633722e-06,6.061707402591338e-06,1
19390,3.878,1.7626386714472518e-05,0.06049657716167224,1.0,2.2045167027408004e-05,7.52847672241464e-06,3.641159013444702e-06,3.887317708969938e-06,1
19391,3.8782,1.763661777707019e-05,0.06049107674627152,1.0,2.201727957119219e-05,1.0439977720007315e-05,5.2184999376149995e-06,5.221477782392316e-06,1
19392,3.8784,1.7646782114036367e-05,0.06048557752612149,1.0,2.2269014001749646e-05,9.843897576641915e-06,4.919963938697713e-06,4.9239336379442015e-06,1
19393,3.8786,1.7657578088699815e-05,0.06048008693981568,1.0,2.2446457937500913e-05,1.281362500575209e-05,6.390391640992667e-06,6.4232333647594236e-06,1
19394,3.8788,1.7667985666670722e-05,0.06047459491563632,1.0,2.2219595687244003e-05,1.108735781772304e-05,5.540680865914529e-06,5.546676951808511e-06,1
19395,3.879,1.767787053064101e-05,0.060469100347036404,1.0,2.2031378572631027e-05,8.651342214937295e-06,4.317202063172665e-06,4.3341401517646296e-06,1
19396,3.8792,1.7688141018999498e-05,0.06046361250583877,1.0,2.195749939404222e-05,1.0642753319064911e-05,5.320497081730406e-06,5.322256237334506e-06,1
19397,3.8794000000000004,1.769669676854472e-05,0.06045810892876586,1.0,2.2101082065603408e-05,1.9155916504546936e-06,9.384303106194175e-07,9.77161339835276e-07,1
19398,3.8796000000000004,1.7707539196061266e-05,0.06052633739636583,1.0,2.2537514876667944e-05,1.2901055473350381e-05,6.171608473536968e-06,6.729446999813414e-06,1
19399,3.8798000000000004,1.771778775432149e-05,0.060520849285934014,1.0,2.3030941188931375e-05,9.427196304420381e-06,4.710782080879717e-06,4.7164142235406636e-06,1
19400,3.8800000000000003,1.7728122345998838e-05,0.0605153646318376,1.0,2.3236937935491724e-05,9.640549419476053e-06,4.442755318015931e-06,5.197794101460122e-06,1
19401,3.8802000000000003,1.773796221685754e-05,0.060509878338044325,1.0,2.3125797529970185e-05,7.267485347363851e-06,3.623583684016715e-06,3.6439016633471363e-06,1
19402,3.8804000000000003,1.774853281687114e-05,0.06050439937507057,1.0,2.409717925274859e-05,9.939023874338857e-06,4.961536699068029e-06,4.977487175270828e-06,1
19403,3.8806000000000003,1.775899685302443e-05,0.06049892284162974,1.0,2.4575996840604423e-05,8.916330549886342e-06,4.452305531862304e-06,4.464025018024038e-06,1
19404,3.8808000000000002,1.776874075052543e-05,0.06055534038270424,1.0,2.4836029058260122e-05,5.043887617511742e-06,2.5094028487359003e-06,2.534484768775842e-06,1
19405,3.8810000000000002,1.777920733370515e-05,0.060549865498026066,1.0,2.4575785011539267e-05,8.906940215176015e-06,4.4518582796153614e-06,4.455081935560654e-06,1
19406,3.8812,1.779001695686874e-05,0.06054439569197565,1.0,2.4352839079233676e-05,1.0833901112706586e-05,5.185907436274968e-06,5.647993676431618e-06,1
19407,3.8814,1.7800630600658926e-05,0.06053892903346558,1.0,2.3114781531562566e-05,1.108079890772451e-05,5.162089314907146e-06,5.918709592817364e-06,1
19408,3.8816,1.780982221478973e-05,0.060533447407587114,1.0,2.3103621372789223e-05,3.97140622096792e-06,1.6166539915492161e-06,2.3547522294187033e-06,1
19409,3.8818,1.7819633938302287e-05,0.06052073173149432,1.0,2.37390314415598e-05,6.426692761237282e-06,3.0989639274742936e-06,3.3277288337629884e-06,1
19410,3.882,1.783025739625929e-05,0.06051526644719396,1.0,2.376944795001982e-05,1.0444209941762902e-05,5.181270261067937e-06,5.262939680694964e-06,1
19411,3.8822,1.78425151799802e-05,0.06050981819785086,1.0,2.4157413775097823e-05,1.821583719080362e-05,9.103923823892214e-06,9.111913366911405e-06,1
19412,3.8824,1.7853983480862866e-05,0.06050436278625442,1.0,2.5091554666411987e-05,1.3321798590152721e-05,6.42445579057325e-06,6.897342799579471e-06,1
19413,3.8826,1.7865470751853524e-05,0.06049891085925852,1.0,2.5995376336337633e-05,1.25007525883404e-05,6.240058928458358e-06,6.2606936598820425e-06,1
19414,3.8828,1.787848251413891e-05,0.06049347759241822,1.0,2.6641508752784185e-05,1.9464183178211655e-05,9.729031519850153e-06,9.735151658361502e-06,1
19415,3.883,1.7889285580962132e-05,0.06048802516306385,1.0,2.6364322775910973e-05,8.685361577943543e-06,4.203217917865622e-06,4.48214366007792e-06,1
19416,3.8832,1.790028777518296e-05,0.06048257812411846,1.0,2.601940968784919e-05,1.0014447022202726e-05,4.904747799553009e-06,5.109699222649717e-06,1
19417,3.8834000000000004,1.7911402475415624e-05,0.060477134734608896,1.0,2.588085209265026e-05,1.0703904856496103e-05,5.306192958752479e-06,5.397711897743623e-06,1
19418,3.8836000000000004,1.792230589845016e-05,0.06053606676818334,1.0,2.6323000631170665e-05,9.192639588574348e-06,4.339020492299244e-06,4.853619096275104e-06,1
19419,3.8838000000000004,1.7934362804278568e-05,0.06053063103732926,1.0,2.668137477018782e-05,1.458960176561654e-05,7.2247782219605366e-06,7.364823543656003e-06,1
19420,3.8840000000000003,1.7946650482886706e-05,0.06052519893281895,1.0,2.7407770761905784e-05,1.5004258042766185e-05,7.367281892776755e-06,7.63697614998943e-06,1
19421,3.8842000000000003,1.7957524590051955e-05,0.06051975491672453,1.0,2.7951696122311494e-05,7.380291344082467e-06,3.688707212056896e-06,3.691584132025572e-06,1
19422,3.8844000000000003,1.796930155130017e-05,0.060514322953466565,1.0,2.816222508817809e-05,1.1672119433759042e-05,5.765215376682425e-06,5.906904057076616e-06,1
19423,3.8846000000000003,1.7982070579503774e-05,0.06050890292450953,1.0,2.887371804401607e-05,1.5908043015442456e-05,7.936480897251807e-06,7.971562118190647e-06,1
19424,3.8848000000000003,1.7993858364181906e-05,0.06050347621055205,1.0,2.888492093753747e-05,1.0977698732300631e-05,5.485945924706252e-06,5.491752807594379e-06,1
19425,3.8850000000000002,1.8006794213470618e-05,0.060498062512838624,1.0,2.9203995397842603e-05,1.638593504478698e-05,8.113594156782456e-06,8.272340888004522e-06,1
19426,3.8852,1.8019715298581517e-05,0.06062865014204764,1.0,2.9261665629389172e-05,1.6238381001254823e-05,8.066937694604976e-06,8.171443306649847e-06,1
19427,3.8854,1.803144008882329e-05,0.06062322584911847,1.0,2.9032680262017898e-05,1.0472919715777487e-05,5.225474661127335e-06,5.247445054650152e-06,1
19428,3.8856,1.8040992299899473e-05,0.06061778205153554,1.0,2.8629516581149642e-05,2.002272514575986e-09,2.002272514575986e-09,0.0,1
19429,3.8858,1.805295082686061e-05,0.06061236530670761,1.0,2.819450416922049e-05,1.245728457447936e-05,4.1202970023333465e-06,8.336987572146013e-06,1
19430,3.886,1.8067325647854933e-05,0.06059808240915222,1.0,2.8135240014514547e-05,2.4584312154201305e-05,1.2288905848717791e-05,1.2295406305483514e-05,1
19431,3.8862,1.8077950053793123e-05,0.06059264941417303,1.0,2.820558107072684e-05,5.748736869452129e-06,2.6455690630647614e-06,3.1031678063873677e-06,1
19432,3.8864,1.8088628275581036e-05,0.06058722214107494,1.0,2.824740333805455e-05,5.9647952894583585e-06,2.9468583402934285e-06,3.0179369491649305e-06,1
19433,3.8866,1.809995667325618e-05,0.06058180342084733,1.0,2.8636378308242356e-05,8.815127845715542e-06,4.391156511012301e-06,4.4239713347032405e-06,1
19434,3.8868,1.811144497240158e-05,0.060576388483644834,1.0,2.8806646669112246e-05,9.432365393604724e-06,4.510401008434874e-06,4.92196438516985e-06,1
19435,3.887,1.81233557442869e-05,0.06057098065252324,1.0,2.883648392401339e-05,1.1502581570846747e-05,5.7457404005282385e-06,5.756841170318509e-06,1
19436,3.8872,1.8135513751416245e-05,0.06062487707429682,1.0,2.9154540482234708e-05,1.240696080143678e-05,5.9077421114787e-06,6.499218689958079e-06,1
19437,3.8874,1.81467939542124e-05,0.06061946170605222,1.0,2.965510553157188e-05,7.505042736411634e-06,3.7472852548486522e-06,3.757757481562981e-06,1
19438,3.8876000000000004,1.815910598264919e-05,0.06061405983116815,1.0,3.005232711111712e-05,1.2254536249461101e-05,6.100045718627265e-06,6.1544905308338365e-06,1
19439,3.8878000000000004,1.8171474921206934e-05,0.060608660675022956,1.0,3.012655453727081e-05,1.2451869016020138e-05,6.224832203625637e-06,6.2270368123945005e-06,1
19440,3.8880000000000003,1.8181960166772056e-05,0.06060324515930531,1.0,2.9996462442415797e-05,3.1514748758936505e-06,1.2704190820979671e-06,1.8810557937956834e-06,1
19441,3.8882000000000003,1.8192087307174255e-05,0.060597829771708585,1.0,2.9678575936677492e-05,1.668003268308157e-06,8.343000561464899e-07,8.337032121616672e-07,1
19442,3.8884000000000003,1.820436252823337e-05,0.060592438221737745,1.0,2.9488576656182443e-05,1.2586624042266437e-05,6.28954328316428e-06,6.297080759102158e-06,1
19443,3.8886000000000003,1.8214949088446237e-05,0.0606651934768591,1.0,2.921383623874253e-05,4.404611832456381e-06,2.2001627050131157e-06,2.2044491274432655e-06,1
19444,3.8888000000000003,1.8227522353971485e-05,0.06065980420943937,1.0,2.8400084152014457e-05,1.5139706306861771e-05,7.495219352958921e-06,7.64448695390285e-06,1
19445,3.8890000000000002,1.823841621132712e-05,0.06065439999118933,1.0,2.7683959091624576e-05,7.446443705584193e-06,3.6630231246442375e-06,3.7834205809399556e-06,1
19446,3.8892,1.8248574625316445e-05,0.06064899021353994,1.0,2.7333731521373946e-05,4.108388531584152e-06,2.0533167172447335e-06,2.0550718143394193e-06,1
19447,3.8894,1.8259710658915117e-05,0.06064359257944668,1.0,2.7171665242916273e-05,9.147358437070087e-06,4.3965514091251896e-06,4.750807027944896e-06,1
19448,3.8896,1.8271708613713245e-05,0.060638205002424415,1.0,2.707901511612838e-05,1.3537444526887279e-05,6.0411373633812315e-06,7.4963071635060475e-06,1
19449,3.8898,1.8284136193197592e-05,0.060632823749340446,1.0,2.7078229703868835e-05,1.567349840893728e-05,7.730148133949784e-06,7.943350274987495e-06,1
19450,3.89,1.82947183638922e-05,0.06062742605159685,1.0,2.7089054878778328e-05,6.4235255233307265e-06,3.2064436804485615e-06,3.2170818428821646e-06,1
19451,3.8902,1.8305517727197758e-05,0.060755965527075524,1.0,2.7175423770277614e-05,7.409428482382706e-06,3.7036028992731267e-06,3.7058255831095797e-06,1
19452,3.8904,1.8316620740218025e-05,0.060750573329055556,1.0,2.7297853151384005e-05,8.793729879202933e-06,4.34529794064053e-06,4.448431938562404e-06,1
19453,3.8906,1.832627396241545e-05,0.06074516958302767,1.0,2.6985382873922362e-05,1.8463364254626044e-06,9.236021415097437e-07,9.227342839528607e-07,1
19454,3.8908,1.8337268084362226e-05,0.060739782502482347,1.0,2.665128733995147e-05,8.874078700685498e-06,4.433368004165273e-06,4.440710696520224e-06,1
19455,3.891,1.8348013168024923e-05,0.060734394383027655,1.0,2.628236991870234e-05,7.986373709054455e-06,3.838209105896045e-06,4.1481646031584095e-06,1
19456,3.8912,1.835963250276024e-05,0.06072901734316221,1.0,2.6011889288729534e-05,1.261634705380959e-05,6.3048540245286016e-06,6.311493029280989e-06,1
19457,3.8914,1.8370360502398673e-05,0.06072363363612442,1.0,2.5512092787300462e-05,8.64771469278143e-06,3.800329457832121e-06,4.84738523494931e-06,1
19458,3.8916000000000004,1.838072721326314e-05,0.060718249044321944,1.0,2.522456778159013e-05,7.117706937629475e-06,3.4083097797692525e-06,3.709397157860222e-06,1
19459,3.8918000000000004,1.8391954780429934e-05,0.06071287316129741,1.0,2.5863275688323207e-05,1.0771926679077102e-05,5.217130688378847e-06,5.554795990698255e-06,1
19460,3.8920000000000003,1.8401895521981245e-05,0.06070748696930752,1.0,2.6421132170078328e-05,3.768814436302547e-06,1.8831732462794673e-06,1.8856411900230799e-06,1
19461,3.8922000000000003,1.841328743093688e-05,0.06069339864647942,1.0,2.6645580080897924e-05,1.0789149055294464e-05,5.389960064807331e-06,5.399188990487133e-06,1
19462,3.8924000000000003,1.8423434027155846e-05,0.06074945222819257,1.0,2.6661298149926925e-05,4.534411989348462e-06,2.2453854437208292e-06,2.289026545627633e-06,1
19463,3.8926000000000003,1.8437145877960285e-05,0.060744102326135016,1.0,2.6246125568684125e-05,2.276330224764652e-05,3.625032588714155e-06,1.9138269658932366e-05,1
19464,3.8928000000000003,1.845376958399851e-05,0.06073878618805655,1.0,2.5863509153342117e-05,3.768920381353622e-05,1.8842695455524295e-05,1.8846508358011924e-05,1
19465,3.8930000000000002,1.8468545258655145e-05,0.06087499540226028,1.0,2.5351705383621364e-05,2.8941682790451172e-05,8.55436466374749e-06,2.0387318126703684e-05,1
19466,3.8932,1.8480356198214027e-05,0.060869628933617255,1.0,2.5032921619043506e-05,1.4422787615998732e-05,7.011230610413962e-06,7.41155700558477e-06,1
19467,3.8934,1.849263259401684e-05,0.06086427126376507,1.0,2.4419649496417303e-05,1.7350663250211122e-05,8.661246754030658e-06,8.689416496180466e-06,1
19468,3.8936,1.8502491725041575e-05,0.060858890454825246,1.0,2.3923505003525567e-05,5.748841944427661e-06,2.870475514196268e-06,2.8783664302313923e-06,1
19469,3.8938,1.8513000874900738e-05,0.0608535188064903,1.0,2.3970115755302244e-05,8.941620858076345e-06,4.4655194651577875e-06,4.4761013929185574e-06,1
19470,3.894,1.8524177106468475e-05,0.060909877792075136,1.0,2.4048562007106452e-05,1.218603696615355e-05,6.087807136906376e-06,6.098229829247174e-06,1
19471,3.8942,1.85350562777757e-05,0.06090450770868668,1.0,2.456315450249952e-05,1.0174543270780209e-05,5.085368540195011e-06,5.089174730585198e-06,1
19472,3.8944,1.8545784673172832e-05,0.06096461489282069,1.0,2.4538424395860734e-05,9.432817629170072e-06,4.533049836434532e-06,4.899767792735541e-06,1
19473,3.8946,1.8556544158164844e-05,0.06095924369603657,1.0,2.4769347632699363e-05,9.346043068853098e-06,4.661364631961384e-06,4.6846784368917134e-06,1
19474,3.8948,1.8565611759192467e-05,0.0609538587959401,1.0,2.4906267327974717e-05,7.392856042899679e-07,3.7046043264507094e-07,3.68825171644897e-07,1
19475,3.895,1.857780458184429e-05,0.060948508008554246,1.0,2.4948680775400207e-05,1.631180154541062e-05,8.150469339468348e-06,8.161332205942273e-06,1
19476,3.8952,1.8588889527659843e-05,0.06094314756461237,1.0,2.484247603539222e-05,1.0866373441362907e-05,5.430156214893498e-06,5.436217226469408e-06,1
19477,3.8954,1.8598222402493524e-05,0.060937772785821576,1.0,2.4544635447091374e-05,2.393127950164267e-06,1.1953631731835723e-06,1.1977647769806949e-06,1
19478,3.8956000000000004,1.8609252836769747e-05,0.06093241462699756,1.0,2.591084693728906e-05,9.504011284357076e-06,4.374381895774403e-06,5.1296293885826726e-06,1
19479,3.8958000000000004,1.8621159680579882e-05,0.060927068991818656,1.0,2.6172704531181085e-05,1.3612133435611636e-05,6.768984778392697e-06,6.84314865721894e-06,1
19480,3.8960000000000004,1.863133397814232e-05,0.060921708704421894,1.0,2.5972612247114624e-05,5.1378810503618364e-06,2.483389241785024e-06,2.6544918085768126e-06,1
19481,3.8962000000000003,1.8643656613921605e-05,0.060916373479089736,1.0,2.5717784518910086e-05,1.6122565595796488e-05,8.058109316452484e-06,8.064456279344005e-06,1
19482,3.8964000000000003,1.8653754851269272e-05,0.06091101648527962,1.0,2.5516782855440454e-05,5.1897816247022954e-06,2.5897330091505005e-06,2.600048615551795e-06,1
19483,3.8966000000000003,1.866683916336536e-05,0.06090569249397586,1.0,2.5609551246132107e-05,2.0015189068243474e-05,1.0004044862124282e-05,1.0011144206119191e-05,1
19484,3.8968000000000003,1.867918705976154e-05,0.060900361393523714,1.0,2.58484752091993e-05,1.6080795552091816e-05,8.02622816185711e-06,8.054567390234706e-06,1
19485,3.8970000000000002,1.868976004846497e-05,0.060895015124849496,1.0,2.6167149938226754e-05,6.8755238305502046e-06,3.404978823114338e-06,3.4705450074358666e-06,1
19486,3.8972,1.8700735025638672e-05,0.06088967626717671,1.0,2.66374741227699e-05,8.403811751310749e-06,3.990063563250823e-06,4.413748188059927e-06,1
19487,3.8974,1.871202437202667e-05,0.060884342984976414,1.0,2.6851524130345924e-05,9.749897591961372e-06,4.826321169310751e-06,4.923576422650621e-06,1
19488,3.8976,1.872432875998123e-05,0.0608790221297929,1.0,2.6985059700012335e-05,1.4679154359090664e-05,7.230903225081691e-06,7.448251134008974e-06,1
19489,3.8978,1.873543413724065e-05,0.060873690882036945,1.0,2.6996569073674706e-05,8.66027387641305e-06,4.205530426621685e-06,4.454743449791364e-06,1
19490,3.898,1.8747246446609087e-05,0.06086836978802237,1.0,2.713700825355255e-05,1.2042438593872406e-05,5.726042967402121e-06,6.316395626470285e-06,1
19491,3.8982,1.875712727763436e-05,0.060863030509952676,1.0,2.7439052389015153e-05,2.07159604616438e-06,8.960319006873043e-07,1.1755641454770757e-06,1
19492,3.8984,1.8768370467292352e-05,0.06085040041536221,1.0,2.7854197998363444e-05,8.457275754917702e-06,4.217847524825426e-06,4.239428230092276e-06,1
19493,3.8986,1.8779010404609497e-05,0.06084507121404464,1.0,2.8167648932558073e-05,5.116055791878974e-06,2.55430939834606e-06,2.561746393532914e-06,1
19494,3.8988,1.879210334940534e-05,0.06089650681966583,1.0,2.833797444738034e-05,1.7197213014521036e-05,8.520040649001182e-06,8.677172365519854e-06,1
19495,3.899,1.880281524066664e-05,0.06089117816665839,1.0,2.793749477214943e-05,5.679897903757825e-06,2.834525796940698e-06,2.8453721068171273e-06,1
19496,3.8992,1.8813120507100302e-05,0.06088584905225462,1.0,2.766253039912499e-05,3.910689902113194e-06,1.90938751334992e-06,2.001302388763274e-06,1
19497,3.8994,1.882542160917304e-05,0.06088054175587632,1.0,2.7272843468874453e-05,1.4267663556349308e-05,7.134838100414131e-06,7.132825455935177e-06,1
19498,3.8996000000000004,1.8837549254702243e-05,0.06087523408515913,1.0,2.712036797796576e-05,1.3539998286128689e-05,6.769818600879706e-06,6.770179685248983e-06,1
19499,3.8998000000000004,1.885008407168796e-05,0.060869931269858055,1.0,2.7541784572698024e-05,1.5141457008950675e-05,7.351511866908467e-06,7.789945142042209e-06,1
19500,3.9000000000000004,1.886109556809616e-05,0.060864616491112966,1.0,2.7804781093778992e-05,7.24946799699092e-06,3.619276067001752e-06,3.6301919299891683e-06,1
