time,loss_full,loss_reduced,edot_full,edot_reduced,a_eta_cross,b_eta_cross,c_eta_cross,d_eta_cross,G_eta_cross,eta2G_eta_cross,abs_error_eta_cross,a_eta_sqrt,b_eta_sqrt,c_eta_sqrt,d_eta_sqrt,G_eta_sqrt,eta2G_eta_sqrt,abs_error_eta_sqrt,a_eta_formula,b_eta_formula,c_eta_formula,d_eta_formula,G_eta_formula,eta2G_eta_formula,abs_error_eta_formula
1.5,0.49633303825242553,0.49634724396028607,-0.0037792264928408433,-0.0038805484319478006,0.8909449618033808,1.2628761173862233,0.7178090371163511,6.826556872278543,-32.9687912908813,-0.0038997623243662493,1.921389241844873e-05,0.8909449618033808,0.1699058615891514,0.09657318024206012,0.12356541608507655,-0.5967579981971289,-0.0038997623243662506,1.921389241845003e-05,0.8909449618033808,0.41204966176547947,0.23420584718013257,0.7267404544708547,-3.5097860919296253,-0.00389976232436625,1.9213892418449598e-05
1.51,0.4962950809775589,0.496308244528924,-0.0038131544209804974,-0.003920333260492657,0.893072319817803,1.2490462908752216,0.6957169452874329,6.915364198475182,-33.309185877204754,-0.003940026402337759,1.969314184510195e-05,0.893072319817803,0.16804521306105702,0.09360093629443698,0.12517289030937437,-0.6029193763968721,-0.003940026402337758,1.9693141845101084e-05,0.893072319817803,0.4075372830311917,0.22699766670979618,0.7361946900112589,-3.546023762103982,-0.003940026402337758,1.9693141845101084e-05
1.52,0.49625677121886264,0.496268833716821,-0.0038497069512377718,-0.003962790266277647,0.8950271804088078,1.234679130365938,0.6732036054844311,7.007021842101414,-33.67226946994283,-0.003982974283049027,2.018401677137977e-05,0.8950271804088078,0.16611227225133474,0.09057201814180356,0.12683195725687826,-0.6094914413557877,-0.003982974283049028,2.018401677138064e-05,0.8950271804088078,0.4028495836227705,0.21965204197010435,0.7459523641698311,-3.5846768547441252,-0.003982974283049028,2.018401677138064e-05
1.53,0.4962180830539218,0.4962289851762058,-0.003888748244259375,-0.004007806656158021,0.8968230627846588,1.2198057568127454,0.6502828893089072,7.10163055166428,-34.05709189105994,-0.004028493573283334,2.0686917125312988e-05,0.8968230627846588,0.16411122613643728,0.08748829205305389,0.1285444405454714,-0.6164569941921372,-0.004028493573283334,2.0686917125312988e-05,0.8968230627846588,0.39799671764681954,0.21217349897010335,0.7560242024143529,-3.625644215955001,-0.004028493573283334,2.0686917125312988e-05
1.54,0.4961789918511246,0.496188673365958,-0.003930256922760665,-0.004055427657890366,0.8984725402164617,1.2044562196160677,0.6269665805269818,7.199291661074283,-34.46405189209678,-0.00407663143995746,2.1203782067094265e-05,0.8984725402164617,0.1620461175272144,0.0843513434021672,0.13031217438924578,-0.6238232525854869,-0.00407663143995746,2.1203782067094265e-05,0.8984725402164617,0.3929884895846419,0.20456588250246718,0.7664209925333905,-3.6689682959617143,-0.00407663143995746,2.1203782067094265e-05
1.55,0.49613947369367717,0.4961478725225859,-0.003974097009464079,-0.0041055116438495146,0.8999872880783177,1.188657315405088,0.6032645325115564,7.300110523082359,-34.89194998092969,-0.004127245999368391,2.1734355518876307e-05,0.8999872880783177,0.1599205516105141,0.08116249785029848,0.13213706574609368,-0.6315685048961146,-0.004127245999368391,2.1734355518876307e-05,0.8999872880783177,0.3878336426073524,0.1968324075135516,0.7771539501525552,-3.7145213994315514,-0.00412724599936839,2.173435551887544e-05
1.56,0.4960995043565372,0.4961065576888867,-0.0040207135970695045,-0.004158467879633369,0.9013781337204165,1.1724323778791943,0.579184726078912,7.404185991976269,-35.34428243050334,-0.004180750813341462,2.2282933708093686e-05,0.9013781337204165,0.15773766767469885,0.07792282912704619,0.13402090394721497,-0.6397560360902546,-0.004180750813341463,2.2282933708094553e-05,0.9013781337204165,0.3825397900056044,0.18897567797424805,0.7882335990851483,-3.7626757320073163,-0.004180750813341462,2.2282933708093686e-05
1.57,0.496059057483065,0.49606470083091425,-0.0040694850846917366,-0.004213803094432354,0.9026551028593132,1.1557979039279518,0.5547334267221888,7.511636657499873,-35.81685788430546,-0.004236650101061711,2.2847006629357104e-05,0.9026551028593132,0.1554996851918107,0.07463318018445891,0.1359658355492586,-0.648309979706806,-0.004236650101061711,2.2847006629357104e-05,0.9026551028593132,0.3771123143641754,0.18099773818192952,0.7996725641383694,-3.8129850909555403,-0.004236650101061712,2.284700662935797e-05
1.58,0.49601811006392243,0.4960222771328065,-0.004120746290530258,-0.004271766496338442,0.9038274731364903,1.1387663376369344,0.5299151894789647,7.622551454688759,-36.31180364486937,-0.004295195493661099,2.3428997322656568e-05,0.9038274731364903,0.1532082783744284,0.07129416385191364,0.13797347033807741,-0.6572688413976793,-0.004295195493661099,2.3428997322656568e-05,0.9038274731364903,0.3715552759239561,0.17290007434863808,0.8114803131434236,-3.865675944294989,-0.004295195493661099,2.3428997322656568e-05
1.59,0.49597664367285915,0.4959792668784003,-0.004173638332048846,-0.004331448137892496,0.9049038181117137,1.1213624876014143,0.5047331472575269,7.737005697998001,-36.821381970139086,-0.004355471720856305,2.4023582963808923e-05,0.9049038181117137,0.15086678494166514,0.06790620162719191,0.1400451715575662,-0.6664925626627264,-0.004355471720856305,2.4023582963808923e-05,0.9049038181117137,0.36587676920280954,0.16468370867582513,0.823664863914025,-3.919924548770674,-0.004355471720856305,2.4023582963808923e-05
1.6,0.4959348222557611,0.49593564487192143,-0.004178967763678807,-0.004394244629504668,0.9058920517177623,1.103594746902665,0.4791892246855325,7.855096149642865,-37.357493886157656,-0.004418886513145377,2.464188364070894e-05,0.9058920517177623,0.1484763340887646,0.06446955244742603,0.14218269067096104,-0.6761965603310107,-0.004418886513145376,2.4641883640708073e-05,0.9058920517177623,0.3600795326849403,0.15634926912862848,0.8362365175459696,-3.9769978618308395,-0.004418886513145377,2.464188364070894e-05
1.61,0.4958927615145889,0.495891383870214,-0.004233929040794956,-0.004458766346990314,0.9067994701948586,1.0854768299062367,0.4532840569768796,7.976951657844043,-37.908312146539586,-0.004484040867166373,2.5274520176058954e-05,0.9067994701948586,0.14603877093027354,0.060984301773543775,0.14438835992045948,-0.6861667530364637,-0.0044840408671663725,2.5274520176058086e-05,0.9067994701948586,0.3541680410766227,0.14789696296385527,0.8492089909416748,-4.035636780449735,-0.0044840408671663725,2.5274520176058086e-05
1.62,0.4958501516442177,0.4958464695653796,-0.004239975582859666,-0.004525311263292217,0.9076328060224013,1.0670328264386564,0.4270172733397923,8.102614638054236,-38.47637945661096,-0.0045512355505860575,2.5924287293840713e-05,0.9076328060224013,0.1435573364830069,0.05745039971965746,0.14666294705518593,-0.696449165509777,-0.0045512355505860575,2.5924287293840713e-05,0.9076328060224013,0.34815015437674024,0.13932666920002218,0.8625867995583393,-4.096111995527451,-0.004551235550586057,2.5924287293839846e-05
1.6300000000000001,0.49580747486138366,0.49580087751190594,-0.004296627195932352,-0.004594418286456148,0.9083982560971994,1.0482652522377343,0.40038755677363563,8.232178750546252,-39.06629255269418,-0.004621014295170846,2.6596008714697625e-05,0.9083982560971994,0.141032369211359,0.053867669098056827,0.14900814739106566,-0.7071270018678925,-0.004621014295170846,2.6596008714697625e-05,0.9083982560971994,0.3420266934171222,0.1306379581277867,0.8763799142656855,-4.158912865653761,-0.004621014295170846,2.6596008714697625e-05
1.6400000000000001,0.49576422056516684,0.49575458222714686,-0.00435523596393445,-0.004665781157926992,0.9091015241100919,1.0291744750803191,0.3733924702139334,8.365745618720366,-39.675451398149136,-0.00469306955173455,2.7288393807558056e-05,0.9091015241100919,0.1384639185955928,0.05023578202896499,0.15142580038215633,-0.7181531996435544,-0.004693069551734551,2.7288393807558924e-05,0.9091015241100919,0.3357977781955453,0.12183003458475773,0.8905991536707334,-4.223762596561095,-0.004693069551734551,2.7288393807558924e-05
1.6500000000000001,0.4957203731306923,0.49570756477686756,-0.004415417251198045,-0.004738983643218189,0.9097478567451591,1.0097816740285257,0.3460288059882558,8.503402036515054,-40.300320853585546,-0.004766983161076733,2.7999517858544147e-05,0.9097478567451591,0.13585483404171622,0.046554306955920964,0.15391747705896755,-0.729463770360895,-0.004766983161076733,2.7999517858544147e-05,0.9097478567451591,0.32947031899027085,0.11290185197553165,0.9052537576681291,-4.29028484496906,-0.004766983161076733,2.7999517858544147e-05
1.6600000000000001,0.4956759126784893,0.4956598022488296,-0.00447752567709326,-0.004814476088000547,0.9103420767533035,0.9900957649023969,0.3182927782635757,8.645251084162576,-40.94474084764209,-0.004843209334845655,2.8733246845108126e-05,0.9103420767533035,0.1332063150736299,0.042822734537419735,0.15648504324522675,-0.7411282193926603,-0.004843209334845655,2.8733246845108126e-05,0.9103420767533035,0.3230472248440644,0.10385217506317844,0.9203546999560688,-4.35888840136109,-0.004843209334845655,2.8733246845108126e-05
1.6700000000000002,0.495630822598205,0.4956112760751744,-0.0045415140790748135,-0.0048919775626628855,0.9108886198365658,0.9701257723175173,0.29017986646723215,8.791361358224322,-41.60632074693987,-0.004921465293430133,2.9487730767247845e-05,0.9108886198365658,0.1305195758524579,0.0390404565809535,0.15912974058629178,-0.7531032746159194,-0.004921465293430134,2.9487730767248713e-05,0.9108886198365658,0.3165314402973667,0.09467952888082654,0.9359092831758602,-4.42931876408712,-0.004921465293430133,2.9487730767247845e-05
1.6800000000000002,0.4955850868936485,0.4955619663474589,-0.004606961030031439,-0.004971423274825076,0.911391558833446,0.9498814087750458,0.2616849885448926,8.941817042958196,-42.284520764338765,-0.005001687187308549,3.026391248347332e-05,0.911391558833446,0.12779592308663743,0.035206789352933435,0.16185309287564303,-0.7653791655088973,-0.00500168718730855,3.0263912483474188e-05,0.911391558833446,0.309926134333075,0.08538225526205731,0.951926469401209,-4.501518468577695,-0.00500168718730855,3.0263912483474188e-05
1.6900000000000002,0.4955386850271209,0.49551184982769936,-0.004674412391460564,-0.005052974235950415,0.911854634224603,0.9293586238026177,0.2328024709449258,9.09671007247445,-42.98071563340755,-0.005084037628877891,3.106339292747659e-05,0.911854634224603,0.12503481183039938,0.03132096954042256,0.16465676418446573,-0.7779807757030662,-0.005084037628877891,3.106339292747659e-05,0.911854634224603,0.30322998536806256,0.07595850304744309,0.9684160457383114,-4.575633865990103,-0.005084037628877892,3.106339292747746e-05
1.7000000000000002,0.49549160517399443,0.49546091255038943,-0.004742810925130069,-0.00513592316435668,0.9122812806560124,0.9085793801469879,0.20352621898946138,9.256099303998656,-43.68889038976346,-0.005167805129164378,3.188196480769824e-05,0.9122812806560124,0.12223919692575791,0.027382177172657004,0.16754181986938171,-0.7907992301695355,-0.005167805129164377,3.188196480769737e-05,0.9122812806560124,0.29645015938024855,0.0664062836730064,0.9853842779998849,-4.65102461624794,-0.005167805129164378,3.188196480769824e-05
1.7100000000000002,0.495443832409356,0.49540913555595917,-0.004813080907082795,-0.005221021740347698,0.9126746484695122,0.887551242241497,0.17384991952902318,9.420065740011825,-44.41545069306053,-0.005253747391110806,3.2725650763107406e-05,0.9126746484695122,0.1194100960826423,0.02338956288596099,0.17050972613150178,-0.8039504757926947,-0.005253747391110805,3.272565076310654e-05,0.9126746484695122,0.2895891244836123,0.056723537292123705,1.0028397895345604,-4.728372651999725,-0.005253747391110805,3.272565076310654e-05
1.72,0.49539534546214536,0.49535649365429824,-0.00488523828227093,-0.005308424507635183,0.9130376262197208,0.8662679781590003,0.1437666865893483,9.588722351663922,-45.16172403612316,-0.0053420214391727205,3.359693153753753e-05,0.9130376262197208,0.1165466708649334,0.01934220024948838,0.17356252782702686,-0.8174585411137645,-0.0053420214391727205,3.359693153753753e-05,0.9130376262197208,0.2826448473326524,0.04690801715760668,1.0207946070062046,-4.807819295255449,-0.0053420214391727205,3.359693153753753e-05
1.73,0.4953461335994054,0.4953029735528865,-0.0049582102434908215,-0.005396896742784815,0.9133728662594047,0.8447532903529573,0.11326934526354847,9.76213036528468,-45.91719691352593,-0.005431383667784079,3.448692499926319e-05,0.9133728662594047,0.113652110172731,0.015239123959738773,0.17670133319500791,-0.8311331243896092,-0.005431383667784079,3.448692499926319e-05,0.9133728662594047,0.2756250615346455,0.03695738224968638,1.0392552484372302,-4.88824530100567,-0.005431383667784078,3.448692499926232e-05
1.74,0.49529618232977324,0.49524855668990236,-0.005033486399341956,-0.005488086928393066,0.9136828002242153,0.8230108396053374,0.08235064980824675,9.940367444929928,-46.69591866955963,-0.005523495924449809,3.5408996056742956e-05,0.9136828002242153,0.1107269065233185,0.01107935918295424,0.17992754800874355,-0.8452285285002161,-0.00552349592444981,3.540899605674382e-05,0.9136828002242153,0.2685309615250168,0.02686926843615175,1.058229981774757,-4.971146332004828,-0.005523495924449809,3.5408996056742956e-05
1.75,0.4952454681159362,0.49519321592386856,-0.005110720151755207,-0.005581591325708217,0.9139696556441502,0.801025088873948,0.05100283338821787,10.123555587982192,-47.494457151060175,-0.005617952231847823,3.6360906139606096e-05,0.9139696556441502,0.10776896958138597,0.006861860978294902,0.18324338050550706,-0.85968262909187,-0.005617952231847824,3.636090613960696e-05,0.9139696556441502,0.2613574778968055,0.016641141563586228,1.0777317945958136,-5.056157008663041,-0.005617952231847823,3.6360906139606096e-05
1.76,0.49519397327735115,0.4951369303413923,-0.005189505885198944,-0.00567699417521991,0.9142354769849238,0.7787947680583482,0.019217720419130505,10.311786853719775,-48.309273789095755,-0.0057143340251092824,3.733984988937237e-05,0.9142354769849238,0.10477812846911987,0.0025855294122988036,0.18665049702211228,-0.8744313756116222,-0.0057143340251092824,3.733984988937237e-05,0.9142354769849238,0.2541041962432064,0.00627033411241914,1.0977704873317164,-5.142900622598354,-0.0057143340251092824,3.733984988937237e-05
1.77,0.49514168349982735,0.495079681663624,-0.005269537882847102,-0.005773948901431392,0.9144821373385217,0.7563322336039171,-0.01301321453266198,10.505151516942435,-49.13742930068435,-0.005812293626791821,3.834472536042889e-05,0.9144821373385217,0.10175604560809057,-0.001750782516809768,0.1901505315950732,-0.8894215649980383,-0.005812293626791822,3.834472536042976e-05,0.9144821373385217,0.24677514820997548,-0.0042459355853232215,1.1183556704420616,-5.231064264112639,-0.005812293626791821,3.834472536042889e-05
1.78,0.49508858335708944,0.49502145179797147,-0.005352045953645016,-0.005873762722418815,0.9147113565096611,0.7336364363206896,-0.04569836236746083,10.703722385686495,-49.990065381234714,-0.005913148948844385,3.9386226425569895e-05,0.9147113565096611,0.09870257984151913,-0.006148203710849103,0.19374480210036604,-0.9048548696688289,-0.005913148948844386,3.938622642557076e-05,0.9147113565096611,0.23936999146870527,-0.014910405302240588,1.1394950949126534,-5.321834053959948,-0.005913148948844386,3.938622642557076e-05
1.79,0.4950346560259282,0.4949622201512722,-0.005434827094643807,-0.005974152814947311,0.9149247100571924,0.7107031604930313,-0.07884656950319002,10.907588676655838,-50.847732671418186,-0.006014599394982637,4.044658003532573e-05,0.9149247100571924,0.09561716399200212,-0.010607924356440564,0.1974349234222353,-0.9203792427249501,-0.006014599394982637,4.044658003532573e-05,0.9149247100571924,0.23188735052089873,-0.025725961436660737,1.1611982585604932,-5.413139455484373,-0.006014599394982637,4.044658003532573e-05
1.8,0.49497988586972597,0.49490196764869265,-0.00552028808815478,-0.006077547083310395,0.9151236412060921,0.6875365336930517,-0.11246670556128824,11.11684114188221,-51.73113666123825,-0.006119094144768867,4.154706145847228e-05,0.9151236412060921,0.09250035337821723,-0.015131137761978984,0.20122253823542505,-0.9363694679022434,-0.006119094144768867,4.154706145847228e-05,0.9151236412060921,0.22432857210569232,-0.0366954979577256,1.1834748226502614,-5.50718473029198,-0.006119094144768867,4.154706145847228e-05
1.81,0.4949242618600332,0.49484068029339573,-0.005606365833431564,-0.006182013136238417,0.9153094754020693,0.6641479131326,-0.14656768576740664,11.331538710508026,-52.62381360665023,-0.006224685759846089,4.2672623607671253e-05,0.9153094754020693,0.08935367598603565,-0.019719043371396086,0.20510871319830182,-0.9525275400099135,-0.0062246857598460895,4.267262360767212e-05,0.9153094754020693,0.2166973618401585,-0.0478219237142633,1.2063310606507855,-5.60221718386148,-0.0062246857598460895,4.267262360767212e-05
1.82,0.49486776336762717,0.49477833406278665,-0.005694302148977584,-0.006288432568830414,0.9154834233084577,0.6405290512556656,-0.18115840952487242,11.551801305042579,-53.533282142855015,-0.006332263593118639,4.383102428822446e-05,0.9154834233084577,0.08617602219901069,-0.024372838499906815,0.20909561899149362,-0.9689895515620006,-0.00633226359311864,4.383102428822533e-05,0.9154834233084577,0.20899102872189584,-0.059108142392613604,1.229779739252586,-5.699037233806775,-0.00633226359311864,4.383102428822533e-05
1.83,0.4948103850365627,0.4947149207685153,-0.0057828760291581205,-0.006395910759623957,0.9156466026496515,0.6166955217805078,-0.2162478079288158,11.777647292180639,-54.451927737099254,-0.0064409269482981054,4.5016188674148506e-05,0.9156466026496515,0.08296948728680703,-0.029093724726503876,0.21318358806491972,-0.9856176742322251,-0.006440926948298106,4.5016188674149374e-05,0.9156466026496515,0.20121465412448714,-0.0705570680194787,1.253822813734195,-5.796834253468296,-0.006440926948298106,4.5016188674149374e-05
1.84,0.4947525652662244,0.4946504185672508,-0.005817898512101478,-0.006505667398531961,0.9158000302825376,0.5926453565221853,-0.25184470908100764,12.009190543428119,-55.390155156578146,-0.006551906568687863,4.623917015590239e-05,0.9158000302825376,0.07973380645214677,-0.033882889773575016,0.21737468157184847,-1.0026002415263053,-0.006551906568687863,4.623917015590239e-05,0.9158000302825376,0.19336759587097757,-0.08217158101701451,1.2784724066094224,-5.896715911819077,-0.006551906568687863,4.623917015590239e-05
1.85,0.49469394452073606,0.49458481490179423,-0.0059081695256012565,-0.006617250303939988,0.9159446420623317,0.5683942796631893,-0.2879578788578002,12.246490219044532,-56.34411691717699,-0.006664747348928976,4.749704498898874e-05,0.9159446420623317,0.07647109520797467,-0.038741512991773655,0.22166997035402608,-1.0198676113121379,-0.006664747348928978,4.7497044988990475e-05,0.9159446420623317,0.1854549844282339,-0.09395454150454416,1.303734815951322,-5.998272614036079,-0.006664747348928976,4.749704498898874e-05
1.86,0.4946344089340479,0.4945180801619737,-0.006000167242173876,-0.006731078277232725,0.9160812897227196,0.543922231405785,-0.3245961217852333,12.489707111509091,-57.317393921753364,-0.006779872861421416,4.879458418869092e-05,0.9160812897227196,0.0731786547327907,-0.043670778931636504,0.22607236486689444,-1.037484600416101,-0.006779872861421415,4.879458418869005e-05,0.9160812897227196,0.17747027471019583,-0.10590882221196311,1.329627159378864,-6.101885575279274,-0.006779872861421416,4.879458418869092e-05
1.87,0.4945739523013025,0.4944502055545611,-0.006092592574625693,-0.006845367429084522,0.916210765857237,0.5192393500118563,-0.3617683502899983,12.738863070134128,-58.29477449384845,-0.006895483770477647,5.011634139312493e-05,0.916210765857237,0.06985784901637716,-0.04867188666052656,0.23058226059816705,-1.0551758669394675,-0.006895483770477647,5.011634139312493e-05,0.916210765857237,0.1694167746164449,-0.11803733107485834,1.3561517629225013,-6.205935393429883,-0.006895483770477647,5.011634139312493e-05
1.8800000000000001,0.4945125647827911,0.4943811792447766,-0.006185861888720349,-0.006961016706102825,0.9163337948707223,0.494353304153349,-0.39948332619463145,12.994004613919463,-59.28395100965302,-0.007012489980212412,5.1473274109587255e-05,0.9163337948707223,0.06650970979280225,-0.053746014983701615,0.23520049957401853,-1.0730806482287474,-0.0070124899802124115,5.147327410958639e-05,0.9163337948707223,0.1612969862718039,-0.1303429268898789,1.3833135788941684,-6.311240982191171,-0.007012489980212412,5.1473274109587255e-05
1.8900000000000001,0.4944502329823607,0.4943109853721463,-0.006281224591418672,-0.007078809977144911,0.9164510360938254,0.46927891038437947,-0.43774947120343083,13.255224080366775,-60.29159638035387,-0.007131680805812017,5.287082866710629e-05,0.9164510360938254,0.0631362304637609,-0.05889429694731332,0.23992875316729892,-1.0913197286065095,-0.007131680805812018,5.2870828667107156e-05,0.9164510360938254,0.15311574400327302,-0.14282835748031456,1.4111224373442395,-6.4185127252308165,-0.007131680805812018,5.2870828667107156e-05
1.9000000000000001,0.49438694776229614,0.494239610497212,-0.006377242191696743,-0.0071977422172128745,0.9165631014203621,0.4440084886888228,-0.4765751717704828,13.522567863877049,-61.30915593974695,-0.007252044345909934,5.430212869705995e-05,0.9165631014203621,0.0597363777689525,-0.06411786085499145,0.24476786114885732,-1.1097382626786918,-0.007252044345909935,5.430212869706082e-05,0.9165631014203621,0.14487054198466467,-0.15549635916805957,1.439583277320127,-6.526839911318942,-0.007252044345909935,5.430212869706082e-05
1.9100000000000001,0.49432269514294985,0.49416703752394486,-0.006475064099411934,-0.007318622093767773,0.9166705484525556,0.4185389506572065,-0.5159687030306244,13.79612141802299,-62.34352955712233,-0.007374396761767978,5.5774668000204385e-05,0.9166705484525556,0.05630973619741347,-0.06941782003360544,0.24971937028765287,-1.1284611428670106,-0.007374396761767979,5.577466800020525e-05,0.9166705484525556,0.13656037253354586,-0.1683496319539008,1.4687051960240405,-6.636957085591181,-0.007374396761767979,5.577466800020525e-05
1.9200000000000002,0.4942574540825608,0.4940932452176605,-0.006575056581868872,-0.007441981416632832,0.9167738890158974,0.3928553540246951,-0.5559384447073062,14.075993419709992,-63.399273677068614,-0.007499277019185133,5.72956025523012e-05,0.9167738890158974,0.052854295434477186,-0.07479530188125333,0.2547852477110801,-1.1475708439800685,-0.007499277019185133,5.72956025523012e-05,0.9167738890158974,0.12818036030617808,-0.18139090996366897,1.4984997629638737,-6.749349317266621,-0.007499277019185134,5.7295602552302066e-05
1.9300000000000002,0.4941912140706593,0.49401821881637775,-0.006674575202479123,-0.007565049070940776,0.9168735916579525,0.3669753034026039,-0.5964925766989743,14.3622752440592,-64.45276131654242,-0.007623890365466402,5.884129452562656e-05,0.9168735916579525,0.0493724239837619,-0.0802514069118129,0.25996714737223353,-1.1666397012308858,-0.007623890365466401,5.884129452562569e-05,0.9168735916579525,0.11973624931342512,-0.1946228621245387,1.5289767057370531,-6.861501328919763,-0.007623890365466403,5.8841294525627426e-05
1.9400000000000002,0.4941239713977982,0.49394195354053844,-0.006775146265856012,-0.007689398609423784,0.9169700974210423,0.3409013269953101,-0.6376388939001936,14.654959802511254,-65.51740737754295,-0.0077498236021702645,6.04249927464804e-05,0.9169700974210423,0.045864461986899134,-0.08578718384119452,0.26526494096327025,-1.1859105336537556,-0.007749823602170266,6.042499274648214e-05,0.9169700974210423,0.11122886445469257,-0.20804803174509334,1.5601352697109077,-6.974841241953239,-0.007749823602170266,6.042499274648214e-05
1.9500000000000002,0.49405570877880495,0.4938644302604156,-0.006878111967358735,-0.007816284715812551,0.9170638024255386,0.31462574741016447,-0.6793850820538514,14.95415399301041,-66.60393485463987,-0.00787834511459657,6.20603987840189e-05,0.9170638024255386,0.04232937653654759,-0.09140366670017067,0.2706805634111538,-1.2055774348906803,-0.007878345114596574,6.206039878402236e-05,0.9170638024255386,0.10265570075977724,-0.22166892652004147,1.5919868350089816,-7.090510603136916,-0.007878345114596574,6.206039878402236e-05
1.9600000000000002,0.49398641553039896,0.4937856359511065,-0.006982497598418847,-0.007944708986509171,0.9171550743829485,0.2881472656559495,-0.7217387041327709,15.259921254395937,-67.70383017350863,-0.008008447861992639,6.373887548346766e-05,0.9171550743829485,0.03876699286796274,-0.09710187300217435,0.276215163002893,-1.2254863033391286,-0.008008447861992639,6.373887548346766e-05,0.9171550743829485,0.09401633439542706,-0.23548801408682649,1.6245381551926596,-7.207603075793376,-0.00800844786199264,6.373887548346939e-05
1.9700000000000002,0.4939160785400382,0.4937055559500328,-0.007086056697865818,-0.008072619416780304,0.9172442513459367,0.2614609754159783,-0.7647072681589582,15.572336971621244,-68.79960898853801,-0.008138063682633057,6.544426585275258e-05,0.9172442513459367,0.03517665089109108,-0.10288281286762058,0.28187010425845127,-1.2453206602117937,-0.008138063682633057,6.544426585275258e-05,0.9172442513459367,0.08530916453468557,-0.24950774415360713,1.6577972555807554,-7.324257314369751,-0.008138063682633057,6.544426585275258e-05
1.9800000000000002,0.4938447044915458,0.4936241956796694,-0.007190531966193829,-0.008201376722342533,0.9173316506536335,0.23460865576784473,-0.8082977459233593,15.89135258324693,-69.90287689879834,-0.008268565361998704,6.718863965617106e-05,0.9173316506536335,0.03156397151369801,-0.10874742427303072,0.2876445081820805,-1.2652905749045469,-0.008268565361998704,6.718863965617106e-05,0.9173316506536335,0.07654782280345372,-0.26373039146773325,1.6917589664276418,-7.441708825798834,-0.008268565361998704,6.718863965617106e-05
1.99,0.49377227594528866,0.49354153749879154,-0.0072967885835792815,-0.008331984713164603,0.9174175552832278,0.20757849966211198,-0.8525165012791835,16.21707061883226,-71.02220859546651,-0.00840096717013969,6.898245697508666e-05,0.9174175552832278,0.027927366229294454,-0.11469656340370091,0.2935402306299448,-1.2855512552773525,-0.008400967170139688,6.898245697508493e-05,0.9174175552832278,0.06772845681220578,-0.27815803241937975,1.7264342028080613,-7.56087045312572,-0.008400967170139688,6.898245697508493e-05
2.0,0.49369879215800033,0.49345758023859876,-0.007401563569316454,-0.008461243485649202,0.9175022363972608,0.18037459766549002,-0.8973697240859876,16.549469565840173,-72.13030317328548,-0.008532039779028696,7.079629337949402e-05,0.9175022363972608,0.024267385377895297,-0.12073106303602672,0.2995568822101967,-1.305608536001965,-0.008532039779028699,7.079629337949749e-05,0.9175022363972608,0.058852401226001994,-0.29279268662828745,1.7618206745439273,-7.678835801125827,-0.008532039779028697,7.079629337949575e-05
2.0100000000000002,0.49362424763752755,0.49337231686197996,-0.007508932088527447,-0.008593136433544398,0.9175859365665349,0.15300848617390575,-0.9428631374514866,16.888588010160227,-73.26117082789037,-0.008665806135045888,7.266970150148974e-05,0.9175859365665349,0.020585581052586007,-0.12685169315016215,0.3056951613542105,-1.326078025217802,-0.008665806135045888,7.266970150148974e-05,0.9175859365665349,0.04992342012587472,-0.3076362214229819,1.7979224894054426,-7.799225521541299,-0.008665806135045888,7.266970150148974e-05
2.02,0.49354863150994466,0.49328573650454743,-0.00761577412331225,-0.008724457520356192,0.9176688812105844,0.12546845054986794,-0.9890022005084551,17.234480174730567,-74.38744967311897,-0.008799029696947232,7.457217659104058e-05,0.9176688812105844,0.016880377179871522,-0.13305918821138432,0.31195604953478984,-1.3464644537999224,-0.00879902969694723,7.457217659103885e-05,0.9176688812105844,0.040937691274353864,-0.32269041800257064,1.834745419849125,-7.919126727252507,-0.00879902969694723,7.457217659103885e-05
2.0300000000000002,0.49347194067182915,0.4931978361321588,-0.00772344116440418,-0.008856662272476019,0.9177512797298144,0.09776530971323176,-1.0357919806831635,17.58715548222687,-75.52157369131912,-0.008933181236756916,7.651896428089756e-05,0.9177512797298144,0.013153229324453836,-0.1393542299852399,0.31833971730890265,-1.3669928854563056,-0.008933181236756916,7.651896428089756e-05,0.9177512797298144,0.03189874465526412,-0.33795692976064634,1.8722904689926128,-8.039863113081225,-0.008933181236756916,7.651896428089756e-05
2.04,0.4933941717292939,0.4931086128302387,-0.007831211926107673,-0.00898893701505226,0.9178333254821457,0.06990786288312573,-1.0832370821031212,17.946623781941312,-76.65661341559796,-0.009067441092216827,7.850407716456648e-05,0.9178333254821457,0.009405321322884106,-0.14573743790560734,0.3248463429555714,-1.3875378920280874,-0.009067441092216827,7.850407716456648e-05,0.9178333254821457,0.022809451266968518,-0.35343725892625333,1.9105586853702117,-8.160696982995145,-0.009067441092216827,7.850407716456648e-05
2.0500000000000003,0.493315315792559,0.49301805770809487,-0.007940902461885791,-0.009123079591858678,0.9179151924098264,0.04189901343259988,-1.1313415706783798,18.312945594373854,-77.80791530485504,-0.009203624541955195,8.054495009651719e-05,0.9179151924098264,0.005637043791544087,-0.15220935899522375,0.3314770219378382,-1.408377255069694,-0.009203624541955195,8.054495009651719e-05,0.9179151924098264,0.013670758418444378,-0.36913273211950776,1.9495565118632259,-8.283262087759676,-0.009203624541955195,8.054495009651719e-05
2.06,0.4932353725223626,0.4929261741785578,-0.008049367524821454,-0.009255452270122906,0.9179970517830652,0.013737145097872853,-1.1801090726317436,18.68607675733155,-78.94442491666229,-0.009338058265239185,8.26059951162788e-05,0.9179970517830652,0.0018481792802131716,-0.1587704811218233,0.3382309548893683,-1.4289488676256408,-0.009338058265239185,8.26059951162788e-05,0.9179970517830652,0.00448213875713885,-0.385044532499913,1.9892792470602747,-8.404252438715266,-0.009338058265239185,8.26059951162788e-05
2.0700000000000003,0.4931543353265659,0.4928329584985205,-0.008158825938789657,-0.009388626089215245,0.9180790530000273,-0.014568257561090812,-1.229542653886547,19.066046539901503,-80.0881128108283,-0.009473341082287319,8.471499307207385e-05,0.9180790530000273,-0.001959996169610679,-0.1654212167711111,0.34510867160094694,-1.4496504120730278,-0.00947334108228732,8.471499307207558e-05,0.9180790530000273,-0.004753313106422471,-0.4011736604131529,2.0297300068849577,-8.526006974058589,-0.00947334108228732,8.471499307207558e-05
2.08,0.49307220285778564,0.4927384098784745,-0.008267872681800332,-0.009521226856244394,0.9181613361994605,-0.04300948775860686,-1.2796448797267608,19.452861112004644,-81.2272481088975,-0.009608085388761019,8.685853251662497e-05,0.9181613361994605,-0.005786445696081922,-0.17216191107336334,0.3521102837524241,-1.470269551372183,-0.009608085388761019,8.685853251662497e-05,0.9181613361994605,-0.014033082611713198,-0.4175209528569168,2.07090944817369,-8.647276849884918,-0.00960808538876102,8.68585325166267e-05
2.0900000000000003,0.49298898110311534,0.4926425375707196,-0.008377222278420075,-0.00965399360449405,0.9182440379210876,-0.07157717725067889,-1.330417608714232,19.846446822678566,-82.3681409564773,-0.009743037589582566,8.904398508851642e-05,0.9182440379210876,-0.009629908906715598,-0.17899281407729634,0.35923445821027655,-1.4909205035369797,-0.009743037589582566,8.904398508851642e-05,0.9182440379210876,-0.023354113099638342,-0.4340870162404717,2.112809730204583,-8.76873383062431,-0.009743037589582566,8.904398508851642e-05
2.1,0.49290466925852433,0.4925453455750006,-0.008486324825304037,-0.009785583715123652,0.9183272801698716,-0.10026723165269684,-1.3818621615445388,20.246775490724495,-83.49933344401893,-0.009876842368944953,9.125865382130123e-05,0.9183272801698716,-0.013489834947841051,-0.1859141034677336,0.3664806848752525,-1.511395872454362,-0.009876842368944955,9.125865382130297e-05,0.9183272801698716,-0.03271506865943795,-0.4508722814787416,2.155427852868271,-8.889158132050458,-0.009876842368944953,9.125865382130123e-05
2.1100000000000003,0.4928192797947,0.49244685050378384,-0.008593900010574128,-0.009915876513739763,0.918411179919221,-0.12904893531687103,-1.433979029256901,20.653731592772917,-84.6197983839136,-0.010009378224439997,9.350171070023408e-05,0.918411179919221,-0.017362091372474662,-0.192925845308512,0.3738468726942064,-1.5316770653158835,-0.01000937822444,9.350171070023755e-05,0.918411179919221,-0.04210592742744035,-0.4678769087873975,2.198751517797125,-9.008440401996001,-0.01000937822444,9.350171070023755e-05
2.12,0.49273279390094243,0.49234703354488235,-0.008703889831223279,-0.010048009048691285,0.9184958280135661,-0.15796156690193838,-1.4867680346575218,21.067469591142626,-85.75634248712912,-0.010143816027591318,9.580697890003258e-05,0.9184958280135661,-0.021251962684981415,-0.20002801576018728,0.3813358175422841,-1.5522493021902521,-0.01014381602759132,9.580697890003431e-05,0.9184958280135661,-0.051539505195966194,-0.4851008403518659,2.24279716871495,-9.129434424832187,-0.010143816027591318,9.580697890003258e-05
2.13,0.492645227733651,0.49224591856119054,-0.008811277825008748,-0.010176864294779776,0.9185813290285949,-0.18696560477403526,-1.540228558807447,21.487824386520828,-86.86525174621734,-0.010274985002261289,9.812070748151276e-05,0.9185813290285949,-0.025154131691409693,-0.20722053155144343,0.3889445310073677,-1.5723213292111144,-0.010274985002261289,9.812070748151276e-05,0.9185813290285949,-0.06100290689507022,-0.5025438742255083,2.2875472295066053,-9.24748650203516,-0.010274985002261289,9.812070748151276e-05
2.14,0.4925565814870924,0.4921435101618479,-0.008919149933916052,-0.010305824476109372,0.9186677712958674,-0.21607778234643962,-1.5943590167238118,21.914774058664037,-87.97541740927093,-0.010406302592535789,0.00010047811642641645,0.9186677712958674,-0.029070849685422565,-0.2145031794405574,0.39667261631784045,-1.5924160980155229,-0.010406302592535789,0.00010047811642641645,0.9186677712958674,-0.07050159228219532,-0.5202054932620708,2.3329993665904607,-9.365672333282212,-0.010406302592535792,0.00010047811642641992
2.15,0.49246685482087355,0.4920398140911937,-0.009027269632142246,-0.010434208483607474,0.9187552364701335,-0.24530793538064682,-1.6491574047341107,22.34829535608724,-89.08103738925627,-0.010537082489953683,0.00010287400634620934,0.9187552364701335,-0.033003439958757236,-0.22187568985579637,0.4045196526056903,-1.6124285868023134,-0.010537082489953683,0.00010287400634620934,0.9187552364701335,-0.08003877055746933,-0.5380850437057598,2.379151104663797,-9.483374240958314,-0.010537082489953683,0.00010287400634620934
2.16,0.4923760590322421,0.491934849236004,-0.009132305030873327,-0.010559011576340925,0.9188438020325879,-0.274624544169634,-1.704620896466367,22.788276265302592,-90.15642756461928,-0.010664286610143379,0.00010527503380245405,0.9188438020325879,-0.03694766188725033,-0.229337682540412,0.4124836123490651,-1.6318938951500899,-0.010664286610143379,0.00010527503380245405,0.9188438020325879,-0.08960415750976583,-0.5561816033714134,2.4259905190133826,-9.597857949129043,-0.01066428661014338,0.00010527503380245579
2.17,0.49228421461695687,0.4918286423974344,-0.009238045960341416,-0.010683804557940652,0.9189335462933408,-0.3040187890889695,-1.7607455287125124,23.234534557884814,-91.23210131183276,-0.010791524273049549,0.00010771971510889662,0.9189335462933408,-0.04090232888904529,-0.2368886242890707,0.4205611970870259,-1.6513643363451198,-0.010791524273049549,0.00010771971510889662,0.9189335462933408,-0.09919487548290468,-0.5744938791483918,2.4734982099958707,-9.712371845744594,-0.010791524273049549,0.00010771971510889662
2.18,0.4921913195222358,0.4917211990641099,-0.009341798707084388,-0.010805606375361314,0.9190245276549213,-0.33350134636112294,-1.817526673757458,23.687068549445673,-92.28259138750812,-0.010915783048055731,0.00011017667269441755,0.9190245276549213,-0.04486887733050636,-0.2445278924944489,0.42875237633097674,-1.6703789356112861,-0.010915783048055731,0.00011017667269441755,0.9190245276549213,-0.10881440790158364,-0.5930203611115241,2.5216739982949403,-9.824204743250156,-0.01091578304805573,0.00011017667269441582
2.19,0.49209740342875774,0.4916125562041074,-0.00944310382257806,-0.010924286807020707,0.9191168113779911,-0.3630159750616145,-1.8749588004416935,24.145635137028695,-93.30676698744891,-0.011036929176312152,0.00011264236929144425,0.9191168113779911,-0.04883974062406508,-0.25225474300087747,0.43705274974872527,-1.688917224608009,-0.011036929176312152,0.00011264236929144425,0.9191168113779911,-0.1184444045463392,-0.6117592445609084,2.570492003696542,-9.933236258680939,-0.011036929176312155,0.00011264236929144772
2.2,0.4920024676857904,0.4915027249019424,-0.009544783085470833,-0.011042347272243297,0.9192104473343221,-0.3925856989931253,-1.933035152614926,24.61019531465772,-94.32602048914278,-0.011157493086884861,0.0001151458146415648,0.9192104473343221,-0.05281801636494695,-0.26006826684387396,0.4454616113050383,-1.7073664202112,-0.01115749308688486,0.00011514581464156307,0.9192104473343221,-0.12809237759510925,-0.6307083251081611,2.6199480737089624,-10.041743778196377,-0.011157493086884863,0.00011514581464156654
2.21,0.4919065304528676,0.4913917318356774,-0.009642839582243,-0.011156150435674892,0.9193054851080871,-0.4221903447844057,-1.991748280052867,25.080594892499757,-95.30924742440686,-0.011273795541670503,0.00011764510599561115,0.9193054851080871,-0.05680099045160539,-0.26796746167905994,0.453976170056952,-1.725163509964502,-0.011273795541670502,0.00011764510599560941,0.9193054851080871,-0.1377517449052072,-0.6498651719032915,2.6700257936166434,-10.146415987503453,-0.011273795541670503,0.00011764510599561115
2.22,0.49180962345297524,0.4912796171183773,-0.00973946744165331,-0.01126734081634797,0.9194019748956676,-0.451795729678989,-2.0510896790415636,25.556573441689384,-96.27049725947265,-0.01138749840259794,0.00012015758624996965,0.9194019748956676,-0.06078406397634944,-0.27595118342680175,0.4625917120613002,-1.742562798955113,-0.01138749840259794,0.00012015758624996965,0.9194019748956676,-0.14741135336901912,-0.669227010365001,2.7206974387268072,-10.248748562338147,-0.01138749840259794,0.00012015758624996965
2.23,0.49171174574955134,0.4911663915604925,-0.009836325985991714,-0.011377751820469312,0.9194999467921555,-0.4814228973158782,-2.111049747187795,26.038116841967867,-97.22545346418475,-0.011500456812134359,0.00012270499166504648,0.9194999467921555,-0.06477006812552157,-0.28401814019245425,0.4713079817316022,-1.7598481688694037,-0.01150045681213436,0.0001227049916650482,0.9194999467921555,-0.15707806907912056,-0.6887907074362742,2.771961505827301,-10.350411130920923,-0.011500456812134359,0.00012270499166504648
2.24,0.4916129239235088,0.49105209027960206,-0.00992871956793455,-0.01148286699648169,0.9195994398056209,-0.5110617152080531,-2.171618341068864,26.525014021462997,-98.13547030581884,-0.011608099502526984,0.00012523250604529364,0.9195994398056209,-0.06875763968628286,-0.2921669672919053,0.4801211585205161,-1.77632010513021,-0.011608099502526982,0.0001252325060452919,0.9195994398056209,-0.16674858602014556,-0.7085529535336659,2.82379552466391,-10.447289552274285,-0.011608099502526982,0.0001252325060452919
2.25,0.49151318346506045,0.4909367506485194,-0.010019738128157582,-0.011585303824466276,0.9197004867126957,-0.5406907212041613,-2.2327840344385463,27.01704482019033,-99.02293511214805,-0.0117130745920105,0.00012777076754422363,0.9197004867126957,-0.07274389116613353,-0.3003961274514805,0.48902725737956243,-1.7923838339039704,-0.011713074592010502,0.00012777076754422537,0.9197004867126957,-0.1764159015478253,-0.728510020515653,2.87617605748168,-10.54176713280945,-0.0117130745920105,0.00012777076754422363
2.2600000000000002,0.4914125429557491,0.49082040019899065,-0.010108898671353993,-0.011685083336987418,0.9198031101986885,-0.5703165654402348,-2.294534316518974,27.51407728078302,-99.88802280990993,-0.01181540277205323,0.00013031943506581177,0.9198031101986885,-0.07672971726652263,-0.3087039374858986,0.4980238897888412,-1.8080425214860085,-0.01181540277205323,0.00013031943506581177,0.9198031101986885,-0.1860821854603411,-0.7486578263810653,2.9290890563852305,-10.633862494847907,-0.01181540277205323,0.00013031943506581177
2.27,0.49131102374685287,0.4907030726472186,-0.010195451761804293,-0.011780691904681374,0.9199073312826664,-0.5999322712837962,-2.3568557241811803,28.01593549803046,-100.71776840236257,-0.011913550458806633,0.00013285855412525915,0.9199073312826664,-0.08071417935955488,-0.317088586081686,0.5071078717419859,-1.8230614924393622,-0.011913550458806633,0.00013285855412525915,0.9199073312826664,-0.19574516143065424,-0.7689919783967907,2.982515794886949,-10.72219541292597,-0.011913550458806633,0.00013285855412525915
2.2800000000000002,0.49120865156781673,0.49058480541350086,-0.010279576744930567,-0.011872865090207133,0.9200131673960573,-0.6295241487639546,-2.4197339267995917,28.52241796765133,-101.51846118504068,-0.012008261590911246,0.00013539650070411302,0.9200131673960573,-0.08469543561271219,-0.32554814521340025,0.5162755558716885,-1.8375545873771204,-0.012008261590911246,0.00013539650070411302,0.9200131673960573,-0.20540036271194956,-0.7895078007839949,3.0364348212776187,-10.807435431820121,-0.012008261590911246,0.00013539650070411302
2.29,0.4911054472785321,0.4904656317596486,-0.010360470639774643,-0.011960534852008719,0.9201206265414821,-0.6590772045147351,-2.483153483179473,29.033365946140286,-102.28094558707981,-0.012098453188102484,0.0001379183360937647,0.9201206265414821,-0.08867146883624091,-0.334080537440935,0.5255240688103558,-1.8513560841139227,-0.012098453188102484,0.0001379183360937647,0.9201206265414821,-0.21504289728727188,-0.8102002554087069,3.090829236067587,-10.888607869292237,-0.012098453188102485,0.00013791833609376643
2.3000000000000003,0.49100146110193377,0.49034561727594456,-0.010436711605652788,-0.012041909573222008,0.9202297324367553,-0.6885521987930523,-2.5470977249254165,29.54835045135379,-102.98984787068827,-0.01218230674502794,0.00014039717180593277,0.9202297324367553,-0.09263699976144188,-0.34268352021805476,0.534845645683535,-1.8641877073284676,-0.012182306745027943,0.0001403971718059345,0.9202297324367553,-0.22465996206165126,-0.8310639037274342,3.145653370747269,-10.964076070525149,-0.012182306745027943,0.0001403971718059345
2.31,0.4908967132139315,0.4902247934761056,-0.010512633400267826,-0.01212202161302897,0.9203404809972066,-0.7179563000992573,-2.611549019209554,30.06724088681527,-103.68827380046454,-0.012264921090918606,0.000142899477889636,0.9203404809972066,-0.09659299282988754,-0.35135472124491945,0.5442379226043839,-1.876829701269493,-0.012264921090918606,0.000142899477889636,0.9203404809972066,-0.2342538959645396,-0.8520929925228512,3.200893322298715,-11.038428981826746,-0.012264921090918606,0.000142899477889636
2.3200000000000003,0.49079122423416915,0.49010319497907096,-0.010584730568201861,-0.012196548134403316,0.9204528683530793,-0.7472962535097757,-2.67648878254473,30.589888410775593,-104.3391711732259,-0.012341913451024504,0.00014536531662118733,0.9204528683530793,-0.10054035551619536,-0.3600916403211112,0.5536982054339674,-1.8886113953502306,-0.012341913451024505,0.00014536531662118907,0.9204528683530793,-0.24382689977115266,-0.873281458397692,3.256533245351786,-11.107722105922056,-0.012341913451024507,0.0001453653166211908
2.33,0.49068504832895316,0.48998089545061746,-0.010650605658430033,-0.012263169310022777,0.9205669085382862,-0.776535178849031,-2.741897456960045,31.115811963602344,-104.92263789282032,-0.01241092967641537,0.00014776036639259187,0.9205669085382862,-0.10447412600509261,-0.36889164614031983,0.5632177866591493,-1.8991725478209949,-0.01241092967641537,0.00014776036639259187,0.9205669085382862,-0.25336694026329676,-0.8946229200013375,3.312521927340261,-11.169836708773834,-0.012410929676415371,0.0001477603663925936
2.3400000000000003,0.4905782166112442,0.48985794104901703,-0.01071467169192895,-0.01232605251311275,0.9206825902683384,-0.8056613120625852,-2.8077542429660256,31.644775771226197,-105.47436826532604,-0.012476191920970311,0.00015013940785756075,0.9206825902683384,-0.1083927215745865,-0.37775194036379234,0.5727923986056799,-1.9091592503887695,-0.012476191920970313,0.00015013940785756248,0.9206825902683384,-0.26287017907980126,-0.9161105909020193,3.3688342682675376,-11.228572728873282,-0.012476191920970313,0.00015013940785756248
2.35,0.4904707606570693,0.4897343786561498,-0.010775609500079268,-0.012384806319224303,0.9207999009731704,-0.8346801149017447,-2.8740377920153617,32.17654410135268,-105.99098902572551,-0.012537301173038905,0.0001524948538146019,0.9207999009731704,-0.11229687704224844,-0.3866696507831825,0.5824177743554629,-1.9185104446161518,-0.012537301173038905,0.0001524948538146019,0.9207999009731704,-0.27233839827414524,-0.9377375055220553,3.425445172584275,-11.283571055735015,-0.012537301173038905,0.0001524948538146019
2.3600000000000003,0.49036271859771935,0.48961025703223926,-0.010830921825237332,-0.012436735345233573,0.9209188234037471,-0.8635885024939387,-2.94072642017667,32.71086632794419,-106.44937550993829,-0.012591522097468917,0.00015478675223534397,0.9209188234037471,-0.11618617737296547,-0.39564186006796737,0.5920893774033179,-1.926807558037932,-0.012591522097468917,0.00015478675223534397,0.9209188234037471,-0.28177059131791155,-0.9594965888550621,3.4823279591855067,-11.332369887722027,-0.01259152209746892,0.0001547867522353457
2.37,0.4902541482836432,0.48948564901919955,-0.010882527355233151,-0.01248364975727307,0.9210393470777656,-0.8923418634179964,-3.0077968824640067,33.24728653003034,-106.86502383561775,-0.012640687675496007,0.00015703791822293742,0.9210393470777656,-0.1200546205988118,-0.4046654408651862,0.6017989552633339,-1.9343310811358223,-0.01264068767549601,0.00015703791822293915,0.9210393470777656,-0.29115220245163076,-0.9813802565556996,3.5394340917125064,-11.376618907946407,-0.012640687675496007,0.00015703791822293742
2.38,0.4901450793764518,0.48936060034660384,-0.010930937340777986,-0.012525232252299167,0.9211614422675398,-0.9209390117877562,-3.075224670424709,33.78559839704725,-107.23519211650648,-0.012684473579041842,0.00015924132674267552,0.9211614422675398,-0.12390204717206363,-0.4137370958365582,0.6115427735711535,-1.9410313838660693,-0.012684473579041844,0.00015924132674267726,0.9211614422675398,-0.30048284474582904,-1.0033805120362653,3.596741606789627,-11.41602622113766,-0.012684473579041844,0.00015924132674267726
2.39,0.49003554952090356,0.4892351631673585,-0.010974491840603036,-0.012560877400433528,0.9212850810841292,-0.9493857809113386,-3.1429846153218284,34.32554775520885,-107.5546649929354,-0.012722262901560893,0.0001613855011273653,0.9212850810841292,-0.1277292418991073,-0.42285343880993437,0.6213162316048869,-1.946814064599916,-0.012722262901560893,0.0001613855011273653,0.9212850810841292,-0.30976442148508415,-1.0254891432723146,3.654223445626287,-11.450036611404805,-0.012722262901560893,0.0001613855011273653
2.4,0.4899256197085391,0.4891094190291128,-0.011010953735804256,-0.012586960097513802,0.921410247234741,-0.9776439922690083,-3.211050814178142,34.866619332570714,-107.79230924778898,-0.012750373004339711,0.00016341290682590943,0.921410247234741,-0.13153106828698002,-0.4320109848293462,0.6311100025848115,-1.9511155905053774,-0.012750373004339713,0.00016341290682591117,0.921410247234741,-0.3189844758290719,-1.0476976986723914,3.71182475348765,-11.475335703905742,-0.012750373004339713,0.00016341290682591117
2.41,0.48981533524887594,0.48898342669272415,-0.011044915605100939,-0.012609810863685844,0.9215369028824133,-1.0057015405213945,-3.2793968249885834,35.40850270297806,-108.0024115983718,-0.012775225272165808,0.00016541440847996428,0.9215369028824133,-0.13530589769761725,-0.4412061764186556,0.6409184675821329,-1.9549185888332228,-0.012775225272165808,0.00016541440847996428,0.9215369028824133,-0.32813905806259486,-1.0699975507717003,3.7695124830778366,-11.497702744949226,-0.012775225272165807,0.00016541440847996254
2.42,0.48970473927392427,0.48885724114456247,-0.01107258767475161,-0.012624782486312068,0.921665005574313,-1.0335559244622379,-3.3479953310838177,35.95092913994124,-108.14506938737011,-0.012792099760099096,0.00016731727378702793,0.921665005574313,-0.13905339362168234,-0.45043533842542666,0.6507367624609286,-1.9575007937990874,-0.012792099760099096,0.00016731727378702793,0.921665005574313,-0.3372273520951601,-1.092379786721067,3.82725802635697,-11.512889784089186,-0.012792099760099096,0.00016731727378702793
2.43,0.48959388722407116,0.4887309329855568,-0.01109629847886987,-0.012634594284829902,0.9217945177829581,-1.0611857176017425,-3.4168186260562443,36.49349032521743,-108.24359070885083,-0.012803753500579522,0.00016915921574961988,0.9217945177829581,-0.14277067336453922,-0.45969474326229737,0.6605574963776868,-1.9592840980782111,-0.012803753500579522,0.00016915921574961988,0.9217945177829581,-0.34624236691810745,-1.1148353665079966,3.8850179146495663,-11.523378150521571,-0.012803753500579523,0.00016915921574962162
2.44,0.48948282463673537,0.48860456281586395,-0.011113375145593789,-0.012635830188453424,0.9219253910617939,-1.0885666925420603,-3.485837610866697,37.03587094676381,-108.26862455863974,-0.012806714666591928,0.0001708844781385041,0.9219253910617939,-0.1464544774006899,-0.4689804759788993,0.6703749619656489,-1.9597372281294585,-0.012806714666591928,0.0001708844781385041,0.9219253910617939,-0.3551761976459527,-1.137354795733885,3.942758580518689,-11.526043199932737,-0.01280671466659193,0.00017088447813850584
2.45,0.48937160913017547,0.4884782019615818,-0.011127778896616643,-0.012633450090984264,0.9220575819400096,-1.11568703197894,-3.555022151424165,37.57767510976413,-108.26272625576213,-0.01280601697709713,0.0001725668861128661,0.9220575819400096,-0.15010321584397465,-0.4782884823702112,0.680181993253944,-1.9596304647547584,-0.012806016977097132,0.00017256688611286784,0.9220575819400096,-0.36402498854324206,-1.1599282422846888,4.000437877859931,-11.525415279387419,-0.012806016977097132,0.00017256688611286784
2.46,0.4892602788118491,0.48835190105591403,-0.01113555606135793,-0.012623113466420246,0.9221910313672235,-1.1425604807042937,-3.6243421324191774,38.11869617349668,-108.18859556682379,-0.012797248318724112,0.00017413485230386577,0.9221910313672235,-0.15371873790246704,-0.48761471075805807,0.6899748499021287,-1.9582886478484147,-0.012797248318724114,0.0001741348523038675,0.9221910313672235,-0.37279322424372563,-1.182545880174383,4.05803380814976,-11.517523486851703,-0.012797248318724114,0.0001741348523038675
2.47,0.4891488961585944,0.4882257376990399,-0.011138237962507416,-0.012605404306590018,0.922325692843334,-1.169164311593979,-3.6937678688886644,38.65847391350201,-108.05121382907174,-0.012780997916329482,0.0001755936097394637,0.922325692843334,-0.15729798589572183,-0.49695516736256135,0.6997452015281539,-1.9558019430709654,-0.012780997916329482,0.0001755936097394637,0.922325692843334,-0.3814734893693732,-1.2051980238298343,4.115497376889323,-11.502898124696536,-0.012780997916329485,0.00017559360973946718
2.48,0.4890375224514253,0.4880997935463762,-0.011134692843557394,-0.012580699550268474,0.922461517920238,-1.1954647887946885,-3.7632685217251503,39.19651344935041,-107.85377536490105,-0.012757643615070445,0.00017694406480197114,0.922461517920238,-0.16083642104187146,-0.5063057031266169,0.7094840904528629,-1.9522281698741843,-0.012757643615070443,0.0001769440648019694,0.922461517920238,-0.39005477662758237,-1.2278746111050973,4.172775900180267,-11.481879253563399,-0.012757643615070443,0.0001769440648019694
2.49,0.4889262079693798,0.4879741280855307,-0.011125631566487383,-0.01254892792624678,0.9225984395945012,-1.2214494770104303,-3.832812670720423,39.73252386209657,-107.59564733169519,-0.012727110558220484,0.00017818263197370322,0.9225984395945012,-0.1643323703108771,-0.5156620908125141,0.7191862508414874,-1.9475558733676066,-0.012727110558220485,0.00017818263197370496,0.9225984395945012,-0.3985330286453163,-1.2505653902533949,4.229838407421965,-11.454399502398434,-0.012727110558220482,0.0001781826319737015
2.5,0.4888150090176876,0.48784881141164643,-0.011111850810066746,-0.012511071655153317,0.9227363989839875,-1.2471180047227033,-3.902368772322762,40.26613031829192,-107.2852323312857,-0.012690392659986529,0.0001793210048332116,0.9227363989839875,-0.16778578371907837,-0.525020086588052,0.728844897948525,-1.9419371464746382,-0.012690392659986529,0.0001793210048332116,0.9227363989839875,-0.406908124203977,-1.2732600692835818,4.286644994657581,-11.421353393987877,-0.01269039265998653,0.00017932100483321334
2.5100000000000002,0.48870398038549023,0.487723910215416,-0.011091391861428485,-0.012465575326062281,0.922875329104309,-1.2724509536850463,-3.9719054235534776,40.79697340553757,-106.90912860323783,-0.012645904673279524,0.0001803293472172427,0.922875329104309,-0.17119404875852606,-0.5343754655335593,0.7384535261601731,-1.9351294080324226,-0.012645904673279525,0.00018032934721724445,0.922875329104309,-0.4151737275420621,-1.2959484020705085,4.343157399621821,-11.381314205951572,-0.012645904673279524,0.0001803293472172427
2.52,0.4885931898071922,0.4875995034329905,-0.011064338322406332,-0.01241246461920128,0.9230151690629005,-1.297424794710429,-4.041390611018535,41.32458847411724,-106.46751871912628,-0.012593668193848677,0.00018120357464739695,0.9230151690629005,-0.17455399984018108,-0.543723920604805,0.7480037249941635,-1.9271359627131406,-0.012593668193848677,0.00018120357464739695,0.9230151690629005,-0.42332216158545183,-1.318619943323459,4.399326156712579,-11.334301374463811,-0.012593668193848679,0.00018120357464739868
2.5300000000000002,0.4884826820289253,0.487475647832891,-0.011034321088250188,-0.012354815242407008,0.9231558417466144,-1.3220348895007514,-4.110792429069062,41.848711317577774,-105.98682229091503,-0.012536808304638419,0.00018199306223141108,0.9231558417466144,-0.17786501293289417,-0.5530611592534651,0.7574907121303708,-1.9184350238249381,-0.012536808304638419,0.00018199306223141108,0.9231558417466144,-0.4313519129559638,-1.3412642829066768,4.455123139083272,-11.283127474174576,-0.012536808304638417,0.00018199306223140935
2.54,0.4883725096918627,0.48735240648881156,-0.0109980624131525,-0.012290494658815373,0.9232972738676389,-1.3462722101618065,-4.180079156112298,42.369018414184325,-105.44867026865953,-0.012473152195360491,0.00018265753654511836,0.9232972738676389,-0.18112587343443903,-0.5623829136939072,0.7669086316009145,-1.9086940988182106,-0.012473152195360491,0.00018265753654511836,0.9232972738676389,-0.4392600360434122,-1.3638710707380055,4.5105139053109395,-11.225836975824443,-0.012473152195360491,0.00018265753654511836
2.5500000000000003,0.48826273273598125,0.48722984685999254,-0.010954656071949046,-0.012217890677643438,0.9234393914156127,-1.3701146578143357,-4.2492188959719535,42.88513911406916,-104.83915852062358,-0.012401055195192134,0.00018316451754869616,0.9234393914156127,-0.1843336081876954,-0.5716848926522374,0.7762507743860085,-1.8976615132609664,-0.012401055195192133,0.00018316451754869442,0.9234393914156127,-0.44703932045273265,-1.3864298997723907,4.565458996813697,-11.16094967567292,-0.012401055195192134,0.00018316451754869616
2.56,0.48815340741857016,0.4871080366853873,-0.010907822352499635,-0.012140896215781473,0.9235821228414199,-1.3935619181456673,-4.318179917864644,43.396714012957105,-104.19175618617444,-0.012324476250871241,0.0001835800350897688,0.9235821228414199,-0.18748817490540748,-0.5809628271063281,0.7855106350188944,-1.8859430817987595,-0.012324476250871245,0.00018358003508977226,0.9235821228414199,-0.4546896636303744,-1.4089304169289716,4.61992015219108,-11.092028625784117,-0.012324476250871241,0.0001835800350897688
2.5700000000000003,0.48804458364867526,0.48698703317164665,-0.010854279666152171,-0.012056245232631262,0.9237253864720091,-1.4166026733556052,-4.386931352112788,43.903458435515155,-103.47831765821567,-0.012240086117561912,0.00018384088493065068,0.9237253864720091,-0.1905880509041013,-0.5902125638862094,0.7946830606785195,-1.8730293494139403,-0.012240086117561912,0.00018384088493065068,0.9237253864720091,-0.4622073728184503,-1.4313625500874259,4.673867065523905,-11.016077505805722,-0.012240086117561914,0.0001838408849306524
2.58,0.48793631318755637,0.4868668974835272,-0.010796953388854407,-0.011966915274480336,0.9238691035916498,-1.4392283562959187,-4.455442996417488,44.4050496675932,-102.72444843485461,-0.012150913579544849,0.00018399830506451303,0.9238691035916498,-0.19363208356977035,-0.5994300396102509,0.8037622100148469,-1.8593837933889672,-0.01215091357954485,0.00018399830506451477,0.9238691035916498,-0.46958965273840386,-1.4537164448789248,4.727265381362929,-10.935822221590366,-0.01215091357954485,0.00018399830506451477
2.5900000000000003,0.48782864588546687,0.48674768928630324,-0.010733168356651779,-0.011870615256396847,0.924013197222776,-1.4614460983698678,-4.523684612740686,44.90119102255974,-101.91039958231954,-0.012054622604928868,0.00018400734853202087,0.924013197222776,-0.19662123235298815,-0.608611186088519,0.812742712793987,-1.8446489443195122,-0.012054622604928868,0.00018400734853202087,0.924013197222776,-0.4768388302156936,-1.4759822352737115,4.780083515092155,-10.849160344435983,-0.01205462260492887,0.0001840073485320226
2.6,0.48772163894138043,0.486629468010785,-0.01066504923632163,-0.011769487153882567,0.9241575859053194,-1.483236301842612,-4.591626790633558,45.39155844068918,-101.05457042430584,-0.011953389584977693,0.0001839024310951263,0.9241575859053194,-0.19955286059765093,-0.6177520464739573,0.8216187033100529,-1.8291578427310757,-0.011953389584977691,0.00018390243109512455,0.9241575859053194,-0.4839485109255707,-1.4981503252668222,4.832286968015288,-10.758050626479923,-0.011953389584977691,0.00018390243109512455
2.6100000000000003,0.48761534253853694,0.4865122901119828,-0.010592328428768673,-0.011663363953574623,0.9243021884746014,-1.504585339361307,-4.659240903032279,45.875850963857076,-100.15550087688699,-0.011847041811500817,0.00018367785792619377,0.9243021884746014,-0.20242513489579858,-0.6268487693152024,0.8303847340121686,-1.8128840600914904,-0.011847041811500819,0.0001836778579261955,0.9243021884746014,-0.4909142485521588,-1.5202113744551846,4.883843700782447,-10.662337630350738,-0.01184704181150082,0.00018367785792619724
2.62,0.4875097977517737,0.4863962032337609,-0.010514289181547605,-0.011550920623864478,0.9244469203816055,-1.5254901410527966,-4.72649773039376,46.35385701685904,-99.2017754665448,-0.011734228988299988,0.00018330836443550963,0.9244469203816055,-0.2052376422303218,-0.6358974234494309,0.8390369752423303,-1.795620968409298,-0.011734228988299988,0.00018330836443550963,0.9244469203816055,-0.4977350414610316,-1.5421558491223242,4.934731189555761,-10.560806089469988,-0.011734228988299986,0.0001833083644355079
2.6300000000000003,0.48740506121479005,0.48628127081640315,-0.010430038012169232,-0.011432026886480182,0.924591708779877,-1.5459403654138637,-4.793368363051082,46.8252198510934,-98.19223171851841,-0.011614813610325798,0.00018278672384561614,0.924591708779877,-0.20798899126758918,-0.6448941194041927,0.8475689696033133,-1.7773475260847298,-0.011614813610325798,0.00018278672384561614,0.924591708779877,-0.504407515439276,-1.5639743166577795,4.984911455652015,-10.453332249293219,-0.011614813610325798,0.00018278672384561614
2.64,0.48730117791118643,0.48616753589538425,-0.010343534202003454,-0.011311053729375997,0.9247364666173286,-1.5659318375231719,-4.859825163774693,47.28975338259793,-97.16449402163201,-0.011493246134154566,0.00018219240477856946,0.9247364666173286,-0.21067862031861403,-0.6538351388992589,0.8559773488462843,-1.758744760661683,-0.011493246134154568,0.0001821924047785712,0.9247364666173286,-0.5109303082987082,-1.5856577596203845,5.034364688975753,-10.34392152073911,-0.011493246134154566,0.00018219240477856946
2.65,0.48719818648910607,0.4860550391395085,-0.010251015883740219,-0.011183742736298033,0.9248811093129854,-1.5854665039583649,-4.925841337846146,47.74729126870039,-96.08186554962268,-0.011365185821321807,0.00018144308502377436,0.9248811093129854,-0.213306791273654,-0.6627168770048496,0.8642591020534565,-1.73914843412222,-0.011365185821321807,0.00018144308502377436,0.9248811093129854,-0.5173040551662809,-1.6071974354624559,5.083073181046478,-10.228667239189626,-0.011365185821321807,0.00018144308502377436
2.66,0.4870961446611385,0.4859438408818774,-0.010153635168218761,-0.011051362577895003,0.9250255661489344,-1.6045262153872544,-4.991390328666319,48.19747634315129,-94.9552479532963,-0.011231922189744968,0.00018055961184996507,0.9250255661489344,-0.2158710623429878,-0.6715357608274778,0.8724077642678899,-1.7187558739101827,-0.011231922189744968,0.00018055961184996507,0.9250255661489344,-0.5235228343002756,-1.6285846793295917,5.130998908719094,-10.108729970770472,-0.01123192218974497,0.0001805596118499668
2.67,0.4869950912409371,0.48583398699766767,-0.010053994922129099,-0.010915996195068436,0.9251697587215965,-1.623097458806957,-5.056446938258298,48.64006862681201,-93.80255649032628,-0.011095574372221176,0.00017957817715274008,0.9251697587215965,-0.21836961550316406,-0.6802884002610841,0.8804189917006626,-1.6978913586201982,-0.011095574372221178,0.0001795781771527418,0.9251697587215965,-0.5295822366947802,-1.6498112696569671,5.178116324334431,-9.98601693499906,-0.011095574372221178,0.0001795781771527418
2.68,0.48689505708507785,0.48572550654990354,-0.00994945478517115,-0.010776087838581205,0.9253136000034669,-1.6411759268567983,-5.120986613851454,49.07497675243164,-92.61040021019352,-0.010954558400328258,0.0001784705617470534,0.9253136000034669,-0.22080187124696382,-0.6889714920049007,0.8882911305411367,-1.676312502756382,-0.01095455840032826,0.00017847056174705514,0.9253136000034669,-0.5354808569494673,-1.6708691953968684,5.22441570113291,-9.859102560295435,-0.010954558400328262,0.00017847056174705687
2.69,0.48679608902267735,0.48561844358825923,-0.009840645072141385,-0.010632235695252928,0.9254570173678731,-1.6587640564248727,-5.184984702862112,49.50198870855506,-91.38390487699832,-0.010809480582667149,0.00017724488741422025,0.9254570173678731,-0.22316815743043386,-0.6975817193294306,0.896020343234868,-1.6541120862055294,-0.01080948058266715,0.00017724488741422198,0.9254570173678731,-0.5412194901691786,-1.6917504129347036,5.269874468834358,-9.728532524400434,-0.010809480582667149,0.00017724488741422025
2.7,0.4866982260869318,0.48551283563276315,-0.009728288799560314,-0.010485010390655556,0.9255999356492854,-1.6758568251421244,-5.248417295213461,49.92093535058918,-90.12798231484516,-0.010660921921629396,0.00017591153097384037,0.9255999356492854,-0.225467798349972,-0.7061158654011732,0.903603568147358,-1.6313790163920654,-0.010660921921629398,0.0001759115309738421,0.9255999356492854,-0.5467964976615336,-1.7124471209201053,5.314474620671852,-9.594829729466458,-0.010660921921629398,0.0001759115309738421
2.71,0.48660150806323477,0.48540872283268527,-0.00961191799319278,-0.010333611425653082,0.9257422856258964,-1.6924534163114273,-5.3112615771282865,50.33162100870603,-88.8357035992171,-0.01050806281911263,0.00017445139345954874,0.9257422856258964,-0.22770068412811115,-0.7145708608814817,0.9110372635189521,-1.6079878749745071,-0.010508062819112629,0.000174451393459547,0.9257422856258964,-0.5522116129556015,-1.7329518757019864,5.358195326059439,-9.457256537201367,-0.01050806281911263,0.00017445139345954874
2.72,0.4865059701349415,0.4853061375460229,-0.009492086495097743,-0.010179009180676447,0.9258839951114387,-1.7085521587729993,-5.373495819876579,50.73390796863689,-87.51544877749939,-0.010351894521437682,0.00017288534076123456,0.9258839951114387,-0.22986658992898765,-0.7229437824126783,0.9183189366258321,-1.584090346625135,-0.01035189452143768,0.00017288534076123283,0.9258839951114387,-0.55746429078743,-1.7532575876571221,5.401021924234438,-9.316705069293914,-0.010351894521437682,0.00017288534076123456
2.73,0.4864116482088037,0.4852051140093849,-0.009368882174330363,-0.010021641623726162,0.9260249971159306,-1.7241531564665973,-5.435099458409392,51.127635580732495,-86.17095333303067,-0.01019285888578575,0.00017121726205958712,0.9260249971159306,-0.2319655297365337,-0.7312318631973617,0.9254456795978773,-1.559754046184293,-0.010192858885785751,0.00017121726205958886,0.9260249971159306,-0.5625545650703548,-1.7733575468467102,5.442937312783246,-9.173572997207174,-0.01019285888578575,0.00017121726205958712
2.74,0.48631857159329567,0.4851056768251006,-0.009242980712654109,-0.009861761709945203,0.9261652210710374,-1.739258911259871,-5.496053232348173,51.51271912286253,-84.80440772897046,-0.010031215014337047,0.0001694533043918433,0.9261652210710374,-0.2339978401490686,-0.7394325119669444,0.9324159589057431,-1.5350186225550495,-0.010031215014337047,0.0001694533043918433,0.9261652210710374,-0.5674832521106666,-1.7932454690181947,5.483932472371423,-9.028093512903343,-0.010031215014337048,0.00016945330439184503
2.75,0.4862267706527408,0.4850078508188737,-0.009113439194642543,-0.009698988616244292,0.9263045989807143,-1.753863138961579,-5.556339136120148,51.88905241961204,-83.41250056118812,-0.009866571212747808,0.00016758259650351617,0.9263045989807143,-0.2359626756989232,-0.7475433062729275,0.9392278527007479,-1.5098241370249794,-0.00986657121274781,0.0001675825965035179,0.9263045989807143,-0.5722483015101989,-1.8129154793355027,5.5239960997943305,-8.87991409147303,-0.00986657121274781,0.0001675825965035179
2.7600000000000002,0.4861362771309476,0.48491166350079595,-0.00898171546531469,-0.009534006611211912,0.9264430689709546,-1.7679606835897765,-5.615939991364719,52.25650121797939,-82.00114606818275,-0.009699627055481427,0.00016562044426951528,0.9264430689709546,-0.23785934270637513,-0.7555619349589605,0.945878930910409,-1.4842776414145877,-0.009699627055481427,0.00016562044426951528,0.9264430689709546,-0.5768480309815228,-1.8323619728643277,5.563113902768281,-8.729664349933284,-0.009699627055481426,0.00016562044426951354
2.77,0.4860471179392209,0.48481714086695776,-0.008846853626338616,-0.009366681603944056,0.9265805732525312,-1.7815484770669208,-5.674840164569874,52.6149348533448,-80.56916864282968,-0.009530243484107385,0.00016356188016332894,0.9265805732525312,-0.23968742839589458,-0.7634862947107979,0.9523668284144444,-1.4583578564192083,-0.009530243484107385,0.00016356188016332894,0.9265805732525312,-0.5812814394760824,-1.8515798487216553,5.601271971020944,-8.577219135696648,-0.009530243484107387,0.00016356188016333068
2.7800000000000002,0.4859593149166745,0.48472429633099084,-0.008710230701176129,-0.009198118358804148,0.9267170488195499,-1.7946290040748165,-5.733025601723066,52.96432570649492,-79.12609158897618,-0.009359546976730974,0.00016142861792682595,0.9267170488195499,-0.2414472670536376,-0.7713144947181871,0.9586910452859293,-1.432237160446347,-0.009359546976730972,0.0001614286179268242,0.9267170488195499,-0.5855493376927918,-1.8705645213816078,5.638467364270708,-8.423592279057875,-0.009359546976730972,0.0001614286179268242
2.79,0.48587288988388455,0.4846331462568853,-0.008571253020987659,-0.009027825980733557,0.9268524384786844,-1.8071995744161387,-5.790482518281216,53.304613177315225,-77.66769757069977,-0.009187038679524199,0.00015921269879064226,0.9268524384786844,-0.24313849674363275,-0.7790446804249795,0.9648504846207422,-1.4058392167895526,-0.009187038679524197,0.00015921269879064052,0.9268524384786844,-0.5896508478773865,-1.8893114932404735,5.6746936311606735,-8.26833481157178,-0.0091870386795242,0.000159212698790644
2.8000000000000003,0.48578786428775683,0.48454370593944585,-0.00843062105707176,-0.008856446418051188,0.9269866891566907,-1.8192629044884585,-5.8471978994357094,53.63574712704656,-76.1995023188945,-0.009013371028887968,0.00015692461083677972,0.9269866891566907,-0.24476148292680164,-0.7866751008341923,0.9708442388725528,-1.3792638640051704,-0.009013371028887968,0.00015692461083677972,0.9269866891566907,-0.593586856332715,-1.9078165178425517,5.709945434027167,-8.112033925999171,-0.009013371028887968,0.00015692461083677972
2.81,0.48570425123930283,0.48445598200889783,-0.008288154688523218,-0.008684067350515698,0.9271197452516925,-1.830816385307466,-5.903159966005699,53.95773640846625,-74.72227644141209,-0.008838635177313751,0.00015456782679805318,0.9271197452516925,-0.24631587459347598,-0.7942041711887438,0.9766724682827738,-1.352525050630013,-0.008838635177313753,0.00015456782679805492,0.9271197452516925,-0.5973565118025952,-1.9260757518912461,5.744223715317688,-7.954771659582376,-0.008838635177313751,0.00015456782679805318
2.8200000000000003,0.48562207201042007,0.4843699889421112,-0.008143932708722523,-0.008510058443704435,0.9272515613901553,-1.8418585206907683,-5.9583589056407265,54.27050862221219,-73.2305767406525,-0.00866218726810879,0.00015212882440435518,0.9272515613901553,-0.24780147044904338,-0.8016305713465897,0.9823338623727152,-1.3255242510106844,-0.008662187268108792,0.00015212882440435692,0.9272515613901553,-0.6009593261144814,-1.9440859938249528,5.777520767552998,-7.795968541297912,-0.00866218726810879,0.00015212882440435518
2.83,0.48554134438239316,0.4842857403110806,-0.00799818168218457,-0.008335680967877885,0.927382095922839,-1.8523894331724882,-6.012785665661702,54.57399593957102,-71.73528488506778,-0.008485314455548211,0.0001496334876703257,0.927382095922839,-0.24921828697910006,-0.808953083370975,0.9878271933956018,-1.2984584308965568,-0.008485314455548211,0.0001496334876703257,0.927382095922839,-0.6043953392486561,-1.9618442899467055,5.8098293698352315,-7.636783009993389,-0.00848531445554821,0.00014963348767032397
2.8400000000000003,0.4854620759658628,0.484203235054997,-0.007851791935428534,-0.008161237484123543,0.9275113001410756,-1.862407585490313,-6.066432011422695,54.868248780744445,-70.23901324314757,-0.008308325747509284,0.00014708826338574038,0.9275113001410756,-0.25056611736218964,-0.8161705993823603,0.993153373992069,-1.271374875969919,-0.008308325747509284,0.00014708826338574038,0.9275113001410756,-0.6076640496290682,-1.9793479534663878,5.841154889789823,-7.477493172758356,-0.008308325747509284,0.00014708826338574038
2.85,0.48538427921990723,0.484122478119105,-0.007704282146830461,-0.007986446436095059,0.9276391350783345,-1.8719190039765339,-6.119290412388832,55.153270902989824,-68.73935193254707,-0.008130936087488381,0.00014448965139332234,0.9276391350783345,-0.25184577237394257,-0.8232821062314756,0.9983124721710822,-1.244229965688202,-0.008130936087488383,0.00014448965139332408,0.9276391350783345,-0.6107674235199837,-1.9965945273303702,5.8714977274062505,-7.317842478739544,-0.008130936087488381,0.00014448965139332234
2.8600000000000003,0.4853079616920268,0.4840434696886525,-0.007555763639288188,-0.00781138817072098,0.927765562446488,-1.8809249205794174,-6.171354953152321,55.42908895921708,-67.23698869098243,-0.007953226825560208,0.00014183865483922801,0.927765562446488,-0.25305741775922386,-0.8302868080663419,1.0033049703688044,-1.2170361485812629,-0.007953226825560206,0.00014183865483922628,0.927765562446488,-0.6137058628799635,-2.0135820814666956,5.90086072009556,-7.1579041430041865,-0.007953226825560208,0.00014183865483922801
2.87,0.485233132379673,0.4839662104334858,-0.007406607135365252,-0.007636604634207371,0.9278905476202003,-1.8894244499983277,-6.2226209583589425,55.69571360854998,-65.73659371699453,-0.007775750383078531,0.00013914574887116064,0.9278905476202003,-0.2542009344107313,-0.8371840758703233,1.0081310615227717,-1.1898779584831718,-0.007775750383078532,0.0001391457488711615,0.9278905476202003,-0.6164790788542084,-2.0303090904065564,5.929245002604971,-6.998175344770678,-0.00777575038307853,0.00013914574887115977
2.8800000000000003,0.4851597970111957,0.48389069712041743,-0.007257187571240621,-0.0074623108954137325,0.9280140575947206,-1.8974190136794473,-6.273084714709178,55.95318538921213,-64.24004927217732,-0.007598729406144748,0.00013641851073101577,0.9280140575947206,-0.255276513568156,-0.8439734100604872,1.012791479402959,-1.1627894656348103,-0.007598729406144748,0.00013641851073101577,0.9280140575947206,-0.6190875352304251,-2.0467743425791656,5.956654890545944,-6.838856465530273,-0.007598729406144747,0.0001364185107310149
2.89,0.4850879594162097,0.4838169275930527,-0.007107079652000595,-0.0072879901876707395,0.9281360653660421,-1.9049172252881468,-6.322743433745036,56.20153878516987,-62.742908876311,-0.007421637936258163,0.00013364774858742358,0.9281360653660421,-0.2562853141038654,-0.8506544354809884,1.017286848193085,-1.1356901856589516,-0.007421637936258162,0.0001336477485874227,0.9281360653660421,-0.6215340424647255,-2.06297692816989,5.983094055006822,-6.679474142632346,-0.007421637936258162,0.0001336477485874227
2.9000000000000004,0.485017621511428,0.4837448944481642,-0.006957479860368597,-0.007115315573150747,0.9282565437667544,-1.9119251228428862,-6.371595292556411,56.44084347633836,-61.259604153363725,-0.007246183039441723,0.0001308674662909761,0.9282565437667544,-0.2572281483657334,-0.8572269068796535,1.0216184291479617,-1.1088413409629927,-0.007246183039441724,0.00013086746629097697,0.9282565437667544,-0.6238205706343246,-2.0789162524018696,6.0085699139604065,-6.521564735497551,-0.007246183039441723,0.0001308674662909761
2.91,0.4849487807845407,0.48367458682299364,-0.00680750193698301,-0.006942717153347583,0.928375467443785,-1.9184486770952955,-6.419639190465354,56.67119418005625,-59.77660940453316,-0.0070707648083729365,0.00012804765502535346,0.928375467443785,-0.2581058196516337,-0.8636906761725711,1.0257879367171399,-1.0819981070136255,-0.0070707648083729365,0.00012804765502535346,0.928375467443785,-0.625949067868699,-2.09459195614726,6.033092550809362,-6.363688327535643,-0.0070707648083729365,0.00012804765502535346
2.92,0.48488143824334506,0.4836060000613296,-0.006657978584811598,-0.0067713122332448755,0.9284928184856843,-1.9244886817035658,-6.466875091175754,56.89261753719259,-58.30355504699516,-0.006896522391215863,0.00012521015797098758,0.9284928184856843,-0.25891843473940224,-0.8700457384765055,1.0297958531188347,-1.0553348010439259,-0.006896522391215862,0.00012521015797098672,0.9284928184856843,-0.6279197931216642,-2.1100040275634107,6.056664801682885,-6.206870152094277,-0.006896522391215863,0.00012521015797098758
2.93,0.4848155903267842,0.48353912194792836,-0.006508466294756847,-0.006600920890188771,0.9286085774647919,-1.930051125971204,-6.51330375111908,57.10520703067965,-56.83892050676401,-0.006723275924623723,0.00012235503443495162,0.9286085774647919,-0.2596667994228605,-0.8762921955608531,1.033643870458984,-1.0288238996096821,-0.006723275924623723,0.00012235503443495162,0.9286085774647919,-0.6297347005757805,-2.125152713457849,6.07929661857141,-6.050948332161351,-0.006723275924623723,0.00012235503443495162
2.94,0.4847512367839166,0.48347394115956877,-0.0063591630564385875,-0.0064320737431642905,0.9287227286245034,-1.9351406497697026,-6.55892666751028,57.30904166718067,-55.38727290497317,-0.006551565637286428,0.00011949189412213766,0.9287227286245034,-0.2603515379448401,-0.882430248859145,1.0373334188130128,-1.002548070772367,-0.006551565637286429,0.00011949189412213852,0.9287227286245034,-0.6313953041225948,-2.1400385023400217,6.100996412353134,-5.896409073557787,-0.00655156563728643,0.00011949189412213939
2.95,0.48468837305792295,0.48341044438044534,-0.006210663141614128,-0.0062642545705166326,0.9288352586922092,-1.9397618123844935,-6.603746597440216,57.504208374720946,-53.94419143153684,-0.006380868607133112,0.00011661403661647907,0.9288352586922092,-0.26097326370621937,-0.8884602693071302,1.0408660716384948,-0.9764272948019899,-0.006380868607133112,0.00011661403661647907,0.9288352586922092,-0.6329030913601339,-2.1546622937901327,6.1217734371972945,-5.7427817464198005,-0.006380868607133112,0.00011661403661647907
2.96,0.4846269882701481,0.48334861498498305,-0.006063346573424459,-0.006098356445116072,0.9289461559997473,-1.943920279051549,-6.647766996475488,57.6908195097348,-52.51737410627514,-0.006212095405843577,0.00011373896072750488,0.9289461559997473,-0.26153273890115625,-0.8943827218126588,1.0442438626648514,-0.9506009111986683,-0.0062120954058435774,0.00011373896072750574,0.9289461559997473,-0.6342599107346024,-2.169025215286191,6.141639654326461,-5.59088586525922,-0.0062120954058435774,0.00011373896072750574
2.97,0.48456707351348194,0.48328843884938283,-0.005916676092980365,-0.005933706602650842,0.9290554138006832,-1.9476228367558939,-6.6909924367188705,57.868959395533324,-51.10103987666497,-0.006044562213054924,0.0001108556104040823,0.9290554138006832,-0.2620308766426018,-0.9001982215010389,1.047468318202522,-0.9249642789004738,-0.006044562213054925,0.00011085561040408316,0.9290554138006832,-0.6354679766951022,-2.18312875860825,6.160604040617641,-5.440105991749433,-0.006044562213054925,0.00011085561040408316
2.98,0.48450862045358867,0.48322990035314045,-0.005771200839995618,-0.005771176749033652,0.9291630273558927,-1.9508762933025552,-6.733427723559244,58.03872436310702,-49.702711853180546,-0.005879158911035832,0.00010798216200217942,0.9291630273558927,-0.2624685928446054,-0.9059074148836164,1.0505411819092756,-0.8996535714269998,-0.005879158911035832,0.00010798216200217942,0.9291630273558927,-0.6365295104838599,-2.1969744916526652,6.178676851259379,-5.291243019932248,-0.005879158911035832,0.00010798216200217942
2.99,0.4844516163660105,0.4831729780118587,-0.005626790485553927,-0.005610260514343656,0.9292689899842922,-1.953683947220055,-6.7750783402912145,58.200251852289334,-48.31803920482381,-0.005715370855295506,0.00010511034095185036,0.9292689899842922,-0.2628463312872994,-0.9115110396763724,1.0534649415414616,-0.8745900357182999,-0.005715370855295506,0.00010511034095185036,0.9292689899842922,-0.6374455883406925,-2.2105642035020368,6.195872717798568,-5.143833769765957,-0.005715370855295507,0.00010511034095185123
3.0,0.4843960511872639,0.4831176560354531,-0.005483568239756703,-0.005451253713983272,0.9293733033204284,-1.9560554623851543,-6.815950724907342,58.353632316963285,-46.94958157507795,-0.005553500817055721,0.00010224710307244877,0.9293733033204284,-0.2631653921372519,-0.9170099620392239,1.0562412343771257,-0.8498200030974619,-0.005553500817055721,0.00010224710307244877,0.9293733033204284,-0.6382193633833889,-2.2238999947366356,6.212201269759623,-4.9981507353501495,-0.005553500817055722,0.00010224710307244964
3.0100000000000002,0.48434191053735864,0.48306391311653485,-0.005341947493986748,-0.005294522701582167,0.9294759661928821,-1.9579939205208812,-6.856052092628554,58.49898914668991,-45.600504488816384,-0.005393923235116167,9.940053353400032e-05,0.9294759661928821,-0.26342619000584006,-0.9224051526994748,1.0588722938529376,-0.8254007717611361,-0.005393923235116167,9.940053353400032e-05,0.9294759661928821,-0.6388518411127374,-2.236984219529847,6.22767564292788,-4.854530911604551,-0.005393923235116168,9.940053353400119e-05
3.02,0.48428917985660636,0.48301172783516294,-0.005201592528258624,-0.005139754488276211,0.9295769803057691,-1.9595038039155297,-6.895390117830499,58.63644577693943,-44.26812647124534,-0.0052363209272579935,9.656643898178253e-05,0.9295769803057691,-0.26362932793483806,-0.9276976441585623,1.0613603542365562,-0.8012838051549788,-0.005236320927257993,9.656643898178167e-05,0.9295769803057691,-0.6393444840042333,-2.2498193818674888,6.242308977976069,-4.7126888345321944,-0.0052363209272579935,9.656643898178253e-05
3.0300000000000002,0.484237846243049,0.48296107997429266,-0.005062621987136217,-0.0049871781600155565,0.9296763510210267,-1.9605924816808624,-6.933972801942353,58.7661175000339,-42.954437472296334,-0.0050809292776571565,9.375111764160001e-05,0.9296763510210267,-0.26377579735584084,-0.9328885129193196,1.0637075023990072,-0.7775051227535035,-0.005080929277657158,9.375111764160175e-05,0.9296763510210267,-0.6396996964425724,-2.262408092446004,6.256113548675008,-4.572836349891442,-0.005080929277657157,9.375111764160088e-05
3.04,0.4841878937646553,0.48291194423550027,-0.004925430781189929,-0.004837205347698089,0.9297740814863551,-1.9612653345593376,-6.97180845640769,58.88815890332313,-41.66299696803625,-0.004928169324213944,9.096397651585549e-05,0.9297740814863551,-0.26386632218758493,-0.9379788771935507,1.0659165364785852,-0.75412915354331,-0.004928169324213945,9.096397651585635e-05,0.9297740814863551,-0.6399192340497665,-2.2747530631129482,6.269105812059034,-4.43535239179255,-0.004928169324213945,9.096397651585635e-05
3.0500000000000003,0.48413930547791245,0.4828642992291939,-0.004789768042082433,-0.004689266891567602,0.9298701805611196,-1.9615295364367487,-7.008905926103898,59.00268983890178,-40.38890573644507,-0.004777461555193035,8.819466362543302e-05,0.9298701805611196,-0.26390186759619394,-0.942969926960615,1.0679896258813641,-0.7310672182064457,-0.004777461555193035,8.819466362543302e-05,0.9298701805611196,-0.6400054375124231,-2.286857179764006,6.281298527322479,-4.299715399673731,-0.004777461555193035,8.819466362543302e-05
3.06,0.48409206588602893,0.48281812204052,-0.00465582379999395,-0.004543768386376517,0.9299646573261992,-1.9613917518153885,-7.045274404350884,59.10984049154038,-39.1356746770618,-0.0046292212625481475,8.545287617163066e-05,0.9299646573261992,-0.2638833302159366,-0.9478628990789172,1.0699291270420215,-0.7083828664606517,-0.004629221262548148,8.545287617163153e-05,0.9299646573261992,-0.6399604813161294,-2.2987234419842557,6.292705553653958,-4.166299136293333,-0.0046292212625481475,8.545287617163066e-05
3.0700000000000003,0.48404615707342785,0.4827733891076693,-0.004523598574630546,-0.0044003524226401075,0.9300575227646422,-1.9608595291373951,-7.080923604555253,59.20974437482451,-37.90023065993766,-0.004483084936550143,8.273251391003548e-05,0.9300575227646422,-0.2638117256053047,-0.9526591003787119,1.0717374566490956,-0.6860204725215225,-0.004483084936550143,8.273251391003548e-05,0.9300575227646422,-0.6397868283572746,-2.3103550190520226,6.303341104620529,-4.0347764428951285,-0.004483084936550143,8.273251391003548e-05
3.08,0.4840015616725154,0.48273007673653257,-0.004393236682330331,-0.0042597567688705705,0.9301487892695848,-1.9599393541341241,-7.115863493596627,59.302533234682485,-36.68894543923976,-0.004339806269581061,8.004950071049087e-05,0.9301487892695848,-0.26368792634693633,-0.9573598717922143,1.0734169993953036,-0.6640953695606089,-0.004339806269581062,8.004950071049174e-05,0.9301487892695848,-0.6394865947922852,-2.321755162948495,6.313219205608283,-3.9058256426229563,-0.004339806269581062,8.004950071049174e-05
3.0900000000000003,0.48395826055938607,0.48268816010297333,-0.0042647552695623476,-0.004121231829429307,0.9302384695414313,-1.9586363246975285,-7.150104380709468,59.38834444829739,-35.49536387229741,-0.004198621705526169,7.738987609686235e-05,0.9302384695414313,-0.263512618305195,-0.9619666003116554,1.0749702419029796,-0.6424907150165851,-0.004198621705526169,7.738987609686235e-05,0.9302384695414313,-0.639061443955059,-2.3329272373579766,6.3223544814944965,-3.7787595349735525,-0.004198621705526169,7.738987609686235e-05
3.1,0.48391623495044006,0.48264761662754685,-0.0041382079560401365,-0.003985200763962821,0.9303265802310353,-1.9569600819638049,-7.183657316826466,59.467297078415086,-34.32314797090659,-0.004059964410876385,7.476364691356378e-05,0.9303265802310353,-0.2632870985871602,-0.9664807727164698,1.0763993392904372,-0.6212727938438939,-0.004059964410876386,7.476364691356464e-05,0.9303265802310353,-0.6385145215436215,-2.343874847965153,6.330759607441137,-3.653967969788748,-0.004059964410876387,7.476364691356551e-05
3.1100000000000003,0.48387546462981856,0.48260841801911103,-0.004013750782253965,-0.003852114782353525,0.9304131342751496,-1.954915686586999,-7.216533762638548,59.539550224663095,-33.17619538791918,-0.003924295425274053,7.218064292052826e-05,0.9304131342751496,-0.2630120480472513,-0.9709039309144821,1.077707171371328,-0.6005121562635921,-0.003924295425274054,7.218064292052913e-05,0.9304131342751496,-0.6378474787419324,-2.354601734150124,6.33845152084985,-3.5318658827466485,-0.003924295425274054,7.218064292052913e-05
3.12,0.48383592935079006,0.48257054093972174,-0.0038912802502363312,-0.0037211895479914744,0.9304981499433149,-1.9525091245342254,-7.248745156971189,59.605222249850044,-32.047749021476406,-0.003790815474914494,6.962592692301948e-05,0.9304981499433149,-0.26268827203041567,-0.9752376138717643,1.0788958805946156,-0.5800864940435316,-0.003790815474914494,6.962592692301948e-05,0.9304981499433149,-0.6370622686439574,-2.3651116281587536,6.345442822368804,-3.411733927423045,-0.0037908154749144943,6.962592692301992e-05
3.1300000000000003,0.48379760731045274,0.4825339593416935,-0.0037710638730641902,-0.003592986958353023,0.930581644268375,-1.9497456016093428,-7.28030321503871,59.66445206287139,-30.942661449825394,-0.003660098554205242,6.711159585221903e-05,0.930581644268375,-0.26231647091935706,-0.9794833977394173,1.0799679813076917,-0.560083642217011,-0.0036600985542052425,6.711159585221947e-05,0.930581644268375,-0.6361605897929583,-2.3754083524167204,6.351748299938054,-3.294088698784719,-0.0036600985542052434,6.711159585222034e-05
3.14,0.4837604776509654,0.4824986475154007,-0.0036528626158180595,-0.0034673028707352337,0.9306636356117276,-1.9466316562888362,-7.311219581507418,59.717378569976425,-29.859193247348003,-0.0035319389126099252,6.463604187469151e-05,0.9306636356117276,-0.26189752439298103,-0.9836428491770955,1.0809259878100501,-0.5404721159734183,-0.0035319389126099257,6.463604187469194e-05,0.9306636356117276,-0.635144575554977,-2.385495706331382,6.357382741215949,-3.178745021348933,-0.0035319389126099257,6.463604187469194e-05
3.1500000000000004,0.4837245204342334,0.4824645807154118,-0.003536713611337434,-0.003344115965620413,0.9307441442013322,-1.943176027215152,-7.341506084197378,59.76413440728603,-28.797155968983898,-0.0034063142596253817,6.219829400496866e-05,0.9307441442013322,-0.26143260813792346,-0.9877175594857442,1.0817723009075106,-0.5212485043264063,-0.0034063142596253817,6.219829400496866e-05,0.9307441442013322,-0.6340170771634913,-2.3953775490692797,6.362360266356556,-3.0656828336628443,-0.0034063142596253825,6.219829400496953e-05
3.16,0.4836897147333537,0.48243173208692025,-0.003422541554266852,-0.0032235096398306176,0.9308231882508068,-1.9393817933221753,-7.371174754869402,59.80486119831959,-27.757279367839953,-0.003283310915179059,5.980127534844148e-05,0.9308231882508068,-0.26092213639031353,-0.9917091474042554,1.082509484084041,-0.5024260163135587,-0.00328331091517906,5.980127534844235e-05,0.9308231882508068,-0.6327790992092516,-2.405057806338489,6.366695952292911,-2.9549798236611537,-0.00328331091517906,5.980127534844235e-05
3.1700000000000004,0.48365604065097767,0.4824000772604409,-0.003310569349731833,-0.0031056951623653233,0.9309007891130817,-1.935255701797191,-7.400237816059867,59.83968313538424,-26.74139728651502,-0.0031631457980597823,5.7450635694459e-05,0.9309007891130817,-0.2603670169087613,-0.9956192573382403,1.0831397853065732,-0.48403784575835,-0.0031631457980597828,5.7450635694459434e-05,0.9309007891130817,-0.6314328431562019,-2.4145404660931025,6.370403020268964,-2.8468312182538047,-0.003163145798059783,5.745063569445987e-05
3.18,0.48362347587255805,0.48236958845390215,-0.003200700762519377,-0.0029901901622918993,0.930976966254222,-1.9308040196284781,-7.428707490907663,59.868753539630184,-25.745351592617023,-0.0030453270574168703,5.513689512497101e-05,0.930976966254222,-0.25976809284646957,-0.9994495337743718,1.0836659797943093,-0.466008727579309,-0.0030453270574168708,5.513689512497144e-05,0.930976966254222,-0.6299803537895472,-2.423829516483799,6.3734977925221825,-2.7407943516751843,-0.003045327057416871,5.5136895124971875e-05
3.19,0.4835919976574138,0.4823402416015676,-0.003093137068942143,-0.0028774019896870983,0.9310517424603848,-1.9260340001386143,-7.45659584987563,59.89219657746722,-24.77266970457011,-0.002930271939164842,5.286994947774392e-05,0.9310517424603848,-0.2591263400568929,-1.0032016006584674,1.0840903150454217,-0.4484025104974584,-0.002930271939164842,5.286994947774392e-05,0.9310517424603848,-0.628423997714431,-2.4329288958463042,6.3759934875395405,-2.637244745248358,-0.002930271939164842,5.286994947774392e-05
3.2,0.4835615854106488,0.4823120108542626,-0.0029875538422905763,-0.002767127154765237,0.9311251395979154,-1.9209526709175369,-7.48391476419364,59.91015338130695,-23.821601417853387,-0.0028177734177688434,5.064626300360642e-05,0.9311251395979154,-0.2584427040236831,-1.006877055131776,1.084415345654487,-0.4311875145965676,-0.0028177734177688434,5.064626300360642e-05,0.9311251395979154,-0.6267660678842293,-2.4418424775108574,6.377905129971808,-2.5359960759919593,-0.002817773417768844,5.064626300360685e-05
3.21,0.48353221984908934,0.48228487263265535,-0.002884038115631062,-0.002658961381910214,0.9311971809383365,-1.915565706789628,-7.510676265330794,59.92274257939366,-22.88865773085731,-0.0027074187915041878,4.845740959397377e-05,0.9311971809383365,-0.2577179482310115,-1.0104775158939432,1.0846432188750381,-0.41430058652661395,-0.0027074187915041878,4.845740959397377e-05,0.9311971809383365,-0.6250084158736411,-2.4505741870903552,6.3792453487248535,-2.436676912353769,-0.0027074187915041878,4.845740959397377e-05
3.22,0.48350387861194233,0.4822588028692947,-0.0027826002415401695,-0.0025533623324797477,0.9312678901958703,-1.9098803585648625,-7.536892321499198,59.93008995497797,-21.9777959229813,-0.0025996761530277367,4.6313820547989014e-05,0.9312678901958703,-0.25695304819429027,-1.0140045931340933,1.0847762114711879,-0.39781335579053767,-0.002599676153027737,4.631382054798945e-05,0.9312678901958703,-0.6231534074680011,-2.459127929558281,6.380027534411022,-2.339708537724963,-0.0025996761530277367,4.6313820547989014e-05
3.23,0.48347654117473315,0.4822337775102556,-0.0026834338096643575,-0.0024502249021504242,0.9313372906209266,-1.903902768566509,-7.5625747191308825,59.9323213098365,-21.088123788371043,-0.002494439966448121,4.4215064297696734e-05,0.9313372906209266,-0.2561488302944388,-1.0174598725848742,1.0848166005423825,-0.38170967284330654,-0.002494439966448121,4.4215064297696734e-05,0.9313372906209266,-0.6212030467769681,-2.4675075505771384,6.380265079614895,-2.244995969803309,-0.0024944399664481214,4.421506429769717e-05
3.24,0.4834501850901983,0.4822097716926968,-0.0025862965202580247,-0.002349423865800516,0.9314054054010459,-1.8976408994492224,-7.587735208441879,59.92957241106056,-20.218556320127604,-0.002391581890116756,4.215802431624003e-05,0.9314054054010459,-0.25530636581761185,-1.0208449351064757,1.084766843567178,-0.36596989830720383,-0.0023915818901167566,4.215802431624047e-05,0.9314054054010459,-0.6191599318456812,-2.475716883992919,6.379972437806865,-2.152423701105081,-0.0023915818901167566,4.215802431624047e-05
3.25,0.48342479081155215,0.4821867628303792,-0.002491105688695999,-0.0022508644973187907,0.9314722588112009,-1.8911009115960513,-7.61238584434768,59.92195459394992,-19.36828014637193,-0.002291005713135837,4.014121581704614e-05,0.9314722588112009,-0.25442648357447034,-1.0241614025529928,1.0846289557917521,-0.3505793095868495,-0.0022910057131358364,4.0141215817045706e-05,0.9314722588112009,-0.6170260726763218,-2.4837598630685798,6.379161461501731,-2.061905141822253,-0.0022910057131358364,4.0141215817045706e-05
3.2600000000000002,0.4834003369571915,0.4821647266643323,-0.002398193288041019,-0.0021548725480070537,0.9315378743491708,-1.8842887758654414,-7.636538735872838,59.90959310111376,-18.54011859041062,-0.0021930453964857173,3.8172848478663576e-05,0.9315378743491708,-0.253509986877259,-1.0274109040582908,1.0844052041942323,-0.33558901079309367,-0.0021930453964857178,3.817284847866401e-05,0.9315378743491708,-0.6148034174332185,-2.491640438721715,6.377845483756322,-1.9737408568371462,-0.0021930453964857178,3.817284847866401e-05
3.27,0.4833768033225155,0.4821436387674953,-0.0023071276183911195,-0.0020612925428360957,0.9316022750432135,-1.877210356044897,-7.660205624065155,59.892617574973876,-17.732726123194453,-0.002097541782269275,3.624923943317936e-05,0.9316022750432135,-0.25255766463302454,-1.0305950192490763,1.084097935392407,-0.32097464691653177,-0.002097541782269275,3.624923943317936e-05,0.9316022750432135,-0.6124938793457251,-2.499362441806918,6.376038306021983,-1.8877876040423476,-0.002097541782269275,3.624923943317936e-05
3.2800000000000002,0.48335417039967893,0.4821234770105839,-0.002218234092227158,-0.0019698314601414827,0.9316654849545913,-1.8698685520372145,-7.683398258246782,59.87113389210478,-16.94358139574011,-0.0020041966289863914,3.436516884490872e-05,0.9316654849545913,-0.2515699069912649,-1.0337153288652776,1.0837090658257387,-0.3066905797910947,-0.002004196628986391,3.4365168844908284e-05,0.9316654849545913,-0.6100984045905485,-2.5069297058785267,6.3737511996894485,-1.803776966087752,-0.0020041966289863914,3.436516884490872e-05
3.29,0.4833324172628841,0.4821042194682896,-0.0021311318075665467,-0.0018804001729655466,0.9317275295627084,-1.862272384703829,-7.706128342089722,59.845254887194336,-16.17191518867198,-0.001912918948383547,3.251877541800047e-05,0.9317275295627084,-0.2505479276080254,-1.0367734075051063,1.0832406378803696,-0.2927228860123509,-0.0019129189483835473,3.2518775418000686e-05,0.9317275295627084,-0.6076199364832304,-2.514346049596206,6.370996176895126,-1.7216270535451925,-0.0019129189483835473,3.2518775418000686e-05
3.3000000000000003,0.48331152373992414,0.4820858436474522,-0.0020462911920132946,-0.001793467914537937,0.9317884324441658,-1.8544268663256018,-7.7284073642005575,59.815094692925285,-15.421790851598866,-0.0018241893797894737,3.072146525153678e-05,0.9317884324441658,-0.24949240082965454,-1.0397708008321254,1.0826947174370496,-0.2791451150276284,-0.0018241893797894737,3.072146525153678e-05,0.9317884324441658,-0.6050601104245872,-2.5216152214483394,6.367785387957143,-1.6417704418105266,-0.0018241893797894739,3.0721465251536996e-05
3.31,0.4832914705112732,0.4820683273036307,-0.001963323466283447,-0.0017087882612276824,0.9318482170653771,-1.8463373191859882,-7.750246708226848,59.78076663223195,-14.691080877064303,-0.0017377562678325706,2.896800660488817e-05,0.9318482170653771,-0.24840404270988362,-1.0427090403888355,1.082073355719521,-0.26591875747576604,-0.0017377562678325706,2.896800660488817e-05,0.9318482170653771,-0.6024206629626996,-2.5287409356774107,6.364130896989569,-1.563980641049314,-0.001737756267832571,2.8968006604888604e-05
3.3200000000000003,0.48327223882658993,0.4820516494274909,-0.001881858240254715,-0.0016256267210862845,0.9319069073088617,-1.8380085072553618,-7.77165762014882,59.742373796169055,-13.973430604450975,-0.0016528679420666607,2.7241220980376256e-05,0.9319069073088617,-0.2472834941876612,-1.0455896391961368,1.0813784187474054,-0.25292878959032505,-0.0016528679420666605,2.724122098037604e-05,0.9319069073088617,-0.5997031484799442,-2.5357268616079747,6.360043678842735,-1.4875811478599943,-0.0016528679420666603,2.7241220980375822e-05
3.33,0.48325381163100667,0.48203579200398533,-0.0018022899475915258,-0.0015445604458387218,0.9319645287046936,-1.8294434084383946,-7.792651321967897,59.6999913448869,-13.273842090911586,-0.001570116078233094,2.5555632394372134e-05,0.9319645287046936,-0.24613115590676557,-1.0484141070488495,1.0806112669715735,-0.24026575207651307,-0.0015701160782330941,2.555563239437235e-05,0.9319645287046936,-0.5969085386033842,-2.542576660740815,6.355531734903402,-1.4131044704097844,-0.0015701160782330937,2.5555632394371917e-05
3.3400000000000003,0.483236169880683,0.48202073412910484,-0.0017249191519483208,-0.0014658731713237093,0.9320211046478092,-1.8206468072742181,-7.813238774143849,59.653723936860224,-12.59476992234302,-0.0014897910206613943,2.391784933768507e-05,0.9320211046478092,-0.24494767157344163,-1.0511839185542886,1.0797737947830373,-0.2279740746422103,-0.0014897910206613943,2.391784933768507e-05,0.9320211046478092,-0.5940383944265455,-2.549293909241223,6.350606206886044,-1.3408119185952552,-0.0014897910206613945,2.3917849337685287e-05
3.35,0.4832192906605807,0.4820064504145193,-0.0016498822916632874,-0.001389927090459525,0.9320766553387481,-1.8116261718439206,-7.8334306207931474,59.60372098977323,-11.939355097732065,-0.0014122643070704156,2.233721661089056e-05,0.9320766553387481,-0.24373404593450054,-1.0539005057593152,1.078868706745556,-0.2161106115485017,-0.001412264307070416,2.2337216610890994e-05,0.9320766553387481,-0.5910951526257133,-2.555882080058392,6.345283001473598,-1.2710378763633745,-0.001412264307070416,2.2337216610890994e-05
3.3600000000000003,0.48320315664412766,0.4819929208939121,-0.0015758942656212468,-0.0013149683383553777,0.9321312031359787,-1.8023853854041383,-7.853237408869847,59.5500812180511,-11.292429961504872,-0.0013357418088482227,2.077347049284496e-05,0.9321312031359787,-0.2424908014387046,-1.0565652876386737,1.0778977896587199,-0.20440081770522167,-0.0013357418088482229,2.0773470492845177e-05,0.9321312031359787,-0.5880800802250727,-2.562344614439481,6.339572627589898,-1.2021676279634008,-0.001335741808848223,2.0773470492845393e-05
3.37,0.4831877528028796,0.4819801304167633,-0.001503709547711905,-0.0012419595025777914,0.9321847743066004,-1.7929312257791155,-7.872669605265394,59.492866095715456,-10.662319182927309,-0.0012612082218327499,1.9248719254958465e-05,0.9321847743066004,-0.24121884996652418,-1.0591796723955795,1.076862156244975,-0.1929953754022646,-0.0012612082218327503,1.92487192549589e-05,0.9321847743066004,-0.5849953886847574,-2.5686849275089196,6.333481629626099,-1.1350873996494752,-0.0012612082218327503,1.92487192549589e-05
3.3800000000000003,0.48317305932451243,0.4819680576118489,-0.0014338527022749587,-0.0011714649800284552,0.9322373907488162,-1.7832698790526507,-7.891737665422632,59.43219009476477,-10.053918495353368,-0.001189242645097287,1.777766506883189e-05,0.9322373907488162,-0.23991902378636887,-1.0617450666929669,1.0757638785269212,-0.181982900810307,-0.001189242645097287,1.777766506883189e-05,0.9322373907488162,-0.5818430963925585,-2.574906430655701,6.327022194023146,-1.0703183805875585,-0.001189242645097287,1.777766506883189e-05
3.39,0.4831590578362978,0.48195668227201294,-0.0013656354805033656,-0.0011031117850327852,0.9322890733708278,-1.7734066088707392,-7.91045151578223,59.36816064834449,-9.463988076961002,-0.001119461851517497,1.635006648471166e-05,0.9322890733708278,-0.23859203106295535,-1.064262806022442,1.0746049011190353,-0.1713047509063767,-0.0011194618515174971,1.6350066484711878e-05,0.9322890733708278,-0.5786249207643981,-2.581012362666643,6.320205757880945,-1.0075156663657479,-0.0011194618515174976,1.6350066484712312e-05
3.4000000000000004,0.4831457293721833,0.48194598101154973,-0.0012991138740492793,-0.001036214103095975,0.9323398406227839,-1.7633459506748168,-7.928821002048896,59.30091234058214,-8.886614325239034,-0.0010511663418587582,1.4952238762783133e-05,0.9323398406227839,-0.23723848198921876,-1.0667342150134898,1.0733876600874084,-0.1608538853817899,-0.0010511663418587582,1.4952238762783133e-05,0.9323398406227839,-0.5753423416185133,-2.5870059359861313,6.313046648734126,-0.9460497076728827,-0.0010511663418587586,1.4952238762783567e-05
3.41,0.4831330590901703,0.48193594117750854,-0.00123396718372599,-0.0009707850278995632,0.9323897198619396,-1.753093868707772,-7.946856000518952,59.23048853690274,-8.321898612066843,-0.0009843681070440158,1.3583079144452556e-05,0.9323897198619396,-0.23585917898735462,-1.0691606224113555,1.072112940376323,-0.1506321391379017,-0.0009843681070440158,1.3583079144452556e-05,0.9323897198619396,-0.5719973049607167,-2.592890373039948,6.305549483171885,-0.8859312963396141,-0.0009843681070440156,1.358307914445234e-05
3.4200000000000004,0.48312103112991095,0.48192654387210615,-0.0011705414106058388,-0.0009076818021892807,0.9324387326591327,-1.7426552071977326,-7.964566304610301,59.156985727187816,-7.777262719306286,-0.0009199450435369028,1.2263241347622105e-05,0.9324387326591327,-0.23445477379409502,-1.0715433458109194,1.0707824885195856,-0.1407738515761132,-0.0009199450435369028,1.2263241347622105e-05,0.9324387326591327,-0.5685913913597862,-2.598668869212405,6.297724533297955,-0.8279505391832128,-0.0009199450435369032,1.226324134762243e-05
3.43,0.4831096317172661,0.48191777340990355,-0.001108465374777714,-0.0008455393640414209,0.9324868993228523,-1.732029076197941,-7.9819611948084805,59.08046975570615,-7.240906208169703,-0.0008565013189519042,1.0961954910483347e-05,0.9324868993228523,-0.23302514667705404,-1.0738836337977469,1.069397496344148,-0.1310654265664772,-0.0008565013189519047,1.096195491048378e-05,0.9324868993228523,-0.5651243104449915,-2.604344452528877,6.289578808750536,-0.7708511870567138,-0.0008565013189519042,1.0961954910483347e-05
3.44,0.48309884089978095,0.48190961154598727,-0.0010485940436283146,-0.0007857284632980373,0.9325342414667199,-1.7212249158803115,-7.999049711572778,59.001043051273626,-6.724689346460757,-0.0007954398426383357,9.71137934029846e-06,0.9325342414667199,-0.23157156770581375,-1.0761827026645552,1.0679598178826493,-0.12172154318564363,-0.0007954398426383358,9.711379340298569e-06,0.9325342414667199,-0.5615991423439799,-2.6099200726992664,6.281123213879451,-0.7158958583745023,-0.000795439842638336,9.711379340298677e-06
3.45,0.483088645618998,0.48190204313395096,-0.000989583768080765,-0.0007270291658083784,0.9325807801978285,-1.7102459857304302,-8.015840849730393,58.91877400933343,-6.218052225699065,-0.0007355115201760468,8.482354367668325e-06,0.9325807801978285,-0.23009447540771608,-1.0784417625647749,1.066470691140068,-0.11255105976298549,-0.0007355115201760471,8.48235436766865e-06,0.9325807801978285,-0.5580169505576877,-2.6153986645446987,6.272365029915396,-0.6619603681584424,-0.0007355115201760471,8.48235436766865e-06
3.46,0.4830790308864985,0.4818950509035104,-0.0009323161408301857,-0.0006702918319837613,0.9326265343200062,-1.699095520002767,-8.03234348474379,58.833750262326014,-5.728355782877193,-0.0006775870509031589,7.29521891939752e-06,0.9326265343200062,-0.22859430491553825,-1.0806620075926445,1.0649317023243816,-0.10368721436555164,-0.0006775870509031592,7.295218919397845e-06,0.9326265343200062,-0.554378790354674,-2.6207831239401163,6.263313586018121,-0.6098283458128433,-0.0006775870509031592,7.295218919397845e-06
3.47,0.48306998730237927,0.4818886262915632,-0.0008755807268092704,-0.00061382590691748,0.9326715263098393,-1.687773638177113,-8.04856602951946,58.74598426349628,-5.240981753540673,-0.0006199372917502712,6.111384832791118e-06,0.9326715263098393,-0.22707107230395024,-1.0828445696106703,1.0633430768479637,-0.09486540626363996,-0.0006199372917502711,6.11138483279101e-06,0.9326715263098393,-0.5506847007186572,-2.6260761958382735,6.253970207933098,-0.5579435625752442,-0.0006199372917502714,6.111384832791335e-06
3.48,0.4830614987137258,0.48188275140866094,-0.0008211970167823778,-0.0005600927122508601,0.9327157734236236,-1.6762853616709916,-8.064516718883457,58.65557621706384,-4.777219563567796,-0.0005650804939997866,4.987781748926577e-06,0.9327157734236236,-0.2255254531485363,-1.084990556522625,1.061706628476717,-0.08647098883759752,-0.0005650804939997866,4.987781748926577e-06,0.9327157734236236,-0.546936320031553,-2.6312805670880555,6.2443455631844484,-0.508572444599808,-0.0005650804939997866,4.987781748926577e-06
3.49,0.48305354852615934,0.48187741013560725,-0.0007681687515262648,-0.0005075050969586386,0.9327592954530741,-1.6646380671518581,-8.080203809008285,58.56261343144126,-4.323347774909216,-0.0005113935970223714,3.888500063732787e-06,0.9327592954530741,-0.2239584398974252,-1.0871010791042082,1.060023937553489,-0.07825559453792968,-0.0005113935970223713,3.8885000637326785e-06,0.9327592954530741,-0.5431360551433193,-2.6363989315032432,6.234448946436615,-0.4602542373201344,-0.0005113935970223715,3.888500063732895e-06
3.5,0.48304612133525654,0.4818725863338398,-0.000716445036995899,-0.00045656609308394733,0.9328021108195313,-1.6528356285552286,-8.09563546689057,58.467179883762455,-3.8837057377087323,-0.00045938988727896085,2.8237941950135154e-06,0.9328021108195313,-0.22237055374532677,-1.089177236133502,1.0582965241226725,-0.07029776861315476,-0.00045938988727896063,2.8237941950132986e-06,0.9328021108195313,-0.5392851700368574,-2.641433953801421,6.224289297713332,-0.41345089855106454,-0.0004593898872789606,2.8237941950132444e-06
3.5100000000000002,0.4830392061874788,0.4818682672257741,-0.000666095776969952,-0.00040677829740451535,0.9328442378928475,-1.6408791986854094,-8.110819425777835,58.36933084676246,-3.454010147087656,-0.0004085627077058397,1.7844103013243376e-06,0.9328442378928475,-0.22076194978917116,-1.0912200680324964,1.0565253886591233,-0.06251998027294073,-0.00040856270770583947,1.7844103013241208e-06,0.9328442378928475,-0.5353840408477344,-2.6463881571770522,6.213872501230221,-0.3677064369352554,-0.0004085627077058393,1.7844103013239581e-06
3.52,0.4830327885346519,0.481864439855861,-0.0006169985364739599,-0.00035828849905458944,0.9328856953176006,-1.6287738715724298,-8.125763114610207,58.2691299623844,-3.035521103635645,-0.0003590611111682192,7.726121136297608e-07,0.9328856953176006,-0.21913331337374334,-1.093230574282024,1.0547116831261705,-0.054945038212297875,-0.00035906111116821914,7.726121136297066e-07,0.9328856953176006,-0.5314343296497847,-2.651263965535556,6.203205332170661,-0.3231550000513972,-0.0003590611111682191,7.726121136296523e-07
3.5300000000000002,0.48302685332101286,0.4818610882913017,-0.0005693379951348583,-0.00031131615790287633,0.9329265009471022,-1.6165295098444183,-8.140473855914122,58.16667250392882,-2.6301465720080763,-0.0003111107840921989,2.053738106774284e-07,0.9329265009471022,-0.2174859714053856,-1.0952097400461451,1.052857132036661,-0.04760747791535502,-0.000311110784092199,2.0537381067732e-07,0.9329265009471022,-0.5274392544091477,-2.6560637680618275,6.192297933123815,-0.2799997056829795,-0.00031111078409219945,2.053738106768863e-07
3.54,0.48302139168982083,0.48185820330274576,-0.0005224625590405609,-0.0002651578912771834,0.9329666723276772,-1.604147549755651,-8.154958779871922,58.06198781973366,-2.2317948049169445,-0.00026399115512429117,1.166736152892207e-06,0.9329666723276772,-0.21582011711605223,-1.097158524611172,1.050962266615875,-0.04039703452935978,-0.0002639911551242912,1.1667361528921527e-06,0.9329666723276772,-0.5233992837450973,-2.6607898911829637,6.181153428450152,-0.23759203961186226,-0.0002639911551242914,1.1667361528919901e-06
3.5500000000000003,0.48301639233500926,0.4818557732196722,-0.00047667582409364144,-0.00022012766469607574,0.9330062249522678,-1.5916298646696871,-8.169224615054631,57.9551300343091,-1.8431850547127873,-0.00021802387505762052,2.103789638455226e-06,0.9330062249522678,-0.2141360025458644,-1.099077833231105,1.0490280665550018,-0.03336292840864613,-0.00021802387505762065,2.1037896384550905e-06,0.9330062249522678,-0.5193150288963846,-2.66544453028882,6.169777580127764,-0.19622148755185842,-0.00021802387505762046,2.10378963845528e-06
3.56,0.48301184379799467,0.4818537862953542,-0.0004322133340485063,-0.00017645158587852944,0.9330451739734846,-1.5789777721801888,-8.183278029081054,57.8461537996048,-1.4662714476210894,-0.00017344009060799975,3.0114952705296953e-06,0.9330451739734846,-0.21243380496231756,-1.100968562959505,1.0470555210922512,-0.02654053059379169,-0.00017344009060799988,3.01149527052956e-06,0.9330451739734846,-0.5151869197658443,-2.670029860881834,6.158176206284805,-0.15609608154720012,-0.00017344009060800013,3.011495270529316e-06
3.5700000000000003,0.4830077377782804,0.4818522339482103,-0.00038830044772792814,-0.00013334017280449033,0.9330835367288566,-1.5661931772005397,-8.197125693974435,57.73508699266866,-1.0942266582676936,-0.00012943222147818894,3.907951326301387e-06,0.9330835367288566,-0.210713780650209,-1.1028316114425005,1.0450451348215333,-0.01980626175829414,-0.00012943222147818908,3.907951326301252e-06,0.9330835367288566,-0.5110155778862655,-2.6745480599015194,6.146352274651397,-0.11648899933036994,-0.0001294322214781888,3.907951326301523e-06
3.58,0.4830040626655053,0.48185110414457516,-0.0003462436394840158,-9.216361194028573e-05,0.9331213286854259,-1.5532809551982414,-8.210773951823107,57.62199299342989,-0.7389134346694277,-8.74034703931928e-05,4.760141547092937e-06,0.9331213286854259,-0.20897658554917917,-1.1046678319371672,1.0429980549635434,-0.013374845872382801,-8.740347039319304e-05,4.760141547092693e-06,0.9331213286854259,-0.5068025940191704,-2.679001196636636,6.1343125325174865,-0.07866312335387371,-8.740347039319301e-05,4.76014154709272e-06
3.5900000000000003,0.48300080213240726,0.4818503799377516,-0.00030526379251711276,-5.2094873095319166e-05,0.933158562630176,-1.5402497830645367,-8.22422880622228,57.50698402813686,-0.3931716029879446,-4.65068855820369e-05,5.5879875132822666e-06,0.933158562630176,-0.20722338703793,-1.1064780321601149,1.0409163128912466,-0.007116678821402128,-4.650688558203686e-05,5.587987513282307e-06,0.933158562630176,-0.5025507992499305,-2.683391229932821,6.12206892724633,-0.04185619702383314,-4.6506885582036825e-05,5.587987513282341e-06
3.6,0.48299794469783486,0.48185004957019445,-0.00026573125909905277,-1.3502837989739937e-05,0.9331952518585537,-1.5271026369379677,-8.237496034474344,57.390123159182174,-0.060191604055367165,-7.119853065502448e-06,6.382984924237489e-06,0.9331952518585537,-0.20545458552262663,-1.1082629893827856,1.0388010500777063,-0.00108950979814329,-7.119853065502697e-06,6.38298492423724e-06,0.9331952518585537,-0.498261164629358,-2.687720044801173,6.109628172323615,-0.006407867758952301,-7.119853065502557e-06,6.38298492423738e-06
3.6100000000000003,0.4829954794761009,0.4818501017969401,-0.00022651174150129717,2.474333092439852e-05,0.9332314100551817,-1.5138442070146756,-8.25058112585908,57.27147292429446,0.2698014735173313,3.1913867032559366e-05,7.170536108160846e-06,0.9332314100551817,-0.20367081201671955,-1.110023442126399,1.0366533984992028,0.004883593875986886,3.191386703255925e-05,7.170536108160731e-06,0.9332314100551817,-0.4939352204688643,-2.6919894322771283,6.0969969253804415,0.028722480329303357,3.1913867032559285e-05,7.170536108160765e-06
3.62,0.4829934045187522,0.48185053469126043,-0.00018814412791272396,6.214207421395582e-05,0.9332670537794215,-1.5004728120449167,-8.26348958121972,57.15100879426817,0.592478350601624,7.008217951617563e-05,7.940105302219806e-06,0.9332670537794215,-0.20187184032685354,-1.111760130467908,1.0344729141600961,0.010724269244834356,7.00821795161755e-05,7.94010530221967e-06,0.9332670537794215,-0.48957241821235703,-2.696201187169029,6.084172575090729,0.06307396156455791,7.008217951617545e-05,7.94010530221963e-06
3.6300000000000003,0.48299171015520226,0.48185133664999924,-0.000150315043770666,9.878970528687246e-05,0.9333021938111433,-1.4869895846480936,-8.276226734621735,57.02879403229763,0.9086695899417325,0.00010748332873010744,8.693623443234978e-06,0.9333021938111433,-0.20005782283430557,-1.1134737720461823,1.0322607421680994,0.01644755007036655,0.00010748332873010758,8.693623443235113e-06,0.9333021938111433,-0.48517312740949764,-2.700357049869179,6.071161856317084,0.09673499585709688,0.00010748332873010764,8.693623443235181e-06
3.64,0.4829903831688137,0.4818524932138637,-0.00011467616927307541,0.0001331130550274086,0.9333368406456041,-1.4733999979834076,-8.288797864661047,56.904921143787405,1.2047605664931886,0.0001425068885795566,9.393833552147996e-06,0.9333368406456041,-0.1982294958914517,-1.115165077037284,1.030018556935221,0.021807002192590713,0.0001425068885795566,9.393833552147996e-06,0.9333368406456041,-0.48073913383591893,-2.7044587426713433,6.057974616984454,0.12825619972160096,0.00014250688857955662,9.393833552148024e-06
3.6500000000000004,0.48298941184207334,0.48185399478959146,-7.890060728615902e-05,0.00016787994517802245,0.9333710072374787,-1.4597086008390394,-8.301207849152929,56.77944268265132,1.5046956868134274,0.0001779851586701753,1.0105213492152856e-05,0.9333710072374787,-0.19638747148688243,-1.1168347016967202,1.027747309723767,0.02723603598433985,0.00017798515867017503,1.0105213492152585e-05,0.9333710072374787,-0.4762719216646174,-2.7085078571030725,6.044616451868648,0.16018664280315753,0.00017798515867017503,1.0105213492152585e-05
3.66,0.4829887991334929,0.4818558449160408,-4.314807713881377e-05,0.0002026304288328761,0.9334047111869443,-1.4459123957803792,-8.313461603459778,56.65229022013507,1.8044952716541243,0.0002134473967457872,1.0816967912911089e-05,0.9334047111869443,-0.1945313463492848,-1.1184833073315437,1.025445761925804,0.032662616489866264,0.00021344739674578712,1.0816967912911007e-05,0.9334047111869443,-0.471770512896326,-2.7125059969427463,6.031080076192735,0.19210265707120855,0.00021344739674578728,1.081696791291117e-05
3.6700000000000004,0.4829885382188605,0.48185803664661314,-8.470143109234825e-06,0.00023626460778277287,0.9334379649579689,-1.4320142932094344,-8.325563881256734,56.52349280863092,2.0946391666226045,0.0002477674972390046,1.1502889456231743e-05,0.9334379649579689,-0.1926615120407082,-1.1201115334955944,1.0231144394097902,0.03791442230897729,0.00024776749723900434,1.1502889456231472e-05,0.9334379649579689,-0.46723585713342164,-2.7164547132136256,6.017368582811453,0.22299074751510406,0.0002477674972390045,1.1502889456231635e-05
3.68,0.4829886179181375,0.4818605584348323,2.4728412934953515e-05,0.0002683961488741161,0.9334707787478759,-1.4180216342178371,-8.337519053422104,56.39312616902488,2.3717905942244126,0.0002805507644801301,1.2154615606013979e-05,0.9334707787478759,-0.19077895622295218,-1.1217199682416787,1.0207547127763024,0.04293105545375617,0.00028055076448013,1.215461560601387e-05,0.9334707787478759,-0.4626703496182264,-2.7203554320404923,6.003490032806271,0.25249568803211697,0.00028055076448013,1.215461560601387e-05
3.6900000000000004,0.48298902451344333,0.48186339648295345,5.7196389144095954e-05,0.0002998048178189833,0.9335031600420927,-1.4039370505843909,-8.349331461246178,56.26128116813041,2.642697232849631,0.0003125953576048873,1.2790539785904008e-05,0.9335031600420927,-0.18888403297242937,-1.1233091956418655,1.0183682267777139,0.04783465358502928,0.00031259535760488726,1.2790539785903954e-05,0.9335031600420927,-0.4580748490442819,-2.7242095698941875,5.989454099661284,0.2813358218443984,0.00031259535760488715,1.2790539785903846e-05
3.7,0.4829897540024232,0.481866546847118,8.858375781333291e-05,0.000330113587625823,0.9335351225263807,-1.3897610509447282,-8.361005656457337,56.12795987217047,2.904093698685875,0.0003435150258510392,1.3401438225216222e-05,0.9335351225263807,-0.1869768107203771,-1.1248798280803165,1.0159550188140931,0.05256611099006267,0.00034351502585103916,1.3401438225216168e-05,0.9335351225263807,-0.453449521368595,-2.7280186119070318,5.975261003342109,0.3091635232659353,0.00034351502585103927,1.3401438225216277e-05
3.71,0.4829907962088959,0.4818699993073681,0.00012000048095356973,0.0003604952068796494,0.9335666757372905,-1.3754961931096807,-8.372545893110068,55.99322271289157,3.166129590405946,0.00037451032953523237,1.401512265558299e-05,0.9335666757372905,-0.18505763359164432,-1.126432437892499,1.0135161827419839,0.05730914244726748,0.0003745103295352324,1.4015122655583045e-05,0.9335666757372905,-0.44879520115052857,-2.731783946086676,5.960917177281553,0.33705929658170897,0.0003745103295352322,1.4015122655582828e-05
3.72,0.4829921419605555,0.48187374452989945,0.00014977104879975977,0.0003891651688832304,0.9335978294762179,-1.3611472176901163,-8.38395609464648,55.85712683147928,3.4133561132773043,0.00040375388508361113,1.4588716200380743e-05,0.9335978294762179,-0.1831271393824193,-1.1279675529336817,1.0110527528564928,0.06178411405263401,0.00040375388508361135,1.458871620038096e-05,0.9335978294762179,-0.4441134351507488,-2.7355068525689727,5.946428704606429,0.36337849657525,0.00040375388508361113,1.4588716200380743e-05
3.73,0.4829937874262156,0.48187777658879477,0.00017957778900065284,0.0004175887751626844,0.933628593424579,-1.346714160454742,-8.395240104176251,55.71969642186416,3.658460927090996,0.000432746471132582,1.5157695969897616e-05,0.933628593424579,-0.1811853329049817,-1.1294856902513026,1.0085651670845506,0.0662206812518808,0.00043274647113258197,1.5157695969897562e-05,0.933628593424579,-0.4394042350398253,-2.7391885852790065,5.931798160950171,0.3894718240193238,0.00043274647113258197,1.5157695969897562e-05
3.74,0.4829957276614813,0.4818820911854205,0.00020857466460774603,0.00044487898639838176,0.9336589801247714,-1.3322002625743792,-8.406401790434561,55.580944037944555,3.8937679344949316,0.0004605801091339559,1.5701122735574163e-05,0.9336589801247714,-0.17923265022262655,-1.130987370340424,1.0060536526604278,0.0704799013567734,0.00046058010913395587,1.570112273557411e-05,0.9336589801247714,-0.43466865834297563,-2.7428304065029185,5.917026882773594,0.4145220982205604,0.00046058010913395603,1.5701122735574272e-05
3.75,0.48299794739426083,0.48188666836772454,0.00023604674803331678,0.00047123403595788647,0.9336889922780355,-1.3176114927102285,-8.417444829027275,55.44102104298069,4.120978888874893,0.0004874560935082859,1.622205755039943e-05,0.9336889922780355,-0.1772698943519838,-1.1324730877127192,1.00352094936416,0.07459257728437857,0.0004874560935082862,1.6222057550399703e-05,0.9336889922780355,-0.4299086525076137,-2.7464335155128574,5.902130983881445,0.4387104841574574,0.000487456093508286,1.622205755039954e-05
3.7600000000000002,0.483000441902114,0.4818915093242576,0.0002631834266300421,0.0004972736603134819,0.9337186461070295,-1.3029521257386716,-8.42837265938142,55.29989637703811,4.345466257350294,0.0005140099144886331,1.6736254175151247e-05,0.9337186461070295,-0.17529764042987386,-1.1339433051046388,1.000966494989382,0.07865595441731499,0.0005140099144886332,1.6736254175151355e-05,0.9337186461070295,-0.42512561233513196,-2.749999034520831,5.887107157700397,0.46260892303976964,0.0005140099144886329,1.673625417515103e-05
3.77,0.4830032083023031,0.48189661146091195,0.00029032977220757266,0.000523358809519047,0.9337479510595899,-1.28821950188365,-8.439188743539436,55.1575659019994,4.570352169136282,0.0005406108777549544,1.725206823590742e-05,0.9337479510595899,-0.17331553061316665,-1.1353984882952846,0.9983902146332975,0.08272654546070757,0.0005406108777549542,1.7252068235907203e-05,0.9337479510595899,-0.42031866999707906,-2.753528093117775,5.8719549636954325,0.4865497899794591,0.0005406108777549545,1.725206823590753e-05
3.7800000000000002,0.48300623759697997,0.4819019655870429,0.00031595559325984845,0.000547881565429317,0.9337769159701683,-1.2734199235647137,-8.449896368594496,55.01409081381288,4.781723322043135,0.0005656132277438057,1.7731662314488623e-05,0.9337769159701683,-0.1713244128219463,-1.1368390795262906,0.9957932159850327,0.08655250999099359,0.0005656132277438058,1.773166231448873e-05,0.9337769159701683,-0.41548988183913144,-2.757021763812396,5.856680916654627,0.5090519049694251,0.0005656132277438057,1.7731662314488623e-05
3.79,0.4830095237973816,0.4819075652792623,0.00034167725760817603,0.0005723317412470801,0.9338055484845589,-1.2585546990215544,-8.460498704768995,54.86950527841555,4.992472648293415,0.0005905420240452864,1.8210282798206243e-05,0.9338055484845589,-0.1693244630652361,-1.1382655053156343,0.9931761174717537,0.09036721902733286,0.000590542024045286,1.8210282798205918e-05,0.9338055484845589,-0.410639674712122,-2.760481080980946,5.8412886538096105,0.5314878216407575,0.000590542024045286,1.8210282798205918e-05
3.8000000000000003,0.48301306250522463,0.4819134052530918,0.00036654660844855644,0.000596141274605884,0.9338338555760646,-1.2436228433674525,-8.470998773622345,54.72383308596439,5.1976816550225,0.0006148154754436714,1.8674200837787364e-05,0.9338338555760646,-0.16731554883753985,-1.139678172180351,0.9905393497118089,0.09408164443611461,0.0006148154754436714,1.8674200837787364e-05,0.9338338555760646,-0.40576772726842675,-2.763907030494103,5.825780707808951,0.5533339278993044,0.0006148154754436715,1.8674200837787472e-05
3.81,0.4830168479426721,0.4819194813538034,0.0003907772318432164,0.0006192970557505958,0.9338618473897755,-1.2286273059987223,-8.481399627969797,54.577090878112735,5.397234985651172,0.0006384199368150757,1.9122881064479944e-05,0.9338618473897755,-0.16529806694715482,-1.1410774908426,0.9878832139306709,0.0976936981832131,0.0006384199368150757,1.9122881064479944e-05,0.9338618473897755,-0.4008750018334368,-2.7673006084206615,5.810158850287009,0.574577943133568,0.0006384199368150756,1.9122881064479835e-05
3.8200000000000003,0.48302087071501026,0.4819257840362926,0.00041404429891877387,0.0006414819446214757,0.933889530908622,-1.213573947093241,-8.491704107927543,54.42934543151697,5.5883921308905276,0.0006610312429579258,1.9549298336450052e-05,0.933889530908622,-0.16327280581549283,-1.14246384340826,0.9852089188321541,0.10115377514896065,0.000661031242957926,1.954929833645027e-05,0.933889530908622,-0.3959634104587612,-2.7706627414302285,5.794430190141948,0.5949281186621329,0.0006610312429579254,1.9549298336449727e-05
3.83,0.483025124928733,0.4819323074788676,0.0004375730403261287,0.000663975547485269,0.9339169131084059,-1.1984643642286505,-8.501914845462403,54.28062978088572,5.782222360440274,0.0006839587388388691,1.9983191353600176e-05,0.9339169131084059,-0.16123998037876333,-1.143837583979039,0.9825170623674061,0.10466223679548117,0.0006839587388388693,1.9983191353600393e-05,0.9339169131084059,-0.39103347440006236,-2.7739942882776925,5.7785982441772745,0.6155628649549822,0.0006839587388388691,1.9983191353600176e-05
3.8400000000000003,0.48302961748121276,0.48193905895372446,0.0004612421893298028,0.0006866177538247326,0.9339440060550349,-1.1832945224638955,-8.512034382650421,54.13086071001813,5.977335089357064,0.0007070379370575929,2.042018323286025e-05,0.9339440060550349,-0.1591990477807613,-1.1451990545628459,0.9798061382654507,0.10819391257042427,0.0007070379370575926,2.0420183232860035e-05,0.9339440060550349,-0.3860838771417499,-2.7772960783884884,5.762654153376539,0.6363341433518336,0.0007070379370575929,2.042018323286025e-05
3.85,0.4830343411473845,0.481946031205689,0.0004835504763492772,0.0007078806589223693,0.9339708154563956,-1.168068195054336,-8.522065139931946,53.98008682328221,6.160518659495459,0.0007287060770559858,2.082541813361652e-05,0.9339708154563956,-0.15715051567080726,-1.1465485808028673,0.9770770262990737,0.11150966229427386,0.0007287060770559862,2.0825418133616955e-05,0.9339708154563956,-0.38111584981692814,-2.7805689015009074,5.746603092055456,0.6558354693503874,0.000728706077055986,2.082541813361674e-05
3.8600000000000003,0.4830392844953974,0.4819532126862521,0.000505253753213345,0.0007285373316271102,0.9339973450241024,-1.152790653326507,-8.532009315736596,53.8283963346614,6.338458666103735,0.0007497539743733608,2.1216642746250546e-05,0.9339973450241024,-0.15509509324694878,-1.1478864584732282,0.9743313232025838,0.11473049987991224,0.000749753974373361,2.1216642746250763e-05,0.9339973450241024,-0.3761311123475168,-2.7838134749158545,5.730454451283583,0.6747785769360246,0.0007497539743733607,2.1216642746250437e-05
3.87,0.4830444394834266,0.4819605953391033,0.0005259919724718412,0.0007482275192118506,0.9340236005444349,-1.137465400581547,-8.541869273327046,53.67584455028164,6.508041836144004,0.0007698133708958095,2.158585168395889e-05,0.9340236005444349,-0.15303325183918415,-1.1492130055244982,0.9715700300552356,0.11780007292516806,0.0007698133708958095,2.158585168395889e-05,0.9340236005444349,-0.37113080778628954,-2.787030569715759,5.714214118831261,0.6928320338062287,0.0007698133708958097,2.1585851683959107e-05
3.8800000000000003,0.48304980154578475,0.4819681747202323,0.000546924597687455,0.0007681416936537918,0.9340495886854588,-1.1220934544303558,-8.551647331956863,53.52245420687983,6.679562102781318,0.0007901018997592396,2.1960206105447826e-05,0.9340495886854588,-0.15096512835568224,-1.1505285339863132,0.968793558407743,0.12090470876291048,0.0007901018997592395,2.1960206105447718e-05,0.9340495886854588,-0.36611526815807566,-2.790220942623814,5.697884515202241,0.7110917097833155,0.0007901018997592394,2.196020610544761e-05
3.89,0.48305537367407875,0.48197595327952186,0.0005678641139714184,0.0007877955917835012,0.9340753186852788,-1.1066741595793423,-8.561345607733237,53.36818906083999,6.8488315134821125,0.0008101241827933529,2.2328591009851688e-05,0.9340753186852788,-0.14889063463401708,-1.1518333285572364,0.9660012522255086,0.12396860254641573,0.0008101241827933527,2.232859100985147e-05,0.9340753186852788,-0.3610842796544906,-2.793385284080864,5.6814617819796895,0.7291117645140174,0.0008101241827933527,2.232859100985147e-05
3.9000000000000004,0.4830611521329529,0.4819839261315463,0.0005880614628947291,0.0008069924285263554,0.9341007945149076,-1.0912068394717809,-8.57096611270985,53.213077118045824,7.014146416926497,0.0008296787010776482,2.2686272551292793e-05,0.9341007945149076,-0.14680967965104566,-1.153127659936594,0.9631936184344598,0.12696091700469284,0.0008296787010776484,2.268627255129301e-05,0.9341007945149076,-0.35603762152944035,-2.796524250577302,5.66494890060931,0.7467108309698832,0.000829678701077648,2.2686272551292576e-05
3.91,0.4830671335282132,0.4819920920241276,0.0006086395675415161,0.0008266018389665146,0.9341260244119883,-1.0756944065525373,-8.580510792516353,53.05711756762713,7.183027629634228,0.0008496550655369983,2.3053226570483713e-05,0.9341260244119883,-0.1447226552436612,-1.1544117898871016,0.9603706423572833,0.13001778413516726,0.000849655065536998,2.3053226570483388e-05,0.9341260244119883,-0.3509762440518432,-2.7996384769307694,5.648345784767615,0.7646895589832982,0.000849655065536998,2.3053226570483388e-05
3.9200000000000004,0.4830733202999789,0.48200045363335514,0.0006284605035170241,0.0008454387048818165,0.9341510167280241,-1.0601358127142106,-8.589981595274564,52.9002733158027,7.345225813790568,0.0008688409180625795,2.3402213180762923e-05,0.9341510167280241,-0.14262942040073154,-1.1556859805067685,0.9575316525708011,0.13295368381175385,0.0008688409180625796,2.340221318076303e-05,0.9341510167280241,-0.34589980524650915,-2.802728598772051,5.631648485531026,0.7819568262563216,0.0008688409180625795,2.3402213180762923e-05
3.93,0.48307969425085423,0.48200899236933725,0.0006468243081828806,0.0008628118527179516,0.9341757715886574,-1.04454174657062,-8.5993802049246,52.74269937284522,7.4947681466977745,0.0008865297544722618,2.371790175431025e-05,0.9341757715886574,-0.1405314131557385,-1.1569504583509091,0.9546794548685049,0.13566050379930114,0.0008865297544722618,2.371790175431025e-05,0.9341757715886574,-0.3408117925811703,-2.8057951655350513,5.614873504957333,0.7978767790250356,0.0008865297544722618,2.371790175431025e-05
3.9400000000000004,0.4830862527540792,0.48201770590458753,0.0006655732050911748,0.0008805945664480617,0.9342002928576957,-1.0289098502122935,-8.60870828200358,52.58440310916994,7.647849923141928,0.0009046372592047475,2.4042692756685836e-05,0.9342002928576957,-0.138428316278326,-1.158205446826227,0.9518141826600248,0.13843139017075692,0.0009046372592047475,2.4042692756685836e-05,0.9342002928576957,-0.33571143672003273,-2.8088387190177717,5.598021627684975,0.8141735332842726,0.0009046372592047473,2.404269275668562e-05
3.95,0.48309300148507633,0.48202660021302185,0.0006841780918120442,0.0008982490015273855,0.9342245895411507,-1.0132377380634876,-8.617967506564607,52.425320144102066,7.799820607585071,0.000922613336773701,2.4364335246315543e-05,0.9342245895411507,-0.1363198088159505,-1.159451171965083,0.9489346706104754,0.14118216500604852,0.0009226133367737009,2.4364335246315435e-05,0.9342245895411507,-0.33059795930038555,-2.8118598073858685,5.581085999886798,0.8303520030963308,0.0009226133367737009,2.4364335246315435e-05
3.9600000000000004,0.48309993510653376,0.48203567000425723,0.0007029104909608268,0.0009160672103932891,0.9342486651755776,-0.9975277248247011,-8.627159294431129,52.2654879484666,7.953206280860355,0.0009407567883931102,2.468957799982112e-05,0.9342486651755776,-0.13420620218568377,-1.1606878242506917,0.9460415969677892,0.1439585521210106,0.0009407567883931101,2.4689577999821013e-05,0.9342486651755776,-0.3254721155598522,-2.8148588925924676,5.564070610625649,0.846681109553799,0.0009407567883931101,2.4689577999821013e-05
3.97,0.4831070510810464,0.4820449100656107,0.0007202619858183514,0.000932056219471171,0.9342725216601737,-0.9817787633165994,-8.636285218231437,52.10494036479717,8.090776952863784,0.0009570295391555898,2.4973319684418877e-05,0.9342725216601737,-0.13208735550125475,-1.1619156152626062,0.9431355743053068,0.14644867673950424,0.00095702953915559,2.4973319684419093e-05,0.9342725216601737,-0.32033356382605127,-2.8178364877527886,5.546979062704335,0.8613265852400311,0.0009570295391555902,2.4973319684419202e-05
3.98,0.48311434025619715,0.48205431255535314,0.0007381909923583408,0.0009490581673915414,0.9342961646152199,-0.9659987905585493,-8.645346838460812,51.94373812551535,8.23709983156252,0.0009743375576542836,2.5279390262742166e-05,0.9342961646152199,-0.12996433659987672,-1.163134754948019,0.9402177019219987,0.1490972223720173,0.0009743375576542836,2.5279390262742166e-05,0.9342961646152199,-0.31518489377987086,-2.8207931020233072,5.529817821564879,0.8769038018888553,0.0009743375576542837,2.5279390262742275e-05
3.99,0.48312180945077804,0.48206388592644034,0.0007559629256114407,0.0009659254114009937,0.9343196045940194,-0.9501860155987453,-8.654345554290417,51.78179777766364,8.382256683493523,0.000991507650949172,2.5582239548178182e-05,0.9343196045940194,-0.12783690452900862,-1.1643454315497663,0.937286469261429,0.15172466211097127,0.0009915076509491717,2.5582239548177965e-05,0.9343196045940194,-0.31002552107176523,-2.823729191923864,5.512578002986229,0.8923568858542547,0.000991507650949172,2.5582239548178182e-05
4.0,0.48312945140178765,0.48207362297323414,0.0007722958614922996,0.0009813269927443126,0.9343428442973669,-0.9343428442973669,-8.663282792536156,51.619172798405735,8.514740898956966,0.0010071787426637307,2.5851749919418143e-05,0.9343428442973669,-0.12570538297023803,-1.165547837029975,0.9343428442973668,0.15412271833678598,0.0010071787426637311,2.5851749919418576e-05,0.9343428442973669,-0.30485623068282597,-2.826645222994193,5.49526530003137,0.906460868397358,0.0010071787426637311,2.5851749919418576e-05
4.01,0.4831372559919999,0.4820835134433998,0.0007891531158268002,0.000997295959493817,0.934365886208238,-0.9184751194760195,-8.672159912354008,51.455944748493835,8.652129602794307,0.001023429969052081,2.6134009558264042e-05,0.934365886208238,-0.1235705580098844,-1.1667421542478855,0.9313883033360186,0.15660954920521228,0.0010234299690520807,2.6134009558263826e-05,0.934365886208238,-0.29967892900167914,-2.82954163869803,5.477888395481277,0.9210869721468727,0.0010234299690520807,2.6134009558263826e-05
4.0200000000000005,0.48314523414056515,0.48209356884963694,0.0008061270779075798,0.001013406989623868,0.9343887393211489,-0.9025749309642703,-8.68097832669104,51.292001065985026,8.79074456450554,0.0010398262451698664,2.641925554599839e-05,0.9343887393211489,-0.12143136542295827,-1.1679285732997278,0.9284208089281153,0.1591185761920113,0.0010398262451698662,2.6419255545998173e-05,0.9343887393211489,-0.29449103510767344,-2.83241890005,5.460435306235379,0.9358436206528796,0.0010398262451698662,2.6419255545998173e-05
4.03,0.48315337478750153,0.482103778042326,0.0008218933541362607,0.0010283002907758721,0.9344114046913077,-0.8866475297211842,-8.68973941542278,51.12743059234432,8.918832134060633,0.0010549772731090908,2.6676982333218675e-05,0.9344114046913077,-0.11928851166729171,-1.1691072798323257,0.9254419691658173,0.1614370500762139,0.0010549772731090906,2.6676982333218458e-05,0.9344114046913077,-0.2892942622772553,-2.8352774572741892,5.442915490163561,0.9494795457981815,0.0010549772731090906,2.6676982333218458e-05
4.04,0.4831616660908985,0.48211412889714816,0.0008371250740195902,0.001042648043222708,0.9344338851116054,-0.870701576274187,-8.69844462159307,50.96233093962674,9.042202444302657,0.0010695703130413823,2.6922269818674318e-05,0.9344338851116054,-0.11714316192001797,-1.1702784679910945,0.92245355089505,0.1636701382937171,0.0010695703130413825,2.6922269818674535e-05,0.9344338851116054,-0.28409143625662997,-2.8381177812051632,5.425339338833716,0.9626132817372439,0.001069570313041382,2.69222698186741e-05
4.05,0.4831701150053345,0.4821246288145774,0.0008527681709300274,0.0010574429108732232,0.9344561884051337,-0.8547318661511192,-8.707095366289048,50.7966260060884,9.169436874079242,0.0010846204260778949,2.717751520467165e-05,0.9344561884051337,-0.11499461597759834,-1.1714423289674187,0.9194541766214448,0.16597316975596638,0.001084620426077895,2.7177515204671867e-05,0.9344561884051337,-0.2788808589370413,-2.8409403355134786,5.407698750619072,0.9761583834701054,0.0010846204260778949,2.717751520467165e-05
4.0600000000000005,0.48317871611483704,0.48213527253668814,0.000867421774180598,0.00107125429875784,0.9344783167782403,-0.8387388090830689,-8.7156929235258,50.63035236467128,9.288169804583205,0.0010986649266771333,2.7410627919293232e-05,0.9344783167782403,-0.11284292896476958,-1.1725990341657844,0.9164445083406282,0.1681223181825033,0.0010986649266771333,2.7410627919293232e-05,0.9344783167782403,-0.2736626640050433,-2.843745535883207,5.389997618995793,0.9887984340094197,0.001098664926677133,2.7410627919293015e-05
4.07,0.48318746546445984,0.482146056103317,0.0008827507165326432,0.0010857667043377536,0.9345002752071443,-0.8227257038614308,-8.72423855756018,50.463536297812766,9.412960438176636,0.0011134259716613956,2.765926732364193e-05,0.9345002752071443,-0.11068854469703061,-1.1737487536778155,0.9134250217829534,0.17038111523817714,0.0011134259716613958,2.7659267323642146e-05,0.9345002752071443,-0.26843792778622294,-2.846533794814515,5.372238741935221,1.0020833744952562,0.0011134259716613958,2.7659267323642146e-05
4.08,0.4831963598714851,0.4821569764326409,0.000896532728837706,0.0010987059195971872,0.9345220678510546,-0.8066938517523379,-8.732733491154914,50.29619604753402,9.524152494943092,0.001126578488838043,2.7872569240855807e-05,0.9345220678510546,-0.10853163824519037,-1.174891652012565,0.9103960471416606,0.17239376861773018,0.0011265784888380428,2.787256924085559e-05,0.9345220678510546,-0.26320707485608896,-2.8493055112689163,5.354424061443407,1.0139206399542384,0.0011265784888380428,2.787256924085559e-05
4.09,0.4832053909371342,0.48216802503898987,0.000910385891927638,0.0011117355448712523,0.934543698241536,-0.7906481676671561,-8.741179079851486,50.128396368354096,9.636126510801581,0.0011398235012044413,2.8087956333189062e-05,0.934543698241536,-0.10637287085562037,-1.1760279115429841,0.9073587565184758,0.17442057599942173,0.0011398235012044413,2.8087956333189062e-05,0.934543698241536,-0.2579717088458591,-2.852061127530815,5.336560471146154,1.025841151083997,0.0011398235012044411,2.8087956333188845e-05
4.1000000000000005,0.4832145673069658,0.4821792110507157,0.000924740794848879,0.001125305381235881,0.9345651756413418,-0.7745829291987857,-8.74957693599552,49.96004474484669,9.752769556069687,0.0011536207966321846,2.831541539630362e-05,0.9345651756413418,-0.10421147264242663,-1.1771577491921488,0.9043114753199897,0.1765318960530952,0.0011536207966321849,2.8315415396303837e-05,0.9345651756413418,-0.2527299626556037,-2.854801169674352,5.318638122051619,1.0382587169689663,0.0011536207966321849,2.8315415396303837e-05
4.11,0.4832238774239373,0.48219052280665914,0.0009375112089479204,0.0011372713153431143,0.9345865010811193,-0.7585035060049418,-8.757928334625285,49.79123399878088,9.855550327997339,0.0011657783725195238,2.850705717640954e-05,0.9345865010811193,-0.10204816603301742,-1.1782813365022022,0.9012558836846282,0.17839229934078457,0.001165778372519524,2.8507057176409755e-05,0.9345865010811193,-0.24748358829061826,-2.8575260537174407,5.300666895764231,1.0492005352675715,0.0011657783725195238,2.850705717640954e-05
4.12,0.48323331895383026,0.48220195808296157,0.0009510635626554614,0.0011500481324402227,0.9346076796976641,-0.7424110471869108,-8.766234561342461,49.6219740437578,9.965339120683787,0.001178764902525393,2.8716770085170356e-05,0.9346076796976641,-0.09988310562612297,-1.1793988464364762,0.8981921610554504,0.18037955266681616,0.0011787649025253933,2.8716770085170573e-05,0.9346076796976641,-0.24223296067825312,-2.860236199124611,5.282647847664492,1.0608884122728541,0.0011787649025253935,2.871677008517079e-05
4.13,0.48324289282687494,0.4822135179435389,0.0009640146388999843,0.0011622328914246093,0.9346287182068977,-0.7263061970529057,-8.7744969056226,49.45224617397695,10.0700108387875,0.0011911461517827913,2.8913260358182048e-05,0.9346287182068977,-0.09771637810620944,-1.1805104524794892,0.8951199688444883,0.1822741833923503,0.0011911461517827915,2.8913260358182265e-05,0.9346287182068977,-0.23697829004259724,-2.8629320266243563,5.264578986373407,1.0720315366045123,0.0011911461517827915,2.8913260358182265e-05
4.140000000000001,0.4832525944554102,0.48222519790011276,0.0009764885405508932,0.0011739265450705172,0.9346496194511994,-0.7101902413160538,-8.782716485556575,49.28208111103721,10.170437791575514,0.0012030253026857828,2.9098757615265633e-05,0.9346496194511994,-0.09554815645160274,-1.1816163050578667,0.8920398631339979,0.18409198092038365,0.0012030253026857826,2.9098757615265416e-05,0.9346496194511994,-0.23171999588454376,-2.8656139010259873,5.246463582445832,1.0827227724172044,0.0012030253026857826,2.9098757615265416e-05
4.15,0.4832624178358123,0.4822369919067251,0.0009884324623246358,0.0011851040887472402,0.9346703861578258,-0.6940668870739417,-8.79089424302469,49.11152478216451,10.266404174390994,0.0012143768284607974,2.9272739713557226e-05,0.9346703861578258,-0.09337893941083472,-1.1827165308910728,0.8889526752386359,0.18582903903688863,0.0012143768284607972,2.927273971355701e-05,0.9346703861578258,-0.22645928775132035,-2.868282129645047,5.228306525194736,1.0929391456147175,0.0012143768284607972,2.927273971355701e-05
4.16,0.48327236151998726,0.48224889867299797,0.0010003347238369336,0.0011962680315385078,0.9346910213966863,-0.6779359010071612,-8.79903104162708,48.94058179764386,10.362252585572431,0.0012257143997862925,2.9446368247784726e-05,0.9346910213966863,-0.09120869559338769,-1.1838112461668495,0.88585848860776,0.18756396178496135,0.0012257143997862928,2.9446368247784942e-05,0.9346910213966863,-0.2211960895157583,-2.870936994255922,5.2101083054210715,1.1031429598076634,0.0012257143997862928,2.9446368247784942e-05
4.17,0.4832824222210841,0.48226091497249696,0.0010119619219267594,0.0012071416121125496,0.9347115287556205,-0.661799005061795,-8.807127892062205,48.76927259882143,10.455591817232914,0.0012367551690945543,2.9613556982004737e-05,0.9347115287556205,-0.08903765666785435,-1.1849005868633744,0.8827576732439191,0.18925346664267728,0.001236755169094554,2.961355698200452e-05,0.9347115287556205,-0.2159309630123015,-2.8735788246280602,5.191871099266266,1.1130796521850987,0.001236755169094554,2.961355698200452e-05
4.180000000000001,0.48329260334301405,0.48227304443517033,0.0010242624669638775,0.0012187455816326353,0.934731913721642,-0.6456546396661538,-8.815185687433374,48.597558813405435,10.555241335168777,0.0012485423599642121,2.9796778331576826e-05,0.934731913721642,-0.08686561281130115,-1.1859846731377126,0.879649534582007,0.1910571920604533,0.0012485423599642124,2.9796778331577043e-05,0.934731913721642,-0.21066339938582282,-2.876207912162107,5.173590821699271,1.1236881239677907,0.001248542359964212,2.979677833157661e-05
4.19,0.48330290501394696,0.482285287517441,0.0010359363621878508,0.0012297129169521468,0.9347521778441421,-0.6294993695727797,-8.823205197249688,48.425430382920176,10.64938894709666,0.0012596787497300987,2.996583277795192e-05,0.9347521778441421,-0.08469210184959158,-1.187063608518709,0.8765338905566341,0.19276132916191457,0.0012596787497300987,2.996583277795192e-05,0.9347521778441421,-0.20539227778801933,-2.878824507932543,5.155266401916555,1.1337108747570888,0.0012596787497300987,2.996583277795192e-05
4.2,0.4833133254224581,0.48229764246834217,0.0010480790887073444,0.0012411882544620463,0.9347723247818325,-0.6133349223852443,-8.83118737042524,48.252895567552244,10.747925533556916,0.0012713342958512465,3.014604138920022e-05,0.9347723247818325,-0.08251735621247015,-1.1881375206721458,0.8734108906829096,0.19454490974775981,0.0012713342958512463,3.0146041389200002e-05,0.9347723247818325,-0.20011816189925322,-2.8814289215498876,5.136898719279689,1.1442008662661216,0.0012713342958512463,3.0146041389200002e-05
4.21,0.48332386165076324,0.4823101063656416,0.0010594460436703817,0.0012518735774112678,0.9347923585596061,-0.5971643467439267,-8.839133212054278,48.079972279121904,10.839635802329015,0.0012821823808707858,3.0308803459518042e-05,0.9347923585596061,-0.08034178606041353,-1.1892065448222158,0.870280859177208,0.1962049292469186,0.001282182380870786,3.030880345951826e-05,0.9347923585596061,-0.1948420464261468,-2.884021480955052,5.118489680642248,1.1539641427837073,0.0012821823808707858,3.0308803459518042e-05
4.220000000000001,0.4833345092702908,0.4823226748825949,0.0010697368525649145,0.0012614683402606898,0.9348122803836246,-0.5809884671070505,-8.847043515807671,47.9066919357139,10.921922831111079,0.0012919158239866424,3.0447483725952592e-05,0.9348122803836246,-0.0781655023150576,-1.1902707877484608,0.8671443647286635,0.1976943815638179,0.0012919158239866422,3.0447483725952375e-05,0.9348122803836246,-0.18956420037191224,-2.8866024451059884,5.100042630705467,1.162724241587978,0.0012919158239866422,3.0447483725952375e-05
4.23,0.4833452665961425,0.4823353467465267,0.0010816492738269425,0.001272956343522352,0.9348320941176969,-0.5648093523333603,-8.854919061113746,47.73305967796351,11.020567394842974,0.001303584142359345,3.062779883699295e-05,0.9348320941176969,-0.07598878331821485,-1.1913303543142477,0.8640015003863414,0.19947991661320133,0.001303584142359345,3.062779883699295e-05,0.9348320941176969,-0.18428529876122868,-2.88917206831361,5.081558116730239,1.1732257281234104,0.001303584142359345,3.062779883699295e-05
4.24,0.4833561339392968,0.4823481237597277,0.0010918290089803966,0.0012822175421611588,0.934851805476181,-0.5486292717044052,-8.862760565245278,47.55905444657971,11.099972114263593,0.0013129766472419566,3.075910508079779e-05,0.934851805476181,-0.07381193437634528,-1.1923853410206082,0.8608518849624618,0.20091719713073009,0.001312976647241957,3.0759105080798224e-05,0.934851805476181,-0.17900608201248075,-2.8917305846087933,5.063033896790069,1.1816789825177607,0.0013129766472419564,3.0759105080797574e-05
4.25,0.4833671008669193,0.4823609912711926,0.0011019374559052225,0.0012916564302028332,0.9348714104182242,-0.5324502319924685,-8.870568925752037,47.38479573800976,11.180912794692405,0.0013225508355481004,3.089440534526718e-05,0.9348714104182242,-0.07163522547822222,-1.193435868622829,0.8576976814256344,0.20238227960825383,0.0013225508355481,3.0894405345266744e-05,0.9348714104182242,-0.17372720489285354,-2.8942782868429697,5.0444826922178345,1.1902957519932902,0.0013225508355481001,3.089440534526696e-05
4.26,0.4833781697870309,0.4823739541146485,0.0011121741609704792,0.0013012434087508388,0.9348909163038558,-0.5162736259276718,-8.878344861319952,47.21023600841505,11.263132497328524,0.0013322763148910332,3.103290614019441e-05,0.9348909163038558,-0.06945884400011162,-1.194482033812066,0.8545380291993916,0.20387051327519645,0.001332276314891033,3.1032906140194194e-05,0.9348909163038558,-0.1684491218206131,-2.8968154095080982,5.025899441599485,1.1990486834019298,0.0013322763148910332,3.103290614019441e-05
4.2700000000000005,0.4833893444665051,0.48238701646955856,0.001123163874692966,0.0013116362706437634,0.9349103254644685,-0.5000940108423568,-8.886089039027663,47.035333853727835,11.352312757012136,0.0013428251340370824,3.1188863393319e-05,0.9349103254644685,-0.06728205769193367,-1.195523926336292,0.8513721788413782,0.20548473785437338,0.0013428251340370826,3.1188863393319215e-05,0.9349103254644685,-0.16317005696886983,-2.899342170257773,5.007279737147672,1.208542620633374,0.0013428251340370822,3.118886339331878e-05
4.28,0.48340062808553297,0.48240017957126474,0.0011332594179434843,0.001320954186428178,0.9349296389261353,-0.4839077163237194,-8.89380203881145,46.86007429143656,11.432206079365848,0.0013522754340415484,3.13212476133703e-05,0.9349296389261353,-0.06510437274068379,-1.1965616242194488,0.8481998591577393,0.20693086242401465,0.0013522754340415486,3.1321247613370516e-05,0.9349296389261353,-0.1578888127598614,-2.90185875831289,4.988621983856677,1.2170478906373936,0.0013522754340415484,3.13212476133703e-05
4.29,0.48341200590295336,0.4824134311612991,0.0011422079419696513,0.0013292512285893725,0.934948859769174,-0.4677275406993221,-8.901484279022267,46.68455953057322,11.503281090997792,0.0013606826470970907,3.143141850771823e-05,0.934948859769174,-0.0629275110182396,-1.1975951837459806,0.845022920202873,0.20821736945089023,0.0013606826470970903,3.14314185077178e-05,0.934948859769174,-0.15260956501611778,-2.9043653101724822,4.969937062678602,1.2246143823873814,0.0013606826470970905,3.1431418507718014e-05
4.3,0.4834234781999136,0.4824267701599878,0.0011520880097029777,0.0013383140989022039,0.9349679903816316,-0.45155265985752646,-8.909136460989863,46.508793074339344,11.580971297033807,0.0013698723482237832,3.155824932157933e-05,0.9349679903816316,-0.06075136164959439,-1.198624699271963,0.8418414253871579,0.20962361608651983,0.0013698723482237832,3.155824932157933e-05,0.9349679903816316,-0.14733204484751003,-2.906862054665554,4.9512253465566936,1.2328851134014047,0.001369872348223783,3.1558249321579114e-05
4.3100000000000005,0.4834350483926825,0.48244019819778305,0.001161970812609728,0.0013472775621913137,0.9349870317870099,-0.43537872259345584,-8.916759175025824,46.33275627139026,11.65780143272357,0.0013789603146552901,3.1682752463976435e-05,0.9349870317870099,-0.05857533922878209,-1.1996502502172195,0.8386550371083139,0.21101429485211107,0.0013789603146552901,3.1682752463976435e-05,0.9349870317870099,-0.14205483254827847,-2.9093491843982413,4.932484849909207,1.2410642831897611,0.0013789603146552901,3.1682752463976435e-05
4.32,0.4834467199938201,0.4824537201832896,0.0011718384023561071,0.0013565829903536939,0.935005987254133,-0.4192016566925014,-8.924353042752514,46.15640214950398,11.737584725751038,0.001388397599677882,3.181460932418813e-05,0.935005987254133,-0.056398895884857844,-1.2006719202140899,0.8354629051365309,0.212458427814602,0.001388397599677882,3.181460932418813e-05,0.935005987254133,-0.13677659944126377,-2.9118269021927237,4.913710572175158,1.249557839710094,0.0013883975996778822,3.1814609324188345e-05
4.33,0.4834584836682191,0.4824673284264873,0.0011814525132169424,0.0013656344429275975,0.9350248576525615,-0.40302713677539065,-8.931918423045568,45.97979377681093,11.815173426056223,0.0013975752940488125,3.1940851121215006e-05,0.9350248576525615,-0.054222795074593544,-1.2016897575452774,0.8322661710487298,0.21386283712607246,0.0013975752940488125,3.1940851121215006e-05,0.9350248576525615,-0.131499197034717,-2.9142953251424997,4.894909227451069,1.2578177646439312,0.0013975752940488125,3.1940851121215006e-05
4.34,0.48347034353775864,0.4824810275722311,0.0011905574967557458,0.0013742996921005711,0.9350436455939038,-0.38685163390644844,-8.939455708498967,45.80288828008832,11.889425901256253,0.0014063583580902323,3.205866598966116e-05,0.9350436455939038,-0.05204656201915054,-1.202703815029913,0.8290640588098304,0.2152068584482556,0.001406358358090232,3.2058665989660945e-05,0.9350436455939038,-0.12622147391185917,-2.916754581342649,4.876076251546531,1.265722522281209,0.001406358358090232,3.2058665989660945e-05
4.3500000000000005,0.48348229690483646,0.48249481565694347,0.0011999858462984777,0.0013831807373069294,0.9350623542716294,-0.3706789230534641,-8.946965249612884,45.625699320508446,11.96554073728873,0.00141536171424199,3.218097693506055e-05,0.9350623542716294,-0.04987070459823761,-1.2037141398238762,0.8258568156965299,0.2165845897937298,0.0014153617142419897,3.2180976935060335e-05,0.9350623542716294,-0.12094466176452401,-2.9192047851539367,4.857213098800347,1.273825542817791,0.00141536171424199,3.218097693506055e-05
4.36,0.48349434127944524,0.48250868922718154,0.0012089838130822362,0.001391625842397291,0.9350809833003023,-0.3545088045718041,-8.954447458631417,45.44825336627793,12.03789031118769,0.0014239196907836764,3.229384838638531e-05,0.9350809833003023,-0.0476951959519015,-1.2047207873900012,0.8226449208017338,0.2178941672820104,0.0014239196907836762,3.2293848386385094e-05,0.9350809833003023,-0.11566869545290673,-2.921646071082858,4.8383225869604525,1.2815277217053087,0.0014239196907836764,3.229384838638531e-05
4.37,0.4835064806412006,0.48252265250343973,0.0012188026915201488,0.0014009274392115622,0.9350995354650388,-0.33833863573893397,-8.961902793433945,45.27051068780792,12.117635949862354,0.0014333525218053582,3.242508259379594e-05,0.9350995354650388,-0.04551968053137303,-1.2057238193308384,0.8194276549923166,0.2193376186745887,0.0014333525218053586,3.2425082593796374e-05,0.9350995354650388,-0.11039271271275872,-2.9240785885257305,4.81940048650089,1.2900172696248227,0.0014333525218053584,3.242508259379616e-05
4.38,0.4835187127842776,0.48253670324059855,0.0012277803945809696,0.001409371079946495,0.9351180133187768,-0.3221712063967192,-8.969331734785671,45.09248629736405,12.18997222935279,0.0014419089257982354,3.2537845851740447e-05,0.9351180133187768,-0.04334453367868247,-1.2067233003279711,0.8162052900007032,0.22064695552485047,0.0014419089257982356,3.253784585174066e-05,0.9351180133187768,-0.10511762381024246,-2.926502494346034,4.800448395594938,1.2977180332184117,0.0014419089257982352,3.253784585174023e-05
4.390000000000001,0.4835310386616204,0.4825508426117642,0.0012373461849463027,0.001418443846375038,0.9351364188423329,-0.30600430165605297,-8.976734863397953,44.914165787560314,12.267739707699672,0.0014511077671947052,3.266392081966731e-05,0.9351364188423329,-0.04116945740526477,-1.2077193085096196,0.8129775650432098,0.222054600842923,0.0014511077671947048,3.266392081966688e-05,0.9351364188423329,-0.09984270607407236,-2.9289179780175525,4.781464780463496,1.3059969904752344,0.001451107767194705,3.2663920819667094e-05
4.4,0.4835434513727927,0.48256506238863167,0.0012451389746676999,0.0014254687747588097,0.9351547502863208,-0.28984009218982854,-8.984112550406213,44.73561676902968,12.327821162936292,0.001458214591143986,3.27458163851763e-05,0.9351547502863208,-0.038994743750887816,-1.2087118938079051,0.8097457039192058,0.22314211687101876,0.0014582145911439855,3.2745816385175864e-05,0.9351547502863208,-0.09456866774872236,-2.931325160633894,4.762456838788066,1.312393132029587,0.0014582145911439855,3.2745816385175864e-05
4.41,0.4835559484893473,0.4825793604780105,0.0012540041656793235,0.0014339217068207839,0.9351730103416794,-0.2736812506701564,-8.991465098793942,44.55685412515699,12.40023578705308,0.0014667802622470665,3.2858555426282634e-05,0.9351730103416794,-0.03682075229370136,-1.2097010969858688,0.8065099760282836,0.22445287181337803,0.0014667802622470665,3.2858555426282634e-05,0.9351730103416794,-0.08929638087035184,-2.933724141052138,4.743426155021552,1.3201022360223598,0.0014667802622470665,3.2858555426282634e-05
4.42,0.4835685310519276,0.48259373973300496,0.0012624188544645765,0.001441823982715068,0.9351912029010109,-0.25752892396914623,-8.998792650820283,44.37785153550579,12.467893882822299,0.0014747833003472875,3.295931763221951e-05,0.9351912029010109,-0.03464763733252478,-1.2106869371828881,0.803269904952281,0.22567753029226606,0.0014747833003472875,3.295931763221951e-05,0.9351912029010109,-0.08402621963897802,-2.9361149656884233,4.7243699271473165,1.3273049703125586,0.0014747833003472873,3.2959317632219294e-05
4.430000000000001,0.4835811943419959,0.48260819439251934,0.001269992798188111,0.0014488506618575928,0.935209329017879,-0.2413880345460594,-9.006095400849173,44.1986555298694,12.527992897478194,0.001481892201338493,3.30415394809002e-05,0.935209329017879,-0.032476061129214515,-1.211669440548457,0.8000263329127422,0.2267653641580345,0.001481892201338493,3.30415394809002e-05,0.935209329017879,-0.07875979014853664,-2.938497697959574,4.7052931086263445,1.333702981204644,0.0014818922013384932,3.304153948090042e-05
4.44,0.483593935375239,0.4826227214880454,0.0012782290676426411,0.0014565785090644829,0.9352273893638758,-0.2252598008900325,-9.013373674084367,44.01928825314666,12.594145316154336,0.0014897171381929501,3.313862912846725e-05,0.9352273893638758,-0.030306187617860157,-1.212648650835105,0.7967796607477018,0.22796276883680391,0.0014897171381929503,3.313862912846747e-05,0.9352273893638758,-0.07349748996616008,-2.9408724439726712,4.686198056956589,1.3407454243736552,0.0014897171381929501,3.313862912846725e-05
4.45,0.48360676137614617,0.48263732860210967,0.0012870587923876652,0.0014649383865571498,0.9352453868546046,-0.20913878285284365,-9.020627791633098,43.83968276544757,12.665752989820565,0.0014981873579664093,3.32489714092595e-05,0.9352453868546046,-0.02813728488734384,-1.2136246112442204,0.7935286767987035,0.22925891741609472,0.0014981873579664093,3.32489714092595e-05,0.9352453868546046,-0.06823754408699721,-2.9432393084981863,4.667077645862389,1.3483686221697684,0.0014981873579664093,3.32489714092595e-05
4.46,0.483619675093516,0.4826520188178302,0.0012954161474693319,0.0014728206252580761,0.9352633215321184,-0.193020344600597,-9.027858039825063,43.659811366010516,12.733235641820613,0.0015061696434404569,3.334901818238074e-05,0.9352633215321184,-0.02596872923804736,-1.214597360298262,0.7902728796627417,0.23048040024102678,0.0015061696434404566,3.334901818238052e-05,0.9352633215321184,-0.06297843993688301,-2.9455983849594194,4.647928926380681,1.355552679096411,0.0015061696434404566,3.334901818238052e-05
4.470000000000001,0.48363266892514545,0.4826667843083918,0.0013032727844656702,0.0014801887445518055,0.9352811938953486,-0.17691037708930582,-9.03506462573887,43.47973785759427,12.796279776462796,0.001513626912312727,3.3438167760921475e-05,0.9352811938953486,-0.023801313232236505,-1.2155669258573418,0.7870134242140208,0.23162154282205755,0.001513626912312727,3.3438167760921475e-05,0.9352811938953486,-0.05772209960967872,-2.947949740921725,4.628758690814929,1.3622642210814542,0.0015136269123127268,3.343816776092126e-05
4.48,0.48364573688019763,0.48268161899890977,0.0013101031214136413,0.0014865174246511902,0.9352990036511339,-0.16081197328889668,-9.04224776120076,43.29951151007442,12.850348017430854,0.001520022454303079,3.350502965188888e-05,0.9352990036511339,-0.021635452994432928,-1.2165333364203113,0.7837512022714749,0.23260021549954393,0.0015200224543030789,3.350502965188866e-05,0.9352990036511339,-0.05246953227579665,-2.950293445499505,4.609572184329342,1.368020208872771,0.001520022454303079,3.350502965188888e-05
4.49,0.48365887432034455,0.4826965181963001,0.0013171592378855488,0.0014930782726848178,0.9353167510763966,-0.14472748693572243,-9.049407606390014,43.11917015105943,12.906422229530005,0.0015266552755607173,3.357700287589952e-05,0.9353167510763966,-0.019471465193546172,-1.217496613537502,0.7804868985410647,0.23361519764637287,0.0015266552755607177,3.357700287589995e-05,0.9353167510763966,-0.047221505909430576,-2.9526295509558587,4.5903734339691615,1.3739897480046455,0.0015266552755607173,3.357700287589952e-05
4.5,0.4836720873146193,0.48271148817803616,0.0013251613704756615,0.0015006286741836405,0.9353344404680941,-0.12865427537356275,-9.056544529293943,42.93865699960946,12.971038486515337,0.0015342985052536015,3.3669831069960956e-05,0.9353344404680941,-0.017308994289728884,-1.2184568067174928,0.777219485248381,0.2347847967326524,0.0015342985052536012,3.366983106996074e-05,0.9353344404680941,-0.04197715826796876,-2.9549581773572324,4.571156394958553,1.3808686547282414,0.0015342985052536015,3.3669831069960956e-05
4.51,0.4836853751031329,0.4827265283394871,0.0013325831905539082,0.001507580074023768,0.9353520721819253,-0.11259088376209371,-9.06365884346485,42.75797484747962,13.030484878960799,0.0015413302098597214,3.375013583595352e-05,0.9353520721819253,-0.015147844550481812,-1.21941395814524,0.7739490129261284,0.23586081768358141,0.0015413302098597212,3.3750135835953305e-05,0.9353520721819253,-0.03673601466790494,-2.957279427009085,4.551921364501716,1.387197188873749,0.0015413302098597212,3.3750135835953305e-05
4.5200000000000005,0.4836987356599841,0.48274163642030393,0.001339718112788004,0.0015142325448587069,0.9353696503407845,-0.09654297616997536,-9.070750768314417,42.577138568958894,13.08735182214496,0.0015480568004882596,3.382425562955269e-05,0.9353696503407845,-0.012988778012914157,-1.2203680973401316,0.7706757508092581,0.2368901488130959,0.0015480568004882594,3.382425562955247e-05,0.9353696503407845,-0.031499923174574604,-2.9595933715007887,4.532669926083228,1.3932511204394333,0.0015480568004882594,3.382425562955247e-05
4.53,0.483712169038203,0.4827568126519484,0.001347184926148507,0.001521248717424367,0.9353871748905616,-0.08050838754760971,-9.077820495970421,42.39614487043571,13.147356419157811,0.0015551545331486684,3.390581572430135e-05,0.9353871748905616,-0.010831503393809576,-1.221319250150813,0.7673996392811153,0.2379762736540123,0.0015551545331486684,3.390581572430135e-05,0.9353871748905616,-0.02626817737826563,-2.961900073519559,4.51340172907234,1.3996390798338019,0.0015551545331486687,3.3905815724301564e-05
4.54,0.48372567567156205,0.48277205765488335,0.0013544179379727768,0.0015280278198227248,0.9354046460458673,-0.06448488066738828,-9.084868220163665,42.21498725836877,13.20531474415926,0.0015620102194924546,3.398239966972971e-05,0.9354046460458673,-0.008675719699207404,-1.222267442641597,0.7641205608040968,0.23902535955168935,0.0015620102194924541,3.398239966972928e-05,0.9354046460458673,-0.021040047319113638,-2.964199596275641,4.494116082180711,1.4058091975432088,0.0015620102194924541,3.398239966972928e-05
4.55,0.4837392527715927,0.48278736591154797,0.0013605743878754846,0.0015334211365846963,0.9354220638489956,-0.04847486752175888,-9.091894192321186,42.03370971094755,13.251310253555678,0.0015674508664683053,3.402972988360894e-05,0.9354220638489956,-0.006521751435723417,-1.22321270863918,0.7608393114139472,0.23985791018635752,0.001567450866468305,3.402972988360872e-05,0.9354220638489956,-0.015816319979039196,-2.96649202180434,4.474817667231113,1.4107057798214744,0.0015674508664683048,3.4029729883608504e-05
4.5600000000000005,0.4837528909486523,0.4828027302902641,0.0013669901955219038,0.0015393704710329826,0.9354394292266384,-0.03248440049211196,-9.098898511831232,41.852369411560005,13.302107021554914,0.0015734594374315295,3.408896639854695e-05,0.9354394292266384,-0.004370412883603041,-1.2241550615151398,0.757556926169666,0.2407773669331535,0.0015734594374315297,3.408896639854717e-05,0.9354394292266384,-0.010598970121576493,-2.9687773825339296,4.455512571843137,1.416113493688377,0.00157345943743153,3.4088966398547384e-05
4.57,0.48376659642434194,0.4828181574121605,0.001374183753361219,0.0015461181864924167,0.9354567446207736,-0.0165099458174338,-9.10588125542713,41.670909441401236,13.359795772756133,0.0015802832368389552,3.416505034653842e-05,0.9354567446207736,-0.0022212286148122684,-1.225094511593088,0.7542723748013904,0.24182157335799903,0.001580283236838955,3.41650503465382e-05,0.9354567446207736,-0.0053868447555410265,-2.971055703500867,4.436194736564129,1.4222549131550593,0.0015802832368389547,3.416505034653798e-05
4.58,0.4837803737478781,0.4828336516264336,0.0013808513887292341,0.0015521041825005038,0.9354740125157587,-0.0005507407708451833,-9.11284241746469,41.489291937950675,13.41090680394987,0.0015863289808897528,3.4224798389249043e-05,0.9354740125157587,-7.409601297742071e-05,-1.226031058113661,0.7509849719712267,0.24274671848667118,0.0015863289808897532,3.422479838924948e-05,0.9354740125157587,-0.00017969501934750332,-2.9733269828635702,4.416860130632184,1.4276960828007779,0.0015863289808897532,3.422479838924948e-05
4.59,0.4837942203871917,0.48284920883281474,0.0013881555313868174,0.0015589997165309803,0.9354912291758399,0.015396371093421143,-9.119782209750333,41.30755163253666,13.469867651470327,0.0015933032520950362,3.4303535564055845e-05,0.9354912291758399,0.0020714095863877974,-1.226964729573046,0.7476953463403169,0.24381395073755577,0.0015933032520950357,3.430353556405541e-05,0.9354912291758399,0.005023508968235394,-2.97559128972998,4.397512451469266,1.4339729268855321,0.0015933032520950357,3.430353556405541e-05
4.6000000000000005,0.48380812992354605,0.48286482452354534,0.0013942265914580051,0.0015646225789015154,0.935508396091557,0.03132669342629343,-9.12670077676475,41.12572311692881,13.517846117433631,0.0015989784560263471,3.435587712483177e-05,0.935508396091557,0.00421465634202487,-1.227895545409503,0.7444041240436927,0.2446823942619852,0.001598978456026347,3.435587712483155e-05,0.935508396091557,0.010221234888225697,-2.977848671241076,4.3781553816402266,1.4390806104237122,0.001598978456026347,3.435587712483155e-05
4.61,0.4838221052303017,0.48288049869217087,0.0014006880753943771,0.0015702673438571589,0.9355255148584986,0.04723960524482168,-9.133598343334004,40.943803499350814,13.566014631903217,0.0016046761401267992,3.440879626964038e-05,0.9355255148584986,0.006355560707620982,-1.2288235358708661,0.7411112527381967,0.24555427779624595,0.001604676140126799,3.440879626964016e-05,0.9355255148584986,0.015413280127072493,-2.980099200752829,4.358788613292822,1.444208526114119,0.001604676140126799,3.440879626964016e-05
4.62,0.4838361406355778,0.4828962276698568,0.0014066048982636977,0.001575744524206563,0.9355425857829607,0.0631326517025619,-9.14047485240632,40.76182266726137,13.612735732911432,0.001610202614781487,3.4458090574924095e-05,0.9355425857829607,0.008493792411034318,-1.2297486932814565,0.7378172734075689,0.24639996214254895,0.0016102026147814868,3.445809057492388e-05,0.9355425857829607,0.0205988437205062,-2.982342859650457,4.339415328181155,1.4491823533033381,0.0016102026147814868,3.445809057492388e-05
4.63,0.48385023930196486,0.4829120156316015,0.0014133054896715849,0.001582027896742593,0.9355596101468252,0.07900872006235729,-9.147330350300507,40.579745014669534,13.66641531949196,0.0016165521842117804,3.452428746918753e-05,0.9355596101468252,0.01062973990119843,-1.2306710238729521,0.7345215415586676,0.2473715999059481,0.0016165521842117802,3.452428746918731e-05,0.9355596101468252,0.025778867721085723,-2.984579663046803,4.32003173576857,1.4548969657906023,0.0016165521842117804,3.452428746918753e-05
4.640000000000001,0.48386440657136703,0.4829278681167344,0.0014197186070626347,0.0015880276644854349,0.9355765898006121,0.09487070208812313,-9.15416494919248,40.397522811152825,13.717646306696157,0.0016226121174370022,3.458445295156736e-05,0.9355765898006121,0.012763792232615794,-1.2315905427373681,0.7312231932377274,0.24829891632164264,0.0016226121174370025,3.4584452951567576e-05,0.9355765898006121,0.030954295649974223,-2.9868096475424863,4.300632754777701,1.460350905693302,0.0016226121174370022,3.458445295156736e-05
4.65,0.4838786322340199,0.4829437747818666,0.0014257835369397447,0.001593677355653938,0.9355935219152499,0.11071492711118194,-9.16097876073103,40.21524150756817,13.765855742927751,0.0016283146420287033,3.463728637476517e-05,0.9355935219152499,0.014895455557856983,-1.2325072648958009,0.7279237751645504,0.24917154056818983,0.001628314642028703,3.463728637476495e-05,0.9355935219152499,0.03612392984592354,-2.9890328495661374,4.281227482121643,1.465483177825833,0.0016283146420287033,3.463728637476517e-05
4.66,0.48389291925932354,0.4829597385567671,0.0014317181000246223,0.001599175076703741,0.935610410657291,0.1265399744148907,-9.167771890536924,40.03287318619117,13.812758243593835,0.0016338625738106837,3.4687497106942675e-05,0.935610410657291,0.017024538735382472,-1.2334212045583437,0.7246227820089531,0.2500205083741668,0.0016338625738106835,3.468749710694246e-05,0.935610410657291,0.04128730675925992,-2.991249303579569,4.261812945739941,1.470476316429615,0.0016338625738106835,3.468749710694246e-05
4.67,0.48390726460620204,0.4829757563132753,0.001437393196894862,0.0016044243295949008,0.9356272564522476,0.14234352545180193,-9.174544322522653,39.850442547156895,13.857513782228049,0.0016391565490077875,3.473221941288672e-05,0.9356272564522476,0.019150729830556493,-1.234332359560602,0.7213206608605195,0.25083061467766893,0.001639156549007788,3.473221941288716e-05,0.9356272564522476,0.046443669897182224,-2.9934590043337685,4.242391775155462,1.475240894107009,0.0016391565490077877,3.473221941288694e-05
4.680000000000001,0.4839216693761618,0.48299182947797215,0.0014434124444038664,0.001610048355419862,0.9356440563419148,0.15813100846317213,-9.181296033637574,39.6679401953594,13.905500104416205,0.001644832682224295,3.478432680443307e-05,0.9356440563419148,0.021274759152547857,-1.2352407268013699,0.7180172416613125,0.2516992004052192,0.0016448326822242946,3.4784326804432634e-05,0.9356440563419148,0.05159479037955165,-2.995661944307801,4.222962970185579,1.4803494140018654,0.0016448326822242948,3.478432680443285e-05
4.69,0.4839361368816158,0.48300796152470643,0.0014499631378369663,0.0016162214993669505,0.9356608115801176,0.17390462583453123,-9.18802710130201,39.48533631309718,13.958225121467564,0.0016510693389835413,3.484783961659084e-05,0.9356608115801176,0.02339692300770511,-1.236146316696686,0.714711984690246,0.2526535597977997,0.001651069338983541,3.4847839616590406e-05,0.9356608115801176,0.05674138679800215,-2.9978581487622744,4.2035233565023935,1.485962405085187,0.0016510693389835411,3.484783961659062e-05
4.7,0.48395066314135304,0.4830241483246345,0.001455746496650179,0.0016216007443528478,0.9356775236473021,0.18966059485810377,-9.19473766853666,39.30266205067673,14.00410207647748,0.0016564959625781346,3.4895218225286864e-05,0.9356775236473021,0.02551671247499089,-1.237049148488386,0.7114054537894812,0.25348396451581157,0.0016564959625781342,3.489521822528643e-05,0.9356775236473021,0.061882224935306894,-3.0000476643618055,4.184076250300046,1.4908463663203206,0.001656495962578134,3.4895218225286214e-05
4.71,0.4839652511009734,0.4830403933937523,0.0014613088205602091,0.001626839010708404,0.9356941956740592,0.2053988475778879,-9.201427821734828,39.119885475785715,14.04876605036163,0.0016617791069031152,3.494009619471128e-05,0.9356941956740592,0.027634118411684946,-1.2379492337997235,0.7080970709620082,0.25429241343380415,0.001661779106903115,3.4940096194711065e-05,0.9356941956740592,0.06701728261886543,-3.0022305192946948,4.1646182521337485,1.4956011962128035,0.001661779106903115,3.4940096194711065e-05
4.720000000000001,0.4839798908818654,0.4830566864446931,0.0014668219709074433,0.0016319466578300103,0.9357108266112734,0.22111361741588234,-9.208097677993331,38.93708934781783,14.092300902417264,0.001666928691379704,3.498203354969365e-05,0.9357108266112734,0.029748364989192345,-1.2388465883847657,0.7047883342102769,0.2550804244632444,0.001666928691379704,3.498203354969365e-05,0.9357108266112734,0.07214467833672082,-3.004406751767147,4.14515817238925,1.5002358222417334,0.0016669286913797037,3.498203354969343e-05
4.73,0.4839945849022434,0.4830730297101752,0.0014719376598182577,0.001636652091764604,0.9357274157780494,0.23680831623402085,-9.21474726135397,38.75425571857593,14.132365127416238,0.0016716677475928185,3.501565582821444e-05,0.9357274157780494,0.031859911235388824,-1.2397412154780683,0.7014789186594651,0.2558056147348186,0.0016716677475928185,3.501565582821444e-05,0.9357274157780494,0.07726552530697614,-3.006576369623492,4.125694100340369,1.5045009728335366,0.0016716677475928183,3.501565582821422e-05
4.74,0.484009336120255,0.48308942631464147,0.0014781988950089678,0.001642546801349589,0.9357439641448823,0.2524854845027325,-9.22137669126516,38.571357701511666,14.182689041480508,0.0016776203863277657,3.5073584978176624e-05,0.9357439641448823,0.03396909894216603,-1.2406331311500793,0.6981683376443921,0.2567165124972957,0.0016776203863277657,3.5073584978176624e-05,0.9357439641448823,0.08238065243118918,-3.008739411837211,4.10622317370342,1.5098583476949892,0.0016776203863277657,3.5073584978176624e-05
4.75,0.4840241439856558,0.4831058757186241,0.001483531350729778,0.0016474892939797217,0.9357604725695138,0.2681445622662686,-9.227986107375527,38.38839757751216,14.224798363824528,0.001682601349910353,3.511205593063134e-05,0.9357604725695138,0.036075852773738766,-1.2415223541889608,0.6948566324506975,0.2574787204498331,0.0016826013499103532,3.511205593063156e-05,0.9357604725695138,0.08748987700768902,-3.0108959239726847,4.086745635296702,1.5143412149193176,0.0016826013499103528,3.5112055930631124e-05
4.76,0.4840390051154108,0.48312237439708855,0.0014885751149842428,0.0016521286339006651,0.9357769428041862,0.2837820520505607,-9.234575660540392,38.20540088993558,14.264295832360734,0.0016872733664955635,3.514473259489835e-05,0.9357769428041862,0.03817970218407578,-1.2424089048906095,0.6915442654308878,0.2581936520361797,0.0016872733664955635,3.514473259489835e-05,0.9357769428041862,0.0925920578849509,-3.013045955250803,4.067264204410787,1.5185460298460072,0.0016872733664955635,3.514473259489835e-05
4.7700000000000005,0.48405392192003527,0.48313892493194066,0.0014942011198505942,0.0016573739263037839,0.9357933753065515,0.29940053725791244,-9.241145533721026,38.02234501519663,14.309020888909885,0.0016925637360740734,3.518980977028959e-05,0.9357933753065515,0.04028099474107244,-1.2432928078704182,0.6882308270823713,0.25900320659279175,0.0016925637360740734,3.518980977028959e-05,0.9357933753065515,0.09768803797229168,-3.0151895653679412,4.047776472587797,1.523307362466666,0.0016925637360740732,3.5189809770289375e-05
4.78,0.4840688936127409,0.48315552661042777,0.0015003524197018784,0.0016631786371867651,0.9358097702450562,0.31500064307261744,-9.247695939336449,37.839234053274424,14.35856883654699,0.0016984245884705124,3.524595128374724e-05,0.9358097702450562,0.04237981455628538,-1.2441740917069914,0.684916391617615,0.2599000588245226,0.0016984245884705126,3.524595128374746e-05,0.9358097702450562,0.10277802125407151,-3.0173268236319175,4.0282828763026295,1.528582129623461,0.0016984245884705121,3.5245951283747025e-05
4.79,0.484083923899711,0.48317218254727856,0.0015057279538860685,0.0016677971827833542,0.9358261283974274,0.3305852069152153,-9.2542270617019,37.65604122078147,14.397882779620346,0.0017030748964744385,3.527771369108432e-05,0.9358261283974274,0.04447654337292348,-1.245052781197884,0.681600474238721,0.2606116684726501,0.001703074896474439,3.5277713691084754e-05,0.9358261283974274,0.10786293352036394,-3.0194577901808803,4.008780564253876,1.5327674068269947,0.0017030748964744387,3.527771369108454e-05
4.8,0.4840990049760384,0.48318888235977947,0.0015107705668315043,0.0016724535227360558,0.93584244856506,0.3461487599293133,-9.260739024952418,37.472849678633594,14.437529612812188,0.0017077645808792393,3.531105814318352e-05,0.93584244856506,0.04657044541750545,-1.2459288930440766,0.6782845802159686,0.2613293036629023,0.001707764580879239,3.53110581431833e-05,0.93584244856506,0.11294099039945125,-3.021582505517455,3.989278389572466,1.5369881227913154,0.0017077645808792393,3.531105814318352e-05
4.8100000000000005,0.4841141400167123,0.48320563245646053,0.0015162807176669745,0.0016775933982254563,0.9358587342379491,0.3616928644745689,-9.267231878504754,37.289604105073934,14.481348348389943,0.0017129477449388437,3.535434671338741e-05,0.9358587342379491,0.04866173088805473,-1.2468024338940416,0.6749677081871723,0.2621224531810693,0.0017129477449388437,3.535434671338741e-05,0.9358587342379491,0.11801270165611524,-3.0237009857652803,3.969770462824019,1.541652970444959,0.0017129477449388435,3.5354346713387195e-05
4.82,0.48412932963622457,0.4832224334220008,0.0015216744255691747,0.0016826276674268158,0.9358749881052831,0.3772162826516925,-9.273705871848268,37.106295417295975,14.524254659294495,0.001718022981494131,3.5395314067315255e-05,0.9358749881052831,0.05075023323906264,-1.247673437313782,0.6716496937472322,0.2628990871795534,0.001718022981494131,3.5395314067315255e-05,0.9358749881052831,0.12307766339010269,-3.0258133123274358,3.9502558170726316,1.5462206833447179,0.001718022981494131,3.5395314067315255e-05
4.83,0.4841445698163491,0.48323928177933567,0.0015263641309178333,0.0016869992757563125,0.9358912101822378,0.39271732196927206,-9.280161223161484,36.92294937256112,14.561449447734542,0.001722422622152519,3.542334639620656e-05,0.9358912101822378,0.052835724764733166,-1.2485419326567795,0.6683310031204516,0.26357233865841445,0.0017224226221525189,3.5423346396206345e-05,0.9358912101822378,0.12813532337740347,-3.0279195563909416,3.9307371943805505,1.5501803599372668,0.0017224226221525187,3.542334639620613e-05
4.84,0.48415985830330815,0.4832561748198687,0.0015312764561798361,0.0016915450867928709,0.9359073994982864,0.40819625483970867,-9.28659804695068,36.739587669273796,14.600144053679355,0.0017269996709465862,3.5454584153715284e-05,0.9359073994982864,0.05491824211510908,-1.2494079353285732,0.6650120290630064,0.26427273787478,0.001726999670946586,3.545458415371507e-05,0.9359073994982864,0.13318577050039976,-3.0300197553167645,3.911216904712898,1.5542997038519273,0.001726999670946586,3.545458415371507e-05
4.8500000000000005,0.48417519826824873,0.4832731161958238,0.0015365482698812085,0.0016965506267837534,0.9359235586093955,0.42365384329668676,-9.293016472484478,36.55617743423673,14.642809530786554,0.0017320464201193344,3.549579333558101e-05,0.9359235586093955,0.05699788781330243,-1.250271462720811,0.6616921765472165,0.26504501261442637,0.0017320464201193348,3.5495793335581444e-05,0.9359235586093955,0.1382292533945021,-3.0321139512825117,3.891691448460315,1.558841778107401,0.0017320464201193346,3.549579333558123e-05
4.86,0.48419059036911477,0.48329010652878823,0.0015418141063097035,0.0017010938088115064,0.9359396882782972,0.43909041676160016,-9.299416634971495,36.37271155281785,14.681478269871516,0.0017366204092135597,3.5526600402053295e-05,0.9359396882782972,0.05907470617927857,-1.2511325330243002,0.6583713167933047,0.26574494362268053,0.0017366204092135599,3.552660040205351e-05,0.9359396882782972,0.14326587954291653,-3.034202188403883,3.872160068214485,1.5629583682922035,0.0017366204092135594,3.552660040205308e-05
4.87,0.4842060315478701,0.48330713869982816,0.0015464716795300358,0.0017053928141977403,0.9359557839078908,0.4545069589899071,-9.305798793866872,36.189249435335114,14.71804589712417,0.0017409458651816956,3.5553050983955356e-05,0.9359557839078908,0.06114882956633519,-1.2519911811458295,0.6550505251692489,0.26640684304888573,0.0017409458651816959,3.555305098395557e-05,0.9359557839078908,0.14829596992416044,-3.0362845513355827,3.8526290886691434,1.566851278663526,0.0017409458651816956,3.5553050983955356e-05
4.88,0.4842215156705061,0.483324210198738,0.0015507566909405287,0.001709321666837078,0.9359718475073396,0.46990083089601115,-9.312163074832503,36.00580817753485,14.751419715019546,0.0017448935366780615,3.557186984098361e-05,0.9359718475073396,0.06321990291501246,-1.2528474239918015,0.6517301111199196,0.2670109323096572,0.0017448935366780613,3.5571869840983397e-05,0.9359718475073396,0.15331866346064088,-3.038361081078418,3.8331003298004034,1.5704041830102553,0.0017448935366780615,3.557186984098361e-05
4.890000000000001,0.484237049932009,0.48334132849386335,0.001556090441552167,0.001714318397726398,0.9359878808381689,0.48527687662612734,-9.31850959634297,35.82232622151745,14.794007147318737,0.0017499310542050635,3.561265647866545e-05,0.9359878808381689,0.06528857795102204,-1.253701277501647,0.648408960404621,0.2677817943841262,0.0017499310542050638,3.561265647866567e-05,0.9359878808381689,0.1583355406944094,-3.040431816288129,3.8135672382876415,1.5749379487845572,0.0017499310542050635,3.561265647866545e-05
4.9,0.4842526375930029,0.48335849678982123,0.0015614758687342246,0.0017193774307447207,0.9360038884102028,0.5006335102688498,-9.324838563552769,35.63877178031524,14.83713136554282,0.0017550320662504926,3.56546355057719e-05,0.9360038884102028,0.06735464130771608,-1.254552769276609,0.6450864976571827,0.26856237265629157,0.0017550320662504924,3.5654635505771685e-05,0.9360038884102028,0.1633460841762488,-3.042496823902273,3.794026430159149,1.579528859625443,0.0017550320662504924,3.5654635505771685e-05
4.91,0.48426827114022897,0.48337570754355125,0.0015653544088978172,0.001722895193883282,0.9360198676033471,0.5159692913703767,-9.331150236371535,35.455205510807176,14.866964374198679,0.0017585609078799031,3.5665713996621204e-05,0.9360198676033471,0.06941789918814101,-1.2554019342846232,0.6417638208092012,0.26910237081299054,0.0017585609078799031,3.5665713996621204e-05,0.9360198676033471,0.16834982391666944,-3.0445561887238433,3.774484362814842,1.582704817091913,0.0017585609078799031,3.5665713996621204e-05
4.92,0.4842839505036101,0.48339296073463267,0.001570288539784594,0.0017275006846874422,0.9360358191153096,0.5312846264675505,-9.337444823483043,35.27162538924445,14.90617837488248,0.0017631993940502061,3.5698709362763864e-05,0.9360358191153096,0.07147840628728354,-1.2562488006017583,0.6384408932294188,0.26981217143452074,0.0017631993940502063,3.569870936276408e-05,0.9360358191153096,0.17334689256001085,-3.046609978841926,3.7549408208108064,1.5868794546451856,0.0017631993940502063,3.569870936276408e-05
4.930000000000001,0.4842996705555797,0.48341025105680563,0.001573411151577027,0.0017302414670039214,0.9360517440210286,0.5465755187077689,-9.343722484501175,35.08807069940987,14.929315909965961,0.001765936251668102,3.5694784664180596e-05,0.9360517440210286,0.07353562487331419,-1.2570933897022776,0.6351184259815621,0.2702309768738166,0.0017659362516681014,3.5694784664179946e-05,0.9360517440210286,0.17833598601813622,-3.048658246335141,3.7353999862134506,1.5893426265012915,0.0017659362516681018,3.569478466418038e-05
4.94,0.484315426322409,0.48342757345028436,0.001577828036914911,0.0017343119402635073,0.9360676418375464,0.561839823895747,-9.349983363635964,34.90458050817527,14.963921336889255,0.0017700296058630856,3.571766559957827e-05,0.9360676418375464,0.07558926646873128,-1.2579357209880282,0.6317971262031182,0.27085735911256176,0.0017700296058630856,3.571766559957827e-05,0.9360676418375464,0.183316404685653,-3.05070103825616,3.7158660179973086,1.5930266452767774,0.001770029605863086,3.5717665599578705e-05
4.95,0.4843312267700865,0.48344493705540925,0.0015824303394231744,0.0017385751063886386,0.9360835159912494,0.5770807161851756,-9.356227560949256,34.72107738902939,15.000189058496222,0.0017743195870475817,3.574448065894308e-05,0.9360835159912494,0.07763975812042422,-1.258775807921213,0.6284755924205099,0.2715138300384865,0.0017743195870475817,3.574448065894308e-05,0.9360835159912494,0.18828918422151192,-3.0527383872530383,3.6963306735037404,1.5968876283428235,0.0017743195870475817,3.574448065894308e-05
4.96,0.4843470685999703,0.4834623379877823,0.0015860477157481222,0.0017416822762896785,0.9360993650573858,0.5922975221833989,-9.362455109329376,34.53759280163348,15.02648484612605,0.0017774300232471852,3.5747746957506734e-05,0.9360993650573858,0.07968700923094021,-1.2596136549265888,0.6251543940754344,0.2719898020402666,0.0017774300232471852,3.5747746957506734e-05,0.9360993650573858,0.19325410491198788,-3.054770304056539,3.6767973018601237,1.5996870209224665,0.001777430023247185,3.574774695750652e-05
4.970000000000001,0.48436294833864313,0.4834797686906853,0.0015898494124659166,0.0017446368781418693,0.936115182860151,0.607492645730234,-9.368666124667522,34.35419273170507,15.051459749413173,0.0017803842166852915,3.574733854342228e-05,0.936115182860151,0.08173134321004978,-1.2604492775960199,0.6218347255551644,0.2724418651189308,0.0017803842166852918,3.57473385434225e-05,0.936115182860151,0.1982119510789712,-3.0567968264794985,3.6572729277629845,1.6023457950167623,0.0017803842166852915,3.574733854342228e-05
4.98,0.48437886643865036,0.48349723295691793,0.00159374268699369,0.0017481886176766864,0.9361309747279445,0.6226635873152603,-9.374860597401613,34.170840615540556,15.081593922888802,0.001783948682041614,3.576006436492758e-05,0.9361309747279445,0.08377242377657242,-1.2612826746430355,0.6185159250312943,0.27298731456783476,0.0017839486820416142,3.57600643649278e-05,0.9361309747279445,0.2031619071852851,-3.0588179514020126,3.637753658719656,1.6055538138374528,0.0017839486820416142,3.57600643649278e-05
4.99,0.48439482491092045,0.4835147342199825,0.0015976425189823027,0.001751741669435132,0.936146742770714,0.6378108338195646,-9.381038565234938,33.98750597313264,15.11174286735525,0.0017875148946064703,3.57732251713384e-05,0.936146742770714,0.08581031643491463,-1.2621138511401917,0.615197440794543,0.27353303138192164,0.0017875148946064707,3.5773225171338834e-05,0.936146742770714,0.20810413208989,-3.060833691125865,3.6182362498945966,1.6087634051458233,0.0017875148946064703,3.57732251713384e-05
5.0,0.4844108261284241,0.48353227421054434,0.0016022439368478364,0.0017558730972339401,0.936162487522096,0.6529354439524776,-9.387200046222647,33.80417390159706,15.14687406359183,0.0017916704402036554,3.57973429697153e-05,0.936162487522096,0.08784516362257958,-1.2629428095166069,0.6118790030923648,0.2741689304100492,0.0017916704402036556,3.579734296971552e-05,0.936162487522096,0.21303897122716034,-3.062844051542067,3.5987191147590356,1.61250339618329,0.0017916704402036556,3.579734296971552e-05
5.010000000000001,0.4844268673661684,0.483549850072031,0.0016057430713986801,0.0017590219282990402,0.9361782073118378,0.6680368270989624,-9.393344975140566,33.620867870609985,15.173538317652834,0.0017948244610009902,3.580253270194997e-05,0.9361782073118378,0.08987688587891764,-1.2637695409970975,0.6085610367421831,0.27465157190989886,0.00179482446100099,3.580253270194975e-05,0.9361782073118378,0.21796623189195044,-3.0648490113693554,3.5792047518438506,1.615342014900891,0.00179482446100099,3.580253270194975e-05
5.0200000000000005,0.4844429434563531,0.48356745729296574,0.00160950655257693,0.001762449852930809,0.9361939028058378,0.6831111619964245,-9.399473319266232,33.43762139706537,15.202607742997,0.001798262981047053,3.581312811624395e-05,0.9361939028058378,0.09190496909577162,-1.2645940411792223,0.6052441484230346,0.27517774867883377,0.0017982629810470527,3.581312811624373e-05,0.9361939028058378,0.22288466728741466,-3.0668485599310857,3.559696729284955,1.6184366829423475,0.0017982629810470527,3.581312811624373e-05
5.03,0.48445905746448303,0.48358509969859037,0.0016134571475424388,0.0017661452904816858,0.9362095742127544,0.698161024428983,-9.405585069093952,33.2544034881821,15.233986353086387,0.0018019746464319898,3.582935595030398e-05,0.9362095742127544,0.0939297598160953,-1.2654163087840966,0.6019277771440764,0.2757457232939156,0.0018019746464319898,3.582935595030398e-05,0.9362095742127544,0.227795117837218,-3.068842694125752,3.5401917476580183,1.621777181788791,0.00180197464643199,3.58293559503042e-05
5.04,0.48447521131231225,0.4836027788373803,0.001616989221331458,0.0017693406329291343,0.9362252215758559,0.7131876565889642,-9.411680194190346,33.07120147223444,15.261051486080323,0.0018051760857878483,3.5835452858713973e-05,0.9362252215758559,0.09595142516297751,-1.2662363397172494,0.5986116935382804,0.2762356209806066,0.0018051760857878483,3.5835452858713973e-05,0.9362252215758559,0.2326979888423405,-3.070831404023589,3.5206884579585744,1.6246584772090635,0.0018051760857878483,3.5835452858713973e-05
5.05,0.4844913989610063,0.483620488359949,0.001620529139228304,0.0017725432261502866,0.9362408442123715,0.7281879471143472,-9.417758757413127,32.8880646943108,15.288181651076824,0.0018083852175504816,3.584199140019501e-05,0.9362408442123715,0.0979695465374459,-1.267054142435483,0.5952967907859853,0.2767266957916673,0.0018083852175504816,3.584199140019501e-05,0.9362408442123715,0.23759226513141984,-3.072814710133733,3.501192113357826,1.6275466957954337,0.0018083852175504818,3.5841991400195226e-05
5.0600000000000005,0.48450762165901395,0.4836382296228392,0.0016238081602616234,0.0017754967386028634,0.9362564419477512,0.743163638603969,-9.423820882255532,32.704981495032,15.313160067069143,0.0018113398264941263,3.5843087891262873e-05,0.9362564419477512,0.09998435838669029,-1.2678697335534317,0.5919828578443381,0.27717882245273284,0.0018113398264941265,3.584308789126309e-05,0.9362564419477512,0.24247851527745504,-3.0747926527494047,3.481701472623525,1.6302058438447138,0.0018113398264941265,3.584308789126309e-05
5.07,0.4845238774360005,0.48365600068582515,0.0016274381958752229,0.0017788054666801102,0.936272013669787,0.7581150187603284,-9.429866592156886,32.5219677133736,15.341203768540723,0.001814657017272209,3.585155059209876e-05,0.936272013669787,0.10199589941786513,-1.2686831162245946,0.5886701814097864,0.2776864329078618,0.0018146570172722087,3.5851550592098545e-05,0.936272013669787,0.24735683315166254,-3.07676523951836,3.4622182219386937,1.633191315544988,0.001814657017272209,3.585155059209876e-05
5.08,0.4845401678494422,0.48367380309537306,0.0016308149055715578,0.001781845709755578,0.936287561366115,0.7730416680243399,-9.435895900228791,32.33900824893773,15.366937544117622,0.0018177009750434555,3.585526528787739e-05,0.936287561366115,0.10400411318398654,-1.2694942922129915,0.5853584881546513,0.27815223210152445,0.0018177009750434555,3.585526528787739e-05,0.936287561366115,0.2522270818608215,-3.0787324747186346,3.4427407537476924,1.63593087753911,0.0018177009750434555,3.585526528787739e-05
5.09,0.4845564935704577,0.4836916374700824,0.0016343461003907034,0.001785046088552908,0.9363030867437376,0.787942375974942,-9.441908799732396,32.15609510559413,15.394052494635867,0.0018209083071389865,3.5862218586078494e-05,0.9363030867437376,0.10600883683643415,-1.270303260611985,0.5820476333434269,0.27864303151997194,0.001820908307138986,3.586221858607806e-05,0.9363030867437376,0.257088866470241,-3.080694356151485,3.4232682167998174,1.6388174764250878,0.0018209083071389865,3.5862218586078494e-05
5.1000000000000005,0.4845728528625155,0.48370950215060016,0.0016374166186666958,0.0017877854508452826,0.936318587424387,0.8028183703484846,-9.447905277695837,31.973243214565493,15.41719107935657,0.0018236452889147763,3.585983806949364e-05,0.936318587424387,0.10801023555340675,-1.2711100196763556,0.5787378872416039,0.27906185595842997,0.0018236452889147763,3.585983806949364e-05,0.936318587424387,0.2619425875642228,-3.082650879584467,3.4038022006406847,1.6412807600232986,0.0018236452889147763,3.585983806949364e-05
5.11,0.4845892420226497,0.4837273929662739,0.0016406791105866697,0.0017905920067736703,0.9363340632741094,0.8176671509368509,-9.453885317634356,31.790484234525184,15.440910739030977,0.0018264510040023848,3.5858997228714476e-05,0.9363340632741094,0.11000797295985663,-1.2719145671882641,0.5754298228931373,0.2794911982567366,0.001826451004002385,3.585899722871469e-05,0.9363340632741094,0.2667874293779468,-3.084602039638955,3.384346075584073,1.6438059036021464,0.0018264510040023848,3.5858997228714476e-05
5.12,0.4846056687321108,0.4837453172306201,0.0016443604667816588,0.001793947773391424,0.9363495164504961,0.8324921434281404,-9.459848926929126,31.60775843491098,15.469368928880357,0.0018298172231523409,3.586944976091688e-05,0.9363495164504961,0.11200250994381553,-1.2727169041407644,0.5721223591334057,0.28000631123910197,0.0018298172231523409,3.586944976091688e-05,0.9363495164504961,0.27162450964070023,-3.086547838723269,3.364893482843737,1.646835500837107,0.001829817223152341,3.58694497609171e-05
5.13,0.4846221272094631,0.4837632698975087,0.0016477160435334761,0.0017969732313335154,0.9363649471832832,0.8472898753024534,-9.465796088288982,31.425103662752274,15.494980117603102,0.0018328466805559195,3.5873449222404135e-05,0.9363649471832832,0.11399337931655659,-1.2735170282075237,0.5688161810199021,0.2804698915256459,0.0018328466805559193,3.587344922240392e-05,0.9363649471832832,0.2764526953429738,-3.088488271195668,3.345448451532428,1.6495620125003274,0.0018328466805559193,3.587344922240392e-05
5.140000000000001,0.4846386210219911,0.4837812547089731,0.0016512717340995604,0.0018002133300643532,0.9363803551217875,0.8620636115044786,-9.47172680156458,31.242490974132085,15.522439115064437,0.0018360947087538533,3.588137868950009e-05,0.9363803551217875,0.11598102033988293,-1.274314939368449,0.5655107646476457,0.2809669184324849,0.0018360947087538535,3.588137868950031e-05,0.9363803551217875,0.2812730517668931,-3.0904233370074246,3.3260079003434524,1.652485237878468,0.0018360947087538533,3.588137868950009e-05
5.15,0.48465515007769405,0.48379927224430874,0.0016545375599324797,0.0018032253708664804,0.9363957414375325,0.8768123020732493,-9.477641041033877,31.05991303220856,15.547937519769485,0.001839110825332798,3.5885454466317484e-05,0.9363957414375325,0.11796529175328586,-1.2751106341629275,0.5622059772147084,0.28142845725005183,0.001839110825332798,3.5885454466317484e-05,0.9363957414375325,0.286085236332489,-3.0923530277659825,3.3065710482125232,1.655199742799518,0.0018391108253327977,3.588545446631727e-05
5.16,0.48467171053503927,0.4838173179887749,0.0016577267421532059,0.0018060948643661993,0.9364111038783498,0.891535503652651,-9.483538816180783,30.877407009670883,15.572202951432939,0.001841981097868746,3.588623350254667e-05,0.9364111038783498,0.1199461339081573,-1.275904113866913,0.5589024915725573,0.2818676784000512,0.0018419810978687458,3.5886233502546456e-05,0.9364111038783498,0.29088910438207544,-3.09427734656574,3.287141852463594,1.6577829880818713,0.0018419810978687458,3.5886233502546456e-05
5.17,0.4846883068315432,0.4838353964579177,0.0016614873625786155,0.0018095531256355248,0.9364264431879918,0.9062357839191615,-9.489420207639103,30.694935856646975,15.601543031105647,0.0018454516326630616,3.5898507027536846e-05,0.9364264431879918,0.12192389225665858,-1.276695389328783,0.5555996370928001,0.2823987542001299,0.0018454516326630616,3.5898507027536846e-05,0.9364264431879918,0.2956854936939662,-3.0961963197157965,3.267716368847554,1.6609064693967555,0.0018454516326630616,3.5898507027536846e-05
5.180000000000001,0.48470493468427295,0.48385350327866655,0.0016639258845635816,0.0018116443398669732,0.9364417590156697,0.9209110136313753,-9.495285270537574,30.512532773194454,15.619108013047681,0.0018475293325763327,3.588499270935951e-05,0.9364417590156697,0.12389828033316524,-1.2774844679654915,0.5522980147195159,0.28271669256097587,0.0018475293325763327,3.588499270935951e-05,0.9364417590156697,0.30047370954190206,-3.0981099652034865,3.248298131770606,1.6627763993186995,0.0018475293325763327,3.588499270935951e-05
5.19,0.4847215892221786,0.48387163339271966,0.0016667950845531347,0.0018141879068058263,0.9364570525676008,0.9355573019176397,-9.501134089001646,30.330233912815608,15.640569487639162,0.001850067934895683,3.588002808985668e-05,0.9364570525676008,0.12586877466439964,-1.2782713610951784,0.5489982788561818,0.2831051601424099,0.001850067934895683,3.588002808985668e-05,0.9364570525676008,0.3052524824170797,-3.1000183104771595,3.2288909900562763,1.6650611414061145,0.0018500679348956827,3.5880028089856466e-05
5.2,0.48473827294746963,0.48388978949214567,0.0016696518702004413,0.0018167199712588416,0.936472322432479,0.9501781712682704,-9.506966753941843,30.14801927993114,15.661932710250095,0.0018525949153339438,3.587494407510214e-05,0.936472322432479,0.12783584916204935,-1.2790560809488374,0.5457000675689383,0.2834918492948225,0.0018525949153339438,3.587494407510214e-05,0.936472322432479,0.31002296163329424,-3.1019213851989886,3.209492815018514,1.6673354238005493,0.0018525949153339438,3.587494407510214e-05
5.21,0.48475498604850153,0.4839079717245429,0.0016728500638865304,0.0018196051761786534,0.9364875699779126,0.9647727431572521,-9.512783296942441,29.96588490861307,15.686339949326712,0.0018554819617698597,3.587678559120624e-05,0.9364875699779126,0.12979938563026167,-1.2798386317757804,0.5424033090717372,0.28393363725739507,0.001855481961769859,3.587678559120559e-05,0.9364875699779126,0.314784860546161,-3.103819199674253,3.190103184453219,1.6699337655928734,0.0018554819617698595,3.5876785591206026e-05
5.220000000000001,0.48477173170481,0.4839261834201619,0.0016762449125876041,0.0018227388706240442,0.9365027965400923,0.979342677009399,-9.518583889685974,29.78380202882212,15.712898782748622,0.0018586235127307082,3.588464210666398e-05,0.9365027965400923,0.13175960732609163,-1.2806190366739723,0.539107482606905,0.28441437057052976,0.001858623512730708,3.588464210666376e-05,0.9365027965400923,0.3195387205907615,-3.1057118099193173,3.1707190355643413,1.6727611614576372,0.001858623512730708,3.588464210666376e-05
5.23,0.4847885068472045,0.4839444218489035,0.0016789541616565931,0.001825117637654126,0.9365180047902723,0.9938835743792003,-9.524368593312111,29.601785896789544,15.73294752803577,0.001860995008271197,3.587737061707102e-05,0.9365180047902723,0.13371592248787398,-1.2813973038690722,0.5358128643228132,0.28477726677131443,0.0018609950082711971,3.5877370617071235e-05,0.9365180047902723,0.32428310664772003,-3.1075992358827578,3.1513419924972075,1.6748955074440772,0.001860995008271197,3.587737061707102e-05
5.24,0.48480530972562286,0.48396268481479776,0.001681509882044764,0.0018273591341659524,0.9365331909228565,1.0083983916403885,-9.53013749172638,29.419858114401098,15.751807503773781,0.0018632258884442867,3.58667542783343e-05,0.9365331909228565,0.13566872886263978,-1.2821734446496305,0.5325198452285828,0.28511864541841614,0.0018632258884442863,3.586675427833387e-05,0.9365331909228565,0.32901898331901136,-3.109481504941166,3.1319743549417725,1.6769032995998578,0.0018632258884442865,3.5866754278334086e-05
5.25,0.4848221413523799,0.48398097343350277,0.0016851960552358664,0.0018307515242285738,0.936548354077624,1.0228889680166686,-9.535890650936679,29.23801026195232,15.780588806857427,0.0018666303275218822,3.587880329330843e-05,0.936548354077624,0.1376182738973744,-1.282947467896272,0.5292282729217206,0.2856396069745183,0.0018666303275218824,3.5878803293308646e-05,0.936548354077624,0.333746950704277,-3.111358638631518,3.1126152265545417,1.679967294769694,0.0018666303275218822,3.587880329330843e-05
5.260000000000001,0.4848390035012363,0.48399928814111215,0.00168770548541106,0.001832760529447885,0.936563494532028,1.037355957641108,-9.541628116343286,29.056238186050912,15.797446412068393,0.0018686243543304705,3.586382488258554e-05,0.936563494532028,0.1395646455983684,-1.283719379717097,0.5259380722229445,0.28594474132570924,0.0018686243543304705,3.586382488258554e-05,0.936563494532028,0.33846722223324754,-3.1132306517669606,3.0932641651743693,1.6817619188974235,0.0018686243543304705,3.586382488258554e-05
5.2700000000000005,0.48485589524454215,0.48401762871874204,0.0016904330875043923,0.001834871724604224,0.9365786114804485,1.0518004566285741,-9.547349926583031,28.874544190642602,15.815178947020737,0.0018707218734998125,3.58501488955886e-05,0.9365786114804485,0.14150799143562162,-1.2844891853102578,0.5226492848352707,0.28626571251230076,0.0018707218734998127,3.5850148895588815e-05,0.9365786114804485,0.3431801555449296,-3.11509755695387,3.0739214160743256,1.6836496861498311,0.0018707218734998123,3.585014889558838e-05
5.28,0.4848728115480519,0.4840359877950526,0.0016926914216402538,0.001836799434840586,0.9365937035056743,1.0662199685226135,-9.55305609282979,28.692986839658133,15.831345648968375,0.0018726341757922564,3.583474095167046e-05,0.9365937035056743,0.1434479755388308,-1.2852568861790754,0.5193629708064809,0.2865583410350331,0.0018726341757922564,3.583474095167046e-05,0.9365937035056743,0.34788493609859106,-3.1169593578380463,3.054593213843596,1.6853707582130308,0.0018726341757922566,3.5834740951670675e-05
5.29,0.48488975046708754,0.48405436616889597,0.001695377304612493,0.0018391610581609983,0.9366087761209113,1.080610058502021,-9.55874663171551,28.511550816729773,15.85125483766609,0.0018749891636747973,3.582810551379899e-05,0.9366087761209113,0.1453840012523877,-1.2860224845611923,0.5160788528996918,0.2869187111647158,0.0018749891636747973,3.582810551379899e-05,0.9366087761209113,0.3525801169062398,-3.11881605984614,3.035277927934855,1.6874902473073174,0.001874989163674797,3.582810551379877e-05
5.3,0.48490671442183036,0.48407276634806157,0.0016975225441050693,0.0018409793718301602,0.9366238295225437,1.0949724241106902,-9.564421635927523,28.330215231259693,15.866480042446394,0.001876790099579882,3.5810727749721865e-05,0.9366238295225437,0.14731629696184328,-1.2867859929266523,0.5127965529805874,0.28719429793544915,0.001876790099579882,3.5810727749721865e-05,0.9366238295225437,0.3572662518404032,-3.120667693220059,3.0159733343803183,1.689111089621894,0.0018767900995798822,3.581072774972208e-05
5.3100000000000005,0.4849237006037364,0.48409118552057073,0.0016996683989057228,0.001842802750951765,0.9366388623715352,1.1093068348045985,-9.570081149357039,28.149002434580083,15.8817492674362,0.0018785962424806679,3.5793491528902975e-05,0.9366388623715352,0.149244831650077,-1.2875474171805275,0.5095164756237892,0.2874706815025185,0.0018785962424806679,3.5793491528902975e-05,0.9366388623715352,0.36194326567946217,-3.122514272280574,2.996681812654386,1.690736618232601,0.0018785962424806677,3.579349152890276e-05
5.32,0.48494071114123777,0.48410962629718585,0.001702438572751981,0.0018453370279901322,0.936653875213362,1.123614374635588,-9.575725244805799,27.96788990659419,15.903147165312292,0.001881127324534043,3.579029654391091e-05,0.936653875213362,0.15116975116414358,-1.2883067671174775,0.5062382131999199,0.2878579983012904,0.001881127324534043,3.579029654391091e-05,0.936653875213362,0.3666115121265144,-3.1243558207813455,2.977400965316349,1.6930145920806385,0.0018811273245340429,3.579029654391069e-05
5.33,0.4849577512722499,0.48412809393135475,0.0017051659759196197,0.0018477565292788322,0.9366688697029159,1.1378971232329065,-9.581353965129477,27.78683428441156,15.92355495828724,0.0018835412905622482,3.578476128341594e-05,0.9366688697029159,0.15309133529490634,-1.2890640485032543,0.5029609808105747,0.28822739351435417,0.001883541290562248,3.578476128341572e-05,0.9366688697029159,0.3712716697204256,-3.126192352705272,2.958126176046837,1.6951871615060234,0.0018835412905622482,3.578476128341594e-05
5.34,0.48497481941512466,0.48414658563698815,0.0017078176855450991,0.001849869848320051,0.9366838443302345,1.1521549721435569,-9.586967350947804,27.60585805409021,15.941323662672133,0.0018856430880865077,3.57732397664567e-05,0.9366838443302345,0.1550095694512271,-1.2898192668027888,0.49968518546900553,0.28854901939277144,0.0018856430880865075,3.5773239766456483e-05,0.9366838443302345,0.37592370307528555,-3.128023881305708,2.9388598386628693,1.6970787792778568,0.0018856430880865075,3.5773239766456483e-05
5.3500000000000005,0.4849919083188925,0.48416509346550174,0.0017100794836499217,0.0018518061508131785,0.9366987977916313,1.1663847484247447,-9.592565542973817,27.42502221834476,15.95757566715822,0.0018875654805160962,3.575932970291775e-05,0.9366987977916313,0.156924026749129,-1.2905724409474468,0.496411931366675,0.2888431919506381,0.0018875654805160967,3.575932970291819e-05,0.9366987977916313,0.3805665769272334,-3.1298504524943307,2.9196084473812793,1.6988089324644868,0.0018875654805160964,3.575932970291797e-05
5.36,0.4850090223319977,0.48418362316961605,0.0017127557705152133,0.0018540424536120672,0.9367137316887716,1.1805889079142151,-9.5981486268346,27.24427945196539,15.976399151194956,0.0018897920442142344,3.574959060216728e-05,0.9367137316887716,0.15883503759412237,-1.291323582457395,0.49314036188444776,0.28918391007262645,0.0018897920442142342,3.5749590602167066e-05,0.9367137316887716,0.3852010925639791,-3.1316720942094385,2.9003669640627607,1.7008128397928108,0.0018897920442142342,3.5749590602167066e-05
5.37,0.4850261614096832,0.48420217362884893,0.0017151858433463508,0.0018561730443643163,0.9367286434454823,1.194770262470003,-9.603716763550844,27.06364192254476,15.994319844762531,0.0018919118200041547,3.5738775639838384e-05,0.9367286434454823,0.16074298029026687,-1.2920727129961667,0.4898706972641939,0.28950828706070997,0.0018919118200041542,3.573877563983795e-05,0.9367286434454823,0.38982816743509385,-3.1334888589886636,2.8811366840428683,1.7027206380037392,0.0018919118200041547,3.5738775639838384e-05
5.38,0.4850433254425284,0.48422074603244936,0.0017174600985448887,0.0018581438193641354,0.9367435360477345,1.2089266890941603,-9.609270006878024,26.883094240541947,16.01086565151783,0.0018938689652704538,3.57251459063184e-05,0.9367435360477345,0.1626475692119255,-1.2928198397959605,0.48660265894454424,0.28980777764350785,0.0018938689652704534,3.572514590631797e-05,0.9367435360477345,0.3944471088514259,-3.1353007643712774,2.8619159689844156,1.7044820687434081,0.0018938689652704536,3.5725145906318184e-05
5.390000000000001,0.4850605135178627,0.48423933951670983,0.0017201895729232633,0.0018605899497282181,0.9367584085261278,1.2230589435464834,-9.614808435582873,26.702643505777424,16.031503971240273,0.0018963101994965345,3.5720249768316425e-05,0.9367584085261278,0.1645489060381288,-1.2935649734539594,0.48333637543717584,0.29018134555065533,0.0018963101994965339,3.5720249768315775e-05,0.9367584085261278,0.39905816340134936,-3.137107836057191,2.84270557471891,1.706679179546881,0.0018963101994965343,3.572024976831621e-05
5.4,0.4850777252497064,0.48425795364453517,0.0017226111856119537,0.0018626996104464898,0.9367732623998488,1.2371658359316187,-9.620332133077921,26.52228967154845,16.049255334509738,0.0018984099458012633,3.571033535477346e-05,0.9367732623998488,0.16644683068176097,-1.2943081251923867,0.4800718458967365,0.29050265754285104,0.0018984099458012628,3.5710335354773026e-05,0.9367732623998488,0.40366094284727605,-3.1389101012621423,2.823505496274478,1.7085689512211366,0.0018984099458012628,3.5710335354773026e-05
5.41,0.4850949607111284,0.4842765884760217,0.0017246570412598563,0.0018644403274729973,0.9367880980382437,1.251246976819432,-9.625841158143492,26.342029977538328,16.063823135365393,0.0019001331197091118,3.569279223611453e-05,0.9367880980382437,0.16834129074935167,-1.295049302919478,0.4768090203595789,0.29076634484639985,0.0019001331197091118,3.569279223611453e-05,0.9367880980382437,0.40825532012642224,-3.1407075791649035,2.804315439793784,1.7101198077382005,0.0019001331197091116,3.569279223611431e-05
5.42,0.48511221827710255,0.4842952423786271,0.0017266999862857449,0.001866177328448837,0.9368029152135765,1.265302118968837,-9.631335529551258,26.161876827295636,16.078360901338566,0.0019018527408963864,3.567541244754941e-05,0.9368029152135765,0.17023225297737699,-1.2957885091607515,0.4735481233385386,0.29102948849773563,0.0019018527408963864,3.567541244754941e-05,0.9368029152135765,0.4128412145692711,-3.1425002758902716,2.785136725731737,1.7116674668067475,0.0019018527408963862,3.567541244754919e-05
5.430000000000001,0.485129491248931,0.4843139085133085,0.001728296040323924,0.0018674583373257316,0.9368177127017872,1.2793283418058872,-9.636815262133231,25.981882722558815,16.088972028051728,0.0019031078937410864,3.5649556415354774e-05,0.9368177127017872,0.17211932443526698,-1.2965257459116888,0.4702901051515103,0.2912215572539145,0.001903107893741086,3.564955641535434e-05,0.9368177127017872,0.41741767325455814,-3.1442881962776172,2.7659749433096636,1.7127971043669774,0.001903107893741086,3.564955641535434e-05
5.44,0.4851467843635817,0.48433259175520627,0.0017302861112795248,0.0018691452133216574,0.9368324910794531,1.2933284189497485,-9.642280372584123,25.80200931794015,16.103079527862022,0.0019047766202578028,3.5631406936145315e-05,0.9368324910794531,0.17400287828246896,-1.297261015418377,0.4670342717203701,0.2914769127891564,0.0019047766202578032,3.563140693614575e-05,0.9368324910794531,0.4219856011553234,-3.1460713457740717,2.7468260103606648,1.7142989582320227,0.001904776620257803,3.563140693614553e-05
5.45,0.485164100542338,0.48435129506859503,0.001732697070922454,0.001871254498040758,0.9368472518781588,1.3073031084916924,-9.647730949138793,25.622230614170814,16.12083092365577,0.0019068763704097147,3.562187236895659e-05,0.9368472518781588,0.17588301651168747,-1.2979943295518293,0.4637801524403121,0.2917982253700641,0.0019068763704097147,3.562187236895659e-05,0.9368472518781588,0.4265452456206519,-3.147849753168794,2.7276871590589105,1.7161887333687433,0.001906876370409715,3.562187236895681e-05
5.46,0.4851814356590901,0.4843700123998629,0.0017342833817909715,0.0018721722812250858,0.936861994584439,1.3212489515309764,-9.653167002706118,25.442591270811413,16.12831984220928,0.0019077622082363898,3.5589927011304024e-05,0.936861994584439,0.177759273766501,-1.2987256897797135,0.46052855568037104,0.29193377999216785,0.0019077622082363896,3.558992701130381e-05,0.936861994584439,0.4310954780846759,-3.1496234220211208,2.708563143764465,1.7169859874127507,0.0019077622082363896,3.558992701130381e-05
5.470000000000001,0.4851987882273967,0.48438874264267,0.001735946321209529,0.001873583178726865,0.9368767194467683,1.3351654497531555,-9.658588582461196,25.26309829336092,16.140058902498133,0.0019091507803752354,3.556760164837047e-05,0.9368767194467683,0.1796315830042725,-1.299455102717989,0.45727960824493913,0.29214626512869846,0.0019091507803752354,3.556760164837047e-05,0.9368767194467683,0.4356361359579732,-3.1513923683758414,2.689454710267571,1.718235702337712,0.0019091507803752354,3.556760164837047e-05
5.48,0.48521615456485295,0.4844074841594788,0.0017368848380814564,0.0018742615362831818,0.9368914247222832,1.3490535171283167,-9.663995727282822,25.083766009737666,16.145486434707585,0.001909792784064056,3.5531247780874265e-05,0.9368914247222832,0.18150006718945827,-1.3001825735973633,0.4540335694792798,0.29224450722765455,0.0019097927840640559,3.553124778087405e-05,0.9368914247222832,0.44016751744957616,-3.153156604918282,2.670363383887372,1.7188135056576503,0.0019097927840640559,3.553124778087405e-05
5.49,0.4852335300997516,0.48442623214989755,0.0017385609488834823,0.0018756814682139517,0.9369061126882526,1.3629087182211632,-9.669388492468945,24.90462575386939,16.15730889932948,0.0019111912218080073,3.550975359405562e-05,0.9369061126882526,0.18336412958383091,-1.300908109857557,0.4507910065492266,0.2924585020404844,0.001911191221808007,3.5509753594055405e-05,0.9369061126882526,0.44468817537112754,-3.1549161496909885,2.6512925003659285,1.7200720996272063,0.001911191221808007,3.5509753594055405e-05
5.5,0.485250922472839,0.48444499453609247,0.0017400834693541672,0.0018769648440841035,0.9369207828949158,1.3767366793252693,-9.674767031660965,24.72561734297738,16.16794758713716,0.0019124496347576068,3.5484790673503356e-05,0.9369207828949158,0.18522452714228432,-1.3016317321693025,0.4475508301047261,0.29265106967159776,0.0019124496347576066,3.548479067350314e-05,0.9369207828949158,0.4491999454627545,-3.1566710528238873,2.6322356527750075,1.7212046712818458,0.0019124496347576066,3.548479067350314e-05
5.510000000000001,0.4852683338788188,0.4844637736659181,0.0017422839143227849,0.0018789447709443704,0.9369354340961868,1.390540315312603,-9.680131454359493,24.54672414018366,16.18458527816324,0.0019144176486910111,3.547287774664071e-05,0.9369354340961868,0.18708165202825103,-1.302353455264683,0.4443127390067434,0.29295222342345195,0.0019144176486910111,3.547287774664071e-05,0.9369354340961868,0.4537037787852871,-3.1584213500447036,2.6131910699886256,1.72297588382191,0.0019144176486910111,3.547287774664071e-05
5.5200000000000005,0.485285763930162,0.48448256923624844,0.001744033678844948,0.0018802670158080959,0.9369500678939454,1.4043181447310438,-9.685481838330304,24.36794423770565,16.195561795107473,0.001915716022260555,3.5449006452459124e-05,0.9369500678939454,0.18893530492891206,-1.3030732896062134,0.44107669872308997,0.29315090599634414,0.001915716022260555,3.5449006452459124e-05,0.9369500678939454,0.45819919197235487,-3.1601670667267565,2.594158548908382,1.7241444200344993,0.0019157160222605548,3.544900645245891e-05
5.53,0.4853032109394565,0.4845013777133526,0.0017452354721694267,0.0018812898475990996,0.936964681459346,1.4180711967279855,-9.690818291216631,24.189308225930073,16.203960282802583,0.001916709449820761,3.54196022216615e-05,0.936964681459346,0.1907856243045426,-1.3037912496760877,0.437843262960991,0.29330292445102746,0.0019167094498207609,3.5419602221661286e-05,0.936964681459346,0.46268652081290007,-3.1619082379917494,2.575141346120571,1.7250385048386847,0.0019167094498207609,3.5419602221661286e-05
5.54,0.4853206716531977,0.48452019810778246,0.0017472485244499477,0.0018831364801618353,0.9369792769045817,1.431797347742407,-9.696140837387311,24.0108192192123,16.219457278141416,0.001918542534874746,3.5406054712910614e-05,0.9369792769045817,0.1926323244537504,-1.3045073387528607,0.4346124880924397,0.29358343081945565,0.0019185425348747457,3.54060547129104e-05,0.9369792769045817,0.4671650724340521,-3.1636448717907157,2.556139793172719,1.726688281387271,0.0019185425348747457,3.54060547129104e-05
5.55,0.48533815193823554,0.4845390364419376,0.0017485995323510539,0.0018843114367110448,0.936993854743072,1.4454997995991596,-9.701449518521066,23.83243016490646,16.229168856665442,0.0019196912833291241,3.537984661807934e-05,0.936993854743072,0.19447583614627012,-1.3052215624439378,0.43138352243189765,0.2937592171292478,0.001919691283329124,3.5379846618079124e-05,0.936993854743072,0.4716358915232739,-3.165376981722537,2.5371488809420875,1.7277221549962116,0.0019196912833291241,3.537984661807934e-05
5.5600000000000005,0.485355643842466,0.48455788457192706,0.0017496674286804888,0.0018851925858282689,0.9370084142398544,1.4591747253891139,-9.706744379789583,23.654202346141382,16.236354038612358,0.0019205411932212728,3.534860739300388e-05,0.9370084142398544,0.19631564451426642,-1.3059339268266645,0.42815747524651887,0.2938892739080206,0.0019205411932212728,3.534860739300388e-05,0.9370084142398544,0.4760977294413754,-3.1671045825257753,2.5181751334977998,1.7284870738991454,0.0019205411932212725,3.5348607393003665e-05
5.57,0.4853731454728039,0.4845767405627363,0.0017504794751822303,0.00188581421482056,0.9370229554946621,1.4728213676152924,-9.712025516083484,23.476149035222722,16.24130529328186,0.0019211268597156283,3.5312644895068353e-05,0.9370229554946621,0.1981516476449905,-1.3066444446675134,0.42493458677424484,0.2939788950530322,0.0019211268597156283,3.5312644895068353e-05,0.9370229554946621,0.48055033903317723,-3.1688277051612266,2.4992199637807597,1.7290141737440654,0.0019211268597156283,3.5312644895068353e-05
5.58,0.48539065737623527,0.48459560490857956,0.0017515992178020548,0.001886738112133436,0.9370374799764917,1.4864390521218527,-9.717293002634854,23.29826282298927,16.248864725363198,0.0019220210383394153,3.5282926205979295e-05,0.9370374799764917,0.1999837548383113,-1.3073531260881204,0.42171472290411666,0.2941157260189164,0.0019220210383394153,3.5282926205979295e-05,0.9370374799764917,0.4849935003359427,-3.170546374175523,2.4802825830277166,1.729818934505474,0.0019220210383394155,3.528292620597951e-05
5.59,0.48540817742048303,0.48461447533215224,0.0017525077888350673,0.0018874491484838802,0.9370519885723431,1.5000256076085068,-9.7225468325199,23.12055779212918,16.254592629059317,0.0019226985719145665,3.524942343068635e-05,0.9370519885723431,0.2018116739700521,-1.3080599701569664,0.4184981385425615,0.2942194050501979,0.0019226985719145663,3.524942343068613e-05,0.9370519885723431,0.4894265049004923,-3.172260587309577,2.461364490451142,1.7304287147231094,0.001922698571914566,3.5249423430685914e-05
5.6000000000000005,0.4854257102671911,0.4846333567705198,0.001753940411904255,0.0018887110712574688,0.9370664787880764,1.5135861344726753,-9.727787040735723,22.94300029029677,16.265057290326318,0.001923936399876964,3.522532861949517e-05,0.9370664787880764,0.20363609124165907,-1.3087649815825197,0.4152842245587723,0.2944088226801743,0.0019239363998769638,3.5225328619494954e-05,0.9370664787880764,0.49385101687820476,-3.1739703559822,2.4424621034952234,1.7315427598892676,0.001923936399876964,3.522532861949517e-05
5.61,0.48544325604411914,0.48465224938991924,0.0017553301008358885,0.001889927475229637,0.9370809499088099,1.5271215060364354,-9.733013664865044,22.765589332611103,16.275132783421366,0.0019251281945055511,3.520071927591421e-05,0.9370809499088099,0.20545712414885325,-1.309468165421116,0.41207296312572067,0.29459119609620893,0.0019251281945055511,3.520071927591421e-05,0.9370809499088099,0.4982673212155301,-3.1756756924558354,2.4235753173116703,1.732615375054996,0.0019251281945055511,3.520071927591421e-05
5.62,0.48546081733485197,0.4846711557744631,0.0017570230295075805,0.0018914475388837192,0.9370954039296465,1.5406317783203525,-9.73822674068235,22.58830141422018,16.28782703782041,0.0019266297531949353,3.518221431121605e-05,0.9370954039296465,0.2072747802285754,-1.3101695264858118,0.4088639287892764,0.29482097090890813,0.0019266297531949357,3.518221431121648e-05,0.9370954039296465,0.5026754361907895,-3.1773766084029393,2.404701629624863,1.733966777875442,0.0019266297531949355,3.5182214311216264e-05
5.63,0.4854783938389508,0.4846900756544031,0.0017582018721444509,0.0018924435551566894,0.9371098405271293,1.5541174725979634,-9.74342638058043,22.411138033073875,16.296010413175424,0.0019275977358732827,3.51541807165933e-05,0.9371098405271293,0.2090891296123516,-1.3108690798978007,0.4056571486633715,0.2949690956809772,0.0019275977358732832,3.515418071659373e-05,0.9371098405271293,0.5070755318844693,-3.179073140494892,2.3858411999033007,1.7348379622859547,0.001927597735873283,3.5154180716593514e-05
5.640000000000001,0.48549598407618805,0.4847090074892839,0.001759738136171415,0.0018938061773315052,0.9371242597555347,1.567577504729763,-9.748612661096859,22.234108585784234,16.30735088577164,0.0019289391604763579,3.513298314485264e-05,0.9371242597555347,0.21090002644133302,-1.3115668359543569,0.40245279283320406,0.2951743661037056,0.0019289391604763576,3.513298314485242e-05,0.9371242597555347,0.5114672545648693,-3.180765313704278,2.366995028489943,1.7360452444287218,0.0019289391604763574,3.5132983144852206e-05
5.65,0.48551358806855477,0.48472795131302865,0.00176122830428679,0.0018951294657456816,0.9371386615231931,1.5810120665561698,-9.753785654183904,22.057211572475413,16.318350699367304,0.0019302402897248324,3.511082397915084e-05,0.9371386615231931,0.21270749652550303,-1.3122628043358546,0.39925083414998047,0.29537347036215345,0.0019302402897248328,3.5110823979151275e-05,0.9371386615231931,0.5158506668254444,-3.182453151507597,2.3481629557112567,1.7372162607523496,0.0019302402897248328,3.5110823979151275e-05
5.66,0.48553120671285116,0.4847469081387683,0.0017626652969345718,0.0018963962209934708,0.9371530444642625,1.594423260784848,-9.758945504572955,21.88044056112797,16.328866226921857,0.0019314841344814167,3.508791348794593e-05,0.9371530444642625,0.21451182276066783,-1.3129570045142833,0.396051156189686,0.2955638087072288,0.001931484134481417,3.5087913487946145e-05,0.9371530444642625,0.5202264547350577,-3.1841367011276254,2.329344296828388,1.738335721033275,0.0019314841344814167,3.508791348794593e-05
5.67,0.4855488399758885,0.48476587776502256,0.0017639984290988646,0.0018975442494965817,0.9371674113403078,1.607808670739398,-9.764092268012392,21.703790686306967,16.338365460960507,0.0019326077654537328,3.506351595715103e-05,0.9371674113403078,0.21631268001003828,-1.3136494439899644,0.3928536708845722,0.29573575143449754,0.0019326077654537325,3.506351595715081e-05,0.9371674113403078,0.5245938297835144,-3.185815980753878,2.3105385338776743,1.7393469889083595,0.0019326077654537328,3.506351595715103e-05
5.680000000000001,0.48556648754077425,0.484784859955863,0.0017653729113002515,0.0018987429202011927,0.937181760865825,1.6211696787011414,-9.769225978341494,21.52726567226979,16.348298217282462,0.001933782676251636,3.5039756050443335e-05,0.937181760865825,0.2181102542441112,-1.3143401273155944,0.38965844564628205,0.2959155412158994,0.001933782676251636,3.5039756050443335e-05,0.937181760865825,0.5289532429798594,-3.1874910014273907,2.2917460633354882,1.7404044086264725,0.001933782676251636,3.5039756050443335e-05
5.69,0.4855841442296181,0.484803849338178,0.0017661507887648115,0.0018991864382121811,0.9371960926659151,1.6345041521883672,-9.774346691784869,21.350905799180325,16.351723141735825,0.0019341877985149661,3.5001360302785e-05,0.9371960926659151,0.2199042585613153,-1.3150290620555658,0.3864662095737306,0.29597753472493443,0.0019341877985149661,3.5001360302785e-05,0.9371960926659151,0.5333039985405901,-3.1891617814930613,2.2729711733408076,1.7407690186634694,0.0019341877985149661,3.5001360302785e-05
5.7,0.48560181263001634,0.48482284725661307,0.0017676323178775044,0.0019004991066613702,0.9372104040117136,1.647815513710057,-9.77945443453673,21.174705706858468,16.36263628493784,0.0019354786758275172,3.4979569166147025e-05,0.9372104040117136,0.2216951534219675,-1.3157162517340173,0.38327686564393904,0.29617507018911976,0.0019354786758275175,3.497956916614724e-05,0.9372104040117136,0.5376472131577155,-3.190828329497505,2.2542132932604724,1.7419308082447655,0.0019354786758275172,3.4979569166147025e-05
5.71,0.48561949402867016,0.48484185677445346,0.0017690421443574077,0.001901810884743144,0.9372246988103302,1.6611019881948383,-9.784549255926155,20.998633709928757,16.373548899583614,0.0019367694906190106,3.4958605875866485e-05,0.9372246988103302,0.2234827000100614,-1.3164017029876247,0.38008984032962584,0.2963725960860703,0.0019367694906190101,3.495860587586605e-05,0.9372246988103302,0.5419823076631375,-3.1924906615357522,2.235469049938058,1.7430925415571092,0.0019367694906190103,3.495860587586627e-05
5.720000000000001,0.4856371906730175,0.48486088025704155,0.001770147137858459,0.0019027419714698673,0.9372389773890042,1.674365127692764,-9.789631276319747,20.822670876004377,16.381181390706963,0.0019376723111398262,3.49303396699589e-05,0.9372389773890042,0.22526710713657846,-1.3170854320103687,0.37690479094145335,0.2965107494713079,0.0019376723111398256,3.493033966995825e-05,0.9372389773890042,0.5463097884578332,-3.19414881688087,2.216736427872682,1.7439050800258433,0.001937672311139826,3.4930339669958684e-05
5.73,0.485654898118297,0.48487991252726814,0.0017711497727144452,0.0019035192607350948,0.9372532417556654,1.687600551172753,-9.794700588857815,20.646850401910076,16.38750599348085,0.0019384204261494598,3.490116541436509e-05,0.9372532417556654,0.22704778538277026,-1.3177674513332358,0.37372231836498365,0.2966252291699247,0.0019384204261494598,3.490116541436509e-05,0.9372532417556654,0.5506282261043853,-3.195802825922562,2.1980189611263863,1.7445783835345137,0.0019384204261494596,3.4901165414364874e-05
5.74,0.48567261419473434,0.48489895131347804,0.0017722411933049269,0.0019044209352074314,0.9372674932726294,1.7008062493186225,-9.799757244723528,20.471185847738635,16.39489394234684,0.0019392943206270501,3.487338541961868e-05,0.9372674932726294,0.22882446441761026,-1.31844776784235,0.37054266804730474,0.29675895617062514,0.00193929432062705,3.4873385419618465e-05,0.9372674932726294,0.5549369650055886,-3.1974527053608113,2.179318093277268,1.745364888564345,0.00193929432062705,3.4873385419618465e-05
5.75,0.48569033991465677,0.48491799785525624,0.001772758807282854,0.0019047312669485837,0.9372817293416373,1.713985209665471,-9.804801316644609,20.295671517053158,16.3971959618361,0.0019395666184130068,3.483535146442309e-05,0.9372817293416373,0.2305975461805428,-1.319126391322413,0.3673657368789563,0.2968006243206675,0.001939566618413007,3.483535146442331e-05,0.9372817293416373,0.5592369799307096,-3.1990984789251287,2.1606332178949965,1.745609956571706,0.0019395666184130068,3.483535146442309e-05
5.760000000000001,0.4857080708441236,0.48493704745270405,0.0017731396494882982,0.0019046193260937425,0.9372959507471392,1.7271343019913914,-9.809832912306884,20.12033891540752,16.395853321808648,0.0019394078022481056,3.4788476154363123e-05,0.9372959507471392,0.23236660953520877,-1.3198033362613484,0.36419209513232403,0.2967763216045621,0.0019394078022481058,3.478847615436334e-05,0.9372959507471392,0.5635272495548057,-3.2007401817511134,2.141967688992579,1.7454670220232953,0.0019394078022481058,3.478847615436334e-05
5.7700000000000005,0.4857258084665809,0.48495609898179165,0.0017742662345328214,0.0019055579867822167,0.9373101531479413,1.7402573148674783,-9.8148521573703,19.945204223179886,16.403561275857307,0.0019403195490128474,3.4761562230630665e-05,0.9373101531479413,0.23413216419148955,-1.3204786195652973,0.36102203568347985,0.2969158409211087,0.0019403195490128471,3.476156223063045e-05,0.9373101531479413,0.5678090100081803,-3.2023778548389368,2.1233232290980206,1.7462875941115625,0.0019403195490128474,3.4761562230630665e-05
5.78,0.48574355643906525,0.4849751590006936,0.001775640991127955,0.001906757800884326,0.9373243403381171,1.7533548361192344,-9.819859058663779,19.770211101994093,16.413518035115324,0.0019414972990336053,3.4739498149279416e-05,0.9373243403381171,0.23589428923473418,-1.3211522421530146,0.3578545387687238,0.2970960651723081,0.0019414972990336057,3.473949814927985e-05,0.9373243403381171,0.5720824530858134,-3.2040115004167316,2.1046938405498534,1.7473475691302451,0.0019414972990336057,3.473949814927985e-05
5.79,0.4857613173789939,0.4849942301559935,0.0017765227450908514,0.0019074367644755501,0.9373385135703541,1.7664276307547482,-9.824853646698942,19.5953372271125,16.41899525860052,0.0019421451805286,3.4708416053049916e-05,0.9373385135703541,0.23765308758822762,-1.3218242081294984,0.35468920029481443,0.29719520671783406,0.0019421451805286,3.4708416053049916e-05,0.9373385135703541,0.5763478283936003,-3.2056411284397925,2.086077146704877,1.7479306624757398,0.0019421451805285998,3.47084160530497e-05
5.800000000000001,0.48577908588414,0.48501330679498844,0.001777072991184424,0.0019077863348006053,0.9373526724271466,1.77947254852349,-9.829835908437678,19.42062318551158,16.421635551083643,0.0019424574914368206,3.467115663621529e-05,0.9373526724271466,0.23940813542098335,-1.322494515740616,0.3515267549141877,0.2972429978437804,0.0019424574914368201,3.467115663621486e-05,0.9373526724271466,0.5806041080716843,-3.2072667346540604,2.067477468364673,1.7482117422931382,0.0019424574914368204,3.4671156636215074e-05
5.8100000000000005,0.4857968602813206,0.4850323874036397,0.0017778840629562897,0.0019084102976220977,0.9373668147123662,1.7924911189650348,-9.834805926934154,19.246083860804717,16.426636570249403,0.0019430490443983468,3.463874677624916e-05,0.9373668147123662,0.2411596385154498,-1.323163176160377,0.34836747203057306,0.297333519760704,0.0019430490443983464,3.4638746776248725e-05,0.9373668147123662,0.5848517911763511,-3.2088883461583455,2.048896390006475,1.7487441399585117,0.0019430490443983464,3.4638746776248725e-05
5.82,0.4858146453230971,0.48505147682149274,0.0017790329436123509,0.001909379710828039,0.9373809409605259,1.8054858025119631,-9.839763777394879,19.071681644362513,16.434611304936972,0.001943992347706224,3.461263687818501e-05,0.9373809409605259,0.24290792789532092,-1.3238301995069768,0.34521067090168306,0.29747786799192427,0.0019439923477062241,3.4612636878185226e-05,0.9373809409605259,0.5890916804945079,-3.2105059874909365,2.03032990789708,1.7495931129356017,0.0019439923477062241,3.4612636878185226e-05
5.83,0.48583243973257445,0.4850705737775741,0.001779606501810937,0.0019097609879152168,0.9373950505440902,1.8184564721797774,-9.844709460695327,18.897426266145043,16.43752551300643,0.0019443370591254075,3.457607121019066e-05,0.9373950505440902,0.24465298647625242,-1.3244955858982,0.34205652764654637,0.29753061718004337,0.0019443370591254077,3.457607121019088e-05,0.9373950505440902,0.5933237345938096,-3.212119658937481,2.011779057866955,1.7499033532128665,0.0019443370591254072,3.457607121019044e-05
5.84,0.48585023949194245,0.48508967402158126,0.0017804190914284862,0.001910370162034849,0.9374091445318354,1.831399749084153,-9.849642897802772,18.72334605728573,16.44240849683422,0.0019449146501021007,3.454448806725161e-05,0.9374091445318354,0.24639435966713708,-1.3251593247010773,0.33890555507833603,0.2976190025754492,0.0019449146501021005,3.4544488067251395e-05,0.9374091445318354,0.5975468510160469,-3.2137293347112785,1.993246855987185,1.7504231850918903,0.0019449146501021003,3.454448806725118e-05
5.8500000000000005,0.48586804401382644,0.4851087770511649,0.0017805370741503482,0.0019102840637266994,0.9374232231702859,1.8443155350926506,-9.854564134593746,18.549443674945433,16.441306525029233,0.0019447843017344677,3.450023800776825e-05,0.9374232231702859,0.24813203426535246,-1.3258214220877833,0.3357578012935071,0.2975990561211612,0.0019447843017344675,3.4500238007768034e-05,0.9374232231702859,0.6017609977426882,-3.2153350297808676,1.9747335851333572,1.750305871561021,0.0019447843017344677,3.450023800776825e-05
5.86,0.4858858541119139,0.4851278837021443,0.0017809993154637518,0.001910546956692743,0.9374372857483365,1.85720518513228,-9.859473269246633,18.375713308045572,16.443206295774797,0.0019450090189318048,3.4462062239061855e-05,0.9374372857483365,0.24986619256117848,-1.3264818912671217,0.33261316110750516,0.29763344328983704,0.0019450090189318048,3.4462062239061855e-05,0.9374372857483365,0.6059666168576472,-3.2169367761797703,1.956238626670636,1.7505081170386245,0.001945009018931805,3.446206223906207e-05
5.87,0.4859036686522825,0.48514699283427143,0.0017817538587054972,0.001911119160285853,0.9374513322832909,1.8700684745491734,-9.864370401278236,18.20216243116957,16.447768537438023,0.0019455486704463517,3.44295101604988e-05,0.9374513322832909,0.2515968043299491,-1.3271407456279651,0.32947176981547666,0.29771602302951317,0.0019455486704463515,3.442951016049858e-05,0.9374513322832909,0.6101636350611369,-3.2185346063782054,1.9377627763269794,1.7509938034017165,0.0019455486704463517,3.44295101604988e-05
5.88,0.4859214853491719,0.48516610214904277,0.0017815781643182084,0.0019107324141258552,0.9374653626461017,1.8829044231440817,-9.869255584892253,18.028807034421902,16.444084440239642,0.001945112891550887,3.438047742503189e-05,0.9374653626461017,0.25332373769681465,-1.327797992462816,0.3263339168494075,0.297649338313963,0.0019451128915508877,3.438047742503254e-05,0.9374653626461017,0.6143517325349556,-3.22012853806169,1.919307736374265,1.7506016023957987,0.0019451128915508873,3.4380477425032105e-05
5.890000000000001,0.4859393059323848,0.4851852134063696,0.0017826661775803946,0.0019116485743388939,0.9374793773635095,1.8957138626379377,-9.87412878118515,17.855633216412514,16.45160665764882,0.0019460026681820406,3.435409384314669e-05,0.9374793773635095,0.2550471045605275,-1.328453626537638,0.32319935058449195,0.29778549566845913,0.0019460026681820406,3.435409384314669e-05,0.9374793773635095,0.618531180651983,-3.221718558536826,1.9008720269006267,1.7514024013638367,0.0019460026681820408,3.435409384314691e-05
5.9,0.48595713587957495,0.485204332267496,0.0017832188002009969,0.0019120103074797951,0.9374933751077167,1.9085009610145947,-9.878990022143496,17.68260110490054,16.45436077167592,0.0019463284426402283,3.431813516043317e-05,0.9374933751077167,0.25676746567671344,-1.3291076521558673,0.3200673493055046,0.2978353470433281,0.0019463284426402283,3.431813516043317e-05,0.9374933751077167,0.6227033393368494,-3.2233046782401527,1.8824514031936876,1.7516955983762055,0.0019463284426402283,3.431813516043317e-05
5.91,0.48597497295248676,0.48522345672092826,0.0017839264641017775,0.0019125848590125902,0.9375073575310423,1.9212633689702991,-9.883839406175607,17.50972059299894,16.458951157048922,0.0019468714231751837,3.42865641625935e-05,0.9375073575310423,0.25848450497281966,-1.3297600825572418,0.3169380920846544,0.2979184362036791,0.0019468714231751837,3.42865641625935e-05,0.9375073575310423,0.6268674420616243,-3.2248869292802143,1.8640469184528188,1.752184280857665,0.0019468714231751835,3.4286564162593286e-05
5.92,0.4859928138024616,0.4852425829725375,0.0017840253002029299,0.0019124568643523715,0.9375213263068518,1.9339974213800313,-9.888676937180154,17.337014332369797,16.45750220853569,0.0019467000321535355,3.424316780116401e-05,0.9375213263068518,0.2601977293472539,-1.3304109182662842,0.3138119889327422,0.29789220923021753,0.001946700032153536,3.424316780116445e-05,0.9375213263068518,0.6310222929738372,-3.2264653129290624,1.8456609841248899,1.752030028938182,0.0019467000321535357,3.424316780116423e-05
5.930000000000001,0.4860106557268747,0.48526170826550036,0.0017844320000520455,0.0019126735054986446,0.9375352789759438,1.9467042815701654,-9.893502638086968,17.164507740651583,16.459011811544862,0.0019468785977821016,3.420509228345696e-05,0.9375352789759438,0.26190729531257284,-1.331060162367947,0.3106894999266608,0.29791953409214145,0.0019468785977821011,3.420509228345653e-05,0.9375352789759438,0.6351682716421825,-3.2280398366682155,1.8272963061166239,1.7521907380038912,0.0019468785977821014,3.4205092283456744e-05
5.94,0.48602850338017795,0.48528083742451594,0.001785042571359135,0.0019130904667392962,0.9375492153658891,1.9593867943000454,-9.89831653417022,16.9921650870757,16.46224783484062,0.001947261375592129,3.417090885283287e-05,0.9375492153658891,0.26361358559933945,-1.3317078182625872,0.30756997831470617,0.2979781083591524,0.0019472613755921293,3.417090885283309e-05,0.9375492153658891,0.6393063062512298,-3.2296105087440985,1.808949080607808,1.7525352380329162,0.001947261375592129,3.417090885283287e-05
5.95,0.48604635607960855,0.4852999695091495,0.0017858196544976836,0.0019136595643503074,0.9375631376901165,1.9720424038793807,-9.903118636692565,16.819987016669963,16.46679957724322,0.0019477997851860766,3.4140220835769154e-05,0.9375631376901165,0.2653162563679998,-1.332353887465469,0.3044534357723294,0.29806049805492607,0.0019477997851860766,3.4140220835769154e-05,0.9375631376901165,0.6434355629335036,-3.2311773328314763,1.7906193762667064,1.753019806667469,0.0019477997851860766,3.4140220835769154e-05
5.96,0.48606421961616986,0.4853191105430977,0.0017864991196941175,0.0019141458173913834,0.9375770451212869,1.9846751376462082,-9.907908989503541,16.647930395065643,16.470634799747565,0.0019482534401622645,3.4107622770881106e-05,0.9375770451212869,0.26701584945185797,-1.3329983758760582,0.30133909153752714,0.2981299182433747,0.001948253440162265,3.410762277088154e-05,0.9375770451212869,0.6475573557238907,-3.232740323237523,1.7723026011018774,1.7534280961460382,0.0019482534401622648,3.410762277088132e-05
5.970000000000001,0.4860820883570347,0.48533825474458103,0.0017871180321299425,0.001914565438430794,0.9375909376047645,1.9972820361764907,-9.9126876740512,16.47603604120229,16.47390031337811,0.0019486397062802349,3.40742678494408e-05,0.9375909376047645,0.2687119666934984,-1.3336412944522786,0.29822768446142794,0.2981890263059074,0.001948639706280235,3.407426784944102e-05,0.9375909376047645,0.6516707190251669,-3.234299506537008,1.7540031006091887,1.7537757356522115,0.0019486397062802349,3.40742678494408e-05
5.98,0.4860999601563758,0.48535739998193284,0.001787312320201511,0.0019145346861269084,0.9376048140725558,2.0098631356553303,-9.917454740428798,16.30432105549954,16.4732921757207,0.0019485677718164122,3.403308568950382e-05,0.9376048140725558,0.270404612961222,-1.3342826499336182,0.2951195240734928,0.2981780185923439,0.0019485677718164122,3.403308568950382e-05,0.9376048140725558,0.6557756646437626,-3.235854899074297,1.7357226952622664,1.7537109946347709,0.001948567771816412,3.4033085689503606e-05
5.99,0.48611783914041884,0.48537655038015637,0.001788352916771178,0.0019154077825213802,0.9376186749670328,2.022420501565091,-9.922210210958411,16.132754004176856,16.480451577672703,0.0019494146322836668,3.400684976228663e-05,0.9376186749670328,0.272094066142587,-1.3349224453232624,0.292014041400483,0.2983076087353209,0.0019494146322836668,3.400684976228663e-05,0.9376186749670328,0.6598728665027156,-3.2374065081326093,1.7174580386889367,1.7544731690553,0.0019494146322836666,3.4006849762286415e-05
6.0,0.4861357230518274,0.48539570308842467,0.0017884009986819805,0.0019151146872808567,0.937632518067002,2.034954832815035,-9.926954093872277,15.961360329787407,16.477579822768522,0.0019490749425000369,3.396025521918019e-05,0.937632518067002,0.2737804202680204,-1.3355606817287673,0.2889116969702646,0.2982556279789501,0.0019490749425000369,3.396025521918019e-05,0.937632518067002,0.663962552641278,-3.238954336397949,1.6992118394482874,1.7541674482500333,0.001949074942500037,3.3960255219180405e-05
6.010000000000001,0.48615361053931644,0.4854148567582893,0.0017888657287151838,0.0019153749969081607,0.9376463442780034,2.047465127655233,-9.931686463608562,15.790147583876033,16.479475320739205,0.001949299154285867,3.39241573777062e-05,0.9376463442780034,0.27546354056326955,-1.3361973691649556,0.28581262747103897,0.2982899378074358,0.0019492991542858667,3.392415737770598e-05,0.9376463442780034,0.6680443962097184,-3.2404984081579107,1.6809849014614213,1.75436923885728,0.0019492991542858667,3.392415737770598e-05
6.0200000000000005,0.4861715005096771,0.48543401077844894,0.0017890274270643738,0.0019153235372745315,0.9376601547159688,2.0599499776007626,-9.93640738137835,15.619115965459136,16.47869145914764,0.0019492064340561402,3.388289678160866e-05,0.9376601547159688,0.27714323753243614,-1.3368325158670942,0.28271683650514107,0.29827574936873574,0.00194920643405614,3.3882896781608444e-05,0.9376601547159688,0.6721179376493139,-3.2420387433843696,1.6627772459151935,1.754285790650526,0.00194920643405614,3.3882896781608444e-05
6.03,0.48618939617187273,0.48545316843797964,0.0017899337357496269,0.0019160320035788258,0.9376739506806578,2.0724104479637613,-9.941116928598856,15.448238272041548,16.48444760526316,0.001949887308327714,3.385530474888819e-05,0.9376739506806578,0.27881965450135715,-1.3374661327889588,0.2796238316885336,0.2983799396074049,0.0019498873083277145,3.385530474888862e-05,0.9376739506806578,0.6761835245487945,-3.243575368642035,1.6445859768909044,1.7548985774949428,0.0019498873083277142,3.3855304748888404e-05
6.04,0.4862072970855914,0.48547232939903573,0.0017899064550115813,0.0019158016636181795,0.9376877318517314,2.0848468390687427,-9.945815166441452,15.277516802501937,16.482128723467316,0.00194961301595884,3.3811352340660464e-05,0.9376877318517314,0.2804928318753381,-1.3380982281604743,0.27653365463251556,0.29833796623791325,0.0019496130159588401,3.381135234066068e-05,0.9376877318517314,0.6802412548976721,-3.2451083038898267,1.6264113391221962,1.754651714362956,0.0019496130159588401,3.381135234066068e-05
6.050000000000001,0.4862251963891628,0.48549148687147137,0.0017900667759354618,0.0019157994647504412,0.9377014989442245,2.097255114325497,-9.950502098019898,15.106998511513213,16.481776212574474,0.0019495713186856002,3.377185393515906e-05,0.9377014989442245,0.2821622265762987,-1.3387288024005617,0.2734471552492466,0.29833158554615846,0.0019495713186856005,3.377185393515928e-05,0.9377014989442245,0.6842898116422725,-3.246637550143698,1.6082583313018164,1.7546141868170404,0.0019495713186856005,3.377185393515928e-05
6.0600000000000005,0.48624309651724235,0.48551064325707166,0.001789865988748658,0.001915385509282813,0.9377152527830278,2.1096359780123843,-9.955177774759562,14.936663084426668,16.477879935934254,0.001949110441830493,3.372493254767987e-05,0.9377152527830278,0.2838279333570177,-1.3393578624279292,0.2703639658294897,0.2982610602354874,0.001949110441830493,3.372493254767987e-05,0.9377152527830278,0.6883294245736699,-3.2481631241826547,1.5901247907762768,1.7541993976474435,0.0019491104418304928,3.372493254767965e-05
6.07,0.48626099806515355,0.48552979911500965,0.0017904722339992117,0.0019158124876683075,0.9377289895927176,2.1219926177784414,-9.959842218221896,14.766513045737916,16.481213528870292,0.0019495047608099796,3.369227314167214e-05,0.9377289895927176,0.28549038108003266,-1.3399854111434295,0.26728413206836704,0.2983214005806872,0.0019495047608099794,3.369227314167192e-05,0.9377289895927176,0.6923611337540603,-3.2496850330417417,1.5720109862979113,1.7545542847289815,0.0019495047608099794,3.369227314167192e-05
6.08,0.4862789037320995,0.4855489572756465,0.0017905317613493702,0.0019156784974987432,0.9377427094779024,2.134326768421433,-9.964495471472787,14.596527386081211,16.479724559560818,0.0019493286358691533,3.365013837041005e-05,0.9377427094779024,0.28714980314298627,-1.340611454341096,0.26420727368178093,0.2982944492030446,0.0019493286358691529,3.365013837040962e-05,0.9377427094779024,0.696385505211118,-3.251203290772442,1.55391468125516,1.7543957722822376,0.0019493286358691529,3.365013837040962e-05
6.09,0.48629681064830044,0.4855681146436392,0.00179063809082215,0.001915562471640654,0.9377564146274803,2.146635475226237,-9.969137597353065,14.426723476561685,16.478396632205698,0.0019491715600144972,3.3609088373843165e-05,0.9377564146274803,0.28880580202199496,-1.3412360004754598,0.2611337050987876,0.29827041279651706,0.0019491715600144974,3.360908837384338e-05,0.9377564146274803,0.7004015748840381,-3.252717917878385,1.5358377249382402,1.7542544040130477,0.0019491715600144974,3.360908837384338e-05
6.1000000000000005,0.48631469579451525,0.48558726872517893,0.001786045679695591,0.0019150268845284442,0.9377701052913456,2.1589173726311186,-9.973768655096798,14.257117705142079,16.473458205867665,0.001948587410938336,3.3560526409891775e-05,0.9377701052913456,0.29045819399599554,-1.3418590575158025,0.2580637229528835,0.2981810238532061,0.0019485874109383358,3.356052640989156e-05,0.9377701052913456,0.7044088972190223,-3.2542289336863894,1.5177818619741594,1.7537286698445025,0.0019485874109383362,3.356052640989199e-05
6.11,0.4863325563075955,0.48560641834096957,0.001786021250225056,0.0019148536777569886,0.9377837806232219,2.171172854553242,-9.978388696503849,14.087719906466196,16.47163757545645,0.0019483720549727016,3.351837721571305e-05,0.9377837806232219,0.292107032062138,-1.3424806324312164,0.25499750525794546,0.2981480691794947,0.0019483720549727018,3.351837721571327e-05,0.9377837806232219,0.7084076007428767,-3.25573635509765,1.4997481393377903,1.753534849475432,0.001948372054972702,3.3518377215713486e-05
6.12,0.4863504162918278,0.48562556591852124,0.0017859333049907078,0.0019146154829731558,0.9377974418085046,2.1834028516927035,-9.982997810814032,13.918509975819495,16.469259392266917,0.001948090748050614,3.347526507745829e-05,0.9377974418085046,0.29375244143571444,-1.3431007372279207,0.2519346881046903,0.2981050224136302,0.0019480907480506138,3.347526507745807e-05,0.9377974418085046,0.7123979891232809,-3.2572402112292242,1.4817344167247797,1.7532816732455525,0.0019480907480506138,3.347526507745807e-05
6.13,0.486368279649427,0.4856447155078128,0.0017861504062633346,0.0019146941946335204,0.937811087483696,2.1956103472585884,-9.987595993745131,13.749460283683787,16.469604934459294,0.0019481316210207943,3.343742638727389e-05,0.937811087483696,0.2953948234741524,-1.3437193713297912,0.24887477137966768,0.2981112769670713,0.0019481316210207943,3.343742638727389e-05,0.937811087483696,0.7163810357180151,-3.2587405006839147,1.4637377527564832,1.753318458918715,0.0019481316210207943,3.343742638727389e-05
6.140000000000001,0.4863861442649905,0.4856638635250157,0.0017866381901311247,0.0019148432679618357,0.9378247174966114,2.207793894540076,-9.992183310166023,13.580596398171222,16.470553427645505,0.0019482438149426118,3.340054698077605e-05,0.9378247174966114,0.29703398353868643,-1.34433654346421,0.2458182178834484,0.2981284453518663,0.001948243814942612,3.3400546980776264e-05,0.9378247174966114,0.7203562684960576,-3.2602372446270595,1.4457608693587252,1.7534194334483506,0.0019482438149426118,3.340054698077605e-05
6.15,0.48640400833500635,0.4856830088680416,0.0017862810922884538,0.0019143323645442003,0.9378383314269598,2.2199533272416567,-9.996759769572662,13.411926411361847,16.465832208664864,0.0019476853585605337,3.3352994016333385e-05,0.9378383314269598,0.2986698992561151,-1.3449522549087514,0.24276517408829604,0.2980429880124364,0.001947685358560534,3.33529940163336e-05,0.9378383314269598,0.7243236331987145,-3.261730446156986,1.4278046279968153,1.7529168227044807,0.0019476853585605341,3.335299401633382e-05
6.16,0.4864218731538523,0.48570215296088504,0.0017866968439695023,0.001914369832890178,0.9378519301659004,2.2320885814503693,-10.001325305620206,13.24343751213652,16.465829575765977,0.001947685047124188,3.3315214234009996e-05,0.9378519301659004,0.300302562027664,-1.3455664967374588,0.23971540810406494,0.2980429403551396,0.0019476850471241878,3.331521423400978e-05,0.9378519301659004,0.7282831089725436,-3.2632200836267815,1.4098676648267656,1.7529165424117692,0.001947685047124188,3.3315214234009996e-05
6.17,0.486439742110988,0.48572129784220897,0.0017870311254105408,0.00191455025868457,0.9378655138177809,2.2442006290643755,-10.005879949754684,13.075113698709945,16.46705263831113,0.0019478297188894296,3.327946020485967e-05,0.9378655138177809,0.30193210261136416,-1.346179273181044,0.23666863028733823,0.298065078635845,0.0019478297188894294,3.3279460204859454e-05,0.9378655138177809,0.7322350129272783,-3.264706167296618,1.3919482763331827,1.7530467470004867,0.0019478297188894296,3.327946020485967e-05
6.180000000000001,0.4864576122854471,0.48574044253566395,0.0017867560980497146,0.0019141306248781156,0.9378790798182337,2.256290887686441,-10.010423731944684,12.906966304103776,16.463115504925085,0.0019473640092336087,3.3233384355493096e-05,0.9378790798182337,0.3035587117298178,-1.346790588271445,0.23362504577367138,0.29799381378972556,0.0019473640092336091,3.323338435549353e-05,0.9378790798182337,0.7361798075966004,-3.2661887069446083,1.3740476690049983,1.752627608310248,0.001947364009233609,3.323338435549331e-05
6.19,0.486475478900284,0.48575958190280766,0.0017865263396120074,0.0019137143794995004,0.937892631020013,2.2683550277386084,-10.014956724321028,12.739026036699256,16.459218515522355,0.0019469030480683317,3.318866856883134e-05,0.937892631020013,0.30518180688671886,-1.3474004517130578,0.23058521040607238,0.29792327557755843,0.0019469030480683317,3.318866856883134e-05,0.937892631020013,0.7401160803311544,-3.267667726105509,1.356169111989948,1.7522127432614985,0.0019469030480683317,3.318866856883134e-05
6.2,0.4864933426266625,0.48577871675809897,0.0017863485419390543,0.0019133758247592422,0.9379061670284387,2.280393801820567,-10.0194789531826,12.571286845275573,16.455984898905477,0.0019465205549358815,3.3144730176639346e-05,0.9379061670284387,0.30680148933594104,-1.3480088670441033,0.22754901465324573,0.29786474487310527,0.0019465205549358817,3.314473017663956e-05,0.9379061670284387,0.7440440766882388,-3.2691432333600874,1.3383119610881737,1.7518684994422933,0.0019465205549358815,3.3144730176639346e-05
6.21,0.48651120825086464,0.4857978519614561,0.0017865752821037094,0.0019134594222701134,0.9379196877554413,2.2924099652245893,-10.023990457641162,12.40371341493353,16.456379670248488,0.0019465672510490823,3.310782877896895e-05,0.9379196877554413,0.30841812977125316,-1.348615839526631,0.2245158192910123,0.29787189050833107,0.0019465672510490823,3.310782877896895e-05,0.9379196877554413,0.7479646956612177,-3.27061524146968,1.3204724567520196,1.7519105259441743,0.0019465672510490825,3.3107828778969166e-05
6.220000000000001,0.4865290742896939,0.48581698613556096,0.0017866470954018315,0.0019133879037022297,0.9379331932109404,2.304403279069973,-10.028491358506518,12.236315143872027,16.455445464432252,0.0019464567471299905,3.306884342776082e-05,0.9379331932109404,0.31003169605392744,-1.3492213854142503,0.2214857944332932,0.2978549807348462,0.001946456747129991,3.3068843427761256e-05,0.9379331932109404,0.7518778593083898,-3.272083789851962,1.3026515994933783,1.751811072416992,0.0019464567471299912,3.306884342776147e-05
6.23,0.4865469366824062,0.4858361150379575,0.0017860215707826263,0.0019125787208899888,0.9379466847443618,2.316370783971331,-10.032981735674328,12.069118651723972,16.448172870634743,0.0019455964975975853,3.3017776707596445e-05,0.9379466847443618,0.31164179003174847,-1.3498255154560284,0.21845942191391451,0.29772334174092574,0.0019455964975975853,3.3017776707596445e-05,0.9379466847443618,0.7557826020451416,-3.2735489045751898,1.2848522231806965,1.7510368478378266,0.001945596497597585,3.301777670759623e-05
6.24,0.48656479775466394,0.4858552408137789,0.0017859679032427727,0.0019122401507700947,0.9379601605528126,2.328314877996498,-10.037461604682013,11.902111304117092,16.44493579593452,0.0019452135954206233,3.297344465052858e-05,0.9379601605528126,0.3132487343379311,-1.3504282317423515,0.2154364730419715,0.2976647484427646,0.001945213595420623,3.297344465052836e-05,0.9379601605528126,0.7596797063100883,-3.2750105907088947,1.267072982786075,1.750692235878561,0.0019452135954206233,3.297344465052858e-05
6.25,0.48658265601708234,0.4858743609445167,0.0017857336903019906,0.0019118443553148435,0.9379736210577889,2.3402348276777194,-10.041931065331871,11.735311034120489,16.441218310809298,0.0019447738671847644,3.2929511869920916e-05,0.9379736210577889,0.3148524302925897,-1.3510295477005032,0.21241727241845804,0.29759745938257176,0.0019447738671847642,3.29295118699207e-05,0.9379736210577889,0.7635689327882755,-3.276468880816447,1.2493157874251972,1.750296480466288,0.0019447738671847644,3.2929511869920916e-05
6.260000000000001,0.48660051278587857,0.48589347803364086,0.001785716814588281,0.0019116791753929897,0.9379870657641787,2.3521318024664275,-10.046390136168757,11.568697785185853,16.439478501742737,0.0019445680712916274,3.2888895898637626e-05,0.9379870657641787,0.3164530352323391,-1.3516294658254862,0.20940145700593324,0.2975659676312775,0.0019445680712916271,3.288889589863741e-05,0.9379870657641787,0.7674506630468741,-3.2779237809486386,1.2315785019213839,1.7501112641624645,0.0019445680712916274,3.2888895898637626e-05
6.2700000000000005,0.48661836952960424,0.4859125936064748,0.0017856508528062954,0.0019114483211227049,0.9380004943830089,2.3640070806861164,-10.050838841359937,11.402261110485219,16.437177886941527,0.0019442959396612778,3.284761853857292e-05,0.9380004943830089,0.31805072114131255,-1.3522279893687361,0.20638883770956226,0.29752432490706354,0.0019442959396612774,3.2847618538572486e-05,0.9380004943830089,0.7713253141756968,-3.279375298990736,1.2138600141279636,1.7498663456951498,0.0019442959396612776,3.28476185385727e-05
6.28,0.48663622487300434,0.4859317060497271,0.0017852571112709614,0.001910873191169791,0.9380139091515891,2.375858520347619,-10.055277255307738,11.236007254787912,16.43192456037701,0.001943674542145271,3.280135097548007e-05,0.9380139091515891,0.31964519983881695,-1.3528251283402537,0.20337952756400285,0.2974292360511556,0.0019436745421452708,3.280135097547985e-05,0.9380139091515891,0.7751921872891603,-3.2808234592186385,1.196160988849549,1.7493070879307437,0.0019436745421452708,3.280135097547985e-05
6.29,0.48665407407964956,0.4859508104745532,0.0017844114391521657,0.0019098375898886455,0.9380273112271389,2.3876829890512203,-10.059705402383925,11.069968109924895,16.42271299947187,0.0019425849390157682,3.274734912712268e-05,0.9380273112271389,0.3212360498954936,-1.353420886018988,0.20037410383352408,0.29726250040720914,0.001942584939015768,3.2747349127122466e-05,0.9380273112271389,0.7790502603517501,-3.2822682695843355,1.178484821221369,1.748326445114191,0.001942584939015768,3.2747349127122466e-05
6.300000000000001,0.4866719153128351,0.4859699047137389,0.0017841876934687312,0.001909398765310635,0.9380407018464569,2.399478622048618,-10.06412334774181,10.90415536322929,16.41863805242549,0.0019421029278669502,3.270416255631513e-05,0.9380407018464569,0.32282302043030764,-1.3540152711705888,0.1973727780669648,0.2971887410382138,0.0019421029278669504,3.270416255631535e-05,0.9380407018464569,0.7828989249356897,-3.2837097513459694,1.1608327554515858,1.7478926350802553,0.0019421029278669504,3.270416255631535e-05
6.3100000000000005,0.48668975490004646,0.485988995510211,0.0017839674256185114,0.0019090028421226948,0.9380540790124527,2.4112500550210623,-10.068531088740919,10.738523621769229,16.414927043148904,0.001941663965636442,3.266112351374721e-05,0.9380540790124527,0.3244067351223405,-1.354608283439809,0.19437472862076174,0.29712156919537464,0.0019416639656364418,3.266112351374699e-05,0.9380540790124527,0.786739693565339,-3.285147903642009,1.14319995910702,1.7474975690727974,0.0019416639656364416,3.2661123513746775e-05
6.32,0.4867075940937893,0.486008083961756,0.0017842633814173896,0.0019090623668130149,0.9380674432976689,2.4229973433968572,-10.072928694671532,10.573062167164604,16.415136180847636,0.0019416887037989948,3.262633698597993e-05,0.9380674432976689,0.32598720142885096,-1.3551999321488817,0.1913797614847979,0.29712535473283463,0.0019416887037989946,3.262633698597971e-05,0.9380674432976689,0.7905725843257774,-3.2865827490804014,1.1255852911321471,1.747519833419095,0.0019416887037989944,3.2626336985979495e-05
6.33,0.4867254351953467,0.48602717214437446,0.0017839543983732083,0.0019085552767859014,0.9380807939141729,2.4347221188532426,-10.077316294355942,10.407756088465332,16.41047541885485,0.0019411373986612985,3.258212187539711e-05,0.9380807939141729,0.327564638873768,-1.3557902346294062,0.18838760676053054,0.2970409917068339,0.0019411373986612985,3.258212187539711e-05,0.9380807939141729,0.7943981295986414,-3.288014329693127,1.1079871641395265,1.7470236587951684,0.0019411373986612983,3.2582121875396894e-05
6.340000000000001,0.4867432726628214,0.48604625487742614,0.001783655692792453,0.0019081097439202898,0.9380941309932345,2.446422124082573,-10.081693961631222,10.242641891400943,16.40633590339786,0.0019406477499423669,3.2538006022077076e-05,0.9380941309932345,0.32913874376158664,-1.3563792008153346,0.1853989252269942,0.29696606360480476,0.0019406477499423669,3.2538006022077076e-05,0.9380941309932345,0.7982155928723774,-3.289442669571653,1.0904094644500324,1.7465829749481303,0.001940647749942367,3.253800602207729e-05
6.3500000000000005,0.4867611099292018,0.4860653359046472,0.001783547231180444,0.001907834823514231,0.9381074534023027,2.458100263358117,-10.08606172783619,10.07769491761525,16.403670678646883,0.0019403324898839033,3.249766636967237e-05,0.9381074534023027,0.3307099068298027,-1.3569668349229547,0.18241327055083234,0.29691782118751064,0.0019403324898839037,3.2497666369672804e-05,0.9381074534023027,0.8020259217496843,-3.2908677789411707,1.072849566988489,1.7462992408955131,0.0019403324898839035,3.249766636967259e-05
6.36,0.4867789424637741,0.48608441039650874,0.0017832953075664897,0.0019073022122184987,0.9381207623045001,2.469753621368781,-10.090419654183465,9.912946723594452,16.39878647164784,0.0019397547542225858,3.24525420040871e-05,0.9381207623045001,0.3322777358559044,-1.35755314518774,0.179431213926341,0.2968294136518563,0.0019397547542225862,3.245254200408753e-05,0.9381207623045001,0.8058281650264552,-3.292289677774059,1.0553108311900476,1.7457792788003275,0.001939754754222586,3.2452542004087316e-05
6.37,0.4867967735770648,0.48610348052969266,0.001782992121617786,0.0019068125772359642,0.9381340569777176,2.481383868111123,-10.094767790414812,9.748382342017646,16.394276214503904,0.0019392212517739236,3.240867453795939e-05,0.9381340569777176,0.33384245551925656,-1.3581381383018887,0.1764524844346267,0.29674777486804943,0.0019392212517739238,3.2408674537959606e-05,0.9381340569777176,0.8096228675871066,-3.293708382299998,1.0377916636661528,1.7452991265965312,0.0019392212517739236,3.240867453795939e-05
6.38,0.48681460049735203,0.48612254381522635,0.0017825604097743896,0.0019060610385708014,0.9381473356913801,2.4929913263776053,-10.099106182193294,9.58402304816334,16.38750686591643,0.0019384205293467946,3.235949077599323e-05,0.9381473356913801,0.33540410924797587,-1.3587218204088558,0.17347746717299242,0.29662524496161397,0.0019384205293467946,3.235949077599323e-05,0.9381473356913801,0.813410134751965,-3.295123907417877,1.0202943293368605,1.7445784764121153,0.0019384205293467949,3.2359490775993446e-05
6.390000000000001,0.4868324239760897,0.48614160138509,0.0017822942001021076,0.0019056386409755366,0.938160598850629,2.504576071805833,-10.103434833403862,9.419858486599043,16.38358161610524,0.0019379562253572325,3.2317584381695835e-05,0.938160598850629,0.33696270721825644,-1.3593041920313176,0.1705059747009249,0.2965541952164449,0.0019379562253572322,3.231758438169562e-05,0.938160598850629,0.8171899911999753,-3.2965362543952725,1.0028177257852628,1.744160602821509,0.0019379562253572322,3.231758438169562e-05
6.4,0.48685024338257965,0.48616065328615393,0.0017814936646434348,0.0019046290384839046,0.9381738492177332,2.5161358138198753,-10.10775375662415,9.255880315899747,16.37460816039861,0.0019368947868539117,3.2265748370007095e-05,0.9381738492177332,0.33851794125871737,-1.3598852548614544,0.16753785603284363,0.29639176944180384,0.0019368947868539112,3.226574837000666e-05,0.9381738492177332,0.8209616895648479,-3.2979454273359994,0.985360965001326,1.7432053081685204,0.0019368947868539114,3.226574837000688e-05
6.41,0.4868680572366258,0.4861796977112443,0.0017809840317240956,0.0019039242775997292,0.9381870858111102,2.527670774951365,-10.112063012313246,9.092103445793382,16.368255308282002,0.0019361433303289202,3.221905272919102e-05,0.9381870858111102,0.3400698413085017,-1.36046501703336,0.16457338104516955,0.29627677841048283,0.0019361433303289204,3.221905272919124e-05,0.9381870858111102,0.8247253024539297,-3.299351445966574,0.9679256342423829,1.7425289972960285,0.0019361433303289207,3.2219052729191454e-05
6.42,0.48688586421777363,0.48619873318913953,0.0017804061042096665,0.0019031568247058676,0.9382003089240226,2.5391801547872537,-10.116362639497607,8.928536906186462,16.361363501341415,0.0019353281227340595,3.217129802819186e-05,0.9382003089240226,0.3416182996809831,-1.3610434837976084,0.161612713185476,0.29615203192288675,0.0019353281227340597,3.217129802819208e-05,0.9382003089240226,0.8284805687094384,-3.300754323020501,0.9505126948127165,1.7417953104606536,0.0019353281227340595,3.217129802819186e-05
6.430000000000001,0.48690366701562104,0.4862177626464469,0.0017801489623761979,0.0019027248673397043,0.938213517978563,2.5506657893310702,-10.120652649186889,8.765160191921662,16.357353147009235,0.0019348537520301411,3.212888469043677e-05,0.938213517978563,0.3431635633899083,-1.3616206566354256,0.15865548129618764,0.29607944172683687,0.0019348537520301413,3.2128884690436985e-05,0.938213517978563,0.8322280873803407,-3.3021540620899974,0.9331199637777042,1.7413683768271269,0.001934853752030141,3.212888469043655e-05
6.44,0.4869214678340353,0.4862367882808416,0.0017798723561077607,0.0019022693512573887,0.9382267123611736,2.5621293109327836,-10.124933017148372,8.601958816713426,16.353142180845772,0.0019343556516585331,3.208630040114446e-05,0.9382267123611736,0.3447058520497146,-1.36219653228657,0.1557014231654844,0.2960032203174436,0.0019343556516585334,3.208630040114468e-05,0.9382267123611736,0.835968391067771,-3.303550655268441,0.9157458989587709,1.74092008649268,0.0019343556516585334,3.208630040114468e-05
6.45,0.48693926582815483,0.4862558095505842,0.0017795228612653964,0.001901772550360922,0.938239890449148,2.5735716507219557,-10.129203769906294,8.438939399942168,16.34857361956768,0.0019338152526189789,3.2042702258056966e-05,0.938239890449148,0.3462452909334737,-1.362771114319581,0.15275065860874476,0.29592052618835335,0.0019338152526189784,3.204270225805653e-05,0.938239890449148,0.839701783579534,-3.3049441112101277,0.8983912050408143,1.7404337273570807,0.0019338152526189784,3.204270225805653e-05
6.46,0.48695706031357666,0.48627482565619196,0.0017793005476923233,0.0019013175497544662,0.9382530530268277,2.584991952273354,-10.1334649583943,8.276104999942817,16.344375887754886,0.0019333187176921475,3.2001167937681374e-05,0.9382530530268277,0.3477817648187462,-1.3633444095870115,0.14980324298395298,0.29584454432989,0.0019333187176921473,3.200116793768116e-05,0.9382530530268277,0.8434279854822613,-3.306334446533624,0.8810562076075448,1.7399868459229326,0.0019333187176921473,3.200116793768116e-05
6.470000000000001,0.4869748512183026,0.4862938359787483,0.001778814730116112,0.0019006781734167775,0.9382662030173703,2.596387954891127,-10.137716650346915,8.113452503220273,16.338586400311126,0.0019326338995921642,3.195572617538671e-05,0.9382662030173703,0.3493149695541817,-1.3639164272017843,0.14685911993468737,0.29573975059004554,0.0019326338995921647,3.1955726175387144e-05,0.9382662030173703,0.8471462591588992,-3.3077216833392673,0.8637405752030194,1.7393705096329481,0.0019326338995921647,3.1955726175387144e-05
6.48,0.4869926390334667,0.486312841687757,0.001778534334468277,0.0019002407399424642,0.9382793371546954,2.6077627066851843,-10.141958885537772,7.95098033306496,16.334531950180917,0.0019321543129514438,3.1913573008979625e-05,0.9382793371546954,0.35084531522888807,-1.3644871725149967,0.14391826092141063,0.2956663622294548,0.0019321543129514436,3.191357300897941e-05,0.9382793371546954,0.850857599142989,-3.309105834604349,0.8464441399741531,1.7389388816562994,0.0019321543129514438,3.1913573008979625e-05
6.49,0.4870104246860139,0.4863318436785154,0.001778496389922034,0.0019000483746106263,0.9382924554399492,2.6191167408028435,-10.146191704466418,7.7886814075390305,16.33258561465681,0.0019319240877702863,3.187571315966002e-05,0.9382924554399492,0.35237287357187597,-1.3650566509754105,0.14098053775613384,0.2956311322059778,0.001931924087770286,3.18757131596598e-05,0.9382924554399492,0.8545621793891798,-3.310486913543012,0.8291661479931859,1.7387316789932576,0.0019319240877702863,3.187571315966002e-05
6.5,0.48702820894920185,0.4863508427473938,0.0017782139581000256,0.0018996144481502018,0.9383055582387481,2.6304502360022446,-10.15041513055122,7.62654853063756,16.328567171641357,0.0019314487602844826,3.183431213428078e-05,0.9383055582387481,0.3538976686330545,-1.3656248657337051,0.13804582018617476,0.29555839559914826,0.0019314487602844828,3.1834312134280994e-05,0.9383055582387481,0.8582600582224571,-3.311864927796173,0.8119058331890241,1.7383038842560343,0.0019314487602844826,3.183431213428078e-05
6.510000000000001,0.48704599021224226,0.48636983703988307,0.001778059934093618,0.0018992388530973251,0.9383186466076193,2.641761622015729,-10.154629202892538,7.46459164831528,16.325056117402987,0.0019310334500319232,3.1794596934598025e-05,0.9383186466076193,0.35541948915046695,-1.3661918220503964,0.1351142882402152,0.2954948430812423,0.001931033450031923,3.179459693459781e-05,0.9383186466076193,0.8619507232978262,-3.313239890121448,0.7946642543864599,1.737930105028731,0.0019310334500319234,3.179459693459824e-05
6.5200000000000005,0.48706377064516915,0.4863888285845279,0.001777847766949508,0.0018988844988369954,0.9383317212384972,2.653051216340869,-10.158833926727391,7.302793494750229,16.321718057174365,0.0019306386026321143,3.1754103795118924e-05,0.9383317212384972,0.3569383778398619,-1.3667575206300668,0.13218562939489753,0.29543442187494695,0.001930638602632114,3.175410379511871e-05,0.9383317212384972,0.8656342782080033,-3.3146118022275646,0.7774395735034948,1.737574742368903,0.0019306386026321145,3.175410379511914e-05
6.53,0.48708154428592376,0.48640781047288995,0.0017771490231180552,0.0018978360776660964,0.9383447792797194,2.664318625730169,-10.16302932829234,7.141211413870298,16.312420531458876,0.001929538831027654,3.170275336155759e-05,0.9383447792797194,0.35845428179418554,-1.3673219650025525,0.12926088161510543,0.29526613020828535,0.0019295388310276538,3.170275336155737e-05,0.9383447792797194,0.8693105946446806,-3.3159806726749577,0.7602378952504529,1.7365849479248885,0.001929538831027654,3.170275336155759e-05
6.54,0.48709931084208946,0.4864267830921393,0.0017763054102201323,0.001896833238687361,0.9383578232648139,2.6755620341376583,-10.1672153571401,6.979835839641596,16.303513189712277,0.0019284852129120497,3.165197422468871e-05,0.9383578232648139,0.3599669566847575,-1.3678851483807348,0.12633987174898795,0.29510490114219495,0.0019284852129120497,3.165197422468871e-05,0.9383578232648139,0.8729790800706191,-3.3173464850037466,0.7430582012480916,1.735636691620845,0.00192848521291205,3.165197422468893e-05
6.550000000000001,0.4871170723291497,0.4864457491516877,0.001775755708889721,0.0018961357179222585,0.9383708504949059,2.6867844599858617,-10.171392044877523,6.818652157598852,16.297228114704247,0.0019277417735027648,3.160605558050634e-05,0.9383708504949059,0.36147680860658005,-1.368447075016963,0.12342233526458325,0.29499113692356715,0.001927741773502765,3.1606055580506555e-05,0.9383708504949059,0.8766407193329967,-3.318709249526578,0.7258989356721014,1.7349675961524884,0.0019277417735027648,3.160605558050634e-05
6.5600000000000005,0.4871347981080614,0.4864647063896526,0.0017675405928120535,0.0018950525012323312,0.9383838616240346,2.6979846033977686,-10.175559438561482,6.657674541238336,16.2876392373105,0.0019266075389333755,3.155503770104428e-05,0.9383838616240346,0.36298366267573506,-1.369007751242213,0.12050852871200826,0.2948175715893708,0.001926607538933375,3.1555037701043844e-05,0.9383838616240346,0.880295088309546,-3.3200689815971103,0.7087616074021871,1.7339467850400379,0.0019266075389333755,3.155503770104428e-05
6.57,0.4871524697390719,0.48648365186592896,0.00176671605833685,0.0018939240570284557,0.9383968579097117,2.7091607251891814,-10.179717604659071,6.4969213501386225,16.277649045334037,0.0019254258342739823,3.150177724552659e-05,0.9383968579097117,0.36448728490443427,-1.3695671859988887,0.11759878441237424,0.29463674218277,0.0019254258342739825,3.1501777245526805e-05,0.9383968579097117,0.883941619541392,-3.321425702902144,0.6916481709593069,1.7328832508465843,0.0019254258342739825,3.1501777245526805e-05
6.58,0.4871701337464157,0.4865025872554109,0.0017658942006015205,0.0018929201245878272,0.9384098384563161,2.7203146351183487,-10.183866589403483,6.336382889261434,16.268746712056988,0.0019243728085926194,3.1452684004792215e-05,0.9384098384563161,0.3659879187754155,-1.3701253855071496,0.11469292687876133,0.2944756037734536,0.0019243728085926197,3.145268400479243e-05,0.9384098384563161,0.8875809035142241,-3.3227794285265886,0.6745575942306905,1.7319355277333575,0.0019243728085926194,3.1452684004792215e-05
6.590000000000001,0.48718778779231403,0.4865215109827262,0.0017649481491566377,0.0018917966792223794,0.9384228081408826,2.7314413848481967,-10.188006392863011,6.176055710069524,16.258821492559374,0.00192319878929915,3.140211007677065e-05,0.9384228081408826,0.36748489854525185,-1.3706823497761842,0.11179089369025257,0.2942959504138019,0.0019231987892991504,3.1402110076771085e-05,0.9384228081408826,0.8912113256907256,-3.3241301584927276,0.6574895100925343,1.7308789103692352,0.0019231987892991502,3.140211007677087e-05
6.6000000000000005,0.48720543705596914,0.48654042806693326,0.0017646397957591787,0.0018913565120915819,0.9384357631700565,2.7425461044698975,-10.192137034015552,6.015912427755845,16.254754977334507,0.0019227177755208322,3.136126342925035e-05,0.9384357631700565,0.3689789144103519,-1.3712380813592553,0.10889218916283906,0.29422234366662636,0.0019227177755208325,3.136126342925057e-05,0.9384357631700565,0.8948345599107159,-3.3254778989926437,0.6404410032176108,1.730445997968749,0.0019227177755208322,3.136126342925035e-05
6.61,0.48722307745862137,0.4865593350769327,0.0017635317518063722,0.001890163947465497,0.9384487023916555,2.7536285027835197,-10.196258561176192,5.855980528091683,16.24422861474909,0.0019214726491265691,3.13087016610722e-05,0.9384487023916555,0.3704699271930208,-1.3717925867566185,0.10599731080805244,0.2940318091999743,0.0019214726491265691,3.13087016610722e-05,0.9384487023916555,0.8984505111618406,-3.326822665790526,0.6234149996815813,1.7293253842139122,0.0019214726491265691,3.13087016610722e-05
6.62,0.48724070823160587,0.48657823075972334,0.0017627844168322361,0.0018891327082857228,0.9384616257696805,2.764688138487318,-10.20037100606932,5.696268344296678,16.23508074624905,0.0019203905799475701,3.125787166184733e-05,0.9384616257696805,0.3719578775210428,-1.3723458702364353,0.10310640946295035,0.29386622643275395,0.0019203905799475701,3.125787166184733e-05,0.9384616257696805,0.9020590354567108,-3.3281644692373673,0.6064123866209546,1.728351521952813,0.00192039057994757,3.1257871661847115e-05
6.63,0.4872583333087598,0.48659711758610436,0.0017622025609025534,0.0018882198642465608,0.9384745344734147,2.7757255276580564,-10.204474414180325,5.53675515798026,16.22696767458352,0.001919430913245295,3.121104899873428e-05,0.9384745344734147,0.37344283482677637,-1.372897937918256,0.10021911011028772,0.2937193742062458,0.0019194309132452955,3.121104899873471e-05,0.9384745344734147,0.9056603011802163,-3.329503324174085,0.5894309584007581,1.7274878219207657,0.001919430913245295,3.121104899873428e-05
6.640000000000001,0.48727595253013684,0.48661599633351216,0.001761789624801148,0.0018876562893706146,0.9384874293187467,2.7867403930263,-10.20856882008496,5.377432318648405,16.221849665727852,0.0019188255219849662,3.1169232614351554e-05,0.9384874293187467,0.3749247618067191,-1.3734487944538618,0.09733525617012043,0.29362673469475997,0.0019188255219849664,3.116923261435177e-05,0.9384874293187467,0.909254217865228,-3.3308392418820127,0.5724697941081396,1.7269429697864698,0.0019188255219849664,3.116923261435177e-05
6.65,0.4872935692740009,0.48663487092475166,0.0017616025886007347,0.0018873010160197843,0.938500310908974,2.7977344816150294,-10.212654294800082,5.218270537889562,16.21852242050563,0.0019184319538542128,3.113093783442848e-05,0.938500310908974,0.3764038935032798,-1.3739984493977768,0.0944543175018773,0.29356650924758454,0.0019184319538542126,3.113093783442826e-05,0.938500310908974,0.9128413555282489,-3.3321722455324436,0.5555257757622609,1.7265887584687913,0.0019184319538542126,3.113093783442826e-05
6.66,0.48731118091718867,0.4866537386953789,0.0017609551349766627,0.0018865008619286922,0.9385131789189814,2.808706750530667,-10.216730915746197,5.059287968745876,16.21137445665284,0.0019175864463594704,3.108558443077822e-05,0.9385131789189814,0.3778800896067881,-1.3745469131660644,0.09157662268821685,0.29343712614213985,0.0019175864463594709,3.108558443077865e-05,0.9385131789189814,0.9164213738952488,-3.333502360386044,0.5386008358966589,1.7258278017235238,0.0019175864463594709,3.108558443077865e-05
6.67,0.4873287879468283,0.486672600630874,0.0017603716875006813,0.0018858032884927801,0.9385260316340462,2.819659017931802,-10.220798770195897,4.900480841160104,16.2051049475828,0.001916844848190223,3.104155969744279e-05,0.9385260316340462,0.37935359473015373,-1.375094197500276,0.08870210348848712,0.29332364367779024,0.0019168448481902234,3.104155969744322e-05,0.9385260316340462,0.9199948661927698,-3.3348296149180077,0.5216945731592076,1.725160363371201,0.0019168448481902234,3.104155969744322e-05
6.680000000000001,0.4873463893702595,0.4866914557096681,0.0017597819466803814,0.0018850776004208226,0.938538868750266,2.8305912323392377,-10.224857881254401,4.741856939066849,16.198593748363294,0.0019160746613435583,3.099706092273566e-05,0.938538868750266,0.3808244019474262,-1.3756403055089608,0.08583090079730535,0.2932057864540354,0.0019160746613435583,3.099706092273566e-05,0.938538868750266,0.9235618156242428,-3.336154016667078,0.5048078162107205,1.7244671952092023,0.001916074661343558,3.0997060922735445e-05
6.69,0.48736398378103885,0.48671030241413527,0.0017588846909502621,0.0018840415583096075,0.9385516908316627,2.8415023430248363,-10.228908298478924,4.583424710419909,16.18942169669068,0.0019149897316221615,3.094817331255402e-05,0.9385516908316627,0.38229236989488263,-1.3761852438594875,0.08296316752849704,0.2930397659546117,0.001914989731622162,3.0948173312554455e-05,0.9385516908316627,0.9271218793593871,-3.337475581802721,0.48794146440205577,1.7234907584599455,0.0019149897316221617,3.094817331255424e-05
6.7,0.48738156900566415,0.48672913863521716,0.001757917219998374,0.00188294889944401,0.9385644983393292,2.8523912851429967,-10.232950008778866,4.425198107362508,16.179762326673547,0.001913847158728373,3.08982592843632e-05,0.9385644983393292,0.3837573553094533,-1.3767290107906627,0.08009915622553544,0.2928649246550198,0.001913847158728373,3.08982592843632e-05,0.9385644983393292,0.9306747099616937,-3.3387943060537526,0.47109700304815305,1.7224624428555357,0.001913847158728373,3.08982592843632e-05
6.71,0.48739914416298297,0.48674796329436093,0.0017570232778662954,0.001881888367977588,0.9385772916763129,2.8632574172660195,-10.23698299175933,4.267183663179149,16.17038199252947,0.0019127375920062486,3.0849224028660534e-05,0.9385772916763129,0.3852192718942129,-1.3772716035585806,0.07723898514540321,0.29269513409834297,0.0019127375920062481,3.08492240286601e-05,0.9385772916763129,0.934220098146924,-3.3401101827657493,0.4542751276683256,1.7214638328056235,0.0019127375920062484,3.084922402866032e-05
6.720000000000001,0.48741671356549515,0.4867667809598199,0.0017565599313078381,0.0018813416464891805,0.9385900705865466,2.874102722311158,-10.241007253188338,4.109348021250294,16.165416585914016,0.0019121502515279986,3.08086050388181e-05,0.9385900705865466,0.38667838642850727,-1.3778130229392642,0.07438205051014185,0.2926052567932902,0.0019121502515279986,3.08086050388181e-05,0.9385900705865466,0.9377586908988732,-3.341423213820696,0.4374722871891268,1.720935226375199,0.0019121502515279988,3.0808605038818316e-05
6.73,0.487434272956437,0.486785587526805,0.0017552020994870488,0.0018798509373734373,0.9386028350421176,2.8849255109602905,-10.245022813310104,3.9517199020690263,16.152339664068773,0.0019106034284527812,3.075249107934385e-05,0.9386028350421176,0.388134471633471,-1.3783532716563465,0.0715288721806042,0.29236855543429596,0.001910603428452781,3.075249107934363e-05,0.9386028350421176,0.9412899370289087,-3.342733405823849,0.42069153913202534,1.7195430856075027,0.0019106034284527807,3.0752491079343415e-05
6.74,0.48745182200270626,0.48680438236882384,0.0017544875199598893,0.0018789843025947283,0.9386155835289487,2.8957268100525444,-10.249029698578365,3.7943073088448447,16.14462336239394,0.0019096906942767096,3.0706391681981256e-05,0.9386155835289487,0.38958766565882785,-1.378892353268882,0.06867959502043537,0.2922288850199235,0.0019096906942767098,3.070639168198147e-05,0.9386155835289487,0.9448141715728341,-3.344040767406502,0.4039337355013652,1.7187216248490387,0.0019096906942767096,3.0706391681981256e-05
6.75,0.48746936391742046,0.48682316887043403,0.0017537794155300318,0.0018782010709759134,0.9386283173699026,2.906507309951681,-10.25302794505545,3.6370824582974546,16.13763167984659,0.0019088636727477271,3.066260177181368e-05,0.9386283173699026,0.39103806138530306,-1.3794302726286534,0.0658337161329842,0.292102330714545,0.0019088636727477275,3.0662601771814114e-05,0.9386283173699026,0.9483316197816861,-3.345345310335026,0.38719591854932023,1.7179773054729546,0.0019088636727477273,3.06626017718139e-05
6.760000000000001,0.48748689443255705,0.48684194273721365,0.0017522279933491235,0.0018764713471351095,0.9386410384470285,2.9172638615378927,-10.257017563490434,3.480070644697077,16.122510354871945,0.0019070750244193633,3.060367728425378e-05,0.9386410384470285,0.39248523513403627,-1.3799670311818286,0.06299169336209245,0.2918286242403725,0.0019070750244193635,3.0603677284253995e-05,0.9386410384470285,0.9518412541645382,-3.346647038116616,0.37048078104909676,1.716367521977427,0.0019070750244193633,3.060367728425378e-05
6.7700000000000005,0.48750441323321136,0.48686070317134383,0.0017517168728898261,0.00187581212564269,0.9386537458517765,2.927996998049623,-10.260998569115072,3.3232797037050683,16.116579804615373,0.001906373520495568,3.0561394852877954e-05,0.9386537458517765,0.393929258646298,-1.38050263097767,0.06015366853866757,0.29172127716573776,0.0019063735204955684,3.056139485287839e-05,0.9386537458517765,0.9553432487057721,-3.3479459557210705,0.35378915716822623,1.715736168446011,0.001906373520495568,3.0561394852877954e-05
6.78,0.4875219241514947,0.48687945423221624,0.0017505603497484032,0.001874489527914616,0.938666437724982,2.9387095831303913,-10.26497095030089,3.166684016740543,16.104954218106965,0.001904998370770965,3.0508842856349005e-05,0.938666437724982,0.39537051719330585,-1.381037070451697,0.05731917794861972,0.2915108459833685,0.0019049983707709653,3.050884285634944e-05,0.938666437724982,0.9588385377514628,-3.349242059354266,0.33711831960809185,1.7144985336938685,0.001904998370770965,3.0508842856349005e-05
6.79,0.48753942392420285,0.48689819227168885,0.0017492686615784476,0.0018729594096121708,0.9386791154742966,2.9493991929129875,-10.268934715159093,3.010305782320603,16.091553492277047,0.0019034132460616726,3.045383644950184e-05,0.9386791154742966,0.39680868467082764,-1.3815703506951809,0.0544886234005112,0.291268283547576,0.001903413246061673,3.0453836449502274e-05,0.9386791154742966,0.962326330445207,-3.3505353516627157,0.32047063157472977,1.7130719214555055,0.0019034132460616728,3.0453836449502057e-05
6.800000000000001,0.48755690933837514,0.48691691310113905,0.001748182446038575,0.0018716196538816714,0.938691782243632,2.9600621406387955,-10.272889915822313,2.8541669377381242,16.079787912746372,0.0019020215370550173,3.0401883173345867e-05,0.938691782243632,0.39824326506671254,-1.3821024787219847,0.05166240197456454,0.29105531839436766,0.0019020215370550173,3.0401883173345867e-05,0.938691782243632,0.9658054238759513,-3.3518258496561906,0.30384842846481114,1.7118193833495157,0.0019020215370550175,3.0401883173346083e-05
6.8100000000000005,0.4875743872387695,0.486935624991743,0.001747335706309566,0.0018706858571948704,0.9387044356598242,2.9707035136039392,-10.276836608732719,2.6982128597131707,16.071508389460618,0.0019010421813762295,3.0356324181359104e-05,0.9387044356598242,0.3996749428197738,-1.382633462125771,0.048839524951511795,0.2909054532780387,0.0019010421813762293,3.0356324181358887e-05,0.9387044356598242,0.9692774779203993,-3.353113571750572,0.28724589520229865,1.7109379632386066,0.0019010421813762295,3.0356324181359104e-05
6.82,0.4875918556710105,0.48695432630865065,0.0017461918057950219,0.001869414157283974,0.9387170740432574,2.9813239042370285,-10.280774845261798,2.5424586395511106,16.060322230236217,0.00189971900995897,3.0304852674996026e-05,0.9387170740432574,0.40110379763465703,-1.3831633078179992,0.04602026549445145,0.2907029760344124,0.00189971900995897,3.0304852674996026e-05,0.9387170740432574,0.9727426858754274,-3.3543985347072853,0.2706646383748655,1.7097471089630734,0.0018997190099589703,3.0304852674996243e-05
6.83,0.48760931492878734,0.4869730170958454,0.001745601960290323,0.001868674834823987,0.938729696789061,2.9919238700582462,-10.284704653396854,2.3869049824891873,16.05371067112212,0.0018989369518934804,3.0262117069493506e-05,0.938729696789061,0.40252990451946935,-1.3836920195640483,0.04320463636866694,0.29058330222692946,0.0018989369518934804,3.0262117069493506e-05,0.938729696789061,0.976201229648033,-3.355680747657994,0.25410473306054077,1.7090432567041325,0.0018989369518934806,3.0262117069493723e-05
6.840000000000001,0.4876267638231087,0.486991695956917,0.001744164242393525,0.0018670626848771787,0.9387423053306748,3.0025020351499956,-10.288626067862074,2.231558075216907,16.03960706555851,0.0018972686860135026,3.020600113632396e-05,0.9387423053306748,0.403953078359882,-1.384219602035669,0.040392749557531055,0.29032801718025475,0.0018972686860135026,3.020600113632396e-05,0.9387423053306748,0.9796526603055198,-3.3569602219324626,0.2375668378808854,1.7075418174121524,0.0018972686860135026,3.020600113632396e-05
6.8500000000000005,0.48764420369053924,0.48701036412021176,0.0017437669008148662,0.0018665339142104915,0.9387548996546613,3.0130589444421063,-10.292539122732535,2.0764083089519647,16.034806729517523,0.001896700871152722,3.0166956942230625e-05,0.9387548996546613,0.4053733924701108,-1.384746059817282,0.037584431135416874,0.2902411277671362,0.0018967008711527219,3.0166956942230408e-05,0.9387548996546613,0.9830971556469205,-3.3582369686486646,0.22104992990575317,1.7070307840374497,0.0018967008711527219,3.0166956942230408e-05
6.86,0.4876616365768485,0.48702902385429764,0.0017427483622339552,0.0018653418344261148,0.9387674794592309,3.023595938231698,-10.296443853151116,1.9214399733549552,16.024313869952103,0.0018954597077128173,3.0117873286702578e-05,0.9387674794592309,0.40679102717214755,-1.385271397636969,0.03477939673428035,0.2900511997283926,0.0018954597077128173,3.0117873286702578e-05,0.9387674794592309,0.986535152982726,-3.3595109992729766,0.20455233664644848,1.7059137369415354,0.0018954597077128171,3.011787328670236e-05
6.87,0.487679057290877,0.48704766908185315,0.001741464828678739,0.0018638373811437302,0.9387800467550579,3.0341091940491673,-10.300340301396961,1.7666907177010933,16.011139751270807,0.0018939013875658407,3.006400642211046e-05,0.9387800467550579,0.40820546819544545,-1.3857956211829159,0.03197832783212631,0.28981273903922455,0.0018939013875658407,3.006400642211046e-05,0.9387800467550579,0.9899654051222693,-3.3607823276001842,0.18807806616324121,1.7045112488092564,0.0018939013875658404,3.006400642211024e-05
6.88,0.4876964698604129,0.48706630453139543,0.0017408424692871675,0.0018630559925905154,0.9387926005371563,3.0446015850553474,-10.304228473136035,1.612129349826539,16.004175334717193,0.0018930775912353245,3.0021598644809156e-05,0.9387926005371563,0.40961710209167035,-1.386318731217415,0.029180659829146173,0.2896866782672515,0.0018930775912353243,3.002159864480894e-05,0.9387926005371563,0.9933888495169227,-3.362050955478972,0.17162379780594872,1.7037698321117922,0.0018930775912353248,3.0021598644809373e-05
6.890000000000001,0.48771387572880087,0.48708493165014305,0.001739977775943581,0.0018619986632127888,0.9388051400370347,3.055074211584456,-10.308108392613974,1.457746527714106,15.994840502965266,0.0018919734068310716,2.9974743618282722e-05,0.9388051400370347,0.4110260768984886,-1.3868407310024455,0.026386223628346764,0.28951771133544507,0.0018919734068310716,2.9974743618282722e-05,0.9388051400370347,0.9968058451823778,-3.3633168908201765,0.15518853704366134,1.7027760661479645,0.0018919734068310716,2.9974743618282722e-05
6.9,0.48773127364495544,0.4871035489533054,0.0017395084650377963,0.0018613750284169014,0.9388176649575535,3.0655265810591747,-10.311980079483885,1.3035524851771068,15.989228629820175,0.0018913095981015597,2.9934569684658295e-05,0.9388176649575535,0.41243232634512933,-1.387361623182113,0.023595204468849915,0.28941613253764653,0.00189130959810156,2.993456968465851e-05,0.9388176649575535,1.0002162314011145,-3.3645801400361885,0.1387733733459722,1.702178638291404,0.00189130959810156,2.993456968465851e-05
6.91,0.4877486636607156,0.4871221565873,0.001738507096586369,0.0018601782308377884,0.9388301756490977,3.0759586993071837,-10.315843582040852,1.149544947599292,15.978699205438303,0.0018900641095381666,2.9885878700378196e-05,0.9388301756490977,0.41383585121564187,-1.3878814142539817,0.020807561178523237,0.28922554265035416,0.0018900641095381666,2.9885878700378196e-05,0.9388301756490977,1.0036200100745811,-3.365840718884669,0.12237806456216346,1.70105769858435,0.0018900641095381666,2.9885878700378196e-05
6.92,0.4877660445910265,0.4871407532606008,0.0017375962210206641,0.00185910117720269,0.9388426723435179,3.086370035762803,-10.319698964082715,0.9957319543619658,15.96919764071784,0.001888940202877699,2.983902567500903e-05,0.9388426723435179,0.4152365801283461,-1.3884001128013372,0.01802343927574657,0.28905355773612734,0.001888940202877699,2.983902567500903e-05,0.9388426723435179,1.0070170080904621,-3.3670986481814986,0.10600346654735096,1.7000461825899293,0.0018889402028776992,2.9839025675009248e-05
6.930000000000001,0.48778341500912786,0.4871593379953139,0.0017365087323523902,0.0018578398738654262,0.9388551537644103,3.0967611442780654,-10.32354630199287,0.8421226982104326,15.958114218084342,0.0018876291838103088,2.9789309944882594e-05,0.9388551537644103,0.4166345875978405,-1.3889177291007113,0.015243005155588428,0.28885294009608153,0.001887629183810309,2.978930994488281e-05,0.9388551537644103,1.0104074061589157,-3.368353952848957,0.08965055794128314,1.6988662654292779,0.0018876291838103088,2.9789309944882594e-05
6.94,0.4878007770823089,0.48717791274553635,0.0017356902297917527,0.0018568108873431995,0.938867620476924,3.1071326643291792,-10.327385643620065,0.6887016560712578,15.94902685093884,0.00188655427112367,2.9743383780470554e-05,0.938867620476924,0.41802995965849904,-1.3894342695896185,0.012465977839648758,0.28868845244535796,0.00188655427112367,2.9743383780470554e-05,0.938867620476924,1.01379141292745,-3.3696066484990754,0.07331768619119386,1.697898844011303,0.0018865542711236699,2.9743383780470338e-05
6.95,0.487818131735662,0.4871964779207078,0.001734700481146149,0.001855664507837062,0.9388800734473367,3.1174842939347003,-10.331217025121733,0.5354632738094126,15.938932480669099,0.0018853602435805062,2.969573574344419e-05,0.9388800734473367,0.41942265568209475,-1.3899497391326363,0.009692256794229727,0.28850573733936324,0.001885360243580506,2.9695735743443972e-05,0.9388800734473367,1.017168929865932,-3.370856746929255,0.05700426001590133,1.6968242192224559,0.0018853602435805064,2.9695735743444406e-05
6.96,0.4878354759351881,0.48721503123531257,0.0017340795715042024,0.0018549343710350362,0.9388925116327207,3.1278159424558925,-10.335040452133471,0.3824262498643666,15.93240812058273,0.0018845884999812055,2.9654128946169332e-05,0.9388925116327207,0.4208126634741992,-1.3904641384879726,0.006922180474059893,0.2883876418947864,0.0018845884999812053,2.9654128946169115e-05,0.9388925116327207,1.0205399274008669,-3.3721042499782743,0.04071227001076016,1.6961296499830847,0.0018845884999812053,2.9654128946169115e-05
6.970000000000001,0.48785281082795634,0.48723357407479884,0.0017331106368611271,0.001853848536979157,0.9389049338879782,3.138129000479026,-10.338855944235693,0.22958301639156303,15.922830319137335,0.001883455575546777,2.9607038567619872e-05,0.9389049338879782,0.4222001701226471,-1.3909774702899518,0.004155611895901732,0.28821427704294045,0.001883455575546777,2.9607038567619872e-05,0.9389049338879782,1.0239048592510274,-3.3733491640348037,0.024440910519435036,1.6951100179920993,0.001883455575546777,2.9607038567619872e-05
6.98,0.48787013691085485,0.48725210694836174,0.0017320539132423328,0.0018526707537077258,0.9389173405805116,3.1484236766025,-10.342663559683864,0.07692890285709401,15.91246596035823,0.001882229612012768,2.9558858305042115e-05,0.9389173405805116,0.4235852036920207,-1.391489742376196,0.0013924665198507987,0.2880266749575911,0.001882229612012768,2.9558858305042115e-05,0.9389173405805116,1.0272637934776419,-3.374591508106365,0.008189684327005129,1.6940066508114915,0.0018822296120127684,2.955885830504255e-05
6.99,0.4878874510749232,0.487270626183885,0.0017306098461136285,0.001851018192537912,0.9389297337415169,3.1586972614662114,-10.34646336939031,-0.07551568549696562,15.898032419279957,0.0018805223192216063,2.9504126683694426e-05,0.9389297337415169,0.42496739966821107,-1.392000964287166,-0.0013668863050529056,0.28776541784917087,0.001880522319221606,2.950412668369421e-05,0.9389297337415169,1.0306158460740382,-3.3758313053301454,-0.008039236268667482,1.6924700872994454,0.0018805223192216059,2.9504126683693992e-05
7.0,0.48790475327460536,0.48728913165903187,0.0017297544070591403,0.0018499476842140793,0.9389421140253279,3.168949296316645,-10.350255411066918,-0.22775236791811057,15.888599170479058,0.001879406493410901,2.9458809196821747e-05,0.9389421140253279,0.4263466963310619,-1.3925111410965747,-0.004122475888312571,0.28759466950049006,0.0018794064934109008,2.945880919682153e-05,0.9389421140253279,1.0339608673586849,-3.3770685680107335,-0.02424602364916288,1.691465844069811,0.001879406493410901,2.9458809196821747e-05
7.010000000000001,0.48792204530569755,0.4873076250352701,0.001728625129587904,0.0018486982203035132,0.9389544809967236,3.1791807479469374,-10.354039693923248,-0.37979258184641523,15.877620181072167,0.0018781078273824485,2.9409607078935288e-05,0.9389544809967236,0.4277232237517804,-1.3930202740434645,-0.006874509255529563,0.28739594217430825,0.0018781078273824485,2.9409607078935288e-05,0.9389544809967236,1.0372991727756544,-3.378303299153011,-0.040431895419571484,1.6902970446442036,0.0018781078273824485,2.9409607078935288e-05
7.0200000000000005,0.487939327530655,0.4873261071325274,0.001727678063497771,0.0018475925660431235,0.9389668335532549,3.1893928598584758,-10.357816237366876,-0.5316395168820421,15.867884279184429,0.001876956201802956,2.9363635759832498e-05,0.9389668335532549,0.4290971492295746,-1.3935283657389084,-0.00962304414067997,0.2872197155947558,0.0018769562018029558,2.936363575983228e-05,0.9389668335532549,1.0406311680530453,-3.379535505089259,-0.056597191137816125,1.6892605816226602,0.0018769562018029558,2.936363575983228e-05
7.03,0.4879566015874442,0.48734457980090945,0.0017271348629269493,0.001846940375826838,0.9389791723252078,3.1995862752371873,-10.361585114819118,-0.6833078963756151,15.862038159081958,0.0018762646848250303,2.9324308998192328e-05,0.9389791723252078,0.4304685592979197,-1.3940354260609236,-0.012368347046626073,0.2871138967644933,0.0018762646848250301,2.932430899819211e-05,0.9389791723252078,1.0439570630487685,-3.3807652097752947,-0.07274347821990516,1.688638216342527,0.0018762646848250301,2.932430899819211e-05
7.04,0.4879738664341476,0.4873630419616871,0.0017260096574551501,0.0018456269618780932,0.9389914975111239,3.2097605402663727,-10.365346377743704,-0.8347911296069523,15.850521841110922,0.0018749024600912623,2.9275498213169118e-05,0.9389914975111239,0.43183739290085293,-1.3945414619333794,-0.015110298676759528,0.28690544341846785,0.001874902460091262,2.92754982131689e-05,0.9389914975111239,1.047276709692071,-3.381992430002639,-0.08887005503204727,1.6874122140821362,0.0018749024600912623,2.9275498213169118e-05
7.050000000000001,0.4879911228312456,0.4873814942850436,0.0017250254181693555,0.0018445539535471844,0.9390038112374399,3.2199142066826365,-10.369100024720616,-0.9861010479713817,15.841073602502862,0.0018737848611890082,2.9230907641823777e-05,0.9390038112374399,0.4332034551907272,-1.3950464731652283,-0.017849113187545135,0.28673442374387653,0.0018737848611890078,2.9230907641823343e-05,0.9390038112374399,1.050589635445359,-3.3832171653079715,-0.1049781811189556,1.6864063750701073,0.001873784861189008,2.923090764182356e-05
7.0600000000000005,0.48800836647877877,0.4873999324030479,0.0017235144793626895,0.0018428855011607445,0.9390161130621179,3.2300461532411084,-10.372846098304457,-1.1372052474861083,15.826510117718218,0.001872062197814014,2.9176696653269475e-05,0.9390161130621179,0.43456659531658165,-1.3955504654817161,-0.020584204044410376,0.28647081456420787,0.0018720621978140137,2.917669665326926e-05,0.9390161130621179,1.053895474470239,-3.384439429575954,-0.12106440682282701,1.6848559780326124,0.0018720621978140137,2.917669665326926e-05
7.07,0.48802559597709033,0.48741835486660817,0.0017224234965453479,0.001841650358451055,0.939028402714294,3.240156184207764,-10.376584633987356,-1.2880929407075548,15.81566597736795,0.001870779482606016,2.912912415496097e-05,0.939028402714294,0.4359267869445917,-1.3960534436579124,-0.023315375987141486,0.2862745280995177,0.001870779482606016,2.912912415496097e-05,0.939028402714294,1.0571941629028547,-3.385659234386916,-0.1371275837357899,1.6837015343454143,0.0018707794826060158,2.9129124154960752e-05
7.08,0.4880428172279817,0.48743676725811447,0.0017216982196373541,0.0018406565933294808,0.9390406795728896,3.2502469264546034,-10.380315661190382,-1.4388031126175094,15.80690137766685,0.0018697427489447504,2.9086155615269584e-05,0.9390406795728896,0.4372843834910145,-1.396555411652093,-0.026043334670959085,0.28611588276349426,0.00186974274894475,2.908615561526915e-05,0.9390406795728896,1.060486557835763,-3.386876589340327,-0.15317186211454212,1.6827684740502753,0.0018697427489447504,2.9086155615269584e-05
7.090000000000001,0.48806003123321945,0.4874551703254174,0.0017211580996210737,0.0018400092740611658,0.939052943283685,3.260318922825976,-10.384039197091171,-1.5893408536100362,15.801100984483464,0.0018690566408431975,2.9047366782031757e-05,0.939052943283685,0.4386394579894876,-1.3970563717753164,-0.02876817223552777,0.2860108916221955,0.001869056640843198,2.904736678203219e-05,0.939052943283685,1.0637728363875474,-3.3880915000408853,-0.1691977838714071,1.6821509767588778,0.0018690566408431975,2.9047366782031757e-05
7.1000000000000005,0.488077240884857,0.4874735670746958,0.0017205146864988055,0.0018391510845923843,0.9390651911466765,3.2703756540395754,-10.387755289702033,-1.7397196773123287,15.79348894667008,0.0018681562396724546,2.900515508007023e-05,0.9390651911466765,0.4399924787316596,-1.3975563304871021,-0.031490133286876346,0.28587310845605995,0.0018681562396724543,2.9005155080070013e-05,0.9390651911466765,1.0670541342424837,-3.3893039821539874,-0.18520678763785772,1.681340615705209,0.0018681562396724546,2.900515508007023e-05
7.11,0.4880944401831155,0.4874919520792451,0.0017196010246551372,0.0018381037575583036,0.9390774257357623,3.2804131459330357,-10.391463956748519,-1.8899087169074216,15.784263695141068,0.001867065017127223,2.89612595689194e-05,0.9390774257357623,0.4413429110384184,-1.3980552901722252,-0.034208659114200395,0.28570612500232206,0.0018670650171272235,2.8961259568919834e-05,0.9390774257357623,1.0703291547157778,-3.390514041463105,-0.20119558739943472,1.6803585154145009,0.0018670650171272233,2.8961259568919618e-05
7.12,0.4881116317649646,0.4875103272567262,0.0017186149666893102,0.001836868074188921,0.9390896488275843,3.2904304778528695,-10.395165191089571,-2.0399285607853153,15.773423568266859,0.0018657827766591873,2.891470247026631e-05,0.9390896488275843,0.44269063104613104,-1.3985532498699362,-0.03692412238164444,0.2855099111843334,0.0018657827766591878,2.8914702470266744e-05,0.9390896488275843,1.0735975974177454,-3.391721675638262,-0.21716637495153152,1.6792044989932688,0.0018657827766591876,2.8914702470266528e-05
7.130000000000001,0.4881288147976423,0.4875286917768157,0.0017177705329725437,0.0018358206225413105,0.9391018585825257,3.300428610172022,-10.398859026760578,-2.1897692160981848,15.764197070994754,0.0018646914067593885,2.8870784218077913e-05,0.9391018585825257,0.4440357679622395,-1.3990502141593155,-0.03963634221172921,0.285342905181781,0.0018646914067593885,2.8870784218077913e-05,0.9391018585825257,1.0768597756976863,-3.392926895784483,-0.23311808647721885,1.6782222660834498,0.0018646914067593887,2.887078421807813e-05
7.140000000000001,0.48814599044358925,0.4875470470689226,0.0017172319399256291,0.0018351297510767251,0.9391140547379069,3.3104085843718893,-10.402545513934765,-2.3394399548568536,15.758029401492523,0.0018639618548343048,2.8832103757579688e-05,0.9391140547379069,0.44537846190642105,-1.39954618979061,-0.04234548643428408,0.2852312660842716,0.0018639618548343053,2.883210375758012e-05,0.9391140547379069,1.0801160293688656,-3.394129718272227,-0.24905170905468052,1.6775656693508745,0.001863961854834305,2.8832103757579905e-05
7.15,0.48816315872725197,0.4875653928438283,0.0017163741121849947,0.0018340541729503375,0.9391262353188229,3.3203721110279107,-10.406224667991282,-2.48893231638883,15.748555937477818,0.0018628412721074517,2.8787099157114113e-05,0.9391262353188229,0.4467189430174753,-1.4000411788329128,-0.04505140190526642,0.28505978981231694,0.0018628412721074517,2.8787099157114113e-05,0.9391262353188229,1.0833669165557276,-3.395330148119383,-0.2649663419790536,1.6765571448967065,0.0018628412721074517,2.8787099157114113e-05
7.16,0.48818031747235036,0.4875837258629375,0.0017152138846245554,0.0018325275777160567,0.9391383989600132,3.330318839542609,-10.409896506863308,-2.6382203916578755,15.735204900304835,0.0018612620248945637,2.8734447178506992e-05,0.9391383989600132,0.44805716412643176,-1.400535183698932,-0.047753619653142995,0.2848181267756922,0.001861262024894564,2.8734447178507426e-05,0.9391383989600132,1.08661232286576,-3.396528191177167,-0.2808592270304738,1.6751358224051072,0.0018612620248945634,2.8734447178506775e-05
7.17,0.4881974649000969,0.48760204565952137,0.0017139560093511715,0.0018311064597476131,0.9391505484736843,3.340246680384103,-10.413561020459246,-2.7873087556058107,15.722772567980671,0.0018597914480458703,2.868498829825721e-05,0.9391505484736843,0.4493928441101384,-1.4010282030309562,-0.05045222248753513,0.2845930929342864,0.0018597914480458701,2.8684988298256992e-05,0.9391505484736843,1.089851566529078,-3.3977238441529054,-0.29673085124733534,1.6738123032412833,0.0018597914480458703,2.868498829825721e-05
7.180000000000001,0.4882145990427674,0.48762035020647476,0.0017126706755381104,0.0018295987584942977,0.9391626853384707,3.3501537140581408,-10.41721821903317,-2.9361881078290875,15.709602588643026,0.0018582336175272903,2.8634859032992564e-05,0.9391626853384707,0.4507257247221053,-1.4015202382085563,-0.05314704206468538,0.2843547071701106,0.00185823361752729,2.8634859032992347e-05,0.9391626853384707,1.093084021255465,-3.3989171103922837,-0.3125802245288264,1.672410255774561,0.00185823361752729,2.8634859032992347e-05
7.19,0.488231720129992,0.48763863997432294,0.001711584691118628,0.0018283910760924181,0.9391748095858697,3.3600401528778057,-10.420868136619685,-3.084862566519681,15.699002734564296,0.0018569797980828556,2.8588721990437452e-05,0.9391748095858697,0.45205583452668396,-1.4020112938107079,-0.05583815292672599,0.2841628424564366,0.001856979798082856,2.8588721990437885e-05,0.9391748095858697,1.0963097563181723,-3.400108001000072,-0.3284077852887423,1.6712818182745703,0.001856979798082856,2.8588721990437885e-05
7.2,0.4882487644550051,0.4876569167159662,0.0016991975266875078,0.0018270289577489507,0.9391869208634142,3.369907265468653,-10.424510823547829,-3.2333432727842135,15.687080776997263,0.00185556959166848,2.8540633919529358e-05,0.9391869208634142,0.45338334420325843,-1.4025013766086207,-0.0585257567354172,0.2839470467522652,0.00185556959166848,2.8540633919529358e-05,0.9391869208634142,1.0995291856427802,-3.401296532397566,-0.3442147195851562,1.670012632501632,0.00185556959166848,2.8540633919529358e-05
7.21,0.4882657516454247,0.48767518164857815,0.0016981788299714213,0.001825882902148908,0.9391990189667903,3.3797556684126797,-10.42814631649738,-3.381639149945239,15.677014439548369,0.0018543788800290634,2.849597788015545e-05,0.9391990189667903,0.4547083367060427,-1.4029904915371485,-0.06121001500908882,0.2837648390597788,0.0018543788800290638,2.8495977880155883e-05,0.9391990189667903,1.102742510406903,-3.402482716552599,-0.36000197737565437,1.6689409920261569,0.0018543788800290631,2.8495977880155232e-05
7.220000000000001,0.48828272761518565,0.4876934341784953,0.001697035269290728,0.0018246203306967336,0.9392111041676682,3.3895849772344664,-10.431774622266651,-3.529747215814588,15.665950383312031,0.0018530701517446549,2.8449821047921327e-05,0.9392111041676682,0.45603076030816764,-1.4034786395109284,-0.06389087376806574,0.2835645719649592,0.001853070151744655,2.8449821047921544e-05,0.9392111041676682,1.105949605164375,-3.403666555683317,-0.37576924118294514,1.6677631365701893,0.0018530701517446547,2.844982104792111e-05
7.23,0.48829969429178777,0.4877116761775598,0.0016961608879896362,0.001823539718422839,0.9392231768287952,3.399395771883667,-10.43539577068424,-3.67768210908495,15.65645099604415,0.001851946502647392,2.8406784224553052e-05,0.9392231768287952,0.457350693035375,-1.4039658245430642,-0.0665685979828429,0.283392626464135,0.0018519465026473922,2.840678422455327e-05,0.9392231768287952,1.1091506591404532,-3.4048480595221555,-0.3915180694105368,1.6667518523826528,0.001851946502647392,2.8406784224553052e-05
7.24,0.4883166524630115,0.48772990771772595,0.0016953999231838653,0.0018226772580321284,0.9392352373054742,3.409187836509763,-10.439009812253506,-3.8254462621715644,15.648818287966261,0.0018510436564637871,2.8366398431658698e-05,0.9392352373054742,0.45866810584739093,-1.4044520534282188,-0.06924323168182388,0.28325446915186964,0.0018510436564637871,2.8366398431658698e-05,0.9392352373054742,1.1123456019076976,-3.4060272445472903,-0.40724872100808573,1.6659392908174084,0.0018510436564637871,2.8366398431658698e-05
7.25,0.488333598964997,0.48774812647953947,0.0016937852503786056,0.0018209532629583024,0.9392472843193195,3.418961150720744,-10.442616754858447,-3.9730203825820776,15.633795615727657,0.0018492666774204693,2.8313414462166923e-05,0.9392472843193195,0.45998299600069836,-1.404937327227096,-0.07191442565751076,0.28298254836067094,0.0018492666774204693,2.8313414462166923e-05,0.9392472843193195,1.1155344268126275,-3.4072041133311024,-0.4229591421386543,1.6643400096784222,0.0018492666774204691,2.8313414462166706e-05
7.260000000000001,0.4883505325576635,0.4877663312092601,0.0016929583168499873,0.0018200254400675003,0.9392593181953455,3.4287150343267068,-10.446216600198191,-4.1203969540233905,15.625603884537611,0.0018482977063597951,2.827226629229483e-05,0.9392593181953455,0.46129527198335085,-1.4054216461682942,-0.07458204385978313,0.28283427234219005,0.0018482977063597954,2.8272266292295048e-05,0.9392593181953455,1.1187169119237208,-3.408378666427981,-0.43864853263396375,1.6634679357238153,0.001848297706359795,2.8272266292294615e-05
7.2700000000000005,0.4883674590216289,0.48778452756292257,0.0016920941690240993,0.001818965942021548,0.9392713376823992,3.438452591991814,-10.449809358417538,-4.267612922790374,15.61628328273757,0.0018471952051664839,2.8229263144935804e-05,0.9392713376823992,0.46260535149319887,-1.4059050116166827,-0.07724675504221386,0.2826655629823863,0.0018471952051664837,2.8229263144935587e-05,0.9392713376823992,1.1218940702269704,-3.409550907147958,-0.4543208257165195,1.6624756846498354,0.0018471952051664839,2.8229263144935804e-05
7.28,0.4883843755077435,0.48780271159442157,0.0016911568293534332,0.0018178144696454205,0.9392833442055493,3.4481715092863903,-10.453395080955163,-4.414644487808348,15.60617711750933,0.0018459997824391784,2.8185312793757925e-05,0.9392833442055493,0.46391292314960675,-1.4063874304927604,-0.07990812838883654,0.2824826343794587,0.0018459997824391784,2.8185312793757925e-05,0.9392833442055493,1.125065146573117,-3.4107208522743817,-0.4699734875754778,1.6613998041952607,0.0018459997824391786,2.818531279375814e-05
7.29,0.4884012824199082,0.4878208842704425,0.0016900867097372377,0.0018165764476576023,0.9392953369928423,3.4578727582385964,-10.456973786083283,-4.5614967578421535,15.595324733768527,0.001844716092149518,2.8139644491915724e-05,0.9392953369928423,0.4652181177280955,-1.4068689052548495,-0.08256625637183955,0.2822861987036801,0.001844716092149518,2.8139644491915724e-05,0.9392953369928423,1.1282304581143097,-3.411888507769089,-0.48560706207887483,1.6602444829345662,0.001844716092149518,2.8139644491915724e-05
7.300000000000001,0.4884181789060426,0.4878390447001489,0.001689284806423994,0.001815625322354785,0.9393073160421889,3.4675559011688315,-10.46054549493352,-4.708164505703677,15.586935741394605,0.001843723787757447,2.8098465402661994e-05,0.9393073160421889,0.46652087634376843,-1.407349438745974,-0.08522104437549113,0.28213435212089866,0.0018437237877574465,2.809846540266156e-05,0.9393073160421889,1.131389862044988,-3.4130538805268786,-0.5012209927515895,1.6593514089817019,0.0018437237877574465,2.809846540266156e-05
7.3100000000000005,0.4884350671385235,0.48785719578783293,0.0016882558242994423,0.0018144669958625706,0.9393192804255944,3.477222849170482,-10.46411018089837,-4.854665340725726,15.576769585498317,0.0018425212689450892,2.8054273082518634e-05,0.9393192804255944,0.4678214561128732,-1.4078290273863912,-0.08787281114093351,0.2819503376452541,0.0018425212689450895,2.805427308251885e-05,0.9393192804255944,1.1345439819143455,-3.414216961866287,-0.5168171542450404,1.6582691420505802,0.001842521268945089,2.8054273082518417e-05
7.32,0.4884519464371881,0.4878753362146031,0.0016874087290689823,0.0018134570812536072,0.9393312319512123,3.48687189051314,-10.467667857850813,-5.00099543023199,15.56788253659122,0.0018414700511980716,2.8012969944464375e-05,0.9393312319512123,0.46911962674122165,-1.4083076730425557,-0.09052148729406617,0.2817894758936392,0.0018414700511980718,2.8012969944464592e-05,0.9393312319512123,1.1376922592210952,-3.4153777563137733,-0.5323951385408114,1.6573230460782646,0.0018414700511980718,2.8012969944464592e-05
7.33,0.4884688150774861,0.4878934644573756,0.001686457694573186,0.0018123454544567647,0.9393431711606377,3.4965022832674797,-10.471218561983752,-5.147145489527519,15.55812331782035,0.0018403156675465115,2.7970213089746794e-05,0.9393431711606377,0.4704152884105187,-1.4087853805838177,-0.09316690477546817,0.2816128272623233,0.0018403156675465117,2.797021308974701e-05,0.9393431711606377,1.1408344518894524,-3.4165362756783133,-0.5479539572103941,1.6562841007918605,0.0018403156675465117,2.797021308974701e-05
7.340000000000001,0.4884856715197061,0.4879115792370796,0.0016848604568903793,0.001810639035456229,0.9393550982167802,3.506113648798397,-10.474762311942216,-5.293106742348603,15.543259154554356,0.0018385574379718658,2.7918402515636747e-05,0.9393550982167802,0.47170839017964444,-1.4092621525186575,-0.09580890472867686,0.28134377559351237,0.0018385574379718658,2.7918402515636747e-05,0.9393550982167802,1.1439704363788221,-3.4176925260433837,-0.5634926759517681,1.654701694174679,0.0018385574379718656,2.791840251563653e-05
7.3500000000000005,0.4885025131512876,0.48792967812829274,0.0016833884855603437,0.0018090690800979421,0.9393670137090268,3.5157045380453247,-10.478299127827261,-5.438864920336984,15.52956930114226,0.0018369381133781445,2.7869033280202406e-05,0.9393670137090268,0.4729987370937013,-1.4097379915514476,-0.09844722888650746,0.28109597974786743,0.0018369381133781443,2.786903328020219e-05,0.9393670137090268,1.1470997398915106,-3.4188465139675324,-0.5790097757864265,1.65324430204033,0.0018369381133781445,2.7869033280202406e-05
7.36,0.488519343595703,0.4879477648104579,0.0016824393966015216,0.001807992638679687,0.9393789157650324,3.5252777329905127,-10.481829035838802,-5.584441135623859,15.520109381303373,0.001835819132744195,2.7826494064507948e-05,0.9393789157650324,0.474286703437296,-1.4102129012070934,-0.10108225939318356,0.28092474863489303,0.001835819132744195,2.7826494064507948e-05,0.9393789157650324,1.1502232701292536,-3.4199982479992355,-0.5945075042661159,1.6522372194697756,0.0018358191327441952,2.7826494064508165e-05
7.37,0.4885361605447608,0.4879658364057172,0.0016809730610894357,0.0018063681110673108,0.939390805127708,3.5348316012968506,-10.485352017061052,-5.729817651947349,15.505950264202678,0.0018341443005998072,2.777618953249644e-05,0.939390805127708,0.47557206959772136,-1.4106868789406874,-0.10371367521005864,0.28066845879087965,0.0018341443005998072,2.777618953249644e-05,0.939390805127708,1.1533404944951133,-3.4211477219666726,-0.6099839732268234,1.6507298705398266,0.0018341443005998072,2.777618953249644e-05
7.380000000000001,0.48855296526388925,0.48798389465409514,0.0016796255177448489,0.0018049238025946506,0.9394026801076897,3.544368029897398,-10.488868076551357,-5.875002294011331,15.493334177927565,0.0018326519881427762,2.772818554812556e-05,0.9394026801076897,0.476855089440723,-1.4111599254326392,-0.10634161796970211,0.28044009887546173,0.0018326519881427766,2.7728185548125993e-05,0.9394026801076897,1.1564520286552802,-3.42229493751995,-0.6254400156695707,1.6493867893284984,0.001832651988142776,2.7728185548125343e-05
7.390000000000001,0.48856975271083863,0.4880019339741857,0.0016781501149722281,0.001803218571864844,0.939414543367402,3.5538835538893836,-10.492377305759758,-6.019962527730544,15.478487000000742,0.0018308957677041398,2.7677195839295775e-05,0.939414543367402,0.47813529680237365,-1.411632052986529,-0.10896549878259658,0.28017135465307524,0.0018308957677041395,2.767719583929556e-05,0.939414543367402,1.1595567420855524,-3.423439924497273,-0.6408721680861286,1.6478061909337256,0.0018308957677041395,2.767719583929556e-05
7.4,0.4885864834139791,0.4880199597343241,0.0016647018239890406,0.0018020154463391346,0.9394263936451948,3.5633809121216147,-10.495879750575826,-6.164734242563002,15.46794269501633,0.001829648518966628,2.7633072627493427e-05,0.9394263936451948,0.4794130601641576,-1.4121032677762853,-0.11158596727283443,0.27998049541655184,0.001829648518966628,2.7633072627493427e-05,0.9394263936451948,1.1626555284141402,-3.424582697871434,-0.65628425119044,1.646683667069965,0.0018296485189666276,2.7633072627492993e-05
7.41,0.4886031243163655,0.48803797306061913,0.0016634174149959228,0.0018005719762936839,0.939438230467947,3.5728611275717665,-10.499375431008652,-6.309323594139051,15.455339928402484,0.0018281577820454644,2.758580575178051e-05,0.939438230467947,0.4806885171562833,-1.4125735724939077,-0.11420313486159615,0.2797523765962448,0.0018281577820454642,2.7585805751780294e-05,0.939438230467947,1.1657487214169375,-3.425723264170975,-0.6716769202975753,1.645342003840918,0.0018281577820454646,2.7585805751780728e-05
7.42,0.4886197513411521,0.48805597107685655,0.001662210082197169,0.0017992460950056737,0.9394500546331731,3.5823227680274243,-10.502864382050914,-6.453712532207128,15.44374500282704,0.001826786259094744,2.75401640890704e-05,0.9394500546331731,0.48196147509058374,-1.4130429718472703,-0.116816674826804,0.27954250039803674,0.0018267862590947443,2.7540164089070616e-05,0.9394500546331731,1.1688358537934445,-3.426861634813265,-0.6870482538168599,1.6441076331852695,0.0018267862590947439,2.7540164089070182e-05
7.430000000000001,0.4886363664524681,0.4880739562184367,0.0016607866038752498,0.0017977534694017803,0.9394618650579535,3.5917675325828444,-10.50634664301831,-6.597915812121007,15.430717500797853,0.0018252452817156893,2.7491812313908993e-05,0.9394618650579535,0.4832321625611938,-1.4135114711258598,-0.11942685425059951,0.2793066935720037,0.0018252452817156893,2.7491812313908993e-05,0.9394618650579535,1.1719174799220389,-3.4279978226261782,-0.7023998225712885,1.6427207535441202,0.001825245281715689,2.7491812313908777e-05
7.44,0.4886529667746525,0.4880919254356842,0.001659360426908544,0.0017962108187334423,0.9394736625489107,3.6011938771695777,-10.509822278515157,-6.741914610602642,15.417265061756988,0.0018236540400326218,2.7443221299179544e-05,0.9394736625489107,0.4845003718309676,-1.4139790790214657,-0.12203333241858924,0.2790631950912112,0.0018236540400326218,2.7443221299179544e-05,0.9394736625489107,1.1749930960059725,-3.4291318486887348,-0.7177296226754617,1.64128863602936,0.001823654040032622,2.744322129917976e-05
7.45,0.488669556185424,0.4881098813386903,0.001658374412056382,0.0017947743437869345,0.9394854490596741,3.610601669659579,-10.513291328536047,-6.885732825505951,15.404740554285135,0.0018221725601100176,2.739821632308302e-05,0.9394854490596741,0.48576608512355396,-1.4144458009149123,-0.12463654189851096,0.27883649281567546,0.001822172560110018,2.7398216323083454e-05,0.9394854490596741,1.1780626589346688,-3.4302637260503195,-0.7330401982431317,1.6399553040990158,0.0018221725601100176,2.739821632308302e-05
7.46,0.48868613443500863,0.48812782283689393,0.0016571132466746514,0.001793387536461837,0.9394972258871427,3.619989233355143,-10.516753741146408,-7.029368181410354,15.392625770820528,0.001820739544998657,2.7352008536819924e-05,0.9394972258871427,0.48702907685802355,-1.414911629818984,-0.12723644150367336,0.2786172068289632,0.001820739544998657,2.7352008536819924e-05,0.9394972258871427,1.1811256216372694,-3.431393437765784,-0.7483313070379535,1.6386655904987912,0.001820739544998657,2.7352008536819924e-05
7.470000000000001,0.4887027011025812,0.48814575189428916,0.0016561967889191598,0.0017923471862979058,0.9395089889853073,3.6293601457921025,-10.520209506182766,-7.172823058036293,15.38348575024434,0.001819658404122958,2.731121782505218e-05,0.9395089889853073,0.4882898283518228,-1.4153765643662992,-0.12983307430866764,0.27845176611460987,0.0018196584041229578,2.7311217825051965e-05,0.9395089889853073,1.1841831513877525,-3.432520980519003,-0.7636032023998093,1.6376925637106623,0.001819658404122958,2.731121782505218e-05
7.48,0.4887192564154279,0.4881636672458369,0.0016548240090485096,0.0017906583373504012,0.9395207394654232,3.6387134249380093,-10.523658663071922,-7.316091492027299,15.368781083751934,0.0018179190408604863,2.7260703510085128e-05,0.9395207394654232,0.4895482074834658,-1.415840609861293,-0.1324263323726039,0.2781856014480699,0.0018179190408604865,2.7260703510085344e-05,0.9395207394654232,1.1872349277697825,-3.4336463671741044,-0.7788552494826894,1.6361271367744377,0.0018179190408604863,2.7260703510085128e-05
7.49,0.48873579872087114,0.48818156744047336,0.0016535728961262698,0.0017892864298481553,0.9395324763185208,3.6480492719549327,-10.527101238831177,-7.459160849236779,15.356797316214774,0.0018165015231622168,2.7215093314061477e-05,0.9395324763185208,0.49080424131705974,-1.416303769938841,-0.13501598700866252,0.2779686869405516,0.001816501523162217,2.7215093314061694e-05,0.9395324763185208,1.190281016418271,-3.43476960654626,-0.7940861032827203,1.634851370845995,0.0018165015231622168,2.7215093314061477e-05
7.5,0.488752329434259,0.4881994545195127,0.0016526686055189513,0.0017882041935507605,0.9395441997457744,3.657368120455076,-10.530537223814108,-7.602047285786972,15.347300912329679,0.001815378226958807,2.7174033408046546e-05,0.9395441997457744,0.4920579881902785,-1.416766043301125,-0.1376023306538661,0.27779679544102587,0.001815378226958807,2.7174033408046546e-05,0.9395441997457744,1.1933215588116732,-3.4358906954880464,-0.8092974837456721,1.6338404042629264,0.001815378226958807,2.7174033408046546e-05
7.510000000000001,0.4887688516758352,0.48821733121160327,0.0016516888452451728,0.0017870380410811284,0.939555910764054,3.666670485857255,-10.533966610313191,-7.744772549230474,15.337086765226644,0.0018141700314354555,2.7131990354327092e-05,0.939555910764054,0.49330951744696094,-1.417227428911184,-0.14018575695400648,0.2776119122912398,0.001814170031435456,2.7131990354327526e-05,0.939555910764054,1.1963567231202041,-3.4370096314846625,-0.8244917060688772,1.63275302829191,0.0018141700314354555,2.7131990354327092e-05
7.5200000000000005,0.48878536254827454,0.48823519505406776,0.0016504573981198137,0.0017855962519369268,0.939567608860967,3.675955763689231,-10.537389379838878,-7.887318302178696,15.324509621526062,0.0018126823253585501,2.7086073421623332e-05,0.939567608860967,0.49455874776212577,-1.4176879242814555,-0.14276593398962656,0.2773842572634416,0.0018126823253585501,2.7086073421623332e-05,0.939567608860967,1.1993863121174075,-3.438126408503362,-0.839666818093675,1.6314140928226952,0.0018126823253585504,2.708607342162355e-05
7.53,0.4888018637471526,0.48825304606129233,0.0016498012276228852,0.0017846813870757176,0.939579295283851,3.685223002131275,-10.540805538815455,-8.029689246685033,15.316448873029,0.0018117288477797792,2.7047460704061584e-05,0.939579295283851,0.4958055510790706,-1.4181475302762558,-0.14534294687115537,0.27723835212258774,0.001811728847779779,2.7047460704061367e-05,0.939579295283851,1.2024100152447161,-3.4392410286402515,-0.8548233203904829,1.6305559630018012,0.001811728847779779,2.7047460704061367e-05
7.54,0.48881835550116026,0.4882708857286416,0.0016484707533008871,0.0017831933748991755,0.9395909681824497,3.694474248950937,-10.544215101907685,-8.171890157659888,15.303478155169952,0.0018101945872004207,2.7001212301245182e-05,0.9395909681824497,0.49705020290202356,-1.4186062488685647,-0.14791688202778436,0.27700357312943474,0.0018101945872004207,2.7001212301245182e-05,0.9395909681824497,1.2054285006452006,-3.4403534966801326,-0.8699617212859175,1.6291751284803784,0.0018101945872004204,2.7001212301244965e-05
7.550000000000001,0.4888348360701259,0.4882887128140562,0.0016475536896217665,0.0017821076221099027,0.9396026286623496,3.7037083945035034,-10.547618121683895,-8.313915954626657,15.293955189696385,0.0018090681491201648,2.696052701026217e-05,0.9396026286623496,0.49829255394069527,-1.4190640871308626,-0.1504876474993618,0.2768312008467276,0.0018090681491201648,2.696052701026217e-05,0.9396026286623496,1.2084414062653521,-3.441463829774934,-0.8850814799234463,1.6281613342081485,0.001809068149120165,2.6960527010262388e-05
7.5600000000000005,0.48885130631332735,0.4883065276775768,0.0016462929537434613,0.0017806825178377382,0.9396142762163849,3.712925823479918,-10.551014650610043,-8.455768982974297,15.281521365158643,0.0018075973957627773,2.691487792503915e-05,0.9396142762163849,0.4995326559509509,-1.4195210521218582,-0.15305528573905522,0.2766061399952207,0.0018075973957627773,2.691487792503915e-05,0.9396142762163849,1.2114488576216575,-3.4425720450431845,-0.9001828459880963,1.6268376561864997,0.0018075973957627773,2.691487792503915e-05
7.57,0.48886776481375094,0.4883243295471015,0.0016453230076340086,0.001779594745707817,0.9396259099112162,3.722126985778018,-10.554404734190891,-8.597441493089315,15.271980618985065,0.0018064688544660768,2.687410875825986e-05,0.9396259099112162,0.5007705694615144,-1.4199771499637077,-0.15561965647348322,0.27643344586950597,0.001806468854466077,2.6874108758260075e-05,0.9396259099112162,1.2144510015062284,-3.443678157332121,-0.9152649944728052,1.6258219690194695,0.0018064688544660772,2.6874108758260292e-05
7.58,0.48888420982590153,0.4883421163323514,0.0016438990263972747,0.0017780074400541173,0.9396375313826337,3.731310264183924,-10.557788416316706,-8.738923257811681,15.258161088266355,0.0018048341908000131,2.6826750745895765e-05,0.9396375313826337,0.50200607689434,-1.4204323865613562,-0.15818057458395302,0.276183302774633,0.001804834190800013,2.682675074589555e-05,0.9396375313826337,1.2174473102565146,-3.4447821809622052,-0.9303268366162739,1.6243507717200116,0.001804834190800013,2.682675074589555e-05
7.590000000000001,0.4889006426036734,0.48835988984348294,0.001642532913243841,0.0017765645122981538,0.9396491411400292,3.7404762951132264,-10.56116573433389,-8.880227936569625,15.24557709625167,0.0018033456746601275,2.678116236197372e-05,0.9396491411400292,0.5032392638720296,-1.4208867669393443,-0.1607382873155933,0.2759555237875978,0.0018033456746601275,2.678116236197372e-05,0.9396491411400292,1.22043799152141,-3.445884128118776,-0.9453698265716378,1.6230111071941147,0.0018033456746601275,2.678116236197372e-05
7.6000000000000005,0.4889170634981349,0.48837765008364326,0.0016415281869293365,0.0017754034974477825,0.9396607386807325,3.7496253501701275,-10.564536672632903,-9.02135472915008,15.235412510521808,0.0018021433415772318,2.67398441294493e-05,0.9396607386807325,0.504470166935892,-1.421340288997583,-0.16329278018399238,0.27577153773305496,0.0018021433415772318,2.67398441294493e-05,0.9396607386807325,1.2234231339195991,-3.4469839937087716,-0.9603938791499474,1.6219290074195085,0.0018021433415772318,2.67398441294493e-05
7.61,0.48893347325850495,0.4883953972698145,0.0016404633942310855,0.0017741393992685996,0.9396723240309597,3.758757274951897,-10.567901248236847,-9.162306767606665,15.224366579933418,0.0018008367573119457,2.6697358043346062e-05,0.9396723240309597,0.505698765312766,-1.4217929550263406,-0.16584410988149395,0.27557159872503995,0.0018008367573119455,2.6697358043345845e-05,0.9396723240309597,1.226402687072749,-3.448081783286469,-0.9753993277828455,1.6207530815807512,0.0018008367573119457,2.6697358043346062e-05
7.62,0.4889498709709768,0.4884131307860509,0.0016392375646059898,0.001772762416382195,0.9396838969787424,3.7678720429527144,-10.57125949858701,-9.30307963609646,15.212352060651607,0.0017994156020979984,2.6653185715803376e-05,0.9396838969787424,0.5069250554365903,-1.4222447700629235,-0.16839219647827716,0.27535412758960603,0.0017994156020979988,2.665318571580381e-05,0.9396838969787424,1.2293766423325736,-3.4491775090681656,-0.9903857023692615,1.6194740418881985,0.0017994156020979984,2.6653185715803376e-05
7.630000000000001,0.4889662569011528,0.48843085108659773,0.0016379070438166331,0.001771270646847208,0.9396954574982962,3.77697003899846,-10.574611458392082,-9.443676333543939,15.199354218124949,0.0017978781330371435,2.6607486189935423e-05,0.9396954574982962,0.5081490890813839,-1.422695738776998,-0.17093709425695583,0.2751188576211484,0.0017978781330371435,2.6607486189935423e-05,0.9396954574982962,1.2323451252595863,-3.4502711823785694,-1.005353322168198,1.618090319733429,0.0017978781330371435,2.6607486189935423e-05
7.640000000000001,0.48898262920146524,0.48844855633394274,0.0016362858396247336,0.0017695306223139452,0.9397070054282218,3.78605061949566,-10.577957155168606,-9.584084514471495,15.18422559993259,0.0017960886220197167,2.6557999705771477e-05,0.9397070054282218,0.509370779658841,-1.4231458648706072,-0.17347857975581923,0.2748450191346748,0.001796088622019717,2.6557999705771693e-05,0.9397070054282218,1.2353079258629025,-3.4513628121957436,-1.0203008729068561,1.616479759817745,0.0017960886220197167,2.6557999705771477e-05
7.65,0.48899898754583115,0.488466246804486,0.0016351376196611926,0.0017682207051087446,0.939718540055184,3.7951145655261613,-10.581296631715238,-9.72430397767582,15.172787436919094,0.0017947356419608957,2.651493685215103e-05,0.939718540055184,0.510590232254791,-1.423595154101832,-0.17601664933294786,0.2746379804476097,0.0017947356419608957,2.651493685215103e-05,0.939718540055184,1.2382652989929435,-3.4524524124839826,-1.0352283331655674,1.615262077764806,0.0017947356419608955,2.6514936852150813e-05
7.66,0.48901533255636287,0.4884839209208039,0.0016340297852218842,0.00176681729736395,0.9397300634063255,3.8041600603971206,-10.584629915959752,-9.86432977616527,15.160548028214963,0.0017932878853684333,2.647058800448322e-05,0.9397300634063255,0.511807202453524,-1.4240436102280414,-0.17855121344436045,0.2744164386575892,0.0017932878853684333,2.647058800448322e-05,0.9397300634063255,1.2412166519014096,-3.453539992355524,-1.0501351762983195,1.61395909683159,0.0017932878853684333,2.647058800448322e-05
7.67,0.4890316664760861,0.4885015823686097,0.0016326029841410225,0.0017653141702979804,0.9397415730329614,3.8131899962072464,-10.587957015400379,-10.004181526086882,15.147452421641967,0.0017917388521425104,2.642468184452999e-05,0.9397415730329614,0.513022079354585,-1.4244912342580391,-0.18108262715592918,0.274179399092058,0.0017917388521425104,2.642468184452999e-05,0.9397415730329614,1.2441629282186997,-3.454625554256883,-1.0650234905976264,1.6125649669282593,0.0017917388521425104,2.642468184452999e-05
7.680000000000001,0.4890479851110186,0.48851922775909606,0.0016313694004526137,0.0017639847284822412,0.9397530692849381,3.8222030846514996,-10.59127800219269,-10.143836714260933,15.135847923716554,0.0017903661969121917,2.6381468429950445e-05,0.9397530692849381,0.5142346896309354,-1.4249380358995507,-0.1836104829634802,0.27396934962767355,0.0017903661969121917,2.6381468429950445e-05,0.9397530692849381,1.247103707598235,-3.4557091217308895,-1.079890879359151,1.6113295772209724,0.0017903661969121915,2.6381468429950228e-05
7.69,0.48906429427244014,0.48853686220534004,0.0016304813147005083,0.0017628565915035648,0.9397645530391342,3.831200600844622,-10.594592902362722,-10.283334433071744,15.125976479144558,0.001789198538465472,2.6341946961907147e-05,0.9397645530391342,0.5154452048350069,-1.4253840186540878,-0.1861354884662943,0.273790669631488,0.0017891985384654722,2.6341946961907364e-05,0.9397645530391342,1.2500394060828803,-3.4567907032692866,-1.094741504273432,1.6102786846189248,0.001789198538465472,2.6341946961907147e-05
7.7,0.48908059276640936,0.4885544840898308,0.0016292992562045305,0.0017616044358621675,0.9397760251435422,3.840181366496696,-10.597901705701016,-10.422666290507602,15.115035439810626,0.0017879043614176262,2.629992555545869e-05,0.9397760251435422,0.5166534664410654,-1.4258291811480825,-0.18865749176313665,0.2735926292279589,0.0017879043614176264,2.6299925555458908e-05,0.9397760251435422,1.252969639221655,-3.4578702955409457,-1.1095744719450842,1.6091139252758635,0.0017879043614176262,2.629992555545869e-05
7.71,0.48909687795653,0.4885720913177788,0.0016277009400780505,0.0017598393896769303,0.9397874846909396,3.849145257867544,-10.601204441480222,-10.56181547985057,15.099700135990478,0.0017860904022844908,2.6251012607560534e-05,0.9397874846909396,0.5178594578012533,-1.4262735273198424,-0.19117618864075103,0.2733150495882107,0.001786090402284491,2.625101260756075e-05,0.9397874846909396,1.2558943666407663,-3.45894790809691,-1.1243879931673293,1.6074813620560415,0.0017860904022844906,2.6251012607560317e-05
7.720000000000001,0.48911314813025997,0.48858968227189004,0.0016261996494362045,0.0017581883230905046,0.9397989317939697,3.858091685559363,-10.604501125544019,-10.700771270476,15.085342306892068,0.0017843920651970419,2.620374210653728e-05,0.9397989317939697,0.5190630996186864,-1.4267170593009568,-0.19369138486738574,0.27305516291915966,0.0017843920651970417,2.6203742106537063e-05,0.9397989317939697,1.2588133960322263,-3.460023546106635,-1.1391809255811152,1.6059528586773377,0.0017843920651970419,2.620374210653728e-05
7.73,0.4891294050921385,0.4886072584468402,0.0016251133159923834,0.001756885522175467,0.9398103661257806,3.8670214774496343,-10.607791771030053,-10.839543439370939,15.073971981843314,0.0017830471094523893,2.616158727692221e-05,0.9398103661257806,0.5202645032750233,-1.4271597788589498,-0.19620325741329014,0.2728493521463268,0.0017830471094523895,2.6161587276922428e-05,0.9398103661257806,1.2617269975148784,-3.461097213856657,-1.1539543100233005,1.6047423985071503,0.0017830471094523893,2.616158727692221e-05
7.74,0.4891456501756098,0.4886248195670716,0.0016240749044516482,0.0017555735026011376,0.9398217869405068,3.8759353641776664,-10.61107642357081,-10.978127192764788,15.062518981484743,0.0017816923743362231,2.611887173508548e-05,0.9398217869405068,0.5214637670696138,-1.4276016921331618,-0.19871171950789024,0.27264204489302074,0.0017816923743362231,2.611887173508548e-05,0.9398217869405068,1.2646354094808148,-3.4621689262358863,-1.1687076361594537,1.6035231369026008,0.0017816923743362231,2.611887173508548e-05
7.75,0.4891618827262555,0.4886423646833036,0.0016225749972951665,0.0017536208160306218,0.9398331973528968,3.8848306760973035,-10.614355094018135,-11.11652676401587,15.045584857964357,0.0017796892964460358,2.6068480415414015e-05,0.9398331973528968,0.5226605318314166,-1.4280428005835875,-0.20121684777790905,0.272335525507336,0.0017796892964460356,2.60684804154138e-05,0.9398331973528968,1.2675377608811809,-3.46323868678505,-1.1834413546637297,1.6017203668014321,0.0017796892964460358,2.6068480415414015e-05
7.760000000000001,0.4891781030122424,0.48865989444390756,0.0016214232541682755,0.0017522643582600886,0.9398445960576222,3.8937085241100995,-10.617627795225877,-11.254743374357895,15.033755509887364,0.0017782900444823996,2.6025686222311013e-05,0.9398445960576222,0.5238549470198149,-1.4284831059395682,-0.2037186643285241,0.2721214060991927,0.0017782900444823998,2.602568622231123e-05,0.9398445960576222,1.2704344141795656,-3.464306499698086,-1.1981555955460235,1.60046104003416,0.0017782900444823998,2.602568622231123e-05
7.7700000000000005,0.48919431201186503,0.4886774106972174,0.0016203238842704291,0.0017509757738537813,0.939855982181135,3.902569982866421,-10.620894534495859,-11.392788647884856,15.0225107492859,0.0017769599413144307,2.598416746064946e-05,0.939855982181135,0.5250471572170001,-1.4289226091834828,-0.20621737956390215,0.27191786812998026,0.0017769599413144307,2.598416746064946e-05,0.939855982181135,1.2733257200115644,-3.465372367357424,-1.2128515962821973,1.5992639471829875,0.0017769599413144305,2.5984167460649243e-05
7.78,0.4892105100327885,0.4886949144824864,0.00161905247935174,0.0017495422178905175,0.9398673558306804,3.911415756623142,-10.624155349562752,-11.530669137860668,15.010024948100572,0.0017754830398222753,2.5940821931757802e-05,0.9398673558306804,0.5262372571728604,-1.429361315392109,-0.20871311210266716,0.27169186646508736,0.0017754830398222748,2.594082193175737e-05,0.9398673558306804,1.276211908161242,-3.4664363020750852,-1.2275300545185293,1.5979347358400475,0.001775483039822275,2.5940821931757585e-05
7.79,0.48922669430925464,0.4887124019280161,0.0016178003469597985,0.0017479566475891387,0.9398787188470099,3.920243361846628,-10.627410262370281,-11.668363265077431,14.996241137136701,0.001773852601320335,2.5895953731196186e-05,0.9398787188470099,0.5274249127557133,-1.42979922751773,-0.21120547134618312,0.27144236992256165,0.0017738526013203345,2.5895953731195753e-05,0.9398787188470099,1.2790921683043073,-3.467498311010843,-1.242188672979299,1.5964673411883012,0.0017738526013203347,2.589595373119597e-05
7.800000000000001,0.48924286470397643,0.4887298726888462,0.0016163524240836397,0.001746334552493125,0.9398900722158551,3.929052074290382,-10.63065930217443,-11.805872043247046,14.982139159023012,0.001772184527945682,2.5849975452556934e-05,0.9398900722158551,0.5286100265262902,-1.4302363494964114,-0.2136944756433388,0.2711871143338597,0.0017721845279456817,2.5849975452556717e-05,0.9398900722158551,1.2819662641345067,-3.4685584037103014,-1.2568275595820797,1.5949660751511137,0.0017721845279456817,2.5849975452556717e-05
7.8100000000000005,0.48925902138852384,0.4887473279876784,0.0016150101057067466,0.001744769004333833,0.9399014128184844,3.9378441675650473,-10.63390247538778,-11.943196280749714,14.96852251474126,0.0017705738630024099,2.5804858668576928e-05,0.9399014128184844,0.5297929043734824,-1.4306726821908944,-0.21618013962637675,0.27094064362427117,0.0017705738630024099,2.5804858668576928e-05,0.9399014128184844,1.2848349374827164,-3.4696165822657514,-1.2714468003852755,1.593516476702169,0.00177057386300241,2.5804858668577145e-05
7.82,0.48927516413026384,0.4887647669502169,0.0016135518910655143,0.0017431064219858095,0.9399127417985346,3.946618661861945,-10.637139815300454,-12.08033359222493,14.954074995711022,0.0017688649168084902,2.5758494822680734e-05,0.9399127417985346,0.5309734144749871,-1.4311082300799922,-0.2186624201186167,0.2706791335052216,0.0017688649168084902,2.5758494822680734e-05,0.9399127417985346,1.2876978686581693,-3.470672857539052,-1.2860461414485755,1.5919784251276412,0.0017688649168084902,2.5758494822680734e-05
7.83,0.48929129394220655,0.4887821914877746,0.001612388976496111,0.0017417513119159212,0.939924057687508,3.9553771229678403,-10.64037132555536,-12.21729383342405,14.942265160756525,0.0017674679729834594,2.571666106753823e-05,0.939924057687508,0.5321517674899069,-1.4315429936538182,-0.22114149551599682,0.2704653672981349,0.0017674679729834594,2.571666106753823e-05,0.939924057687508,1.2905555685438395,-3.4717272307188076,-1.3006266319939161,1.5907211756851134,0.0017674679729834594,2.571666106753823e-05
7.840000000000001,0.4893074127855619,0.4887996034965496,0.0016113918490978161,0.0017406597315883503,0.939935361295162,3.9641198230614823,-10.643596990502003,-12.354092404055912,14.932713182975942,0.0017663381031394834,2.5678371551133075e-05,0.939935361295162,0.5333280000368491,-1.4319769708067724,-0.22361764456393227,0.2702924698725402,0.0017663381031394836,2.5678371551133292e-05,0.939935361295162,1.2934081259458736,-3.472779696698593,-1.3151899114409356,1.589704292825535,0.0017663381031394832,2.5678371551132858e-05
7.8500000000000005,0.4893235201561057,0.4888170029641724,0.0016101045231001366,0.0017392700906131544,0.9399466519424151,3.972847031757299,-10.646816829350248,-12.490728530549589,14.920607627634688,0.001764906179590366,2.5636088977211554e-05,0.9399466519424151,0.5345021483894208,-1.4324101641233278,-0.22609085326025255,0.27007335092126367,0.001764906179590366,2.5636088977211554e-05,0.9399466519424151,1.2962556288337346,-3.4738302617461807,-1.3297358974369486,1.5884155616313294,0.001764906179590366,2.5636088977211554e-05
7.86,0.48933961434240114,0.4888343881591196,0.0016084809840853304,0.0017374939080018021,0.9399579295623532,3.9815583903630203,-10.650030862977415,-12.627189521512223,14.905189230043405,0.0017630823915874003,2.5588483585598214e-05,0.9399579295623532,0.5356741642895873,-1.4328425764122945,-0.22856089188194087,0.2697942672266022,0.0017630823915874003,2.5588483585598214e-05,0.9399579295623532,1.2990979601737513,-3.4748789326733958,-1.344263238883769,1.5867741524286603,0.0017630823915874003,2.5588483585598214e-05
7.87,0.48935569227680814,0.4888517553864252,0.0016071108367618088,0.0017359691172986517,0.9399691954923955,3.990252057931499,-10.653239118791168,-12.76345261784865,14.891926261651905,0.0017615135617208126,2.5544444422160922e-05,0.9399691954923955,0.5368438000584933,-1.4332742113610673,-0.231027348473583,0.26955419829602995,0.0017615135617208128,2.554444442216114e-05,0.9399691954923955,1.301934519303959,-3.4759257184227774,-1.358769512897434,1.5853622055487315,0.0017615135617208128,2.554444442216114e-05
7.880000000000001,0.4893717578567832,0.48886910887500246,0.0016058282366088255,0.0017345563455938898,0.9399804485941609,3.9989302841295795,-10.656441615292815,-12.899544559176967,14.879620723226214,0.0017600579828762578,2.5501637282367975e-05,0.9399804485941609,0.5380113583636595,-1.4337050714587898,-0.23349070704082023,0.2693314595121642,0.0017600579828762578,2.5501637282367975e-05,0.9399804485941609,1.3047660402428807,-3.4769706250309094,-1.3732575661197535,1.584052184588632,0.0017600579828762578,2.5501637282367975e-05
7.890000000000001,0.4893878095516008,0.48888644730117137,0.0016044257655280511,0.0017330385928339116,0.9399916883588267,4.007592958570662,-10.659638371228995,-13.035455007308638,14.86641791152864,0.0017584962687333392,2.545767589942757e-05,0.9399916883588267,0.5391768243538032,-1.434135159227613,-0.23595078045526666,0.26909247945949244,0.001758496268733339,2.5457675899427353e-05,0.9399916883588267,1.307592486973713,-3.4780136586144215,-1.3877262979695741,1.5826466418600051,0.001758496268733339,2.5457675899427353e-05
7.9,0.4894038467208864,0.48890377021886844,0.00160291118309698,0.0017314429736795527,0.9400029156844563,4.016239685278738,-10.66282944215418,-13.171182811929349,14.852547028825715,0.0017568555308217393,2.54125571421866e-05,0.9400029156844563,0.54034014475478,-1.4345644821417702,-0.2384075478954351,0.268841406858074,0.0017568555308217395,2.5412557142186817e-05,0.9400029156844563,1.3104137302978924,-3.4790548372995596,-1.402175585986926,1.5811699777395654,0.0017568555308217393,2.54125571421866e-05
7.91,0.48941986658849224,0.4889210747961069,0.0016012892576188404,0.0017297100488415798,0.9400141314168131,4.0248689966561635,-10.66601486770645,-13.306711077138461,14.837501137944162,0.0017550758053268398,2.5365756485259917e-05,0.9400141314168131,0.5415011221177354,-1.4349930455341213,-0.24086070353380057,0.2685690657933274,0.00175507580532684,2.5365756485260134e-05,0.9400141314168131,1.3132292913694694,-3.480094174019386,-1.4166036314708337,1.5795682247941556,0.0017550758053268395,2.53657564852597e-05
7.920000000000001,0.48943587379762554,0.4889383656695772,0.0016000206525776676,0.0017283436511599626,0.9400253337707434,4.0334834410473634,-10.669194656122702,-13.442068489857208,14.825596440150061,0.0017536676405102776,2.5323989350315053e-05,0.9400253337707434,0.5426600992939196,-1.4354208505128496,-0.24331076662354215,0.268353582503022,0.0017536676405102774,2.5323989350314836e-05,0.9400253337707434,1.31604000165912,-3.4811316714614273,-1.4310134883687793,1.5783008764592497,0.0017536676405102774,2.5323989350314836e-05
7.930000000000001,0.48945186534459817,0.4889556400088578,0.001598280532443792,0.0017262758667616735,0.9400365235616314,4.042081809297945,-10.67236882573564,-13.57723681144591,14.807671294548767,0.0017515473381049529,2.5271471343279398e-05,0.9400365235616314,0.5438169136051281,-1.4358478995444146,-0.24575740703262658,0.26802912493003905,0.0017515473381049527,2.527147134327918e-05,0.9400365235616314,1.3188454666454406,-3.4821673356072536,-1.445403215034698,1.5763926042944576,0.0017515473381049529,2.5271471343279398e-05
7.94,0.48946784138300226,0.4889728956253557,0.0015967602477020791,0.0017246751792480376,0.940047698128955,4.050665379612018,-10.675537457789279,-13.712192366006855,14.793760189805795,0.0017499018424697531,2.522666322171555e-05,0.940047698128955,0.5449717370194326,-1.4362742035592904,-0.2482001962108773,0.26777732428178713,0.001749901842469753,2.5226663221715332e-05,0.940047698128955,1.3216461033792906,-3.4832011929650624,-1.4597702909838142,1.5749116582227776,0.001749901842469753,2.5226663221715332e-05
7.95,0.48948380238779277,0.48899013541848557,0.0015954201602394887,0.0017232582801778183,0.9400588599500976,4.059233435126667,-10.678700519935713,-13.846963563663666,14.78142632191583,0.0017484429126325438,2.5184632454725454e-05,0.9400588599500976,0.546124473090943,-1.436699758205428,-0.25063964840124475,0.2675540727149613,0.0017484429126325435,2.5184632454725237e-05,0.9400588599500976,1.3244416779635229,-3.4842332329804195,-1.4741177406963366,1.5735986213692894,0.0017484429126325438,2.5184632454725454e-05
7.96,0.48949975082540353,0.4890073615446144,0.0015943616913883236,0.0017220160744585856,0.9400700100095546,4.067786168469606,-10.681858015795697,-13.981568514007833,14.770592735836317,0.0017471614458520995,2.5145371393513888e-05,0.9400700100095546,0.5472751477355645,-1.4371245639699592,-0.2530760913999005,0.267357977289895,0.0017471614458520993,2.514537139351367e-05,0.9400700100095546,1.3272322532484704,-3.4852634568347,-1.4884474920801403,1.5724453012668895,0.0017471614458520995,2.5145371393513888e-05
7.970000000000001,0.4895156869897863,0.4890245721935524,0.0015929296433381548,0.00172030056417314,0.9400811496934768,4.076322193908943,-10.685009984109966,-14.115998792635876,14.755704473186478,0.00174540036564613,2.509980147298997e-05,0.9400811496934768,0.5484235745185646,-1.4375486260650174,-0.2555093727192961,0.26708848940551483,0.0017454003656461297,2.5099801472989753e-05,0.9400811496934768,1.3300173770992407,-3.486291877168183,-1.502758648291482,1.5708603290815168,0.0017454003656461297,2.5099801472989753e-05
7.98,0.4895316119332242,0.48904177007527533,0.0015919382199617764,0.0017191566698650594,0.940092276741751,4.0848437784620835,-10.688156441046875,-14.250267717489681,14.745713511605832,0.0017442185699529658,2.5061900087906385e-05,0.940092276741751,0.5495700584417881,-1.4379719466658734,-0.25793973342342047,0.2669076460685443,0.001744218569952966,2.5061900087906602e-05,0.940092276741751,1.332797789195476,-3.487318499256259,-1.5170526271296014,1.569796712957669,0.0017442185699529658,2.5061900087906385e-05
7.99,0.48954752608711244,0.48905895605837196,0.001590834587112809,0.0017179567267852332,0.9401033903980986,4.093351671425371,-10.691297396012116,-14.384379711618555,14.735242197150946,0.0017429799550083818,2.50232282231486e-05,0.9401033903980986,0.55071470031468,-1.4383945270379583,-0.2603672535725352,0.2667181080112507,0.0017429799550083816,2.502322822314838e-05,0.9401033903980986,1.3355737340166631,-3.4883433261678074,-1.5313298994627444,1.5686819595075434,0.0017429799550083816,2.502322822314838e-05
8.0,0.4895634267609645,0.489076127083946,0.0015891385159085116,0.001716003632253289,0.9401144927146543,4.101843777133983,-10.694432841072599,-14.518318545182767,14.718319506721121,0.0017409782294982507,2.4974597244961693e-05,0.9401144927146543,0.5518572181889702,-1.438816366113963,-0.2627916393952798,0.26641179557243816,0.0017409782294982507,2.4974597244961693e-05,0.9401144927146543,1.3383445277918693,-3.4893663553144267,-1.5455887374973367,1.5668804065484256,0.0017409782294982507,2.4974597244961693e-05
8.01,0.4895792123186233,0.48909327980551903,0.0015722879066818077,0.0017146007019400629,0.9401255849290601,4.110317996976115,-10.697562781376146,-14.65206567791135,14.706112858528968,0.0017395343480314856,2.4933646091422753e-05,0.9401255849290601,0.5529973297199043,-1.43923746458647,-0.2652125552998853,0.26619084677041577,0.0017395343480314854,2.4933646091422536e-05,0.9401255849290601,1.3411094857886237,-3.4903875883757443,-1.5598271674762993,1.565580913228337,0.0017395343480314854,2.4933646091422536e-05
8.02,0.4895948409290688,0.4891104170415963,0.0015548746692435487,0.0017127489092761995,0.9401366665008724,4.118775777498521,-10.700687229564643,-14.785639151924112,14.690059632819375,0.0017376354684439852,2.4886559167785647e-05,0.9401366665008724,0.5541352295241746,-1.4396578241563032,-0.2676303278612391,0.26590027224632906,0.0017376354684439854,2.4886559167785864e-05,0.9401366665008724,1.3438690799844162,-3.4914070294765374,-1.5740471101246178,1.5638719215995869,0.0017376354684439854,2.4886559167785864e-05
8.030000000000001,0.4896103834721681,0.4891275375573273,0.0015538633909486983,0.0017116131578942513,0.94014773684075,4.127217030434456,-10.70380619519125,-14.919029242645191,14.680143731249638,0.00173646255133542,2.4849393441168715e-05,0.94014773684075,0.5552709057264773,-1.440077446108734,-0.27004478105777047,0.2657207875476372,0.0017364625513354198,2.48493934411685e-05,0.94014773684075,1.3466232815796824,-3.4924246817338007,-1.5882475301850147,1.562816296201878,0.0017364625513354198,2.48493934411685e-05
8.040000000000001,0.48962591482826656,0.4891446457962448,0.0015524005284514987,0.001710057743592904,0.9401587951525429,4.135643871573865,-10.706919671936687,-15.052264613046068,14.66662897007517,0.001734863937786443,2.4806194193539117e-05,0.9401587951525429,0.5564046429826932,-1.4404963295935733,-0.27245643370915146,0.26547616099298343,0.0017348639377864428,2.48061941935389e-05,0.9401587951525429,1.3493727809117557,-3.493440543085686,-1.6024314790553342,1.5613775440077986,0.0017348639377864428,2.48061941935389e-05
8.05,0.48964143597664134,0.48916174308827753,0.001551681459401197,0.001709217658448528,0.9401698399671745,4.144057662095902,-10.710027672355338,-15.185350750410777,14.659247377028692,0.0017339907951163802,2.4773136667852235e-05,0.9401698399671745,0.5575366244242587,-1.4409144762998736,-0.27486538513903047,0.26534254903702614,0.0017339907951163802,2.4773136667852235e-05,0.9401698399671745,1.3521180221044917,-3.4944546176284232,-1.6165995408999456,1.5605917156047422,0.0017339907951163802,2.4773136667852235e-05
8.06,0.48965694736845494,0.489178829531228,0.0015505780704458208,0.0017080315516191506,0.9401808716616534,4.152458230776603,-10.713130219716723,-15.31828982642081,14.648897458493973,0.0017327665396680734,2.473498804892284e-05,0.9401808716616534,0.5586668270149034,-1.4413318893582885,-0.2772716746563494,0.2651552083301198,0.0017327665396680732,2.4734988048922624e-05,0.9401808716616534,1.3548589492911463,-3.4954669129543623,-1.6307519469113556,1.559489885701266,0.0017327665396680734,2.473498804892284e-05
8.07,0.4896724481000065,0.4891959044516069,0.0015495225413306444,0.0017069203661813376,0.9401918899650304,4.160845537220028,-10.716227342716216,-15.45107679889738,14.639191209262286,0.0017316184215969352,2.469805541559754e-05,0.9401918899650304,0.5597952453198055,-1.4417485726294597,-0.27967521099417364,0.2649795184842168,0.0017316184215969354,2.4698055415597756e-05,0.9401918899650304,1.3575955492913816,-3.496477438426194,-1.6448881603101349,1.5584565794372418,0.0017316184215969354,2.4698055415597756e-05
8.08,0.4896879378863518,0.48921296627436417,0.0015482987066116956,0.0017053679550985035,0.940202893632699,4.169220307753446,-10.719319132897034,-15.583695755125936,14.625699111060115,0.0017300224887712137,2.465453367271023e-05,0.940202893632699,0.5609219770581781,-1.4421645384295034,-0.28207570612132843,0.26473530214508656,0.0017300224887712137,2.465453367271023e-05,0.940202893632699,1.360328059090364,-3.4974862239125275,-1.6590064870631676,1.5570202398940924,0.0017300224887712137,2.465453367271023e-05
8.09,0.4897034139505223,0.4892300107667931,0.0015465485524426685,0.0017031690153194582,0.9402138866490157,4.177578810506612,-10.722405639260238,-15.716128726416503,14.606671529146922,0.0017277717830533677,2.460276773390952e-05,0.9402138866490157,0.5620465201486051,-1.4425797933509645,-0.2844728347920576,0.26439088970991825,0.0017277717830533677,2.460276773390952e-05,0.9402138866490157,1.3630552610580724,-3.498493285401367,-1.67310501426265,1.554994604748031,0.0017277717830533677,2.460276773390952e-05
8.1,0.48971887272848086,0.48924703374885886,0.0015451409316847519,0.0017014225917988633,0.940224869938134,4.185919142960055,-10.725486882751534,-15.848349371959708,14.591527534357772,0.0017259804531924072,2.455786139354387e-05,0.940224869938134,0.5631686186283634,-1.442994340211854,-0.2868661202194344,0.2641167728963734,0.0017259804531924072,2.455786139354387e-05,0.940224869938134,1.3657765344428012,-3.499498629726853,-1.6871809377230849,1.5533824078731664,0.001725980453192407,2.4557861393543655e-05
8.110000000000001,0.4897343174192984,0.48926404100990833,0.0015438276550317242,0.0017000174957034922,0.9402358415849327,4.194244303737245,-10.728562849794418,-15.980393563689537,14.579304186775754,0.0017245345964135702,2.4517100710078022e-05,0.9402358415849327,0.564288675928714,-1.4434081771856049,-0.28925621171035437,0.2638955218238074,0.00172453459641357,2.4517100710077806e-05,0.9402358415849327,1.3684928576317175,-3.5005022524592597,-1.7012380762928458,1.552081136772213,0.00172453459641357,2.4517100710077806e-05
8.120000000000001,0.48974974832710144,0.4892810336105776,0.0015424035060060948,0.0016984990936480377,0.9402468007111103,4.202555306196,-10.73163358587588,-16.112266340451928,14.566109912261954,0.001722973892104083,2.447479845604523e-05,0.9402468007111103,0.5654068283856208,-1.4438213103919826,-0.2916432004714251,0.2636566963000856,0.0017229738921040827,2.447479845604501e-05,0.9402468007111103,1.3712045612619594,-3.501504168440026,-1.715276966396554,1.5506765028936746,0.001722973892104083,2.447479845604523e-05
8.13,0.48976516606019493,0.4892980113131175,0.0015408740515456825,0.0016968245577075815,0.9402577479628184,4.210851659749072,-10.734699110771505,-16.243968519091982,14.551581122620412,0.0017212553326954947,2.4430774987913234e-05,0.9402577479628184,0.5665230099960549,-1.4442337424915714,-0.2940271012881098,0.2633937151265807,0.0017212553326954945,2.4430774987913018e-05,0.9402577479628184,1.3739114852653251,-3.5025043841215058,-1.7292976949937697,1.5491297994259452,0.0017212553326954947,2.4430774987913234e-05
8.14,0.48978056751032534,0.4893149717353761,0.0015392510013786471,0.0016950733740140706,0.9402686839114236,4.21913233690404,-10.737759427817318,-16.37548492125316,14.536395725643748,0.0017194591055154427,2.4385731501372094e-05,0.9402686839114236,0.5676370825223993,-1.444645473933196,-0.2964076394216234,0.2631188489047145,0.001719459105515443,2.438573150137231e-05,0.9402686839114236,1.376613294392855,-3.503502900592173,-1.7432986462295403,1.5475131949638985,0.0017194591055154427,2.4385731501372094e-05
8.15,0.4897959526397473,0.48933191411119203,0.0015377207160217814,0.0016934133515409927,0.9402796093057267,4.227396475243881,-10.740814548532098,-16.506813572727644,14.521991656737287,0.0017177552988837895,2.4341947342796863e-05,0.9402796093057267,0.5687489299360861,-1.4450565062665794,-0.2987847791374345,0.26285812526305363,0.0017177552988837895,2.4341947342796863e-05,0.9402796093057267,1.3793097072561868,-3.5044997216103604,-1.7572796099339785,1.5459797689954105,0.0017177552988837893,2.4341947342796646e-05
8.16,0.4898113234153596,0.4893488416302511,0.0015363600345292868,0.0016919846977497587,0.9402905218953445,4.235646654620836,-10.74386448188581,-16.637970002706744,14.509571322325257,0.001716286141225909,2.4301443476150344e-05,0.9402905218953445,0.5698588993273892,-1.4454668406985303,-0.30115880152468105,0.2626333085921824,0.0017162861412259086,2.430144347614991e-05,0.9402905218953445,1.382001565606327,-3.5054948501027776,-1.7712422393111469,1.544657527103318,0.001716286141225909,2.4301443476150344e-05
8.17,0.48982667892635195,0.48936575317577846,0.0015347498101608416,0.0016903296486756923,0.9403014227588162,4.24388187943721,-10.746909247370509,-16.768949906207016,14.49520961398068,0.0017145873452760797,2.4257696600387367e-05,0.9403014227588162,0.5709668567497708,-1.4458764798514863,-0.30352962866017547,0.2623733517060842,0.0017145873452760797,2.4257696600387367e-05,0.9403014227588162,1.384688544600888,-3.506488292429268,-1.7851860760618343,1.5431286107484716,0.0017145873452760795,2.425769660038715e-05
8.18,0.4898420203861631,0.4893826498756348,0.0015332528346313657,0.0016886850001146538,0.9403123113099248,4.252103061176522,-10.749948877666416,-16.89975923354172,14.48093894422341,0.0017128993179604327,2.4214317845778826e-05,0.9403123113099248,0.5720729248331468,-1.4462854281222064,-0.3058973682487166,0.2621150426815846,0.0017128993179604329,2.4214317845779043e-05,0.9403123113099248,1.3873709416375881,-3.507480059252694,-1.799111753643499,1.5416093861643894,0.0017128993179604327,2.4214317845778826e-05
8.190000000000001,0.4898573485269866,0.4893995317160623,0.0015321446652840315,0.001687477063950716,0.9403231885162245,4.260309803713203,-10.752983409985257,-17.03040044440277,14.470411817952936,0.0017116541012325512,2.417703728183518e-05,0.9403231885162245,0.5731770502832512,-1.4466936905171117,-0.30826206481243484,0.26192449439170307,0.001711654101232551,2.4177037281834964e-05,0.9403231885162245,1.390048627469065,-3.5084701627144517,-1.8130195339096133,1.5404886911092959,0.001711654101232551,2.4177037281834964e-05
8.200000000000001,0.48987266463481655,0.48941639971282824,0.0015309476632629675,0.0016859308680764378,0.94033405166273,4.268504372142937,-10.756012892777191,-17.1608720611206,14.456973166421935,0.0017100644904255156,2.4133622349077838e-05,0.94033405166273,0.5742795378433825,-1.4471012735546296,-0.3106236916044856,0.26168124547440574,0.0017100644904255154,2.413362234907762e-05,0.94033405166273,1.3927223411479448,-3.5094586186227983,-1.8269092595506766,1.539058041382964,0.0017100644904255156,2.4133622349077838e-05
8.21,0.48988796762079795,0.48943325188434506,0.0015297043752539412,0.0016846003636040257,0.9403449014174187,4.276685958707816,-10.759037337833373,-17.291161358764,14.445396434760733,0.0017086951195688976,2.4094755964871976e-05,0.9403449014174187,0.5753802788387455,-1.4475081788211281,-0.3129820182947847,0.26147169859866953,0.0017086951195688976,2.4094755964871976e-05,0.9403449014174187,1.3953918191199732,-3.5104454308249387,-1.8407795758980814,1.5378256076120076,0.0017086951195688974,2.409475596487176e-05
8.22,0.4899032610353741,0.489450092751894,0.0015288258590651005,0.0016834016320729386,0.9403557393044762,4.2848547086239686,-10.762056712822567,-17.42130659247817,14.434957255344106,0.0017074603057649252,2.4058673691986507e-05,0.9403557393044762,0.576479292806547,-1.4479144019668009,-0.3153377373280041,0.2612827422078658,0.0017074603057649254,2.4058673691986724e-05,0.9403557393044762,1.39805710876609,-3.5114305887718755,-1.8546345555117036,1.5367142751884328,0.0017074603057649254,2.4058673691986724e-05
8.23,0.4899185434752211,0.4894669199844334,0.0015275169982084437,0.0016819148291239404,0.9403665671681221,4.29300862415349,-10.765071132910402,-17.551298667472615,14.422044023122972,0.001705932844959418,2.4018015835477677e-05,0.9403665671681221,0.5775763109734879,-1.448319958485896,-0.3176906840821252,0.2610490037446462,0.001705932844959418,2.4018015835477677e-05,0.9403665671681221,1.4007175582668356,-3.5124141300397103,-1.8684732301798515,1.535339560463476,0.0017059328449594178,2.401801583547746e-05
8.24,0.48993381398310604,0.4894837338905982,0.001526234488459297,0.0016805326371610134,0.9403773838017593,4.301148854019093,-10.768080636349062,-17.681135322816747,14.410027626722641,0.0017045114677077253,2.3978830546711937e-05,0.9403773838017593,0.5786714878873658,-1.4487248535248163,-0.3200408176327357,0.26083149863206456,0.0017045114677077258,2.397883054671237e-05,0.9403773838017593,1.4033735424260396,-3.513396067109316,-1.8822953592087532,1.5340603209369532,0.0017045114677077258,2.397883054671237e-05
8.25,0.48994906918187126,0.4895005305215336,0.001524826999209287,0.00167883301255226,0.9403881897979092,4.309273643867432,-10.771085211379505,-17.81079137719453,14.395294453779725,0.0017027687325175199,2.393571996525982e-05,0.9403881897979092,0.5797645875195528,-1.4491290855015153,-0.3223876821805428,0.26056481797899067,0.0017027687325175199,2.393571996525982e-05,0.9403881897979092,1.4060244888354567,-3.514376396143969,-1.8960982618500604,1.532491859265768,0.0017027687325175199,2.393571996525982e-05
8.26,0.48996431084116754,0.4895173116831356,0.0015234660721823504,0.0016773683346784846,0.9403989846364709,4.317383762887709,-10.774084853657804,-17.94027894421207,14.382570088597427,0.0017012636121295267,2.389527745104208e-05,0.9403989846364709,0.5808557133558563,-1.4495326538315654,-0.3247314969902225,0.2603344981402219,0.0017012636121295267,2.389527745104208e-05,0.9403989846364709,1.408670648465191,-3.515355115726337,-1.9098832276920348,1.5311372509165742,0.001701263612129527,2.38952774510423e-05
8.27,0.4899795391596802,0.48953407835388535,0.0015223761383563496,0.0016761900431583193,0.9404097669869418,4.325480376538084,-10.777079576513684,-18.06960119593924,14.37230160716725,0.0017000489895897875,2.3858946431468218e-05,0.9404097669869418,0.5819450221956407,-1.449935560308332,-0.3270723194784402,0.26014863150141393,0.0017000489895897873,2.3858946431468e-05,0.9404097669869418,1.411312401579493,-3.516332230205626,-1.923650594426361,1.5300440906308086,0.0017000489895897873,2.3858946431468e-05
8.280000000000001,0.48999475887125443,0.4895508338855208,0.0015214343518166894,0.0016748697590103008,0.9404205378673449,4.333564111139941,-10.780069445000859,-18.198784771847503,14.360822347344616,0.0016986911483340087,2.3821389323707863e-05,0.9404205378673449,0.5830325983034454,-1.4503378136840654,-0.32941063183811364,0.2599408489335879,0.0016986911483340085,2.3821389323707646e-05,0.9404205378673449,1.4139499525337313,-3.517307760807482,-1.937403198033457,1.5288220335006075,0.0016986911483340083,2.382138932370743e-05
8.290000000000001,0.49000996599773167,0.48956757337381174,0.0015201108919581606,0.0016732070473554827,0.9404312981628873,4.341632850409366,-10.78305450829022,-18.327798581753626,14.346405930429295,0.0016969858810998329,2.377883374435016e-05,0.9404312981628873,0.5841181569569319,-1.4507394205741593,-0.33174587131535394,0.2596799017843989,0.0016969858810998327,2.3778833744349942e-05,0.9404312981628873,1.4165826108294015,-3.5182817235753236,-1.951137728719773,1.5272872929898496,0.0016969858810998329,2.377883374435016e-05
8.3,0.49002515968014493,0.4895842967887688,0.0015187823175605033,0.0016716927950785833,0.9404420480549428,4.349686485470363,-10.786034791604388,-18.456643473006928,14.333266136247333,0.0016954316210771151,2.373882599853187e-05,0.9404420480549428,0.5852016835080519,-1.4511403843720347,-0.3340780532477718,0.25944206239248535,0.0016954316210771151,2.373882599853187e-05,0.9404420480549428,1.4192103409425774,-3.5192541267387547,-1.9648542766922827,1.5258884589694037,0.0016954316210771151,2.373882599853187e-05
8.31,0.49004034184871603,0.4896010078960793,0.0015173906788559228,0.0016702588948330087,0.940452786588842,4.357726823390026,-10.789010291921374,-18.58534327917809,14.320810499815853,0.0016939582876675603,2.3699392834551636e-05,0.940452786588842,0.5862834210774784,-1.4515407046711173,-0.33640760903953365,0.2592166067305673,0.00169395828766756,2.369939283455142e-05,0.940452786588842,1.4218337324808814,-3.5202249693117653,-1.978555379221283,1.524562458900804,0.00169395828766756,2.369939283455142e-05
8.32,0.49005550899883715,0.48961770277664207,0.0015159072439150571,0.001668632595092911,0.9404635141934115,4.3657524900460345,-10.791981030840294,-18.713871566772784,14.30670747954936,0.001692290091020319,2.3657495927408142e-05,0.9404635141934115,0.5873631847924173,-1.4519403843773264,-0.338734060226051,0.2589613322781766,0.0016922900910203193,2.365749592740836e-05,0.9404635141934115,1.424452337097378,-3.5211942583416884,-1.992238222254238,1.5230610819182875,0.0016922900910203195,2.3657495927408576e-05
8.33,0.49007066096608,0.48963438125525455,0.0015146832792416803,0.0016672553358559926,0.9404742302844787,4.373763743379007,-10.794947019215972,-18.842225988828325,14.294738877308422,0.0016908743671715822,2.361903131558956e-05,0.9404742302844787,0.5884410093558944,-1.4523394249510573,-0.3410573643256708,0.2587446922730425,0.001690874367171582,2.361903131558934e-05,0.9404742302844787,1.4270662389526136,-3.5221619973702225,-2.0059025559385857,1.5217869304544238,0.001690874367171582,2.361903131558934e-05
8.34,0.49008580134982865,0.4896510466374315,0.001513248533873267,0.0016656191329406486,0.9404849345826606,4.381761959683951,-10.79790824436485,-18.970428423803988,14.28055355696477,0.0016891964355377786,2.3577302597129965e-05,0.9404849345826606,0.5895170799330154,-1.4527378246858793,-0.34337791735368656,0.25848792813215016,0.0016891964355377786,2.3577302597129965e-05,0.9404849345826606,1.4296758871024264,-3.5231281822589926,-2.019550709407698,1.520276791984001,0.0016891964355377788,2.3577302597130182e-05
8.35,0.49010092585605153,0.48966769410846417,0.001511555030464698,0.0016638132183258083,0.9404956287231311,4.3897446576205255,-10.800864720936138,-19.09845019897642,14.264912291869285,0.001687346285321878,2.3533066996069777e-05,0.9404956287231311,0.5905910626871804,-1.4531355855526797,-0.3456952003139106,0.2582048103810231,0.0016873462853218783,2.3533066996069994e-05,0.9404956287231311,1.43228047193815,-3.524092817787724,-2.033179630225569,1.5186116567896903,0.0016873462853218783,2.3533066996069994e-05
8.360000000000001,0.4901160344843925,0.4896843239369812,0.001510161487035866,0.0016621703861817104,0.9405063116854058,4.397712490092764,-10.803816438725171,-19.22629066326637,14.25067045900499,0.0016856616690208413,2.3491282839130856e-05,0.9405063116854058,0.5916630454593271,-1.4535327061785346,-0.34800920142135683,0.2579470233242951,0.001685661669020841,2.349128283913064e-05,0.9405063116854058,1.434880206488507,-3.525055900626851,-2.0467892490797124,1.5170955021187573,0.0016856616690208415,2.3491282839131072e-05
8.370000000000001,0.490131130178644,0.48970093813119625,0.001508857642149677,0.001660543688189362,0.9405169836583746,4.405666041577766,-10.806763405308907,-19.353964610288994,14.236568515305382,0.0016839935997169091,2.344991152754706e-05,0.9405169836583746,0.5927331068843147,-1.453929187582839,-0.3503201884507242,0.25769176835851193,0.0016839935997169091,2.344991152754706e-05,0.9405169836583746,1.437475281455965,-3.5260174332485743,-2.060381140866346,1.5155942397452185,0.0016839935997169093,2.3449911527547275e-05
8.38,0.49014621211697856,0.4897175366836638,0.001507539339372908,0.0016591196291506558,0.940527644088473,4.413605653522663,-10.809705624721106,-19.481470645247157,14.224199418996903,0.0016825305028340214,2.341087368336564e-05,0.940527644088473,0.5938012929000367,-1.4543250303082909,-0.3526281361552169,0.2574678791328673,0.0016825305028340214,2.341087368336564e-05,0.940527644088473,1.4400658082474724,-3.5269774169690247,-2.0739551570983887,1.5142774525506193,0.0016825305028340214,2.341087368336564e-05
8.39,0.49016128314503266,0.4897341225999567,0.0015064836966978993,0.001657865508025031,0.940538292593839,4.421532617449626,-10.812643120122466,-19.608828703293316,14.213291268732036,0.0016812402161184383,2.337470809340731e-05,0.940538292593839,0.5948677772663609,-1.4547202374709025,-0.35493340537492657,0.2572704340443087,0.0016812402161184381,2.3374708093407094e-05,0.940538292593839,1.44265220825929,-3.527935859345046,-2.087513420028981,1.5131161945065943,0.0016812402161184381,2.3374708093407094e-05
8.4,0.49017634037912633,0.4897506916713168,0.001504903551620906,0.001655987888328476,0.940548931265509,4.429444548841283,-10.815575939161434,-19.73601520800604,14.197041093598024,0.0016793180400764705,2.3330151747994604e-05,0.940548931265509,0.595932239173136,-1.4551148154812399,-0.3572355693602664,0.2569762945989841,0.0016793180400764705,2.3330151747994604e-05,0.940548931265509,1.4452337034740317,-3.5288927759233144,-2.101053419763376,1.5113862360688235,0.0016793180400764705,2.3330151747994604e-05
8.41,0.49019138344900276,0.4897672435207046,0.0015036537732256575,0.0016543939061426014,0.9405595597337372,4.4373414118269485,-10.818504071135147,-19.863027357522952,14.183224764010602,0.0016776837550609637,2.3289848918362378e-05,0.9405595597337372,0.5969946737943623,-1.4555087628993526,-0.3595345773955835,0.2567262094468086,0.0016776837550609637,2.3289848918362378e-05,0.9405595597337372,1.447810282187854,-3.529848163211713,-2.114574858021376,1.5099153795548674,0.0016776837550609637,2.3289848918362378e-05
8.42,0.49020641340036,0.489783779652954,0.0015022919891679812,0.001652783485243766,0.9405701778017956,4.445223690004185,-10.821427490168617,-19.989875816792974,14.169264779608673,0.0016760324776228842,2.3248992379118136e-05,0.9405701778017956,0.5980551461926848,-1.45590207624405,-0.3618306225238532,0.2564735240428137,0.0016760324776228842,2.3248992379118136e-05,0.9405701778017956,1.450382102188373,-3.530802012767783,-2.128078870170337,1.508429229860596,0.0016760324776228844,2.3248992379118353e-05
8.43,0.4902214300652436,0.4898002996945046,0.0015009367155485239,0.0016511587954295486,0.9405807850712455,4.4530915809041165,-10.824346205926323,-20.11655680468277,14.155183715432385,0.001674366878084303,2.320808265475439e-05,0.9405807850712455,0.5991136829437077,-1.4562947568155802,-0.36412363630393857,0.2562186470108902,0.0016743668780843032,2.3208082654754608e-05,0.9405807850712455,1.4529492279258003,-3.531754327744838,-2.1415650536789963,1.5069301902758727,0.001674366878084303,2.320808265475439e-05
8.440000000000001,0.49023643384280113,0.48981680518294807,0.0014997667827462687,0.0016498855811704902,0.9405913806735813,4.460946105819496,-10.827260218768782,-20.24307874921448,14.14411233071918,0.0016730572829401504,2.3171701769660177e-05,0.9405913806735813,0.6001704214509518,-1.4566868046624462,-0.36641377128888825,0.25601824726555433,0.0016730572829401504,2.3171701769660177e-05,0.9405913806735813,1.4555119926262756,-3.5327051082605077,-2.155034305776331,1.5057515546461355,0.0016730572829401506,2.3171701769660394e-05
8.450000000000001,0.4902514244061812,0.4898332959485372,0.0014983373891400906,0.0016482255598158264,0.9406019645063477,4.468787404824765,-10.830169551718475,-20.369439991803233,14.12972848699652,0.0016713558686743287,2.3130308858502254e-05,0.9406019645063477,0.6012253805598672,-1.4570782228820658,-0.36870099745716517,0.2557578897137538,0.0016713558686743282,2.313030885850182e-05,0.9406019645063477,1.4580704419931145,-3.533654361826539,-2.1684864498929888,1.5042202818068957,0.0016713558686743287,2.3130308858502254e-05
8.46,0.49026640022010354,0.4898497687107629,0.0014967822308664925,0.0016463815560445766,0.9406125383936756,4.47661337594375,-10.833074240125862,-20.495623531313797,14.113770163939574,0.0016694682147877042,2.3086658743127608e-05,0.9406125383936756,0.6022782774730618,-1.4574690162304478,-0.3709850070764253,0.2554690329935295,0.0016694682147877047,2.308665874312804e-05,0.9406125383936756,1.460623890196125,-3.5346020999770356,-2.181919676124947,1.5025213933089339,0.0016694682147877042,2.3086658743127608e-05
8.47,0.4902813616042197,0.4898662251738749,0.0014951932607061345,0.0016445859289941247,0.940623101321857,4.484425286398127,-10.83597430252774,-20.62163813350098,14.098227504117979,0.0016676297282427195,2.304379924859476e-05,0.940623101321857,0.6033292826810431,-1.4578591872015112,-0.37326595881291286,0.2551877000662784,0.0016676297282427195,2.304379924859476e-05,0.940623101321857,1.4631727507028311,-3.5355483287601612,-2.1953349176554715,1.5008667554184474,0.0016676297282427193,2.3043799248594543e-05
8.48,0.4902963058949,0.48988266317985285,0.001493682628974543,0.0016430318452327456,0.9406336534877243,4.492222253090917,-10.838869752279502,-20.747470139302372,14.084749963983633,0.00166603551743962,2.300367220687432e-05,0.9406336534877243,0.6043782773729867,-1.458248737592075,-0.3755436054281207,0.2549437472382771,0.00166603551743962,2.300367220687432e-05,0.9406336534877243,1.4657167353774405,-3.5364930525334968,-2.208730720370371,1.4994319656956578,0.0016660355174396198,2.3003672206874104e-05
8.49,0.49031123595152637,0.4898990863213555,0.0014921909071324384,0.0016414121602444486,0.9406441939114638,4.500006131081434,-10.841760600251682,-20.87314148893579,14.070717324115435,0.0016643756458420667,2.2963485597618082e-05,0.9406441939114638,0.6054255111263819,-1.4586376688646472,-0.37781834405521475,0.25468974671992983,0.0016643756458420665,2.2963485597617865e-05,0.9406441939114638,1.4682564494864176,-3.5374362748438664,-2.222109419977699,1.4979380812578595,0.001664375645842066,2.2963485597617432e-05
8.5,0.49032615048037675,0.4899154922099571,0.0014906023654024944,0.001639676990852403,0.9406547248395748,4.507774802255441,-10.844646881488142,-20.998642997559468,14.055693686750292,0.0016625985526373262,2.2921561784923234e-05,0.9406547248395748,0.6064706989726406,-1.4590259857339887,-0.3800900084421861,0.2544178084592711,0.001662598552637326,2.2921561784923017e-05,0.9406547248395748,1.4707912019340628,-3.5383780071253392,-2.235470038679101,1.4963386973735935,0.001662598552637326,2.2921561784923017e-05
8.51,0.4903410499811738,0.48993188198361726,0.0014891743325690227,0.0016381149740262188,0.9406652445469833,4.515529879635013,-10.847528606853878,-21.1239766925373,14.042153692612917,0.0016609969543699469,2.2881980343728058e-05,0.9406652445469833,0.607514057925848,-1.4594136896618624,-0.3823586352857279,0.25417272517048056,0.001660996954369947,2.2881980343728275e-05,0.9406652445469833,1.4733215190152276,-3.5393182529229317,-2.2488127923033447,1.494897258932952,0.0016609969543699469,2.2881980343728058e-05
8.52,0.4903559348806274,0.48994825584320595,0.0014876848130825162,0.0016364833705979935,0.9406757538539594,4.5232709588478555,-10.850405776918048,-21.249146692290566,14.028019164859806,0.0016593250308129695,2.2841660214976012e-05,0.9406757538539594,0.608555533582233,-1.4598007807248428,-0.3846242991321229,0.25391688041072,0.0016593250308129693,2.2841660214975796e-05,0.9406757538539594,1.4758472687918194,-3.5402570124223494,-2.262138119288637,1.4933925277316724,0.0016593250308129693,2.2841660214975796e-05
8.530000000000001,0.49037080222037643,0.48996461088056864,0.0014858847980038798,0.0016346273253454134,0.9406862529598513,4.530996889362014,-10.853278367558302,-21.37413397632938,14.011960083844016,0.0016574254586219004,2.279813327648694e-05,0.9406862529598513,0.6095949711505854,-1.4601872556775366,-0.3868866556973067,0.25362619990152835,0.0016574254586219001,2.2798133276486724e-05,0.9406862529598513,1.4783680758696918,-3.541194277752979,-2.2754439947548333,1.4916829127597102,0.0016574254586219001,2.2798133276486724e-05
8.540000000000001,0.490385657253224,0.48998095259623176,0.001484927711054374,0.0016334346910679184,0.9406967401481013,4.538710404506942,-10.856146363627301,-21.498972114518935,14.001588396244905,0.0016561986281875586,2.2763937119640214e-05,0.9406967401481013,0.6106327383698217,-1.4605731124820398,-0.3891463126191321,0.25343846515945173,0.0016561986281875586,2.2763937119640214e-05,0.9406967401481013,1.4808848320762058,-3.542130043972569,-2.2887339924770513,1.4905787653688027,0.0016561986281875586,2.2763937119640214e-05
8.55,0.4904005002800971,0.4899972801649669,0.0014837526152876286,0.001632183256900407,0.9407072163781489,4.54641066687662,-10.859009790662025,-21.62365879417006,13.990709658271037,0.0016549118205483936,2.2728563647986645e-05,0.9407072163781489,0.6116687225763254,-1.4609583545740663,-0.3914032280363203,0.2532415524537684,0.0016549118205483936,2.2728563647986645e-05,0.9407072163781489,1.4833972641835598,-3.5430643194132903,-2.302007866251412,1.4894206384935542,0.0016549118205483936,2.2728563647986645e-05
8.56,0.4904153311668512,0.4900135945674816,0.0014824046964516532,0.001630659410039376,0.9407176810411502,4.554098625393567,-10.86186867665572,-21.748198131357885,13.977501807926858,0.001653349510401696,2.269010036232014e-05,0.9407176810411502,0.6127030514370112,-1.461342985719795,-0.39365747645268734,0.25300248119809704,0.0016533495104016963,2.2690100362320357e-05,0.9407176810411502,1.4859056818050214,-3.543997113208747,-2.315266054266356,1.4880145593615264,0.0016533495104016959,2.2690100362319924e-05
8.57,0.49043014776842125,0.49002989291278626,0.001480835950374896,0.001628910375563575,0.940728134361111,4.561773260282186,-10.8647230536673,-21.872571036189406,13.962358262888369,0.001651558233740159,2.2647858176584037e-05,0.940728134361111,0.6137355877524748,-1.4617270102323945,-0.39590871232792396,0.2527283725253512,0.001651558233740159,2.2647858176584037e-05,0.940728134361111,1.4884097522094677,-3.5449284358190805,-2.3285065242532346,1.486402410366143,0.001651558233740159,2.2647858176584037e-05
8.58,0.49044495171721303,0.49004617695052727,0.0014796262583616077,0.0016275746981914887,0.9407385756581563,4.56943559437947,-10.867572927577948,-21.996787655978377,13.95076208041528,0.0016501865621154387,2.261186392395003e-05,0.9407385756581563,0.6147664691339974,-1.4621104289031122,-0.39815711933544995,0.2525184735764236,0.0016501865621154387,2.261186392395003e-05,0.9407385756581563,1.490909809126891,-3.545858289163198,-2.3417303564730836,1.4851679059038947,0.0016501865621154385,2.2611863923949812e-05
8.59,0.49045974278910087,0.4900624472147569,0.0014783665670544677,0.0016262407906084183,0.9407490061572349,4.577085164767949,-10.870418293994675,-22.12085523210347,13.939182118678382,0.0016488168091845312,2.2576018576112933e-05,0.9407490061572349,0.6157956333012091,-1.46249324114092,-0.40040282854924386,0.25230886823407606,0.0016488168091845314,2.257601857611315e-05,0.9407490061572349,1.4934057015171498,-3.546786671807758,-2.3549383218273885,1.4839351282660782,0.0016488168091845314,2.257601857611315e-05
8.6,0.49047451924978525,0.49007870142899523,0.0014769612019861658,0.0016245326746387565,0.9407594266335703,4.584720737878416,-10.87325917363201,-22.244761005447423,13.924396788058226,0.0016470679044461969,2.2535229807440398e-05,0.9407594266335703,0.6168229142911655,-1.4628754497327268,-0.4026456090204301,0.2520412434908539,0.0016470679044461969,2.2535229807440398e-05,0.9407594266335703,1.4958970268928053,-3.547713590511473,-2.368129062008169,1.482361114001577,0.0016470679044461969,2.2535229807440398e-05
8.610000000000001,0.49048928393173913,0.490094941182763,0.0014757926387594406,0.0016231991361474842,0.9407698361076745,4.592343409784953,-10.876095554544529,-22.368513208892587,13.912818568661713,0.0016456983576106034,2.2499221463119154e-05,0.9407698361076745,0.6178484595683794,-1.4632570530714089,-0.4048856097698918,0.2518316696860762,0.0016456983576106031,2.2499221463118937e-05,0.9407698361076745,1.4983841428795568,-3.5486390413768043,-2.3813034534702426,1.481128521849543,0.0016456983576106031,2.2499221463118937e-05
8.620000000000001,0.49050403586613806,0.49011116419435713,0.00147454500789051,0.0016214921396898539,0.9407802363713739,4.5999513469667015,-10.87892744648848,-22.49210208268566,13.89804858304111,0.0016439512679782761,2.2459128288422267e-05,0.9407802363713739,0.6188720224531193,-1.463638052469561,-0.40712265413932214,0.2515643226979933,0.001643951267978276,2.245912828842205e-05,0.9407802363713739,1.5008664512384802,-3.5495630275870096,-2.3944604572114185,1.4795561411804483,0.001643951267978276,2.245912828842205e-05
8.63,0.4905187749596614,0.49012737178625226,0.0014732011422253744,0.0016200211945954185,0.9407906271437056,4.6075451574891115,-10.881754878822742,-22.615536427291378,13.885297742983678,0.0016424430159704523,2.242182137503386e-05,0.9407906271437056,0.6198936847537933,-1.464018451877091,-0.4093569014232394,0.2513335236456147,0.0016424430159704525,2.2421821375034076e-05,0.9407906271437056,1.5033441503684204,-3.550485558721265,-2.4076010101101057,1.478198714373407,0.0016424430159704521,2.2421821375033643e-05
8.64,0.49053350010412844,0.4901435643254389,0.0014717879878762637,0.001618376404295453,0.9408010065502864,4.615126105222352,-10.884577873903881,-22.738813334428333,13.87105721689918,0.0016407585542438001,2.2382149948347186e-05,0.9408010065502864,0.6209136165100009,-1.4643982543018257,-0.4115882989797318,0.2510757602425078,0.0016407585542438001,2.2382149948347186e-05,0.9408010065502864,1.505817652643377,-3.551406642074046,-2.420724802556966,1.47668269881942,0.0016407585542438,2.238214994834697e-05
8.65,0.4905482120578964,0.49015974136156326,0.0014705153587030993,0.0016167514022135993,0.9408113751615218,4.6226937981460585,-10.887396441997032,-22.86193135230959,13.856986778324476,0.001639094211570245,2.2342809356645787e-05,0.9408113751615218,0.6219317649797858,-1.464777461124824,-0.4138168205304487,0.2508210755413456,0.001639094211570245,2.2342809356645787e-05,0.9408113751615218,1.5082868301554297,-3.5523262809946474,-2.433831679997908,1.4751847904132207,0.0016390942115702453,2.2342809356646004e-05
8.66,0.4905629102454808,0.49017590118680326,0.0014690858346990924,0.0016151202834344318,0.9408217342345458,4.630247099973888,-10.890210598365927,-22.984882144432042,13.842864883907037,0.0016374237823660953,2.2303498931663555e-05,0.9408217342345458,0.6229479772885246,-1.4651560743996503,-0.41604231517889945,0.2505654594537266,0.0016374237823660953,2.2303498931663555e-05,0.9408217342345458,1.5107513121584717,-3.5532444804632997,-2.4469207549468726,1.473681404129486,0.0016374237823660953,2.2303498931663555e-05
8.67,0.4905775939434368,0.4901920443586382,0.0014677248394955166,0.0016135755951659368,0.9408320832764743,4.637786508253871,-10.893020350225814,-23.107668298035552,13.829483133231374,0.0016358409021610377,2.2265306995100827e-05,0.9408320832764743,0.6239623203757423,-1.4655340950970361,-0.4182648297559208,0.2503232404813923,0.0016358409021610379,2.2265306995101044e-05,0.9408320832764743,1.5132112609918607,-3.554161242834187,-2.45999230283581,1.472256811944934,0.0016358409021610377,2.2265306995100827e-05
8.68,0.49059226597732775,0.4902081731753779,0.0014665416217009993,0.001612059309694573,0.9408424220785143,4.645312841897997,-10.895825680546057,-23.23030548650668,13.816347182765623,0.0016342870967979868,2.2227787103413794e-05,0.9408424220785143,0.6249749044168906,-1.4659115209256988,-0.42048464796068447,0.25008547066340914,0.001634287096797987,2.222778710341401e-05,0.9408424220785143,1.51566694384919,-3.5550765625505725,-2.4730479922194957,1.4708583871181884,0.001634287096797987,2.222778710341401e-05
8.690000000000001,0.49060692442036735,0.4902242865295795,0.0014650721139190096,0.0016104801981635998,0.940852749882603,4.6528261249126,-10.898626606666667,-23.352784483782493,13.802670406553835,0.001632669319060279,2.218912089667932e-05,0.940852749882603,0.6259857326417534,-1.4662883542185439,-0.4227016027950499,0.24983791152416357,0.0016326693190602793,2.2189120896679536e-05,0.940852749882603,1.5181183685632174,-3.5559904452701354,-2.4860868409112595,1.4694023871542512,0.001632669319060279,2.218912089667932e-05
8.700000000000001,0.4906215686053118,0.4902403844931957,0.0014636056973567095,0.0016088343028596405,0.9408630663644367,4.660326579163453,-10.901423146182216,-23.475105182835787,13.788424278196432,0.001630984194660476,2.214989180083539e-05,0.9408630663644367,0.6269948348998899,-1.4666645973427235,-0.4249156923217505,0.24958004671602982,0.0016309841946604755,2.2149891800834955e-05,0.9408630663644367,1.520565607524033,-3.5569028967336096,-2.4991088375172166,1.467885775194428,0.0016309841946604757,2.2149891800835172e-05
8.71,0.49063619717744295,0.49025646511904497,0.0014620729200214085,0.0016072528901557078,0.9408733726202362,4.66781293119357,-10.904215317435465,-23.597257952591345,13.774727209669038,0.0016293640166161515,2.2111126460443685e-05,0.9408733726202362,0.6280020398619011,-1.4670402527660515,-0.4271267422116421,0.24933212027179175,0.0016293640166161515,2.2111126460443685e-05,0.9408733726202362,1.5230082452296632,-3.557813922925849,-2.5121129567339655,1.4664276149545363,0.0016293640166161515,2.2111126460443685e-05
8.72,0.49065081283152856,0.4902725316357062,0.0014609304766474629,0.0016059782778998137,0.9408836669529418,4.675287202004336,-10.90700311523033,-23.719260222979738,13.763660417293362,0.0016280549646834476,2.2076686783633866e-05,0.9408836669529418,0.6290076194309265,-1.467415319789453,-0.429335067958562,0.24913180365095167,0.0016280549646834476,2.2076686783633866e-05,0.9408836669529418,1.5254469410899456,-3.5587235221514817,-2.5251010541141525,1.4652494682151027,0.0016280549646834474,2.207668678363365e-05
8.73,0.4906654160205645,0.49028858511078127,0.0014597272125455296,0.0016047357390441088,0.9408939490102498,4.682750135216186,-10.9097865615223,-23.841117726741157,13.75286682395416,0.0016267782285035442,2.2042489459435334e-05,0.9408939490102498,0.6300116736527818,-1.4677898013667934,-0.43154077332908547,0.2489364321222345,0.0016267782285035442,2.2042489459435334e-05,0.9408939490102498,1.5278819377324397,-3.5596317015741175,-2.538073739952877,1.4641004056531897,0.0016267782285035442,2.2042489459435334e-05
8.74,0.49068000593913524,0.49030462439908307,0.0014582391874380656,0.0016030797059811228,0.9409042194038052,4.690201084567316,-10.912565648656768,-23.962824216472487,13.738535327940552,0.001625083006264046,2.2003300282923133e-05,0.9409042194038052,0.6310141155801665,-1.468163696468231,-0.4337437452408812,0.24867702210029002,0.0016250830062640462,2.200330028292335e-05,0.9409042194038052,1.5303130242956406,-3.560538458696221,-2.55103034916514,1.4625747056376415,0.0016250830062640462,2.200330028292335e-05
8.75,0.4906945812362551,0.4903206475411736,0.001456794234124914,0.0016015142819279435,0.9409144791992269,4.697638789822976,-10.9153403802662,-24.08436978488923,13.724979499508267,0.001623479535013633,2.1965253085689434e-05,0.9409144791992269,0.6320147756625859,-1.4685370055824731,-0.43594380436522556,0.2484316521997747,0.0016234795350136332,2.196525308568965e-05,0.9409144791992269,1.5327397895917088,-3.5614437947029884,-2.5639698270428974,1.4611315815122696,0.001623479535013633,2.1965253085689434e-05
8.76,0.4907091412364544,0.49033665400989246,0.001455175824919583,0.0015997807506745528,0.9409247279600715,4.705063369122361,-10.918110836651035,-24.20575021520384,13.709982637889846,0.0016217056090177646,2.1924858343211817e-05,0.9409247279600715,0.6330136697943475,-1.4689097395130468,-0.438140874375338,0.24816019859871036,0.0016217056090177646,2.1924858343211817e-05,0.9409247279600715,1.5351622721669547,-3.5623477357947486,-2.5768917246760834,1.459535048115988,0.0016217056090177646,2.1924858343211817e-05
8.77,0.4907235165713852,0.49035264321929317,0.0014345428931649379,0.0015980947270148953,0.9409349668545667,4.712473820370744,-10.920877045424907,-24.326966281139722,13.695399756132222,0.0016199806512430827,2.188592422818739e-05,0.9409349668545667,0.6340106631548101,-1.4692819019750567,-0.4403349692761491,0.24789623832037183,0.0016199806512430827,2.188592422818739e-05,0.9409349668545667,1.5375801450591475,-3.5632502909812427,-2.5897961244336156,1.4579825861187745,0.0016199806512430827,2.188592422818739e-05
8.780000000000001,0.4907378555658335,0.49036861742775234,0.0014332020758577833,0.0015966845782311191,0.9409451946143537,4.719871661412091,-10.92363900160465,-24.448029644308725,13.683175574110809,0.0016185346957613455,2.1850117530226344e-05,0.9409451946143537,0.6350059599529086,-1.4696534922980744,-0.4425263001509249,0.24767497214387374,0.0016185346957613453,2.1850117530226127e-05,0.9409451946143537,1.5399939035085437,-3.5641514586365703,-2.6026842677854263,1.4566812261852107,0.0016185346957613453,2.1850117530226127e-05
8.790000000000001,0.49075218230574597,0.4903845788761124,0.001432003796515322,0.0015954179889780618,0.94095541029289,4.727258296400481,-10.926396717265067,-24.568952516394127,13.672181054589013,0.0016172341927302419,2.181620375218008e-05,0.94095541029289,0.6359997491018748,-1.4700245121066293,-0.44471508803960585,0.24747596371183636,0.0016172341927302417,2.1816203752179865e-05,0.94095541029289,1.5424040056608044,-3.5650512427004832,-2.6155574547608587,1.4555107734572177,0.0016172341927302419,2.181620375218008e-05
8.8,0.49076649822422463,0.4904005284988472,0.0014309475393206887,0.001594218974867227,0.940965614167286,4.734633917925396,-10.929150209019529,-24.689742301446202,13.661766319287928,0.0016160022703346928,2.178329546746586e-05,0.940965614167286,0.6369920565124702,-1.4703949636358644,-0.4469014669606395,0.24728744977648484,0.001616002270334693,2.1783295467466077e-05,0.940965614167286,1.544810514353788,-3.565949648593571,-2.628416473579065,1.4544020433012235,0.0016160022703346928,2.178329546746586e-05
8.81,0.49078080125924944,0.49041646379006654,0.00142955087378086,0.0015927380218509278,0.9409758070236319,4.741997341088528,-10.931899481892057,-24.810384037514694,13.64893634080845,0.0016144846573213662,2.1746635470438428e-05,0.9409758070236319,0.6379827227698753,-1.4707648475617061,-0.4490851660923444,0.2470552182637559,0.001614484657321366,2.174663547043821e-05,0.9409758070236319,1.5472130429803364,-3.566846677955066,-2.641259731423235,1.4530361915892294,0.001614484657321366,2.174663547043821e-05
8.82,0.4907950909436418,0.49043238514932147,0.0014282916008588834,0.0015914018221131227,0.9409859877543566,4.749349274612228,-10.934644512622388,-24.93087746015051,13.637346880246417,0.0016131137808078541,2.1711958694731453e-05,0.9409859877543566,0.6389718432247586,-1.471134160754746,-0.45126618064800866,0.24684544098608252,0.0016131137808078544,2.171195869473167e-05,0.9409859877543566,1.5496118227815037,-3.5677423231956378,-2.6540872001406934,1.4518024027270688,0.0016131137808078544,2.171195869473167e-05
8.83,0.49080936612577475,0.4904482924388848,0.0014073487233133542,0.0015898052562683498,0.94099615734622,4.756689287751025,-10.937385315315932,-25.051224067207592,13.623529231934668,0.0016114793398050867,2.1674083536736945e-05,0.94099615734622,0.6399593599251333,-1.471502905112709,-0.45344453773982796,0.2465953319640817,0.0016114793398050867,2.1674083536736945e-05,0.94099615734622,1.5520067132141897,-3.568636588917583,-2.6668990391897243,1.450331405824578,0.0016114793398050867,2.1674083536736945e-05
8.84,0.4908234350463439,0.49046418552006027,0.001406241202374322,0.001588559517500591,0.9410063160431776,4.7640173179727405,-10.940121916711075,-25.171423487301286,13.612715245764614,0.001610200191428972,2.1640673928381053e-05,0.9410063160431776,0.6409452644579934,-1.471871084232946,-0.4556202306454823,0.24639959131097627,0.0016102001914289718,2.1640673928380837e-05,0.9410063160431776,1.5543976938754713,-3.5695294838450664,-2.6796952090335227,1.4491801722860749,0.001610200191428972,2.1640673928381053e-05
8.85,0.4908374898977709,0.49048006212653517,0.0014046841842238313,0.0015866449347612531,0.9410164645345002,4.771332332982788,-10.942854346063172,-25.291462254770995,13.596177562024707,0.0016082440070055834,2.1599072244330277e-05,0.9410164645345002,0.6419294179396445,-1.4722387020514383,-0.45779301562717156,0.24610024776039321,0.0016082440070055832,2.159907224433006e-05,0.9410164645345002,1.5567844279495449,-3.5704210175234925,-2.6924742761470353,1.447419606305025,0.0016082440070055834,2.1599072244330277e-05
8.860000000000001,0.4908515301182242,0.49049592102655115,0.0014032533150793818,0.0015850195464998673,0.9410266047245325,4.778632841808865,-10.945582632703857,-25.41133829304037,13.582118104496153,0.0016065809632413418,2.1561416741474465e-05,0.9410266047245325,0.6429116197764336,-1.472605762514429,-0.4599628550974229,0.24584576182378579,0.0016065809632413422,2.15614167414749e-05,0.9410266047245325,1.5591664289638067,-3.5713111995231492,-2.705236019462443,1.4459228669172077,0.001606580963241342,2.1561416741474682e-05
8.870000000000001,0.4908655550511252,0.49051176351163134,0.0014017712098792529,0.0015835135942283548,0.9410367342447201,4.785920438491057,-10.948306777549668,-25.53105446474311,13.569075801241883,0.0016050382350774484,2.1524640849093606e-05,0.9410367342447201,0.6438920844286314,-1.4729722657452282,-0.4621298008718927,0.24560968708530875,0.0016050382350774486,2.1524640849093822e-05,0.9410367342447201,1.5615442170196892,-3.5722000301430836,-2.7179807437295276,1.4445344115697039,0.0016050382350774486,2.1524640849093822e-05
8.88,0.4908795676339488,0.4905275926350598,0.001400538241011074,0.001582073240026032,0.9410468520304611,4.793196846472613,-10.95102678901146,-25.650628133939872,13.556598142406282,0.001603562296715194,2.1489056689162015e-05,0.9410468520304611,0.6448710437662578,-1.4733382128754224,-0.46429416725212697,0.24538383280259563,0.001603562296715194,2.1489056689162015e-05,0.9410468520304611,1.5639183544401303,-3.573087512127579,-2.7307102974885655,1.4432060670436748,0.0016035622967151943,2.1489056689162232e-05
8.89,0.4908935678261147,0.4905434081305628,0.0013994661506004553,0.0015809043679639245,0.9410569581699717,4.800461988909925,-10.953742671135338,-25.770057705172118,13.5464446400898,0.0016023612746502713,2.145690668634687e-05,0.9410569581699717,0.6458484874508642,-1.4737036044493694,-0.46645592535921926,0.24520004736552534,0.0016023612746502713,2.145690668634687e-05,0.9410569581699717,1.566288816152692,-3.573973646796793,-2.7434245108904984,1.4421251471852443,0.0016023612746502716,2.1456906686347088e-05
8.9,0.490907554500391,0.49055920906008593,0.0013978701927645418,0.0015792803509446756,0.9410670528667439,4.8077155285360265,-10.95645441841472,-25.889337133526976,13.532392722826026,0.0016006991227974208,2.1418771852745174e-05,0.9410670528667439,0.6468243701069512,-1.474068439726221,-0.4686149657760523,0.24494569791294224,0.0016006991227974208,2.1418771852745174e-05,0.9410670528667439,1.568655492114324,-3.574858432354046,-2.756122740406999,1.4406292105176788,0.0016006991227974208,2.1418771852745174e-05
8.91,0.49092149815068536,0.49057499572946467,0.0013767718464133415,0.0015780174380366227,0.9410771357299219,4.814957855030926,-10.959162038825339,-26.008467268370413,13.521434008248415,0.0015994028550071887,2.1385416970565998e-05,0.9410771357299219,0.6477987441616072,-1.474432719779022,-0.4707713038767392,0.24474733757523837,0.001599402855007189,2.1385416970566215e-05,0.9410771357299219,1.5710185094693399,-3.57574187140165,-2.768805076459726,1.43946256950647,0.001599402855007189,2.1385416970566215e-05
8.92,0.4909352619963729,0.490590770317224,0.001375936866092109,0.0015768137942349719,0.9410872073820409,4.822189435759543,-10.961865525660448,-26.127464529175423,13.510987025323393,0.0015981671181536643,2.135332391869243e-05,0.9410872073820409,0.6487716724935565,-1.474796443705455,-0.4729252368651342,0.24455823993551806,0.0015981671181536643,2.135332391869243e-05,0.9410872073820409,1.5733780207089882,-3.576623961751335,-2.7814732670302025,1.438350406338298,0.0015981671181536643,2.135332391869243e-05
8.93,0.4909490146871398,0.49060652976445845,0.0013745257267869062,0.001575147245093981,0.94109726615307,4.8294107701711315,-10.964564943228718,-26.246300676503253,13.496565152639306,0.0015964612055757966,2.1313960481815627e-05,0.94109726615307,0.649743222298112,-1.4751596201575323,-0.4750762535878016,0.24429719403312888,0.0015964612055757968,2.1313960481815844e-05,0.94109726615307,1.5757341887929563,-3.5775047243856553,-2.7941243058089604,1.4368150850182173,0.001596461205575797,2.131396048181606e-05
8.940000000000001,0.49096275502630315,0.49062227532570163,0.0013734848001147654,0.001573971465224619,0.9411073143270937,4.8366203706083715,-10.967260258627796,-26.36499449138115,13.48635773029287,0.001595253805500243,2.128234027562394e-05,0.9411073143270937,0.6507131934276145,-1.475522244708611,-0.47722469399436585,0.24411243260610324,0.0015952538055002427,2.1282340275623722e-05,0.9411073143270937,1.5780865283302479,-3.578384148569272,-2.8067601921834706,1.4357284249502185,0.0015952538055002427,2.1282340275623722e-05
8.950000000000001,0.49097648174874037,0.49063800515393496,0.0013718925653512938,0.0015720080426963746,0.9411173505381051,4.843818699934517,-10.969951514652381,-26.483528184462664,13.469394698482136,0.0015932473081501012,2.1239265453726645e-05,0.9411173505381051,0.6516816481551396,-1.4758843231162384,-0.479370236085313,0.24380538996030487,0.0015932473081501012,2.1239265453726645e-05,0.9411173505381051,1.5804351903433151,-3.5792622482651866,-2.8193790323384516,1.4339225773350912,0.0015932473081501012,2.1239265453726645e-05
8.96,0.4909901960525529,0.49065372007299574,0.0013708267864062883,0.0015707981940836688,0.9411273745346486,4.851006402191765,-10.972638716231353,-26.60190564451139,13.45889592983396,0.0015920054457455879,2.1207251661919035e-05,0.9411273745346486,0.6526486731293639,-1.476245856043541,-0.4815129502499623,0.2436153549630633,0.0015920054457455879,2.1207251661919035e-05,0.9411273745346486,1.5827803849694513,-3.580139025081588,-2.83198124026325,1.432804901171029,0.0015920054457455879,2.1207251661919035e-05
8.97,0.49100389622748986,0.49066941984803,0.001369266794124782,0.0015691523179672143,0.9411373880670993,4.858182277843982,-10.975321817774441,-26.720131237948735,13.444660498015999,0.0015903215866018006,2.1169268634586283e-05,0.9411373880670993,0.6536141069661127,-1.476606837356857,-0.483652915523571,0.24335768376971545,0.0015903215866018006,2.1169268634586283e-05,0.9411373880670993,1.5851217208254866,-3.5810144641433386,-2.844567280797629,1.4312894279416204,0.0015903215866018003,2.1169268634586066e-05
8.98,0.49101758305334836,0.4906851053860278,0.0013681679886035786,0.0015680046918197653,0.9411473901994932,4.865347052220838,-10.978000814169084,-26.83820902133666,13.434692672277878,0.0015891425275660475,2.113783574628214e-05,0.9411473901994932,0.6545780472503832,-1.4769672663683489,-0.48579020533272516,0.24317725920754762,0.0015891425275660473,2.1137835746281924e-05,0.9411473901994932,1.5874594345710913,-3.5818885637823183,-2.8571375857943866,1.4302282748094426,0.0015891425275660473,2.1137835746281924e-05
8.99,0.49103125834048394,0.49070077714851446,0.0013668313257734132,0.0015664404262961409,0.9411573817721867,4.872500466937037,-10.980675716944955,-26.956144715246335,13.421158594592955,0.001587541629135012,2.1101202838871066e-05,0.9411573817721867,0.6555404592193226,-1.4773271446292047,-0.4879249232237324,0.24293228301065162,0.001587541629135012,2.1101202838871066e-05,0.9411573817721867,1.5897934419006292,-3.582761327760415,-2.869692764253135,1.4287874662215108,0.001587541629135012,2.1101202838871066e-05
9.0,0.4910449208810855,0.49071643350171096,0.00136561499359467,0.0015647372801244521,0.941167361361533,4.879643163875946,-10.983346574240185,-27.073921409490186,13.406429466301768,0.0015857993723724288,2.1062092247976696e-05,0.941167361361533,0.6565014292311614,-1.4776864786158723,-0.49005676311046414,0.24266567556858054,0.0015857993723724288,2.1062092247976696e-05,0.941167361361533,1.592123952247014,-3.583632771784078,-2.8822310159519424,1.427219435135186,0.0015857993723724288,2.1062092247976696e-05
9.01,0.4910585696981543,0.49073207189311374,0.0013640805953200885,0.0015628608085374084,0.9411773294039409,4.886774369955883,-10.986013436869756,-27.191522034033845,13.390214965747582,0.001583881416150991,2.102060761358256e-05,0.9411773294039409,0.6574608532764027,-1.4780452751649393,-0.4921854160134541,0.2423721818579039,0.0015838814161509907,2.1020607613582345e-05,0.9411773294039409,1.5944507133701078,-3.584502912433158,-2.8947505236519326,1.425493274535892,0.001583881416150991,2.102060761358256e-05
9.02,0.4910722050464911,0.4907476927665115,0.0013630077716660404,0.0015613336725473514,0.9411872868364356,4.893893608084307,-10.988676315354764,-27.308953349299653,13.377005121177461,0.0015823188701143233,2.0985197566971954e-05,0.9411872868364356,0.6584186671675797,-1.4784035356919014,-0.4943110043010376,0.24213307450535929,0.0015823188701143233,2.0985197566971954e-05,0.9411872868364356,1.596773569604745,-3.5853717531404645,-2.9072520070530223,1.424086983102891,0.0015823188701143233,2.0985197566971954e-05
9.030000000000001,0.4910858286654572,0.49076329847089045,0.0013617579219790362,0.0015598284073851266,0.9411972354976635,4.901000379447366,-10.991335205095915,-27.42623851179611,13.363980216651534,0.00158077819998479,2.0949792599663343e-05,0.9411972354976635,0.6593748037948657,-1.4787612595779747,-0.4964339471220857,0.2418973146959376,0.00158077819998479,2.0949792599663343e-05,0.9411972354976635,1.5990923581985572,-3.5862392924053452,-2.9197379313469356,1.422700379986311,0.00158077819998479,2.0949792599663343e-05
9.040000000000001,0.4910994396593756,0.4907788901232973,0.0013603570845573966,0.0015584124973099574,0.9412071735397183,4.908096000709973,-10.9939901147985,-27.543380226566985,13.351717243561824,0.0015793276560440665,2.0915158734109013e-05,0.9412071735397183,0.6603294403008032,-1.4791184479943593,-0.49855429343976765,0.24167534637418767,0.0015793276560440665,2.0915158734109013e-05,0.9412071735397183,1.6014075087513482,-3.5871055330681525,-2.9322085845067716,1.4213948904396598,0.0015793276560440665,2.0915158734109013e-05
9.05,0.49111303723976,0.4907944677168479,0.0013591937900913453,0.0015570973463179794,0.9412171008722371,4.91518070489919,-10.996641042745068,-27.660377390510913,13.34031945500453,0.001577979451737616,2.0882105419636624e-05,0.9412171008722371,0.6612826080365781,-1.479475100709991,-0.5006720232871835,0.2414690384927942,0.001577979451737616,2.0882105419636624e-05,0.9412171008722371,1.6037190972949003,-3.587970474568518,-2.9446638490987493,1.4201815065638543,0.001577979451737616,2.0882105419636624e-05
9.06,0.4911266224290697,0.49081002934633955,0.0013578298976899687,0.0015553261119582574,0.9412270189371877,4.922253163796946,-10.99928800072094,-27.777221264826995,13.325018535104928,0.0015761695597574657,2.0843447799208294e-05,0.9412270189371877,0.6622341283052994,-1.4798312193104532,-0.5027869784859731,0.24119208122586558,0.0015761695597574655,2.0843447799208078e-05,0.9412270189371877,1.6060266904598592,-3.588834120751742,-2.957102794809057,1.4185526037817189,0.0015761695597574655,2.0843447799208078e-05
9.07,0.4911401935407311,0.4908255746953658,0.0013565984285253165,0.0015538838486366725,0.9412369272400596,4.929313505060332,-11.001931015887962,-27.893908898232986,13.31253499552323,0.0015746929257824463,2.0809077145773815e-05,0.9412369272400596,0.6631840182818014,-1.4801868074500688,-0.5048991056158804,0.24096612049756772,0.0015746929257824463,2.0809077145773815e-05,0.9412369272400596,1.6083303298980236,-3.5896964804801583,-2.969525107450583,1.4172236332042019,0.0015746929257824465,2.0809077145774032e-05
9.08,0.49115375251110305,0.4908411052755637,0.0013551176862038326,0.00155210087479572,0.9412468263254592,4.936361855884364,-11.004570139476527,-28.01045326204989,13.29713522933872,0.0015728713416230352,2.077046682731512e-05,0.9412468263254592,0.6641322950787516,-1.480541872021314,-0.5070086394668156,0.24068737404429652,0.0015728713416230352,2.077046682731512e-05,0.9412468263254592,1.6106300571104266,-3.5905575704691564,-2.9819321679220563,1.4155842074607317,0.0015728713416230352,2.077046682731512e-05
9.09,0.49116729693299527,0.49085661874273273,0.0013536804144490193,0.0015505063649043367,0.9412567161467353,4.9433976268222946,-11.007205439291877,-28.12683825636433,13.283347965230671,0.0015712404946608197,2.073412975648302e-05,0.9412567161467353,0.6650788793926803,-1.4808964221466256,-0.5091152886191757,0.2404378149974652,0.0015712404946608197,2.073412975648302e-05,0.9412567161467353,1.6129256797731104,-3.5914174128421457,-2.9943222622615817,1.4141164451947374,0.0015712404946608195,2.0734129756482802e-05
9.1,0.4911808284180912,0.4908721168651654,0.0013525508988886752,0.0015491048988731928,0.9412665966594114,4.95042144493583,-11.009836939788213,-28.24307609015485,13.27121635734526,0.001569805489447917,2.0700590574724122e-05,0.9412665966594114,0.6660238555877291,-1.4812504611160442,-0.5112192740639434,0.2402182244770625,0.001569805489447917,2.0700590574724122e-05,0.9412665966594114,1.6152174024829946,-3.592276015578015,-3.0066966902105623,1.4128249405031252,0.001569805489447917,2.0700590574724122e-05
9.110000000000001,0.4911943475989599,0.49088760099435347,0.001351302320679032,0.001547658819372279,0.9412764668125574,4.957434066481605,-11.012464619826913,-28.35917426017786,13.258701855725326,0.0015683251930823316,2.0666373710052617e-05,0.9412764668125574,0.6669673254097729,-1.4816039860856032,-0.5133207314976117,0.23999170331438915,0.0015683251930823316,2.0666373710052617e-05,0.9412764668125574,1.6175054719905615,-3.5931333717796785,-3.019056249857444,1.4114926737740983,0.0015683251930823313,2.06663737100524e-05
9.120000000000001,0.4912078534086905,0.49090306970680675,0.0013498525335558158,0.0015460421603205876,0.9412863270566343,4.964434849048143,-11.01508848387366,-28.475124363105078,13.24472660155091,0.0015666721094365899,2.0629949116002244e-05,0.9412863270566343,0.6679092024295297,-1.4819569976561109,-0.5154195088141079,0.23973874151691713,0.0015666721094365896,2.0629949116002027e-05,0.9412863270566343,1.6197896786905868,-3.5939894829041945,-3.031400046602104,1.4100048984929305,0.0015666721094365894,2.062994911600181e-05
9.13,0.49122134465760653,0.4909185207448572,0.0013484030097631943,0.0015442042575850297,0.9412961782691556,4.9714227511686175,-11.017708554413307,-28.590913208245563,13.228859996618416,0.0015647953045642056,2.05910469791759e-05,0.9412961782691556,0.668849346529283,-1.482309498852653,-0.5175153672527734,0.2394515449583852,0.0015647953045642056,2.05910469791759e-05,0.9412961782691556,1.6220696827745593,-3.5948443562878944,-3.043726676192163,1.408315774107785,0.0015647953045642056,2.05910469791759e-05
9.14,0.49123482052554274,0.4909339526785044,0.0013468807470784123,0.0015422840010457129,0.9413060210474224,4.978396991818849,-11.020324845101605,-28.706533222183985,13.21228836822884,0.0015628351049476385,2.0551103901925638e-05,0.9413060210474224,0.6697876526309616,-1.482661491512458,-0.5196081697295357,0.23915158698609018,0.0015628351049476385,2.0551103901925638e-05,0.9413060210474224,1.6243452294108731,-3.5956979963863582,-3.0560353323782343,1.4065515944528746,0.0015628351049476385,2.0551103901925638e-05
9.15,0.49124828122588265,0.4909493672997685,0.0013452843846327874,0.001540640130449375,0.9413158540416513,4.9853588858163285,-11.022937337215092,-28.82199263044869,13.198080861636429,0.0015611545489805291,2.0514418531154084e-05,0.9413158540416513,0.6707242976285582,-1.4830129731164934,-0.5216980651321653,0.23889442125870103,0.001561154548980529,2.0514418531153867e-05,0.9413158540416513,1.6266167475965567,-3.5965503970905184,-3.068326890832243,1.4050390940824762,0.0015611545489805291,2.0514418531154084e-05
9.16,0.49126172871070667,0.49096476735455463,0.0013441942401049263,0.0015394043224283293,0.9413256764224376,4.992309585296186,-11.025546020559197,-28.937308791619827,13.187369473139583,0.0015598875365221984,2.0483214093869112e-05,0.9413256764224376,0.6716594365289729,-1.4833639422931937,-0.5237853676630075,0.23870053769466945,0.0015598875365221984,2.0483214093869112e-05,0.9413256764224376,1.6288846132488397,-3.5974015550741036,-3.080603199511024,1.4038987828699787,0.0015598875365221987,2.048321409386933e-05
9.17,0.4912751638033474,0.4909801539324514,0.0013428848780626143,0.001537877912408225,0.9413354884389397,4.999249388703872,-11.02815088232238,-29.052489551586905,13.174169887544098,0.0015583262039835454,2.044829157532048e-05,0.9413354884389397,0.672593109484704,-1.4837143973189095,-0.5258702193381064,0.23846161603668403,0.0015583262039835454,2.044829157532048e-05,0.9413354884389397,1.6311489237441354,-3.598251466156979,-3.092865093670976,1.4024935835851906,0.0015583262039835452,2.0448291575320262e-05
9.18,0.49128858662069225,0.49099552569840027,0.0013415547266544807,0.0015363331019165717,0.9413452908054412,5.006177476646163,-11.030751888632262,-29.167527963978188,13.160813701850778,0.0015567463477703012,2.041324585372946e-05,0.9413452908054412,0.6735252062555548,-1.4840643336364903,-0.5279524944233135,0.23821985980826874,0.0015567463477703012,2.041324585372946e-05,0.9413452908054412,1.6334094117318336,-3.599100119287307,-3.1051118338164136,1.4010717129932713,0.0015567463477703014,2.0413245853729677e-05
9.190000000000001,0.4913019962872901,0.4910108826490799,0.0013402705687362414,0.0015349218742527228,0.9413550829179255,5.013094219016069,-11.033349049850623,-29.282422258201468,13.148601314906884,0.0015553017874867837,2.0379913234060913e-05,0.9413550829179255,0.6744557766064943,-1.4844137526399985,-0.5300321608696816,0.23799880713085791,0.0015553017874867837,2.0379913234060913e-05,0.9413550829179255,1.6356661979001694,-3.599947517845917,-3.1173432314539267,1.3997716087381054,0.0015553017874867837,2.0379913234060913e-05
9.200000000000001,0.491315392226704,0.4910262246783011,0.0013390161343082973,0.0015334707947509767,0.9413648645803911,5.0199999000012525,-11.035942391360495,-29.397170383509295,13.13604684726378,0.001553816763680934,2.0345968929957273e-05,0.9413648645803911,0.6753848587717947,-1.4847626577444375,-0.5321091815572587,0.2377715625554342,0.0015538167636809338,2.0345968929957057e-05,0.9413648645803911,1.6379193749735426,-3.6007936701147534,-3.129559068265384,1.3984350873128406,0.001553816763680934,2.0345968929957273e-05
9.21,0.4913287755763564,0.49104155018994466,0.0013377160870647,0.0015316433891985446,0.9413746372634587,5.026893182742458,-11.038531927676027,-29.511766462084886,13.120276363198235,0.0015519513286077094,2.030793940916483e-05,0.9413746372634587,0.6763122728919905,-1.485111050902523,-0.5341834500934827,0.23748610585128874,0.0015519513286077092,2.0307939409164614e-05,0.9413746372634587,1.6401685067631642,-3.601638580829474,-3.1417587185111464,1.396756195746938,0.001551951328607709,2.0307939409164397e-05
9.22,0.49134214609652843,0.4910568596565818,0.0013363288324734935,0.0015301723717153987,0.9413843998521657,5.033774865155081,-11.041117672503889,-29.626210442678552,13.107546915009546,0.0015504456069687742,2.0273235253375496e-05,0.9413843998521657,0.677238126317677,-1.4854589339583344,-0.5362549655506986,0.23725569400657745,0.0015504456069687744,2.0273235253375713e-05,0.9413843998521657,1.6424138536118857,-3.6024822544622745,-3.153942176735282,1.3954010462718969,0.0015504456069687744,2.0273235253375713e-05
9.23,0.4913555021896691,0.49107215265131554,0.0013349209702392137,0.0015284915990697008,0.9413941518227269,5.040645192520415,-11.043699689220233,-29.74049802877602,13.093030767443782,0.0015487285429468497,2.023694387714883e-05,0.9413941518227269,0.6781624520487096,-1.4858063154384245,-0.5383236501590171,0.236992941663416,0.00154872854294685,2.0236943877149265e-05,0.9413941518227269,1.644655495549785,-3.603324711691448,-3.1661089855401916,1.393855688652165,0.0015487285429468499,2.0236943877149048e-05
9.24,0.4913688459795146,0.49108743058561355,0.0013337243596843857,0.001527020704705861,0.9414038940296151,5.047503946987957,-11.046277984256681,-29.854642864981614,13.080310043991611,0.0015472238533263,2.0203148620438977e-05,0.9414038940296151,0.6790852207757389,-1.4861531962080958,-0.5403897508952435,0.2367626877424893,0.0015472238533262997,2.020314862043876e-05,0.9414038940296151,1.646893361496868,-3.6041659546154956,-3.1782605975008877,1.3925014679936698,0.0015472238533262997,2.020314862043876e-05
9.25,0.49138217580668375,0.4911026924485,0.0013322230605382428,0.0015253117588279739,0.9414136265237955,5.054350980139883,-11.048852570966698,-29.96863745337006,13.065553061556674,0.0015454783017950547,2.0166542967080866e-05,0.9414136265237955,0.6800064125308062,-1.4864995780639083,-0.5424531320417283,0.23649557612108946,0.0015454783017950552,2.01665429670813e-05,0.9414136265237955,1.649127403027551,-3.60500598759137,-3.190396214404492,1.3909304716155495,0.001545478301795055,2.0166542967081083e-05
9.26,0.4913954921367456,0.4911179391732606,0.001330801088887169,0.0015235711773248157,0.941423349112733,5.061186510842927,-11.05142344852603,-30.082488807583967,13.050527373782783,0.001543700966054678,2.0129788729862262e-05,0.941423349112733,0.6809260567599832,-1.4868454608949675,-0.544513920550269,0.23622360074660967,0.001543700966054678,2.0129788729862262e-05,0.941423349112733,1.651357691553401,-3.605844810350134,-3.2025165829082,1.3893308694492101,0.001543700966054678,2.0129788729862262e-05
9.27,0.4914087944877674,0.49113316907365306,0.001329596834916402,0.0015222699891418651,0.9414330629392199,5.068009536909599,-11.053990644127852,-30.196188559511242,13.039258844426417,0.0015423680513643196,2.009806222245448e-05,0.9414330629392199,0.6818440186301485,-1.4871908483598109,-0.5465719649522304,0.23601963254644115,0.0015423680513643194,2.0098062222454263e-05,0.9414330629392199,1.6535839000819208,-3.6066824317643436,-3.214620812160929,1.3881312462278876,0.0015423680513643196,2.009806222245448e-05
9.280000000000001,0.4914220861539971,0.49114838748098544,0.0013286614239473543,0.0015212744383124048,0.9414427647929108,5.074823416147042,-11.056554149968793,-30.309763740878413,13.030607164061527,0.0015413446745340387,2.0070236221633904e-05,0.9414427647929108,0.6827607498967104,-1.4875357394085826,-0.5486277545406189,0.2358630311287538,0.0015413446745340387,2.0070236221633904e-05,0.9414427647929108,1.6558071241942827,-3.6075188492879247,-3.226711779901719,1.3872102070806347,0.0015413446745340385,2.0070236221633687e-05
9.290000000000001,0.4914353653065584,0.4911635904020245,0.0013273249134443561,0.0015193442697158345,0.941452456880011,5.081625761171881,-11.059113984775538,-30.42319388288912,13.013961165906203,0.0015393756779795438,2.0031408263709296e-05,0.941452456880011,0.6836759293639285,-1.4878801365607481,-0.5506809188160179,0.23556172701209627,0.0015393756779795438,2.0031408263709296e-05,0.941452456880011,1.6580265849379843,-3.608354069030996,-3.238787307066856,1.3854381101815894,0.0015393756779795438,2.0031408263709296e-05
9.3,0.49144863216501855,0.49117877612180516,0.0013260792474927602,0.0015177814181994965,0.941462140784308,5.088415195607823,-11.061670150441294,-30.53647230251583,13.000457454986176,0.0015377783715262855,1.9996953326789028e-05,0.941462140784308,0.6845893718557615,-1.488224040071018,-0.5527313368109921,0.23531730047471522,0.0015377783715262853,1.999695332678881e-05,0.941462140784308,1.6602418332306663,-3.6091880916112724,-3.250846682195709,1.3840005343736568,0.0015377783715262853,1.999695332678881e-05
9.31,0.4914618848361473,0.491193943131504,0.001324443694938119,0.0015157712963081472,0.9414718173990314,5.0951908890257425,-11.064222668303717,-30.64959118780219,12.98312842826707,0.0015357285819261495,1.9957285618002257e-05,0.9414718173990314,0.6855009656472558,-1.4885674528101347,-0.5547788671237108,0.2350036330671249,0.0015357285819261495,1.9957285618002257e-05,0.9414718173990314,1.6624525981209384,-3.6100209239907763,-3.2628890736443292,1.3821557237335347,0.0015357285819261497,1.9957285618002474e-05
9.32,0.49147512393203024,0.4912090954534945,0.0013232670452268153,0.0015145072726684798,0.9414814836656709,5.101955633308704,-11.066771526077476,-30.7625694201613,12.972180287444171,0.0015344335648681596,1.9926292199679788e-05,0.9414814836656709,0.6864110863550618,-1.4889103731252442,-0.5568238515208526,0.234805464121718,0.0015344335648681594,1.992629219967957e-05,0.9414814836656709,1.6646597905409624,-3.6108525621610656,-3.274916491487047,1.3809902083813435,0.0015344335648681594,1.992629219967957e-05
9.33,0.49148835017166653,0.4912242330767217,0.0013218927470436672,0.0015129508501672165,0.9414911391480598,5.10870969445784,-11.069316704178979,-30.875405456284394,12.958730327364153,0.0015328426164126488,1.98917662454323e-05,0.9414911391480598,0.6873197697666579,-1.489252798381594,-0.5588662620674576,0.23456201051183684,0.0015328426164126485,1.9891766245432084e-05,0.9414911391480598,1.66686349728126,-3.6116829997324307,-3.286928771426556,1.3795583547713837,0.0015328426164126485,1.9891766245432084e-05
9.34,0.49150156393089217,0.4912393560646515,0.001320642434093656,0.0015114795658051079,0.9415007845442459,5.115452722849051,-11.071858187985159,-30.988101938457763,12.946012600297271,0.0015313382812239724,1.9858715418864543e-05,0.9415007845442459,0.6882269688440306,-1.489594726611813,-0.5609061465907413,0.23433181082756305,0.0015313382812239724,1.9858715418864543e-05,0.9415007845442459,1.6690636042669111,-3.612512231933675,-3.2989261947549293,1.3782044531015751,0.0015313382812239724,1.9858715418864543e-05
9.35,0.4915147639885944,0.4912544627180495,0.001319399907607852,0.0015097555034716392,0.9415104206224023,5.12218384279199,-11.074395989495736,-31.10064957807604,12.931131991729545,0.001529578106392446,1.9822602920806882e-05,0.9415104206224023,0.6891325657728347,-1.48993615943033,-0.5629433369605015,0.23406246148738002,0.001529578106392446,1.9822602920806882e-05,0.9415104206224023,1.6712598257787499,-3.613340262680052,-3.310907772627364,1.3766202957532014,0.001529578106392446,1.9822602920806882e-05
9.360000000000001,0.49152795185004294,0.4912695534901604,0.0013181329320437424,0.0015081533202839863,0.9415200470826247,5.128903231948837,-11.076930085623724,-31.213051303638615,12.917293462388256,0.001527941195446162,1.9787875162175644e-05,0.9415200470826247,0.6900365844555301,-1.4902770937310488,-0.5649778861846089,0.23381197450425592,0.0015279411954461618,1.9787875162175428e-05,0.9415200470826247,1.673452219784173,-3.6141670844387694,-3.32287381680556,1.3751470759015456,0.0015279411954461618,1.9787875162175428e-05
9.370000000000001,0.49154112761994684,0.49128462858447414,0.0013168821094329452,0.0015067584310485941,0.9415296640564742,5.135610877022779,-11.079460483691491,-31.32530923811275,12.905229065039174,0.001526514140331128,1.9755709282533954e-05,0.9415296640564742,0.690939023103179,-1.4906175304991123,-0.5670098326902443,0.2335936005411958,0.001526514140331128,1.9755709282533954e-05,0.9415296640564742,1.6756407819447123,-3.6149926995989587,-3.3348245532960132,1.3738627262980154,0.0015265141403311283,1.975570928253417e-05
9.38,0.49155428918405714,0.49129968882426817,0.0013151632271890075,0.001505010255084972,0.941539269856748,5.142307996892431,-11.081987193252429,-31.437423792506145,12.890139730599381,0.0015247292760505761,1.971902096560411e-05,0.941539269856748,0.6918400457022714,-1.4909574710198223,-0.5690391839169322,0.23332047311790113,0.0015247292760505761,1.971902096560411e-05,0.941539269856748,1.6778259099545796,-3.61581711127769,-3.3467600258537122,1.3722563484455186,0.0015247292760505761,1.971902096560411e-05
9.39,0.4915674341276951,0.4913147313375563,0.0013137707843119727,0.0015034733679991127,0.9415488656367655,5.148993299806712,-11.084510232864325,-31.54937805573532,12.87685865452676,0.0015231583042900987,1.9684936290985996e-05,0.9415488656367655,0.6927394784621421,-1.4912969177899222,-0.5710656337623274,0.2330800764257363,0.001523158304290099,1.9684936290986213e-05,0.9415488656367655,1.680007182342825,-3.6166403255299753,-3.358678434161349,1.370842473861089,0.001523158304290099,1.9684936290986213e-05
9.4,0.49158056626906427,0.49132975969421966,0.001312580792992317,0.001502100324616292,0.9415584501185381,5.155668508321343,-11.087029580062989,-31.661192889596045,12.864981167600309,0.001521753358151332,1.965303353503988e-05,0.9415584501185381,0.6936375531334036,-1.4916358677871056,-0.5730895598394089,0.23286508567101602,0.001521753358151332,1.965303353503988e-05,0.9415584501185381,1.6821851611428047,-3.617462335026225,-3.3705819991205033,1.3695780223361989,0.001521753358151332,1.965303353503988e-05
9.41,0.49159368616373456,0.4913447740635995,0.0013114314568411418,0.0015008699804430208,0.9415680240349067,5.16233320770795,-11.089545220259936,-31.772872217451734,12.854326724220021,0.0015204930815304833,1.9623101087462482e-05,0.9415680240349067,0.6945342139189902,-1.4919743190486554,-0.5751110331637767,0.23267223285310623,0.001520493081530483,1.9623101087462265e-05,0.9415680240349067,1.6843597110374562,-3.618283135006528,-3.382471138403943,1.3684437733774348,0.0015204930815304833,1.9623101087462482e-05
9.42,0.4916067948777935,0.491359776674901,0.0013102670780542316,0.001499643051388744,0.94157758625771,5.168988729794973,-11.09205715472486,-31.884427767211946,12.84370041291989,0.0015192361325544164,1.959308116567253e-05,0.94157758625771,0.6954296400015276,-1.4923122717453947,-0.5771302660187311,0.23247988924536717,0.0015192361325544164,1.959308116567253e-05,0.94157758625771,1.6865312665741197,-3.6191027258851576,-3.394347100539511,1.367312519298975,0.0015192361325544166,1.9593081165672748e-05
9.43,0.491619892347993,0.4913747675710056,0.0013092819634813366,0.0014986111062510377,0.9415871371319254,5.175635077652202,-11.094565397733227,-31.995860203379547,12.83474436548524,0.0015181767532143388,1.9565646963301108e-05,0.9415871371319254,0.6963238317940218,-1.492649727797928,-0.5791472704322354,0.23231777857252792,0.0015181767532143388,1.9565646963301108e-05,0.9415871371319254,1.688699828754403,-3.6199211123198958,-3.406209956268743,1.366359077892905,0.0015181767532143388,1.9565646963301108e-05
9.440000000000001,0.49163297682596857,0.4913897435577325,0.0013078604791553195,0.001496679191240542,0.941596678211162,5.182270558316406,-11.097069972413069,-32.10715220460472,12.818089671379266,0.0015162067280464376,1.952753680589561e-05,0.941596678211162,0.6972165615271989,-1.492986690317873,-0.5811617328758389,0.2320163170531299,0.0015162067280464376,1.952753680589561e-05,0.941596678211162,1.6908648452003519,-3.6207383018569272,-3.418057861598265,1.3645860552417939,0.0015162067280464376,1.952753680589561e-05
9.450000000000001,0.49164584581754933,0.4914047046168601,0.0012850445734817536,0.0014953571081624108,0.941606210162139,5.188894794349639,-11.099570877630232,-32.2183060036659,12.806651310376271,0.0015148537245681353,1.9496616405724563e-05,0.941606210162139,0.6981077784210029,-1.4933231591526424,-0.5831736937643809,0.2318092747823175,0.0015148537245681353,1.9496616405724563e-05,0.941606210162139,1.6930261927619776,-3.621554294126203,-3.4298910542248313,1.3633683521113218,0.0015148537245681353,1.9496616405724563e-05
9.46,0.491658689661213,0.4914196507997594,0.0012836661100517485,0.001493833845690216,0.9416157318743001,5.1955084495831265,-11.102068122922018,-32.32931850513935,12.793490353645828,0.0015132969613020162,1.9463115611800244e-05,0.9416157318743001,0.6989975717865035,-1.4936591355853732,-0.5851830970685437,0.2315710523335925,0.0015132969613020162,1.9463115611800244e-05,0.9416157318743001,1.6951840880333147,-3.622369092239541,-3.441709204616338,1.3619672651718149,0.0015132969613020166,1.9463115611800677e-05
9.47,0.49167152194136143,0.49143458388921424,0.0012826990029498162,0.0014926105164077288,0.9416252424864846,5.202112513209436,-11.104561705664299,-32.44019950086852,12.782898202563215,0.0015120440530178901,1.9433536610161378e-05,0.9416252424864846,0.6998860747085003,-1.4939946192630185,-0.5871901200274882,0.23137932704949293,0.00151204405301789,1.943353661016116e-05,0.9416252424864846,1.6973388537668932,-3.623182695340744,-3.4535133551912245,1.3608396477161009,0.00151204405301789,1.943353661016116e-05
9.48,0.4916843431761311,0.49144950251065717,0.0012814711271279284,0.0014911178164882237,0.9416347422935588,5.208706720927407,-11.107051667802816,-32.550939254581095,12.769998040207494,0.0015105181382007774,1.9400321712553662e-05,0.9416347422935588,0.7007732516282275,-1.4943296158289088,-0.5891945864079294,0.23114582515990606,0.0015105181382007776,1.940032171255388e-05,0.9416347422935588,1.6994904037268568,-3.623995117115818,-3.4653024694470327,1.3594663243807,0.0015105181382007776,1.940032171255388e-05
9.49,0.49169715186875596,0.4914644074246321,0.0012802464025340257,0.0014898234036153802,0.9416442316674203,5.215291025807134,-11.10953800898216,-32.66154476770641,12.75879729503738,0.0015091932414633192,1.9369837847939015e-05,0.9416442316674203,0.7016590962317908,-1.4946641252352273,-0.5911966229405967,0.2309430839005417,0.001509193241463319,1.9369837847938798e-05,0.9416442316674203,1.7016387226009735,-3.6248063574487985,-3.477077292740762,1.3582739173169873,0.0015091932414633192,1.9369837847939015e-05
9.5,0.49170994855254,0.4914792990535917,0.0012788827714486403,0.0014883280700032976,0.941653710956361,5.221865416895794,-11.11202073119647,-32.77201995452761,12.745878586191733,0.0015076651328471671,1.933706284386956e-05,0.941653710956361,0.7025436070456106,-1.4949981477502639,-0.5931963004767309,0.23070924630661835,0.001507665132847167,1.9337062843869345e-05,0.941653710956361,1.7037838068155702,-3.6256164169903324,-3.4888382417785144,1.3568986195624502,0.001507665132847167,1.9337062843869345e-05
9.51,0.4917227308134544,0.4914941745579984,0.001277481472041284,0.0014866408175580599,0.9416631809334695,5.2284287187928635,-11.114499856190223,-32.88234761187924,12.731318159462647,0.0015059428311988052,1.930201364074534e-05,0.9416631809334695,0.7034266259326882,-1.4953316862994945,-0.5951933076271008,0.23044569247987712,0.0015059428311988052,1.930201364074534e-05,0.9416631809334695,1.705925272862414,-3.6264253028351807,-3.5005834851485695,1.3553485480789247,0.0015059428311988052,1.930201364074534e-05
9.52,0.4917354994122612,0.491509031950162,0.0012761649132319738,0.0014846425773832588,0.9416726426081368,5.234979688699438,-11.116975371593272,-32.992517996839766,12.71408986361187,0.001503904956698672,1.9262379315413206e-05,0.9416726426081368,0.7043079856883266,-1.4956647392186537,-0.5971874680380659,0.23013384837089695,0.001503904956698672,1.9262379315413206e-05,0.9416726426081368,1.7080627152426107,-3.627233010947226,-3.512311985640607,1.3535144610288048,0.001503904956698672,1.9262379315413206e-05
9.530000000000001,0.49174825505517444,0.4915238720437688,0.001275050724657304,0.0014832305925112734,0.9416820921565607,5.241521068067711,-11.119447311490521,-33.1025226683557,12.70188593560384,0.0015024613969929163,1.9230804481642832e-05,0.9416820921565607,0.705188055144267,-1.495997311093485,-0.5991786289207016,0.2299129488060947,0.0015024613969929165,1.923080448164305e-05,0.9416820921565607,1.7101970284338013,-3.62803955244765,-3.524022844638362,1.3522152572936248,0.0015024613969929165,1.923080448164305e-05
9.540000000000001,0.49176099898577,0.49153869688068214,0.0012735770221405202,0.0014814515512287494,0.9416915326077858,5.248051672474405,-11.121915652022816,-33.212386091994674,12.686542151210471,0.0015006464347226127,1.9194883493863293e-05,0.9416915326077858,0.7060666749495996,-1.4963293987140056,-0.6011672331187575,0.2296352156620868,0.0015006464347226127,1.9194883493863293e-05,0.9416915326077858,1.7123278259838188,-3.6288449195517165,-3.535718666693157,1.3505817912503515,0.0015006464347226127,1.9194883493863293e-05
9.55,0.49177372704501987,0.49155350295590056,0.0012721783033689269,0.001479772198979637,0.9417009656243581,5.254569447136136,-11.124380426033147,-33.322090602568615,12.672047738227057,0.0014989319416079635,1.9159742628326384e-05,0.9417009656243581,0.7069435686561948,-1.4966610064988726,-0.6031529608800724,0.22937285672994676,0.0014989319416079637,1.91597426283266e-05,0.9417009656243581,1.714454437460476,-3.629649122975396,-3.5473975712073442,1.3490387474471672,0.0014989319416079635,1.9159742628326384e-05
9.56,0.49178644436560387,0.4915682948830757,0.0012712406897931801,0.001478581923720688,0.941710387613525,5.261078062532033,-11.126841651074171,-33.43165482003936,12.66174177258198,0.0014977128851923283,1.9130961471640383e-05,0.941710387613525,0.7078192300859802,-1.4969921368095997,-0.6051361492388754,0.2291863116008402,0.0014977128851923285,1.91309614716406e-05,0.941710387613525,1.7165780604631755,-3.6304521684457485,-3.5590615404217187,1.3479415966730959,0.0014977128851923287,1.9130961471640817e-05
9.57,0.4917989891457913,0.4915830737235206,0.0012478099903924136,0.0014770667974643732,0.9417197990987782,5.26757724455506,-11.129299295655755,-33.54108937942167,12.648656676344157,0.0014961650951969734,1.9098297732600238e-05,0.9417197990987782,0.7086936223609189,-1.4973227854095417,-0.6071169906963125,0.2289494622796684,0.0014961650951969736,1.9098297732600454e-05,0.9417197990987782,1.718698605556611,-3.6312540456882108,-3.5707117065169105,1.3465485856772763,0.0014961650951969736,1.9098297732600454e-05
9.58,0.4918114631745516,0.49159784003664103,0.0012468586855595724,0.0014759941886455386,0.9417292000500063,5.27406700813651,-11.131753293491851,-33.65039864152464,12.639358925699414,0.0014950652969864231,1.9071108340884503e-05,0.9417292000500063,0.7095667474898495,-1.497652943380652,-0.6090955641860545,0.22878116654163116,0.001495065296986423,1.9071108340884286e-05,0.9417292000500063,1.720816077612547,-3.632054733075054,-3.582348533735208,1.345558767287781,0.0014950652969864231,1.9071108340884503e-05
9.59,0.4918239259429209,0.49161259388037126,0.0012457117528829372,0.0014747676405264844,0.9417385909435526,5.280547090484953,-11.134203619740058,-33.75958463024663,12.6287454518561,0.0014938098665079557,1.9042225981471313e-05,0.9417385909435526,0.7104385701171232,-1.497982607380663,-0.6110719063420658,0.2285890553007679,0.0014938098665079557,1.9042225981471313e-05,0.9417385909435526,1.72293039088772,-3.63285422250073,-3.593972237536445,1.3444288798571602,0.0014938098665079557,1.9042225981471313e-05
9.6,0.49183637748511044,0.49162733429691124,0.0012445952535992642,0.001473281419446583,0.9417479721531397,5.2870170719551295,-11.136650299881653,-33.86864197459512,12.615910106196926,0.0014922916186298266,1.9010199183243544e-05,0.9417479721531397,0.7113090337841623,-1.4983117808377961,-0.6130459199456553,0.2283567266383624,0.0014922916186298266,1.9010199183243544e-05,0.9417479721531397,1.725041408460792,-3.6336525222792377,-3.605582246136396,1.3430624567668439,0.0014922916186298266,1.9010199183243544e-05
9.610000000000001,0.4918488189204132,0.49164206163998575,0.0012435775213669017,0.0014720887438429918,0.9417573435626976,5.293477220947711,-11.139093365590155,-33.977572597155216,12.605584998780358,0.0014910702980013902,1.898155415839837e-05,0.9417573435626976,0.7121781746012764,-1.4986404680133687,-0.6150176397969471,0.2281698350299101,0.0014910702980013902,1.898155415839837e-05,0.9417573435626976,1.727149217905203,-3.634449642744974,-3.6171787642093047,1.3419632682012512,0.0014910702980013902,1.898155415839837e-05
9.620000000000001,0.49186124885367394,0.4916567748103004,0.0012422702731623323,0.0014704225499158417,0.9417667051483871,5.299927267407521,-11.141532850486923,-34.08636909996933,12.591211275299514,0.0014893700808233659,1.8947530907524168e-05,0.9417667051483871,0.7130459562355608,-1.4989686734307592,-0.616986931987776,0.22790966066150853,0.0014893700808233659,1.8947530907524168e-05,0.9417667051483871,1.7292537311076832,-3.6352455948678766,-3.6287610041846348,1.3404330727410294,0.001489370080823366,1.8947530907524384e-05
9.63,0.491873664540385,0.49167147166084324,0.0012408441285950346,0.0014689489135269113,0.9417760583139222,5.306365856876271,-11.143968791821088,-34.19502150726677,12.578483532588068,0.001487864560919333,1.891564739242178e-05,0.9417760583139222,0.7139121964597965,-1.4992964021014215,-0.6189536159497705,0.22767927968711862,0.001487864560919333,1.891564739242178e-05,0.9417760583139222,1.731354506137253,-3.636040390801543,-3.6403279040634517,1.3390781048273999,0.001487864560919333,1.891564739242178e-05
9.64,0.49188606693886955,0.49168615447015995,0.001239648599115942,0.0014676095282384351,0.9417854013000687,5.312794763438983,-11.146401201447775,-34.30353926918457,12.566904143418277,0.0014864948757153744,1.8885347476939318e-05,0.9417854013000687,0.714777133957288,-1.4996236556203297,-0.6209178627369679,0.22746968470863302,0.0014864948757153747,1.8885347476939535e-05,0.9417854013000687,1.7334521218401853,-3.63683403441405,-3.6518804698868688,1.3378453881438372,0.0014864948757153747,1.8885347476939535e-05
9.65,0.4918984577116411,0.4917008247921612,0.0012383669721622531,0.0014662719654699229,0.9417947334798384,5.319214706383813,-11.148830067395634,-34.41193158190917,12.555341445714216,0.0014851271648861695,1.8855199416246667e-05,0.9417947334798384,0.7156408655002142,-1.499950432376873,-0.6228798388067242,0.22726039185725863,0.0014851271648861693,1.885519941624645e-05,0.9417947334798384,1.735546812904932,-3.6376265217994006,-3.6634196806609727,1.3366144483975526,0.0014851271648861695,1.8855199416246667e-05
9.66,0.4919108361316781,0.4917154805659399,0.001237326201625181,0.0014648587674138853,0.9418040561905824,5.32562439101796,-11.151255422609648,-34.52018882505465,12.543133469189321,0.0014836831262955979,1.882435888171251e-05,0.9418040561905824,0.7165032169021343,-1.5002767368034304,-0.6248393700233782,0.227039419011492,0.001483683126295598,1.8824358881712727e-05,0.9418040561905824,1.7376381569007229,-3.638417863706843,-3.6749445122203186,1.3353148136660382,0.001483683126295598,1.8824358881712727e-05
9.67,0.49192320406805545,0.49173012295367874,0.0012361630999726235,0.0014635339619423471,0.9418133697379741,5.332023961297398,-11.153677289594727,-34.62832051703384,12.531682625841547,0.0014823286463246498,1.879468438230271e-05,0.9418133697379741,0.7173642075307152,-1.500602571927786,-0.6267966286768071,0.22683215080157806,0.0014823286463246498,1.879468438230271e-05,0.9418133697379741,1.7397262007973362,-3.639208067479251,-3.686455977874516,1.3340957816921848,0.0014823286463246498,1.879468438230271e-05
9.68,0.49193555842245484,0.4917447502046024,0.0012346992471452146,0.0014618954783127596,0.9418226739502206,5.338413104856212,-11.156095688697851,-34.73631382177925,12.517545408984834,0.0014806564046830686,1.8760926370309065e-05,0.9418226739502206,0.7182237953606156,-1.5009279404873983,-0.6287513824252827,0.22657625736717654,0.0014806564046830689,1.8760926370309282e-05,0.9418226739502206,1.7418108426764058,-3.6399971397554127,-3.6979527111236288,1.3325907642147619,0.0014806564046830686,1.8760926370309065e-05
9.690000000000001,0.4919478992388967,0.4917593618600512,0.0012334327620417169,0.0014604340869734933,0.9418319676921615,5.344792581725515,-11.158510637304033,-34.84416064709701,12.504920188211942,0.0014791630117384341,1.8728924764940813e-05,0.9418319676921615,0.7190820826455239,-1.5012528448212263,-0.6307034847944814,0.22634773211101064,0.0014791630117384341,1.8728924764940813e-05,0.9418319676921615,1.7438923305199463,-3.6407850862076883,-3.7094338504902318,1.3312467105645909,0.0014791630117384344,1.872892476494103e-05
9.700000000000001,0.49196022832699293,0.4917739597686547,0.0012323177719939238,0.001459069528692108,0.9418412508696641,5.351162950033938,-11.160922133779827,-34.95187374346923,12.493127777009217,0.0014777681289076965,1.8698600215588538e-05,0.9418412508696641,0.7199391444754073,-1.5015772847095088,-0.632653166576976,0.22613428128592075,0.0014777681289076968,1.8698600215588754e-05,0.9418412508696641,1.7459708464334789,-3.64157190630312,-3.720900753363024,1.329991316016927,0.0014777681289076968,1.8698600215588754e-05
9.71,0.4919725458979897,0.4917885446853049,0.0012311653178054885,0.0014576971577160394,0.9418505235386988,5.357524346255705,-11.163330163753562,-35.05945884528,12.481269800652184,0.0014763654906055405,1.8668332889501017e-05,0.9418505235386988,0.7207949992113462,-1.501901258218697,-0.6346005315690977,0.2259196436860446,0.0014763654906055405,1.8668332889501017e-05,0.9418505235386988,1.7480464349456446,-3.642357595352535,-3.732354030212112,1.3287289415449863,0.0014763654906055405,1.8668332889501017e-05
9.72,0.49198485215010923,0.4918031147392708,0.0012300662948867514,0.0014563598528296868,0.941859785726121,5.363876534112238,-11.165734782201561,-35.1669019147445,12.469703961580317,0.0014749974081949904,1.863755536530361e-05,0.941859785726121,0.7216496150647002,-1.5022247727452414,-0.6365453256772009,0.22571029397373327,0.0014749974081949902,1.8637555365303392e-05,0.941859785726121,1.7501190189637605,-3.6431421712935412,-3.7437921866053383,1.3274976673754912,0.0014749974081949902,1.8637555365303392e-05
9.73,0.4919971470341346,0.49181767212290467,0.001228908586520516,0.0014550361758431996,0.941869036921972,5.370220407707523,-11.16813599881432,-35.27421672617292,12.458265399464365,0.001473644380927744,1.8608205084544435e-05,0.941869036921972,0.7225031123271635,-1.5025478295928898,-0.6384877982258576,0.22550324806263683,0.001473644380927744,1.8608205084544435e-05,0.941869036921972,1.7521888902149725,-3.6439256372879423,-3.755216688925922,1.3262799428349696,0.001473644380927744,1.8608205084544435e-05
9.74,0.4920094311970746,0.4918322172313848,0.001227839799643999,0.0014539122167306453,0.9418782785566606,5.376555115575342,-11.170533814398414,-35.38141190921446,12.448533181683663,0.0014724931911283107,1.8580974397665448e-05,0.9418782785566606,0.7233553764434769,-1.5028704288701573,-0.6404281054177058,0.22532708816797803,0.0014724931911283107,1.8580974397665448e-05,0.9418782785566606,1.7542557708839337,-3.6447079935989057,-3.7666284558676204,1.3252438720154796,0.0014724931911283105,1.858097439766523e-05
9.75,0.49202170289284525,0.49184674816339097,0.0012265214911230066,0.0014521619509868069,0.9418875109348608,5.382880188752321,-11.172928255610078,-35.48847432702383,12.433444659600193,0.0014707084229385302,1.854647195172329e-05,0.9418875109348608,0.7242063443198616,-1.503192574163343,-0.6423660094667311,0.2250539754488965,0.0014707084229385302,1.854647195172329e-05,0.9418875109348608,1.7563195079578522,-3.6454892489237953,-3.7780260889103467,1.3236375806446772,0.0014707084229385302,1.854647195172329e-05
9.76,0.49203396206191713,0.4918612627361581,0.0012253834283903714,0.001450864327500043,0.9418967354178216,5.389194231516711,-11.175319319407247,-35.5953937157777,12.422228155839985,0.0014693816621728945,1.851733467285151e-05,0.9418967354178216,0.7250558281775616,-1.5035142650631703,-0.6443013245906091,0.22485094894811714,0.0014693816621728945,1.851733467285151e-05,0.9418967354178216,1.7583796460423577,-3.646269402270049,-3.789408495389706,1.322443495955605,0.0014693816621728945,1.851733467285151e-05
9.770000000000001,0.49204620922583037,0.49187576296099705,0.0012238770217369234,0.001449097151569696,0.9419059505270174,5.395498553607688,-11.177706970762417,-35.702179449913295,12.406993814962775,0.0014675796455910512,1.8482494021355295e-05,0.9419059505270174,0.725904004227339,-1.5038354968570808,-0.6462342204731583,0.2245751968076906,0.0014675796455910514,1.848249402135551e-05,0.9419059505270174,1.7604366124775326,-3.6470484422089373,-3.8007766732879738,1.3208216810319462,0.0014675796455910514,1.848249402135551e-05
9.780000000000001,0.4920584429623562,0.4918902473462382,0.0012228242575155713,0.0014477814007986716,0.9419151571468052,5.401792223813911,-11.180091223428246,-35.808824578315004,12.39562525499516,0.0014662348986316362,1.845349783296461e-05,0.9419151571468052,0.7267507471851198,-1.5041562713953407,-0.648164571294363,0.22436941798405094,0.001466234898631636,1.8453497832964395e-05,0.9419151571468052,1.7624901034288896,-3.6478263732276592,-3.812129882604443,1.3196114087684725,0.0014662348986316362,1.845349783296461e-05
9.790000000000001,0.4920706642768026,0.49190471744699,0.0012214933231399466,0.001446275805258757,0.9419243547987655,5.408075957644433,-11.182472077646263,-35.91533838443969,12.382630431335734,0.0014646977866619648,1.842198140320785e-05,0.9419243547987655,0.7275961533146469,-1.5044765887104448,-0.6500925450912339,0.224134202659185,0.0014646977866619648,1.842198140320785e-05,0.9419243547987655,1.7645403523518401,-3.6486031954050215,-3.8234691116358186,1.3182280079957682,0.0014646977866619648,1.842198140320785e-05
9.8,0.492082872248918,0.4919191721651477,0.0012201209780963902,0.001444667479183217,0.9419335433012428,5.414349628420436,-11.184849564046836,-36.02171262948964,12.36875656734425,0.0014630566961042306,1.8389216921013652e-05,0.9419335433012428,0.7284402055727018,-1.5047964529233668,-0.6520179927358158,0.2238830760943749,0.0014630566961042304,1.8389216921013436e-05,0.9419335433012428,1.7665873179137754,-3.6493789187350627,-3.834793483297545,1.3167510264938072,0.0014630566961042302,1.838921692101322e-05
9.81,0.4920950675890297,0.49193361129162355,0.001218913074901013,0.001443150912108101,0.941942723306809,5.420612763227539,-11.187223695510664,-36.127948648290925,12.355670758062324,0.0014615088217653975,1.8357909657296416e-05,0.941942723306809,0.7292828403339422,-1.505115865767061,-0.6539409383893867,0.22364621386661013,0.0014615088217653975,1.8357909657296416e-05,0.941942723306809,1.7686308458127746,-3.6501535474204805,-3.846103139692314,1.315357939588858,0.0014615088217653977,1.8357909657296632e-05
9.82,0.4921072510443142,0.4919480370124956,0.0012176913587079086,0.0014418394201493943,0.9419518936364816,5.426866698493327,-11.189594457378574,-36.23405728054445,12.344336743749356,0.0014601681610899252,1.83287409405309e-05,0.9419518936364816,0.7301242373997571,-1.5054348252692988,-0.6558615782580544,0.22344106034328953,0.0014601681610899248,1.8328740940530466e-05,0.9419518936364816,1.7706713720967813,-3.6509270766782995,-3.857399234791199,1.3141513449809326,0.001460168161089925,1.8328740940530682e-05
9.83,0.49211942097968825,0.4919624478767963,0.0012163832875553184,0.001440377788948095,0.9419610544952176,5.433110944154314,-11.191961846597383,-36.34002915520121,12.331719906190294,0.001458675759766159,1.8297970818063978e-05,0.9419610544952176,0.7309643308375838,-1.5057533310193096,-0.6577797427193295,0.22321268682911083,0.001458675759766159,1.8297970818063978e-05,0.9419610544952176,1.7727087368684864,-3.65169950551233,-3.8686807709726265,1.3128081837895431,0.001458675759766159,1.8297970818063978e-05
9.84,0.4921315798871937,0.49197684438390715,0.001215402501878599,0.0014387956276545237,0.9419702072936423,5.439344939537019,-11.194325868249086,-36.445872176896486,12.318075607787705,0.0014570618237142315,1.826619605970782e-05,0.9419702072936423,0.7318030452150744,-1.5060713837008186,-0.6596955748525954,0.22296571556074696,0.0014570618237142318,1.8266196059708037e-05,0.9419702072936423,1.7747427571920378,-3.6524708355807194,-3.879948589746942,1.3113556413428085,0.0014570618237142315,1.826619605970782e-05
9.85,0.49214372873038803,0.4919912270381785,0.0012143465415505553,0.0014375732726350315,0.9419793512464635,5.445569228965691,-11.19668654080078,-36.55158773429152,12.307506573311931,0.0014558116498121952,1.82383771771637e-05,0.9419793512464635,0.7326404537649704,-1.5063889857983666,-0.6616090997935842,0.222774408703271,0.0014558116498121952,1.82383771771637e-05,0.9419793512464635,1.7767736106688796,-3.6532410729088887,-3.891202838948013,1.3102304848309756,0.0014558116498121952,1.82383771771637e-05
9.860000000000001,0.4921558667598645,0.49200559573921143,0.0012132281023324574,0.001436230607951607,0.9419884864725528,5.45178364512019,-11.199043882801403,-36.65717630018034,12.29590986830799,0.0014544399163791389,1.820930842753193e-05,0.9419884864725528,0.7334765339762179,-1.5067061398075066,-0.6635203261001957,0.22256450029617245,0.0014544399163791389,1.820930842753193e-05,0.9419884864725528,1.7788012427060038,-3.654010223548963,-3.9024435689084673,1.308995924741225,0.0014544399163791389,1.820930842753193e-05
9.870000000000001,0.492167994115311,0.49201995242418306,0.0012121377164923935,0.0014348790768475088,0.9419976114458306,5.457989565633678,-11.201397897883068,-36.76264640885537,12.284235574164397,0.0014530590051997426,1.817992835223374e-05,0.9419976114458306,0.7343114711939558,-1.5070228462168984,-0.6654294082490444,0.22235318747180985,0.0014530590051997424,1.8179928352233523e-05,0.9419976114458306,1.7808261027958587,-3.654778288686024,-3.9136716881705857,1.3077531046797684,0.0014530590051997426,1.817992835223374e-05
9.88,0.4921801101188098,0.49203429344998445,0.0012110080639920822,0.0014333693433196226,0.942006727787289,5.464185143183316,-11.203748606946132,-36.86797825871056,12.271210002920105,0.0014515182562064397,1.8148912886817086e-05,0.942006727787289,0.7351450168815505,-1.5073391078384517,-0.6673359878173215,0.2221174155943232,0.0014515182562064397,1.8148912886817086e-05,0.942006727787289,1.7828475881962274,-3.6555452751394135,-3.924885088698291,1.3063664305857956,0.0014515182562064395,1.814891288681687e-05
9.89,0.49219221425533044,0.49204861984256054,0.0012096635693143198,0.0014317626301602064,0.9420158351750854,5.470370778542665,-11.206096020983237,-36.97317851675967,12.257356440735595,0.0014498795670780228,1.811693691781643e-05,0.9420158351750854,0.7359772249586037,-1.507654926151103,-0.6692401854826018,0.2218666565063061,0.0014498795670780228,1.811693691781643e-05,0.9420158351750854,1.784865829671012,-3.6563111864957976,-3.9360844802474224,1.3048916103702204,0.0014498795670780226,1.8116936917816212e-05
9.9,0.49220430532661325,0.49206293017426056,0.0012084373351123317,0.0014302428495607234,0.9420249344328577,5.476545667531653,-11.208440138644786,-37.07823996784537,12.244245881695587,0.0014483287651773857,1.8085915616662283e-05,0.9420249344328577,0.7368079872316783,-1.5079703009732799,-0.6711418706455313,0.22162934629074701,0.0014483287651773857,1.8085915616662283e-05,0.9420249344328577,1.7868805648333317,-3.6570760223148318,-3.9472690947079636,1.303495888659647,0.0014483287651773857,1.8085915616662283e-05
9.91,0.4922163851034449,0.4920772261933099,0.001207383481815638,0.0014288697805705367,0.942034024771593,5.482710809880887,-11.2107809553544,-37.18317173911157,12.232389943328057,0.0014469263679418374,1.8056587371300704e-05,0.942034024771593,0.7376374382033495,-1.5082852316892812,-0.6730412085137478,0.22141474557989502,0.0014469263679418377,1.805658737130092e-05,0.942034024771593,1.7888921198740555,-3.6578397811033407,-3.9584399037358793,1.3022337311476537,0.0014469263679418374,1.8056587371300704e-05
9.92,0.49222845435965246,0.4920915098015049,0.0012064769115937264,0.0014278787921018516,0.9420431052589165,5.488867308385786,-11.213118444121434,-37.28798344398249,12.223802292983615,0.0014459105649973919,1.803177289554027e-05,0.9420431052589165,0.7384657262424109,-1.5085997146678174,-0.6749383730969,0.22125930315000575,0.0014459105649973919,1.803177289554027e-05,0.9420431052589165,1.7909008546119123,-3.65860245405485,-3.9695979307554845,1.3013195084976528,0.0014459105649973919,1.803177289554027e-05
9.93,0.4922405133010521,0.49210578045299114,0.001205272150469513,0.0014263002664504903,0.942052176383534,5.495014748298847,-11.215452625137736,-37.392673237302425,12.210190689899484,0.0014443004963596495,1.8000229909159206e-05,0.942052176383534,0.739292795549223,-1.5089137526254761,-0.6768333309963895,0.22101292368959202,0.0014443004963596495,1.8000229909159206e-05,0.942052176383534,1.7929066337235984,-3.65936404775753,-3.9807429793355014,1.2998704467236846,0.0014443004963596495,1.8000229909159206e-05
9.940000000000001,0.49225256048424426,0.4921200359865598,0.0012041950408360647,0.0014248274411389286,0.9420612394631678,5.501151830986065,-11.217783517427609,-37.4972307749036,12.197484521792745,0.0014427975284396996,1.797008730077096e-05,0.9420612394631678,0.7401184714071002,-1.5092273481217642,-0.678725894975602,0.22078293323051715,0.0014427975284396996,1.797008730077096e-05,0.9420612394631678,1.7949090334924123,-3.6601245684186074,-3.991873948258238,1.2985177755957296,0.0014427975284396996,1.797008730077096e-05
9.950000000000001,0.4922645954935866,0.4921342767042267,0.0012027314902993893,0.0014231287755355235,0.9420702935370787,5.507279146020683,-11.22011111104825,-37.60165516718198,12.182844228635947,0.0014410657796726056,1.7937004137082158e-05,0.9420702935370787,0.7409428331365308,-1.5095404998189894,-0.6806160489320874,0.22051793376601794,0.0014410657796726058,1.7937004137082374e-05,0.9420702935370787,1.796908246283585,-3.6608840127939577,-4.002990742818379,1.296959201705345,0.0014410657796726056,1.7937004137082158e-05
9.96,0.49227661693404146,0.4921485013314972,0.0012015565362652378,0.0014218114934657535,0.942079339274429,5.513396058327489,-11.22243541334512,-37.70593958210476,12.17146803854438,0.0014397201301726739,1.7908636706920333e-05,0.942079339274429,0.7417657952952452,-1.5098532087054006,-0.6825036692013112,0.22031201683184048,0.0014397201301726739,1.7908636706920333e-05,0.942079339274429,1.7989040648855592,-3.661642383280247,-4.014092635692511,1.2957481171554066,0.001439720130172674,1.790863670692055e-05
9.97,0.4922886271974086,0.4921627119866068,0.0012004391523206621,0.0014204155266581378,0.9420883762040193,5.519503470927649,-11.224756428543506,-37.810096941683014,12.159417609560268,0.0014382947273263863,1.7879200668248453e-05,0.9420883762040193,0.7425874793746451,-1.5101654753494635,-0.6843889896806401,0.22009389570587845,0.0014382947273263863,1.7879200668248453e-05,0.9420883762040193,1.8008967839349674,-3.6623996812560984,-4.025181002529938,1.2944652545937476,0.0014382947273263863,1.7879200668248453e-05
9.98,0.49230062719928513,0.4921769108171758,0.0011994599072936598,0.0014190781547109516,0.942097402854594,5.525602636374962,-11.227074132750191,-37.91413801503048,12.147871240927858,0.0014369289480056146,1.785079329466306e-05,0.942097402854594,0.7434080538918394,-1.5104772965366124,-0.6862722052985049,0.2198848984220311,0.0014369289480056146,1.785079329466306e-05,0.942097402854594,1.8028868121135178,-3.663155898925662,-4.0362569897871765,1.293236053205053,0.0014369289480056146,1.785079329466306e-05
9.99,0.4923126177928928,0.4921910961207364,0.0011985979476877608,0.0014179669365529935,0.9421064211049885,5.531692154534626,-11.229388557956687,-38.018057158204805,12.138260168053227,0.0014357920880108841,1.7825151457890676e-05,0.9421064211049885,0.7442273304743453,-1.5107886765709482,-0.688153213895633,0.21971093133423017,0.0014357920880108841,1.7825151457890676e-05,0.9421064211049885,1.8048736925869544,-3.663911046727088,-4.047319996622352,1.2922128792097958,0.0014357920880108841,1.7825151457890676e-05
10.0,0.4923245979495327,0.49220526743066656,0.0011973456650354324,0.0014161489580113036,0.9421154308789779,5.5377719336324605,-11.231699727153343,-38.121851283978636,12.122602791834325,0.0014339400320668803,1.7791074055576632e-05,0.9421154308789779,0.7450452967749729,-1.5110996185455645,-0.6900319595910672,0.21942752196059034,0.0014339400320668803,1.7791074055576632e-05,0.9421154308789779,1.8068573954113112,-3.6646651321616406,-4.058369694375928,1.290546028860192,0.00143394003206688,1.7791074055576415e-05
