arch,dt,epsilon,exp,init,log_dt,mu1,mu2,n_per_cluster,save_params,seed,sigma,t_end,width,run_id,t_end_logged,loss_final,loss_max_increase,antipodal_asym,n_in_S_ge_1e-04,n_off_S_ge_1e-04,n_in_rise_ge_1e-04,n_off_rise_ge_1e-04,n_in_S_ge_5e-05,n_off_S_ge_5e-05,n_in_rise_ge_5e-05,n_off_rise_ge_5e-05,n_in_S_ge_1e-05,n_off_S_ge_1e-05,n_in_rise_ge_1e-05,n_off_rise_ge_1e-05,n_in,n_off,comp_pop_S,comp_pop_rise,comp_pop_t_rev,comp_pop_t_min,comp_pop_E0,comp_pop_Emin,comp_pop_Eend,comp_pop_final_excess,comp_pop_class_1e-04,comp_emp_S,comp_emp_rise,comp_emp_t_rev,comp_emp_t_min,comp_emp_E0,comp_emp_Emin,comp_emp_Eend,comp_emp_final_excess,comp_emp_class_1e-04,m85_S,m85_rise,m85_t_rev,m85_t_min,m85_E0,m85_Emin,m85_Eend,m85_final_excess,m85_class_1e-04,p176_S,p176_rise,p176_t_rev,p176_t_min,p176_E0,p176_Emin,p176_Eend,p176_final_excess,p176_class_1e-04,e1_S,e1_rise,e1_t_rev,e1_t_min,e1_E0,e1_Emin,e1_Eend,e1_final_excess,e1_class_1e-04,e2_S,e2_rise,e2_t_rev,e2_t_min,e2_E0,e2_Emin,e2_Eend,e2_final_excess,e2_class_1e-04,neg_e1_S,neg_e1_rise,neg_e1_t_rev,neg_e1_t_min,neg_e1_E0,neg_e1_Emin,neg_e1_Eend,neg_e1_final_excess,neg_e1_class_1e-04,neg_e2_S,neg_e2_rise,neg_e2_t_rev,neg_e2_t_min,neg_e2_E0,neg_e2_Emin,neg_e2_Eend,neg_e2_final_excess,neg_e2_class_1e-04
linear,0.0002,0.01,E3_regime,iso,0.01,1.0,2.0,2000,False,0,0.05,40.0,200,E3_regime__linear__mu1-2_sd0.05__h200_eps1.00e-02_iso__s0__dt0.0002__40add08983,40.0,7.809976355036956e-26,4.6848876244585704e-32,1.1102230246251565e-16,0,0,0,0,0,0,0,0,0,0,0,0,181,539,0.0,1.4278074235709212e-29,nan,36.25,0.4910052425446688,3.0973213662783737e-26,3.0987491737019446e-26,1.4278074235709212e-29,monotone,0.0,1.4271911259887173e-29,nan,36.21,0.49100561469411247,3.0890845490922184e-26,3.089132004006048e-26,4.745491382970149e-31,monotone,0.0,7.224692852131228e-29,nan,39.59,0.4907475702905793,1.2334964996218042e-27,1.2341845380944365e-27,6.8803847263234e-31,monotone,0.0,2.5220052621750853e-31,nan,39.28,0.4891659683894965,1.5487873322923298e-25,1.5487873322923298e-25,0.0,monotone,0.0,3.29738270288318e-31,nan,39.54,0.48923951570265933,1.5586953709966177e-25,1.558695532348184e-25,1.6135156631075657e-32,monotone,1.6400519407191248e-08,1.65036580070811e-08,4.0200000000000005,32.660000000000004,0.49086150473961276,6.310977702113205e-30,6.726793384789768e-30,4.158156826765629e-31,other,0.0,3.269819962515181e-31,nan,39.63,0.48923951570265933,1.5580751231223089e-25,1.5580752831613639e-25,1.6003905500678774e-32,monotone,1.6400519407191248e-08,1.6503658007085894e-08,4.0200000000000005,31.830000000000002,0.49086150473961276,5.749012529076722e-30,6.736215079576702e-30,9.872025504999798e-31,other
linear,0.0002,0.01,E3_regime,iso,0.01,1.0,2.0,2000,False,1,0.05,40.0,200,E3_regime__linear__mu1-2_sd0.05__h200_eps1.00e-02_iso__s1__dt0.0002__e2b25b002b,40.0,7.953578419036103e-26,-4.215295930446031e-31,1.3877787807814457e-17,0,0,0,0,0,0,0,0,0,0,0,0,181,539,0.0,1.5193276145282026e-29,nan,39.6,0.4901464530086243,3.2014348279560144e-26,3.2014348279560144e-26,0.0,monotone,0.0,1.4336622506018584e-29,nan,39.78,0.490146326510258,3.185936946730728e-26,3.187338253358264e-26,1.4013066275361528e-29,monotone,0.0,1.5350913511230121e-29,nan,37.050000000000004,0.4892840726710522,1.1510532164924198e-27,1.1664041300036499e-27,1.5350913511230121e-29,monotone,0.0,1.343336136210097e-31,nan,39.99,0.4906260165693449,1.5786063371024072e-25,1.5786063371024072e-25,0.0,monotone,0.0,1.4311102674731623e-31,nan,40.0,0.4907190163200684,1.584231364525886e-25,1.584231364525886e-25,0.0,monotone,0.0,2.676665622142132e-30,nan,32.26,0.4893818338478321,2.7178746222042257e-30,3.1050536245307284e-30,3.8717900232650273e-31,monotone,0.0,1.321135002818706e-31,nan,39.99,0.4907190163200684,1.5842318698550846e-25,1.5842318698550846e-25,0.0,monotone,0.0,2.6023390396892483e-30,nan,32.26,0.4893818338478321,2.7180828497336688e-30,3.0830929729200316e-30,3.650101231863628e-31,monotone
linear,0.0002,0.01,E3_regime,iso,0.01,1.0,2.0,2000,False,2,0.05,40.0,200,E3_regime__linear__mu1-2_sd0.05__h200_eps1.00e-02_iso__s2__dt0.0002__d3f1943513,40.0,7.874819970253376e-26,-4.561360261264021e-30,7.105427357601002e-15,0,0,0,0,0,0,0,0,0,0,0,0,181,539,0.0,3.136338395835726e-29,nan,39.96,0.489848539182657,3.1219855955181744e-26,3.1219855955181744e-26,0.0,monotone,0.0,2.783816178815086e-29,nan,39.95,0.4898500165554979,3.102524150467339e-26,3.102524150467339e-26,0.0,monotone,0.0,2.4449199161509862e-29,nan,39.96,0.4903879832008757,1.259082190043497e-27,1.259082190043497e-27,0.0,monotone,0.0,1.3288916616271927e-31,nan,39.99,0.4898515632273589,1.5673600232665535e-25,1.5673600232665535e-25,0.0,monotone,0.0,1.645709766729148e-31,nan,40.0,0.48978639548749725,1.5748296931258455e-25,1.5748296931258455e-25,0.0,monotone,0.0,2.45046293641219e-29,nan,32.39,0.49031388191955627,7.124454505053669e-30,7.785909985451003e-30,6.614554803973345e-31,monotone,0.0,1.6424989461542052e-31,nan,40.0,0.48978639548749725,1.5748296877548256e-25,1.5748296877548256e-25,0.0,monotone,0.0,2.4522639920813235e-29,nan,32.39,0.4903138819195564,7.124453987645541e-30,7.810077062390178e-30,6.856230747446363e-31,monotone
linear,0.0002,0.01,E3_regime,iso,0.01,1.0,2.0,2000,False,3,0.05,40.0,200,E3_regime__linear__mu1-2_sd0.05__h200_eps1.00e-02_iso__s3__dt0.0002__a13559f5c4,40.0,7.680824018762955e-26,0.0,2.7755575615628914e-17,0,0,0,0,0,0,0,0,0,0,0,0,181,539,0.0,1.3914458662208902e-29,nan,36.32,0.48950730095762096,3.058022534651559e-26,3.058022534651559e-26,0.0,monotone,0.0,1.4087021985225998e-29,nan,36.34,0.48950749116443004,3.0621269224746414e-26,3.0621269224746414e-26,0.0,monotone,0.0,1.9002861871777198e-29,nan,35.69,0.48965451096288415,1.14081314327461e-27,1.1481146325832737e-27,7.301489308663669e-30,monotone,0.0,6.143870596990833e-29,nan,36.34,0.4905525646067767,1.5174136754236491e-25,1.5174136754236491e-25,0.0,monotone,0.0,1.9966109732931155e-32,nan,36.33,0.4905106740656018,1.523535940948469e-25,1.5235359410913487e-25,1.4287973122126628e-35,monotone,5.755356110884432e-09,5.789160553062653e-09,4.01,32.39,0.4895896555840295,3.945061453912389e-31,4.149947431322194e-31,2.0488597740980528e-32,other,0.0,3.234154165357317e-32,nan,36.32,0.4905106740656018,1.5235359411480936e-25,1.52353594320303e-25,2.054936316792655e-34,monotone,5.755356110884432e-09,5.789160553056162e-09,4.01,32.4,0.4895896555840295,3.944347438292316e-31,4.095705780620342e-31,1.5135834232802587e-32,other
linear,0.0002,0.01,E3_regime,iso,0.01,1.0,2.0,2000,False,4,0.05,40.0,200,E3_regime__linear__mu1-2_sd0.05__h200_eps1.00e-02_iso__s4__dt0.0002__c74ed996ba,40.0,8.481611295287297e-26,-8.794971129080078e-30,5.551115123125783e-17,0,0,0,0,0,0,0,0,0,0,0,0,181,539,0.0,3.1757814410967764e-29,nan,39.96,0.49075995413917334,3.3994859078571314e-26,3.3994859078571314e-26,0.0,monotone,0.0,3.13387320550691e-29,nan,39.92,0.4907600023638883,3.398195842943183e-26,3.398195842943183e-26,0.0,monotone,0.0,1.417725180312054e-29,nan,39.89,0.49046422744226703,1.2217253120982066e-27,1.2224112320479001e-27,6.8591994969351405e-31,monotone,0.0,6.9574219240988895e-31,nan,40.0,0.4894755226883764,1.6757869738702338e-25,1.6757869738702338e-25,0.0,monotone,0.0,4.135376972453657e-31,nan,40.0,0.48954085588288593,1.6886629933276359e-25,1.6886629933276359e-25,0.0,monotone,7.06112721424936e-08,7.110869285562922e-08,3.38,32.85,0.4905596691454509,6.165044578068892e-31,1.2862428002808236e-30,6.697383424739344e-31,other,0.0,4.1644645050892366e-31,nan,40.0,0.48954085588288593,1.688664423969972e-25,1.688664423969972e-25,0.0,monotone,7.06112721424936e-08,7.110869285564237e-08,3.38,32.85,0.4905596691454509,6.16606203285972e-31,1.2730632962794126e-30,6.564570929934406e-31,other
linear,0.0002,0.01,E3_regime,iso,0.01,1.0,2.0,2000,False,5,0.05,40.0,200,E3_regime__linear__mu1-2_sd0.05__h200_eps1.00e-02_iso__s5__dt0.0002__8fae9584be,40.0,7.734497520417947e-26,3.2506726091635926e-32,4.440892098500626e-16,0,0,0,0,0,0,0,0,0,0,0,0,181,539,0.0,1.4194874062111683e-29,nan,38.83,0.49056462407366797,3.0623364636525907e-26,3.063710345037719e-26,1.3738813851280786e-29,monotone,0.0,1.406853305775988e-29,nan,38.86,0.49056471885131236,3.0636585760408136e-26,3.065032765574733e-26,1.3741895339191805e-29,monotone,0.0,3.018028519352018e-30,nan,37.51,0.4901189999094673,1.1996914216799528e-27,1.2004309787785975e-27,7.395570986446986e-31,monotone,0.0,7.318533788671496e-32,nan,39.2,0.48981723126987786,1.5266074226805173e-25,1.526607571940088e-25,1.4925957069001078e-32,monotone,0.0,7.367585131479183e-32,nan,38.49,0.48988825805068376,1.535205549441929e-25,1.5352056628091766e-25,1.1336724750554879e-32,monotone,1.6652571523743314e-08,1.6747905452428982e-08,3.93,34.05,0.490212046355495,4.831773087271333e-30,4.94924691428599e-30,1.1747382701465682e-31,other,0.0,5.428639558034891e-32,nan,38.49,0.48988825805068376,1.5345905487310086e-25,1.5345905487310086e-25,0.0,monotone,1.6652571523743314e-08,1.6747905452440427e-08,3.93,34.61,0.490212046355495,4.831777575198409e-30,4.967655075486555e-30,1.3587750028814616e-31,other
linear,0.0002,0.01,E3_regime,iso,0.01,1.0,2.0,2000,False,6,0.05,40.0,200,E3_regime__linear__mu1-2_sd0.05__h200_eps1.00e-02_iso__s6__dt0.0002__485a74273f,40.0,7.684312858860917e-26,1.6443465450121445e-32,5.551115123125783e-17,0,0,0,0,0,0,0,0,0,0,0,0,181,539,0.0,1.5002223894798812e-29,nan,39.88,0.49031683841324786,3.037687025554763e-26,3.037687025554763e-26,0.0,monotone,0.0,1.4912860745379245e-29,nan,39.94,0.4903174211711729,3.0431079790878285e-26,3.0431079790878285e-26,0.0,monotone,0.0,3.191073324855211e-29,nan,39.74,0.4897959840442923,1.1827771345363663e-27,1.1831160982065785e-27,3.389636702121535e-31,monotone,0.0,2.0299301613841466e-31,nan,39.99,0.4901596452250588,1.5131415275468308e-25,1.5131415275468308e-25,0.0,monotone,0.0,4.536693180449688e-31,nan,40.0,0.49022612803296367,1.524769288813218e-25,1.524769288813218e-25,0.0,monotone,9.450896630948013e-09,9.507855903962806e-09,4.07,31.59,0.4898741245594373,5.5466900009592486e-30,5.620825959688135e-30,7.413595872888613e-32,other,0.0,8.045115784804416e-32,nan,40.0,0.49022612803296367,1.524769184427741e-25,1.524769184427741e-25,0.0,monotone,9.450896630948013e-09,9.507855903970879e-09,4.07,33.29,0.4898741245594373,4.831920924960839e-30,4.9080034540236695e-30,7.608252906283052e-32,other
linear,0.0002,0.01,E3_regime,iso,0.01,1.0,2.0,2000,False,7,0.05,40.0,200,E3_regime__linear__mu1-2_sd0.05__h200_eps1.00e-02_iso__s7__dt0.0002__1c852a1996,40.0,7.775749427320907e-26,3.119157874158538e-32,1.1102230246251565e-16,0,0,0,0,0,0,0,0,0,0,0,0,181,539,0.0,1.4130162815980272e-29,nan,38.95,0.4904324579907573,3.120127304233434e-26,3.120127304233434e-26,0.0,monotone,0.0,1.4238014892865957e-29,nan,39.300000000000004,0.4904329524473715,3.10762771074557e-26,3.109011761040804e-26,1.3840502952344432e-29,monotone,0.0,2.3194937285227675e-30,nan,37.18,0.49067800562472136,1.1626801518631827e-27,1.1643310590115115e-27,1.6509071483287386e-30,monotone,0.0,1.5571143600370802e-31,nan,39.68,0.4894190109478189,1.5475425508061988e-25,1.5475425508061988e-25,0.0,monotone,0.0,1.0834711709199757e-31,nan,40.0,0.4894127707095143,1.5543417621504193e-25,1.5543417621504193e-25,0.0,monotone,0.0,2.4202853645943283e-30,nan,36.230000000000004,0.49068764386599945,1.996804356999148e-30,2.084662438454989e-30,8.785808145584076e-32,monotone,0.0,1.0517944120049173e-31,nan,39.96,0.4894127707095143,1.553723070021327e-25,1.553723070021327e-25,0.0,monotone,0.0,2.4823438560271484e-30,nan,35.75,0.49068764386599945,1.9968131911547964e-30,2.0733496730217486e-30,7.653648186695216e-32,monotone
linear,0.0002,0.01,E3_regime,iso,0.01,1.0,2.0,2000,False,8,0.05,40.0,200,E3_regime__linear__mu1-2_sd0.05__h200_eps1.00e-02_iso__s8__dt0.0002__4ea438e60b,40.0,8.496819274950815e-26,-3.509890819390437e-30,1.7763568394002505e-15,0,0,0,0,0,0,0,0,0,0,0,0,181,539,0.0,4.7641343848318176e-29,nan,39.980000000000004,0.48996504736681773,3.3470734962761816e-26,3.3470734962761816e-26,0.0,monotone,0.0,4.3056089836721045e-29,nan,39.9,0.4899650175045661,3.3394449648036616e-26,3.3407519779011205e-26,1.3070130974589537e-29,monotone,0.0,1.1006843706568604e-28,nan,39.99,0.4899427069711715,1.4192566798038307e-27,1.4199882442932062e-27,7.315644893754915e-31,monotone,0.0,1.2431877791019607e-31,nan,40.0,0.4901646864708401,1.6860140018015652e-25,1.6860140018015652e-25,0.0,monotone,0.0,1.2307592662186217e-30,nan,40.0,0.49016277453143037,1.6951061746017859e-25,1.6951061746017859e-25,0.0,monotone,0.0,3.33913824586701e-29,nan,32.3,0.48993723892040825,3.5597348577445096e-29,3.761458486908317e-29,2.017236291638074e-30,monotone,0.0,0.0,nan,40.0,0.49016277453143037,1.6944595316750875e-25,1.6944595316750875e-25,0.0,monotone,0.0,3.3505541081571733e-29,nan,30.93,0.48993723892040825,3.5597354447768524e-29,3.764096472444151e-29,2.043610276672989e-30,monotone
linear,0.0002,0.01,E3_regime,iso,0.01,1.0,2.0,2000,False,9,0.05,40.0,200,E3_regime__linear__mu1-2_sd0.05__h200_eps1.00e-02_iso__s9__dt0.0002__400489fe0c,40.0,7.956782578930406e-26,0.0,5.551115123125783e-17,0,0,0,0,0,0,0,0,0,0,0,0,181,539,0.0,1.552299535176112e-29,nan,38.730000000000004,0.49008874264534896,3.16465850233316e-26,3.16465850233316e-26,0.0,monotone,0.0,2.8774934113100813e-29,nan,38.72,0.4900888097564875,3.167405956954625e-26,3.167405956954625e-26,0.0,monotone,0.0,1.7849518724580902e-29,nan,38.77,0.4898436143691766,1.1851010579037612e-27,1.185776577831755e-27,6.75519927993823e-31,monotone,0.0,6.384457765643687e-32,nan,38.730000000000004,0.4902006200742524,1.5735818314335688e-25,1.5735821636564842e-25,3.322229154067982e-32,monotone,0.0,6.293431698365283e-32,nan,38.74,0.4902276189185729,1.5791918102923682e-25,1.5791919500591105e-25,1.3976674231161432e-32,monotone,0.0,5.79997737223535e-30,nan,37.93,0.48987244689805953,1.9968045102341568e-30,2.0525449600768022e-30,5.574044984264545e-32,monotone,0.0,6.272729986996892e-32,nan,38.74,0.4902276189185729,1.579191829490537e-25,1.5791919717521693e-25,1.4226163218478618e-32,monotone,0.0,5.792000509280773e-30,nan,36.29,0.48987244689805953,1.9968042159326847e-30,2.0517680300822032e-30,5.496381414951852e-32,monotone
linear,0.0002,0.01,E3_regime,pos,0.01,1.0,2.0,2000,False,0,0.05,40.0,200,E3_regime__linear__mu1-2_sd0.05__h200_eps1.00e-02_pos__s0__dt0.0002__0227c00712,40.0,7.951235452774287e-26,1.3399567058937968e-32,2.7755575615628914e-17,102,102,109,109,106,106,113,113,110,110,116,116,181,539,0.0014843679051327052,0.0015374407067367951,1.77,34.730000000000004,0.48474236907569623,3.164242655539568e-26,3.168353822636055e-26,4.111167096486769e-29,transient,0.0014843237697228645,0.001537822375738046,1.77,34.72,0.4847458994556102,3.1541031736427537e-26,3.1582054044242985e-26,4.1022307815448124e-29,transient,0.0,9.199204379365632e-31,nan,35.29,0.4901724027783712,3.1421648153999833e-27,3.1421648153999833e-27,0.0,monotone,0.0,0.0,nan,39.94,0.49183104932410426,1.4969278792725379e-25,1.4969278792725379e-25,0.0,monotone,0.0,0.0,nan,40.0,0.4910121601340833,1.5082852944841844e-25,1.5082852944841844e-25,0.0,monotone,0.0,1.5523151034250565e-27,nan,29.32,0.48912486909301184,4.376194768065337e-28,1.974347271341821e-27,1.5367277945352872e-27,monotone,0.0,0.0,nan,39.99,0.4910121601340833,1.5082854601366274e-25,1.5082854601366274e-25,0.0,monotone,0.0,1.551020273432208e-27,nan,29.310000000000002,0.48912486909301184,4.388304494357798e-28,1.974347524619126e-27,1.5355170751833461e-27,monotone
linear,0.0002,0.01,E3_regime,pos,0.01,1.0,2.0,2000,False,1,0.05,40.0,200,E3_regime__linear__mu1-2_sd0.05__h200_eps1.00e-02_pos__s1__dt0.0002__a896c9ef56,40.0,8.050444223964392e-26,-7.079526893406346e-33,3.552713678800501e-15,128,128,134,134,131,131,136,136,134,134,139,139,181,539,0.002605463062057431,0.0026648168652671084,1.76,35.480000000000004,0.48477116659934755,3.1707530691235747e-26,3.179979814301145e-26,9.22674517757037e-29,transient,0.002605356138775883,0.0026646856963568194,1.76,35.45,0.48477169565315076,3.171790914252006e-26,3.1827069311023974e-26,1.0916016850391302e-28,transient,0.0,0.0,nan,39.35,0.4910623569377568,2.895893360812768e-27,2.895893360812768e-27,0.0,monotone,0.0,0.0,nan,39.99,0.4911208030395287,1.5320070282431144e-25,1.5320070282431144e-25,0.0,monotone,0.0,0.0,nan,40.0,0.4902150508580346,1.5347606911341283e-25,1.5347606911341283e-25,0.0,monotone,6.084829609872858e-12,6.1942679206532814e-12,8.03,29.41,0.4899283186789096,3.847012065101611e-29,1.7053546183031003e-27,1.6668844976520843e-27,monotone,0.0,0.0,nan,40.0,0.4902150508580346,1.5347613659156771e-25,1.5347613659156771e-25,0.0,monotone,6.084829609872858e-12,6.194267920578315e-12,8.03,29.41,0.4899283186789096,3.855667972468117e-29,1.7053720677162488e-27,1.6668153879915677e-27,monotone
linear,0.0002,0.01,E3_regime,pos,0.01,1.0,2.0,2000,False,2,0.05,40.0,200,E3_regime__linear__mu1-2_sd0.05__h200_eps1.00e-02_pos__s2__dt0.0002__a2c1cecc71,40.0,7.910933495801258e-26,1.9754130598157153e-32,9.094947017729282e-13,112,112,119,119,116,116,122,122,119,119,125,125,181,539,0.001920973471045001,0.001974860885017679,1.77,35.36,0.4850710826153054,3.1356674018431013e-26,3.1382367464633095e-26,2.5693446202081236e-29,transient,0.0019201768458513985,0.0019745165900941913,1.77,36.81,0.48508225333478294,3.1172880212722206e-26,3.1196003698006497e-26,2.3123485284290909e-29,transient,0.0,0.0,nan,39.18,0.49104907071261517,2.9356211548160964e-27,2.9356211548160964e-27,0.0,monotone,0.0,0.0,nan,39.97,0.4910227216226949,1.504768420002231e-25,1.504768420002231e-25,0.0,monotone,0.0,0.0,nan,39.97,0.4901639516479999,1.5137619057845223e-25,1.5137619057845223e-25,0.0,monotone,0.0,1.5024671526357214e-28,nan,30.75,0.48997498905591336,1.6528568571791238e-27,1.7578757955223483e-27,1.0501893834322453e-28,monotone,0.0,0.0,nan,40.0,0.4901639516479999,1.5143727748715868e-25,1.5143727748715868e-25,0.0,monotone,0.0,1.5505646567973398e-28,nan,30.75,0.48997498905591336,1.6594711951152924e-27,1.7644943911911433e-27,1.050231960758509e-28,monotone
linear,0.0002,0.01,E3_regime,pos,0.01,1.0,2.0,2000,False,3,0.05,40.0,200,E3_regime__linear__mu1-2_sd0.05__h200_eps1.00e-02_pos__s3__dt0.0002__c72b7ee062,40.0,7.785578549914576e-26,1.6756280797675823e-32,6.938893903907228e-18,138,138,143,143,141,141,146,146,144,144,148,148,181,539,0.003133015252741178,0.003198428406425577,1.74,35.160000000000004,0.4845492493552417,3.0946916244951096e-26,3.0975393815480783e-26,2.8477570529687424e-29,transient,0.0031347413950467973,0.003200103700404633,1.74,35.75,0.48454487746582176,3.101764101474086e-26,3.106011162187449e-26,4.2470607133627325e-29,transient,0.0,0.0,nan,37.44,0.4910402247402004,2.5070465642970297e-27,2.5070465642970297e-27,0.0,monotone,0.0,0.0,nan,39.06,0.49121863193087495,1.4846534578100516e-25,1.4846534578100516e-25,0.0,monotone,0.0,0.0,nan,39.92,0.49028139040045426,1.4906233708676369e-25,1.4906233708676369e-25,0.0,monotone,5.746998836416011e-11,5.845957815772489e-11,7.5200000000000005,29.490000000000002,0.4898651264208099,9.403755395296802e-29,1.373034462428474e-27,1.278996908475506e-27,monotone,0.0,0.0,nan,39.92,0.49028139040045426,1.4906234805577482e-25,1.4906234805577482e-25,0.0,monotone,5.746998836416011e-11,5.845957815759114e-11,7.5200000000000005,29.490000000000002,0.4898651264208099,9.392059104050983e-29,1.3730296657719204e-27,1.2791090747314106e-27,monotone
linear,0.0002,0.01,E3_regime,pos,0.01,1.0,2.0,2000,False,4,0.05,40.0,200,E3_regime__linear__mu1-2_sd0.05__h200_eps1.00e-02_pos__s4__dt0.0002__d66c5aefd9,40.0,7.993873128621762e-26,4.04188968449086e-32,1.3877787807814457e-17,126,126,131,131,129,129,134,134,132,132,137,137,181,539,0.002316655619313615,0.002371678856185472,1.74,36.13,0.48432705597789333,3.168610818727834e-26,3.168610818727834e-26,0.0,transient,0.002316349003747706,0.0023713899798977894,1.74,36.0,0.48432843260675645,3.1635651904223304e-26,3.1635651904223304e-26,0.0,transient,0.0,1.4072673807140313e-29,nan,34.730000000000004,0.4901305026866942,2.9228260466375653e-27,2.9368987204447056e-27,1.4072673807140313e-29,monotone,0.0,0.0,nan,34.78,0.4920142891561053,1.512205406186202e-25,1.512205406186202e-25,0.0,monotone,0.0,0.0,nan,36.1,0.4911365227253833,1.5174748209264885e-25,1.5174748209264885e-25,0.0,monotone,0.0,1.078088041516201e-27,nan,29.55,0.489006185238064,7.615515797717391e-28,1.8105338188000403e-27,1.0489822390283011e-27,monotone,0.0,0.0,nan,36.1,0.4911365227253833,1.5174751910364542e-25,1.5174751910364542e-25,0.0,monotone,0.0,1.0747528103591631e-27,nan,29.55,0.489006185238064,7.649403176788772e-28,1.8105335506002892e-27,1.0455932329214119e-27,monotone
linear,0.0002,0.01,E3_regime,pos,0.01,1.0,2.0,2000,False,5,0.05,40.0,200,E3_regime__linear__mu1-2_sd0.05__h200_eps1.00e-02_pos__s5__dt0.0002__dceef19791,40.0,7.836141096470842e-26,-7.647805793110336e-33,1.7763568394002505e-15,122,122,128,128,124,124,131,131,127,127,134,134,181,539,0.0023553846533785477,0.002414840384855413,1.76,33.47,0.48502431197331947,3.0347109245303e-26,3.094078254326421e-26,5.936732979612097e-28,transient,0.002355690618333406,0.002415125197475887,1.76,33.42,0.4850222717473088,3.03223895492808e-26,3.090871041708632e-26,5.86320867805517e-28,transient,0.0,0.0,nan,39.88,0.49131201428428933,2.5535442909443707e-27,2.5535442909443707e-27,0.0,monotone,0.0,0.0,nan,40.0,0.4908331764160834,1.4964270171163756e-25,1.4964270171163756e-25,0.0,monotone,0.0,0.0,nan,40.0,0.4899403267647173,1.5004542609750692e-25,1.5004542609750692e-25,0.0,monotone,0.0,1.1204549616664506e-27,nan,29.36,0.49020156403632503,2.397201075465328e-28,1.3099441044127482e-27,1.0702239968662153e-27,monotone,0.0,0.0,nan,40.0,0.4899403267647173,1.500454984923366e-25,1.500454984923366e-25,0.0,monotone,0.0,1.1202629528071885e-27,nan,29.36,0.49020156403632503,2.4016191922531528e-28,1.3099659282562718e-27,1.0698040090309566e-27,monotone
linear,0.0002,0.01,E3_regime,pos,0.01,1.0,2.0,2000,False,6,0.05,40.0,200,E3_regime__linear__mu1-2_sd0.05__h200_eps1.00e-02_pos__s6__dt0.0002__372058c7b8,40.0,7.941169133132587e-26,2.6310596381266227e-32,5.551115123125783e-17,106,106,113,113,109,109,116,116,112,112,119,119,181,539,0.0016692423436194676,0.001725259280591987,1.77,34.84,0.48489912414663694,3.13025184091388e-26,3.1348407927109703e-26,4.5889517970903546e-29,transient,0.0016694569112038482,0.0017251256340086452,1.77,34.88,0.4848946117643953,3.140960781776651e-26,3.1469838580475296e-26,6.023076270878866e-29,transient,0.0,6.656976852774481e-31,nan,35.24,0.49063559321631395,3.552462619636307e-27,3.552462619636307e-27,0.0,monotone,0.0,0.0,nan,40.0,0.4914098701923535,1.4710941473703425e-25,1.4710941473703425e-25,0.0,monotone,0.0,0.0,nan,39.99,0.4905673409639651,1.479817285825981e-25,1.479817285825981e-25,0.0,monotone,0.0,2.1962496984728764e-27,nan,29.19,0.48957073695758313,2.4763400255171817e-28,2.4383325553006502e-27,2.190698552748932e-27,monotone,0.0,0.0,nan,39.980000000000004,0.4905673409639651,1.4792141587999473e-25,1.4792141587999473e-25,0.0,monotone,0.0,2.195808848384104e-27,nan,29.19,0.48957073695758313,2.4807830065492267e-28,2.438333084343223e-27,2.1902547836883003e-27,monotone
linear,0.0002,0.01,E3_regime,pos,0.01,1.0,2.0,2000,False,7,0.05,40.0,200,E3_regime__linear__mu1-2_sd0.05__h200_eps1.00e-02_pos__s7__dt0.0002__1e849dfa31,40.0,7.826945078285595e-26,9.057295361506959e-32,4.440892098500626e-16,115,115,121,121,117,117,124,124,121,121,127,127,181,539,0.0020193585555277477,0.0020740042041146045,1.77,38.62,0.4850221237733925,3.125929283746697e-26,3.1269424769718405e-26,1.013193225143237e-29,transient,0.0020191033664612584,0.0020737856614264777,1.77,38.54,0.48502568798740303,3.1201903206612144e-26,3.1206889054052174e-26,4.985847440029676e-30,transient,0.0,1.9106380606288012e-29,nan,35.050000000000004,0.49106513355120995,2.5608339357838764e-27,2.5799403163901644e-27,1.9106380606288012e-29,monotone,0.0,0.0,nan,39.95,0.4910278013420884,1.5042813869860344e-25,1.5042813869860344e-25,0.0,monotone,0.0,0.0,nan,40.0,0.490159937542569,1.5065034761350929e-25,1.5065034761350929e-25,0.0,monotone,9.062649620649277e-13,9.2157255074969e-13,8.45,29.43,0.48997982638169124,1.3900702468390658e-29,1.3905314507871365e-27,1.376630748318746e-27,monotone,0.0,0.0,nan,39.99,0.490159937542569,1.506503400960088e-25,1.506503400960088e-25,0.0,monotone,9.062649620649277e-13,9.215725507319484e-13,8.45,29.43,0.48997982638169124,1.3817923605726785e-29,1.3963924171999653e-27,1.3825744935942384e-27,monotone
linear,0.0002,0.01,E3_regime,pos,0.01,1.0,2.0,2000,False,8,0.05,40.0,200,E3_regime__linear__mu1-2_sd0.05__h200_eps1.00e-02_pos__s8__dt0.0002__aada14969a,40.0,7.894995217691354e-26,0.0,5.551115123125783e-17,124,124,130,130,127,127,133,133,130,130,136,136,181,539,0.0025363326566107958,0.002597322914262498,1.77,36.26,0.48519374757346995,3.1399118432917397e-26,3.14236717285924e-26,2.4553295675003992e-29,transient,0.0025360553528893104,0.002597061911348633,1.77,36.01,0.4851953968104612,3.144014998519658e-26,3.146153705204301e-26,2.1387066846431377e-29,transient,0.0,7.1692742179814855e-31,nan,37.53,0.4916704979642561,2.5677746984139564e-27,2.5677746984139564e-27,0.0,monotone,0.0,0.0,nan,38.0,0.4904906705946136,1.5065636139701333e-25,1.5065636139701333e-25,0.0,monotone,0.0,0.0,nan,38.01,0.489586823546576,1.5168136685551562e-25,1.5168136685551562e-25,0.0,monotone,0.0,1.4385942128356698e-27,nan,29.53,0.49055600186694587,1.2071976463922904e-30,1.4140604836572536e-27,1.4128532860108613e-27,monotone,0.0,0.0,nan,38.0,0.489586823546576,1.5168139951071601e-25,1.5168139951071601e-25,0.0,monotone,0.0,1.439603528591927e-27,nan,29.53,0.49055600186694587,1.2031414274418048e-30,1.4199814885750089e-27,1.418778347147567e-27,monotone
linear,0.0002,0.01,E3_regime,pos,0.01,1.0,2.0,2000,False,9,0.05,40.0,200,E3_regime__linear__mu1-2_sd0.05__h200_eps1.00e-02_pos__s9__dt0.0002__8586a2625c,40.0,8.03190523746878e-26,0.0,1.7763568394002505e-15,126,126,132,132,129,129,135,135,132,132,138,138,181,539,0.002448485216957355,0.002505097820799898,1.75,35.59,0.48454936124291953,3.1915199865279134e-26,3.1923284148813694e-26,8.084283534559861e-30,transient,0.0024486407646620023,0.0025052974227774416,1.75,35.76,0.48454845351719045,3.194253266304988e-26,3.195908025313205e-26,1.654759008217513e-29,transient,0.0,5.581826461320306e-30,nan,36.36,0.49060483911360464,2.683265783831059e-27,2.683265783831059e-27,0.0,monotone,0.0,0.0,nan,36.42,0.49156060659080997,1.5285437439799195e-25,1.5285437439799195e-25,0.0,monotone,0.0,0.0,nan,36.42,0.4906680285880328,1.5302864390806634e-25,1.5302864390806634e-25,0.0,monotone,1.532750492184608e-10,1.5583017719884852e-10,7.22,29.36,0.4894748496366855,1.6975349900308817e-28,1.5717247891211054e-27,1.4019712901180172e-27,monotone,0.0,0.0,nan,36.42,0.4906680285880328,1.530900807413998e-25,1.530900807413998e-25,0.0,monotone,1.532750492184608e-10,1.5583017719812453e-10,7.22,29.36,0.4894748496366855,1.6936866818057308e-28,1.571722361718133e-27,1.4023536935375599e-27,monotone
linear,0.0002,0.001,E3_regime,iso,0.01,1.0,2.0,2000,False,0,0.05,40.0,200,E3_regime__linear__mu1-2_sd0.05__h200_eps1.00e-03_iso__s0__dt0.0002__9b7a8d265c,40.0,8.11708288382492e-26,-4.801860570888678e-29,8.881784197001252e-16,0,0,0,0,0,0,0,0,0,0,0,0,181,539,0.0,0.0,nan,40.0,0.4999096478474898,3.211145983033197e-26,3.211145983033197e-26,0.0,monotone,0.0,1.633342667235927e-29,nan,40.0,0.49990965160619916,3.2028746531824383e-26,3.2028746531824383e-26,0.0,monotone,0.0,9.006216569288309e-29,nan,38.39,0.49990704535772357,1.255266537637677e-27,1.3063817776231836e-27,5.111523998550665e-29,monotone,0.0,3.0911175607415135e-32,nan,40.0,0.4998910711785225,1.6137027510719702e-25,1.6137027510719702e-25,0.0,monotone,0.0,0.0,nan,40.0,0.49989181400638544,1.6200127242906316e-25,1.6200127242906316e-25,0.0,monotone,7.014091610554632e-08,7.040747276832953e-08,4.5600000000000005,39.160000000000004,0.4999081960956587,7.987257006745483e-30,8.872786410409204e-30,8.855294036637207e-31,other,0.0,0.0,nan,40.0,0.49989181400638544,1.6206446446324078e-25,1.6206446446324078e-25,0.0,monotone,7.014091610554632e-08,7.04074727683453e-08,4.5600000000000005,37.14,0.4999081960956587,7.987395532158413e-30,8.89700333255611e-30,9.096078003976968e-31,other
linear,0.0002,0.001,E3_regime,iso,0.01,1.0,2.0,2000,False,1,0.05,40.0,200,E3_regime__linear__mu1-2_sd0.05__h200_eps1.00e-03_iso__s1__dt0.0002__756c700b96,40.0,8.167286902471108e-26,-2.962334542694115e-29,5.551115123125783e-17,0,0,0,0,0,0,0,0,0,0,0,0,181,539,0.0,1.4278074235709212e-29,nan,40.0,0.49990097492454755,3.26052805940245e-26,3.26052805940245e-26,0.0,monotone,0.0,1.6136211446054017e-29,nan,40.0,0.499900973646914,3.257566133222378e-26,3.257566133222378e-26,0.0,monotone,0.0,3.533599965464481e-30,nan,40.0,0.4998922648831382,1.2366805433023624e-27,1.2366805433023624e-27,0.0,monotone,0.0,7.703719777548943e-33,nan,40.0,0.49990581851651084,1.61621836224673e-25,1.61621836224673e-25,0.0,monotone,0.0,8.021019498298465e-33,nan,39.99,0.49990675781399313,1.629501143271455e-25,1.62950122348165e-25,8.021019498298465e-33,monotone,0.0,2.5651374654059415e-30,nan,38.63,0.49989325227102366,1.7311806404881324e-29,1.73513870507206e-29,3.9580645839277106e-32,monotone,0.0,1.0110995304267091e-32,nan,39.99,0.49990675781399313,1.6295011611392317e-25,1.6295012622491847e-25,1.0110995304267091e-32,monotone,0.0,2.5101068312755494e-30,nan,38.62,0.49989325227102366,1.7311799643438078e-29,1.7344805437271436e-29,3.3005793833357436e-32,monotone
linear,0.0002,0.001,E3_regime,iso,0.01,1.0,2.0,2000,False,2,0.05,40.0,200,E3_regime__linear__mu1-2_sd0.05__h200_eps1.00e-03_iso__s2__dt0.0002__58a69dcbe8,40.0,8.773935746707111e-26,-5.451250657104694e-29,1.1102230246251565e-16,0,0,0,0,0,0,0,0,0,0,0,0,181,539,0.0,1.5205602096926105e-29,nan,39.99,0.4998979688587095,3.497417904785267e-26,3.497417904785267e-26,0.0,monotone,0.0,4.4088388286912603e-29,nan,40.0,0.4998979837801752,3.477102271285497e-26,3.477102271285497e-26,0.0,monotone,0.0,1.8943446932992852e-29,nan,40.0,0.4999034172432936,1.3747815647840852e-27,1.3747815647840852e-27,0.0,monotone,0.0,9.244463733058732e-33,nan,40.0,0.49989799940156104,1.7449269845015408e-25,1.7449269845015408e-25,0.0,monotone,0.0,0.0,nan,40.0,0.49989734120738843,1.757409644777747e-25,1.757409644777747e-25,0.0,monotone,0.0,3.180382815887379e-29,nan,37.25,0.4999026688203522,7.124400059100012e-30,7.245823163074071e-30,1.214231039740593e-31,monotone,0.0,3.0988297128543197e-34,nan,40.0,0.49989734120738843,1.757409644045104e-25,1.757409644045104e-25,0.0,monotone,0.0,3.1852150987531694e-29,nan,37.25,0.4999026688203522,7.98736204337975e-30,8.117562837159402e-30,1.3020079377965143e-31,monotone
linear,0.0002,0.001,E3_regime,iso,0.01,1.0,2.0,2000,False,3,0.05,40.0,200,E3_regime__linear__mu1-2_sd0.05__h200_eps1.00e-03_iso__s3__dt0.0002__78a798fe92,40.0,7.847305156987729e-26,-1.7252357398556808e-29,2.220446049250313e-16,0,0,0,0,0,0,0,0,0,0,0,0,181,539,0.0,2.8540741031863326e-29,nan,39.99,0.4998945220914238,3.1325489360771495e-26,3.1325489360771495e-26,0.0,monotone,0.0,1.4315052090641447e-29,nan,40.0,0.4998945240125127,3.1394802809098014e-26,3.1394802809098014e-26,0.0,monotone,0.0,1.4535859958765443e-29,nan,39.74,0.49989600891247704,1.1495183466232404e-27,1.1508495494008008e-27,1.3312027775604574e-30,monotone,0.0,7.010384997569539e-32,nan,40.0,0.49990507925428024,1.5475622338102305e-25,1.5475622338102305e-25,0.0,monotone,0.0,7.251176339176985e-32,nan,40.0,0.4999046561598145,1.5568414275729053e-25,1.5568414275729053e-25,0.0,monotone,1.8789362146972882e-08,1.886864218231436e-08,4.68,37.01,0.4998953538731505,9.86426136926168e-32,3.5052191793714e-31,2.518793042445232e-31,other,0.0,6.59933109378322e-32,nan,40.0,0.4999046561598145,1.5574614067831681e-25,1.5574614067831681e-25,0.0,monotone,1.8789362146972882e-08,1.8868642182308106e-08,4.68,37.01,0.4998953538731505,9.861641858873732e-32,3.485604605386766e-31,2.499440419499393e-31,other
linear,0.0002,0.001,E3_regime,iso,0.01,1.0,2.0,2000,False,4,0.05,40.0,200,E3_regime__linear__mu1-2_sd0.05__h200_eps1.00e-03_iso__s4__dt0.0002__ba419fdff8,40.0,9.577029333841542e-26,-4.1525955995009946e-29,2.7755575615628914e-17,0,0,0,0,0,0,0,0,0,0,0,0,181,539,0.0,3.213375593611215e-29,nan,40.0,0.4999071729116639,3.854951853744389e-26,3.854951853744389e-26,0.0,monotone,0.0,1.5908181340638568e-29,nan,40.0,0.4999071733987336,3.8426234369099816e-26,3.8426234369099816e-26,0.0,monotone,0.0,2.3530049095551054e-30,nan,39.96,0.49990418607202525,1.348419146815821e-27,1.3496242974785213e-27,1.2051506627003128e-30,monotone,0.0,3.5051924987847693e-31,nan,40.0,0.4998942001540109,1.8925062092410579e-25,1.8925062092410579e-25,0.0,monotone,0.0,3.071418183074576e-31,nan,40.0,0.49989486001927547,1.904799664408862e-25,1.904799664408862e-25,0.0,monotone,8.381617662549123e-08,8.427783624877617e-08,4.48,37.61,0.49990515003322733,8.89943232436575e-30,1.0892828894437649e-29,1.993396570071899e-30,other,0.0,3.4943836351448276e-31,nan,40.0,0.49989486001927547,1.9048031097487748e-25,1.9048031097487748e-25,0.0,monotone,8.381617662549123e-08,8.427783624878654e-08,4.48,37.62,0.49990515003322733,8.89937392503558e-30,1.0844301893810002e-29,1.9449279687744213e-30,other
linear,0.0002,0.001,E3_regime,iso,0.01,1.0,2.0,2000,False,5,0.05,40.0,200,E3_regime__linear__mu1-2_sd0.05__h200_eps1.00e-03_iso__s5__dt0.0002__6a5244ca8e,40.0,8.087157529552373e-26,-5.217425180115648e-29,1.1102230246251565e-16,0,0,0,0,0,0,0,0,0,0,0,0,181,539,0.0,0.0,nan,40.0,0.49990520118111315,3.208116880416665e-26,3.208116880416665e-26,0.0,monotone,0.0,3.7594152514438844e-31,nan,40.0,0.4999052021383675,3.222129022245653e-26,3.222129022245653e-26,0.0,monotone,0.0,2.8257244144049524e-30,nan,39.99,0.49990070037705475,1.2095764497125147e-27,1.2095764497125147e-27,0.0,monotone,0.0,4.8051952112461535e-32,nan,40.0,0.49989765251379487,1.6005270020992305e-25,1.6005270020992305e-25,0.0,monotone,0.0,0.0,nan,40.0,0.49989836988428105,1.6049284716814556e-25,1.6049284716814556e-25,0.0,monotone,5.612580170319151e-08,5.63490058814486e-08,4.5600000000000005,37.28,0.4999016401461596,2.4655271945404603e-32,4.949821386120255e-32,2.4842941915797946e-32,other,0.0,0.0,nan,40.0,0.49989836988428105,1.6055586589600836e-25,1.6055586589600836e-25,0.0,monotone,5.612580170319151e-08,5.634900588146154e-08,4.5600000000000005,37.300000000000004,0.4999016401461596,5.546703242068016e-32,7.801164267525313e-32,2.2544610254572967e-32,other
linear,0.0002,0.001,E3_regime,iso,0.01,1.0,2.0,2000,False,6,0.05,40.0,200,E3_regime__linear__mu1-2_sd0.05__h200_eps1.00e-03_iso__s6__dt0.0002__d0c492624e,40.0,8.412092635551949e-26,-3.398511671382537e-29,1.3877787807814457e-17,0,0,0,0,0,0,0,0,0,0,0,0,181,539,0.0,3.266993483262956e-29,nan,39.99,0.4999026988050118,3.2901239018950466e-26,3.2901239018950466e-26,0.0,monotone,0.0,2.850376317693109e-29,nan,39.99,0.4999027046908668,3.294411330100044e-26,3.297261706417737e-26,2.850376317693109e-29,monotone,0.0,3.846274691935749e-29,nan,40.0,0.4998974381758854,1.3874924135275493e-27,1.3874924135275493e-27,0.0,monotone,0.0,4.529787229198779e-31,nan,40.0,0.4999011111538111,1.6629369545400933e-25,1.6629369545400933e-25,0.0,monotone,0.0,3.831826536861665e-31,nan,40.0,0.49990178263017093,1.670615491092557e-25,1.670615491092557e-25,0.0,monotone,3.8419231755555797e-08,3.857105284626756e-08,4.61,38.11,0.4998982273950883,3.851867147928323e-30,6.405668581727347e-30,2.553801433799024e-30,other,0.0,3.3880565054991226e-31,nan,40.0,0.49990178263017093,1.6706138217462808e-25,1.6706138217462808e-25,0.0,monotone,3.8419231755555797e-08,3.8571052846278133e-08,4.61,38.09,0.4998982273950883,3.8518611064413195e-30,6.453311198913368e-30,2.6014500924720484e-30,other
linear,0.0002,0.001,E3_regime,iso,0.01,1.0,2.0,2000,False,7,0.05,40.0,200,E3_regime__linear__mu1-2_sd0.05__h200_eps1.00e-03_iso__s7__dt0.0002__9f811f4daa,40.0,8.396964936172545e-26,-4.873794630810016e-29,2.7755575615628914e-17,0,0,0,0,0,0,0,0,0,0,0,0,181,539,0.0,4.129193800766234e-31,nan,40.0,0.49990386575282914,3.3590802057726783e-26,3.3590802057726783e-26,0.0,monotone,0.0,1.4980653479421675e-29,nan,40.0,0.499903870746841,3.3591708015172623e-26,3.3591708015172623e-26,0.0,monotone,0.0,6.963199713932051e-31,nan,39.96,0.4999063457839321,1.2619741664479888e-27,1.2622761522632687e-27,3.019858152799186e-31,monotone,0.0,0.0,nan,40.0,0.4998936299376954,1.6716027071397428e-25,1.6716027071397428e-25,0.0,monotone,0.0,0.0,nan,40.0,0.4998935669112885,1.6754573666581106e-25,1.6754573666581106e-25,0.0,monotone,0.0,2.4242502054928032e-30,nan,39.67,0.49990644313016896,2.4652549040036328e-30,2.505931392412064e-30,4.0676488408431093e-32,monotone,0.0,0.0,nan,40.0,0.4998935669112885,1.6748147722588647e-25,1.6748147722588647e-25,0.0,monotone,0.0,2.486475103039916e-30,nan,36.84,0.49990644313016896,2.465298640218043e-30,2.5010867808989983e-30,3.5788140680955474e-32,monotone
linear,0.0002,0.001,E3_regime,iso,0.01,1.0,2.0,2000,False,8,0.05,40.0,200,E3_regime__linear__mu1-2_sd0.05__h200_eps1.00e-03_iso__s8__dt0.0002__2f65d8e396,40.0,9.110760191739766e-26,-3.092056240492887e-29,5.551115123125783e-17,0,0,0,0,0,0,0,0,0,0,0,0,181,539,0.0,4.4525959570277383e-29,nan,40.0,0.4998991469111456,3.5517656448487325e-26,3.5517656448487325e-26,0.0,monotone,0.0,6.524126205210649e-29,nan,39.97,0.49989914660953705,3.5449105668418783e-26,3.545287740962187e-26,3.771741203087963e-30,monotone,0.0,1.086378563029952e-28,nan,39.99,0.49989892127314967,1.6281065451996242e-27,1.6281065451996242e-27,0.0,monotone,0.0,2.518153402286311e-31,nan,40.0,0.4999011632660963,1.808069164914645e-25,1.808069164914645e-25,0.0,monotone,0.0,0.0,nan,40.0,0.4999011439555083,1.81621937684916e-25,1.81621937684916e-25,0.0,monotone,0.0,3.3171336021799103e-29,nan,36.93,0.49989886604583694,4.348598420309939e-29,5.142010459472648e-29,7.93412039162709e-30,monotone,0.0,1.541757325059856e-30,nan,40.0,0.4999011439555083,1.816219894627755e-25,1.816219894627755e-25,0.0,monotone,0.0,3.320734998550142e-29,nan,36.82,0.49989886604583694,4.5581370415172503e-29,5.352966350721296e-29,7.948293092040453e-30,monotone
linear,0.0002,0.001,E3_regime,iso,0.01,1.0,2.0,2000,False,9,0.05,40.0,200,E3_regime__linear__mu1-2_sd0.05__h200_eps1.00e-03_iso__s9__dt0.0002__62eeeee3d6,40.0,8.425182116344529e-26,-3.1345848703121314e-29,1.7763568394002505e-15,0,0,0,0,0,0,0,0,0,0,0,0,181,539,0.0,2.923715729975375e-29,nan,39.99,0.4999003959716349,3.3429768121728767e-26,3.34298605663661e-26,9.244463733058732e-32,monotone,0.0,2.9206342420643554e-29,nan,40.0,0.49990039664945735,3.342996533695507e-26,3.342996533695507e-26,0.0,monotone,0.0,1.5388180255654014e-30,nan,40.0,0.4998979201760456,1.2702048206583221e-27,1.2702048206583221e-27,0.0,monotone,0.0,1.993337492440789e-32,nan,40.0,0.4999015259336667,1.667754047183571e-25,1.667754047183571e-25,0.0,monotone,0.0,1.608611631541517e-32,nan,39.99,0.49990179862199446,1.6741726349524152e-25,1.6741727040823003e-25,6.912988513144296e-33,monotone,0.0,5.7241116329919746e-30,nan,39.86,0.49989821138458723,2.21867145535688e-31,2.2203566025994735e-31,1.6851472425934066e-34,monotone,0.0,1.6544769346645443e-32,nan,40.0,0.49990179862199446,1.6741725295699872e-25,1.6741725295699872e-25,0.0,monotone,0.0,5.73720816950601e-30,nan,38.660000000000004,0.49989821138458723,2.21871905665111e-31,2.220256022287754e-31,1.5369656366441782e-34,monotone
linear,0.0002,0.001,E3_regime,pos,0.01,1.0,2.0,2000,False,0,0.05,40.0,200,E3_regime__linear__mu1-2_sd0.05__h200_eps1.00e-03_pos__s0__dt0.0002__fedd03fee8,40.0,8.298812753194223e-26,-1.9138162714567994e-31,2.7755575615628914e-17,144,144,146,146,153,153,155,155,162,162,164,164,181,539,0.0005475697157286546,0.0005547430978373874,3.17,39.410000000000004,0.49984621278152896,3.2991765430056444e-26,3.3007517996257576e-26,1.575256620113208e-29,transient,0.0005472233709892527,0.0005544036649802603,3.17,39.37,0.4998462484383661,3.3021225995229747e-26,3.3037027865237455e-26,1.5801870007708393e-29,transient,0.0,8.043839005727729e-30,nan,39.11,0.49990105612192604,4.388425608321208e-27,4.388425608321208e-27,0.0,monotone,0.0,0.0,nan,40.0,0.49991780845203787,1.5218860853479447e-25,1.5218860853479447e-25,0.0,monotone,0.0,0.0,nan,40.0,0.49990953767121876,1.5272167631574887e-25,1.5272167631574887e-25,0.0,monotone,0.0,1.545745029325535e-29,nan,36.910000000000004,0.49989047603170395,3.1860181448218373e-27,3.1860248082565427e-27,6.663434705392316e-33,monotone,0.0,0.0,nan,40.0,0.49990953767121876,1.527216810357855e-25,1.527216810357855e-25,0.0,monotone,0.0,1.5476510599595426e-29,nan,36.910000000000004,0.49989047603170395,3.203767549395915e-27,3.2037769400103535e-27,9.390614438382012e-33,monotone
linear,0.0002,0.001,E3_regime,pos,0.01,1.0,2.0,2000,False,1,0.05,40.0,200,E3_regime__linear__mu1-2_sd0.05__h200_eps1.00e-03_pos__s1__dt0.0002__063687be10,40.0,7.978283129251613e-26,-1.2971808097943762e-30,2.7755575615628914e-17,156,156,157,157,163,163,164,164,169,169,170,170,181,539,0.0007506943541644995,0.0007593533622768378,3.17,39.78,0.4998464719349687,3.168451968026021e-26,3.169561303673988e-26,1.1093356479670479e-29,transient,0.0007506345226020866,0.0007592898292097111,3.17,39.81,0.499846477278412,3.163239785298927e-26,3.163791371634999e-26,5.5158633607250435e-30,transient,0.0,1.620958937693517e-30,nan,39.980000000000004,0.49991001295738663,2.81151259215933e-27,2.81151259215933e-27,0.0,monotone,0.0,0.0,nan,40.0,0.49991060326301445,1.5200866620378845e-25,1.5200866620378845e-25,0.0,monotone,0.0,0.0,nan,40.0,0.49990145516598145,1.5272526188875902e-25,1.5272526188875902e-25,0.0,monotone,9.140848078459385e-10,9.215894798957998e-10,9.74,35.97,0.49989855917097226,1.5904665551202037e-27,1.59676242018501e-27,6.2958650648063096e-30,monotone,0.0,0.0,nan,40.0,0.49990145516598145,1.5278667706746214e-25,1.5278667706746214e-25,0.0,monotone,9.140848078459385e-10,9.215894798940652e-10,9.74,36.84,0.49989855917097226,1.5967117593721634e-27,1.5967651679887593e-27,5.340861659593678e-32,monotone
linear,0.0002,0.001,E3_regime,pos,0.01,1.0,2.0,2000,False,2,0.05,40.0,200,E3_regime__linear__mu1-2_sd0.05__h200_eps1.00e-03_pos__s2__dt0.0002__ac3658771c,40.0,8.530885863839144e-26,-1.7468073770007793e-30,2.220446049250313e-16,149,149,152,152,157,157,159,159,164,164,166,166,181,539,0.0006348706203660598,0.0006428913538569503,3.17,39.300000000000004,0.499849523230895,3.3769982876032794e-26,3.3792348315290974e-26,2.2365439258180093e-29,transient,0.0006337925677231959,0.00064182991548771,3.17,38.83,0.4998496360551617,3.350268228867931e-26,3.3524624023349727e-26,2.19417346704149e-29,transient,0.0,6.99208866309786e-31,nan,39.97,0.4999099009106778,4.9961708097175806e-27,4.9961708097175806e-27,0.0,monotone,0.0,0.0,nan,40.0,0.4999096347848696,1.553669958554025e-25,1.553669958554025e-25,0.0,monotone,0.0,0.0,nan,40.0,0.4999009612081252,1.5587835386880813e-25,1.5587835386880813e-25,0.0,monotone,0.0,5.578926625756235e-29,nan,37.08,0.49989905268594514,3.7495564154697614e-27,3.750293710002115e-27,7.372945323536257e-31,monotone,0.0,0.0,nan,40.0,0.4999009612081252,1.558783232650148e-25,1.558783232650148e-25,0.0,monotone,0.0,5.583622707179043e-29,nan,37.08,0.49989905268594514,3.749555684597701e-27,3.750307688379607e-27,7.52003781905592e-31,monotone
linear,0.0002,0.001,E3_regime,pos,0.01,1.0,2.0,2000,False,3,0.05,40.0,200,E3_regime__linear__mu1-2_sd0.05__h200_eps1.00e-03_pos__s3__dt0.0002__ac865523f1,40.0,7.760341998109025e-26,9.014564726439984e-33,8.881784197001252e-16,160,160,161,161,166,166,167,167,171,171,172,172,181,539,0.0008329441109641428,0.000842274285336897,3.16,39.45,0.4998442148343816,3.078129859568544e-26,3.078943372377053e-26,8.135128085091684e-30,transient,0.0008335034956081233,0.0008428655102690058,3.16,39.59,0.49984417067829867,3.083987768087392e-26,3.084395140789229e-26,4.073727018367881e-30,transient,0.0,0.0,nan,39.32,0.4999097736857697,2.0015866355785885e-27,2.0015866355785885e-27,0.0,monotone,0.0,0.0,nan,39.800000000000004,0.49991157559839544,1.4961653265703572e-25,1.4961653265703572e-25,0.0,monotone,0.0,0.0,nan,39.99,0.49990210945893826,1.505212985361467e-25,1.505212985361467e-25,0.0,monotone,6.410028225383774e-09,6.440964325949637e-09,9.040000000000001,38.25,0.49989790519274385,8.712968754587126e-28,8.712990497799678e-28,2.174321255201593e-33,other,0.0,0.0,nan,39.92,0.49990210945893826,1.5046038238538274e-25,1.5046038238538274e-25,0.0,monotone,6.410028225383774e-09,6.440964325942377e-09,9.040000000000001,38.26,0.49989790519274385,8.712968942528675e-28,8.712984134481867e-28,1.5191953191874624e-33,other
linear,0.0002,0.001,E3_regime,pos,0.01,1.0,2.0,2000,False,4,0.05,40.0,200,E3_regime__linear__mu1-2_sd0.05__h200_eps1.00e-03_pos__s4__dt0.0002__b9896da7ef,40.0,8.409778051796501e-26,1.5925952558365683e-32,2.7755575615628914e-17,154,154,155,155,161,161,163,163,168,168,170,170,181,539,0.000677821212881527,0.0006856860176126384,3.15,38.97,0.49984198972555954,3.339101070752792e-26,3.339278410382071e-26,1.7733962927917668e-30,transient,0.000677640107542482,0.000685507748998726,3.15,39.06,0.4998420036295109,3.332632257255584e-26,3.333406943316414e-26,7.746860608303217e-30,transient,0.0,8.05279457996913e-30,nan,39.02,0.4999006045373184,4.255627346051864e-27,4.255627346051864e-27,0.0,monotone,0.0,0.0,nan,39.24,0.49991963078065943,1.5415309915963874e-25,1.5415309915963874e-25,0.0,monotone,0.0,0.0,nan,39.24,0.49991076533970913,1.550621140246688e-25,1.550621140246688e-25,0.0,monotone,0.0,2.4024676408845983e-29,nan,36.74,0.4998892489310872,3.086231537758308e-27,3.089338718620533e-27,3.1071808622250713e-30,monotone,0.0,0.0,nan,39.24,0.49991076533970913,1.5506211883795648e-25,1.5506211883795648e-25,0.0,monotone,0.0,2.4093603381736077e-29,nan,36.730000000000004,0.4998892489310872,3.0865494934908156e-27,3.089347869066653e-27,2.7983755758375226e-30,monotone
linear,0.0002,0.001,E3_regime,pos,0.01,1.0,2.0,2000,False,5,0.05,40.0,200,E3_regime__linear__mu1-2_sd0.05__h200_eps1.00e-03_pos__s5__dt0.0002__5606ee13e0,40.0,8.048604858445427e-26,6.27869841607023e-32,2.7755575615628914e-17,154,154,155,155,161,161,162,162,167,167,169,169,181,539,0.0007198461885696977,0.0007283815205103017,3.17,38.71,0.4998490360969253,3.145940312166463e-26,3.1537968737443984e-26,7.856561577935514e-29,transient,0.0007200557320317102,0.0007286046610379265,3.17,38.49,0.49984901549064276,3.138705594848971e-26,3.148505496777991e-26,9.799901929020011e-29,transient,0.0,0.0,nan,39.96,0.4999125418902661,3.2884934096041284e-27,3.2884934096041284e-27,0.0,monotone,0.0,0.0,nan,39.97,0.4999077056277971,1.5088080474679685e-25,1.5088080474679685e-25,0.0,monotone,0.0,0.0,nan,40.0,0.4998986878463184,1.5145416110545971e-25,1.5145416110545971e-25,0.0,monotone,0.0,1.0142106302371572e-29,nan,36.88,0.49990132634276163,2.0518346388358612e-27,2.052531760650514e-27,6.971218146529173e-31,monotone,0.0,0.0,nan,40.0,0.4998986878463184,1.5145406214388882e-25,1.5145406214388882e-25,0.0,monotone,0.0,1.01488920263863e-29,nan,36.88,0.49990132634276163,2.051833736025115e-27,2.052554008633791e-27,7.202726086761599e-31,monotone
linear,0.0002,0.001,E3_regime,pos,0.01,1.0,2.0,2000,False,6,0.05,40.0,200,E3_regime__linear__mu1-2_sd0.05__h200_eps1.00e-03_pos__s6__dt0.0002__786a2b5127,40.0,8.24219986702838e-26,-1.5907858217215748e-30,1.7763568394002505e-15,146,146,148,148,155,155,156,156,163,163,165,165,181,539,0.0005948577735779281,0.0006025021609383785,3.18,38.13,0.49984779076427327,3.223865594757908e-26,3.253179172957855e-26,2.9313578199947036e-28,transient,0.0005952643020699228,0.0006029397251578472,3.18,38.160000000000004,0.4998477451892126,3.2257015452552936e-26,3.2519424177847674e-26,2.6240872529473864e-28,transient,0.0,9.398538128609711e-32,nan,39.72,0.49990572910187697,4.364600988240663e-27,4.364600988240663e-27,0.0,monotone,0.0,0.0,nan,40.0,0.49991354929933496,1.5027431862210162e-25,1.5027431862210162e-25,0.0,monotone,0.0,0.0,nan,40.0,0.4999050397541283,1.5114427122037803e-25,1.5114427122037803e-25,0.0,monotone,0.0,1.6493931283725344e-29,nan,36.67,0.4998949740536638,3.203771745854532e-27,3.2038293840032044e-27,5.763814867230052e-32,monotone,0.0,0.0,nan,40.0,0.4999050397541283,1.5108328347849044e-25,1.5108328347849044e-25,0.0,monotone,0.0,1.638748496795342e-29,nan,36.67,0.4998949740536638,3.2126659487309176e-27,3.2127317854458637e-27,6.58367149460431e-32,monotone
linear,0.0002,0.001,E3_regime,pos,0.01,1.0,2.0,2000,False,7,0.05,40.0,200,E3_regime__linear__mu1-2_sd0.05__h200_eps1.00e-03_pos__s7__dt0.0002__b427fed198,40.0,7.99506523560876e-26,-2.1922241582501558e-32,7.105427357601002e-15,151,151,152,152,158,158,160,160,165,165,167,167,181,539,0.0006577524358716974,0.0006658313465882915,3.18,38.97,0.49984902463048997,3.1887521940862356e-26,3.1909610046208544e-26,2.208810534618833e-29,transient,0.0006574098152663521,0.0006654948247310638,3.18,39.03,0.4998490606290516,3.1887676015257907e-26,3.189324118242521e-26,5.565167167301357e-30,transient,0.0,1.5780106999336817e-30,nan,38.99,0.4999100590292459,2.7707846627358816e-27,2.7707846627358816e-27,0.0,monotone,0.0,0.0,nan,39.99,0.49990968197393376,1.525559773605704e-25,1.525559773605704e-25,0.0,monotone,0.0,0.0,nan,40.0,0.4999009165495587,1.5346085457948114e-25,1.5346085457948114e-25,0.0,monotone,1.6704859717719955e-10,1.6887382305382415e-10,10.23,34.42,0.4998990974268338,1.6035502752710145e-27,1.615587179784628e-27,1.2036904513613417e-29,monotone,0.0,0.0,nan,40.0,0.4999009165495587,1.5346086499945637e-25,1.5346086499945637e-25,0.0,monotone,1.6704859717719955e-10,1.6887382305328294e-10,10.23,34.42,0.4998990974268338,1.6034888425834144e-27,1.615587286571577e-27,1.2098443988162744e-29,monotone
linear,0.0002,0.001,E3_regime,pos,0.01,1.0,2.0,2000,False,8,0.05,40.0,200,E3_regime__linear__mu1-2_sd0.05__h200_eps1.00e-03_pos__s8__dt0.0002__8ef2d675c9,40.0,8.17642274460606e-26,-8.903963924395283e-30,2.7755575615628914e-17,155,155,156,156,162,162,163,163,168,168,169,169,181,539,0.0007569011285255556,0.0007659240635779635,3.18,39.99,0.4998507427234244,3.2687271283616955e-26,3.2687271283616955e-26,0.0,transient,0.0007567317466313367,0.000765757403386122,3.18,39.99,0.4998507593807181,3.2754250504850877e-26,3.2754250504850877e-26,0.0,transient,0.0,1.1035097098852765e-29,nan,39.58,0.49991615790237137,2.7927895679084724e-27,2.797495288838091e-27,4.705720929618553e-30,monotone,0.0,0.0,nan,40.0,0.499904241645938,1.5581036110641198e-25,1.5581036110641198e-25,0.0,monotone,0.0,2.850721472221869e-32,nan,39.99,0.4998951127907528,1.5630122751959926e-25,1.563012442526082e-25,1.673300894826542e-32,monotone,0.0,1.3765749583709751e-27,nan,31.41,0.49990490149178857,2.7025148281098603e-28,1.6282858260889953e-27,1.3580343432780092e-27,monotone,0.0,3.2031651450242415e-32,nan,39.99,0.4998951127907528,1.563012525295826e-25,1.563012704014863e-25,1.7871903708503004e-32,monotone,0.0,1.3764231216026297e-27,nan,31.41,0.49990490149178857,2.702754457190272e-28,1.6282747173715094e-27,1.3579992716524822e-27,monotone
linear,0.0002,0.001,E3_regime,pos,0.01,1.0,2.0,2000,False,9,0.05,40.0,200,E3_regime__linear__mu1-2_sd0.05__h200_eps1.00e-03_pos__s9__dt0.0002__24c5a2e043,40.0,7.727714303982308e-26,6.578263186078013e-32,1.3877787807814457e-17,155,155,156,156,162,162,163,163,168,168,170,170,181,539,0.0007147688197503277,0.0007232632617757695,3.16,39.49,0.4998442341574299,3.08039105539765e-26,3.08039105539765e-26,0.0,transient,0.0007148748091881652,0.0007233759530745343,3.16,39.62,0.49984422498939995,3.082284783793367e-26,3.082284783793367e-26,0.0,transient,0.0,7.197681684661197e-30,nan,39.02,0.49990539448392385,1.6370404527291505e-27,1.6442381344138117e-27,7.197681684661197e-30,monotone,0.0,0.0,nan,39.97,0.49991504773544354,1.5052526257532692e-25,1.5052526257532692e-25,0.0,monotone,0.0,0.0,nan,39.97,0.4999060326976156,1.5143602814026034e-25,1.5143602814026034e-25,0.0,monotone,1.4420347259725862e-08,1.4469625276167748e-08,8.57,36.64,0.4998939815902069,5.3633297096203625e-28,5.365985764200051e-28,2.656054579688339e-31,other,0.0,0.0,nan,39.95,0.4999060326976156,1.5143602312710672e-25,1.5143602312710672e-25,0.0,monotone,1.4420347259725862e-08,1.4469625276153355e-08,8.57,36.64,0.4998939815902069,5.399753780352801e-28,5.402160945058879e-28,2.40716470607794e-31,other
linear,0.0002,0.1,E3_regime,iso,0.01,1.0,2.0,2000,False,0,0.05,40.0,2,E3_regime__linear__mu1-2_sd0.05__h2_eps1.00e-01_iso__s0__dt0.0002__4b40feba9b,40.0,1.4883239674293633e-25,0.0,1.3877787807814457e-17,39,39,43,43,46,46,51,51,52,52,57,57,181,539,1.0142824386605298e-05,4.993934968922087e-05,1.87,33.44,0.4838083093763249,4.876733956067615e-26,4.876733956067615e-26,0.0,other,1.0208646502529728e-05,5.051802641793668e-05,1.87,33.44,0.48380552643960806,4.864625403395659e-26,4.864625403395659e-26,0.0,other,0.0,2.8391612424409533e-27,nan,33.09,0.4852560014478534,2.741436571871331e-27,5.492236052167301e-27,2.7507994802959697e-27,monotone,0.0,0.0,nan,33.44,0.49606927304978077,2.937047618903531e-25,2.937047618903531e-25,0.0,monotone,0.0,0.0,nan,33.44,0.4956115749268327,2.9325129581018678e-25,2.9325129581018678e-25,0.0,monotone,0.0,8.80358129705371e-28,nan,31.310000000000002,0.4845335163835149,4.797436630341381e-28,9.559419483130802e-28,4.761982852789421e-28,monotone,0.0,0.0,nan,33.44,0.4956115749268327,2.9333325594655304e-25,2.9333325594655304e-25,0.0,monotone,0.0,8.854783480417218e-28,nan,33.25,0.4845335163835149,4.797502942943793e-28,9.597288656577137e-28,4.799785713633344e-28,monotone
linear,0.0002,0.1,E3_regime,iso,0.01,1.0,2.0,2000,False,1,0.05,40.0,2,E3_regime__linear__mu1-2_sd0.05__h2_eps1.00e-01_iso__s1__dt0.0002__6d8ae7320c,40.0,9.126058261746952e-26,0.0,2.7755575615628914e-17,0,62,0,68,0,70,0,78,0,76,0,84,181,539,0.0,0.0,nan,32.24,0.4971659359973155,2.8904017641693424e-26,2.8904017641693424e-26,0.0,monotone,0.0,0.0,nan,32.24,0.4971667499480308,2.891701689844606e-26,2.891701689844606e-26,0.0,monotone,0.000279993403994054,0.00028513627695026455,2.72,32.24,0.4985005081223829,8.512125019845597e-27,8.512125019845597e-27,0.0,transient,0.0,0.0,nan,32.24,0.4809629983076156,1.595897816662637e-25,1.595897816662637e-25,0.0,monotone,0.0,0.0,nan,32.24,0.4811759290111127,1.5904869715362067e-25,1.5904869715362067e-25,0.0,monotone,0.0,5.9299846884537526e-27,nan,28.75,0.49900993007855454,1.5124799005862836e-29,5.7220006908581986e-27,5.706875891852336e-27,monotone,0.0,0.0,nan,32.24,0.4811759290111127,1.5898523296656477e-25,1.5898523296656477e-25,0.0,monotone,0.0,5.930354009810747e-27,nan,28.75,0.49900993007855454,1.5062395099914734e-29,5.722189795376699e-27,5.707127400276784e-27,monotone
linear,0.0002,0.1,E3_regime,iso,0.01,1.0,2.0,2000,False,2,0.05,40.0,2,E3_regime__linear__mu1-2_sd0.05__h2_eps1.00e-01_iso__s2__dt0.0002__1475aeed8b,40.0,1.5261736604634253e-25,0.0,4.440892098500626e-16,2,356,2,356,4,360,5,361,9,367,15,373,181,539,0.0,0.0,nan,36.0,0.48756575453973877,6.242022149932629e-26,6.242022149932629e-26,0.0,monotone,0.0,0.0,nan,36.0,0.4875372226243809,6.206773009718476e-26,6.206773009718476e-26,0.0,monotone,0.0005200844346508015,0.0005230632997358289,2.0300000000000002,36.0,0.48066001665918007,2.061676035029459e-27,2.061676035029459e-27,0.0,transient,0.0007143364172012001,0.0007236456760554288,1.11,36.0,0.4984722099067984,3.035033942463538e-25,3.035033942463538e-25,0.0,transient,0.0001819428486090624,0.00018861636425604456,0.8200000000000001,36.0,0.4990538337560423,3.053104761613306e-25,3.053104761613306e-25,0.0,transient,4.07355360917708e-07,4.080619507861728e-07,6.0200000000000005,35.97,0.4811408923499392,2.3690721610557395e-29,3.421598312639596e-29,1.0525261515838564e-29,other,0.0001819428486090624,0.00018861636425604456,0.8200000000000001,36.0,0.4990538337560423,3.053107299999467e-25,3.053107299999467e-25,0.0,transient,4.07355360917708e-07,4.0806195078628305e-07,6.0200000000000005,35.17,0.4811408923499392,2.3690585656888375e-29,3.366159710274958e-29,9.971011445861204e-30,other
linear,0.0002,0.1,E3_regime,iso,0.01,1.0,2.0,2000,False,3,0.05,40.0,2,E3_regime__linear__mu1-2_sd0.05__h2_eps1.00e-01_iso__s3__dt0.0002__7ed6e27fce,40.0,9.606718463098135e-26,0.0,1.1102230246251565e-16,71,71,78,78,76,76,83,83,80,80,87,87,181,539,0.0005301509779694763,0.0006055515818335772,1.79,33.25,0.4844081922215164,3.587231721811821e-26,3.588028594585611e-26,7.968727737896627e-30,transient,0.0005299359718103497,0.0006046088819069845,1.79,33.25,0.484406981215838,3.595832770869059e-26,3.595993470463619e-26,1.6069959455967096e-30,transient,0.0,1.8993636667343583e-28,nan,33.25,0.4884708662075145,6.431873005316534e-27,6.431873005316534e-27,0.0,monotone,0.0,0.0,nan,33.26,0.4932952675570039,1.7172116402289085e-25,1.7172116402289085e-25,0.0,monotone,0.0,0.0,nan,33.26,0.4925998769312357,1.7207054175381166e-25,1.7207054175381166e-25,0.0,monotone,1.2298913402859893e-10,1.2504207047837916e-10,7.13,28.69,0.487533979911534,6.269250015963373e-28,4.663848185875604e-27,4.036923184279267e-27,monotone,0.0,0.0,nan,33.26,0.4925998769312357,1.7207124014962942e-25,1.7207124014962942e-25,0.0,monotone,1.2298913402859893e-10,1.2504207047732223e-10,7.13,28.69,0.487533979911534,6.2731057630066325e-28,4.6638989326794185e-27,4.036588356378755e-27,monotone
linear,0.0002,0.1,E3_regime,iso,0.01,1.0,2.0,2000,False,4,0.05,40.0,2,E3_regime__linear__mu1-2_sd0.05__h2_eps1.00e-01_iso__s4__dt0.0002__010bf51d54,40.0,9.17993157687623e-26,0.0,2.7755575615628914e-17,0,78,0,88,0,84,0,94,0,92,0,102,181,539,0.0,0.0,nan,32.230000000000004,0.49730899592498834,2.8066760428085894e-26,2.8066760428085894e-26,0.0,monotone,0.0,0.0,nan,32.230000000000004,0.49731148275415965,2.806111976446477e-26,2.806111976446477e-26,0.0,monotone,0.00033241045631432996,0.0003379906544401048,2.65,32.230000000000004,0.4981539489138927,9.28923313017398e-27,9.28923313017398e-27,0.0,transient,0.0,0.0,nan,32.230000000000004,0.48118539551023304,1.5835602295127996e-25,1.5835602295127996e-25,0.0,monotone,0.0,0.0,nan,32.230000000000004,0.4814555802972545,1.575581686356163e-25,1.575581686356163e-25,0.0,monotone,7.695255342034877e-10,7.824891131384735e-10,6.29,28.63,0.4987271201581929,8.488790319135215e-28,6.296037483030305e-27,5.447158451116783e-27,monotone,0.0,0.0,nan,32.230000000000004,0.4814555802972545,1.5749556484376893e-25,1.5749556484376893e-25,0.0,monotone,7.695255342034877e-10,7.82489113138572e-10,6.29,28.63,0.4987271201581929,8.495730570198072e-28,6.29642425040848e-27,5.446851193388673e-27,monotone
linear,0.0002,0.1,E3_regime,iso,0.01,1.0,2.0,2000,False,5,0.05,40.0,2,E3_regime__linear__mu1-2_sd0.05__h2_eps1.00e-01_iso__s5__dt0.0002__8ec295fb45,40.0,7.503132016634516e-25,-1.371272838197672e-26,2.220446049250313e-16,10,366,33,389,10,366,35,391,10,368,39,397,181,539,0.0,0.0,nan,40.0,0.49075423128928597,2.9685757998724047e-25,2.9685757998724047e-25,0.0,monotone,0.0,0.0,nan,40.0,0.4907593365781911,2.971142432783251e-25,2.971142432783251e-25,0.0,monotone,0.001675576466151473,0.0016806416669373353,1.98,40.0,0.48158534659182284,1.1552981297938945e-26,1.1552981297938945e-26,0.0,transient,0.0065033228305415025,0.00652116682294851,0.97,40.0,0.4966381103273194,1.4824356715752234e-24,1.4824356715752234e-24,0.0,transient,0.004085216908699563,0.004091351353666506,0.68,40.0,0.49760876821512123,1.4897058471487256e-24,1.4897058471487256e-24,0.0,transient,4.5562411540603615e-08,4.564532015951539e-08,10.94,39.72,0.4825911977147032,1.2084532935198538e-30,2.318512487174841e-30,1.110059193654987e-30,other,0.004085216908699563,0.004091351353666506,0.68,40.0,0.49760876821512123,1.489514573844938e-24,1.489514573844938e-24,0.0,transient,4.5562411540603615e-08,4.564532015955243e-08,10.94,39.7,0.4825911977147032,1.2079588401600325e-30,2.5085263299119093e-30,1.3005674897518768e-30,other
linear,0.0002,0.1,E3_regime,iso,0.01,1.0,2.0,2000,False,6,0.05,40.0,2,E3_regime__linear__mu1-2_sd0.05__h2_eps1.00e-01_iso__s6__dt0.0002__7930eee9d6,40.0,9.573761570520456e-26,0.0,4.440892098500626e-16,0,0,0,0,0,0,0,0,0,8,0,8,181,539,0.0,0.0,nan,32.31,0.49335980540689006,3.176473697355987e-26,3.176473697355987e-26,0.0,monotone,0.0,0.0,nan,32.31,0.4933589566547531,3.184012711604692e-26,3.184012711604692e-26,0.0,monotone,0.0,0.0,nan,32.31,0.4920924991778921,9.04114716068966e-27,9.04114716068966e-27,0.0,monotone,0.0,0.0,nan,32.31,0.48729301263490865,1.6464032455979924e-25,1.6464032455979924e-25,0.0,monotone,0.0,0.0,nan,32.31,0.4875859742806377,1.6429289415678437e-25,1.6429289415678437e-25,0.0,monotone,5.320556924330463e-10,5.403096058963372e-10,5.86,27.580000000000002,0.49252554275288496,2.5617276163038476e-27,6.480279754695689e-27,3.918552138391841e-27,monotone,0.0,0.0,nan,32.31,0.4875859742806377,1.642926187168345e-25,1.642926187168345e-25,0.0,monotone,5.320556924330463e-10,5.403096058965476e-10,5.86,27.580000000000002,0.49252554275288496,2.554676233431695e-27,6.480556634602201e-27,3.925880401170506e-27,monotone
linear,0.0002,0.1,E3_regime,iso,0.01,1.0,2.0,2000,False,7,0.05,40.0,2,E3_regime__linear__mu1-2_sd0.05__h2_eps1.00e-01_iso__s7__dt0.0002__e94b45c7b4,40.0,1.4018243932866102e-25,0.0,1.3877787807814457e-17,0,0,0,0,0,0,0,0,0,0,0,0,181,539,0.0,0.0,nan,32.34,0.49071245193961016,6.050524932595064e-26,6.050524932595064e-26,0.0,monotone,0.0,0.0,nan,32.34,0.490713616527017,6.036964074670644e-26,6.036964074670644e-26,0.0,monotone,0.0,0.0,nan,32.34,0.49142156412932625,1.3870710200557173e-27,1.3870710200557173e-27,0.0,monotone,0.0,0.0,nan,32.34,0.4887328785752437,2.7705163469908544e-25,2.7705163469908544e-25,0.0,monotone,0.0,0.0,nan,32.34,0.4886929964765049,2.7918266674057122e-25,2.7918266674057122e-25,0.0,monotone,2.475136863143813e-10,2.4985380948847516e-10,4.7,31.69,0.49140892248752427,1.1736771837733736e-28,2.374946110341993e-28,1.2012689265686194e-28,monotone,0.0,0.0,nan,32.34,0.4886929964765049,2.7909984993098715e-25,2.7909984993098715e-25,0.0,monotone,2.475136863143813e-10,2.498538094857022e-10,4.7,29.830000000000002,0.49140892248752427,1.1737061771353469e-28,2.356038922868082e-28,1.182332745732735e-28,monotone
linear,0.0002,0.1,E3_regime,iso,0.01,1.0,2.0,2000,False,8,0.05,40.0,2,E3_regime__linear__mu1-2_sd0.05__h2_eps1.00e-01_iso__s8__dt0.0002__7146088a5f,40.0,9.584645965739271e-26,0.0,1.734723475976807e-18,0,90,0,98,0,96,0,106,0,104,0,116,181,539,0.0,0.0,nan,34.52,0.49520160068961183,3.8364957441245236e-26,3.8364957441245236e-26,0.0,monotone,0.0,0.0,nan,34.53,0.49520111454885185,3.8337482895030586e-26,3.8337482895030586e-26,0.0,monotone,0.00031988639654398116,0.00032456493034335103,2.2,32.71,0.4912656236188075,1.0299079955742347e-26,1.0674256501512825e-26,3.7517654577047783e-28,transient,0.0,1.9302151385134975e-29,nan,34.45,0.4873301439847669,1.5213663423375727e-25,1.5214738333025938e-25,1.074909650211126e-29,monotone,0.0,0.0,nan,34.53,0.4879868037462773,1.5290601961864492e-25,1.5290601961864492e-25,0.0,monotone,7.105427357601002e-15,8.116863474708732e-15,9.4,26.07,0.4921417342933315,2.7279494787941255e-28,9.598877067004649e-27,9.326082119125236e-27,monotone,0.0,0.0,nan,34.53,0.4879868037462773,1.5290601873613457e-25,1.5290601873613457e-25,0.0,monotone,7.105427357601002e-15,8.116863474450674e-15,9.4,26.07,0.4921417342933315,2.7274021888580975e-28,9.59887751606659e-27,9.326137297180781e-27,monotone
linear,0.0002,0.1,E3_regime,iso,0.01,1.0,2.0,2000,False,9,0.05,40.0,2,E3_regime__linear__mu1-2_sd0.05__h2_eps1.00e-01_iso__s9__dt0.0002__642af7a691,40.0,1.4867675939957031e-25,0.0,8.881784197001252e-16,5,359,6,360,7,361,22,376,26,382,37,393,181,539,0.0,0.0,nan,34.0,0.4929729151527924,7.162152129047141e-26,7.162152129047141e-26,0.0,monotone,0.0,0.0,nan,34.0,0.49297507275285135,7.161196251497143e-26,7.161196251497143e-26,0.0,monotone,0.0008758277228011482,0.0008815969090487836,2.0100000000000002,34.0,0.48419264033877857,7.655066935293833e-28,7.655066935293833e-28,0.0,transient,0.001505665667482059,0.001556795259819388,1.09,34.0,0.49377127417154815,2.8658786670758664e-25,2.8658786670758664e-25,0.0,transient,0.0004986559897601217,0.0005532187655595822,0.9500000000000001,34.0,0.49481241553882266,2.9017896341285417e-25,2.9017896341285417e-25,0.0,transient,0.0,9.786108230143213e-28,nan,33.32,0.48536253075630026,6.429771747901261e-28,1.2884659705961418e-27,6.454887958060157e-28,monotone,0.0004986559897601217,0.0005532187655595822,0.9500000000000001,34.0,0.49481241553882255,2.901819236336923e-25,2.901819236336923e-25,0.0,transient,0.0,9.731852390853088e-28,nan,33.32,0.48536253075630026,6.429832219552782e-28,1.284073291577124e-27,6.410900696218458e-28,monotone
linear,0.0002,0.1,E3_regime,pos,0.01,1.0,2.0,2000,False,0,0.05,40.0,2,E3_regime__linear__mu1-2_sd0.05__h2_eps1.00e-01_pos__s0__dt0.0002__5dff9ec574,40.0,9.968762886496741e-26,0.0,8.881784197001252e-16,177,263,177,295,178,264,178,306,179,265,179,317,181,539,0.008870196870088498,0.008968544913850476,1.72,33.84,0.48424413422466617,3.3928167976457073e-26,3.3928167976457073e-26,0.0,transient,0.008859197983807382,0.008957038247503685,1.72,33.84,0.4842515227410569,3.3837271786801773e-26,3.3837271786801773e-26,0.0,transient,0.0,6.590801899885335e-29,nan,33.84,0.49270354420567414,8.034943616797091e-27,8.034943616797091e-27,0.0,monotone,0.0005763850650788993,0.0006836516339045473,0.9,33.84,0.4900282631358991,1.7737335038657295e-25,1.7737335038657295e-25,0.0,transient,0.0017794406668429907,0.001896833624709049,1.06,33.84,0.48887391143193426,1.77161528201506e-25,1.77161528201506e-25,0.0,transient,0.0,4.8925146637876085e-27,nan,29.73,0.4912963524325941,7.869764788317993e-28,5.447124139682629e-27,4.66014766085083e-27,monotone,0.0017794406668429907,0.001896833624708938,1.06,33.84,0.48887391143193426,1.7716225419738316e-25,1.7716225419738316e-25,0.0,transient,0.0,4.892264414750024e-27,nan,29.73,0.4912963524325941,7.877188512504912e-28,5.447388150885294e-27,4.6596692996348026e-27,monotone
linear,0.0002,0.1,E3_regime,pos,0.01,1.0,2.0,2000,False,1,0.05,40.0,2,E3_regime__linear__mu1-2_sd0.05__h2_eps1.00e-01_pos__s1__dt0.0002__f362a0b42a,40.0,1.4699554239680944e-25,0.0,1.3877787807814457e-17,146,146,150,150,149,149,152,152,152,152,155,155,181,539,0.0023043530571194154,0.0023466696485498206,1.7,33.68,0.48246435303544644,4.546263482835814e-26,4.546263482835814e-26,0.0,transient,0.002304190180960314,0.0023465110522120913,1.7,33.68,0.48246426519396746,4.544593778611228e-26,4.544593778611228e-26,0.0,transient,0.0,3.210409661496859e-27,nan,33.25,0.4860750931922653,3.344599311854526e-27,6.441158009874922e-27,3.0965586980203964e-27,monotone,0.0,0.0,nan,33.68,0.4958995935215138,2.8819872067604794e-25,2.8819872067604794e-25,0.0,monotone,0.0,0.0,nan,33.68,0.49515376383408394,2.8724389927480122e-25,2.8724389927480122e-25,0.0,monotone,2.1264606237474997e-11,2.16306570861716e-11,8.14,29.490000000000002,0.48500581467046466,1.817299984064232e-28,1.4167901637826499e-27,1.2350601653762267e-27,monotone,0.0,0.0,nan,33.68,0.49515376383408394,2.8723405471479907e-25,2.8723405471479907e-25,0.0,monotone,2.1264606237474997e-11,2.1630657085370124e-11,8.14,29.490000000000002,0.48500581467046466,1.7945176455082123e-28,1.4214077212073485e-27,1.2419559566565272e-27,monotone
linear,0.0002,0.1,E3_regime,pos,0.01,1.0,2.0,2000,False,2,0.05,40.0,2,E3_regime__linear__mu1-2_sd0.05__h2_eps1.00e-01_pos__s2__dt0.0002__227a0e3e08,40.0,1.5148026898129561e-25,0.0,2.7755575615628914e-17,177,281,177,419,178,282,178,424,179,283,179,431,181,539,0.03434326576870202,0.034502080205764035,1.87,37.03,0.48778599240495735,5.256828094320894e-26,5.256828094320894e-26,0.0,transient,0.03420482720475542,0.03436398158270437,1.87,37.03,0.4878155045993682,5.222518037547624e-26,5.222518037547624e-26,0.0,transient,0.0,2.1181130046372966e-27,nan,36.78,0.4976253757708612,2.582444121614365e-27,4.6024965734997384e-27,2.0200524518853733e-27,monotone,0.031188706016487655,0.031229447029128665,0.92,37.03,0.48492243927447515,3.0111018978625547e-25,3.0111018978625547e-25,0.0,transient,0.03779740417583288,0.037856696769947074,1.09,37.03,0.4838011558709983,3.011387215544031e-25,3.011387215544031e-25,0.0,transient,0.0,7.297299933937431e-28,nan,36.45,0.4963985089225383,2.7439681783500774e-28,5.466522505226671e-28,2.7225543268765937e-28,monotone,0.03779740417583288,0.037856696769947074,1.09,37.03,0.4838011558709983,3.0113138525867884e-25,3.0113138525867884e-25,0.0,transient,0.0,7.343838268303615e-28,nan,36.45,0.4963985089225383,2.7442550780974833e-28,5.495175113895378e-28,2.7509200357978947e-28,monotone
linear,0.0002,0.1,E3_regime,pos,0.01,1.0,2.0,2000,False,3,0.05,40.0,2,E3_regime__linear__mu1-2_sd0.05__h2_eps1.00e-01_pos__s3__dt0.0002__46b64f3fce,40.0,9.178201981301886e-26,0.0,1.734723475976807e-18,176,358,176,434,177,359,177,443,178,360,178,452,181,539,0.017033992796205606,0.01719378270825743,2.11,33.32,0.49141119382218446,3.205288074514349e-26,3.343847178433344e-26,1.385591039189953e-27,transient,0.01705797539943113,0.017218680824842694,2.11,33.29,0.49140045170734586,3.2130920967234015e-26,3.350649254848129e-26,1.3755715812472728e-27,transient,0.0,0.0,nan,34.09,0.4991940619164909,1.0069108416646459e-26,1.0069108416646459e-26,0.0,monotone,0.009479970869716914,0.009565192230020614,1.31,34.1,0.48241473931058204,1.488310655292662e-25,1.488310655292662e-25,0.0,transient,0.012664733608825807,0.012775101345797013,1.43,34.1,0.48168318199530535,1.4899892741516977e-25,1.4899892741516977e-25,0.0,transient,1.035971308738226e-11,1.0550155042931744e-11,8.620000000000001,29.45,0.4985112852163717,2.0243699761297036e-28,8.342890258575504e-27,8.140453260962534e-27,monotone,0.012664733608825807,0.012775101345796902,1.43,34.1,0.48168318199530535,1.489993498753411e-25,1.489993498753411e-25,0.0,transient,1.035971308738226e-11,1.0550155042878989e-11,8.620000000000001,29.45,0.4985112852163717,2.02211413254184e-28,8.342965128021306e-27,8.140753714767123e-27,monotone
linear,0.0002,0.1,E3_regime,pos,0.01,1.0,2.0,2000,False,4,0.05,40.0,2,E3_regime__linear__mu1-2_sd0.05__h2_eps1.00e-01_pos__s4__dt0.0002__daff650481,40.0,1.4735059899226505e-25,0.0,1.1102230246251565e-16,149,149,153,153,152,152,156,156,155,155,159,159,181,539,0.002487957045321884,0.0025318738134250673,1.7,33.64,0.4823899069653868,4.513160290802895e-26,4.513160290802895e-26,0.0,transient,0.002487394445482363,0.0025312502389495534,1.7,33.64,0.4823896576676364,4.509833516454158e-26,4.509833516454158e-26,0.0,transient,0.0,3.1417110663050857e-27,nan,33.22,0.4861218445246921,3.56707647975782e-27,6.60510192972241e-27,3.0380254499645906e-27,monotone,0.0,0.0,nan,33.64,0.49588937808103867,2.8825425842896474e-25,2.8825425842896474e-25,0.0,monotone,0.0,0.0,nan,33.64,0.4951274402637729,2.871940837359193e-25,2.871940837359193e-25,0.0,monotone,0.0,1.082295322883756e-27,nan,32.24,0.4850332017574361,7.4638379561027795e-28,1.4920852720718924e-27,7.457014764616144e-28,monotone,0.0,0.0,nan,33.64,0.4951274402637729,2.872708370280808e-25,2.872708370280808e-25,0.0,monotone,0.0,1.087970114644322e-27,nan,32.34,0.4850332017574361,7.464142515905166e-28,1.496822268172392e-27,7.504080165818754e-28,monotone
linear,0.0002,0.1,E3_regime,pos,0.01,1.0,2.0,2000,False,5,0.05,40.0,2,E3_regime__linear__mu1-2_sd0.05__h2_eps1.00e-01_pos__s5__dt0.0002__285c60e946,40.0,1.800162440432686e-22,-3.6123550270459425e-24,1.1102230246251565e-16,179,195,179,231,179,195,179,237,180,196,180,244,181,539,0.010565000423351414,0.010607518262100019,1.6400000000000001,40.0,0.4807005175436089,7.11450948604352e-23,7.11450948604352e-23,0.0,transient,0.010570602023266484,0.010613101162842961,1.6400000000000001,40.0,0.48070212519798794,7.12192756914805e-23,7.12192756914805e-23,0.0,transient,0.0,0.0,nan,40.0,0.48307959404517253,2.787429154923947e-24,2.787429154923947e-24,0.0,monotone,0.001148435395314673,0.001151452153866861,0.02,40.0,0.49893377098225267,3.557067972337914e-22,3.557067972337914e-22,0.0,transient,0.0030373232771371828,0.0030419924656294173,0.68,40.0,0.4982258301423588,3.573878085007899e-22,3.573878085007899e-22,0.0,transient,0.0,1.4308193989368756e-30,nan,40.0,0.48197416772802837,4.8204799333211485e-28,4.8204799333211485e-28,0.0,monotone,0.0030373232771358505,0.0030419924656294173,0.68,40.0,0.4982258301423588,3.5738780667150725e-22,3.5738780667150725e-22,0.0,transient,0.0,1.4360654865343299e-30,nan,40.0,0.48197416772802837,4.85856038176182e-28,4.85856038176182e-28,0.0,monotone
linear,0.0002,0.1,E3_regime,pos,0.01,1.0,2.0,2000,False,6,0.05,40.0,2,E3_regime__linear__mu1-2_sd0.05__h2_eps1.00e-01_pos__s6__dt0.0002__2a6b8d0537,40.0,1.4727693843985876e-25,0.0,4.440892098500626e-16,177,243,177,349,178,244,178,354,179,245,179,363,181,539,0.017223381229636014,0.01734825840738359,1.7,34.4,0.4837230413794466,4.0765276286558114e-26,4.0765276286558114e-26,0.0,transient,0.017252246310684935,0.01737700389123896,1.7,34.4,0.48371338112624196,4.087888304211763e-26,4.087888304211763e-26,0.0,transient,0.0,3.3267658746449804e-27,nan,33.86,0.49342765746090594,5.2270456099573865e-27,8.429203046828535e-27,3.2021574368711485e-27,monotone,0.009973807010083435,0.010006438220997449,0.72,34.4,0.4896555885699206,2.8448233570697952e-25,2.8448233570697952e-25,0.0,transient,0.013457875287721022,0.013505792688162044,0.93,34.4,0.48834754472935715,2.8265899257799975e-25,2.8265899257799975e-25,0.0,transient,0.0,2.119103990381709e-27,nan,30.76,0.4918433723751319,3.283969072056994e-28,2.4475008975874086e-27,2.119103990381709e-27,monotone,0.013457875287721022,0.013505792688162044,0.93,34.4,0.48834754472935715,2.8274224411997928e-25,2.8274224411997928e-25,0.0,transient,0.0,2.1220187370819715e-27,nan,30.76,0.4918433723751319,3.3154290001032425e-28,2.453561637092296e-27,2.1220187370819715e-27,monotone
linear,0.0002,0.1,E3_regime,pos,0.01,1.0,2.0,2000,False,7,0.05,40.0,2,E3_regime__linear__mu1-2_sd0.05__h2_eps1.00e-01_pos__s7__dt0.0002__f77ad5e547,40.0,1.5378847301254837e-25,0.0,3.552713678800501e-15,178,188,178,190,179,213,179,225,179,213,179,235,181,539,0.004710451324584142,0.0047578924540028905,1.6600000000000001,34.64,0.48122278454440864,5.392842505522969e-26,5.392842505522969e-26,0.0,transient,0.004706493195028305,0.004753750518420058,1.6600000000000001,34.64,0.4812212510091126,5.381926642746973e-26,5.381926642746973e-26,0.0,transient,0.0,2.2280377673291314e-27,nan,34.410000000000004,0.4846684999742079,2.1962212120548598e-27,4.424258979383991e-27,2.2280377673291314e-27,monotone,5.82563467765862e-05,8.09252970596086e-05,0.51,34.64,0.49747208950806265,3.0525142363436553e-25,3.0525142363436553e-25,0.0,other,0.00045944842168987865,0.0004887705751896454,0.9,34.64,0.49668122265820985,3.0531418183125214e-25,3.0531418183125214e-25,0.0,transient,5.754104263773611e-12,5.852147467460946e-12,9.28,30.25,0.4835015926073462,1.1488882495585152e-28,4.742894876269924e-28,3.5940066267114087e-28,monotone,0.00045944842168987865,0.0004887705751896454,0.9,34.64,0.49668122265820985,3.053987525775945e-25,3.053987525775945e-25,0.0,transient,5.754104263773611e-12,5.85214746703487e-12,9.28,30.25,0.4835015926073462,1.1304174621932445e-28,4.769662254681062e-28,3.6392447924878175e-28,monotone
linear,0.0002,0.1,E3_regime,pos,0.01,1.0,2.0,2000,False,8,0.05,40.0,2,E3_regime__linear__mu1-2_sd0.05__h2_eps1.00e-01_pos__s8__dt0.0002__00bc43f896,40.0,9.860094007181873e-26,0.0,8.881784197001252e-16,36,36,40,40,41,41,46,46,46,46,51,51,181,539,0.0,7.5840729533982465e-06,nan,33.26,0.48508395450711506,3.6249403516021544e-26,3.6249403516021544e-26,0.0,other,0.0,7.723612866855634e-06,nan,33.26,0.4850842456321469,3.622709508428972e-26,3.622709508428972e-26,0.0,other,0.0,1.0457491449231589e-28,nan,33.26,0.48848331420026087,6.852964972815667e-27,6.852964972815667e-27,0.0,monotone,0.0,0.0,nan,33.26,0.4930427324783432,1.7693443210780507e-25,1.7693443210780507e-25,0.0,monotone,0.0,0.0,nan,33.26,0.49244881408048324,1.7724778574361482e-25,1.7724778574361482e-25,0.0,monotone,0.0,4.9528442461930864e-27,nan,28.54,0.4876770563232546,8.907067430882021e-30,4.871746315548129e-27,4.862839248117247e-27,monotone,0.0,0.0,nan,33.26,0.49244881408048324,1.7724858408020836e-25,1.7724858408020836e-25,0.0,monotone,0.0,4.952756474532466e-27,nan,28.54,0.4876770563232546,9.166854967161228e-30,4.872201748659979e-27,4.863034893692818e-27,monotone
linear,0.0002,0.1,E3_regime,pos,0.01,1.0,2.0,2000,False,9,0.05,40.0,2,E3_regime__linear__mu1-2_sd0.05__h2_eps1.00e-01_pos__s9__dt0.0002__3dffd6ad99,40.0,1.0285117061927708e-25,0.0,6.938893903907228e-18,99,99,106,106,102,102,110,110,106,106,113,113,181,539,0.0013294103407594793,0.0013885002894867687,1.77,33.11,0.4845111271417745,3.474641395039757e-26,3.474641395039757e-26,0.0,transient,0.0013294009346987434,0.0013884143635372187,1.77,33.11,0.48451050476134044,3.477479445405806e-26,3.477479445405806e-26,0.0,transient,0.0,5.863734456929988e-29,nan,33.11,0.4896339389196427,8.185921116997495e-27,8.185921116997495e-27,0.0,monotone,0.0,0.0,nan,33.11,0.49233897429897094,1.8247455380803413e-25,1.8247455380803413e-25,0.0,monotone,0.0,0.0,nan,33.11,0.4915400986388179,1.8226450197451729e-25,1.8226450197451729e-25,0.0,monotone,2.020363674339685e-10,2.054458561189413e-10,7.0600000000000005,28.740000000000002,0.48859694543990084,8.56052322506706e-28,5.515576246298124e-27,4.659523923791418e-27,monotone,0.0,0.0,nan,33.11,0.4915400986388179,1.822652291941039e-25,1.822652291941039e-25,0.0,monotone,2.020363674339685e-10,2.0544585611848864e-10,7.0600000000000005,28.740000000000002,0.48859694543990084,8.566421197847836e-28,5.515849618228116e-27,4.659207498443333e-27,monotone
linear,0.0002,0.01,E3_regime,iso,0.01,1.0,2.0,2000,False,0,0.05,40.0,2,E3_regime__linear__mu1-2_sd0.05__h2_eps1.00e-02_iso__s0__dt0.0002__c6482b896d,40.0,1.4214389394879352e-25,0.0,2.7755575615628914e-17,77,77,80,80,107,107,110,110,130,130,134,134,181,539,0.00015682565904094614,0.00015956674300288132,3.21,38.08,0.499836738468149,4.802428035102058e-26,4.802428035102058e-26,0.0,transient,0.0001568051464679726,0.00015954773573620407,3.21,38.08,0.4998367103604882,4.7851790983713347e-26,4.7851790983713347e-26,0.0,transient,0.0,2.6224833384897007e-27,nan,37.730000000000004,0.4998513601580715,2.291104750770522e-27,4.747946654759751e-27,2.4568419039892293e-27,monotone,0.0,0.0,nan,38.08,0.49996057420125095,2.809649647827844e-25,2.809649647827844e-25,0.0,monotone,0.0,0.0,nan,38.08,0.4999559514502093,2.80845064805735e-25,2.80845064805735e-25,0.0,monotone,0.0,7.771483374303078e-28,nan,36.85,0.49984406305892176,3.6093650796721097e-28,7.195739242307331e-28,3.5863741626352215e-28,monotone,0.0,0.0,nan,38.08,0.4999559514502093,2.8084364423442013e-25,2.8084364423442013e-25,0.0,monotone,0.0,7.819919624050226e-28,nan,36.85,0.49984406305892176,3.609285238928988e-28,7.2286130705027255e-28,3.6193278315737376e-28,monotone
linear,0.0002,0.01,E3_regime,iso,0.01,1.0,2.0,2000,False,1,0.05,40.0,2,E3_regime__linear__mu1-2_sd0.05__h2_eps1.00e-02_iso__s1__dt0.0002__76b187ef14,40.0,9.594451039559377e-26,0.0,2.7755575615628914e-17,0,176,0,188,0,196,0,208,0,214,0,228,181,539,0.0,0.0,nan,36.81,0.49997144665812454,3.7152988216169815e-26,3.7152988216169815e-26,0.0,monotone,0.0,0.0,nan,36.81,0.4999714548790268,3.7127616785454435e-26,3.7127616785454435e-26,0.0,monotone,0.0001681076048731197,0.0001698067133713171,4.0,36.81,0.4999849258365878,9.33358999309514e-27,9.33358999309514e-27,0.0,transient,0.0,0.0,nan,36.81,0.49980779698745853,1.5905931584833332e-25,1.5905931584833332e-25,0.0,monotone,0.0,0.0,nan,36.81,0.4998099475875639,1.5950464847709934e-25,1.5950464847709934e-25,0.0,monotone,0.0,2.8351014023068664e-27,nan,30.91,0.4999900709983451,5.233781603092191e-27,7.925353077469233e-27,2.6915714743770426e-27,monotone,0.0,0.0,nan,36.81,0.4998099475875639,1.5950430274359922e-25,1.5950430274359922e-25,0.0,monotone,0.0,2.835319850473313e-27,nan,30.91,0.4999900709983451,5.2328997121003586e-27,7.925350015948438e-27,2.69245030384808e-27,monotone
linear,0.0002,0.01,E3_regime,iso,0.01,1.0,2.0,2000,False,2,0.05,40.0,2,E3_regime__linear__mu1-2_sd0.05__h2_eps1.00e-02_iso__s2__dt0.0002__594a2f3235,40.0,7.188322646270668e-25,-1.3355724433610287e-26,1.1102230246251565e-16,0,324,0,324,0,342,0,344,0,358,0,358,181,539,0.0,0.0,nan,40.0,0.4998744404903214,2.8495710170498828e-25,2.8495710170498828e-25,0.0,monotone,0.0,0.0,nan,40.0,0.4998741523179764,2.8319798502717617e-25,2.8319798502717617e-25,0.0,monotone,0.00010241826801921615,0.00010282606848211265,3.43,40.0,0.49980469253772786,1.1540259375098301e-26,1.1540259375098301e-26,0.0,transient,9.270550808859745e-05,9.377570524798928e-05,2.57,40.0,0.4999845956895287,1.4322709111432669e-24,1.4322709111432669e-24,0.0,other,3.5104647663763977e-06,3.7110192731004688e-06,1.8800000000000001,40.0,0.4999904700904062,1.4386762401797368e-24,1.4386762401797368e-24,0.0,other,1.6170790773499406e-06,1.6194153259522947e-06,4.1,39.75,0.49980954938220445,4.831993859298336e-30,1.322345306196296e-29,8.391459202664625e-30,other,3.5104647663763977e-06,3.7110192731004688e-06,1.8800000000000001,40.0,0.4999904700904062,1.4386732127530207e-24,1.4386732127530207e-24,0.0,other,1.6170790773499406e-06,1.6194153259524368e-06,4.1,39.74,0.49980954938220445,4.831829947033895e-30,1.373265903043218e-29,8.900829083398284e-30,other
linear,0.0002,0.01,E3_regime,iso,0.01,1.0,2.0,2000,False,3,0.05,40.0,2,E3_regime__linear__mu1-2_sd0.05__h2_eps1.00e-02_iso__s3__dt0.0002__6a1835c597,40.0,9.552515139612574e-26,0.0,8.881784197001252e-16,125,125,127,127,137,137,140,140,150,150,153,153,181,539,0.00035150699800629015,0.0003567179747475252,3.18,37.64,0.49984285345722346,3.831167697451975e-26,3.831167697451975e-26,0.0,transient,0.0003516427371088454,0.0003568492742116597,3.18,37.64,0.49984284122606626,3.839758885747898e-26,3.839758885747898e-26,0.0,transient,0.0,0.0,nan,37.64,0.49988388646448206,2.5872761835483354e-27,2.5872761835483354e-27,0.0,monotone,0.0,0.0,nan,37.64,0.4999326129181118,1.8352941183122227e-25,1.8352941183122227e-25,0.0,monotone,0.0,0.0,nan,37.64,0.4999255894727916,1.8446970049749652e-25,1.8446970049749652e-25,0.0,monotone,1.0674232891522644e-08,1.0705759705716565e-08,8.38,37.12,0.4998744239128926,1.2815046767395659e-27,1.2827265770759616e-27,1.2219003363957287e-30,other,0.0,0.0,nan,37.64,0.4999255894727916,1.8453717399239574e-25,1.8453717399239574e-25,0.0,monotone,1.0674232891522644e-08,1.0705759705706758e-08,8.38,37.11,0.4998744239128926,1.281505025777668e-27,1.282708754063066e-27,1.2037282853979575e-30,other
linear,0.0002,0.01,E3_regime,iso,0.01,1.0,2.0,2000,False,4,0.05,40.0,2,E3_regime__linear__mu1-2_sd0.05__h2_eps1.00e-02_iso__s4__dt0.0002__5f33780814,40.0,9.272690169253612e-26,0.0,5.551115123125783e-17,0,204,0,214,0,220,0,232,0,238,0,250,181,539,0.0,0.0,nan,36.800000000000004,0.49997290735656513,3.515273894634461e-26,3.515273894634461e-26,0.0,monotone,0.0,0.0,nan,36.800000000000004,0.49997293247353974,3.513611123757675e-26,3.513611123757675e-26,0.0,monotone,0.00018301582153671054,0.00018473832619781425,3.92,36.800000000000004,0.49998144138175304,8.153204093177725e-27,8.153204093177725e-27,0.0,transient,0.0,0.0,nan,36.800000000000004,0.499810058992376,1.5758174046906948e-25,1.5758174046906948e-25,0.0,monotone,0.0,0.0,nan,36.800000000000004,0.499812787858725,1.5800536596298262e-25,1.5800536596298262e-25,0.0,monotone,6.731886773278264e-08,6.75715684305265e-08,7.7700000000000005,36.45,0.4999872304113205,6.61469734218112e-27,6.627647584372902e-27,1.2950242191782756e-29,other,0.0,0.0,nan,36.800000000000004,0.499812787858725,1.5800521575824874e-25,1.5800521575824874e-25,0.0,monotone,6.731886773278264e-08,6.75715684305421e-08,7.7700000000000005,36.45,0.4999872304113205,6.61469757083781e-27,6.627718690537026e-27,1.3021119699215654e-29,other
linear,0.0002,0.01,E3_regime,iso,0.01,1.0,2.0,2000,False,5,0.05,40.0,2,E3_regime__linear__mu1-2_sd0.05__h2_eps1.00e-02_iso__s5__dt0.0002__9722abdaec,40.0,6.667599148193394e-21,-1.3572191856591368e-22,2.220446049250313e-16,1,353,1,353,2,358,2,358,11,369,15,373,181,539,0.0,0.0,nan,40.0,0.4999066179063726,2.6357818072023476e-21,2.6357818072023476e-21,0.0,monotone,0.0,0.0,nan,40.0,0.4999066694697908,2.6385151338057122e-21,2.6385151338057122e-21,0.0,monotone,0.00030229100328876303,0.0003031495417525304,3.36,40.0,0.49981401217092825,1.0310349942117223e-22,1.0310349942117223e-22,0.0,transient,0.0005542513174752184,0.0005567204441022655,2.45,40.0,0.49996604508465675,1.3174894388044676e-20,1.3174894388044676e-20,0.0,transient,0.00012573130149468037,0.0001259145862512745,1.81,40.0,0.49997584872932366,1.3237251534138549e-20,1.3237251534138549e-20,0.0,transient,2.3754942901632603e-07,2.3759849431009585e-07,7.54,40.0,0.49982417126726936,1.6096514258324063e-26,1.6096514258324063e-26,0.0,other,0.00012573130149468037,0.0001259145862512745,1.81,40.0,0.49997584872932366,1.3237269595309308e-20,1.3237269595309308e-20,0.0,transient,2.3754942901632603e-07,2.3759849431018018e-07,7.54,40.0,0.49982417126726936,1.6118494862389986e-26,1.6118494862389986e-26,0.0,other
linear,0.0002,0.01,E3_regime,iso,0.01,1.0,2.0,2000,False,6,0.05,40.0,2,E3_regime__linear__mu1-2_sd0.05__h2_eps1.00e-02_iso__s6__dt0.0002__e47d099580,40.0,8.805026318509512e-26,0.0,2.7755575615628914e-17,0,0,0,0,0,0,0,0,0,26,0,28,181,539,0.0,0.0,nan,36.87,0.49993337644944197,2.7806521070280513e-26,2.7806521070280513e-26,0.0,monotone,0.0,0.0,nan,36.87,0.49993336787704534,2.7924290916007815e-26,2.7924290916007815e-26,0.0,monotone,1.4818752398261959e-05,1.5150094535606139e-05,3.7,36.87,0.49992057665652906,3.786365270638181e-27,3.786365270638181e-27,0.0,other,0.0,0.0,nan,36.87,0.49987210184244485,1.7152645712774516e-25,1.7152645712774516e-25,0.0,monotone,0.0,0.0,nan,36.87,0.4998750607550668,1.7111931979526466e-25,1.7111931979526466e-25,0.0,monotone,3.205751785241194e-08,3.2108965416866304e-08,6.66,35.31,0.49992495039663654,5.29118754688285e-28,9.369979540880074e-28,4.078791993997224e-28,other,0.0,0.0,nan,36.87,0.4998750607550668,1.711198971532658e-25,1.711198971532658e-25,0.0,monotone,3.205751785241194e-08,3.210896541688327e-08,6.66,35.31,0.49992495039663654,5.327335276795231e-28,9.409425110440671e-28,4.08208983364544e-28,other
linear,0.0002,0.01,E3_regime,iso,0.01,1.0,2.0,2000,False,7,0.05,40.0,2,E3_regime__linear__mu1-2_sd0.05__h2_eps1.00e-02_iso__s7__dt0.0002__90d5099400,40.0,1.4493401306123528e-25,0.0,8.673617379884035e-19,0,0,0,0,0,0,0,0,0,0,0,0,181,539,0.0,0.0,nan,36.92,0.49990668616976985,6.295830629611666e-26,6.295830629611666e-26,0.0,monotone,0.0,0.0,nan,36.92,0.49990669793210285,6.283724696204435e-26,6.283724696204435e-26,0.0,monotone,0.0,0.0,nan,36.92,0.4999138482028861,1.347585508039393e-27,1.347585508039393e-27,0.0,monotone,0.0,0.0,nan,36.92,0.4998866924787898,2.8633704370276185e-25,2.8633704370276185e-25,0.0,monotone,0.0,0.0,nan,36.92,0.49988628966959264,2.8856939756642984e-25,2.8856939756642984e-25,0.0,monotone,3.184634455134404e-09,3.1945730674506193e-09,5.01,34.27,0.4999137205223038,1.2602676468853746e-28,2.5184824369900137e-28,1.258214790104639e-28,other,0.0,0.0,nan,36.92,0.49988628966959264,2.885695781328998e-25,2.885695781328998e-25,0.0,monotone,3.184634455134404e-09,3.194573067445538e-09,5.01,36.28,0.4999137205223038,1.2602670245490975e-28,2.4991305311382314e-28,1.238863506589134e-28,other
linear,0.0002,0.01,E3_regime,iso,0.01,1.0,2.0,2000,False,8,0.05,40.0,2,E3_regime__linear__mu1-2_sd0.05__h2_eps1.00e-02_iso__s8__dt0.0002__d612aaa6b6,40.0,9.652190734886924e-26,0.0,2.168404344971009e-19,0,208,0,214,0,236,0,244,0,258,0,268,181,539,0.0,0.0,nan,37.32,0.4999518934767671,4.054163421992796e-26,4.054163421992796e-26,0.0,monotone,0.0,0.0,nan,37.32,0.49995188856674544,4.051344476851795e-26,4.051344476851795e-26,0.0,monotone,0.00011944697859886128,0.00012047348033003558,3.5500000000000003,37.32,0.499912140108352,1.0042514501898879e-26,1.0042514501898879e-26,0.0,transient,0.0,0.0,nan,37.32,0.4998723917640481,1.541483732164447e-25,1.541483732164447e-25,0.0,monotone,0.0,0.0,nan,37.32,0.49987902402763934,1.552295815822041e-25,1.552295815822041e-25,0.0,monotone,2.0334441201570868e-12,2.066239572665299e-12,11.03,29.59,0.4999209888261646,4.964933057077478e-27,9.369110383475272e-27,4.404177326397794e-27,monotone,0.0,0.0,nan,37.32,0.49987902402763934,1.552294152808187e-25,1.552294152808187e-25,0.0,monotone,2.0334441201570868e-12,2.0662395726990308e-12,11.03,29.59,0.4999209888261646,4.965692798953384e-27,9.369046008311401e-27,4.403353209358017e-27,monotone
linear,0.0002,0.01,E3_regime,iso,0.01,1.0,2.0,2000,False,9,0.05,40.0,2,E3_regime__linear__mu1-2_sd0.05__h2_eps1.00e-02_iso__s9__dt0.0002__d6e7b79d6b,40.0,1.4054749694662848e-25,0.0,1.1102230246251565e-16,0,344,0,344,0,352,0,352,1,359,1,359,181,539,0.0,0.0,nan,38.64,0.4999291517115675,6.521695681620833e-26,6.521695681620833e-26,0.0,monotone,0.0,0.0,nan,38.64,0.4999291735033282,6.524314175973221e-26,6.524314175973221e-26,0.0,monotone,0.0002173948484211637,0.00021846299996873932,3.37,38.64,0.499840470935946,8.90034723728037e-28,8.90034723728037e-28,0.0,transient,0.0002106415986224408,0.00021378821291079264,2.49,38.64,0.49993721513765693,2.7293803120492253e-25,2.7293803120492253e-25,0.0,transient,1.7419470600077425e-05,1.9101653555786413e-05,2.11,38.64,0.49994773066546644,2.7587803635375604e-25,2.7587803635375604e-25,0.0,other,0.0,8.303917598854872e-28,nan,37.94,0.49985228682916294,4.166176989077978e-28,8.355678406890846e-28,4.189501417812868e-28,monotone,1.7419470600077425e-05,1.9101653555786413e-05,2.11,38.64,0.49994773066546644,2.7587960832376375e-25,2.7587960832376375e-25,0.0,other,0.0,8.253966086161176e-28,nan,37.94,0.49985228682916294,4.166211980096993e-28,8.320304124832125e-28,4.154092144735132e-28,monotone
linear,0.0002,0.01,E3_regime,pos,0.01,1.0,2.0,2000,False,0,0.05,40.0,2,E3_regime__linear__mu1-2_sd0.05__h2_eps1.00e-02_pos__s0__dt0.0002__c0a7950b17,40.0,1.020823004901885e-25,0.0,1.1102230246251565e-16,176,176,176,176,179,179,179,179,180,184,180,194,181,539,0.0016859915751426396,0.0016997137161751247,3.14,38.300000000000004,0.49984101443634643,3.954096262091115e-26,3.954096262091115e-26,0.0,transient,0.0016843119124455436,0.0016979758165114045,3.14,38.300000000000004,0.49984108906036195,3.945982088123818e-26,3.945982088123818e-26,0.0,transient,0.0,1.278466000858274e-28,nan,38.300000000000004,0.49992645447715467,6.157601033046856e-27,6.157601033046856e-27,0.0,monotone,6.98070244714577e-06,9.881601285122166e-06,1.2,38.300000000000004,0.4998994341383499,1.8502320999248315e-25,1.8502320999248315e-25,0.0,other,6.776770558369893e-05,7.133913897833244e-05,2.22,38.300000000000004,0.4998877751861399,1.8565197924997162e-25,1.8565197924997162e-25,0.0,other,0.0,7.511248081690331e-29,nan,37.980000000000004,0.4999122418402465,4.5158343095092075e-27,4.5193990106715485e-27,3.564701162340974e-30,monotone,6.776770558369893e-05,7.133913897833244e-05,2.22,38.300000000000004,0.4998877751861399,1.8565214292513532e-25,1.8565214292513532e-25,0.0,other,0.0,7.519822470920831e-29,nan,37.980000000000004,0.4999122418402465,4.515834801847097e-27,4.519459161112443e-27,3.6243592653460544e-30,monotone
linear,0.0002,0.01,E3_regime,pos,0.01,1.0,2.0,2000,False,1,0.05,40.0,2,E3_regime__linear__mu1-2_sd0.05__h2_eps1.00e-02_pos__s1__dt0.0002__89889d82a2,40.0,1.3803829108772123e-25,0.0,1.3877787807814457e-17,156,156,157,157,165,165,166,166,173,173,173,173,181,539,0.0005637176730123733,0.0005692457922040761,3.13,38.34,0.4998230920731352,4.4869995369591075e-26,4.4869995369591075e-26,0.0,transient,0.0005636691685437373,0.0005691949020657783,3.13,38.34,0.4998230911859363,4.48691079010727e-26,4.48691079010727e-26,0.0,transient,0.0,3.050895380521461e-27,nan,37.9,0.4998595605487191,2.4280033178914665e-27,5.2454359298103514e-27,2.817432611918885e-27,monotone,0.0,0.0,nan,38.34,0.4999587880020445,2.715245157222829e-25,2.715245157222829e-25,0.0,monotone,0.0,0.0,nan,38.34,0.4999512551222015,2.71128935780693e-25,2.71128935780693e-25,0.0,monotone,2.2744472971680807e-09,2.2841229154799327e-09,9.59,35.75,0.499848760835649,4.970809832604741e-28,9.917730893441366e-28,4.946921060836625e-28,other,0.0,0.0,nan,38.34,0.4999512551222015,2.711272673801673e-25,2.711272673801673e-25,0.0,monotone,2.2744472971680807e-09,2.284122915471682e-09,9.59,36.06,0.499848760835649,4.970812190025246e-28,9.956326507945144e-28,4.985514317919898e-28,other
linear,0.0002,0.01,E3_regime,pos,0.01,1.0,2.0,2000,False,2,0.05,40.0,2,E3_regime__linear__mu1-2_sd0.05__h2_eps1.00e-02_pos__s2__dt0.0002__190336352d,40.0,5.7663287487453054e-24,-1.1346037151020553e-25,7.105427357601002e-15,178,254,178,258,179,285,179,315,180,286,180,386,181,539,0.005452310378480901,0.005477692593965619,3.27,40.0,0.4998766401993223,2.27306389629857e-24,2.27306389629857e-24,0.0,transient,0.0054361261529772414,0.005461223314482053,3.27,40.0,0.4998769382724859,2.2589990194262165e-24,2.2589990194262165e-24,0.0,transient,0.0,0.0,nan,40.0,0.49997601797131797,9.55899259080606e-26,9.55899259080606e-26,0.0,monotone,0.00034599342688129697,0.00034928301797376715,1.35,40.0,0.4998477183127046,1.149074656583405e-23,1.149074656583405e-23,0.0,transient,0.0012783029009968971,0.00128049637750971,2.2600000000000002,40.0,0.4998363933503294,1.1540731121161789e-23,1.1540731121161789e-23,0.0,transient,0.0,4.723355098989605e-28,nan,39.79,0.49996362661614996,1.3977649533319814e-28,2.6215196908357533e-28,1.223754737503772e-28,monotone,0.0012783029009968971,0.00128049637750971,2.2600000000000002,40.0,0.4998363933503294,1.1540729289503766e-23,1.1540729289503766e-23,0.0,transient,0.0,4.751722447531224e-28,nan,39.79,0.49996362661614996,1.4086282802305362e-28,2.6435823090804315e-28,1.2349540288498952e-28,monotone
linear,0.0002,0.01,E3_regime,pos,0.01,1.0,2.0,2000,False,3,0.05,40.0,2,E3_regime__linear__mu1-2_sd0.05__h2_eps1.00e-02_pos__s3__dt0.0002__691db08a3d,40.0,1.035946025985009e-25,0.0,5.551115123125783e-17,178,206,178,210,179,247,179,257,180,364,180,382,181,539,0.0034951263233283097,0.0035223788043936,3.49,37.96,0.49991328072154567,3.4652317635546674e-26,3.4652317635546674e-26,0.0,transient,0.0034985868611556725,0.0035259494689213744,3.49,37.96,0.4999131722261859,3.471415231271315e-26,3.471415231271315e-26,0.0,transient,0.0,3.171686914035009e-28,nan,37.78,0.49999188768929814,8.374824703738253e-27,8.669097939962879e-27,2.9427323622462546e-28,monotone,0.0001454982036364072,0.0001558219903404212,1.81,37.96,0.49982241653097853,1.823481445294658e-25,1.823481445294658e-25,0.0,transient,0.0005282623827634336,0.0005322702161508208,2.56,37.96,0.4998150278020942,1.8210582100752016e-25,1.8210582100752016e-25,0.0,transient,1.8556017328757496e-09,1.8743913469970393e-09,10.46,37.300000000000004,0.49998499164462695,5.739118235068647e-27,5.91106340657292e-27,1.7194517150427333e-28,other,0.0005282623827634336,0.0005322702161508208,2.56,37.96,0.4998150278020942,1.8203988164785962e-25,1.8203988164785962e-25,0.0,transient,1.8556017328757496e-09,1.874391346996277e-09,10.46,37.300000000000004,0.49998499164462695,5.739117769924489e-27,5.9123072568654884e-27,1.731894869409993e-28,other
linear,0.0002,0.01,E3_regime,pos,0.01,1.0,2.0,2000,False,4,0.05,40.0,2,E3_regime__linear__mu1-2_sd0.05__h2_eps1.00e-02_pos__s4__dt0.0002__2b58449c48,40.0,1.3993755615841509e-25,0.0,1.4210854715202004e-14,159,159,159,159,166,166,167,167,174,174,174,174,181,539,0.000589204329323606,0.0005949521435675564,3.12,38.28,0.49982233485024435,4.5082044878699976e-26,4.5082044878699976e-26,0.0,transient,0.00058903291319852,0.0005947725886113614,3.12,38.28,0.4998223323323371,4.5032064685527194e-26,4.5032064685527194e-26,0.0,transient,0.0,2.957893282768471e-27,nan,37.86,0.4998600274195933,2.6759788352934755e-27,5.431378302965117e-27,2.7553994676716414e-27,monotone,0.0,0.0,nan,38.28,0.49995867950851247,2.7470602998274865e-25,2.7470602998274865e-25,0.0,monotone,0.0,0.0,nan,38.28,0.4999509839365581,2.742102039151674e-25,2.742102039151674e-25,0.0,monotone,0.0,1.0247839013360717e-27,nan,38.02,0.49984903212764403,5.254811629571179e-28,1.0530978901451206e-27,5.2761672718800275e-28,monotone,0.0,0.0,nan,38.28,0.4999509839365581,2.742103801232611e-25,2.742103801232611e-25,0.0,monotone,0.0,1.0303107128400433e-27,nan,38.02,0.49984903212764403,5.254946424143659e-28,1.0570835798306305e-27,5.315889374162646e-28,monotone
linear,0.0002,0.01,E3_regime,pos,0.01,1.0,2.0,2000,False,5,0.05,40.0,2,E3_regime__linear__mu1-2_sd0.05__h2_eps1.00e-02_pos__s5__dt0.0002__8fdea544e7,40.0,1.835605993859853e-18,-3.736274290290306e-20,4.440892098500626e-16,175,175,175,175,178,180,178,180,180,196,180,196,181,539,0.0014991583236988876,0.0015042494526617406,3.09,40.0,0.49980507523783857,7.265408276153755e-19,7.265408276153755e-19,0.0,transient,0.0014998635720618603,0.0015049633697491877,3.09,40.0,0.49980509147514796,7.272935519152167e-19,7.272935519152167e-19,0.0,transient,0.0,0.0,nan,40.0,0.4998291039105042,2.8186199567310976e-20,2.8186199567310976e-20,0.0,monotone,1.0238012676189179e-05,1.083851397126745e-05,0.08,40.0,0.4999892310975687,3.626921739603808e-18,3.626921739603808e-18,0.0,other,9.954733888856149e-05,9.970555955274296e-05,1.86,40.0,0.4999820808950859,3.6442524307603225e-18,3.6442524307603225e-18,0.0,other,0.0,0.0,nan,40.0,0.49981793910470124,2.2906723405096258e-24,2.2906723405096258e-24,0.0,monotone,9.954733888856149e-05,9.970555955274296e-05,1.86,40.0,0.4999820808950859,3.644252430613477e-18,3.644252430613477e-18,0.0,other,0.0,0.0,nan,40.0,0.49981793910470124,2.2909344722123757e-24,2.2909344722123757e-24,0.0,monotone
linear,0.0002,0.01,E3_regime,pos,0.01,1.0,2.0,2000,False,6,0.05,40.0,2,E3_regime__linear__mu1-2_sd0.05__h2_eps1.00e-02_pos__s6__dt0.0002__f69ec161f1,40.0,1.3767873132259196e-25,0.0,2.220446049250313e-16,178,194,178,196,179,223,179,227,180,248,180,312,181,539,0.0028511064713127726,0.002868819222128477,3.13,39.08,0.49983564813241,4.255294449060977e-26,4.255294449060977e-26,0.0,transient,0.0028546446216482363,0.0028723976673704077,3.12,39.08,0.4998355505638525,4.2698780528230636e-26,4.2698780528230636e-26,0.0,transient,0.0,3.3008408353670866e-27,nan,38.6,0.4999336647548327,2.964107969809517e-27,6.03959343126792e-27,3.075485461458403e-27,monotone,0.00010646561859256609,0.00011120818548659983,1.03,39.08,0.49989556685903375,2.686875727659519e-25,2.686875727659519e-25,0.0,transient,0.0004588966685746265,0.00046052133222690417,2.09,39.08,0.4998823556162441,2.6789526358376194e-25,2.6789526358376194e-25,0.0,transient,0.0,1.0236290914685406e-27,nan,38.78,0.49991766347546635,6.957753628897529e-28,1.3856000894664629e-27,6.8982472657671e-28,monotone,0.0004588966685746265,0.00046052133222690417,2.09,39.08,0.4998823556162441,2.6789072608629168e-25,2.6789072608629168e-25,0.0,transient,0.0,1.0291782689136836e-27,nan,37.18,0.49991766347546635,6.957754123609313e-28,1.3901563715064682e-27,6.943809591455369e-28,monotone
linear,0.0002,0.01,E3_regime,pos,0.01,1.0,2.0,2000,False,7,0.05,40.0,2,E3_regime__linear__mu1-2_sd0.05__h2_eps1.00e-02_pos__s7__dt0.0002__db08d27984,40.0,1.4584701445334148e-25,0.0,2.7755575615628914e-17,170,170,170,170,176,176,176,176,180,180,180,180,181,539,0.0008392453210061268,0.0008451342434168257,3.1,39.31,0.4998104360475707,5.282765594365528e-26,5.282765594365528e-26,0.0,transient,0.000838628026209362,0.0008444983054289035,3.1,39.31,0.4998104205588643,5.271945874012356e-26,5.271945874012356e-26,0.0,transient,0.0,2.548845503362552e-27,nan,39.07,0.4998452377734118,1.907442653961571e-27,3.663729274016893e-27,1.7562866200553222e-27,monotone,9.387725098952693e-07,1.4119075026353123e-06,0.59,39.31,0.49997455402770363,2.8975680426032953e-25,2.8975680426032953e-25,0.0,other,1.4207336793581327e-05,1.5151629165210956e-05,2.06,39.31,0.4999665662725201,2.903019668878726e-25,2.903019668878726e-25,0.0,other,6.846518503648853e-10,6.881243714921976e-10,10.8,36.9,0.4998334520090065,1.4426910134887339e-28,2.859251364624767e-28,1.416560351136033e-28,monotone,1.4207336793581327e-05,1.5151629165210956e-05,2.06,39.31,0.4999665662725201,2.9021672777504516e-25,2.9021672777504516e-25,0.0,other,6.846518503648853e-10,6.881243714876609e-10,10.8,38.660000000000004,0.4998334520090065,1.442701785700172e-28,2.879939456452515e-28,1.4372376707523432e-28,monotone
linear,0.0002,0.01,E3_regime,pos,0.01,1.0,2.0,2000,False,8,0.05,40.0,2,E3_regime__linear__mu1-2_sd0.05__h2_eps1.00e-02_pos__s8__dt0.0002__bf1d08746f,40.0,1.0296672864578033e-25,0.0,5.551115123125783e-17,86,86,89,89,108,108,111,111,124,124,129,129,181,539,0.00020007138277704228,0.0002041134520849447,3.23,37.69,0.49984971858850313,4.036597554230424e-26,4.036597554230424e-26,0.0,transient,0.0002000729501632631,0.0002041114357487911,3.23,37.69,0.499849721528866,4.035084697740509e-26,4.035084697740509e-26,0.0,transient,0.0,1.059705396265161e-28,nan,37.69,0.49988405212140397,5.991270693405277e-27,5.991270693405277e-27,0.0,monotone,0.0,0.0,nan,37.69,0.49993010224601253,1.8696104844319902e-25,1.8696104844319902e-25,0.0,monotone,0.0,0.0,nan,37.69,0.49992410367019413,1.8769421056071724e-25,1.8769421056071724e-25,0.0,monotone,0.0,2.6979753254870776e-27,nan,30.560000000000002,0.4998759089168462,2.084195588539194e-27,4.4434629585552684e-27,2.3592673700160745e-27,monotone,0.0,0.0,nan,37.69,0.49992410367019413,1.876264101544645e-25,1.876264101544645e-25,0.0,monotone,0.0,2.7082353605337936e-27,nan,30.55,0.4998759089168462,2.0861543473363143e-27,4.4539515265071234e-27,2.367797179170809e-27,monotone
linear,0.0002,0.01,E3_regime,pos,0.01,1.0,2.0,2000,False,9,0.05,40.0,2,E3_regime__linear__mu1-2_sd0.05__h2_eps1.00e-02_pos__s9__dt0.0002__43d83623f6,40.0,9.74919159920254e-26,0.0,8.881784197001252e-16,143,143,144,144,152,152,153,153,160,160,163,163,181,539,0.0005138138942571285,0.0005207411801317063,3.17,37.57,0.4998438771637383,3.6496977958512635e-26,3.6496977958512635e-26,0.0,transient,0.0005138755896558211,0.0005208080034392187,3.17,37.57,0.4998438708776959,3.651649456219708e-26,3.651649456219708e-26,0.0,transient,0.0,2.5253727506828464e-28,nan,37.42,0.49989561756269474,3.3235033493191884e-27,3.566597693573645e-27,2.430943442544568e-28,monotone,0.0,0.0,nan,37.57,0.499922938420026,1.8644715207465569e-25,1.8644715207465569e-25,0.0,monotone,0.0,0.0,nan,37.57,0.49991486977585853,1.8690313031348172e-25,1.8690313031348172e-25,0.0,monotone,1.725616724260445e-08,1.7305113494684438e-08,8.290000000000001,37.06,0.4998851439285494,1.6473009956659505e-27,1.6734824890082647e-27,2.618149334231425e-29,other,0.0,0.0,nan,37.57,0.49991486977585853,1.869033602780095e-25,1.869033602780095e-25,0.0,monotone,1.725616724260445e-08,1.7305113494674836e-08,8.290000000000001,37.06,0.4998851439285494,1.647299055204126e-27,1.673633671528116e-27,2.6334616323989724e-29,other
linear,0.0002,0.025,E3_regime,iso,0.01,1.0,2.0,2000,False,0,0.05,40.0,32,E3_regime__linear__mu1-2_sd0.05__h32_eps2.50e-02_iso__s0__dt0.0002__1b87d27505,40.0,8.008866944730816e-26,7.521501193451236e-32,2.7755575615628914e-17,0,0,0,0,0,0,0,0,0,0,0,0,181,539,0.0,0.0,nan,39.89,0.48967650267444973,3.217697072257629e-26,3.217697072257629e-26,0.0,monotone,0.0,0.0,nan,39.95,0.4896778213218816,3.2092568768693465e-26,3.2092568768693465e-26,0.0,monotone,0.0,1.6910676024940734e-28,nan,32.64,0.4908203844227982,1.0102966265068786e-27,1.179403386756286e-27,1.6910676024940734e-28,monotone,0.0,6.242709321736786e-29,nan,37.29,0.4895686882187042,1.5900333647968027e-25,1.590616128086815e-25,5.827632900122449e-29,monotone,0.0,0.0,nan,39.96,0.4894331376304082,1.5975330927118187e-25,1.5975330927118187e-25,0.0,monotone,0.0,1.4998896910395893e-28,nan,31.220000000000002,0.49066813538007414,1.3052097818908284e-29,1.3448672558173355e-29,3.9657473926507085e-31,monotone,0.0,0.0,nan,39.99,0.4894331376304082,1.597532215459349e-25,1.597532215459349e-25,0.0,monotone,0.0,1.5053696577850217e-28,nan,31.55,0.49066813538007414,1.3063365153852833e-29,1.3414040218796482e-29,3.5067506494364923e-31,monotone
linear,0.0002,0.025,E3_regime,iso,0.01,1.0,2.0,2000,False,1,0.05,40.0,32,E3_regime__linear__mu1-2_sd0.05__h32_eps2.50e-02_iso__s1__dt0.0002__9130e99432,40.0,7.905402862478197e-26,0.0,2.842170943040401e-14,0,0,0,0,0,0,0,0,0,0,0,0,181,539,0.0,0.0,nan,37.37,0.4912255784421172,3.1424791849448057e-26,3.1424791849448057e-26,0.0,monotone,0.0,0.0,nan,37.410000000000004,0.4912255758300357,3.14255868733291e-26,3.14255868733291e-26,0.0,monotone,0.0,2.084915461296402e-30,nan,34.18,0.49056505981214754,1.2169412058198515e-27,1.217169235925267e-27,2.2803010541544873e-31,monotone,0.0,0.0,nan,37.62,0.4892350579607373,1.568604750826646e-25,1.568604750826646e-25,0.0,monotone,0.0,0.0,nan,37.65,0.48936071009019266,1.5760772237737145e-25,1.5760772237737145e-25,0.0,monotone,0.0,8.500161399177537e-30,nan,30.7,0.49074069862056885,2.4652814144605113e-30,2.538989047710026e-30,7.370763324951474e-32,monotone,0.0,0.0,nan,37.64,0.48936071009019266,1.5754539651196107e-25,1.5754539651196107e-25,0.0,monotone,0.0,8.311016977988656e-30,nan,30.7,0.49074069862056885,2.224904164375596e-30,2.2977003102788565e-30,7.279614590326053e-32,monotone
linear,0.0002,0.025,E3_regime,iso,0.01,1.0,2.0,2000,False,2,0.05,40.0,32,E3_regime__linear__mu1-2_sd0.05__h32_eps2.50e-02_iso__s2__dt0.0002__ceae373a55,40.0,7.960290011646891e-26,0.0,1.1102230246251565e-16,0,0,0,0,0,0,0,0,0,0,0,0,181,539,0.0,0.0,nan,33.43,0.48870235227254016,3.1726025781677686e-26,3.1726025781677686e-26,0.0,monotone,0.0,0.0,nan,33.45,0.48870126542088993,3.1577616701651117e-26,3.1577616701651117e-26,0.0,monotone,0.0,1.286373869209928e-28,nan,33.05,0.4891238315599017,1.3620154418512171e-27,1.49065282877221e-27,1.286373869209928e-28,monotone,0.0,8.782240546405795e-32,nan,33.44,0.49125480346018663,1.5742049853263747e-25,1.5742054359939817e-25,4.506676069866132e-32,monotone,0.0,0.0,nan,33.45,0.49114502766524626,1.5816932146707889e-25,1.5816932146707889e-25,0.0,monotone,0.0,3.3945372472070285e-29,nan,33.3,0.48895695745051376,2.564789654365848e-28,2.566655162784487e-28,1.8655084186389043e-31,monotone,0.0,0.0,nan,33.45,0.49114502766524626,1.58231743172098e-25,1.58231743172098e-25,0.0,monotone,0.0,3.449070033743809e-29,nan,33.29,0.48895695745051376,2.5647905017010487e-28,2.5671344946188896e-28,2.3439929178408894e-31,monotone
linear,0.0002,0.025,E3_regime,iso,0.01,1.0,2.0,2000,False,3,0.05,40.0,32,E3_regime__linear__mu1-2_sd0.05__h32_eps2.50e-02_iso__s3__dt0.0002__c5a1aa1714,40.0,7.679420058009551e-26,0.0,8.881784197001252e-16,0,0,0,0,0,0,0,0,0,0,0,0,181,539,0.0,0.0,nan,33.43,0.48985815695929846,3.0543936204131466e-26,3.0543936204131466e-26,0.0,monotone,0.0,0.0,nan,33.44,0.4898576311136193,3.061256864362965e-26,3.061256864362965e-26,0.0,monotone,0.0,6.735525905556314e-29,nan,32.45,0.4903797286681769,1.1144216437641857e-27,1.150487474571256e-27,3.6065830807070353e-29,monotone,0.0,1.3866695599588098e-32,nan,33.46,0.48985477082489637,1.5168023669629662e-25,1.5168023669629662e-25,0.0,monotone,0.0,0.0,nan,33.46,0.48979190779762205,1.5235359567654943e-25,1.5235359567654943e-25,0.0,monotone,3.6834457908050604e-09,3.710950836693105e-09,4.3500000000000005,32.22,0.4903083520902642,6.310888985634335e-30,6.351921058807476e-30,4.1032073173141276e-32,other,0.0,0.0,nan,33.46,0.48979190779762205,1.5235359434246124e-25,1.5235359434246124e-25,0.0,monotone,3.6834457908050604e-09,3.7109508366864947e-09,4.3500000000000005,32.6,0.4903083520902642,6.310932011565314e-30,6.333482809704944e-30,2.2550798139630862e-32,other
linear,0.0002,0.025,E3_regime,iso,0.01,1.0,2.0,2000,False,4,0.05,40.0,32,E3_regime__linear__mu1-2_sd0.05__h32_eps2.50e-02_iso__s4__dt0.0002__f8dbca078d,40.0,8.1285746990222e-26,0.0,3.552713678800501e-15,0,0,0,0,0,0,0,0,0,0,0,0,181,539,0.0,0.0,nan,33.71,0.4920449742636008,3.200140603033386e-26,3.200140603033386e-26,0.0,monotone,0.0,0.0,nan,33.71,0.4920458367551809,3.1973370653319406e-26,3.1973370653319406e-26,0.0,monotone,0.0,1.577644773244248e-29,nan,33.480000000000004,0.4926185538929002,1.4338002434823737e-27,1.4489950603716113e-27,1.5194816889237536e-29,monotone,0.0,0.0,nan,33.71,0.4873263560031603,1.6043511045226815e-25,1.6043511045226815e-25,0.0,monotone,0.0,0.0,nan,33.71,0.48736604958145774,1.6099655909816727e-25,1.6099655909816727e-25,0.0,monotone,5.617140950355612e-08,5.663843695266013e-08,3.45,31.830000000000002,0.49274154951701293,1.5580619300011703e-28,1.5668149773066638e-28,8.753047305493474e-31,other,0.0,0.0,nan,33.71,0.48736604958145774,1.6099666691163815e-25,1.6099666691163815e-25,0.0,monotone,5.617140950355612e-08,5.663843695267873e-08,3.45,32.980000000000004,0.49274154951701293,1.5777218364722867e-28,1.5870959530416343e-28,9.374116569347607e-31,other
linear,0.0002,0.025,E3_regime,iso,0.01,1.0,2.0,2000,False,5,0.05,40.0,32,E3_regime__linear__mu1-2_sd0.05__h32_eps2.50e-02_iso__s5__dt0.0002__30ca6f71a0,40.0,8.381945626808046e-26,8.403122104652689e-32,1.1102230246251565e-16,0,0,0,0,0,0,0,0,0,0,0,0,181,539,0.0,8.897657676113034e-28,nan,32.4,0.491876228288595,3.209342080010086e-26,3.2983186567712165e-26,8.897657676113034e-28,monotone,0.0,8.762827172566372e-28,nan,32.4,0.4918760763620274,3.2149590161742927e-26,3.3025872878999564e-26,8.762827172566372e-28,monotone,0.0,0.0,nan,40.0,0.4911381066609073,1.6084389486075417e-27,1.6084389486075417e-27,0.0,monotone,0.0,0.0,nan,40.0,0.4885566044020099,1.6452820934068515e-25,1.6452820934068515e-25,0.0,monotone,0.0,0.0,nan,40.0,0.48872229850991794,1.650222414382904e-25,1.650222414382904e-25,0.0,monotone,3.877916815947008e-09,3.923006437102918e-09,5.0,31.76,0.49138118568231276,2.875401249915148e-28,2.879593920065352e-28,4.192670150203797e-31,other,0.0,0.0,nan,40.0,0.48872229850991794,1.650221440552283e-25,1.650221440552283e-25,0.0,monotone,3.877916815947008e-09,3.923006437106238e-09,5.0,31.76,0.49138118568231276,2.875401788950701e-28,2.8800267331705406e-28,4.624944219839604e-31,other
linear,0.0002,0.025,E3_regime,iso,0.01,1.0,2.0,2000,False,6,0.05,40.0,32,E3_regime__linear__mu1-2_sd0.05__h32_eps2.50e-02_iso__s6__dt0.0002__5d4e678379,40.0,7.868039584300741e-26,0.0,2.7755575615628914e-17,0,0,0,0,0,0,0,0,0,0,0,0,181,539,0.0,1.3805065841367707e-30,nan,33.32,0.49004012559891386,3.1539837659862017e-26,3.154054640208155e-26,7.087422195345028e-31,monotone,0.0,1.0107280348144214e-30,nan,33.29,0.49003929177353983,3.160956402756861e-26,3.1610272769788147e-26,7.087422195345028e-31,monotone,0.0,0.0,nan,33.29,0.49058152015472273,1.1471921121399122e-27,1.1471921121399122e-27,0.0,monotone,0.0,1.348150961071065e-32,nan,33.32,0.48963152890976275,1.5518572838829825e-25,1.5518574186980786e-25,1.348150961071065e-32,monotone,0.0,1.1245092284311794e-31,nan,33.32,0.4895756264434314,1.5611498415010392e-25,1.5611509660102677e-25,1.1245092284311794e-31,monotone,0.0,1.947827799770294e-29,nan,32.38,0.49052474187715256,2.2188238775671965e-29,2.3056144277071856e-29,8.679055013998912e-31,monotone,0.0,1.1502557657423107e-31,nan,33.32,0.4895756264434314,1.5617703229813124e-25,1.5617714732370782e-25,1.1502557657423107e-31,monotone,0.0,1.8959477972159048e-29,nan,32.39,0.49052474187715256,2.218679893889422e-29,2.296143538387265e-29,7.746364449784276e-31,monotone
linear,0.0002,0.025,E3_regime,iso,0.01,1.0,2.0,2000,False,7,0.05,40.0,32,E3_regime__linear__mu1-2_sd0.05__h32_eps2.50e-02_iso__s7__dt0.0002__f7cc0ae367,40.0,8.409536296524481e-26,0.0,5.551115123125783e-17,0,0,0,0,0,0,0,0,0,0,0,0,181,539,0.0,0.0,nan,32.55,0.4907309162262369,3.364433982869284e-26,3.364433982869284e-26,0.0,monotone,0.0,0.0,nan,32.55,0.4907315120985334,3.3571263883626964e-26,3.3571263883626964e-26,0.0,monotone,0.0,0.0,nan,32.55,0.4909064451497854,1.3809504146924547e-27,1.3809504146924547e-27,0.0,monotone,0.0,0.0,nan,32.55,0.4891346021873194,1.6680484949090485e-25,1.6680484949090485e-25,0.0,monotone,0.0,0.0,nan,32.55,0.4891502647338488,1.6756769168657034e-25,1.6756769168657034e-25,0.0,monotone,0.0,7.393383051743341e-30,nan,30.43,0.4909505934347832,1.1399084284883606e-28,1.1404867176134484e-28,5.782891250878345e-32,monotone,0.0,0.0,nan,32.55,0.4891502647338488,1.6763202777998902e-25,1.6763202777998902e-25,0.0,monotone,0.0,7.270134684141634e-30,nan,30.43,0.4909505934347832,1.1399056025088337e-28,1.1404950613308461e-28,5.894588220124203e-32,monotone
linear,0.0002,0.025,E3_regime,iso,0.01,1.0,2.0,2000,False,8,0.05,40.0,32,E3_regime__linear__mu1-2_sd0.05__h32_eps2.50e-02_iso__s8__dt0.0002__c3c61d5b61,40.0,8.016808217025367e-26,0.0,8.881784197001252e-16,0,0,0,0,0,0,0,0,0,0,0,0,181,539,0.0,0.0,nan,35.82,0.490261583077446,3.2539483123404456e-26,3.2539483123404456e-26,0.0,monotone,0.0,0.0,nan,35.81,0.49026106118298773,3.2497120368347715e-26,3.2497120368347715e-26,0.0,monotone,0.0,1.611464103067688e-29,nan,33.21,0.48894227830446535,1.2075133935560871e-27,1.223628034586764e-27,1.611464103067688e-29,monotone,0.0,0.0,nan,35.88,0.49085881239921136,1.5857155945284967e-25,1.5857155945284967e-25,0.0,monotone,0.0,0.0,nan,35.88,0.4910042361046721,1.5939443896164017e-25,1.5939443896164017e-25,0.0,monotone,2.8680088607044046e-13,2.9272719904469854e-13,7.46,27.990000000000002,0.48909766750572203,1.4523652758261637e-29,1.318891838084497e-28,1.1736553105018805e-28,monotone,0.0,0.0,nan,35.88,0.4910042361046721,1.5945717004771134e-25,1.5945717004771134e-25,0.0,monotone,2.8680088607044046e-13,2.9272719907997887e-13,7.46,27.990000000000002,0.48909766750572203,1.4687025763538328e-29,1.3179102455845028e-28,1.1710399879491195e-28,monotone
linear,0.0002,0.025,E3_regime,iso,0.01,1.0,2.0,2000,False,9,0.05,40.0,32,E3_regime__linear__mu1-2_sd0.05__h32_eps2.50e-02_iso__s9__dt0.0002__a182c31fda,40.0,7.696455371386087e-26,-7.574160739127646e-33,5.551115123125783e-17,0,0,0,0,0,0,0,0,0,4,0,4,181,539,0.0,0.0,nan,39.550000000000004,0.4918456035961317,3.0593954915903136e-26,3.0593954915903136e-26,0.0,monotone,0.0,0.0,nan,39.77,0.4918459040603865,3.0593954915903136e-26,3.0593954915903136e-26,0.0,monotone,0.0,3.9256615242433906e-29,nan,38.83,0.48986012240035826,1.1550673359790089e-27,1.1550673359790089e-27,0.0,monotone,0.0,0.0,nan,39.94,0.4895837183914048,1.5212848995750495e-25,1.5212848995750495e-25,0.0,monotone,0.0,0.0,nan,39.980000000000004,0.48987552508632576,1.5286353485599946e-25,1.5286353485599946e-25,0.0,monotone,0.0,3.210155233869388e-29,nan,32.68,0.4902290453184783,6.1630024127710895e-31,6.276000765818861e-31,1.1299835304777126e-32,monotone,0.0,0.0,nan,40.0,0.48987552508632576,1.5292492405240849e-25,1.5292492405240849e-25,0.0,monotone,0.0,3.211151871357571e-29,nan,32.68,0.4902290453184783,6.163290114320198e-31,6.248583839931e-31,8.529372561080207e-33,monotone
linear,0.0002,0.025,E3_regime,pos,0.01,1.0,2.0,2000,False,0,0.05,40.0,32,E3_regime__linear__mu1-2_sd0.05__h32_eps2.50e-02_pos__s0__dt0.0002__5b9ee6434f,40.0,8.42157783560062e-26,0.0,4.440892098500626e-16,96,96,103,103,99,99,106,106,103,103,110,110,181,539,0.0012517259901133337,0.0013080779103600976,1.78,36.01,0.4847401525607664,3.3586210640739364e-26,3.3588090348365086e-26,1.8797076257219422e-30,transient,0.0012518867738894462,0.0013086124899614332,1.78,36.01,0.48474337856521144,3.3541287169228565e-26,3.3543154550902643e-26,1.867381674077864e-30,transient,0.0,2.4923074224326342e-29,nan,36.02,0.4899542828708587,1.4423506020634753e-27,1.4423506020634753e-27,0.0,monotone,0.0,7.703719777548943e-33,nan,36.01,0.4920036990908552,1.666469128354434e-25,1.6664691716878577e-25,4.333342374871281e-33,monotone,0.0,1.5550237460892076e-32,nan,36.01,0.49120682815176775,1.6741738181690545e-25,1.6741738181690545e-25,0.0,monotone,0.0,4.221752292405065e-29,nan,30.05,0.48892888240197996,1.5562360952768268e-28,1.677902019338277e-28,1.2166592406145034e-29,monotone,0.0,1.539214779704388e-32,nan,36.01,0.49120682815176775,1.674173706192507e-25,1.674173706192507e-25,0.0,monotone,0.0,4.345705186328131e-29,nan,30.05,0.48892888240197996,1.5595418832651059e-28,1.6779494862845328e-28,1.1840760301942692e-29,monotone
linear,0.0002,0.025,E3_regime,pos,0.01,1.0,2.0,2000,False,1,0.05,40.0,32,E3_regime__linear__mu1-2_sd0.05__h32_eps2.50e-02_pos__s1__dt0.0002__ab315bee1b,40.0,8.971899415523643e-26,0.0,2.7755575615628914e-17,125,125,130,130,127,127,133,133,130,130,136,136,181,539,0.0025011517974636993,0.0025605258418156113,1.77,34.22,0.48506605928281143,3.522961744749268e-26,3.601231999912352e-26,7.827025516308392e-28,transient,0.0025010777295490644,0.002560427837969545,1.77,34.21,0.48506662937259526,3.520119996597726e-26,3.599107005848913e-26,7.898700925118707e-28,transient,0.0,2.1911401273790802e-29,nan,36.76,0.4914581409218388,6.72795777124685e-27,6.72795777124685e-27,0.0,monotone,0.0,0.0,nan,36.81,0.49070341494983805,1.5539040745980647e-25,1.5539040745980647e-25,0.0,monotone,0.0,3.3265795567229744e-31,nan,36.81,0.4898019278296612,1.5623974896939814e-25,1.5623974896939814e-25,0.0,monotone,5.650106645175996e-12,5.7538431285238135e-12,8.02,28.96,0.4903407068759234,8.807772720906179e-29,5.656417262469348e-27,5.568339535260286e-27,monotone,0.0,3.2826909942876487e-31,nan,36.81,0.4898019278296612,1.5623973278652135e-25,1.5623973278652135e-25,0.0,monotone,5.650106645175996e-12,5.753843128394669e-12,8.02,28.96,0.4903407068759234,8.764253229244486e-29,5.6563754033122e-27,5.568732871019755e-27,monotone
linear,0.0002,0.025,E3_regime,pos,0.01,1.0,2.0,2000,False,2,0.05,40.0,32,E3_regime__linear__mu1-2_sd0.05__h32_eps2.50e-02_pos__s2__dt0.0002__29a709180f,40.0,8.971444501966374e-26,0.0,5.551115123125783e-17,134,134,139,139,137,137,142,142,139,139,144,144,181,539,0.0029941405047880093,0.0030578673810083556,1.76,35.59,0.4851187854138847,3.524832207911257e-26,3.5313766719366804e-26,6.544464025423378e-29,transient,0.0029904300650833437,0.0030542937067807308,1.76,35.56,0.4851324202795298,3.505513743899493e-26,3.51209272058952e-26,6.578976690026798e-29,transient,0.0,1.449252653501673e-29,nan,35.99,0.49178831170426407,7.050746326228073e-27,7.050746326228073e-27,0.0,monotone,0.0,0.0,nan,36.07,0.49042546315092533,1.558728073626323e-25,1.558728073626323e-25,0.0,monotone,0.0,0.0,nan,36.07,0.4894981275306138,1.5643401735651737e-25,1.5643401735651737e-25,0.0,monotone,0.0,2.5085508542788953e-27,nan,29.57,0.4906469640653282,3.2567341057336244e-27,5.752532456595659e-27,2.4957983508620347e-27,monotone,0.0,0.0,nan,36.07,0.4894981275306138,1.5643409296205718e-25,1.5643409296205718e-25,0.0,monotone,0.0,2.507552068538328e-27,nan,29.57,0.4906469640653282,3.2579057313086145e-27,5.752613819968904e-27,2.4947080886602897e-27,monotone
linear,0.0002,0.025,E3_regime,pos,0.01,1.0,2.0,2000,False,3,0.05,40.0,32,E3_regime__linear__mu1-2_sd0.05__h32_eps2.50e-02_pos__s3__dt0.0002__4a6817072a,40.0,9.872910429104401e-26,-4.65985337040733e-30,2.7755575615628914e-17,128,128,133,133,130,130,136,136,133,133,139,139,181,539,0.002763756039022597,0.0028285240126800643,1.77,39.92,0.48535612431606606,3.853531287817409e-26,3.854278856784622e-26,7.475689672133495e-30,transient,0.0027647936308189958,0.002829511427541037,1.77,39.97,0.48535093105646576,3.862507662102209e-26,3.862507662102209e-26,0.0,transient,0.0,1.3681806324926924e-29,nan,39.980000000000004,0.4920541249181767,4.6349310633966666e-27,4.6349310633966666e-27,0.0,monotone,0.0,2.953413569717826e-31,nan,40.0,0.490131307004089,1.8260295709817039e-25,1.8260295709817039e-25,0.0,monotone,0.0,0.0,nan,40.0,0.48921280270483236,1.8355420906154999e-25,1.8355420906154999e-25,0.0,monotone,4.7959050872040365e-11,4.8786666488648463e-11,7.46,28.91,0.490931585960349,2.158441960293003e-28,3.14328638781335e-27,2.9274421917840498e-27,monotone,0.0,0.0,nan,40.0,0.48921280270483236,1.8355419087779906e-25,1.8355419087779906e-25,0.0,monotone,4.7959050872040365e-11,4.878666648855847e-11,7.46,28.91,0.490931585960349,2.150655113014654e-28,3.1433303000086405e-27,2.928264788707175e-27,monotone
linear,0.0002,0.025,E3_regime,pos,0.01,1.0,2.0,2000,False,4,0.05,40.0,32,E3_regime__linear__mu1-2_sd0.05__h32_eps2.50e-02_pos__s4__dt0.0002__7c14a3d7b1,40.0,8.248409900877677e-26,-4.95673096488647e-32,7.105427357601002e-15,130,130,135,135,132,132,138,138,135,135,141,141,181,539,0.0022774423003423527,0.0023280269832256367,1.73,39.74,0.48375196773206014,3.2990372597520663e-26,3.2990372597520663e-26,0.0,transient,0.002277159870199094,0.0023276766141177713,1.73,39.89,0.483752918354755,3.298077222193388e-26,3.298077222193388e-26,0.0,transient,0.0,4.3202460512494475e-29,nan,35.56,0.4890490216599273,2.0877207708533966e-27,2.0978709031428035e-27,1.015013228940683e-29,monotone,0.0,3.2355623065705562e-31,nan,39.96,0.4930752611094009,1.5948354428904338e-25,1.5948354428904338e-25,0.0,monotone,0.0,7.348106567900571e-31,nan,40.0,0.4922208420712619,1.604336703576781e-25,1.604336703576781e-25,0.0,monotone,0.0,4.290651996515407e-28,nan,29.990000000000002,0.48792422757770615,5.354204966520506e-28,9.23182177537474e-28,3.8776168088542333e-28,monotone,0.0,7.5935346648827576e-31,nan,39.980000000000004,0.49222084207126193,1.6049659784139902e-25,1.6049659784139902e-25,0.0,monotone,0.0,4.279546742175564e-28,nan,29.990000000000002,0.4879242275777062,5.369204773919947e-28,9.231626393689369e-28,3.8624216197694216e-28,monotone
linear,0.0002,0.025,E3_regime,pos,0.01,1.0,2.0,2000,False,5,0.05,40.0,32,E3_regime__linear__mu1-2_sd0.05__h32_eps2.50e-02_pos__s5__dt0.0002__cf45c08943,40.0,9.51291515219206e-26,6.062000297106994e-32,2.220446049250313e-16,68,68,75,75,72,72,78,78,76,76,83,83,181,539,0.0005192849537827005,0.0006163812206907843,1.82,33.57,0.4856294609665457,3.656683528945545e-26,3.699568442128809e-26,4.288491318326391e-28,transient,0.0005191690498488194,0.0006158696703104094,1.82,33.58,0.48562786880636133,3.656683528945545e-26,3.7004542158288313e-26,4.3770686883286485e-28,transient,0.0,1.5786173678661637e-29,nan,39.68,0.4908088299883667,3.624162969239402e-27,3.624162969239402e-27,0.0,monotone,0.0,0.0,nan,39.97,0.49101032942324885,1.7980335436049065e-25,1.7980335436049065e-25,0.0,monotone,0.0,0.0,nan,40.0,0.4902611076054597,1.8061918020202173e-25,1.8061918020202173e-25,0.0,monotone,0.0,1.4581385379712077e-27,nan,28.73,0.48986865182828326,6.984539428969664e-28,2.0973304578771598e-27,1.3988765149801934e-27,monotone,0.0,0.0,nan,40.0,0.4902611076054597,1.8055257682738347e-25,1.8055257682738347e-25,0.0,monotone,0.0,1.4574048295750481e-27,nan,28.73,0.48986865182828326,6.994608653941271e-28,2.0973721192473908e-27,1.3979112538532638e-27,monotone
linear,0.0002,0.025,E3_regime,pos,0.01,1.0,2.0,2000,False,6,0.05,40.0,32,E3_regime__linear__mu1-2_sd0.05__h32_eps2.50e-02_pos__s6__dt0.0002__549b4d3589,40.0,8.693643345888335e-26,0.0,6.938893903907228e-18,111,111,118,118,114,114,121,121,117,117,124,124,181,539,0.0019736456874936553,0.0020348481918605887,1.78,34.24,0.48538635011830034,3.4446646806413583e-26,3.4446646806413583e-26,0.0,transient,0.001974126826191025,0.002034946423265724,1.78,34.230000000000004,0.4853806222852979,3.456208088430433e-26,3.457150407433623e-26,9.423190031897868e-30,transient,0.0,2.0477931616183382e-29,nan,34.230000000000004,0.49163710474617495,5.6489398235748544e-27,5.6489398235748544e-27,0.0,monotone,0.0,0.0,nan,34.24,0.4904472236801901,1.539110150619366e-25,1.539110150619366e-25,0.0,monotone,0.0,4.185211122637716e-33,nan,34.230000000000004,0.48957609717445916,1.5481484025705518e-25,1.548148444422663e-25,4.185211122637716e-33,monotone,0.0,4.085277011664574e-27,nan,28.810000000000002,0.4905636861428163,4.981024880246873e-28,4.526408749611051e-27,4.028306261586364e-27,monotone,0.0,2.926353788944233e-33,nan,34.230000000000004,0.48957609717445916,1.5487662407297029e-25,1.5487662699932408e-25,2.926353788944233e-33,monotone,0.0,4.085044010450913e-27,nan,28.810000000000002,0.4905636861428163,4.98683929075203e-28,4.526417234130912e-27,4.027733305055709e-27,monotone
linear,0.0002,0.025,E3_regime,pos,0.01,1.0,2.0,2000,False,7,0.05,40.0,32,E3_regime__linear__mu1-2_sd0.05__h32_eps2.50e-02_pos__s7__dt0.0002__2e9f0f2362,40.0,8.418257769973898e-26,-2.788257433977453e-31,6.938893903907228e-18,126,126,132,132,129,129,135,135,132,132,138,138,181,539,0.0024926764516050443,0.002549677394283259,1.76,33.72,0.4847501319892394,3.0916298581067205e-26,3.272513814781152e-26,1.808839566744314e-27,transient,0.0024920543420279273,0.0025490116531532714,1.76,33.71,0.4847537010007724,3.0881106448379406e-26,3.268380152822915e-26,1.802695079849741e-27,transient,0.0,1.9709581864870094e-29,nan,39.61,0.4909473002674157,4.5336883928941295e-27,4.5336883928941295e-27,0.0,monotone,0.0,0.0,nan,40.0,0.49121877675038816,1.549220762826314e-25,1.549220762826314e-25,0.0,monotone,0.0,0.0,nan,40.0,0.49032162393204165,1.5547002101466778e-25,1.5547002101466778e-25,0.0,monotone,9.01097378532127e-13,9.174009801563952e-13,8.52,29.03,0.4898210691403588,3.127843915189876e-29,3.1600344906464038e-27,3.128756051494505e-27,monotone,0.0,0.0,nan,40.0,0.49032162393204165,1.5547026242220975e-25,1.5547026242220975e-25,0.0,monotone,9.01097378532127e-13,9.174009801107145e-13,8.52,29.03,0.4898210691403588,3.102071215117505e-29,3.1600470062459518e-27,3.1290262940947767e-27,monotone
linear,0.0002,0.025,E3_regime,pos,0.01,1.0,2.0,2000,False,8,0.05,40.0,32,E3_regime__linear__mu1-2_sd0.05__h32_eps2.50e-02_pos__s8__dt0.0002__0cc934b419,40.0,8.446664599144345e-26,0.0,6.938893903907228e-18,156,156,159,159,158,158,161,161,160,160,163,163,181,539,0.004825861568005754,0.004907473233694198,1.77,33.660000000000004,0.4855316239686244,3.298876406083111e-26,3.3526298812029366e-26,5.375347511982551e-28,transient,0.0048245830305159165,0.004906216398688754,1.77,33.660000000000004,0.4855338508334421,3.2994464813466497e-26,3.3533786827653143e-26,5.393220141866464e-28,transient,0.0,0.0,nan,36.88,0.49315904907831537,4.1216265331252446e-27,4.1216265331252446e-27,0.0,monotone,0.0,0.0,nan,36.980000000000004,0.48920392456176554,1.5626779951271108e-25,1.5626779951271108e-25,0.0,monotone,0.0,0.0,nan,36.980000000000004,0.48819871676339505,1.568628945767161e-25,1.568628945767161e-25,0.0,monotone,0.0,2.963488742804801e-27,nan,29.11,0.4919561927224568,5.4344295691420076e-30,2.925782725005705e-27,2.9203482954365627e-27,monotone,0.0,0.0,nan,36.980000000000004,0.48819871676339505,1.5686295351637735e-25,1.5686295351637735e-25,0.0,monotone,0.0,2.9637526635979962e-27,nan,29.11,0.4919561927224568,5.492689398258956e-30,2.925806882744293e-27,2.920314193346034e-27,monotone
linear,0.0002,0.025,E3_regime,pos,0.01,1.0,2.0,2000,False,9,0.05,40.0,32,E3_regime__linear__mu1-2_sd0.05__h32_eps2.50e-02_pos__s9__dt0.0002__7d104b5e1f,40.0,7.981157755314169e-26,0.0,1.3877787807814457e-17,87,87,95,95,91,91,99,99,96,96,103,103,181,539,0.000894161215084413,0.0009494834715501332,1.77,34.51,0.48405931555498577,3.1300609427377923e-26,3.175564658422236e-26,4.5503715684443895e-28,transient,0.000894115326344494,0.000949347686952054,1.77,34.5,0.48405905875324284,3.126915976175806e-26,3.176078034308212e-26,4.916205813240634e-28,transient,0.0,4.458248561414515e-29,nan,37.26,0.4882102783282671,2.482354216480041e-27,2.482354216480041e-27,0.0,monotone,0.0,0.0,nan,37.33,0.4936273700015844,1.5248406467719094e-25,1.5248406467719094e-25,0.0,monotone,0.0,0.0,nan,37.33,0.49290560729645727,1.5308996368683018e-25,1.5308996368683018e-25,0.0,monotone,2.915266412111867e-10,2.962036140073472e-10,7.0,29.03,0.4872321838892128,3.89549791627589e-28,1.3440948809240693e-27,9.545450892964803e-28,monotone,0.0,0.0,nan,37.33,0.49290560729645727,1.530899610445923e-25,1.530899610445923e-25,0.0,monotone,2.915266412111867e-10,2.9620361400655003e-10,7.0,29.03,0.4872321838892128,3.8886970870264614e-28,1.3440893408577693e-27,9.552196321551232e-28,monotone
linear,0.0002,0.0025,E3_regime,iso,0.01,1.0,2.0,2000,False,0,0.05,40.0,32,E3_regime__linear__mu1-2_sd0.05__h32_eps2.50e-03_iso__s0__dt0.0002__1089dffbc6,40.0,7.967563412530627e-26,0.0,1.1102230246251565e-16,0,0,0,0,0,0,0,0,0,0,0,0,181,539,0.0,0.0,nan,37.410000000000004,0.4998962263119595,3.167435539238571e-26,3.167435539238571e-26,0.0,monotone,0.0,0.0,nan,37.410000000000004,0.4998962396302985,3.16050727589383e-26,3.16050727589383e-26,0.0,monotone,0.0,1.2861514243013512e-28,nan,37.22,0.49990777951761783,1.1049264239523677e-27,1.2335415663825028e-27,1.2861514243013512e-28,monotone,0.0,0.0,nan,37.410000000000004,0.4998951373859565,1.5829416198516974e-25,1.5829416198516974e-25,0.0,monotone,0.0,0.0,nan,37.4,0.49989376832501475,1.591073778334594e-25,1.591073778334594e-25,0.0,monotone,0.0,1.1353218400293117e-28,nan,35.86,0.4999062418022864,8.882339968907683e-31,9.918227586016108e-31,1.0358876171084254e-31,monotone,0.0,0.0,nan,37.4,0.49989376832501475,1.5910736344499972e-25,1.5910736344499972e-25,0.0,monotone,0.0,1.1433375358540072e-28,nan,35.86,0.4999062418022864,8.878556638110491e-31,1.0246516134572827e-30,1.3679594964623355e-31,monotone
linear,0.0002,0.0025,E3_regime,iso,0.01,1.0,2.0,2000,False,1,0.05,40.0,32,E3_regime__linear__mu1-2_sd0.05__h32_eps2.50e-03_iso__s1__dt0.0002__d8ff0ec3b1,40.0,8.033033260108473e-26,0.0,4.440892098500626e-16,0,0,0,0,0,0,0,0,0,0,0,0,181,539,0.0,0.0,nan,39.27,0.49991187129871156,3.207385335186589e-26,3.207385335186589e-26,0.0,monotone,0.0,0.0,nan,39.34,0.49991187127232956,3.208717616484918e-26,3.208717616484918e-26,0.0,monotone,0.0,1.3677954465038149e-30,nan,37.15,0.4999052000605489,1.2139129698717942e-27,1.2150223055197613e-27,1.1093356479670479e-30,monotone,0.0,0.0,nan,39.37,0.4998917670418496,1.5917452545908905e-25,1.5917452545908905e-25,0.0,monotone,0.0,0.0,nan,39.36,0.4998930361283571,1.6005395521232881e-25,1.6005395521232881e-25,0.0,monotone,0.0,8.404120661117123e-30,nan,36.160000000000004,0.499906974012514,1.5407508543510746e-29,1.5449509535139927e-29,4.200099162918176e-32,monotone,0.0,0.0,nan,39.37,0.4998930361283571,1.600539316166857e-25,1.600539316166857e-25,0.0,monotone,0.0,8.2789898335396e-30,nan,35.26,0.499906974012514,1.5407706025450174e-29,1.5440672509152787e-29,3.2966483702613677e-32,monotone
linear,0.0002,0.0025,E3_regime,iso,0.01,1.0,2.0,2000,False,2,0.05,40.0,32,E3_regime__linear__mu1-2_sd0.05__h32_eps2.50e-03_iso__s2__dt0.0002__d1bbbc186b,40.0,7.963585581203461e-26,0.0,4.440892098500626e-16,0,0,0,0,0,0,0,0,0,0,0,0,181,539,0.0,2.7178723375192672e-30,nan,39.4,0.4998863838323738,3.169278885306943e-26,3.169550672540695e-26,2.7178723375192672e-30,monotone,0.0,2.705546385875189e-30,nan,39.44,0.4998863728551722,3.145676690875675e-26,3.145676690875675e-26,0.0,monotone,0.0,1.4537342924822621e-28,nan,37.68,0.49989064077317613,1.4856966406533238e-27,1.6296884077594466e-27,1.439917671061228e-28,monotone,0.0,6.040679270570565e-31,nan,39.46,0.499912163589369,1.5705063687943802e-25,1.5705063687943802e-25,0.0,monotone,0.0,1.3250950258660892e-31,nan,39.46,0.4999110548538402,1.579194662885389e-25,1.579194662885389e-25,0.0,monotone,0.0,4.196299865247595e-29,nan,38.09,0.4998889553446714,3.913736779908872e-28,3.9168427504052003e-28,3.10597049632825e-31,monotone,0.0,2.1953998260338793e-31,nan,39.47,0.4999110548538402,1.5791947188979042e-25,1.5791947188979042e-25,0.0,monotone,0.0,4.249490469978613e-29,nan,38.06,0.4998889553446714,3.913736302936358e-28,3.9172751979709473e-28,3.5388950345892464e-31,monotone
linear,0.0002,0.0025,E3_regime,iso,0.01,1.0,2.0,2000,False,3,0.05,40.0,32,E3_regime__linear__mu1-2_sd0.05__h32_eps2.50e-03_iso__s3__dt0.0002__a5e5e1917f,40.0,7.798253806196429e-26,0.0,2.7755575615628914e-17,0,0,0,0,0,0,0,0,0,0,0,0,181,539,0.0,0.0,nan,37.26,0.49989806608584947,3.104269351145745e-26,3.104269351145745e-26,0.0,monotone,0.0,0.0,nan,37.27,0.4998980607748082,3.1064405675278495e-26,3.1064405675278495e-26,0.0,monotone,0.0,2.7499487007430366e-29,nan,37.03,0.49990333396010916,1.2321114671022981e-27,1.2560036873238912e-27,2.3892220221593074e-29,monotone,0.0,0.0,nan,37.27,0.499898031885892,1.5370488547629077e-25,1.5370488547629077e-25,0.0,monotone,0.0,0.0,nan,37.27,0.49989739696931657,1.5432187738830733e-25,1.5432187738830733e-25,0.0,monotone,2.5997058566479776e-08,2.6085177026574426e-08,4.69,36.550000000000004,0.4999026130566722,1.0255836106301232e-28,1.0261792518841652e-28,5.956412540420497e-32,other,0.0,0.0,nan,37.27,0.49989739696931657,1.5438357541537701e-25,1.5438357541537701e-25,0.0,monotone,2.5997058566479776e-08,2.6085177026564024e-08,4.69,35.35,0.4999026130566722,1.0255816020337076e-28,1.025989633388459e-28,4.0803135475130005e-32,other
linear,0.0002,0.0025,E3_regime,iso,0.01,1.0,2.0,2000,False,4,0.05,40.0,32,E3_regime__linear__mu1-2_sd0.05__h32_eps2.50e-03_iso__s4__dt0.0002__ca86bde8ae,40.0,8.245361638998489e-26,5.273866812080759e-32,5.551115123125783e-17,0,0,0,0,0,0,0,0,0,0,0,0,181,539,0.0,1.8188482394793055e-29,nan,39.64,0.49992011624456995,3.240813316045329e-26,3.241789993638727e-26,9.76677593397655e-30,monotone,0.0,1.81638304915049e-29,nan,38.980000000000004,0.49992012495573496,3.235781708509821e-26,3.2362014071633017e-26,4.1969865348086644e-30,monotone,0.0,8.551514139068205e-30,nan,38.2,0.499925909398826,2.0604122397999522e-27,2.0661376443386266e-27,5.725404538674375e-30,monotone,0.0,5.055566104016494e-32,nan,39.83,0.49987245820013954,1.6011687941790732e-25,1.6011687941790732e-25,0.0,monotone,0.0,4.449856546109433e-32,nan,39.99,0.4998728591052803,1.6094833914780029e-25,1.6094838316488329e-25,4.4017082997956395e-32,monotone,8.348155362951237e-08,8.397510841883374e-08,4.54,36.22,0.4999271516546294,7.549648549120462e-28,7.572848809283595e-28,2.320026016313347e-30,other,0.0,4.4582355111680675e-32,nan,39.99,0.4998728591052803,1.6094841577923394e-25,1.6094845988010657e-25,4.4100872625583866e-32,monotone,8.348155362951237e-08,8.397510841884358e-08,4.54,36.22,0.4999271516546294,7.549645633418812e-28,7.5741596683464495e-28,2.4514034927637322e-30,other
linear,0.0002,0.0025,E3_regime,iso,0.01,1.0,2.0,2000,False,5,0.05,40.0,32,E3_regime__linear__mu1-2_sd0.05__h32_eps2.50e-03_iso__s5__dt0.0002__1f6e5bc1ea,40.0,8.452405237144267e-26,1.4534609401615728e-31,1.3877787807814457e-17,0,0,0,0,0,0,0,0,0,0,0,0,181,539,0.0,9.163050822449595e-28,nan,36.96,0.49991843248475365,3.196509377679041e-26,3.2881398859035367e-26,9.163050822449595e-28,monotone,0.0,9.165885791327733e-28,nan,36.96,0.4999184309502954,3.198103893598598e-26,3.289762751511875e-26,9.165885791327733e-28,monotone,0.0,0.0,nan,39.94,0.4999109774563141,1.7404021276529996e-27,1.7404021276529996e-27,0.0,monotone,0.0,0.0,nan,39.99,0.4998849042834992,1.6588133218620415e-25,1.6588133218620415e-25,0.0,monotone,0.0,2.0736804099195312e-32,nan,39.96,0.499886577793989,1.6656686039043973e-25,1.6656686039043973e-25,0.0,monotone,1.0638419341417334e-07,1.0653850877803706e-07,4.7,36.21,0.49991343255443016,3.2037759845110514e-28,3.2381088778442746e-28,3.433289333322314e-30,other,0.0,2.073203225793832e-32,nan,39.97,0.499886577793989,1.6656683436419756e-25,1.6656683436419756e-25,0.0,monotone,1.0638419341417334e-07,1.0653850877808089e-07,4.7,36.21,0.49991343255443016,3.2037616560827677e-28,3.2393328751885785e-28,3.557121910581076e-30,other
linear,0.0002,0.0025,E3_regime,iso,0.01,1.0,2.0,2000,False,6,0.05,40.0,32,E3_regime__linear__mu1-2_sd0.05__h32_eps2.50e-03_iso__s6__dt0.0002__726378a695,40.0,7.921136746614528e-26,0.0,5.551115123125783e-17,0,0,0,0,0,0,0,0,0,0,0,0,181,539,0.0,7.8269792939897265e-31,nan,37.37,0.499899903426946,3.157373402688323e-26,3.157373402688323e-26,0.0,monotone,0.0,7.8269792939897265e-31,nan,37.37,0.49989989500530974,3.165745189044981e-26,3.165745189044981e-26,0.0,monotone,0.0,0.0,nan,37.35,0.4999053715119598,1.2093161602805308e-27,1.2093161602805308e-27,0.0,monotone,0.0,0.0,nan,37.38,0.49989577660038564,1.5636664671154879e-25,1.5636664671154879e-25,0.0,monotone,0.0,0.0,nan,37.38,0.4998952119854757,1.5698668288756151e-25,1.5698668288756151e-25,0.0,monotone,0.0,2.5561162358858085e-29,nan,37.01,0.49990479805135635,4.348719189261731e-29,4.366128342719409e-29,1.7409153457677643e-31,monotone,0.0,0.0,nan,37.38,0.4998952119854757,1.5698665077537095e-25,1.5698665077537095e-25,0.0,monotone,0.0,2.545386535456541e-29,nan,37.02,0.49990479805135635,4.3489834238586406e-29,4.3620257423379936e-29,1.304231847935295e-31,monotone
linear,0.0002,0.0025,E3_regime,iso,0.01,1.0,2.0,2000,False,7,0.05,40.0,32,E3_regime__linear__mu1-2_sd0.05__h32_eps2.50e-03_iso__s7__dt0.0002__d48ec9f2b2,40.0,8.403155854048757e-26,0.0,1.4210854715202004e-14,0,0,0,0,0,0,0,0,0,0,0,0,181,539,0.0,0.0,nan,37.160000000000004,0.49990687796304173,3.3635267928282796e-26,3.3635267928282796e-26,0.0,monotone,0.0,0.0,nan,37.160000000000004,0.49990688398135213,3.354899859272589e-26,3.354899859272589e-26,0.0,monotone,0.0,0.0,nan,37.160000000000004,0.49990865080516966,1.3400151589104929e-27,1.3400151589104929e-27,0.0,monotone,0.0,0.0,nan,37.160000000000004,0.4998907551912487,1.6678004283914566e-25,1.6678004283914566e-25,0.0,monotone,0.0,0.0,nan,37.160000000000004,0.4998909133829687,1.6748394316277645e-25,1.6748394316277645e-25,0.0,monotone,0.0,6.570067306297466e-30,nan,35.74,0.4999090967028482,6.924720498802852e-29,6.926084651857363e-29,1.3641530545111315e-32,monotone,0.0,0.0,nan,37.160000000000004,0.4998909133829687,1.674839509086233e-25,1.674839509086233e-25,0.0,monotone,0.0,6.4037540641202e-30,nan,35.95,0.4999090967028482,6.924722009210916e-29,6.92551381503705e-29,7.918058261339384e-33,monotone
linear,0.0002,0.0025,E3_regime,iso,0.01,1.0,2.0,2000,False,8,0.05,40.0,32,E3_regime__linear__mu1-2_sd0.05__h32_eps2.50e-03_iso__s8__dt0.0002__13af32ed55,40.0,8.009723760247148e-26,0.0,2.220446049250313e-16,0,0,0,0,0,0,0,0,0,0,0,0,181,539,0.0,0.0,nan,38.0,0.49990213247103027,3.218609808976873e-26,3.218609808976873e-26,0.0,monotone,0.0,0.0,nan,38.0,0.4999021271998963,3.215671302104925e-26,3.215671302104925e-26,0.0,monotone,0.0,1.738074737611705e-29,nan,37.81,0.49988880749282316,1.2047943656606012e-27,1.2221751130367182e-27,1.738074737611705e-29,monotone,0.0,0.0,nan,37.87,0.49990816448717995,1.5879790138437237e-25,1.5879790138437237e-25,0.0,monotone,0.0,0.0,nan,37.88,0.4999096332666052,1.5955178894637051e-25,1.5955178894637051e-25,0.0,monotone,3.9503592316495166e-11,3.979554783523637e-11,9.13,37.660000000000004,0.4998903769237558,5.7987551710816e-29,5.840791727676051e-29,4.2036556594450375e-31,monotone,0.0,0.0,nan,37.88,0.4999096332666052,1.5961482729261692e-25,1.5961482729261692e-25,0.0,monotone,3.9503592316495166e-11,3.979554783620387e-11,9.13,34.660000000000004,0.4998903769237558,5.798745062112825e-29,5.831986853263482e-29,3.324179115065714e-31,monotone
linear,0.0002,0.0025,E3_regime,iso,0.01,1.0,2.0,2000,False,9,0.05,40.0,32,E3_regime__linear__mu1-2_sd0.05__h32_eps2.50e-03_iso__s9__dt0.0002__b3765465d4,40.0,7.709839042060002e-26,6.779186774671601e-32,1.3877787807814457e-17,0,0,0,0,0,0,0,0,0,8,0,10,181,539,0.0,3.2791961753905934e-28,nan,37.300000000000004,0.4999181177442969,3.012784289150649e-26,3.045576250904555e-26,3.2791961753905934e-28,monotone,0.0,3.1429173725257526e-28,nan,37.300000000000004,0.49991812077898584,3.0141489260720443e-26,3.045578099797302e-26,3.1429173725257526e-28,monotone,9.884402997913187e-06,1.0122337639471065e-05,3.67,39.95,0.49989806438421963,1.2013072769032937e-27,1.2013072769032937e-27,0.0,other,0.0,0.0,nan,37.75,0.49989527270372913,1.5235359419014888e-25,1.5235359419014888e-25,0.0,monotone,0.0,0.0,nan,37.300000000000004,0.49989821995134787,1.5315133589565354e-25,1.5315133589565354e-25,0.0,monotone,0.0,2.582848925343125e-29,nan,36.300000000000004,0.4999017905056926,1.0623283919871757e-35,2.829285219507869e-31,2.82917898666867e-31,monotone,0.0,0.0,nan,37.300000000000004,0.49989821995134787,1.53089897284876e-25,1.53089897284876e-25,0.0,monotone,0.0,2.5695721172746985e-29,nan,36.300000000000004,0.4999017905056926,3.0161849080477836e-35,3.030223443435405e-31,3.0299218249446e-31,monotone
linear,0.0002,0.0025,E3_regime,pos,0.01,1.0,2.0,2000,False,0,0.05,40.0,32,E3_regime__linear__mu1-2_sd0.05__h32_eps2.50e-03_pos__s0__dt0.0002__46f447b831,40.0,9.499666364067412e-26,-3.5323030234454356e-30,7.105427357601002e-15,141,141,143,143,150,150,152,152,160,160,162,162,181,539,0.0005043888860078866,0.0005112890968658745,3.18,39.2,0.49984619698809496,3.6260695628471476e-26,3.655825642711117e-26,2.9756079863969447e-28,transient,0.0005041124048571904,0.0005109886217744136,3.18,39.2,0.4998462295707399,3.6228087323397066e-26,3.650752126940019e-26,2.794339460031218e-28,transient,0.0,3.843848020205821e-29,nan,40.0,0.4998988597042269,2.4657634855671115e-27,2.4657634855671115e-27,0.0,monotone,0.0,0.0,nan,40.0,0.4999195588080489,1.859659218853816e-25,1.859659218853816e-25,0.0,monotone,0.0,0.0,nan,40.0,0.499911510411564,1.8659111945973545e-25,1.8659111945973545e-25,0.0,monotone,0.0,2.7803434433414706e-29,nan,36.93,0.4998885031594912,7.463613087378785e-28,7.599308023628162e-28,1.356949362493773e-29,monotone,0.0,0.0,nan,40.0,0.499911510411564,1.8659131987016855e-25,1.8659131987016855e-25,0.0,monotone,0.0,2.799285218975974e-29,nan,36.93,0.4998885031594912,7.463610250099747e-28,7.600401713423301e-28,1.367914633235538e-29,monotone
linear,0.0002,0.0025,E3_regime,pos,0.01,1.0,2.0,2000,False,1,0.05,40.0,32,E3_regime__linear__mu1-2_sd0.05__h32_eps2.50e-03_pos__s1__dt0.0002__e7442157c4,40.0,8.785520794572975e-26,0.0,4.440892098500626e-16,155,155,156,156,162,162,163,163,168,168,169,169,181,539,0.0007461026708907303,0.0007550573322040871,3.18,38.83,0.49984945402522846,3.50347996187822e-26,3.50347996187822e-26,0.0,transient,0.0007460444945737998,0.0007549954380774715,3.18,38.84,0.4998494597831353,3.505205595108391e-26,3.505205595108391e-26,0.0,transient,0.0,1.3640745498512588e-28,nan,38.6,0.4999140140497827,4.930291679667893e-27,4.959714978096772e-27,2.9423298428878776e-29,monotone,0.0,8.252609811699306e-32,nan,38.83,0.4999063913174654,1.5937509247757301e-25,1.5937517500367113e-25,8.252609811699306e-32,monotone,0.0,0.0,nan,38.83,0.49989728629755165,1.599848465176881e-25,1.599848465176881e-25,0.0,monotone,8.629192713917953e-10,8.702505931830257e-10,9.73,34.79,0.49990272796591895,3.756177526866753e-27,3.7591824601099945e-27,3.004933243241727e-30,monotone,0.0,0.0,nan,38.83,0.49989728629755165,1.599848463042492e-25,1.599848463042492e-25,0.0,monotone,8.629192713917953e-10,8.702505931803225e-10,9.73,34.79,0.49990272796591895,3.756063731060564e-27,3.759179090629981e-27,3.1153595694171528e-30,monotone
linear,0.0002,0.0025,E3_regime,pos,0.01,1.0,2.0,2000,False,2,0.05,40.0,32,E3_regime__linear__mu1-2_sd0.05__h32_eps2.50e-03_pos__s2__dt0.0002__9aeaec1f1d,40.0,8.935358110773008e-26,-1.7690951001873905e-30,2.220446049250313e-16,158,158,159,159,165,165,166,166,170,170,171,171,181,539,0.000820970801732615,0.0008303139747118521,3.17,38.34,0.4998499742747005,3.3871178939030677e-26,3.512137556238625e-26,1.2501966233555748e-27,transient,0.0008194320348632184,0.0008286865962485457,3.17,38.34,0.4998501119868434,3.364662012974699e-26,3.491288363107062e-26,1.2662635013236308e-27,transient,0.0,5.617908758828401e-29,nan,39.95,0.49991733649023334,6.288648528700255e-27,6.288648528700255e-27,0.0,monotone,0.0,0.0,nan,40.0,0.4999035717198447,1.5820894584440293e-25,1.5820894584440293e-25,0.0,monotone,0.0,0.0,nan,40.0,0.49989420563007947,1.5879433940224515e-25,1.5879433940224515e-25,0.0,monotone,0.0,3.917138444805717e-29,nan,37.58,0.4999058088790801,4.980923362553877e-27,4.981340067359732e-27,4.167048058546625e-31,monotone,0.0,0.0,nan,40.0,0.49989420563007947,1.5873168481747191e-25,1.5873168481747191e-25,0.0,monotone,0.0,3.9519203521073574e-29,nan,37.58,0.4999058088790801,4.992010452614094e-27,4.992463819432363e-27,4.533668182694705e-31,monotone
linear,0.0002,0.0025,E3_regime,pos,0.01,1.0,2.0,2000,False,3,0.05,40.0,32,E3_regime__linear__mu1-2_sd0.05__h32_eps2.50e-03_pos__s3__dt0.0002__36b0712b5c,40.0,9.448992061455631e-26,-3.8478718956012454e-29,7.105427357601002e-15,157,157,158,158,163,163,164,164,169,169,170,170,181,539,0.0008079642113795055,0.000817356485612375,3.18,40.0,0.4998523749122663,3.876849523137676e-26,3.876849523137676e-26,0.0,transient,0.0008084936923660746,0.0008178776599401388,3.18,40.0,0.49985232246034456,3.8851806338539086e-26,3.8851806338539086e-26,0.0,transient,0.0,2.0886469505636524e-28,nan,39.03,0.4999200247183477,3.0664271388544692e-27,3.1056101835730275e-27,3.9183044718558313e-29,monotone,0.0,0.0,nan,40.0,0.4999006042574154,1.7829985172712949e-25,1.7829985172712949e-25,0.0,monotone,0.0,0.0,nan,40.0,0.49989132736399294,1.7941643053384712e-25,1.7941643053384712e-25,0.0,monotone,5.6207069705620106e-09,5.651031079558822e-09,9.03,35.99,0.49990868707487357,2.0447274895411324e-27,2.0449356293256466e-27,2.0813978451418905e-31,other,0.0,0.0,nan,40.0,0.49989132736399294,1.794161417448193e-25,1.794161417448193e-25,0.0,monotone,5.6207069705620106e-09,5.651031079552393e-09,9.03,35.99,0.49990868707487357,2.0447278371934493e-27,2.0448182894633602e-27,9.045226991091349e-32,other
linear,0.0002,0.0025,E3_regime,pos,0.01,1.0,2.0,2000,False,4,0.05,40.0,32,E3_regime__linear__mu1-2_sd0.05__h32_eps2.50e-03_pos__s4__dt0.0002__80f20f2c41,40.0,9.270600757209789e-26,-7.446691534689612e-29,1.7763568394002505e-15,154,154,155,155,162,162,163,163,169,169,170,170,181,539,0.0006419813082319675,0.0006491301878678163,3.14,40.0,0.499836169525849,3.6286122525969254e-26,3.6286122525969254e-26,0.0,transient,0.0006418091848636454,0.0006489478534295601,3.14,40.0,0.4998361791271381,3.6212698372769435e-26,3.6212698372769435e-26,0.0,transient,0.0,4.6778334640238255e-28,nan,39.71,0.4998896697705204,3.383973023637578e-27,3.3861724356340686e-27,2.1994119964902233e-30,monotone,0.0,0.0,nan,40.0,0.4999303347889601,1.759383751332315e-25,1.759383751332315e-25,0.0,monotone,0.0,0.0,nan,40.0,0.49992170515667494,1.7686705376793505e-25,1.7686705376793505e-25,0.0,monotone,0.0,8.544019606048895e-29,nan,37.4,0.49987830935029,1.9051977767994274e-27,1.9060408238403117e-27,8.430470408842999e-31,monotone,0.0,0.0,nan,40.0,0.49992170515667494,1.7680093436507549e-25,1.7680093436507549e-25,0.0,monotone,0.0,8.622623414270277e-29,nan,36.46,0.49987830935029,1.9051980586469983e-27,1.9061111544357266e-27,9.130957887282476e-31,monotone
linear,0.0002,0.0025,E3_regime,pos,0.01,1.0,2.0,2000,False,5,0.05,40.0,32,E3_regime__linear__mu1-2_sd0.05__h32_eps2.50e-03_pos__s5__dt0.0002__bbb863db84,40.0,9.378370785040908e-26,-4.9284394247364314e-30,1.3877787807814457e-17,125,125,128,128,137,137,140,140,147,147,151,151,181,539,0.00040197338643628566,0.00040844746974416646,3.2,38.15,0.4998552087585933,3.7906653907215117e-26,3.8088275263946655e-26,1.8162135673153838e-28,transient,0.0004020427238551616,0.00040851428787441746,3.2,38.160000000000004,0.4998551926777756,3.7927953151656084e-26,3.809414857990506e-26,1.6619542824897438e-28,transient,0.0,3.7073284760979316e-29,nan,39.910000000000004,0.4999075203857138,2.6240672232759648e-27,2.6305962220839347e-27,6.528998807969949e-30,monotone,0.0,6.770597089843606e-29,nan,40.0,0.49990955553000604,1.7947247227751113e-25,1.7947247227751113e-25,0.0,monotone,0.0,1.7625180402024325e-30,nan,40.0,0.4999019883896464,1.8043922814011303e-25,1.8043922814011303e-25,0.0,monotone,0.0,1.6285643582576682e-29,nan,39.99,0.4998980245862969,1.423024804600752e-27,1.423032031034374e-27,7.226433621896113e-33,monotone,0.0,1.7027151484486684e-30,nan,39.99,0.4999019883896464,1.8043936713958566e-25,1.8043939925046217e-25,3.2110876509327723e-32,monotone,0.0,1.5348144940867905e-29,nan,40.0,0.4998980245862969,1.4229382086548626e-27,1.4229382086548626e-27,0.0,monotone
linear,0.0002,0.0025,E3_regime,pos,0.01,1.0,2.0,2000,False,6,0.05,40.0,32,E3_regime__linear__mu1-2_sd0.05__h32_eps2.50e-03_pos__s6__dt0.0002__143c2b3261,40.0,9.006449869882276e-26,-1.1854245525814014e-30,4.440892098500626e-16,150,150,151,151,158,158,159,159,164,164,166,166,181,539,0.0006712128871878553,0.0006797176925381621,3.19,38.53,0.4998527032196084,3.520833669197918e-26,3.564018873378111e-26,4.3185204180192765e-28,transient,0.0006716925551638192,0.0006802324257108167,3.19,38.53,0.49985264536849505,3.5318401277184977e-26,3.5751436610344736e-26,4.330353331597592e-28,transient,0.0,2.8748741465857147e-28,nan,39.97,0.49991583584135,5.179553236790267e-27,5.179553236790267e-27,0.0,monotone,0.0,0.0,nan,40.0,0.49990381804258355,1.624112378347259e-25,1.624112378347259e-25,0.0,monotone,0.0,0.0,nan,40.0,0.4998950196648756,1.6320521997061978e-25,1.6320521997061978e-25,0.0,monotone,0.0,2.3141215170506641e-29,nan,37.67,0.49990499431345603,3.944304528018455e-27,3.944349491811427e-27,4.4963792971818213e-32,monotone,0.0,0.0,nan,40.0,0.4998950196648756,1.6320521586666108e-25,1.6320521586666108e-25,0.0,monotone,0.0,2.3660231625775707e-29,nan,36.72,0.49990499431345603,3.9443045281209945e-27,3.944365103621145e-27,6.057550015041687e-32,monotone
linear,0.0002,0.0025,E3_regime,pos,0.01,1.0,2.0,2000,False,7,0.05,40.0,32,E3_regime__linear__mu1-2_sd0.05__h32_eps2.50e-03_pos__s7__dt0.0002__a8728dbca6,40.0,8.271813833318407e-26,-1.410579103230715e-31,4.440892098500626e-16,155,155,156,156,162,162,163,163,168,168,170,170,181,539,0.0007280329997030321,0.0007364680975127796,3.17,38.300000000000004,0.4998462628677293,3.153444505601773e-26,3.179717271531126e-26,2.6272765929352917e-28,transient,0.0007276193269906278,0.0007360608320084866,3.17,38.300000000000004,0.49984629891474586,3.1494692321221625e-26,3.175936748087492e-26,2.6467515965329354e-28,transient,0.0,9.350187657355869e-29,nan,39.99,0.49990885426733894,1.9702791035886185e-27,1.9702791035886185e-27,0.0,monotone,0.0,3.172969583377971e-31,nan,39.99,0.49991159617981684,1.6279545354009736e-25,1.6279545354009736e-25,0.0,monotone,0.0,0.0,nan,39.99,0.49990253493635156,1.6351428944079299e-25,1.6351428944079299e-25,0.0,monotone,1.6686127227413553e-10,1.6869236659312732e-10,10.290000000000001,34.32,0.49989747933295553,4.4275043566262975e-28,4.587235174406402e-28,1.597308177801047e-29,monotone,0.0,2.810386110999085e-31,nan,40.0,0.49990253493635156,1.6351417627708288e-25,1.6351417627708288e-25,0.0,monotone,1.6686127227413553e-10,1.6869236659251216e-10,10.290000000000001,34.32,0.49989747933295553,4.426560838528272e-28,4.589276239110157e-28,1.6271540058188415e-29,monotone
linear,0.0002,0.0025,E3_regime,pos,0.01,1.0,2.0,2000,False,8,0.05,40.0,32,E3_regime__linear__mu1-2_sd0.05__h32_eps2.50e-03_pos__s8__dt0.0002__26ebc8434c,40.0,8.473576952877253e-26,0.0,2.7755575615628914e-17,167,167,168,168,171,171,171,171,175,175,176,176,181,539,0.0011478917737483968,0.0011599839522542649,3.19,38.660000000000004,0.49985409485465376,3.367031677178273e-26,3.367031677178273e-26,0.0,transient,0.0011475952605918965,0.0011596729810809114,3.19,38.64,0.4998541173459886,3.366356060953782e-26,3.366356060953782e-26,0.0,transient,0.0,4.95448367088533e-29,nan,38.33,0.49993113184826177,3.823028813803492e-27,3.872573650512345e-27,4.95448367088533e-29,monotone,0.0,1.0376910540358427e-30,nan,38.64,0.49989118509064445,1.5768855186970972e-25,1.5768958956076376e-25,1.0376910540358427e-30,monotone,0.0,1.2512395482926975e-31,nan,38.65,0.49988103249188104,1.5848183732123326e-25,1.5848196244518809e-25,1.2512395482926975e-31,monotone,0.0,2.3271189124728624e-27,nan,31.470000000000002,0.49991898299906756,3.4961663763508004e-28,2.6683969276918467e-27,2.3187802900567664e-27,monotone,0.0,1.351111987489337e-31,nan,38.660000000000004,0.49988103249188104,1.584819039530483e-25,1.584819550567939e-25,5.110374558977028e-32,monotone,0.0,2.3252567410639185e-27,nan,31.470000000000002,0.49991898299906756,3.5175950205045414e-28,2.6684155388340804e-27,2.3166560367836264e-27,monotone
linear,0.0002,0.0025,E3_regime,pos,0.01,1.0,2.0,2000,False,9,0.05,40.0,32,E3_regime__linear__mu1-2_sd0.05__h32_eps2.50e-03_pos__s9__dt0.0002__e15d130e0b,40.0,8.231884011357615e-26,-2.58233535423715e-31,1.1102230246251565e-16,134,134,135,135,146,146,148,148,157,157,159,159,181,539,0.00040641332207061454,0.0004120384256372511,3.16,39.050000000000004,0.49983931013117694,3.1562035158029046e-26,3.174425124192741e-26,1.8221608389836516e-28,transient,0.00040646114965944835,0.0004120851108392748,3.16,39.050000000000004,0.49983930753747946,3.159003972016439e-26,3.1758239656299485e-26,1.681999361350926e-28,transient,0.0,3.2288600703640887e-29,nan,40.0,0.4998812348551872,1.5047699915610656e-27,1.5047699915610656e-27,0.0,monotone,0.0,0.0,nan,40.0,0.4999359474810876,1.6247690597915017e-25,1.6247690597915017e-25,0.0,monotone,0.0,0.0,nan,40.0,0.4999286576777659,1.6328875585052942e-25,1.6328875585052942e-25,0.0,monotone,2.1803184712222323e-08,2.1850152290212317e-08,8.03,37.19,0.4998713561013527,5.216345228599298e-29,5.940977418058018e-29,7.246321894587196e-30,other,0.0,0.0,nan,40.0,0.4999286576777659,1.6328868793252276e-25,1.6328868793252276e-25,0.0,monotone,2.1803184712222323e-08,2.1850152290196194e-08,8.03,37.53,0.4998713561013527,5.21636389945392e-29,5.950648675827503e-29,7.342847763735835e-30,other
linear,0.0002,0.05,E3_regime,iso,0.01,1.0,2.0,2000,False,0,0.05,40.0,8,E3_regime__linear__mu1-2_sd0.05__h8_eps5.00e-02_iso__s0__dt0.0002__9b91f2928e,40.0,8.18390281384195e-26,9.046989096547923e-32,1.1102230246251565e-16,0,0,0,0,0,0,0,0,0,0,0,0,181,539,0.0,5.743893466140492e-30,nan,34.87,0.4888085393708329,3.264801929060639e-26,3.264801929060639e-26,0.0,monotone,0.0,6.0397163055983716e-30,nan,34.88,0.48880921967583796,3.257755336580115e-26,3.257755336580115e-26,0.0,monotone,0.0,2.093901850416913e-28,nan,32.83,0.48997318938021917,1.4834152803377e-27,1.6928054653793912e-27,2.093901850416913e-28,monotone,0.0,6.296086470145479e-29,nan,33.34,0.49054309641935356,1.606772661945642e-25,1.6074022705926566e-25,6.296086470145479e-29,monotone,0.0,1.6236748500756733e-32,nan,34.11,0.4903625156518754,1.6143285434314625e-25,1.6143285434314625e-25,0.0,monotone,0.0,9.698701064632461e-29,nan,30.17,0.48973935933073903,4.448491321553277e-28,4.694798566478122e-28,2.4630724492484575e-29,monotone,0.0,2.169646619629017e-31,nan,34.12,0.4903625156518755,1.6136977063284303e-25,1.6136977063284303e-25,0.0,monotone,0.0,9.703171441383296e-29,nan,30.17,0.48973935933073903,4.417135610540202e-28,4.66085658479021e-28,2.4372097425000838e-29,monotone
linear,0.0002,0.05,E3_regime,iso,0.01,1.0,2.0,2000,False,1,0.05,40.0,8,E3_regime__linear__mu1-2_sd0.05__h8_eps5.00e-02_iso__s1__dt0.0002__7d4615ec00,40.0,7.792292154883728e-26,0.0,5.551115123125783e-17,0,40,0,46,0,52,0,56,0,58,0,66,181,539,0.0,2.2715619544388357e-27,nan,33.12,0.4948955652732472,2.9805494604110557e-26,3.103398522662091e-26,1.2284906225103529e-27,monotone,0.0,2.298691374007452e-27,nan,33.12,0.49489550759544626,2.9805494604110557e-26,3.106160768425529e-26,1.2561130801447324e-27,monotone,0.0001929508585689632,0.00019672535450698868,2.24,39.44,0.4918776959167778,1.1836861734701171e-27,1.1836861734701171e-27,0.0,transient,0.0,0.0,nan,39.45,0.4869450317403019,1.5444464643462008e-25,1.5444464643462008e-25,0.0,monotone,0.0,0.0,nan,39.45,0.4874927231229948,1.55309739756066e-25,1.55309739756066e-25,0.0,monotone,0.0,6.889995080720235e-28,nan,39.44,0.4926312890502394,2.653644171415875e-32,2.653644171415875e-32,0.0,monotone,0.0,0.0,nan,39.45,0.4874927231229948,1.5530972560269424e-25,1.5530972560269424e-25,0.0,monotone,0.0,6.8824960663091034e-28,nan,39.44,0.4926312890502394,2.566798889154487e-32,2.566798889154487e-32,0.0,monotone
linear,0.0002,0.05,E3_regime,iso,0.01,1.0,2.0,2000,False,2,0.05,40.0,8,E3_regime__linear__mu1-2_sd0.05__h8_eps5.00e-02_iso__s2__dt0.0002__89788ce3d6,40.0,9.173650727257523e-26,-1.8140866019150596e-30,6.938893903907228e-18,0,0,0,0,0,0,0,0,8,8,9,9,181,539,0.0,1.7998739776672025e-27,nan,33.34,0.4860437590312878,3.377967107402504e-26,3.557686877944152e-26,1.797197705416482e-27,monotone,0.0,1.802964710041955e-27,nan,33.34,0.4860402263319654,3.3565176404258744e-26,3.53681411143007e-26,1.802964710041955e-27,monotone,0.0,8.943887698498105e-28,nan,39.88,0.4872123054892191,4.0393800800361765e-27,4.0393800800361765e-27,0.0,monotone,0.0,0.0,nan,40.0,0.49371141532588925,1.7301895181961969e-25,1.7301895181961969e-25,0.0,monotone,0.0,0.0,nan,40.0,0.4933934219330021,1.7368383063396345e-25,1.7368383063396345e-25,0.0,monotone,0.0,2.7014436033087396e-28,nan,32.660000000000004,0.4867243921262804,2.492899113155906e-27,2.495330934347504e-27,2.4318211915980844e-30,monotone,0.0,0.0,nan,40.0,0.4933934219330021,1.7361869788116534e-25,1.7361869788116534e-25,0.0,monotone,0.0,2.7097651278625643e-28,nan,32.660000000000004,0.4867243921262804,2.4928994138105322e-27,2.49541049654947e-27,2.511082738937788e-30,monotone
linear,0.0002,0.05,E3_regime,iso,0.01,1.0,2.0,2000,False,3,0.05,40.0,8,E3_regime__linear__mu1-2_sd0.05__h8_eps5.00e-02_iso__s3__dt0.0002__7ee2f135b9,40.0,1.4155294596955162e-25,0.0,1.3877787807814457e-17,0,0,0,0,0,0,0,0,6,6,7,7,181,539,0.0,7.291416695054524e-29,nan,34.37,0.48853177865807634,5.597958666832076e-26,5.598014749912057e-26,5.608307998055631e-31,monotone,0.0,7.300044861205379e-29,nan,34.38,0.4885291165598177,5.60922088884927e-26,5.60922088884927e-26,0.0,monotone,0.0,1.592140862749662e-27,nan,34.36,0.49147414771895137,2.2138064931910708e-27,2.2138064931910708e-27,0.0,monotone,0.0,0.0,nan,34.38,0.4894531026447358,2.7940107586787146e-25,2.7940107586787146e-25,0.0,monotone,0.0,0.0,nan,34.38,0.4890767641768425,2.8072772128659366e-25,2.8072772128659366e-25,0.0,monotone,1.8609049654762865e-10,1.8906589545272336e-10,6.26,31.91,0.49103129858739203,3.284546280709163e-29,3.3047344279205174e-29,2.018814721135424e-31,monotone,0.0,0.0,nan,34.38,0.4890767641768425,2.8072766245037595e-25,2.8072766245037595e-25,0.0,monotone,1.8609049654762865e-10,1.890658954516741e-10,6.26,31.91,0.49103129858739203,3.2843212727373514e-29,3.30827250953507e-29,2.395123679771835e-31,monotone
linear,0.0002,0.05,E3_regime,iso,0.01,1.0,2.0,2000,False,4,0.05,40.0,8,E3_regime__linear__mu1-2_sd0.05__h8_eps5.00e-02_iso__s4__dt0.0002__a38132a6f1,40.0,9.772436174239129e-26,0.0,1.1102230246251565e-16,0,0,0,0,0,0,0,0,0,0,0,0,181,539,0.0,0.0,nan,32.22,0.49138329150091564,3.953768545851778e-26,3.953768545851778e-26,0.0,monotone,0.0,0.0,nan,32.22,0.49138432345305866,3.9503043371422097e-26,3.9503043371422097e-26,0.0,monotone,0.0,4.9685814780782446e-29,nan,32.22,0.49264618320993864,1.75060339338243e-27,1.75060339338243e-27,0.0,monotone,0.0,0.0,nan,32.22,0.4875328654572421,1.9156105122631027e-25,1.9156105122631027e-25,0.0,monotone,0.0,0.0,nan,32.22,0.48746933679145205,1.9269091645865692e-25,1.9269091645865692e-25,0.0,monotone,0.0,1.0315536407544337e-28,nan,31.39,0.49263755400386633,4.295348259199244e-28,4.314756868274234e-28,1.940860907498995e-30,monotone,0.0,0.0,nan,32.22,0.48746933679145205,1.9262217623204056e-25,1.9262217623204056e-25,0.0,monotone,0.0,1.0356474391645377e-28,nan,31.400000000000002,0.49263755400386633,4.295352743381339e-28,4.3139922567013375e-28,1.8639513319998314e-30,monotone
linear,0.0002,0.05,E3_regime,iso,0.01,1.0,2.0,2000,False,5,0.05,40.0,8,E3_regime__linear__mu1-2_sd0.05__h8_eps5.00e-02_iso__s5__dt0.0002__7091e7bbe9,40.0,1.6987978488362834e-25,-3.054154452744068e-29,6.938893903907228e-18,0,0,0,0,0,0,0,0,0,16,0,18,181,539,0.0,1.0742991304187553e-27,nan,40.0,0.4928384421265082,6.741124583904648e-26,6.741124583904648e-26,0.0,monotone,0.0,1.0751619470338407e-27,nan,40.0,0.49283896222870693,6.748621843992158e-26,6.748621843992158e-26,0.0,monotone,7.52521112833528e-06,1.1953063611208625e-05,2.31,32.44,0.490414550830435,4.0620250680257844e-27,4.93974260309099e-27,8.777175350652057e-28,other,0.0,0.0,nan,40.0,0.48880397479269566,3.2596656674549175e-25,3.2596656674549175e-25,0.0,monotone,0.0,0.0,nan,40.0,0.4891896001946403,3.2745400808781926e-25,3.2745400808781926e-25,0.0,monotone,1.1936982311701947e-09,1.2112371017872661e-09,5.83,28.42,0.49091934207765137,9.336907184333445e-28,2.4479397132709378e-27,1.5142489948375932e-27,other,0.0,0.0,nan,40.0,0.4891896001946403,3.274540664930064e-25,3.274540664930064e-25,0.0,monotone,1.1936982311701947e-09,1.2112371017892007e-09,5.83,28.42,0.49091934207765137,9.351384304681065e-28,2.4478933204982484e-27,1.5127548900301419e-27,other
linear,0.0002,0.05,E3_regime,iso,0.01,1.0,2.0,2000,False,6,0.05,40.0,8,E3_regime__linear__mu1-2_sd0.05__h8_eps5.00e-02_iso__s6__dt0.0002__a71a985796,40.0,7.98486856631922e-26,0.0,8.881784197001252e-16,0,0,0,0,0,0,0,0,0,2,0,4,181,539,0.0,0.0,nan,32.910000000000004,0.4918270116538715,3.156459433373915e-26,3.156459433373915e-26,0.0,monotone,0.0,0.0,nan,32.910000000000004,0.4918284468516342,3.1670702288467196e-26,3.1670702288467196e-26,0.0,monotone,0.0,2.5574529657665046e-28,nan,32.910000000000004,0.4899308697497572,2.228458101539494e-27,2.228458101539494e-27,0.0,monotone,0.0,0.0,nan,32.910000000000004,0.4895336697142331,1.537399693717157e-25,1.537399693717157e-25,0.0,monotone,0.0,0.0,nan,32.910000000000004,0.48981542135741407,1.5439613785463256e-25,1.5439613785463256e-25,0.0,monotone,9.679265066221308e-10,9.814586768128772e-10,5.71,32.01,0.4902888861798958,1.0359964808722593e-27,1.036020339844701e-27,2.385897244164997e-32,monotone,0.0,0.0,nan,32.910000000000004,0.48981542135741407,1.5433452005252779e-25,1.5433452005252779e-25,0.0,monotone,9.679265066221308e-10,9.814586768158002e-10,5.71,32.01,0.4902888861798958,1.0359963810964242e-27,1.0360297145411298e-27,3.3333444705559857e-32,monotone
linear,0.0002,0.05,E3_regime,iso,0.01,1.0,2.0,2000,False,7,0.05,40.0,8,E3_regime__linear__mu1-2_sd0.05__h8_eps5.00e-02_iso__s7__dt0.0002__72ab4cbaeb,40.0,1.0699131831110504e-25,0.0,8.881784197001252e-16,0,0,0,0,0,0,0,0,0,20,0,22,181,539,0.0,2.9643913704008334e-30,nan,34.06,0.49076605494939307,4.1760718600589923e-26,4.1763682991960324e-26,2.9643913704008334e-30,monotone,0.0,2.9397394671126768e-30,nan,34.06,0.49076242011714644,4.1674993147649314e-26,4.1677932887116426e-26,2.9397394671126768e-30,monotone,2.325178554359172e-05,2.643066545357205e-05,2.23,33.28,0.48703419261246456,1.789299948197036e-27,2.1439984660548333e-27,3.5469851785779723e-28,other,0.0,6.817792003130815e-31,nan,34.06,0.49221385889185454,2.1166730532624614e-25,2.1166798710544645e-25,6.817792003130815e-31,monotone,0.0,8.285897835873893e-31,nan,34.06,0.4926307881804774,2.1255087100779395e-25,2.1255169959757754e-25,8.285897835873893e-31,monotone,0.0,3.285075573491467e-28,nan,28.76,0.487484058276095,4.715609668407045e-29,3.1274558389213873e-28,2.655894872080683e-28,monotone,0.0,0.0,nan,34.07,0.4926307881804774,2.124790137340792e-25,2.124790137340792e-25,0.0,monotone,0.0,3.2843397161082654e-28,nan,28.76,0.487484058276095,4.698582469242592e-29,3.1282377903386574e-28,2.658379543414398e-28,monotone
linear,0.0002,0.05,E3_regime,iso,0.01,1.0,2.0,2000,False,8,0.05,40.0,8,E3_regime__linear__mu1-2_sd0.05__h8_eps5.00e-02_iso__s8__dt0.0002__fc2654448a,40.0,1.468808307656904e-25,-3.460741466159666e-30,2.220446049250313e-16,0,320,0,326,0,324,0,330,0,330,0,334,181,539,0.0,3.98066608345509e-29,nan,39.800000000000004,0.49568755221634947,5.794249446764023e-26,5.794249446764023e-26,0.0,monotone,0.0,3.980049785872886e-29,nan,39.81,0.4956857474736749,5.792362189492919e-26,5.792362189492919e-26,0.0,monotone,0.0007880918617237337,0.0007944066807453647,2.11,39.88,0.4884506503142228,2.617283712825844e-27,2.617283712825844e-27,0.0,transient,0.0,2.711709361697228e-30,nan,39.99,0.48942587025500933,2.906613179327865e-25,2.906613179327865e-25,0.0,monotone,0.0,2.4359310930977903e-30,nan,39.980000000000004,0.49044371703132106,2.9208882155892538e-25,2.9208882155892538e-25,0.0,monotone,7.105427357601002e-15,8.422679849212519e-15,10.09,29.86,0.48971061194891363,2.1567175883070986e-31,2.5836649338383557e-28,2.5815082162500484e-28,monotone,0.0,2.4415378156257998e-30,nan,39.980000000000004,0.49044371703132106,2.9208897493969528e-25,2.9208897493969528e-25,0.0,monotone,7.105427357601002e-15,8.42267985425054e-15,10.09,29.86,0.48971061194891363,2.0791138363722646e-31,2.584434326685429e-28,2.5823552128490564e-28,monotone
linear,0.0002,0.05,E3_regime,iso,0.01,1.0,2.0,2000,False,9,0.05,40.0,8,E3_regime__linear__mu1-2_sd0.05__h8_eps5.00e-02_iso__s9__dt0.0002__c03100a049,40.0,9.992444767579165e-26,0.0,6.938893903907228e-18,0,30,0,32,0,44,0,50,0,56,0,62,181,539,0.0,0.0,nan,35.18,0.4918767260363123,4.156042804934947e-26,4.156042804934947e-26,0.0,monotone,0.0,0.0,nan,35.17,0.49187779924190506,4.157636704556922e-26,4.157636704556922e-26,0.0,monotone,0.00013863177435976832,0.0001415494379066965,2.15,32.86,0.48730018958961824,5.1338214524818085e-28,1.2555600493612016e-27,7.421779041130207e-28,transient,0.0,0.0,nan,35.18,0.49162308371585356,1.964856201977414e-25,1.964856201977414e-25,0.0,monotone,0.0,0.0,nan,35.18,0.49218121612996907,1.9784035320810025e-25,1.9784035320810025e-25,0.0,monotone,0.0,4.248332996426859e-28,nan,29.57,0.48793859316129656,1.0248420919674002e-28,1.5947708680599413e-28,5.699287760925411e-29,monotone,0.0,0.0,nan,35.18,0.49218121612996907,1.97840776198587e-25,1.97840776198587e-25,0.0,monotone,0.0,4.2461667532811755e-28,nan,29.57,0.48793859316129656,1.022972672261409e-28,1.5937996525165557e-28,5.708269802551466e-29,monotone
linear,0.0002,0.05,E3_regime,pos,0.01,1.0,2.0,2000,False,0,0.05,40.0,8,E3_regime__linear__mu1-2_sd0.05__h8_eps5.00e-02_pos__s0__dt0.0002__738bdb812e,40.0,9.086462996825905e-26,-7.924385858761164e-30,8.881784197001252e-16,71,71,77,77,74,74,81,81,78,78,86,86,181,539,0.0005717194453176561,0.0006616401942399486,1.82,39.99,0.48534222438360175,3.555243874328296e-26,3.555243874328296e-26,0.0,transient,0.0005720578040825097,0.0006628183780247598,1.82,40.0,0.4853456006775715,3.5449105668418783e-26,3.5449105668418783e-26,0.0,transient,0.0,4.397899546607141e-29,nan,39.99,0.4903322405890313,1.796097999418237e-27,1.7976229507482027e-27,1.5249513299658133e-30,monotone,0.0,2.4160791152337874e-31,nan,40.0,0.4914889005188475,1.7956910513839528e-25,1.7956910513839528e-25,0.0,monotone,0.0,3.8125313283612624e-32,nan,40.0,0.49074485336134094,1.8028605253863642e-25,1.8028605253863642e-25,0.0,monotone,0.0,1.4674810975041683e-28,nan,29.650000000000002,0.48938530117635926,2.3436148087995653e-28,2.7519492317815223e-28,4.08334422981957e-29,monotone,0.0,3.7461429890111697e-32,nan,40.0,0.49074485336134094,1.80286051008743e-25,1.80286051008743e-25,0.0,monotone,0.0,1.4644631227827507e-28,nan,29.650000000000002,0.48938530117635926,2.3478945257842923e-28,2.7522486043376968e-28,4.043540785534045e-29,monotone
linear,0.0002,0.05,E3_regime,pos,0.01,1.0,2.0,2000,False,1,0.05,40.0,8,E3_regime__linear__mu1-2_sd0.05__h8_eps5.00e-02_pos__s1__dt0.0002__a5bf2d3b5b,40.0,1.150659848435064e-25,0.0,5.551115123125783e-17,117,117,124,124,121,121,127,127,124,124,130,130,181,539,0.001997543008066316,0.0020498268279167398,1.76,33.4,0.4844291223738313,4.0483706869432656e-26,4.0483706869432656e-26,0.0,transient,0.0019975210368207985,0.0020497857991478574,1.76,33.4,0.48442951959800257,4.047029161181203e-26,4.047029161181203e-26,0.0,transient,0.0,3.806349201223629e-28,nan,33.39,0.4900631407672037,4.4313307052502894e-27,4.4313307052502894e-27,0.0,monotone,0.0,0.0,nan,33.4,0.49203036249953136,2.227882357301164e-25,2.227882357301164e-25,0.0,monotone,0.0,0.0,nan,33.4,0.4911750268123869,2.230027996507368e-25,2.230027996507368e-25,0.0,monotone,7.757834778617093e-12,7.89310329243381e-12,7.96,29.36,0.4889657313083382,4.689552732850934e-29,1.58816954366951e-27,1.5412740163410007e-27,monotone,0.0,0.0,nan,33.4,0.4911750268123869,2.229279180888162e-25,2.229279180888162e-25,0.0,monotone,7.757834778617093e-12,7.893103292280648e-12,7.96,29.36,0.4889657313083382,4.6237251192189104e-29,1.5891848545702887e-27,1.5429476033780996e-27,monotone
linear,0.0002,0.05,E3_regime,pos,0.01,1.0,2.0,2000,False,2,0.05,40.0,8,E3_regime__linear__mu1-2_sd0.05__h8_eps5.00e-02_pos__s2__dt0.0002__5ac469d14b,40.0,9.285008900822738e-26,0.0,1.7763568394002505e-15,107,107,114,114,109,109,116,116,113,113,120,120,181,539,0.002067154298936724,0.0021357050974524783,1.84,33.31,0.4869795766962305,3.659729887894379e-26,3.700328491122062e-26,4.059860322768293e-28,transient,0.002066765635248019,0.0021356619325371556,1.84,33.3,0.48699737510740887,3.6422016142845217e-26,3.682723950686407e-26,4.05223364018852e-28,transient,0.0,6.674310222273966e-31,nan,34.76,0.49384125190186245,1.0349686461333044e-26,1.0349686461333044e-26,0.0,monotone,0.0,0.0,nan,34.77,0.4881486363968604,1.4811620318585093e-25,1.4811620318585093e-25,0.0,monotone,0.0,0.0,nan,34.77,0.48729361376393016,1.4864392743575542e-25,1.4864392743575542e-25,0.0,monotone,0.0,5.184528783491786e-27,nan,28.88,0.49285037528163966,5.740145962320772e-27,9.248350485161581e-27,3.508204522840809e-27,monotone,0.0,0.0,nan,34.77,0.48729361376393016,1.486439663495145e-25,1.486439663495145e-25,0.0,monotone,0.0,5.198271468572618e-27,nan,28.88,0.49285037528163966,5.740971300617277e-27,9.263453635970204e-27,3.522482335352927e-27,monotone
linear,0.0002,0.05,E3_regime,pos,0.01,1.0,2.0,2000,False,3,0.05,40.0,8,E3_regime__linear__mu1-2_sd0.05__h8_eps5.00e-02_pos__s3__dt0.0002__566b04db57,40.0,1.1207472060217854e-25,0.0,1.3877787807814457e-17,139,139,144,144,141,141,146,146,144,144,149,149,181,539,0.0039470573683030585,0.004029807369462665,1.82,33.14,0.48692203894959996,3.872258106150257e-26,3.872258106150257e-26,0.0,transient,0.003949320602269518,0.0040320075616632894,1.82,33.14,0.4869145968026448,3.882019181331598e-26,3.882019181331598e-26,0.0,transient,0.0,1.7746789621347287e-28,nan,33.14,0.4945441560444977,8.081535714011707e-27,8.081535714011707e-27,0.0,monotone,0.0,0.0,nan,33.14,0.48762156978218574,2.0113434005287141e-25,2.0113434005287141e-25,0.0,monotone,0.0,0.0,nan,33.14,0.4866856173101459,2.0121029641413028e-25,2.0121029641413028e-25,0.0,monotone,2.901856532844249e-11,2.953354271396602e-11,7.58,28.990000000000002,0.49346906787704764,1.531346956832653e-28,5.3457613337885356e-27,5.1926266381052704e-27,monotone,0.0,0.0,nan,33.14,0.4866856173101459,2.0121131566863984e-25,2.0121131566863984e-25,0.0,monotone,2.901856532844249e-11,2.9533542713864096e-11,7.58,28.990000000000002,0.49346906787704764,1.528847921488588e-28,5.357343859031702e-27,5.204459066882843e-27,monotone
linear,0.0002,0.05,E3_regime,pos,0.01,1.0,2.0,2000,False,4,0.05,40.0,8,E3_regime__linear__mu1-2_sd0.05__h8_eps5.00e-02_pos__s4__dt0.0002__0eef7202ee,40.0,9.003531924789432e-26,0.0,3.469446951953614e-18,81,81,88,88,84,84,92,92,88,88,96,96,181,539,0.0008220567609255741,0.0008931362815096239,1.79,34.46,0.48492133153897,3.610739160489825e-26,3.610739160489825e-26,0.0,transient,0.0008221435547574873,0.0008934904184466352,1.79,34.46,0.4849224289790808,3.606366991367275e-26,3.606366991367275e-26,0.0,transient,0.0,3.333669177937642e-29,nan,34.43,0.48985772428999547,3.1019798056278576e-27,3.106171014372833e-27,4.191208744975503e-30,monotone,0.0,0.0,nan,34.46,0.4920144852384373,1.7077429780280586e-25,1.7077429780280586e-25,0.0,monotone,0.0,1.329442777000719e-31,nan,34.45,0.4912550634074195,1.7163012237333048e-25,1.7163025531760818e-25,1.329442777000719e-31,monotone,0.0,1.0719890658407428e-27,nan,29.51,0.4888776906705102,8.612511867479438e-28,1.871321314099297e-27,1.0100701273513532e-27,monotone,0.0,0.0,nan,34.46,0.4912550634074195,1.7156512930457718e-25,1.7156512930457718e-25,0.0,monotone,0.0,1.0716381646467742e-27,nan,29.51,0.4888776906705102,8.61761669356032e-28,1.8713103349351825e-27,1.0095486655791506e-27,monotone
linear,0.0002,0.05,E3_regime,pos,0.01,1.0,2.0,2000,False,5,0.05,40.0,8,E3_regime__linear__mu1-2_sd0.05__h8_eps5.00e-02_pos__s5__dt0.0002__b8d6d3eb42,40.0,9.184190627332704e-26,1.9893662684475283e-32,2.842170943040401e-14,121,121,127,127,124,124,130,130,126,126,132,132,181,539,0.0026019671402366384,0.002666474402189936,1.8,38.480000000000004,0.4861490892627802,3.619635262014543e-26,3.6210128411851644e-26,1.377579170621302e-29,transient,0.002602243654320352,0.002666727879262795,1.8,38.37,0.48614632859234025,3.625147427589775e-26,3.6263029855564073e-26,1.1555579666323415e-29,transient,0.0,1.9299753602354212e-28,nan,33.51,0.4930641877009787,8.022376442427478e-27,8.086816613919217e-27,6.444017149173862e-29,monotone,0.0,3.2548216060144286e-31,nan,38.56,0.48905458730311563,1.5418962201362161e-25,1.5418962201362161e-25,0.0,monotone,0.0,9.635017093426881e-33,nan,38.57,0.48815303887320705,1.5481713103543294e-25,1.5481713103543294e-25,0.0,monotone,0.0,6.0370263761887295e-27,nan,28.46,0.4919917792315545,9.057279669536813e-28,6.885914846871654e-27,5.980186879917973e-27,monotone,0.0,9.624739415709856e-33,nan,38.57,0.48815303887320705,1.5487895017116735e-25,1.5487895017116735e-25,0.0,monotone,0.0,6.0361622591237386e-27,nan,28.48,0.4919917792315545,9.065954314948266e-28,6.88591455476648e-27,5.979319123271653e-27,monotone
linear,0.0002,0.05,E3_regime,pos,0.01,1.0,2.0,2000,False,6,0.05,40.0,8,E3_regime__linear__mu1-2_sd0.05__h8_eps5.00e-02_pos__s6__dt0.0002__cf2ca79d51,40.0,1.093379215948172e-25,-7.102810364461036e-30,1.3877787807814457e-17,177,177,177,181,178,180,178,182,179,183,179,185,181,539,0.006657945131741699,0.006742285368430065,1.7,33.43,0.4835566885688989,4.1818416380235854e-26,4.298525875559835e-26,1.1668423753624952e-27,transient,0.0066661673692956225,0.006750425545281283,1.7,33.44,0.4835505005858277,4.1953182172536384e-26,4.311226536133893e-26,1.1590831888025479e-27,transient,0.0,1.863470784436294e-27,nan,39.980000000000004,0.49111359599177784,5.14748544395475e-27,5.14748544395475e-27,0.0,monotone,0.0,0.0,nan,40.0,0.49152264115537436,2.0201490911981228e-25,2.0201490911981228e-25,0.0,monotone,0.00016241912374292955,0.00026588980880831725,1.12,40.0,0.4904268409662406,2.0293156894037128e-25,2.0293156894037128e-25,0.0,transient,0.0,3.758107437754119e-27,nan,29.89,0.4897369216983149,1.900140793593076e-28,3.5323984806424076e-27,3.3423844012831e-27,monotone,0.00016241912374292955,0.00026588980880837276,1.12,40.0,0.4904268409662406,2.029321122087396e-25,2.029321122087396e-25,0.0,transient,0.0,3.767372569395231e-27,nan,29.89,0.4897369216983149,1.913355861561959e-28,3.541684712266821e-27,3.350349126110625e-27,monotone
linear,0.0002,0.05,E3_regime,pos,0.01,1.0,2.0,2000,False,7,0.05,40.0,8,E3_regime__linear__mu1-2_sd0.05__h8_eps5.00e-02_pos__s7__dt0.0002__ecd3f26d8b,40.0,9.808198311206599e-26,0.0,2.7755575615628914e-17,73,73,80,80,77,77,84,84,81,81,89,89,181,539,0.0005997725516657948,0.0006721258199457736,1.8,33.67,0.48470038439963603,3.697567477953788e-26,3.797779775936078e-26,1.0021229798228992e-27,transient,0.0006000026916300749,0.0006729221218743503,1.8,33.67,0.4847020176526537,3.6902050329623847e-26,3.791853458385605e-26,1.016484254232206e-27,transient,0.0,1.2429364452442182e-28,nan,35.57,0.48914116356392434,5.0715637448030495e-27,5.0715637448030495e-27,0.0,monotone,0.0,0.0,nan,35.6,0.49265979641153157,1.81561233146831e-25,1.81561233146831e-25,0.0,monotone,0.0,0.0,nan,35.6,0.4919401890523691,1.8213776456705058e-25,1.8213776456705058e-25,0.0,monotone,1.6064725307594265e-12,1.635514432754289e-12,8.22,28.61,0.48819207242364027,8.34583745024887e-29,3.435058445605556e-27,3.351600071103067e-27,monotone,0.0,0.0,nan,35.6,0.4919401890523691,1.8213786520340987e-25,1.8213786520340987e-25,0.0,monotone,1.6064725307594265e-12,1.635514432721862e-12,8.22,28.61,0.48819207242364027,8.313693861142358e-29,3.4350956372840905e-27,3.351958698672667e-27,monotone
linear,0.0002,0.05,E3_regime,pos,0.01,1.0,2.0,2000,False,8,0.05,40.0,8,E3_regime__linear__mu1-2_sd0.05__h8_eps5.00e-02_pos__s8__dt0.0002__d44e3064de,40.0,9.666138196811452e-26,0.0,8.881784197001252e-16,149,149,153,153,151,151,155,155,154,154,157,157,181,539,0.003588956717838307,0.003653614638829114,1.73,33.61,0.48399337960898015,3.7234838698062317e-26,3.7234838698062317e-26,0.0,transient,0.0035881803615861324,0.0036527570506310614,1.73,33.61,0.48399470772300845,3.719954949850532e-26,3.719954949850532e-26,0.0,transient,0.0,1.3402931668979652e-29,nan,33.61,0.49038889801075514,4.422867302406177e-27,4.422867302406177e-27,0.0,monotone,0.0,0.0,nan,33.61,0.491932140579672,1.8123076899064941e-25,1.8123076899064941e-25,0.0,monotone,0.0,0.0,nan,33.61,0.4909771197740688,1.8182740193312983e-25,1.8182740193312983e-25,0.0,monotone,0.0,2.7768322268614014e-27,nan,29.32,0.4891726429095994,3.753312675741516e-30,2.7587924054053875e-27,2.755039092729646e-27,monotone,0.0,0.0,nan,33.61,0.4909771197740688,1.818951991878547e-25,1.818951991878547e-25,0.0,monotone,0.0,2.7856459822719393e-27,nan,29.32,0.4891726429095994,3.878013563531331e-30,2.767091513717968e-27,2.7632135001544365e-27,monotone
linear,0.0002,0.05,E3_regime,pos,0.01,1.0,2.0,2000,False,9,0.05,40.0,8,E3_regime__linear__mu1-2_sd0.05__h8_eps5.00e-02_pos__s9__dt0.0002__b5eda01596,40.0,9.65598966889054e-26,0.0,4.440892098500626e-16,159,159,161,161,160,160,163,163,163,163,165,165,181,539,0.002639510976019263,0.0026797834257206027,1.69,36.89,0.4820389825624177,3.883119272515832e-26,3.883119272515832e-26,0.0,transient,0.0026399340527286236,0.002680241090616542,1.69,36.9,0.48203937404268604,3.883119272515832e-26,3.883119272515832e-26,0.0,transient,0.0,1.6428943167951155e-28,nan,34.57,0.4851428114568787,4.7333781502884284e-27,4.896965099020725e-27,1.635869487322963e-28,monotone,0.0,1.2065951101586033e-31,nan,36.89,0.4967968885252569,1.7613782780864965e-25,1.7613787980875815e-25,5.200010849845537e-32,monotone,0.0,0.0,nan,36.9,0.4960817022915153,1.7700220130716433e-25,1.7700220130716433e-25,0.0,monotone,6.145955663586474e-10,6.235659175585926e-10,7.48,29.42,0.48408652021740733,1.6327392615244264e-27,3.68335868212948e-27,2.0506194206050537e-27,monotone,0.0,0.0,nan,36.9,0.4960817022915153,1.7706830612590164e-25,1.7706830612590164e-25,0.0,monotone,6.145955663586474e-10,6.235659175572309e-10,7.48,29.42,0.48408652021740733,1.6321221532651583e-27,3.683309809534175e-27,2.051187656269017e-27,monotone
linear,0.0002,0.005,E3_regime,iso,0.01,1.0,2.0,2000,False,0,0.05,40.0,8,E3_regime__linear__mu1-2_sd0.05__h8_eps5.00e-03_iso__s0__dt0.0002__d3b4d813df,40.0,8.595038476395348e-26,-1.8210035611310307e-32,6.938893903907228e-18,0,0,0,0,0,0,0,0,0,0,0,0,181,539,0.0,5.539282668848792e-29,nan,37.480000000000004,0.49988745687273234,3.395104494270848e-26,3.400643776939697e-26,5.539282668848792e-29,monotone,0.0,5.944190180356765e-29,nan,37.480000000000004,0.49988746374381277,3.383646289622513e-26,3.38959047980287e-26,5.944190180356765e-29,monotone,0.0,1.1818921697269204e-28,nan,39.49,0.49989921983782715,2.403841852663648e-27,2.403841852663648e-27,0.0,monotone,0.0,0.0,nan,40.0,0.49990497589892235,1.6649493972575824e-25,1.6649493972575824e-25,0.0,monotone,0.0,0.0,nan,40.0,0.4999031520331709,1.6728759392864403e-25,1.6728759392864403e-25,0.0,monotone,0.0,1.3070161453050896e-28,nan,36.33,0.4998968581543274,1.0665404749402919e-27,1.066620794228417e-27,8.031928812522459e-32,monotone,0.0,0.0,nan,40.0,0.4999031520331709,1.6722316009269709e-25,1.6722316009269709e-25,0.0,monotone,0.0,1.308869878296572e-28,nan,36.33,0.4998968581543274,1.0665401674875796e-27,1.0666312965363634e-27,9.112904878380041e-32,monotone
linear,0.0002,0.005,E3_regime,iso,0.01,1.0,2.0,2000,False,1,0.05,40.0,8,E3_regime__linear__mu1-2_sd0.05__h8_eps5.00e-03_iso__s1__dt0.0002__eab13111cd,40.0,1.3086068645053256e-25,-9.619428556201905e-30,2.220446049250313e-16,0,116,0,124,0,158,0,170,0,190,0,202,181,539,0.0,0.0,nan,40.0,0.49994882514839356,5.298143913859866e-26,5.298143913859866e-26,0.0,monotone,0.0,0.0,nan,40.0,0.49994882456584777,5.298143913859866e-26,5.298143913859866e-26,0.0,monotone,8.590647092500056e-05,8.676552332699625e-05,3.58,37.11,0.49991834466789326,7.1594914568289705e-28,1.8109596304270954e-27,1.0950104847441984e-27,other,0.0,7.895320918066308e-29,nan,40.0,0.49986852475971083,2.593622311456226e-25,2.593622311456226e-25,0.0,monotone,0.0,0.0,nan,40.0,0.499874056442676,2.6064969112995072e-25,2.6064969112995072e-25,0.0,monotone,0.0,4.608431757066949e-28,nan,40.0,0.4999259559585413,9.780376219709112e-30,9.780376219709112e-30,0.0,monotone,0.0,0.0,nan,40.0,0.499874056442676,2.607303230639964e-25,2.607303230639964e-25,0.0,monotone,0.0,4.604980636427572e-28,nan,40.0,0.4999259559585413,9.748658406852786e-30,9.748658406852786e-30,0.0,monotone
linear,0.0002,0.005,E3_regime,iso,0.01,1.0,2.0,2000,False,2,0.05,40.0,8,E3_regime__linear__mu1-2_sd0.05__h8_eps5.00e-03_iso__s2__dt0.0002__987f1c1abd,40.0,1.0088859701238368e-25,0.0,8.673617379884035e-19,0,0,0,0,0,0,0,0,34,34,37,37,181,539,0.0,2.325051780827092e-07,nan,38.0,0.4998594528959196,3.522847113398978e-26,3.69174038431405e-26,1.68893270915072e-27,other,0.0,2.9481826661903465e-07,nan,38.0,0.4998594172156564,3.502575082953149e-26,3.6719603134132155e-26,1.693852304600663e-27,other,0.0,9.125418151336268e-28,nan,39.050000000000004,0.4998712552151447,6.087927050634748e-27,6.087927050634748e-27,0.0,monotone,0.0,0.0,nan,39.08,0.499936896224495,1.858061476038637e-25,1.858061476038637e-25,0.0,monotone,0.0,0.0,nan,39.08,0.4999336844912269,1.8612112179515458e-25,1.8612112179515458e-25,0.0,monotone,0.0,2.081561983212437e-28,nan,36.56,0.4998663272901791,3.9049685185228626e-27,3.9479651307757544e-27,4.299661225289181e-29,monotone,0.0,0.0,nan,39.08,0.4999336844912269,1.8612103947064615e-25,1.8612103947064615e-25,0.0,monotone,0.0,2.094620977227033e-28,nan,36.35,0.4998663272901791,3.9049640580370844e-27,3.9485577713031595e-27,4.3593713266075054e-29,monotone
linear,0.0002,0.005,E3_regime,iso,0.01,1.0,2.0,2000,False,3,0.05,40.0,8,E3_regime__linear__mu1-2_sd0.05__h8_eps5.00e-03_iso__s3__dt0.0002__fb7cb23ef1,40.0,1.416247070247279e-25,0.0,1.1102230246251565e-16,0,0,0,0,0,0,0,0,25,25,26,26,181,539,0.0,7.285870016814689e-29,nan,38.69,0.4998846306506254,5.763598348736298e-26,5.76380295953359e-26,2.0461079729169994e-30,monotone,0.0,7.513283824647934e-29,nan,38.7,0.4998846037634331,5.775112636464614e-26,5.775112636464614e-26,0.0,monotone,0.0,9.408777335159046e-28,nan,38.7,0.49991434857814027,1.8383449097888236e-27,1.8383449097888236e-27,0.0,monotone,0.0,5.548218983790749e-30,nan,38.7,0.4998939360228906,2.793549567790512e-25,2.7935631802633587e-25,1.3612472846928983e-30,monotone,0.0,7.709454446346308e-30,nan,38.69,0.4998901350043649,2.8109666484761577e-25,2.811043743020621e-25,7.709454446346308e-30,monotone,1.35789341791017e-08,1.3609193900209388e-08,7.34,37.7,0.49990987580191154,2.465195292306677e-30,1.3611936838089207e-29,1.114674154578253e-29,other,0.0,5.973758589272331e-30,nan,38.7,0.4998901350043649,2.8110298641248297e-25,2.8110459313520116e-25,1.6067227181897438e-30,monotone,1.35789341791017e-08,1.3609193900195018e-08,7.34,35.53,0.49990987580191154,2.465784506277934e-30,1.336274301321551e-29,1.0896958506937577e-29,other
linear,0.0002,0.005,E3_regime,iso,0.01,1.0,2.0,2000,False,4,0.05,40.0,8,E3_regime__linear__mu1-2_sd0.05__h8_eps5.00e-03_iso__s4__dt0.0002__4df1b7a678,40.0,9.901759786709685e-26,0.0,3.552713678800501e-15,0,0,0,0,0,0,0,0,0,0,0,0,181,539,0.0,0.0,nan,36.81,0.49991343679018263,4.0086687966976893e-26,4.0086687966976893e-26,0.0,monotone,0.0,0.0,nan,36.81,0.4999134472128993,4.00819363126181e-26,4.00819363126181e-26,0.0,monotone,0.0,2.739673864489731e-29,nan,36.81,0.4999261919964438,2.2554266096612567e-27,2.2554266096612567e-27,0.0,monotone,0.0,0.0,nan,36.81,0.4998745474871415,1.921128862962351e-25,1.921128862962351e-25,0.0,monotone,0.0,0.0,nan,36.81,0.4998739058476171,1.9316701026375996e-25,1.9316701026375996e-25,0.0,monotone,0.0,9.715058031201894e-29,nan,36.03,0.4999261048414625,9.567158348830697e-28,9.594250633810628e-28,2.7092284979931916e-30,monotone,0.0,0.0,nan,36.81,0.4998739058476171,1.9316721169373967e-25,1.9316721169373967e-25,0.0,monotone,0.0,9.753296051972024e-29,nan,36.04,0.4999261048414625,9.567158801624344e-28,9.593029216812476e-28,2.5870415188131623e-30,monotone
linear,0.0002,0.005,E3_regime,iso,0.01,1.0,2.0,2000,False,5,0.05,40.0,8,E3_regime__linear__mu1-2_sd0.05__h8_eps5.00e-03_iso__s5__dt0.0002__489dd95892,40.0,1.7448078736476508e-25,-6.936662695151361e-29,1.734723475976807e-18,0,0,0,0,0,0,0,0,0,66,0,70,181,539,0.0,4.62130742015606e-28,nan,40.0,0.4999281235541162,7.024627018396689e-26,7.024627018396689e-26,0.0,monotone,0.0,4.837612464070079e-28,nan,40.0,0.49992812880714865,7.031110006738287e-26,7.031110006738287e-26,0.0,monotone,2.8484018708303197e-05,2.891611300163098e-05,3.61,37.06,0.499903642252026,1.3977067755806014e-27,2.5398764476115406e-27,1.1421696720309392e-27,other,0.0,0.0,nan,40.0,0.4998873754340447,3.4397838040870175e-25,3.4397838040870175e-25,0.0,monotone,0.0,0.0,nan,40.0,0.4998912702506044,3.4593592622601545e-25,3.4593592622601545e-25,0.0,monotone,6.256779789220508e-08,6.264499784937374e-08,6.33,40.0,0.4999087406436228,1.2238666886393629e-28,1.2238666886393629e-28,0.0,other,0.0,0.0,nan,40.0,0.4998912702506044,3.4584365878374834e-25,3.4584365878374834e-25,0.0,monotone,6.256779789220508e-08,6.264499784940124e-08,6.33,40.0,0.4999087406436228,1.2232523353729147e-28,1.2232523353729147e-28,0.0,other
linear,0.0002,0.005,E3_regime,iso,0.01,1.0,2.0,2000,False,6,0.05,40.0,8,E3_regime__linear__mu1-2_sd0.05__h8_eps5.00e-03_iso__s6__dt0.0002__d315466395,40.0,7.95990098777468e-26,0.0,1.1102230246251565e-16,0,0,0,0,0,0,0,0,0,0,0,0,181,539,0.0,0.0,nan,37.5,0.4999179312800176,3.0843760355641805e-26,3.0843760355641805e-26,0.0,monotone,0.0,0.0,nan,37.5,0.4999179457755149,3.0925851193591366e-26,3.0925851193591366e-26,0.0,monotone,8.320293818283968e-06,8.558253123622413e-06,3.69,37.5,0.49989878024678597,2.274625820090864e-27,2.274625820090864e-27,0.0,other,0.0,0.0,nan,37.5,0.49989476852642717,1.5362726481803862e-25,1.5362726481803862e-25,0.0,monotone,0.0,0.0,nan,37.5,0.49989761421802337,1.5425502844539177e-25,1.5425502844539177e-25,0.0,monotone,4.533788197394725e-08,4.538555939667061e-08,5.99,37.49,0.49990239621273036,9.447025586903616e-28,9.447025586903616e-28,0.0,other,0.0,0.0,nan,37.5,0.49989761421802337,1.5425461162413289e-25,1.5425461162413289e-25,0.0,monotone,4.533788197394725e-08,4.538555939669915e-08,5.99,36.15,0.49990239621273036,9.422019950607006e-28,9.44854532241822e-28,2.6525371811213545e-30,other
linear,0.0002,0.005,E3_regime,iso,0.01,1.0,2.0,2000,False,7,0.05,40.0,8,E3_regime__linear__mu1-2_sd0.05__h8_eps5.00e-03_iso__s7__dt0.0002__42683cd105,40.0,9.886411276057702e-26,-4.406946812066543e-29,2.7755575615628914e-17,0,0,0,0,0,0,0,0,0,88,0,94,181,539,0.0,3.260214209858713e-30,nan,40.0,0.499907162922706,3.891196930851383e-26,3.891196930851383e-26,0.0,monotone,0.0,1.5717129090155354e-29,nan,40.0,0.4999071262109004,3.88531806821474e-26,3.88531806821474e-26,0.0,monotone,2.7893398703844e-05,2.8233206639584688e-05,3.5700000000000003,37.83,0.49986947111310304,1.8117977951388927e-27,1.8873162045602384e-27,7.551840942134566e-29,other,0.0,0.0,nan,40.0,0.49992178574252477,1.9553349850002418e-25,1.9553349850002418e-25,0.0,monotone,0.0,0.0,nan,40.0,0.49992599672834004,1.9652331735829856e-25,1.9652331735829856e-25,0.0,monotone,0.0,7.201182288940194e-29,nan,34.75,0.4998740147563057,2.6663518389381614e-28,2.7561012032041324e-28,8.974936426597106e-30,monotone,0.0,0.0,nan,40.0,0.49992599672834004,1.965235879753053e-25,1.965235879753053e-25,0.0,monotone,0.0,7.171881357180687e-29,nan,34.75,0.4998740147563057,2.6663571854658334e-28,2.7566111529321146e-28,9.025396746628122e-30,monotone
linear,0.0002,0.005,E3_regime,iso,0.01,1.0,2.0,2000,False,8,0.05,40.0,8,E3_regime__linear__mu1-2_sd0.05__h8_eps5.00e-03_iso__s8__dt0.0002__0be27e1403,40.0,7.84320019653375e-26,0.0,8.673617379884035e-19,0,334,0,334,0,344,0,344,0,352,0,352,181,539,0.0,0.0,nan,39.53,0.4999566726324839,3.1520646153152187e-26,3.1520646153152187e-26,0.0,monotone,0.0,0.0,nan,39.53,0.4999566544045829,3.147918011107755e-26,3.147918011107755e-26,0.0,monotone,0.00023714144206301354,0.0002385473920843667,3.44,38.28,0.4998835799232725,1.0499033758132021e-27,1.6745425457922476e-27,6.246391699790455e-28,transient,9.086454257228871e-05,9.924242284553575e-05,2.59,39.54,0.49989342964467437,1.5358394757210145e-25,1.5358394757210145e-25,0.0,other,0.0,0.0,nan,39.54,0.4999037098971151,1.5426922858013936e-25,1.5426922858013936e-25,0.0,monotone,2.1833040426083077e-12,2.2136678724609204e-12,11.71,31.96,0.4998963055357828,1.9469691894466373e-28,5.511932741700715e-28,3.564963552254078e-28,monotone,0.0,0.0,nan,39.54,0.4999037098971151,1.5420735813278412e-25,1.5420735813278412e-25,0.0,monotone,2.1833040426083077e-12,2.2136678725596837e-12,11.71,31.96,0.4998963055357828,1.9540487747002037e-28,5.511682149916512e-28,3.557633375216308e-28,monotone
linear,0.0002,0.005,E3_regime,iso,0.01,1.0,2.0,2000,False,9,0.05,40.0,8,E3_regime__linear__mu1-2_sd0.05__h8_eps5.00e-03_iso__s9__dt0.0002__568c773541,40.0,8.837140229290262e-26,-4.532356297897944e-29,2.7755575615628914e-17,0,62,0,70,0,144,0,150,0,190,0,200,181,539,0.0,3.432777532875809e-30,nan,40.0,0.4999183558865104,3.621321452199453e-26,3.621321452199453e-26,0.0,monotone,0.0,3.383473726299496e-30,nan,40.0,0.49991836672588696,3.621321452199453e-26,3.621321452199453e-26,0.0,monotone,5.891577420930527e-05,5.947061851009671e-05,3.5100000000000002,37.39,0.4998721328683988,6.289071270323048e-28,1.3132781475680454e-27,6.843710205357406e-28,other,0.0,0.0,nan,40.0,0.49991579409907383,1.7354031030002904e-25,1.7354031030002904e-25,0.0,monotone,0.0,0.0,nan,40.0,0.4999214312364564,1.7461023713904564e-25,1.7461023713904564e-25,0.0,monotone,0.0,4.144817414253168e-28,nan,36.730000000000004,0.4998785807444728,2.2014784914008946e-28,2.286475659808095e-28,8.499716840720026e-30,monotone,0.0,0.0,nan,40.0,0.4999214312364564,1.7454469427424663e-25,1.7454469427424663e-25,0.0,monotone,0.0,4.1325689106637e-28,nan,35.56,0.4998785807444728,2.20148014762091e-28,2.2847296283240974e-28,8.324948070318721e-30,monotone
linear,0.0002,0.005,E3_regime,pos,0.01,1.0,2.0,2000,False,0,0.05,40.0,8,E3_regime__linear__mu1-2_sd0.05__h8_eps5.00e-03_pos__s0__dt0.0002__aec9064769,40.0,9.940103239539757e-26,-7.183440232164223e-30,4.440892098500626e-16,127,127,129,129,138,138,141,141,149,149,152,152,181,539,0.00039815097977292935,0.00040423187959232054,3.2,40.0,0.49985230569358585,4.0622306032694494e-26,4.0622306032694494e-26,0.0,transient,0.00039798967708293276,0.00040404956859377283,3.2,40.0,0.4998523397941549,4.050746668197057e-26,4.050746668197057e-26,0.0,transient,0.0,1.754339215992055e-29,nan,39.84,0.4999027048572606,3.061305802242852e-27,3.061305802242852e-27,0.0,monotone,0.0,6.89435734806993e-29,nan,40.0,0.4999143871225519,1.9000275463417683e-25,1.9000275463417683e-25,0.0,monotone,0.0,3.374572753954362e-31,nan,40.0,0.499906872246261,1.9100408674755198e-25,1.9100408674755198e-25,0.0,monotone,0.0,3.199499410261199e-29,nan,39.92,0.4998931407691927,1.827418205765614e-27,1.827418205765614e-27,0.0,monotone,0.0,3.474966202323411e-31,nan,40.0,0.499906872246261,1.910040974105037e-25,1.910040974105037e-25,0.0,monotone,0.0,3.2103926395627567e-29,nan,39.96,0.4998931407691927,1.8274247179711677e-27,1.8274619399055518e-27,3.722193438408924e-32,monotone
linear,0.0002,0.005,E3_regime,pos,0.01,1.0,2.0,2000,False,1,0.05,40.0,8,E3_regime__linear__mu1-2_sd0.05__h8_eps5.00e-03_pos__s1__dt0.0002__10b4ca9738,40.0,1.1386438068595997e-25,0.0,3.469446951953614e-18,151,151,153,153,159,159,161,161,166,166,167,167,181,539,0.0006289246671297155,0.0006366808629016951,3.16,38.0,0.4998430303453721,4.314156568914086e-26,4.314156568914086e-26,0.0,transient,0.0006288760490762851,0.0006366330797041853,3.16,38.0,0.4998430343573362,4.31289793517683e-26,4.31289793517683e-26,0.0,transient,0.0,2.8886946198666375e-28,nan,37.99,0.4998999339311452,3.356375217906487e-27,3.356543929369615e-27,1.6871146312832186e-31,monotone,0.0,0.0,nan,38.0,0.49991980287064164,2.214932304206747e-25,2.214932304206747e-25,0.0,monotone,0.0,0.0,nan,38.0,0.4999111639802015,2.2214875924984984e-25,2.2214875924984984e-25,0.0,monotone,1.096473376740257e-09,1.1044123627779873e-09,9.64,37.49,0.4998888500956106,1.1661892489251478e-27,1.1885837348299041e-27,2.239448590475631e-29,other,0.0,0.0,nan,38.0,0.4999111639802015,2.22222290613969e-25,2.22222290613969e-25,0.0,monotone,1.096473376740257e-09,1.1044123627747944e-09,9.64,35.4,0.4998888500956106,1.166189497388717e-27,1.188940351607019e-27,2.2750854218301978e-29,other
linear,0.0002,0.005,E3_regime,pos,0.01,1.0,2.0,2000,False,2,0.05,40.0,8,E3_regime__linear__mu1-2_sd0.05__h8_eps5.00e-03_pos__s2__dt0.0002__e8049190cf,40.0,1.0012376494350824e-25,0.0,3.469446951953614e-18,150,150,151,151,157,157,159,159,162,162,164,164,181,539,0.0007384602436427551,0.0007481292634744785,3.23,37.96,0.49986877377940403,3.745962861893933e-26,3.7897169087425e-26,4.375404684856698e-28,transient,0.0007372770486878955,0.0007468890028394931,3.23,37.96,0.4998689535433569,3.72802059038323e-26,3.770385348407114e-26,4.23647580238838e-28,transient,0.0,2.748812402075848e-29,nan,38.25,0.49993807669898094,1.1656190246618204e-26,1.1656190246618204e-26,0.0,monotone,0.0,0.0,nan,38.300000000000004,0.49988058128238033,1.5973421100465318e-25,1.5973421100465318e-25,0.0,monotone,0.0,0.0,nan,38.300000000000004,0.4998719455537878,1.6014026696815315e-25,1.6014026696815315e-25,0.0,monotone,0.0,9.130082880911134e-29,nan,37.07,0.49992806884511676,1.0003393191081722e-26,1.0016012001506314e-26,1.261881042459217e-29,monotone,0.0,0.0,nan,38.300000000000004,0.4998719455537878,1.601404687725184e-25,1.601404687725184e-25,0.0,monotone,0.0,9.102082834610997e-29,nan,37.07,0.49992806884511676,1.0003424816639155e-26,1.0016062025262369e-26,1.2637208623214296e-29,monotone
linear,0.0002,0.005,E3_regime,pos,0.01,1.0,2.0,2000,False,3,0.05,40.0,8,E3_regime__linear__mu1-2_sd0.05__h8_eps5.00e-03_pos__s3__dt0.0002__e4fa9d9d29,40.0,1.1015095723011487e-25,0.0,2.220446049250313e-16,163,163,164,164,167,167,168,168,172,172,173,173,181,539,0.0010768859370968303,0.001089219846495612,3.23,37.730000000000004,0.499868139167455,4.3368739140917047e-26,4.3368739140917047e-26,0.0,transient,0.001077640276037073,0.0010900174642284183,3.23,37.730000000000004,0.49986806400177086,4.349710006059452e-26,4.349710006059452e-26,0.0,transient,0.0,6.231924114048218e-29,nan,37.730000000000004,0.4999451225501135,6.041176930868195e-27,6.041176930868195e-27,0.0,monotone,0.0,0.0,nan,37.730000000000004,0.49987520442886413,1.9992873872256411e-25,1.9992873872256411e-25,0.0,monotone,0.0,0.0,nan,37.730000000000004,0.49986575130889654,2.0087209042765676e-25,2.0087209042765676e-25,0.0,monotone,3.896430329901209e-09,3.923429618853578e-09,9.26,37.61,0.4999342641596222,4.4842367060444395e-27,4.484696880161199e-27,4.601741167596574e-31,other,0.0,0.0,nan,37.730000000000004,0.49986575130889654,2.0087216400579288e-25,2.0087216400579288e-25,0.0,monotone,3.896430329901209e-09,3.923429618849447e-09,9.26,35.71,0.4999342641596222,4.484236920401534e-27,4.484711415902017e-27,4.744955004833297e-31,other
linear,0.0002,0.005,E3_regime,pos,0.01,1.0,2.0,2000,False,4,0.05,40.0,8,E3_regime__linear__mu1-2_sd0.05__h8_eps5.00e-03_pos__s4__dt0.0002__d73500cc10,40.0,1.242053320258171e-25,-1.2958713618987102e-28,2.7755575615628914e-17,133,133,135,135,144,144,146,146,153,153,156,156,181,539,0.00043153444092070004,0.0004377191076515574,3.18,40.0,0.49984804167815394,4.591964413746563e-26,4.591964413746563e-26,0.0,transient,0.0004314543363260759,0.0004376411832115179,3.18,40.0,0.49984805276229904,4.5886413371833194e-26,4.5886413371833194e-26,0.0,transient,0.0,1.1291188003557935e-27,nan,40.0,0.49989789924493927,5.018058618349553e-27,5.018058618349553e-27,0.0,monotone,0.0,0.0,nan,40.0,0.49991968253051855,2.3660570070846607e-25,2.3660570070846607e-25,0.0,monotone,0.0,0.0,nan,40.0,0.49991201237002536,2.3719131238039347e-25,2.3719131238039347e-25,0.0,monotone,0.0,2.846087406398784e-28,nan,37.1,0.4998880009053825,2.392157479848829e-27,2.4807270012625233e-27,8.856952141369437e-29,monotone,0.0,0.0,nan,40.0,0.49991201237002536,2.3719218402870498e-25,2.3719218402870498e-25,0.0,monotone,0.0,2.8544184769205137e-28,nan,37.1,0.4998880009053825,2.392139321238962e-27,2.481071063110123e-27,8.893174187116089e-29,monotone
linear,0.0002,0.005,E3_regime,pos,0.01,1.0,2.0,2000,False,5,0.05,40.0,8,E3_regime__linear__mu1-2_sd0.05__h8_eps5.00e-03_pos__s5__dt0.0002__7196162818,40.0,1.6017348223874234e-25,0.0,2.220446049250313e-16,155,155,157,157,161,161,163,163,167,167,169,169,181,539,0.000810751122100134,0.0008206955147594119,3.2,39.300000000000004,0.49986038171103025,5.089776166507051e-26,5.089776166507051e-26,0.0,transient,0.0008109903463649343,0.0008209307292458556,3.2,39.29,0.499860353828259,5.0930691985631623e-26,5.095699402569613e-26,2.63020400645076e-29,transient,0.0,2.2950738034964123e-27,nan,36.82,0.499930224205256,1.299613366463827e-26,1.5052234999147202e-26,2.056101334508933e-27,monotone,0.0,0.0,nan,39.300000000000004,0.49988972724123765,2.7820278459726107e-25,2.7820278459726107e-25,0.0,monotone,0.0,0.0,nan,39.300000000000004,0.4998806216020955,2.7714627654522387e-25,2.7714627654522387e-25,0.0,monotone,0.0,1.1791023876166995e-27,nan,36.84,0.4999193928797148,9.098346458255431e-27,1.0275548242875508e-26,1.1772017846200774e-27,monotone,0.0,0.0,nan,39.300000000000004,0.4998806216020955,2.771423469688354e-25,2.771423469688354e-25,0.0,monotone,0.0,1.1805094199988555e-27,nan,36.84,0.4999193928797148,9.113304222867952e-27,1.0291910924880362e-26,1.17860670201241e-27,monotone
linear,0.0002,0.005,E3_regime,pos,0.01,1.0,2.0,2000,False,6,0.05,40.0,8,E3_regime__linear__mu1-2_sd0.05__h8_eps5.00e-03_pos__s6__dt0.0002__88f0621e9f,40.0,1.1749641472927883e-25,0.0,4.440892098500626e-16,173,173,173,173,176,176,176,176,179,179,180,180,181,539,0.0013325461905253633,0.0013443484251318555,3.12,39.03,0.4998341037412231,4.4588224115007445e-26,4.4588224115007445e-26,0.0,transient,0.0013339801193177903,0.0013457692666807852,3.12,39.03,0.499834041242594,4.47057289527744e-26,4.47057289527744e-26,0.0,transient,0.0,9.857691382931294e-28,nan,39.0,0.49991042850619416,2.2526789817060966e-27,2.2526789817060966e-27,0.0,monotone,0.0,0.0,nan,39.03,0.4999145598623465,2.3239871888613552e-25,2.3239871888613552e-25,0.0,monotone,7.817590407244168e-06,1.150551233408681e-05,2.27,39.03,0.4999034922804362,2.33157574596347e-25,2.33157574596347e-25,0.0,other,0.0,1.9154057420402394e-28,nan,37.660000000000004,0.49989652409583013,2.49425153962464e-32,2.913689894822654e-29,2.9111956432830294e-29,monotone,7.817590407244168e-06,1.150551233408681e-05,2.27,39.03,0.4999034922804362,2.3308219029992535e-25,2.3308219029992535e-25,0.0,other,0.0,1.9213310219669125e-28,nan,36.67,0.49989652409583013,2.515799866957815e-32,2.936762611418923e-29,2.934246811551965e-29,monotone
linear,0.0002,0.005,E3_regime,pos,0.01,1.0,2.0,2000,False,7,0.05,40.0,8,E3_regime__linear__mu1-2_sd0.05__h8_eps5.00e-03_pos__s7__dt0.0002__31616183c2,40.0,1.0001191890628869e-25,-2.9691702729235627e-30,6.938893903907228e-18,127,127,129,129,140,140,142,142,151,151,154,154,181,539,0.0003757972919167102,0.00038133156624726994,3.19,40.0,0.4998458125750562,3.8990419368496524e-26,3.8990419368496524e-26,0.0,transient,0.00037567225941291527,0.0003812106099606305,3.19,39.84,0.4998458290709118,3.893981517402176e-26,3.894864671837474e-26,8.831544352982109e-30,transient,0.0,2.306837479893227e-28,nan,39.980000000000004,0.4998906644446156,5.976368617867587e-27,5.976368617867587e-27,0.0,monotone,0.0,2.331338197680749e-31,nan,39.99,0.4999262026363764,1.8144904695719846e-25,1.8144927566137936e-25,2.2870418089598426e-31,monotone,0.0,7.148133741867214e-32,nan,40.0,0.4999189346020489,1.8216603970338923e-25,1.8216603970338923e-25,0.0,monotone,2.6202490682242734e-10,2.644192317677872e-10,9.950000000000001,37.75,0.49988107862409875,4.410940620367948e-27,4.4243308939175884e-27,1.3390273549640277e-29,monotone,0.0,7.129462612042035e-32,nan,40.0,0.4999189346020489,1.8216604813875887e-25,1.8216604813875887e-25,0.0,monotone,2.6202490682242734e-10,2.6441923176689396e-10,9.950000000000001,37.75,0.49988107862409875,4.410940924163994e-27,4.424358783763593e-27,1.3417859599599205e-29,monotone
linear,0.0002,0.005,E3_regime,pos,0.01,1.0,2.0,2000,False,8,0.05,40.0,8,E3_regime__linear__mu1-2_sd0.05__h8_eps5.00e-03_pos__s8__dt0.0002__992a50f8af,40.0,9.775552000725949e-26,0.0,1.1102230246251565e-16,163,163,164,164,168,168,169,169,174,174,174,174,181,539,0.0008748181948176753,0.0008839798320568054,3.15,38.07,0.4998385843206324,4.1120245204980103e-26,4.1120245204980103e-26,0.0,transient,0.0008746009930730853,0.0008837517005784862,3.15,38.07,0.4998385977345841,4.1120245204980103e-26,4.1120245204980103e-26,0.0,transient,0.0,0.0,nan,38.07,0.4999031790564903,1.5454047059752058e-27,1.5454047059752058e-27,0.0,monotone,0.0,0.0,nan,38.07,0.4999187658064363,1.9160073838319177e-25,1.9160073838319177e-25,0.0,monotone,0.0,0.0,nan,38.07,0.49990912009629973,1.9286570523389553e-25,1.9286570523389553e-25,0.0,monotone,0.0,3.975904961767711e-28,nan,31.96,0.4998908948799687,1.940412952831289e-28,5.45991955043773e-28,3.5195065976064406e-28,monotone,0.0,0.0,nan,38.07,0.49990912009629973,1.9279733155575872e-25,1.9279733155575872e-25,0.0,monotone,0.0,3.9395704472400103e-28,nan,31.96,0.4998908948799687,1.942606734457155e-28,5.4234551765831e-28,3.4808484421259447e-28,monotone
linear,0.0002,0.005,E3_regime,pos,0.01,1.0,2.0,2000,False,9,0.05,40.0,8,E3_regime__linear__mu1-2_sd0.05__h8_eps5.00e-03_pos__s9__dt0.0002__c722cc02f6,40.0,9.767448330779138e-26,-1.0292996787713636e-29,1.7763568394002505e-15,160,160,160,160,168,168,168,168,175,175,175,175,181,539,0.0005828478969957251,0.0005881939732814423,3.11,39.99,0.49981875261133574,4.0224647721497195e-26,4.0243523375696146e-26,1.887565419895042e-29,transient,0.000582953101645578,0.0005882980591478959,3.11,40.0,0.49981875656528646,4.0243523375696146e-26,4.0243523375696146e-26,0.0,transient,0.0,1.7805424558504156e-28,nan,38.64,0.4998501012831698,2.1583515552618764e-27,2.3319561323034056e-27,1.736045770415293e-28,monotone,0.0,0.0,nan,40.0,0.4999678074615605,1.8795285691261176e-25,1.8795285691261176e-25,0.0,monotone,0.0,0.0,nan,40.0,0.4999605840805997,1.892012393870169e-25,1.892012393870169e-25,0.0,monotone,3.4157685811144554e-08,3.4200048901418985e-08,7.95,36.97,0.4998394327416512,1.1823299869415354e-27,1.218406889211451e-27,3.607690226991565e-29,other,0.0,0.0,nan,40.0,0.4999605840805997,1.89132479415066e-25,1.89132479415066e-25,0.0,monotone,3.4157685811144554e-08,3.420004890139409e-08,7.95,37.02,0.4998394327416512,1.1823300341878344e-27,1.2180746964817116e-27,3.5744662293877174e-29,other
linear,0.0002,0.01,E3_regime,iso,0.01,3.0,2.0,2000,False,0,0.15,20.0,200,E3_regime__linear__mu3-2_sd0.15__h200_eps1.00e-02_iso__s0__dt0.0002__95d7ebeb33,20.0,1.9138094588855685e-26,0.0,5.551115123125783e-17,0,0,0,0,0,0,0,0,0,0,0,0,181,539,0.0,9.096552313329792e-30,nan,9.68,0.49027874572839136,2.9088321433651504e-27,2.9088321433651504e-27,0.0,monotone,0.0,8.511069610236073e-30,nan,9.71,0.49028044913139857,2.9088321433651504e-27,2.9088321433651504e-27,0.0,monotone,0.0,3.4570442501750884e-32,nan,9.870000000000001,0.4907475702905793,9.430399269162195e-27,9.430399269162195e-27,0.0,monotone,0.0,1.3882103039143196e-30,nan,9.69,0.4891659683894965,4.724075041988563e-29,4.724075041988563e-29,0.0,monotone,0.0,5.231959930671962e-12,nan,8.28,0.48923951570265933,2.4660178196173285e-32,2.9235289519696283e-32,4.575111323522998e-33,monotone,0.0,2.6408281411098483e-32,nan,9.89,0.49086150473961276,9.49148696063168e-27,9.49148696063168e-27,0.0,monotone,0.0,5.231959930318756e-12,nan,8.28,0.48923951570265933,2.4730510700279517e-32,2.861307968928315e-32,3.8825689890036343e-33,monotone,0.0,4.423772136480004e-32,nan,9.9,0.49086150473961276,9.49148686418992e-27,9.49148686418992e-27,0.0,monotone
linear,0.0002,0.01,E3_regime,iso,0.01,3.0,2.0,2000,False,1,0.15,20.0,200,E3_regime__linear__mu3-2_sd0.15__h200_eps1.00e-02_iso__s1__dt0.0002__9c20d7f86c,20.0,1.9143260231549458e-26,0.0,8.673617379884035e-19,0,0,0,0,0,0,0,0,0,0,0,0,181,539,0.0,8.467928779481799e-30,nan,9.83,0.4908812478667014,2.9342913964859942e-27,2.9342913964859942e-27,0.0,monotone,0.0,1.6640034719505718e-31,nan,9.84,0.4908815332377158,2.93424825565524e-27,2.93424825565524e-27,0.0,monotone,0.0,3.3511181032337904e-32,nan,9.85,0.4892840726710522,9.384708410865055e-27,9.384708796051044e-27,3.851859888774472e-34,monotone,0.0,3.778385661396099e-30,nan,9.35,0.4906260165693449,4.225682890980034e-29,4.603521457119644e-29,3.778385661396099e-30,monotone,0.0,5.518763585556602e-31,nan,9.870000000000001,0.4907190163200684,2.2350719126774537e-31,2.2350719126774537e-31,0.0,monotone,0.0,1.7472745350665414e-32,nan,9.870000000000001,0.4893818338478321,9.568118713208065e-27,9.568118713208065e-27,0.0,monotone,0.0,5.502972637399208e-31,nan,9.870000000000001,0.4907190163200684,2.243500751071139e-31,2.243500751071139e-31,0.0,monotone,0.0,1.8787567829778442e-32,nan,9.870000000000001,0.4893818338478321,9.552767314053265e-27,9.552767314053265e-27,0.0,monotone
linear,0.0002,0.01,E3_regime,iso,0.01,3.0,2.0,2000,False,2,0.15,20.0,200,E3_regime__linear__mu3-2_sd0.15__h200_eps1.00e-02_iso__s2__dt0.0002__07a459f241,20.0,1.9256605530839915e-26,0.0,1.1102230246251565e-16,0,0,0,0,0,0,0,0,0,0,0,0,181,539,0.0,8.412461997083446e-30,nan,9.290000000000001,0.48953349271602986,2.869265838587659e-27,2.869265838587659e-27,0.0,monotone,0.0,8.714447812363365e-30,nan,9.290000000000001,0.4895338824036044,2.8698081804599985e-27,2.8698081804599985e-27,0.0,monotone,0.0,0.0,nan,9.33,0.4903879832008757,9.369643401654069e-27,9.369643401654069e-27,0.0,monotone,0.0,1.2368322102854829e-30,nan,9.32,0.4898515632273589,5.672258501859009e-29,5.672258501859009e-29,0.0,monotone,0.0,1.0295035005075992e-31,nan,9.33,0.48978639548749725,6.0574648240490284e-30,6.0574648240490284e-30,0.0,monotone,0.0,0.0,nan,9.33,0.49031388191955627,9.445665154926242e-27,9.445665154926242e-27,0.0,monotone,0.0,1.0111924775425306e-31,nan,9.33,0.48978639548749725,6.842609545637605e-30,6.842609545637605e-30,0.0,monotone,0.0,0.0,nan,9.33,0.4903138819195564,9.445667313949783e-27,9.445667313949783e-27,0.0,monotone
linear,0.0002,0.01,E3_regime,iso,0.01,3.0,2.0,2000,False,3,0.15,20.0,200,E3_regime__linear__mu3-2_sd0.15__h200_eps1.00e-02_iso__s3__dt0.0002__ff564fffac,20.0,1.9336921255971592e-26,0.0,3.469446951953614e-18,0,0,0,0,0,0,0,0,0,0,0,0,181,539,0.0,8.609677223388699e-30,nan,10.53,0.48991971646813004,2.9427038584830776e-27,2.9427100214588997e-27,6.162975822039155e-33,monotone,0.0,9.145856119906106e-30,nan,10.6,0.48992046184758786,2.9427285103863658e-27,2.9427285103863658e-27,0.0,monotone,0.0,1.4733364074562354e-32,nan,10.63,0.48965451096288415,9.537426951735185e-27,9.537429359147616e-27,2.4074124304840448e-33,monotone,0.0,1.7275591601153506e-30,nan,10.72,0.4905525646067767,4.601595527175257e-29,4.601595527175257e-29,0.0,monotone,0.0,1.7960130274034466e-30,nan,10.35,0.4905106740656018,6.16378226033931e-33,1.3271013817104972e-32,7.107231556765661e-33,monotone,0.0,1.3320434469587713e-32,nan,10.72,0.4895896555840295,9.506785874504501e-27,9.506786661506876e-27,7.870023744837192e-34,monotone,0.0,1.7875971687383125e-30,nan,10.33,0.4905106740656018,6.163004099790884e-33,1.3992723365903278e-32,7.829719266112394e-33,monotone,0.0,2.050773352480318e-32,nan,10.72,0.4895896555840295,9.506785243515252e-27,9.506785823574492e-27,5.800592400316885e-34,monotone
linear,0.0002,0.01,E3_regime,iso,0.01,3.0,2.0,2000,False,4,0.15,20.0,200,E3_regime__linear__mu3-2_sd0.15__h200_eps1.00e-02_iso__s4__dt0.0002__23641dbc5c,20.0,1.9049913450937468e-26,3.371652127577971e-32,8.673617379884035e-19,0,0,0,0,0,0,0,0,0,0,0,0,181,539,0.0,8.412461997083446e-30,nan,9.59,0.4903205457093315,2.8669423967027503e-27,2.8669423967027503e-27,0.0,monotone,0.0,8.412461997083446e-30,nan,15.74,0.4903220069890859,2.858369697334294e-27,2.8667698333797332e-27,8.400136045439368e-30,monotone,0.0,1.3577806107930013e-32,nan,16.39,0.49046422744226703,9.38470927753353e-27,9.38470927753353e-27,0.0,monotone,0.0,2.377367923351604e-30,nan,17.400000000000002,0.4894755226883764,4.798502604689408e-29,4.798502604689408e-29,0.0,monotone,0.0,9.214728233554643e-31,nan,8.83,0.48954085588288593,3.944410575820522e-31,4.20387698882919e-31,2.594664130086685e-32,monotone,0.0,1.537103033662686e-32,nan,19.19,0.4905596691454509,9.41515601968505e-27,9.415156535222874e-27,5.155378244829917e-34,monotone,0.0,8.915549586982418e-31,nan,8.85,0.48954085588288593,6.162985379220214e-31,6.376774493875337e-31,2.1378911465512355e-32,monotone,0.0,1.347701306070269e-32,nan,19.25,0.4905596691454509,9.399927971638943e-27,9.399927971638943e-27,0.0,monotone
linear,0.0002,0.01,E3_regime,iso,0.01,3.0,2.0,2000,False,5,0.15,20.0,200,E3_regime__linear__mu3-2_sd0.15__h200_eps1.00e-02_iso__s5__dt0.0002__f230522a3b,20.0,1.9189110238499675e-26,0.0,1.7763568394002505e-15,0,0,0,0,0,0,0,0,0,0,0,0,181,539,0.0,8.492580682769955e-30,nan,10.1,0.4904694260434741,2.8749604282472233e-27,2.8833852161959508e-27,8.424787948727525e-30,monotone,0.0,8.52955853770219e-30,nan,10.03,0.4904695800457879,2.8918777968787207e-27,2.891920937709475e-27,4.3140830754274083e-32,monotone,0.0,6.933347799794049e-33,nan,10.120000000000001,0.4901189999094673,9.308833030328517e-27,9.308833030328517e-27,0.0,monotone,0.0,4.4978167921219506e-30,nan,8.61,0.48981723126987786,4.768448467907245e-29,4.8628286648319415e-29,9.43801969246965e-31,monotone,0.0,7.328879082133393e-31,nan,9.16,0.48988825805068376,2.2186746094532897e-31,2.5147631814752555e-31,2.960885720219658e-32,monotone,0.0,5.908254442756534e-33,nan,10.120000000000001,0.490212046355495,9.43040291015792e-27,9.43040291015792e-27,0.0,monotone,0.0,7.505456867762498e-31,nan,9.13,0.48988825805068376,2.2187217102610707e-31,2.4785378335394322e-31,2.5981612327836155e-32,monotone,0.0,5.843678809826793e-33,nan,10.120000000000001,0.490212046355495,9.430402776989372e-27,9.430402776989372e-27,0.0,monotone
linear,0.0002,0.01,E3_regime,iso,0.01,3.0,2.0,2000,False,6,0.15,20.0,200,E3_regime__linear__mu3-2_sd0.15__h200_eps1.00e-02_iso__s6__dt0.0002__604d6c2775,20.0,1.9723778712665643e-26,3.515759821351888e-32,8.673617379884035e-19,0,0,0,0,0,0,0,0,0,0,0,0,181,539,0.0,8.622003175032777e-30,nan,14.0,0.49054741137853874,3.0031256734423495e-27,3.0031256734423495e-27,0.0,monotone,0.0,4.3140830754274083e-32,nan,17.17,0.4905473678876013,2.976926863222861e-27,2.976926863222861e-27,0.0,monotone,0.0,2.3496345321524277e-32,nan,19.69,0.4897959840442923,9.72246269336863e-27,9.722470300791911e-27,7.607423280329582e-33,monotone,0.0,2.6312054900218416e-30,nan,10.34,0.4901596452250588,4.550442827852332e-29,4.7479950918978525e-29,1.9755226404552072e-30,monotone,0.0,1.1919858636741017e-31,nan,9.59,0.49022612803296367,7.233561421575606e-38,5.887291688810878e-34,5.886568332668721e-34,monotone,0.0,2.8525685493680946e-32,nan,19.94,0.4898741245594373,9.768997705553495e-27,9.768997705553495e-27,0.0,monotone,0.0,1.2118180884253744e-31,nan,9.53,0.49022612803296367,2.451841587204241e-36,2.256207590932898e-33,2.2537557493456938e-33,monotone,0.0,2.6570476998366944e-32,nan,19.61,0.4898741245594373,9.768977290656669e-27,9.768977290656669e-27,0.0,monotone
linear,0.0002,0.01,E3_regime,iso,0.01,3.0,2.0,2000,False,7,0.15,20.0,200,E3_regime__linear__mu3-2_sd0.15__h200_eps1.00e-02_iso__s7__dt0.0002__8a037205c5,20.0,1.9374416948629728e-26,0.0,4.440892098500626e-16,0,0,0,0,0,0,0,0,0,0,0,0,181,539,0.0,1.6640034719505718e-31,nan,10.08,0.48980479563003465,2.9776171165149295e-27,2.9776171165149295e-27,0.0,monotone,0.0,1.5407439555097887e-31,nan,10.040000000000001,0.4898045981931891,2.9602621766000672e-27,2.9602621766000672e-27,0.0,monotone,0.0,1.820003797445938e-32,nan,10.17,0.49067800562472136,9.52210117160973e-27,9.52210117160973e-27,0.0,monotone,0.0,2.2618121266883698e-30,nan,9.31,0.4894190109478189,4.527322038869963e-29,4.7535032515388e-29,2.2618121266883698e-30,monotone,0.0,9.023480609283066e-32,nan,8.11,0.4894127707095143,8.874703101258414e-31,8.893004248785165e-31,1.8301147526751526e-33,monotone,0.0,1.4253415919973098e-32,nan,10.200000000000001,0.49068764386599945,9.614262937000417e-27,9.614262937000417e-27,0.0,monotone,0.0,9.902882523495815e-32,nan,8.96,0.4894127707095143,1.0415433637367884e-30,1.0442666410486545e-30,2.723277311866184e-33,monotone,0.0,2.5584333039668694e-32,nan,10.200000000000001,0.49068764386599945,9.629663171859416e-27,9.629663171859416e-27,0.0,monotone
linear,0.0002,0.01,E3_regime,iso,0.01,3.0,2.0,2000,False,8,0.15,20.0,200,E3_regime__linear__mu3-2_sd0.15__h200_eps1.00e-02_iso__s8__dt0.0002__2cfcb46da0,20.0,1.9318489315116836e-26,0.0,3.469446951953614e-18,0,0,0,0,0,0,0,0,0,0,0,0,181,539,0.0,8.498743658591994e-30,nan,9.59,0.4900734189482757,2.9270683888225643e-27,2.9270683888225643e-27,0.0,monotone,0.0,9.059574458397557e-30,nan,9.540000000000001,0.49007353652490504,2.962098743395035e-27,2.962098743395035e-27,0.0,monotone,0.0,1.771855548836257e-32,nan,9.66,0.4899427069711715,9.460935273616444e-27,9.460935273616444e-27,0.0,monotone,0.0,2.4139605922949614e-30,nan,9.1,0.4901646864708401,5.778752798133901e-29,5.858062593243768e-29,7.930979510986637e-31,monotone,0.0,7.660831392238482e-31,nan,9.18,0.49016277453143037,1.602990720845677e-29,1.603101097369009e-29,1.1037652333192815e-33,monotone,0.0,5.006017065625041e-33,nan,9.65,0.48993723892040825,9.568126162499206e-27,9.568126377750639e-27,2.152514329573294e-34,monotone,0.0,7.74178606537521e-31,nan,8.97,0.49016277453143037,1.6029904628644275e-29,1.6030458695813046e-29,5.540671687706263e-34,monotone,0.0,5.035707427005594e-33,nan,9.65,0.48993723892040825,9.56812604619934e-27,9.568126259807108e-27,2.136077684217418e-34,monotone
linear,0.0002,0.01,E3_regime,iso,0.01,3.0,2.0,2000,False,9,0.15,20.0,200,E3_regime__linear__mu3-2_sd0.15__h200_eps1.00e-02_iso__s9__dt0.0002__4e60cd4a50,20.0,1.9376590052354538e-26,0.0,3.469446951953614e-18,0,0,0,0,0,0,0,0,0,0,0,0,181,539,0.0,8.474091755303838e-30,nan,10.06,0.49028594446209206,2.9097750786659224e-27,2.9099414790131175e-27,1.6640034719505718e-31,monotone,0.0,8.511069610236073e-30,nan,10.51,0.49028586186851286,2.9272717670246916e-27,2.927475145226819e-27,2.033782021272921e-31,monotone,0.0,5.007417855406813e-32,nan,10.700000000000001,0.4898436143691766,9.461499474793652e-27,9.461499474793652e-27,0.0,monotone,0.0,1.639833051148512e-30,nan,10.620000000000001,0.4902006200742524,5.321883696726361e-29,5.321883696726361e-29,0.0,monotone,0.0,5.1486758729385855e-31,nan,8.61,0.4902276189185729,5.9230726792721115e-30,5.961790976985247e-30,3.871829771313544e-32,monotone,0.0,2.206787600552586e-32,nan,10.67,0.48987244689805953,9.599267386672144e-27,9.599267386672144e-27,0.0,monotone,0.0,5.804718325293618e-31,nan,8.61,0.4902276189185729,5.922624650255456e-30,5.956563484278645e-30,3.393883402318898e-32,monotone,0.0,2.1979911118678526e-32,nan,10.700000000000001,0.48987244689805953,9.599261681745114e-27,9.599261681745114e-27,0.0,monotone
linear,0.0002,0.01,E3_regime,pos,0.01,3.0,2.0,2000,False,0,0.15,20.0,200,E3_regime__linear__mu3-2_sd0.15__h200_eps1.00e-02_pos__s0__dt0.0002__2209922aa0,20.0,1.9046437702707443e-26,0.0,8.673617379884035e-19,0,0,6,6,5,5,11,11,11,11,16,16,181,539,0.0,3.6484816866471796e-30,nan,9.14,0.4849391957073731,2.8808275812298045e-27,2.881819820337153e-27,9.922391073483039e-31,monotone,0.0,2.7178723375192672e-30,nan,9.09,0.484933675020251,2.8798476680741003e-27,2.881819820337153e-27,1.9721522630525295e-30,monotone,0.0,0.0,nan,9.18,0.4901724027783712,9.174359883083037e-27,9.174359883083037e-27,0.0,monotone,0.0,5.300159206953673e-31,nan,9.1,0.49183104932410426,1.1587665659196906e-28,1.1587665659196906e-28,0.0,monotone,0.0,5.642117394231983e-29,nan,7.83,0.4910121601340833,1.1826591577799988e-29,6.665969388175268e-29,5.48331023039527e-29,monotone,0.0,0.0,nan,9.18,0.48912486909301184,9.27875807886447e-27,9.27875807886447e-27,0.0,monotone,0.0,5.633695012326768e-29,nan,7.83,0.4910121601340833,1.1905287082250807e-29,6.666026034370102e-29,5.475497326145021e-29,monotone,0.0,0.0,nan,9.18,0.48912486909301184,9.293889445415657e-27,9.293889445415657e-27,0.0,monotone
linear,0.0002,0.01,E3_regime,pos,0.01,3.0,2.0,2000,False,1,0.15,20.0,200,E3_regime__linear__mu3-2_sd0.15__h200_eps1.00e-02_pos__s1__dt0.0002__f430fa48a5,20.0,1.8575819262251255e-26,3.454277870009278e-32,3.469446951953614e-18,7,7,14,14,11,11,18,18,14,14,22,22,181,539,0.0,4.098378921656038e-30,nan,17.92,0.4841100965159342,2.8279307597492425e-27,2.8279307597492425e-27,0.0,monotone,0.0,3.4019626537656134e-30,nan,9.65,0.4841120917255456,2.819056074565506e-27,2.8224580372192717e-27,3.4019626537656134e-30,monotone,0.0,1.4932890416800872e-29,nan,9.9,0.4910623569377568,9.03976087631569e-27,9.053745824013864e-27,1.3984947698173474e-29,monotone,0.0,5.115269932292498e-31,nan,11.75,0.4911208030395287,1.050698784880234e-28,1.0558140548125266e-28,5.115269932292498e-31,monotone,2.120647092273099e-12,3.695923454110689e-12,2.4,7.930000000000001,0.4902150508580346,6.660757249161817e-30,6.164349191252969e-29,5.498273466336787e-29,monotone,0.0,0.0,nan,12.32,0.4899283186789096,9.097952828432215e-27,9.097952828432215e-27,0.0,monotone,2.120647092273099e-12,3.695923454081877e-12,2.4,7.930000000000001,0.4902150508580346,6.609976330957427e-30,6.164233953077778e-29,5.503236319982035e-29,monotone,0.0,0.0,nan,12.31,0.4899283186789096,9.112937134586942e-27,9.112937134586942e-27,0.0,monotone
linear,0.0002,0.01,E3_regime,pos,0.01,3.0,2.0,2000,False,2,0.15,20.0,200,E3_regime__linear__mu3-2_sd0.15__h200_eps1.00e-02_pos__s2__dt0.0002__8521df4862,20.0,1.8424600888809332e-26,4.405131694346824e-32,1.1102230246251565e-16,0,0,8,8,7,7,13,13,11,11,17,17,181,539,0.0,1.1339875512552045e-29,nan,9.26,0.4844038489746365,2.7931654131371196e-27,2.797799970955293e-27,4.6345578181734444e-30,monotone,0.0,1.013809522725441e-29,nan,18.02,0.484390574416372,2.761586325024991e-27,2.761586325024991e-27,0.0,monotone,0.0,1.447914132190324e-29,nan,17.0,0.49104907071261517,8.714185211815448e-27,8.714185211815448e-27,0.0,monotone,0.0,5.2462331685108305e-31,nan,13.24,0.4910227216226949,1.6452381735374347e-28,1.6492161818375666e-28,3.978008300131836e-31,monotone,0.0,2.9836438254145694e-29,nan,7.890000000000001,0.4901639516479999,1.244799127211464e-28,1.3688640360467567e-28,1.2406490883529278e-29,monotone,0.0,0.0,nan,19.84,0.48997498905591336,8.756802594390301e-27,8.756802594390301e-27,0.0,monotone,0.0,2.9748829185998446e-29,nan,7.890000000000001,0.4901639516479999,1.2449894264377014e-28,1.3689273307305294e-28,1.2393790429282791e-29,monotone,0.0,0.0,nan,19.84,0.48997498905591336,8.742115832518683e-27,8.742115832518683e-27,0.0,monotone
linear,0.0002,0.01,E3_regime,pos,0.01,3.0,2.0,2000,False,3,0.15,20.0,200,E3_regime__linear__mu3-2_sd0.15__h200_eps1.00e-02_pos__s3__dt0.0002__9b6a55531a,20.0,1.844329823620436e-26,4.6302162190527845e-32,2.7755575615628914e-17,10,10,18,18,13,13,22,22,17,17,26,26,181,539,0.0,4.2401273655629385e-30,nan,15.74,0.48392354395114406,2.8225504818566023e-27,2.8236413285771032e-27,1.0908467205009304e-30,monotone,0.0,3.895000719528746e-30,nan,11.8,0.48392730502093184,2.8286826427995312e-27,2.8319182051061018e-27,3.235562306570556e-30,monotone,0.0,0.0,nan,19.98,0.4910402247402004,8.831449212042856e-27,8.831449212042856e-27,0.0,monotone,0.0,1.1327356967913528e-30,nan,14.55,0.49121863193087495,1.2038795489370173e-28,1.2076900013319874e-28,3.810452394970146e-31,monotone,3.429014647984083e-12,6.188880393907988e-12,2.37,7.930000000000001,0.49028139040045426,6.941133116414888e-30,7.596314724353152e-29,6.902201412711663e-29,monotone,0.0,0.0,nan,19.990000000000002,0.4898651264208099,8.919212283326354e-27,8.919212283326354e-27,0.0,monotone,3.429014647984083e-12,6.188880393949611e-12,2.37,7.930000000000001,0.49028139040045426,6.862187997821626e-30,7.459903896663232e-29,6.77368509688107e-29,monotone,0.0,0.0,nan,19.95,0.4898651264208099,8.90439984615359e-27,8.90439984615359e-27,0.0,monotone
linear,0.0002,0.01,E3_regime,pos,0.01,3.0,2.0,2000,False,4,0.15,20.0,200,E3_regime__linear__mu3-2_sd0.15__h200_eps1.00e-02_pos__s4__dt0.0002__54aa6f23c8,20.0,1.8093876638373988e-26,4.8621810686014374e-32,1.1102230246251565e-16,4,4,12,12,9,9,16,16,13,13,21,21,181,539,0.0,3.0075322011551075e-30,nan,10.77,0.4845904226243221,2.694385236661476e-27,2.6960122622784944e-27,1.627025617018337e-30,monotone,0.0,3.0075322011551075e-30,nan,17.150000000000002,0.4845828725925924,2.7335139701556026e-27,2.7342966680850016e-27,7.8269792939897265e-31,monotone,0.0,0.0,nan,19.6,0.4901305026866942,8.729223932082693e-27,8.729223932082693e-27,0.0,monotone,0.0,1.1518024032407864e-30,nan,8.75,0.4920142891561053,8.859431818576836e-29,8.892413368874467e-29,3.2981550297631414e-31,monotone,0.0,3.20971875837984e-29,nan,7.9,0.4911365227253833,1.8081007854347988e-29,4.3497820322926684e-29,2.5416812468578696e-29,monotone,0.0,0.0,nan,19.990000000000002,0.489006185238064,8.934576902633243e-27,8.934576902633243e-27,0.0,monotone,0.0,3.212558201950326e-29,nan,7.9,0.4911365227253833,1.810705999424274e-29,4.2470207712661794e-29,2.4363147718419056e-29,monotone,0.0,0.0,nan,19.900000000000002,0.489006185238064,8.919734083522265e-27,8.919734083522265e-27,0.0,monotone
linear,0.0002,0.01,E3_regime,pos,0.01,3.0,2.0,2000,False,5,0.15,20.0,200,E3_regime__linear__mu3-2_sd0.15__h200_eps1.00e-02_pos__s5__dt0.0002__e9cffd8357,20.0,1.8297002925922228e-26,4.410657647659277e-32,1.734723475976807e-18,5,5,13,13,9,9,17,17,14,14,21,21,181,539,0.0,8.067335351049254e-30,nan,19.25,0.48410724060749966,2.7752188275433416e-27,2.7752188275433416e-27,0.0,monotone,0.0,5.5158633607250435e-30,nan,10.44,0.4841062100570884,2.7297668808558028e-27,2.7320841597648895e-27,2.3172789090867222e-30,monotone,0.0,1.472334923885154e-29,nan,19.59,0.49131201428428933,8.772657119002525e-27,8.772657119002525e-27,0.0,monotone,0.0,3.4866072748214324e-30,nan,8.82,0.4908331764160834,1.2166032051146115e-28,1.2514692778628259e-28,3.4866072748214324e-30,monotone,0.0,3.198591947634346e-29,nan,7.930000000000001,0.4899403267647173,5.711334854495192e-29,8.152077057146125e-29,2.440742202650933e-29,monotone,0.0,0.0,nan,20.0,0.49020156403632503,8.874798622625793e-27,8.874798622625793e-27,0.0,monotone,0.0,3.1790880435082357e-29,nan,7.930000000000001,0.4899403267647173,5.706203360596345e-29,8.152172804285085e-29,2.4459694436887394e-29,monotone,0.0,0.0,nan,19.96,0.49020156403632503,8.874795548386768e-27,8.874795548386768e-27,0.0,monotone
linear,0.0002,0.01,E3_regime,pos,0.01,3.0,2.0,2000,False,6,0.15,20.0,200,E3_regime__linear__mu3-2_sd0.15__h200_eps1.00e-02_pos__s6__dt0.0002__142e498285,20.0,1.9188177623524482e-26,5.663595273306022e-32,7.105427357601002e-15,0,0,8,8,7,7,13,13,12,12,17,17,181,539,0.0,9.269115636346889e-30,nan,10.74,0.48464038556328304,2.9089554028815912e-27,2.910329746489906e-27,1.3743436083147315e-30,monotone,0.0,9.373886225321554e-30,nan,10.25,0.48464750239826215,2.9089554028815912e-27,2.910329746489906e-27,1.3743436083147315e-30,monotone,0.0,1.501445354994567e-29,nan,9.63,0.49063559321631395,9.175227418226486e-27,9.189473907211107e-27,1.424648898462126e-29,monotone,0.0,2.5047681891728196e-30,nan,9.07,0.4914098701923535,1.6124280310048538e-28,1.637475712896582e-28,2.5047681891728196e-30,monotone,0.0,7.759197327336256e-29,nan,7.87,0.4905673409639651,4.153522035801205e-29,1.1738107894966142e-28,7.584585859164938e-29,monotone,0.0,0.0,nan,13.120000000000001,0.48957073695758313,9.203143228407189e-27,9.203143228407189e-27,0.0,monotone,0.0,7.720219910543033e-29,nan,7.87,0.4905673409639651,4.192554438681039e-29,1.1738223083303036e-28,7.545668644621996e-29,monotone,0.0,0.0,nan,13.1,0.48957073695758313,9.203147911402343e-27,9.203147911402343e-27,0.0,monotone
linear,0.0002,0.01,E3_regime,pos,0.01,3.0,2.0,2000,False,7,0.15,20.0,200,E3_regime__linear__mu3-2_sd0.15__h200_eps1.00e-02_pos__s7__dt0.0002__c20437d2cb,20.0,1.8161250206619457e-26,3.708482840503875e-32,2.7755575615628914e-17,1,1,10,10,8,8,14,14,12,12,18,18,181,539,0.0,5.454233602504652e-30,nan,11.28,0.4843425285232902,2.779206272900201e-27,2.7846605065027056e-27,5.454233602504652e-30,monotone,0.0,5.146084811402694e-30,nan,12.01,0.48434336253253973,2.7638789520307895e-27,2.7682669908160814e-27,4.388038785291878e-30,monotone,0.0,0.0,nan,17.900000000000002,0.49106513355120995,8.831030611169443e-27,8.831030611169443e-27,0.0,monotone,0.0,3.859852498043679e-30,nan,8.9,0.4910278013420884,1.1703654790097628e-28,1.197651091496869e-28,2.7285612487106164e-30,monotone,0.0,6.822930360003117e-29,nan,7.91,0.490159937542569,4.355717161674535e-33,6.538508921471504e-29,6.538073349755337e-29,monotone,0.0,0.0,nan,18.51,0.48997982638169124,8.815623574102877e-27,8.815623574102877e-27,0.0,monotone,0.0,6.719701294494068e-29,nan,7.91,0.490159937542569,4.3390616284641376e-33,6.412059983246108e-29,6.411626077083262e-29,monotone,0.0,0.0,nan,18.95,0.48997982638169124,8.81562323446492e-27,8.81562323446492e-27,0.0,monotone
linear,0.0002,0.01,E3_regime,pos,0.01,3.0,2.0,2000,False,8,0.15,20.0,200,E3_regime__linear__mu3-2_sd0.15__h200_eps1.00e-02_pos__s8__dt0.0002__525e7b140e,20.0,1.9148722595821083e-26,7.870566113798064e-33,1.734723475976807e-18,7,7,13,13,11,11,17,17,14,14,21,21,181,539,0.0,6.803925307531227e-30,nan,9.15,0.4839214723035338,2.8985769515972773e-27,2.9053808769048085e-27,6.803925307531227e-30,monotone,0.0,5.454233602504652e-30,nan,9.38,0.48392360705207405,2.9259960310295295e-27,2.9294164826107612e-27,3.420451581231731e-30,monotone,0.0,0.0,nan,17.3,0.4916704979642561,9.173898045082373e-27,9.173898045082373e-27,0.0,monotone,0.0,5.408011283839358e-31,nan,13.72,0.4904906705946136,1.1761047502440367e-28,1.1761047502440367e-28,0.0,monotone,0.0,6.877721133080697e-29,nan,7.930000000000001,0.489586823546576,1.305289305986484e-29,7.594812539139677e-29,6.289523233153193e-29,monotone,0.0,0.0,nan,17.71,0.49055600186694587,9.399962161669239e-27,9.399962161669239e-27,0.0,monotone,0.0,6.872214879026097e-29,nan,7.930000000000001,0.489586823546576,1.3117178387825027e-29,7.594887825011981e-29,6.283169986229478e-29,monotone,0.0,0.0,nan,17.75,0.49055600186694587,9.415195312852974e-27,9.415195312852974e-27,0.0,monotone
linear,0.0002,0.01,E3_regime,pos,0.01,3.0,2.0,2000,False,9,0.15,20.0,200,E3_regime__linear__mu3-2_sd0.15__h200_eps1.00e-02_pos__s9__dt0.0002__c583ae15c4,20.0,1.8067935103306395e-26,5.960102254769389e-32,1.3877787807814457e-17,5,5,13,13,10,10,17,17,14,14,21,21,181,539,0.0,7.987216665362745e-30,nan,9.790000000000001,0.4843422917752698,2.721132551729126e-27,2.7291197683944887e-27,7.987216665362745e-30,monotone,0.0,7.888609052210118e-30,nan,10.49,0.48433963404878055,2.785665071561698e-27,2.793553680613908e-27,7.888609052210118e-30,monotone,0.0,1.4530082168932282e-29,nan,9.46,0.49060483911360464,8.615804762099762e-27,8.625573078777694e-27,9.76831667793206e-30,monotone,0.0,9.891576194372843e-31,nan,10.74,0.49156060659080997,1.0194033862489137e-28,1.0194033862489137e-28,0.0,monotone,7.125128769819805e-12,1.239306209078494e-11,2.3000000000000003,7.88,0.4906680285880328,9.733688647854036e-30,6.165362453957882e-29,5.191993589172478e-29,monotone,0.0,0.0,nan,17.73,0.4894748496366855,8.75675287440602e-27,8.75675287440602e-27,0.0,monotone,7.125128769819805e-12,1.2393062090874311e-11,2.3000000000000003,7.88,0.4906680285880328,9.706804376034805e-30,6.165158304662773e-29,5.194477867059292e-29,monotone,0.0,0.0,nan,17.73,0.4894748496366855,8.756752961779423e-27,8.756752961779423e-27,0.0,monotone
linear,0.0002,0.001,E3_regime,iso,0.01,3.0,2.0,2000,False,0,0.15,20.0,200,E3_regime__linear__mu3-2_sd0.15__h200_eps1.00e-03_iso__s0__dt0.0002__2f252e10d5,20.0,1.910295452403178e-26,0.0,5.551115123125783e-17,0,0,0,0,0,0,0,0,0,0,0,0,181,539,0.0,8.511069610236073e-30,nan,12.17,0.49990231022964543,2.908789002534396e-27,2.908789002534396e-27,0.0,monotone,0.0,1.7256332301709633e-31,nan,12.06,0.49990232743401575,2.9257186971175377e-27,2.925749511996648e-27,3.0814879110195774e-32,monotone,0.0,1.5792625543975334e-32,nan,12.48,0.49990704535772357,9.384714573840877e-27,9.384714573840877e-27,0.0,monotone,0.0,2.5047681891728196e-30,nan,10.31,0.4998910711785225,4.4029165941122696e-29,4.6533934130295515e-29,2.5047681891728196e-30,monotone,2.649360004108365e-08,3.4136760992921865e-08,1.98,10.120000000000001,0.49989181400638544,1.68561496330429e-36,2.8278711746906286e-34,2.8110150250575857e-34,other,0.0,1.4086573803852011e-32,nan,12.51,0.4999081960956587,9.460922318012213e-27,9.460922318012213e-27,0.0,monotone,2.649360004108365e-08,3.413676099292739e-08,1.98,12.040000000000001,0.49989181400638544,4.2433044861217344e-36,3.0857234722794255e-34,3.043290427418208e-34,other,0.0,1.3276049596562698e-32,nan,12.530000000000001,0.4999081960956587,9.460920090507336e-27,9.460920090507336e-27,0.0,monotone
linear,0.0002,0.001,E3_regime,iso,0.01,3.0,2.0,2000,False,1,0.15,20.0,200,E3_regime__linear__mu3-2_sd0.15__h200_eps1.00e-03_iso__s1__dt0.0002__e04029d272,20.0,1.9440985233852422e-26,-9.26259167543918e-33,3.469446951953614e-18,0,0,0,0,0,0,0,0,0,0,0,0,181,539,0.0,8.7514256672956e-30,nan,19.62,0.4999083963526142,2.9776171165149295e-27,2.9863315643272928e-27,8.714447812363365e-30,monotone,0.0,8.665144005787052e-30,nan,19.22,0.4999083992348615,2.960064961373762e-27,2.968705453476261e-27,8.640492102498895e-30,monotone,0.0,2.5037089277034066e-32,nan,18.55,0.4998922648831382,9.537429359147616e-27,9.537429359147616e-27,0.0,monotone,0.0,3.258673465903203e-30,nan,10.38,0.49990581851651084,4.3917462004348236e-29,4.650735629706297e-29,2.5898942927147354e-30,monotone,0.0,4.970442081992798e-31,nan,11.05,0.49990675781399313,2.227032995155584e-31,2.241643609316955e-31,1.4610614161370977e-33,monotone,0.0,5.652894945963789e-33,nan,19.87,0.49989325227102366,9.598859606637488e-27,9.598859619989808e-27,1.3352320083887582e-35,monotone,0.0,4.918758481622105e-31,nan,11.03,0.49990675781399313,3.029782558828531e-31,3.046631014204217e-31,1.684845537568623e-33,monotone,0.0,5.537386315150424e-33,nan,19.93,0.49989325227102366,9.598859508525444e-27,9.598859519142305e-27,1.0616860642647949e-35,monotone
linear,0.0002,0.001,E3_regime,iso,0.01,3.0,2.0,2000,False,2,0.15,20.0,200,E3_regime__linear__mu3-2_sd0.15__h200_eps1.00e-03_iso__s2__dt0.0002__fd578ab02d,20.0,1.918262967034709e-26,3.1692697008464476e-32,4.336808689942018e-19,0,0,0,0,0,0,0,0,0,0,0,0,181,539,0.0,8.615840199210738e-30,nan,13.9,0.49989478688939665,2.868125688060582e-27,2.868329066262709e-27,2.033782021272921e-31,monotone,0.0,8.702121860719286e-30,nan,14.55,0.49989479082524113,2.8779433085450902e-27,2.8866454304058095e-27,8.702121860719286e-30,monotone,0.0,2.4266717299279172e-32,nan,19.68,0.4999034172432936,9.384854877837326e-27,9.384854877837326e-27,0.0,monotone,0.0,2.348093788196918e-30,nan,14.6,0.49989799940156104,5.714465256590255e-29,5.737971231561501e-29,2.3505974971246214e-31,monotone,0.0,3.0466308139111504e-31,nan,9.84,0.49989734120738843,6.055658516791725e-30,6.089821940879242e-30,3.4163424087517104e-32,monotone,0.0,1.911077334922785e-32,nan,19.85,0.4999026688203522,9.399964780181399e-27,9.399964780181399e-27,0.0,monotone,0.0,3.0105633169898397e-31,nan,9.84,0.49989734120738843,5.673392547099122e-30,5.7067809617336215e-30,3.338841463449928e-32,monotone,0.0,1.7487493896019928e-32,nan,19.94,0.4999026688203522,9.399970099701593e-27,9.399970099701593e-27,0.0,monotone
linear,0.0002,0.001,E3_regime,iso,0.01,3.0,2.0,2000,False,3,0.15,20.0,200,E3_regime__linear__mu3-2_sd0.15__h200_eps1.00e-03_iso__s3__dt0.0002__80b2b7ceb6,20.0,1.9261116929870878e-26,0.0,2.842170943040401e-14,0,0,0,0,0,0,0,0,0,0,0,0,181,539,0.0,8.74526269147356e-30,nan,12.08,0.49989868748808,2.9002964218516262e-27,2.9002964218516262e-27,0.0,monotone,0.0,8.671306981609091e-30,nan,12.25,0.4998986950164125,2.959769138534304e-27,2.9683356749269385e-27,8.566536392634425e-30,monotone,0.0,2.850376317693109e-32,nan,12.42,0.49989600891247704,9.445647915793378e-27,9.445647915793378e-27,0.0,monotone,0.0,1.7238035967237955e-30,nan,12.36,0.49990507925428024,4.6108399909083155e-29,4.6108399909083155e-29,0.0,monotone,0.0,1.8543649575874045e-10,nan,12.14,0.4999046561598145,9.860848371554828e-32,9.965997618587165e-32,1.0514924703233692e-33,monotone,0.0,2.0833398133377718e-32,nan,12.43,0.4998953538731505,9.629655247545687e-27,9.629655247545687e-27,0.0,monotone,0.0,1.85436495767899e-10,nan,12.18,0.4999046561598145,9.860762349378074e-32,9.935908349652774e-32,7.514600027469991e-34,monotone,0.0,1.0605164567127693e-32,nan,12.43,0.4998953538731505,9.61425637212359e-27,9.61425637212359e-27,0.0,monotone
linear,0.0002,0.001,E3_regime,iso,0.01,3.0,2.0,2000,False,4,0.15,20.0,200,E3_regime__linear__mu3-2_sd0.15__h200_eps1.00e-03_iso__s4__dt0.0002__9c4dfc4f26,20.0,1.9334868418012086e-26,0.0,1.3877787807814457e-17,0,0,0,0,0,0,0,0,0,0,0,0,181,539,0.0,1.2942249226282225e-31,nan,10.4,0.49990273488652265,2.9093498333342017e-27,2.9093498333342017e-27,0.0,monotone,0.0,1.1709654061874394e-31,nan,10.290000000000001,0.4999027496454481,2.934587219325452e-27,2.934587219325452e-27,0.0,monotone,0.0,1.617781153285278e-32,nan,10.38,0.49990418607202525,9.506784635948007e-27,9.506784732244504e-27,9.62964972193618e-35,monotone,0.0,2.9532209767233875e-30,nan,9.97,0.4998942001540109,4.670341596540159e-29,4.8123981892381617e-29,1.4205659269800252e-30,monotone,0.0,4.49939232435435e-31,nan,10.07,0.49989486001927547,4.992015003322094e-31,5.0469888000401315e-31,5.4973796718037156e-33,monotone,0.0,1.3025501502036774e-33,nan,10.47,0.49990515003322733,9.537435493685572e-27,9.537435493685572e-27,0.0,monotone,0.0,4.5727959758928845e-31,nan,9.76,0.49989486001927547,6.162997389244051e-31,6.198811800042945e-31,3.581441079889409e-33,monotone,0.0,3.8661579609313165e-33,nan,10.48,0.49990515003322733,9.537434167389424e-27,9.537434167389424e-27,0.0,monotone
linear,0.0002,0.001,E3_regime,iso,0.01,3.0,2.0,2000,False,5,0.15,20.0,200,E3_regime__linear__mu3-2_sd0.15__h200_eps1.00e-03_iso__s5__dt0.0002__b95e0ced52,20.0,1.9022611848078184e-26,0.0,4.336808689942018e-19,0,0,0,0,0,0,0,0,0,0,0,0,181,539,0.0,3.389636702121535e-31,nan,10.77,0.4999042396810083,2.8776783005847425e-27,2.8776783005847425e-27,0.0,monotone,0.0,2.7733391199176196e-31,nan,10.77,0.4999042412364315,2.860613020533516e-27,2.860613020533516e-27,0.0,monotone,0.0,1.6370404527291505e-33,nan,10.78,0.49990070037705475,9.369513979161806e-27,9.369513979161806e-27,0.0,monotone,0.0,5.322788883800223e-30,nan,9.99,0.49989765251379487,4.9275399109633526e-29,5.100825457709594e-29,1.7328554674624155e-30,monotone,0.0,8.415964933709121e-31,nan,10.200000000000001,0.49989836988428105,3.549995312290488e-30,3.5841705137602404e-30,3.417520146975279e-32,monotone,0.0,2.3504076842891167e-34,nan,10.78,0.4999016401461596,9.33913383752646e-27,9.33913383752646e-27,0.0,monotone,0.0,8.324275092865875e-31,nan,10.200000000000001,0.49989836988428105,3.26033254072091e-30,3.2926695266411644e-30,3.233698592025426e-32,monotone,0.0,3.891034787739622e-34,nan,10.78,0.4999016401461596,9.339134761114834e-27,9.339134761114834e-27,0.0,monotone
linear,0.0002,0.001,E3_regime,iso,0.01,3.0,2.0,2000,False,6,0.15,20.0,200,E3_regime__linear__mu3-2_sd0.15__h200_eps1.00e-03_iso__s6__dt0.0002__0ab2822cfc,20.0,1.9328619803056841e-26,3.1665156504569545e-33,1.0842021724855044e-19,0,0,0,0,0,0,0,0,0,0,0,0,181,539,0.0,8.548047465168308e-30,nan,12.17,0.49990502759196126,2.942925725612671e-27,2.942925725612671e-27,0.0,monotone,0.0,8.585025320100543e-30,nan,11.66,0.4999050271527028,2.9343468632683925e-27,2.9343468632683925e-27,0.0,monotone,0.0,1.53149949177673e-29,nan,11.92,0.4998974381758854,9.506971065966623e-27,9.5222615052776e-27,1.5290439310976362e-29,monotone,0.0,4.068815897009694e-30,nan,10.48,0.4999011111538111,4.3754432034555856e-29,4.782324793156555e-29,4.068815897009694e-30,monotone,0.0,1.6485709467869348e-31,nan,12.51,0.49990178263017093,8.87468909018845e-31,8.874868498108532e-31,1.7940792008185304e-35,monotone,0.0,4.5648316966335034e-32,nan,13.09,0.4998982273950883,9.614335688594461e-27,9.614335688594461e-27,0.0,monotone,0.0,1.5497964460880651e-31,nan,11.3,0.49990178263017093,1.20794356313765e-30,1.208307177562591e-30,3.6361442494089723e-34,monotone,0.0,4.8791752393623755e-32,nan,13.120000000000001,0.4998982273950883,9.629724010379038e-27,9.629724010379038e-27,0.0,monotone
linear,0.0002,0.001,E3_regime,iso,0.01,3.0,2.0,2000,False,7,0.15,20.0,200,E3_regime__linear__mu3-2_sd0.15__h200_eps1.00e-03_iso__s7__dt0.0002__e615e21da7,20.0,1.937454696252433e-26,0.0,3.469446951953614e-18,0,0,0,0,0,0,0,0,0,0,0,0,181,539,0.0,1.7872629883913549e-31,nan,11.23,0.4998975263629859,2.9606504440768557e-27,2.9606504440768557e-27,0.0,monotone,0.0,8.585025320100543e-30,nan,11.24,0.4998975243688735,2.977370597482048e-27,2.977370597482048e-27,0.0,monotone,0.0,1.5311143057878525e-32,nan,11.31,0.4999063457839321,9.491485433655783e-27,9.491485433655783e-27,0.0,monotone,0.0,1.9774485703995944e-30,nan,10.450000000000001,0.4998936299376954,4.517702018797749e-29,4.715446875837708e-29,1.9774485703995944e-30,monotone,0.0,9.785657009854509e-32,nan,10.13,0.4998935669112885,1.2079446911960422e-30,1.2104756453995907e-30,2.530954203548467e-33,monotone,0.0,2.5176174100092103e-32,nan,11.33,0.49990644313016896,9.629665156730482e-27,9.629665156730482e-27,0.0,monotone,0.0,9.606511549485773e-32,nan,10.13,0.4998935669112885,1.3866702536743165e-30,1.3894102452337494e-30,2.739991559432962e-33,monotone,0.0,1.9943642899130776e-32,nan,11.32,0.49990644313016896,9.629662233764523e-27,9.629662233764523e-27,0.0,monotone
linear,0.0002,0.001,E3_regime,iso,0.01,3.0,2.0,2000,False,8,0.15,20.0,200,E3_regime__linear__mu3-2_sd0.15__h200_eps1.00e-03_iso__s8__dt0.0002__20bcbdb2b2,20.0,1.9478726911376964e-26,0.0,2.7755575615628914e-17,0,0,0,0,0,0,0,0,0,0,0,0,181,539,0.0,9.059574458397557e-30,nan,10.43,0.4999002414641184,2.9461243100643094e-27,2.9461243100643094e-27,0.0,monotone,0.0,9.022596603465323e-30,nan,11.83,0.4999002426516423,2.9601265911319823e-27,2.9686623126455066e-27,8.53572151352423e-30,monotone,0.0,6.837051302574687e-33,nan,11.83,0.49989892127314967,9.568223438214412e-27,9.568223438214412e-27,0.0,monotone,0.0,1.5854255302195726e-30,nan,10.28,0.4999011632660963,5.917689384321996e-29,5.941455359835735e-29,2.376597551373849e-31,monotone,0.0,7.814729470220194e-31,nan,10.31,0.4999011439555083,1.602990699324233e-29,1.6034937575957133e-29,5.0305827148022534e-33,monotone,0.0,5.090351955031514e-34,nan,11.96,0.49989886604583694,9.67592752111253e-27,9.675927526033642e-27,4.921111246418392e-36,monotone,0.0,7.78162774987155e-31,nan,10.32,0.4999011439555083,1.5407502301365345e-29,1.5412067140221227e-29,4.564838855881931e-33,monotone,0.0,1.3007615262072636e-34,nan,11.97,0.49989886604583694,9.675927691662707e-27,9.675927691662707e-27,0.0,monotone
linear,0.0002,0.001,E3_regime,iso,0.01,3.0,2.0,2000,False,9,0.15,20.0,200,E3_regime__linear__mu3-2_sd0.15__h200_eps1.00e-03_iso__s9__dt0.0002__776cebe6de,20.0,1.9395525368915957e-26,0.0,1.3877787807814457e-17,0,0,0,0,0,0,0,0,0,0,0,0,181,539,0.0,4.129193800766234e-31,nan,10.52,0.499902387709984,2.9835828771106634e-27,2.98399579649074e-27,4.129193800766234e-31,monotone,0.0,3.6361557350031013e-31,nan,10.55,0.4999023868757887,2.9645947486029607e-27,2.964946038224817e-27,3.512896218562318e-31,monotone,0.0,3.389636702121535e-32,nan,10.59,0.4998979201760456,9.415323378447023e-27,9.415357274814045e-27,3.389636702121535e-32,monotone,0.0,9.583427403270886e-31,nan,10.6,0.4999015259336667,4.8151330097591916e-29,4.8151330097591916e-29,0.0,monotone,0.0,6.195715439953182e-31,nan,10.01,0.49990179862199446,5.970542893403523e-30,6.053087478531863e-30,8.254458512834003e-32,monotone,0.0,7.549397490299692e-32,nan,10.58,0.49989821138458723,9.50719521105811e-27,9.507270705033013e-27,7.549397490299692e-32,monotone,0.0,6.876608394466971e-31,nan,9.4,0.49990179862199446,5.967343451401304e-30,6.064307631721824e-30,9.696418032052013e-32,monotone,0.0,7.525965808095887e-32,nan,10.58,0.49989821138458723,9.507156334637195e-27,9.507231594295276e-27,7.525965808095887e-32,monotone
linear,0.0002,0.001,E3_regime,pos,0.01,3.0,2.0,2000,False,0,0.15,20.0,200,E3_regime__linear__mu3-2_sd0.15__h200_eps1.00e-03_pos__s0__dt0.0002__bbffdc42dd,20.0,1.9868186028375327e-26,3.7002854359430605e-32,8.673617379884035e-19,0,0,0,0,6,6,13,13,12,12,20,20,181,539,0.0,9.98402083170343e-30,nan,17.37,0.49984820073050895,3.0144408970516134e-27,3.024424917883317e-27,9.98402083170343e-30,monotone,0.0,9.947042976771196e-30,nan,13.33,0.499848144971569,3.0242092137295455e-27,3.0256328611444365e-27,1.4236474148910447e-30,monotone,0.0,2.6481536735324493e-32,nan,19.96,0.49990105612192604,9.416634166367173e-27,9.416634166367173e-27,0.0,monotone,0.0,2.087226577229667e-30,nan,9.89,0.49991780845203787,1.7702464343677214e-28,1.7716244372429305e-28,1.3780028752090673e-31,monotone,0.0,9.923890161067843e-30,nan,8.91,0.49990953767121876,1.2580864446758796e-28,1.296034835170291e-28,3.794839049441139e-30,monotone,0.0,1.444534578607829e-33,nan,20.0,0.49989047603170395,9.522139125505271e-27,9.522139125505271e-27,0.0,monotone,0.0,9.828064886587406e-30,nan,8.91,0.49990953767121876,1.2419897905764526e-28,1.2782491457723608e-28,3.6259355195908146e-30,monotone,0.0,1.761118676993258e-33,nan,19.96,0.49989047603170395,9.537471784215945e-27,9.537471784215945e-27,0.0,monotone
linear,0.0002,0.001,E3_regime,pos,0.01,3.0,2.0,2000,False,1,0.15,20.0,200,E3_regime__linear__mu3-2_sd0.15__h200_eps1.00e-03_pos__s1__dt0.0002__b83a16557c,20.0,1.9332432907033968e-26,3.116222991067532e-32,3.469446951953614e-18,3,3,17,17,13,13,25,25,20,20,33,33,181,539,0.0,4.930380657631324e-30,nan,10.08,0.4998397951271263,2.959460989743202e-27,2.9643913704008334e-27,4.930380657631324e-30,monotone,0.0,3.494407291096201e-30,nan,10.14,0.49983981527874327,2.9620371136368145e-27,2.9655315209279107e-27,3.494407291096201e-30,monotone,0.0,0.0,nan,11.72,0.49991001295738663,9.325007664076962e-27,9.325007664076962e-27,0.0,monotone,0.0,3.908674822133895e-31,nan,9.89,0.49991060326301445,1.3114899216146819e-28,1.3153985964368158e-28,3.908674822133895e-31,monotone,1.0104434460861906e-10,1.69112171327858e-10,3.0500000000000003,8.96,0.49990145516598145,8.905093609637754e-29,9.477272993937157e-29,5.7217938429940324e-30,monotone,0.0,0.0,nan,11.94,0.49989855917097226,9.445667198024065e-27,9.445667198024065e-27,0.0,monotone,1.0104434460861906e-10,1.691121713277231e-10,3.0500000000000003,8.96,0.49990145516598145,8.911545576556801e-29,9.477348345459549e-29,5.6580276890274736e-30,monotone,0.0,0.0,nan,11.92,0.49989855917097226,9.430416684143307e-27,9.430416684143307e-27,0.0,monotone
linear,0.0002,0.001,E3_regime,pos,0.01,3.0,2.0,2000,False,2,0.15,20.0,200,E3_regime__linear__mu3-2_sd0.15__h200_eps1.00e-03_pos__s2__dt0.0002__006ebdabdc,20.0,1.96069512271769e-26,6.290755396480809e-32,2.7755575615628914e-17,0,0,0,0,7,7,15,15,14,14,23,23,181,539,0.0,2.859620781426168e-29,nan,10.09,0.49984278417112427,2.924332027557579e-27,2.9529282353718406e-27,2.859620781426168e-29,monotone,0.0,3.287947601057889e-29,nan,10.23,0.4998426500980857,2.9200487593612617e-27,2.9529282353718406e-27,3.287947601057889e-29,monotone,0.0,0.0,nan,19.78,0.4999099009106778,8.95253213875699e-27,8.95253213875699e-27,0.0,monotone,0.0,0.0,nan,19.46,0.4999096347848696,3.063985059684986e-28,3.063985059684986e-28,0.0,monotone,0.0,6.1440127296176574e-30,nan,19.85,0.4999009612081252,2.466543293470566e-28,2.466543293470566e-28,0.0,monotone,0.0,0.0,nan,19.85,0.49989905268594514,9.098196700490416e-27,9.098196700490416e-27,0.0,monotone,0.0,4.3394233438735154e-30,nan,19.97,0.4999009612081252,2.442017811064607e-28,2.442017811064607e-28,0.0,monotone,0.0,0.0,nan,20.0,0.49989905268594514,9.083220056702175e-27,9.083220056702175e-27,0.0,monotone
linear,0.0002,0.001,E3_regime,pos,0.01,3.0,2.0,2000,False,3,0.15,20.0,200,E3_regime__linear__mu3-2_sd0.15__h200_eps1.00e-03_pos__s3__dt0.0002__9246a84409,20.0,1.9297726824377337e-26,0.0,3.469446951953614e-18,10,10,25,25,17,17,33,33,23,23,40,40,181,539,0.0,3.1252450393560554e-29,nan,10.1,0.49983789520980026,2.93427907053435e-27,2.9606750959801438e-27,2.63960254457937e-29,monotone,0.0,4.286965981810436e-29,nan,9.950000000000001,0.499837933196605,2.876981884316852e-27,2.9149458153806133e-27,3.7963931063761193e-29,monotone,0.0,0.0,nan,11.96,0.4999097736857697,9.294538007909297e-27,9.294538007909297e-27,0.0,monotone,0.0,5.9443827733512035e-31,nan,11.17,0.49991157559839544,1.3298787007236912e-28,1.3298787007236912e-28,0.0,monotone,1.7275102560564514e-10,2.876016746533114e-10,3.02,9.01,0.49990210945893826,8.383679053663834e-29,8.874685359208252e-29,4.9100630554441846e-30,monotone,0.0,0.0,nan,11.96,0.49989790519274385,9.339145982519561e-27,9.339145982519561e-27,0.0,monotone,1.7275102560564514e-10,2.876016746533158e-10,3.02,9.01,0.49990210945893826,8.258302266298534e-29,8.727409311712681e-29,4.69107045414147e-30,monotone,0.0,0.0,nan,11.96,0.49989790519274385,9.323983107054534e-27,9.323983107054534e-27,0.0,monotone
linear,0.0002,0.001,E3_regime,pos,0.01,3.0,2.0,2000,False,4,0.15,20.0,200,E3_regime__linear__mu3-2_sd0.15__h200_eps1.00e-03_pos__s4__dt0.0002__95cff837e9,20.0,1.9220050144631487e-26,1.0381541424689898e-32,3.469446951953614e-18,0,0,12,12,11,11,21,21,16,16,27,27,181,539,0.0,1.3256560993206222e-29,nan,10.57,0.4998446497286885,2.8880998926998107e-27,2.892370834944484e-27,4.270942244673134e-30,monotone,0.0,2.027002747868678e-29,nan,10.19,0.4998445734733679,2.8604096423313888e-27,2.870375174235626e-27,9.965531904237313e-30,monotone,0.0,0.0,nan,13.34,0.4999006045373184,9.114023675709793e-27,9.114023675709793e-27,0.0,monotone,0.0,0.0,nan,10.540000000000001,0.49991963078065943,1.6218650877323513e-28,1.6218650877323513e-28,0.0,monotone,0.0,4.388586708215382e-30,nan,9.26,0.49991076533970913,1.2604088399174266e-28,1.2781594847132758e-28,1.7750644795849126e-30,monotone,0.0,0.0,nan,13.47,0.4998892489310872,9.142928114313541e-27,9.142928114313541e-27,0.0,monotone,0.0,4.4351134379313635e-30,nan,9.26,0.49991076533970913,1.2603219272760384e-28,1.2781713587902843e-28,1.784943151424588e-30,monotone,0.0,0.0,nan,13.46,0.4998892489310872,9.142933209257735e-27,9.142933209257735e-27,0.0,monotone
linear,0.0002,0.001,E3_regime,pos,0.01,3.0,2.0,2000,False,5,0.15,20.0,200,E3_regime__linear__mu3-2_sd0.15__h200_eps1.00e-03_pos__s5__dt0.0002__ca6251d55f,20.0,1.956242859654977e-26,2.2158854214457358e-32,3.469446951953614e-18,0,0,13,13,11,11,23,23,17,17,30,30,181,539,0.0,7.365988702501198e-29,nan,9.790000000000001,0.4998397736761305,2.88864223457215e-27,2.9587768994269558e-27,7.013466485480558e-29,monotone,0.0,5.756835715366774e-29,nan,9.85,0.49983976326757135,2.8613217627530506e-27,2.9188901199067183e-27,5.756835715366774e-29,monotone,0.0,0.0,nan,15.14,0.4999125418902661,9.280216696546337e-27,9.280216696546337e-27,0.0,monotone,0.0,0.0,nan,13.85,0.4999077056277971,2.0448609332780086e-28,2.0448609332780086e-28,0.0,monotone,0.0,5.1963562793944395e-30,nan,11.92,0.4998986878463184,1.5005411979672408e-28,1.5005411979672408e-28,0.0,monotone,0.0,0.0,nan,15.17,0.49990132634276163,9.308853325117574e-27,9.308853325117574e-27,0.0,monotone,0.0,5.221739536128425e-30,nan,11.93,0.4998986878463184,1.500588648386237e-28,1.500588648386237e-28,0.0,monotone,0.0,0.0,nan,15.17,0.49990132634276163,9.308857612611862e-27,9.308857612611862e-27,0.0,monotone
linear,0.0002,0.001,E3_regime,pos,0.01,3.0,2.0,2000,False,6,0.15,20.0,200,E3_regime__linear__mu3-2_sd0.15__h200_eps1.00e-03_pos__s6__dt0.0002__3cae2dcf39,20.0,1.9957006291181464e-26,0.0,5.551115123125783e-17,0,0,0,0,8,8,16,16,14,14,23,23,181,539,0.0,6.458798661497034e-30,nan,10.46,0.49984517750458146,3.0052149222460208e-27,3.0070699779684546e-27,1.8550557224337856e-30,monotone,0.0,8.289202480642663e-30,nan,10.56,0.4998452493846148,3.0304892860922034e-27,3.032344341814637e-27,1.8550557224337856e-30,monotone,0.0,0.0,nan,10.66,0.49990572910187697,9.356365270245486e-27,9.356365270245486e-27,0.0,monotone,0.0,0.0,nan,10.61,0.49991354929933496,2.6013035017052854e-28,2.6013035017052854e-28,0.0,monotone,0.0,3.5731141208899266e-30,nan,9.88,0.4999050397541283,2.086588307376793e-28,2.086588307376793e-28,0.0,monotone,0.0,0.0,nan,10.67,0.4998949740536638,9.445675899625365e-27,9.445675899625365e-27,0.0,monotone,0.0,3.544247399736886e-30,nan,9.88,0.4999050397541283,2.086601324953985e-28,2.086601324953985e-28,0.0,monotone,0.0,0.0,nan,10.67,0.4998949740536638,9.445679320815607e-27,9.445679320815607e-27,0.0,monotone
linear,0.0002,0.001,E3_regime,pos,0.01,3.0,2.0,2000,False,7,0.15,20.0,200,E3_regime__linear__mu3-2_sd0.15__h200_eps1.00e-03_pos__s7__dt0.0002__3063d9d391,20.0,1.9444224631833162e-26,6.391666026433582e-32,5.551115123125783e-17,0,0,7,7,9,9,19,19,16,16,26,26,181,539,0.0,5.570097547958988e-29,nan,9.91,0.49984216071846405,2.9289665853757524e-27,2.9846675608553422e-27,5.570097547958988e-29,monotone,0.0,5.106641766141644e-29,nan,10.03,0.49984216914195734,2.9237773597335954e-27,2.974843777395012e-27,5.106641766141644e-29,monotone,0.0,0.0,nan,18.52,0.4999100590292459,9.401198319345396e-27,9.401198319345396e-27,0.0,monotone,0.0,5.257788748177154e-31,nan,19.94,0.49990968197393376,1.57444098878176e-28,1.57444098878176e-28,0.0,monotone,0.0,1.1837000118921244e-28,nan,8.64,0.4999009165495587,6.883420338254913e-31,1.1737079350688054e-28,1.1668245147305506e-28,monotone,0.0,0.0,nan,19.27,0.4998990974268338,9.339174304551629e-27,9.339174304551629e-27,0.0,monotone,0.0,1.1833806774048812e-28,nan,8.64,0.4999009165495587,7.142077294193788e-31,1.1737108559143613e-28,1.1665687786201676e-28,monotone,0.0,0.0,nan,19.41,0.4998990974268338,9.339176865710949e-27,9.339176865710949e-27,0.0,monotone
linear,0.0002,0.001,E3_regime,pos,0.01,3.0,2.0,2000,False,8,0.15,20.0,200,E3_regime__linear__mu3-2_sd0.15__h200_eps1.00e-03_pos__s8__dt0.0002__605fd1878f,20.0,1.9854246934766454e-26,1.1690328744762193e-32,1.1102230246251565e-16,0,0,15,15,13,13,25,25,20,20,33,33,181,539,0.0,3.1307917175958906e-30,nan,10.14,0.4998378927431981,3.0065769399026914e-27,3.0097077316202873e-27,3.1307917175958906e-30,monotone,0.0,3.1307917175958906e-30,nan,10.1,0.49983791430415836,3.0150510316579953e-27,3.018181823375591e-27,3.1307917175958906e-30,monotone,0.0,0.0,nan,12.11,0.49991615790237137,9.432255095256607e-27,9.432255095256607e-27,0.0,monotone,0.0,1.231535902938418e-30,nan,10.28,0.499904241645938,2.010027601338849e-28,2.010027601338849e-28,0.0,monotone,0.0,6.270476941903076e-30,nan,9.620000000000001,0.4998951127907528,1.4616222785282105e-28,1.4620024681720588e-28,3.801896438482532e-32,monotone,0.0,0.0,nan,12.22,0.49990490149178857,9.568216969451575e-27,9.568216969451575e-27,0.0,monotone,0.0,7.420190518987503e-30,nan,9.620000000000001,0.4998951127907528,1.4806707620574723e-28,1.4810532330914964e-28,3.824710340241004e-32,monotone,0.0,0.0,nan,12.27,0.49990490149178857,9.552873319863097e-27,9.552873319863097e-27,0.0,monotone
linear,0.0002,0.001,E3_regime,pos,0.01,3.0,2.0,2000,False,9,0.15,20.0,200,E3_regime__linear__mu3-2_sd0.15__h200_eps1.00e-03_pos__s9__dt0.0002__e26a7efb6f,20.0,1.942759878167743e-26,3.588134778369304e-32,5.551115123125783e-17,0,0,14,14,12,12,23,23,18,18,30,30,181,539,0.0,9.651220137313316e-30,nan,13.96,0.49984214275580674,2.945125907981139e-27,2.9462783844598603e-27,1.152476478721322e-30,monotone,0.0,3.272540161502791e-30,nan,19.21,0.49984211591276906,2.9366887940807674e-27,2.9366887940807674e-27,0.0,monotone,0.0,6.471124613141112e-32,nan,13.27,0.49990539448392385,9.278984101381929e-27,9.27902425702127e-27,4.015563934047387e-32,monotone,0.0,3.567111146496819e-30,nan,10.200000000000001,0.49991504773544354,1.1715672592950604e-28,1.2072383707600286e-28,3.567111146496819e-30,monotone,3.4198292682545303e-10,5.703487173596353e-10,2.94,9.65,0.4999060326976156,7.869674394125543e-29,7.870482968797936e-29,8.085746723931495e-33,monotone,0.0,3.37857694614458e-32,nan,19.54,0.4998939815902069,9.323970528323259e-27,9.323970692691733e-27,1.6436847393967441e-34,monotone,3.4198292682545303e-10,5.70348717359412e-10,2.94,9.65,0.4999060326976156,7.869679270207159e-29,7.870569215665862e-29,8.899454587029973e-33,monotone,0.0,3.4508923798416683e-32,nan,19.990000000000002,0.4998939815902069,9.32396897154029e-27,9.32396897154029e-27,0.0,monotone
linear,0.0002,0.1,E3_regime,iso,0.01,3.0,2.0,2000,False,0,0.15,20.0,2,E3_regime__linear__mu3-2_sd0.15__h2_eps1.00e-01_iso__s0__dt0.0002__79496f46af,20.0,2.4391209340412162e-26,0.0,5.551115123125783e-17,0,0,0,0,0,0,0,0,0,0,0,0,181,539,0.0,0.0,nan,8.38,0.48880968916444245,4.9652877526873536e-27,4.9652877526873536e-27,0.0,monotone,0.0,0.0,nan,8.38,0.4887982703934842,4.9744151198797935e-27,4.9744151198797935e-27,0.0,monotone,0.0,0.0,nan,8.38,0.4852560014478534,9.173199799181035e-27,9.173199799181035e-27,0.0,monotone,0.0,8.805351705738442e-29,nan,8.34,0.49606927304978077,9.83934882614095e-28,1.0009228365780543e-27,1.6987953963959272e-29,monotone,0.0,1.1035068008940094e-27,nan,7.61,0.4956115749268327,4.8455162509688354e-29,1.1519619634036977e-27,1.1035068008940094e-27,monotone,0.0,0.0,nan,8.38,0.4845335163835149,9.472259247002567e-27,9.472259247002567e-27,0.0,monotone,0.0,1.1031813804645607e-27,nan,7.61,0.4956115749268327,4.8618843732100263e-29,1.1518002241966609e-27,1.1031813804645607e-27,monotone,0.0,0.0,nan,8.38,0.4845335163835149,9.472613416797853e-27,9.472613416797853e-27,0.0,monotone
linear,0.0002,0.1,E3_regime,iso,0.01,3.0,2.0,2000,False,1,0.15,20.0,2,E3_regime__linear__mu3-2_sd0.15__h2_eps1.00e-01_iso__s1__dt0.0002__cb92ca2c85,20.0,3.626626764788226e-26,0.0,4.336808689942018e-19,0,0,0,0,0,0,0,0,0,12,0,20,181,539,0.0,0.0,nan,9.040000000000001,0.48865116718445945,5.90346523612473e-27,5.90346523612473e-27,0.0,monotone,0.0,0.0,nan,9.040000000000001,0.4886443249335455,5.89146592219922e-27,5.89146592219922e-27,0.0,monotone,0.0,0.0,nan,9.040000000000001,0.4985005081223829,1.7749349182243377e-26,1.7749349182243377e-26,0.0,monotone,5.995558610552738e-06,2.7384648234523874e-05,0.97,9.040000000000001,0.4809629983076156,4.772030697603805e-29,4.772030697603805e-29,0.0,other,0.0,1.736897829515957e-29,nan,9.01,0.4811759290111127,7.549974321496254e-30,1.5063789390904049e-29,7.513815069407794e-30,monotone,0.0,0.0,nan,9.040000000000001,0.49900993007855454,1.794393330104273e-26,1.794393330104273e-26,0.0,monotone,0.0,1.7600167122316762e-29,nan,9.01,0.4811759290111127,7.991830127029117e-30,1.5776784244364283e-29,7.784954117335166e-30,monotone,0.0,0.0,nan,9.040000000000001,0.49900993007855454,1.794228865837108e-26,1.794228865837108e-26,0.0,monotone
linear,0.0002,0.1,E3_regime,iso,0.01,3.0,2.0,2000,False,2,0.15,20.0,2,E3_regime__linear__mu3-2_sd0.15__h2_eps1.00e-01_iso__s2__dt0.0002__e418bf115c,20.0,2.760652068150799e-26,0.0,6.938893903907228e-18,0,82,0,134,0,90,0,142,0,104,0,152,181,539,0.0,0.0,nan,8.48,0.4968217062948326,2.374089220214279e-27,2.374089220214279e-27,0.0,monotone,0.0,0.0,nan,8.48,0.49678418067126867,2.3928431556407443e-27,2.3928431556407443e-27,0.0,monotone,0.0,0.0,nan,8.48,0.48066001665918007,1.0175527697950017e-26,1.0175527697950017e-26,0.0,monotone,5.440559711189508e-06,8.464561751272437e-06,1.56,8.47,0.4984722099067984,1.992096037998637e-27,1.99775326461728e-27,5.6572266186430666e-30,other,1.5518963891736348e-10,2.9134871927812705e-10,2.24,7.8100000000000005,0.4990538337560423,1.4738123803549675e-28,1.6796021452796586e-27,1.5322209072441618e-27,monotone,0.0,0.0,nan,8.48,0.4811408923499392,9.888704993406611e-27,9.888704993406611e-27,0.0,monotone,1.5518963891736348e-10,2.913487192783763e-10,2.24,7.8100000000000005,0.4990538337560423,1.475753733481286e-28,1.6796608544250813e-27,1.5320854810769527e-27,monotone,0.0,0.0,nan,8.48,0.4811408923499392,9.873693101106536e-27,9.873693101106536e-27,0.0,monotone
linear,0.0002,0.1,E3_regime,iso,0.01,3.0,2.0,2000,False,3,0.15,20.0,2,E3_regime__linear__mu3-2_sd0.15__h2_eps1.00e-01_iso__s3__dt0.0002__54ce996501,20.0,2.7519191129611233e-26,0.0,1.0842021724855044e-19,0,0,0,0,0,0,1,1,5,5,10,10,181,539,0.0,0.0,nan,8.540000000000001,0.486265408124453,4.679781734755568e-27,4.679781734755568e-27,0.0,monotone,0.0,0.0,nan,8.540000000000001,0.48627124176419045,4.677649345121142e-27,4.677649345121142e-27,0.0,monotone,0.0,5.5019966651254554e-30,nan,8.55,0.4884708662075145,9.279712199197405e-27,9.279712199197405e-27,0.0,monotone,0.0,3.942330447912062e-29,nan,8.44,0.4932952675570039,1.7872553809680745e-27,1.826678685447195e-27,3.942330447912062e-29,monotone,3.247180302423658e-12,5.604143837538716e-12,2.27,7.2,0.4925998769312357,6.4429152680467535e-28,1.866011168690314e-27,1.2217196418856388e-27,monotone,0.0,4.747568893401821e-30,nan,8.55,0.487533979911534,9.44244072245652e-27,9.44244072245652e-27,0.0,monotone,3.247180302423658e-12,5.604143837545283e-12,2.27,7.2,0.4925998769312357,6.443565156242563e-28,1.866015545641764e-27,1.2216590300175078e-27,monotone,0.0,4.7492583195565344e-30,nan,8.55,0.487533979911534,9.44240839254363e-27,9.44240839254363e-27,0.0,monotone
linear,0.0002,0.1,E3_regime,iso,0.01,3.0,2.0,2000,False,4,0.15,20.0,2,E3_regime__linear__mu3-2_sd0.15__h2_eps1.00e-01_iso__s4__dt0.0002__8498024227,20.0,3.628574735455079e-26,0.0,2.220446049250313e-16,0,0,0,0,0,0,0,0,0,14,0,22,181,539,0.0,0.0,nan,8.91,0.4891193430302161,5.905227847209833e-27,5.905227847209833e-27,0.0,monotone,0.0,0.0,nan,8.91,0.4891390374868504,5.9172271611353434e-27,5.9172271611353434e-27,0.0,monotone,0.0,0.0,nan,8.91,0.4981539489138927,1.757808903972315e-26,1.757808903972315e-26,0.0,monotone,1.2573784018663674e-05,4.110081095558293e-05,0.96,8.91,0.48118539551023304,4.426412939433794e-29,4.426412939433794e-29,0.0,other,3.499848976285979e-09,5.1011885278313406e-09,2.1,8.69,0.4814555802972545,1.0360393229121067e-29,1.97883808802832e-29,9.427987651162133e-30,other,0.0,0.0,nan,8.91,0.4987271201581929,1.781405336070695e-26,1.781405336070695e-26,0.0,monotone,3.499848976285979e-09,5.101188527830972e-09,2.1,8.69,0.4814555802972545,1.0360209125198974e-29,2.0062401821467063e-29,9.702192696268089e-30,other,0.0,0.0,nan,8.91,0.4987271201581929,1.7812263757615326e-26,1.7812263757615326e-26,0.0,monotone
linear,0.0002,0.1,E3_regime,iso,0.01,3.0,2.0,2000,False,5,0.15,20.0,2,E3_regime__linear__mu3-2_sd0.15__h2_eps1.00e-01_iso__s5__dt0.0002__b72f643ebe,20.0,3.58066559242843e-26,0.0,5.551115123125783e-17,96,442,132,478,96,444,134,482,96,448,137,489,181,539,0.0,0.0010474253128743283,nan,9.89,0.4989412689932609,6.892536573900506e-27,6.892536573900506e-27,0.0,transient,0.0,0.0010493656279229047,nan,9.89,0.49893930976969425,6.88856145449529e-27,6.88856145449529e-27,0.0,transient,0.09785599300566289,0.09905621486121241,0.64,9.89,0.48158534659182284,1.673910619288545e-26,1.673910619288545e-26,0.0,transient,0.00017087338515089166,0.00017993425610165586,2.24,9.86,0.4966381103273194,6.542961800066756e-29,7.712049424558418e-29,1.1690876244916618e-29,transient,5.413915780329924e-10,9.48497623243885e-10,3.41,9.6,0.49760876821512123,1.1739173456207807e-28,2.1732043559364997e-28,9.992870103157189e-29,monotone,0.08636731994144725,0.08734194278423996,0.61,9.89,0.4825911977147032,1.7141096381099558e-26,1.7141096381099558e-26,0.0,transient,5.413915780329924e-10,9.48497623244079e-10,3.41,9.6,0.49760876821512123,1.1740435146753149e-28,2.1726385032148668e-28,9.985949885395519e-29,monotone,0.08636731994144725,0.08734194278423996,0.61,9.89,0.4825911977147032,1.7136004322543352e-26,1.7136004322543352e-26,0.0,transient
linear,0.0002,0.1,E3_regime,iso,0.01,3.0,2.0,2000,False,6,0.15,20.0,2,E3_regime__linear__mu3-2_sd0.15__h2_eps1.00e-01_iso__s6__dt0.0002__99e720a01e,20.0,2.3457455661396106e-26,0.0,4.440892098500626e-16,0,0,0,0,0,0,0,0,0,0,0,0,181,539,0.0,0.0,nan,8.61,0.4912083526741614,3.560998244853334e-27,3.560998244853334e-27,0.0,monotone,0.0,0.0,nan,8.620000000000001,0.49120035235924364,3.540111919792443e-27,3.540111919792443e-27,0.0,monotone,0.0,0.0,nan,8.620000000000001,0.4920924991778921,9.971688813380028e-27,9.971688813380028e-27,0.0,monotone,0.0,5.151323340851427e-29,nan,8.51,0.48729301263490865,7.033068600454531e-28,7.548200934539674e-28,5.151323340851427e-29,monotone,1.6395308545146359e-09,2.7001753131975064e-09,1.75,7.63,0.4875859742806377,6.4785633539607e-28,7.091597824582805e-28,6.130344706221045e-29,other,0.0,0.0,nan,8.620000000000001,0.49252554275288496,1.0041343897855854e-26,1.0041343897855854e-26,0.0,monotone,1.6395308545146359e-09,2.700175313200759e-09,1.75,7.63,0.4875859742806377,6.494501435908232e-28,7.091178813324065e-28,5.966773774158329e-29,other,0.0,0.0,nan,8.620000000000001,0.49252554275288496,1.0041301350407337e-26,1.0041301350407337e-26,0.0,monotone
linear,0.0002,0.1,E3_regime,iso,0.01,3.0,2.0,2000,False,7,0.15,20.0,2,E3_regime__linear__mu3-2_sd0.15__h2_eps1.00e-01_iso__s7__dt0.0002__76e94c3191,20.0,3.762102296492134e-26,0.0,1.1102230246251565e-16,0,0,0,0,0,0,0,0,0,0,0,0,181,539,0.0,0.0,nan,8.43,0.4893517983117684,5.2970653930910094e-27,5.2970653930910094e-27,0.0,monotone,0.0,0.0,nan,8.43,0.48935140237359787,5.308497713240892e-27,5.308497713240892e-27,0.0,monotone,0.0,0.0,nan,8.43,0.49142156412932625,1.857633781886992e-26,1.857633781886992e-26,0.0,monotone,0.0,1.2427756300938619e-28,nan,8.4,0.4887328785752437,6.95284784048097e-29,1.8623906266269844e-28,1.1671058425788874e-28,monotone,0.0,1.586572555745087e-29,nan,7.8,0.4886929964765049,1.6030217108990303e-29,2.729782138143579e-29,1.1267604272445486e-29,monotone,0.0,0.0,nan,8.43,0.49140892248752427,1.8635235206127068e-26,1.8635235206127068e-26,0.0,monotone,0.0,1.6212518706930077e-29,nan,7.8,0.4886929964765049,1.6033686249651165e-29,2.700616884997451e-29,1.0972482600323347e-29,monotone,0.0,0.0,nan,8.43,0.49140892248752427,1.863660530953014e-26,1.863660530953014e-26,0.0,monotone
linear,0.0002,0.1,E3_regime,iso,0.01,3.0,2.0,2000,False,8,0.15,20.0,2,E3_regime__linear__mu3-2_sd0.15__h2_eps1.00e-01_iso__s8__dt0.0002__c29576fe65,20.0,2.6757860184413015e-26,0.0,4.336808689942018e-19,0,0,0,0,0,0,0,0,0,10,0,16,181,539,0.0,0.0,nan,8.66,0.4937546891134762,4.996361476782075e-27,4.996361476782075e-27,0.0,monotone,0.0,0.0,nan,8.65,0.49375072428375516,4.996361476782075e-27,4.996361476782075e-27,0.0,monotone,0.0,0.0,nan,8.66,0.4912656236188075,1.062767750062183e-26,1.062767750062183e-26,0.0,monotone,1.8410036872751334e-05,4.6186071440713894e-05,1.0,8.57,0.4873301439847669,9.372331036891462e-28,9.949809575136308e-28,5.774785382448463e-29,other,2.133759835487581e-11,3.54427254401067e-11,2.19,7.7,0.4879868037462773,1.345648982236268e-28,1.0834173998720847e-27,9.488525016484578e-28,monotone,0.0,0.0,nan,8.66,0.4921417342933315,1.0843908255075607e-26,1.0843908255075607e-26,0.0,monotone,2.133759835487581e-11,3.544272544019913e-11,2.19,7.7,0.4879868037462773,1.3561798822674201e-28,1.0833332133837998e-27,9.477152251570577e-28,monotone,0.0,0.0,nan,8.66,0.4921417342933315,1.0859768806442445e-26,1.0859768806442445e-26,0.0,monotone
linear,0.0002,0.1,E3_regime,iso,0.01,3.0,2.0,2000,False,9,0.15,20.0,2,E3_regime__linear__mu3-2_sd0.15__h2_eps1.00e-01_iso__s9__dt0.0002__64f02dd80c,20.0,2.668569936347415e-26,0.0,8.673617379884035e-19,0,76,0,126,0,82,0,134,0,90,0,142,181,539,0.0,0.0,nan,8.97,0.4985052288057247,4.290220033044473e-27,4.290220033044473e-27,0.0,monotone,0.0,0.0,nan,8.97,0.49850381268471394,4.28440834684429e-27,4.28440834684429e-27,0.0,monotone,0.0,2.865783757248207e-31,nan,8.96,0.48419264033877857,9.008545403777062e-27,9.008831982152787e-27,2.865783757248207e-31,monotone,2.6934110692877766e-05,3.4233452051143164e-05,1.34,8.55,0.49377127417154815,1.664989933268087e-27,1.80581364191219e-27,1.4082370864410303e-28,other,0.0,1.7172394815981468e-27,nan,7.59,0.49481241553882266,8.824792576569413e-29,1.805487407363841e-27,1.7172394815981468e-27,monotone,0.0,0.0,nan,8.97,0.48536253075630026,9.107000106710033e-27,9.107000106710033e-27,0.0,monotone,0.0,1.7172182771968334e-27,nan,7.59,0.49481241553882255,8.827255989308201e-29,1.8054908370899155e-27,1.7172182771968334e-27,monotone,0.0,0.0,nan,8.97,0.48536253075630026,9.106951461706258e-27,9.106951461706258e-27,0.0,monotone
linear,0.0002,0.1,E3_regime,pos,0.01,3.0,2.0,2000,False,0,0.15,20.0,2,E3_regime__linear__mu3-2_sd0.15__h2_eps1.00e-01_pos__s0__dt0.0002__31f2707be3,20.0,2.405970694860641e-26,0.0,4.336808689942018e-19,47,47,81,81,50,50,84,84,54,54,88,88,181,539,0.0,0.0009098357039298566,nan,8.85,0.48204112788468045,3.0352655923542837e-27,3.0352655923542837e-27,0.0,transient,0.0,0.0009059698649881848,nan,8.85,0.48203757142855846,3.0433822315119093e-27,3.0433822315119093e-27,0.0,transient,0.0,0.0,nan,8.85,0.49270354420567414,9.812544599843444e-27,9.812544599843444e-27,0.0,monotone,0.0,2.2270298318927363e-29,nan,8.85,0.4900282631358991,1.0894307768058169e-27,1.0894307768058169e-27,0.0,monotone,0.0,9.041329906088966e-28,nan,7.98,0.48887391143193426,5.701241089363594e-29,9.533081331314206e-28,8.962957222377846e-28,monotone,0.0,0.0,nan,8.85,0.4912963524325941,9.760814642171406e-27,9.760814642171406e-27,0.0,monotone,0.0,9.04085101773246e-28,nan,7.98,0.48887391143193426,5.713079578220296e-29,9.533621266222795e-28,8.962313308400766e-28,monotone,0.0,0.0,nan,8.85,0.4912963524325941,9.745738542894438e-27,9.745738542894438e-27,0.0,monotone
linear,0.0002,0.1,E3_regime,pos,0.01,3.0,2.0,2000,False,1,0.15,20.0,2,E3_regime__linear__mu3-2_sd0.15__h2_eps1.00e-01_pos__s1__dt0.0002__a54077d15d,20.0,2.760365950944334e-26,0.0,6.938893903907228e-18,2,2,15,15,10,10,20,20,15,15,25,25,181,539,0.0,0.0,nan,8.49,0.48675702778249874,5.1758766365264315e-27,5.1758766365264315e-27,0.0,monotone,0.0,0.0,nan,8.49,0.4867622262713289,5.1758766365264315e-27,5.1758766365264315e-27,0.0,monotone,0.0,0.0,nan,8.49,0.4860750931922653,9.36650028398483e-27,9.36650028398483e-27,0.0,monotone,0.0,1.3136671854168116e-29,nan,8.47,0.4958995935215138,1.714326576949952e-27,1.7225521274459326e-27,8.225550495980665e-30,monotone,7.021454125192992e-13,1.2924739809244482e-12,2.43,7.46,0.49515376383408394,6.898474881048957e-29,1.8271118088143377e-27,1.758127060003848e-27,monotone,0.0,0.0,nan,8.49,0.48500581467046466,9.610248181292299e-27,9.610248181292299e-27,0.0,monotone,7.021454125192992e-13,1.2924739809271414e-12,2.43,7.46,0.49515376383408394,6.900794242253468e-29,1.827116901276838e-27,1.7581089588543032e-27,monotone,0.0,0.0,nan,8.49,0.48500581467046466,9.610574775800372e-27,9.610574775800372e-27,0.0,monotone
linear,0.0002,0.1,E3_regime,pos,0.01,3.0,2.0,2000,False,2,0.15,20.0,2,E3_regime__linear__mu3-2_sd0.15__h2_eps1.00e-01_pos__s2__dt0.0002__01a0658b8e,20.0,3.4737177284648e-26,0.0,6.938893903907228e-18,176,220,176,258,177,221,177,265,178,222,178,272,181,539,0.01986037605519897,0.020365939633031058,0.6900000000000001,9.85,0.48064682691692645,4.694129142469275e-27,4.694129142469275e-27,0.0,transient,0.019936221965091316,0.020440042882299683,0.6900000000000001,9.85,0.48066261129800136,4.737171365610396e-27,4.737171365610396e-27,0.0,transient,0.00402717894572352,0.004084559982805047,0.27,9.85,0.4976253757708612,1.6966174103700683e-26,1.6966174103700683e-26,0.0,transient,0.0,6.854760228413328e-29,nan,9.8,0.48492243927447515,1.5592877719793212e-28,2.0182667296409375e-28,4.589789576616163e-29,monotone,0.0,6.47607082479059e-29,nan,9.8,0.4838011558709983,1.769185455514667e-29,3.5161066245447814e-29,1.7469211690301143e-29,monotone,0.00786196596457539,0.00799644200931382,0.41000000000000003,9.85,0.4963985089225383,1.6994650346452273e-26,1.6994650346452273e-26,0.0,transient,0.0,6.565812939282834e-29,nan,9.8,0.4838011558709983,1.7677877248643303e-29,3.506451210312628e-29,1.7386634854482975e-29,monotone,0.00786196596457539,0.00799644200931382,0.41000000000000003,9.85,0.4963985089225383,1.6997080075810013e-26,1.6997080075810013e-26,0.0,transient
linear,0.0002,0.1,E3_regime,pos,0.01,3.0,2.0,2000,False,3,0.15,20.0,2,E3_regime__linear__mu3-2_sd0.15__h2_eps1.00e-01_pos__s3__dt0.0002__c3b8769772,20.0,3.612976977797776e-26,0.0,6.938893903907228e-18,141,141,163,163,145,145,166,166,149,149,170,170,181,539,0.002075983806532261,0.002725843956072699,0.72,9.24,0.4825520551979711,4.961935093840164e-27,4.961935093840164e-27,0.0,transient,0.0020738902183972396,0.00272523463842389,0.72,9.24,0.482544018043205,4.950897204142892e-27,4.950897204142892e-27,0.0,transient,0.0,0.0,nan,9.24,0.4991940619164909,1.7755971781246645e-26,1.7755971781246645e-26,0.0,monotone,0.0,1.5762436592097064e-28,nan,9.19,0.48241473931058204,7.829145965177162e-29,2.004816034909337e-28,1.2219014383916208e-28,monotone,9.144717306629569e-11,1.4862393286704947e-10,2.69,9.05,0.48168318199530535,1.6666396866578657e-29,3.282507052539731e-29,1.6158673658818652e-29,monotone,0.0,0.0,nan,9.24,0.4985112852163717,1.778699956480583e-26,1.778699956480583e-26,0.0,monotone,9.144717306629569e-11,1.4862393286734677e-10,2.69,9.05,0.48168318199530535,1.6667510134612132e-29,3.2730485044004714e-29,1.6062974909392582e-29,monotone,0.0,0.0,nan,9.24,0.4985112852163717,1.778922558352002e-26,1.778922558352002e-26,0.0,monotone
linear,0.0002,0.1,E3_regime,pos,0.01,3.0,2.0,2000,False,4,0.15,20.0,2,E3_regime__linear__mu3-2_sd0.15__h2_eps1.00e-01_pos__s4__dt0.0002__63fd54a22c,20.0,2.746539332143911e-26,0.0,1.734723475976807e-18,6,6,18,18,11,11,22,22,17,17,27,27,181,539,0.0,0.0,nan,8.45,0.4866421255387655,5.1031535218263694e-27,5.1031535218263694e-27,0.0,monotone,0.0,0.0,nan,8.45,0.48662695229423975,5.10454635436215e-27,5.10454635436215e-27,0.0,monotone,0.0,0.0,nan,8.45,0.4861218445246921,9.202768505320715e-27,9.202768505320715e-27,0.0,monotone,0.0,2.1479896669750841e-29,nan,8.41,0.49588937808103867,1.7035158506896203e-27,1.724995747359371e-27,2.1479896669750841e-29,monotone,0.0,1.5999159395798321e-27,nan,7.42,0.4951274402637729,2.287089738797742e-28,1.8286249134596063e-27,1.5999159395798321e-27,monotone,0.0,0.0,nan,8.45,0.4850332017574361,9.434938196425885e-27,9.434938196425885e-27,0.0,monotone,0.0,1.5999717805776331e-27,nan,7.42,0.4951274402637729,2.286606647725367e-28,1.82863244535017e-27,1.5999717805776331e-27,monotone,0.0,7.200258426933818e-30,nan,8.44,0.4850332017574361,9.443018967808758e-27,9.450219226235691e-27,7.200258426933818e-30,monotone
linear,0.0002,0.1,E3_regime,pos,0.01,3.0,2.0,2000,False,5,0.15,20.0,2,E3_regime__linear__mu3-2_sd0.15__h2_eps1.00e-01_pos__s5__dt0.0002__22d1c2e4da,20.0,3.495134811430293e-26,0.0,1.3877787807814457e-17,174,382,174,448,175,383,175,453,177,385,177,461,181,539,0.08539928016581429,0.08640241192248385,0.9,10.49,0.48800533862954293,4.250635239339515e-27,4.250635239339515e-27,0.0,transient,0.08544728923954346,0.08645026502767145,0.9,10.49,0.48800108131912134,4.250635239339515e-27,4.250635239339515e-27,0.0,transient,0.09081224161196738,0.09161294025410627,0.61,10.49,0.48307959404517253,1.7045830084718053e-26,1.7045830084718053e-26,0.0,transient,0.0,2.0570462920361467e-28,nan,10.41,0.49893377098225267,1.7659708698911818e-28,3.547162364132856e-28,1.781191494241674e-28,monotone,0.0,7.540861353970097e-29,nan,10.35,0.4982258301423588,5.684086356678754e-29,1.1358520029159691e-28,5.674433672480937e-29,monotone,0.10823665297467372,0.1092496197842675,0.64,10.49,0.48197416772802837,1.6979196506906318e-26,1.6979196506906318e-26,0.0,transient,0.0,7.519373360328584e-29,nan,10.35,0.4982258301423588,5.683511991516586e-29,1.1336887175005558e-28,5.653375183488972e-29,monotone,0.10823665297467372,0.10924961978426745,0.64,10.49,0.48197416772802837,1.6983014276791542e-26,1.6983014276791542e-26,0.0,transient
linear,0.0002,0.1,E3_regime,pos,0.01,3.0,2.0,2000,False,6,0.15,20.0,2,E3_regime__linear__mu3-2_sd0.15__h2_eps1.00e-01_pos__s6__dt0.0002__f1db161d20,20.0,3.9065022481606544e-26,0.0,1.3877787807814457e-17,173,231,174,292,174,256,175,301,176,262,176,310,181,539,0.010423854338908509,0.0118154293858036,0.71,9.02,0.4808603007743682,3.785527780001864e-27,3.785527780001864e-27,0.0,transient,0.01040011411144319,0.011796565253022043,0.71,9.02,0.48086528270800544,3.7748781577813806e-27,3.7748781577813806e-27,0.0,transient,0.0006762533341034827,0.002023415045511512,0.41000000000000003,9.02,0.49342765746090594,1.8696350217424467e-26,1.8696350217424467e-26,0.0,transient,0.0,4.110861836590584e-28,nan,8.91,0.4896555885699206,4.356701016201781e-28,8.467562852792365e-28,4.110861836590584e-28,monotone,0.0,2.692242338660741e-28,nan,8.34,0.48834754472935715,1.6080732735572572e-28,4.300315612217998e-28,2.692242338660741e-28,monotone,0.0018202323771150941,0.00375871340442141,0.47000000000000003,9.02,0.4918433723751319,1.8418483593578744e-26,1.8418483593578744e-26,0.0,transient,0.0,2.692427580063716e-28,nan,8.34,0.48834754472935715,1.6099665728067898e-28,4.302394152870506e-28,2.692427580063716e-28,monotone,0.0018202323771150941,0.003758713404421299,0.47000000000000003,9.02,0.4918433723751319,1.842461711425892e-26,1.842461711425892e-26,0.0,transient
linear,0.0002,0.1,E3_regime,pos,0.01,3.0,2.0,2000,False,7,0.15,20.0,2,E3_regime__linear__mu3-2_sd0.15__h2_eps1.00e-01_pos__s7__dt0.0002__609f77b0a1,20.0,2.761016860757755e-26,0.0,1.3552527156068805e-20,42,42,68,68,45,45,72,72,51,51,76,76,181,539,0.0,0.0008766473187316465,nan,8.61,0.4869551048658939,3.4008594810934684e-27,4.178953667553378e-27,7.780941864599094e-28,transient,0.0,0.0008780068470166241,nan,8.6,0.4869579396791276,3.398573017063492e-27,4.1845927904305436e-27,7.8601977336705176e-28,transient,0.0,0.0,nan,9.49,0.4846684999742079,9.434308425466815e-27,9.434308425466815e-27,0.0,monotone,0.0,0.0,nan,9.4,0.49747208950806265,1.9412974208959877e-27,1.9412974208959877e-27,0.0,monotone,0.0,1.895047620121105e-27,nan,7.11,0.49668122265820985,3.3725341387423264e-30,1.8984201542598474e-27,1.895047620121105e-27,monotone,0.0,0.0,nan,9.49,0.4835015926073462,9.476537956183866e-27,9.476537956183866e-27,0.0,monotone,0.0,1.895049139497575e-27,nan,7.11,0.49668122265820985,3.370755818621949e-30,1.898419895316197e-27,1.895049139497575e-27,monotone,0.0,0.0,nan,9.49,0.4835015926073462,9.476538817310578e-27,9.476538817310578e-27,0.0,monotone
linear,0.0002,0.1,E3_regime,pos,0.01,3.0,2.0,2000,False,8,0.15,20.0,2,E3_regime__linear__mu3-2_sd0.15__h2_eps1.00e-01_pos__s8__dt0.0002__64d80590fb,20.0,2.760459521262299e-26,0.0,7.105427357601002e-15,0,0,0,0,0,0,0,0,0,0,5,5,181,539,0.0,0.0,nan,8.47,0.4868873655002762,5.094568496506269e-27,5.094568496506269e-27,0.0,monotone,0.0,0.0,nan,8.47,0.48689145515245136,5.094568496506269e-27,5.094568496506269e-27,0.0,monotone,0.0,0.0,nan,8.47,0.48848331420026087,9.374320041041528e-27,9.374320041041528e-27,0.0,monotone,0.0,0.0,nan,8.47,0.4930427324783432,1.7446807736174503e-27,1.7446807736174503e-27,0.0,monotone,0.0,1.635213043194283e-27,nan,7.33,0.49244881408048324,2.0451251000326186e-28,1.8397255531975447e-27,1.635213043194283e-27,monotone,0.0,0.0,nan,8.47,0.4876770563232546,9.590677494530362e-27,9.590677494530362e-27,0.0,monotone,0.0,1.6352563139120244e-27,nan,7.33,0.49244881408048324,2.0447358239132824e-28,1.8397298963033526e-27,1.6352563139120244e-27,monotone,0.0,0.0,nan,8.47,0.4876770563232546,9.590976975290075e-27,9.590976975290075e-27,0.0,monotone
linear,0.0002,0.1,E3_regime,pos,0.01,3.0,2.0,2000,False,9,0.15,20.0,2,E3_regime__linear__mu3-2_sd0.15__h2_eps1.00e-01_pos__s9__dt0.0002__d32b5de5e8,20.0,2.690581743160866e-26,0.0,1.734723475976807e-18,0,0,3,3,3,3,10,10,10,10,15,15,181,539,0.0,4.250727683976846e-28,nan,8.46,0.4852409181107939,3.402412551000622e-27,3.827485319398307e-27,4.250727683976846e-28,monotone,0.0,4.1287007627004705e-28,nan,8.46,0.48523775824271753,3.41461524312826e-27,3.827485319398307e-27,4.1287007627004705e-28,monotone,0.0,0.0,nan,8.78,0.4896339389196427,9.19437963596545e-27,9.19437963596545e-27,0.0,monotone,0.0,2.399997600198154e-30,nan,8.77,0.49233897429897094,1.883485915086841e-27,1.883485915086841e-27,0.0,monotone,6.298961352513288e-12,1.1917343102149938e-11,2.2600000000000002,7.37,0.4915400986388179,1.5519898751866656e-28,1.8125795406623486e-27,1.657380553143682e-27,monotone,0.0,0.0,nan,8.78,0.48859694543990084,9.2000479775227e-27,9.2000479775227e-27,0.0,monotone,6.298961352513288e-12,1.191734310216138e-11,2.2600000000000002,7.37,0.4915400986388179,1.5524058186036245e-28,1.8126031624845138e-27,1.6573625806241514e-27,monotone,0.0,0.0,nan,8.78,0.48859694543990084,9.200106340647648e-27,9.200106340647648e-27,0.0,monotone
linear,0.0002,0.01,E3_regime,iso,0.01,3.0,2.0,2000,False,0,0.15,20.0,2,E3_regime__linear__mu3-2_sd0.15__h2_eps1.00e-02_iso__s0__dt0.0002__71a2831a3d,20.0,2.6475714023894783e-26,0.0,2.168404344971009e-19,0,0,0,0,0,0,0,0,3,3,5,5,181,539,0.0,0.0,nan,9.51,0.4998872524040092,4.422113878611933e-27,4.422113878611933e-27,0.0,monotone,0.0,0.0,nan,9.51,0.49988713707442245,4.4307482077386095e-27,4.4307482077386095e-27,0.0,monotone,0.0,0.0,nan,9.51,0.4998513601580715,9.43465355211285e-27,9.43465355211285e-27,0.0,monotone,0.0,4.758587706591982e-30,nan,9.5,0.49996057420125095,1.5502820272628692e-27,1.5550406149694612e-27,4.758587706591982e-30,monotone,0.0,9.961306303252354e-28,nan,8.290000000000001,0.4999559514502093,5.893204591706575e-28,1.5666299359539525e-27,9.773094767832951e-28,monotone,0.0,0.0,nan,9.51,0.49984406305892176,9.56941036179721e-27,9.56941036179721e-27,0.0,monotone,0.0,1.0041515350646016e-27,nan,8.290000000000001,0.4999559514502093,5.926055715855987e-28,1.5790579951589052e-27,9.864524235733065e-28,monotone,0.0,0.0,nan,9.51,0.49984406305892176,9.569538485538133e-27,9.569538485538133e-27,0.0,monotone
linear,0.0002,0.01,E3_regime,iso,0.01,3.0,2.0,2000,False,1,0.15,20.0,2,E3_regime__linear__mu3-2_sd0.15__h2_eps1.00e-02_iso__s1__dt0.0002__0eb5110952,20.0,3.751013377509148e-26,0.0,5.551115123125783e-17,0,0,0,0,0,0,0,0,0,28,0,50,181,539,0.0,0.0,nan,10.17,0.4998854474931147,5.961076734109152e-27,5.961076734109152e-27,0.0,monotone,0.0,0.0,nan,10.17,0.4998853783863806,5.948978812570489e-27,5.948978812570489e-27,0.0,monotone,0.0,0.0,nan,10.17,0.4999849258365878,1.8404564030833526e-26,1.8404564030833526e-26,0.0,monotone,2.0335108839152332e-05,2.603642699683991e-05,1.54,10.17,0.49980779698745853,6.133711316534191e-29,6.133711316534191e-29,0.0,other,0.0,1.6329200723893752e-29,nan,9.9,0.4998099475875639,3.261038558646922e-30,6.50036765125403e-30,3.239329092607108e-30,monotone,0.0,0.0,nan,10.17,0.4999900709983451,1.8598650588209895e-26,1.8598650588209895e-26,0.0,monotone,0.0,1.5857084757557957e-29,nan,9.9,0.4998099475875639,3.260576660139316e-30,6.535286101689972e-30,3.2747094415506566e-30,monotone,0.0,0.0,nan,10.17,0.4999900709983451,1.8597786692416818e-26,1.8597786692416818e-26,0.0,monotone
linear,0.0002,0.01,E3_regime,iso,0.01,3.0,2.0,2000,False,2,0.15,20.0,2,E3_regime__linear__mu3-2_sd0.15__h2_eps1.00e-02_iso__s2__dt0.0002__81e7e7145d,20.0,2.626181855037387e-26,0.0,3.469446951953614e-18,0,96,0,170,0,104,0,176,0,112,0,186,181,539,0.0,0.0,nan,9.69,0.4999679256030479,4.7869373953733625e-27,4.7869373953733625e-27,0.0,monotone,0.0,0.0,nan,9.69,0.4999675465942498,4.8144674083704114e-27,4.8144674083704114e-27,0.0,monotone,0.0,0.0,nan,9.69,0.49980469253772786,9.534328611937152e-27,9.534328611937152e-27,0.0,monotone,0.0002779932191423675,0.000293102481672688,1.82,9.63,0.4999845956895287,1.3160234644072722e-27,1.3428616833682972e-27,2.683821896102501e-29,transient,8.29152471934239e-09,1.2873560746371435e-08,2.91,8.76,0.4999904700904062,1.0095493932705004e-27,1.4244431145720583e-27,4.148937213015579e-28,other,0.0,0.0,nan,9.69,0.49980954938220445,9.749191847854678e-27,9.749191847854678e-27,0.0,monotone,8.29152471934239e-09,1.287356074637761e-08,2.91,8.76,0.4999904700904062,1.0098769669525274e-27,1.424366957329803e-27,4.1448999037727555e-28,other,0.0,0.0,nan,9.69,0.49980954938220445,9.748999905997555e-27,9.748999905997555e-27,0.0,monotone
linear,0.0002,0.01,E3_regime,iso,0.01,3.0,2.0,2000,False,3,0.15,20.0,2,E3_regime__linear__mu3-2_sd0.15__h2_eps1.00e-02_iso__s3__dt0.0002__303764f885,20.0,2.7616655335398663e-26,0.0,1.0842021724855044e-19,0,0,0,0,0,0,3,3,8,8,12,12,181,539,0.0,0.0,nan,9.6,0.4998616113378431,3.773540792027998e-27,3.773540792027998e-27,0.0,monotone,0.0,0.0,nan,9.6,0.4998616702576044,3.7786498989844686e-27,3.7786498989844686e-27,0.0,monotone,0.0,0.0,nan,9.6,0.49988388646448206,9.559657672193756e-27,9.559657672193756e-27,0.0,monotone,0.0,7.933868405903218e-31,nan,9.6,0.4999326129181118,1.934951096543243e-27,1.934951096543243e-27,0.0,monotone,1.532059327887096e-10,2.517547440795777e-10,2.92,8.42,0.4999255894727916,1.4972970211646078e-27,1.829516364141043e-27,3.322193429764352e-28,monotone,0.0,0.0,nan,9.6,0.4998744239128926,9.55166169590454e-27,9.55166169590454e-27,0.0,monotone,1.532059327887096e-10,2.5175474407955377e-10,2.92,8.42,0.4999255894727916,1.497337948203666e-27,1.8295091400316796e-27,3.3217119182801356e-28,monotone,0.0,0.0,nan,9.6,0.4998744239128926,9.551749744345342e-27,9.551749744345342e-27,0.0,monotone
linear,0.0002,0.01,E3_regime,iso,0.01,3.0,2.0,2000,False,4,0.15,20.0,2,E3_regime__linear__mu3-2_sd0.15__h2_eps1.00e-02_iso__s4__dt0.0002__05a8e6b9ce,20.0,3.729036954893769e-26,0.0,5.551115123125783e-17,0,0,0,0,0,0,0,0,0,32,0,56,181,539,0.0,0.0,nan,10.03,0.49989019186232797,5.8227795566625934e-27,5.8227795566625934e-27,0.0,monotone,0.0,0.0,nan,10.03,0.49989039077633995,5.834723403805705e-27,5.834723403805705e-27,0.0,monotone,0.0,0.0,nan,10.03,0.49998144138175304,1.8162191525122225e-26,1.8162191525122225e-26,0.0,monotone,2.6629773816854146e-05,3.438010439239846e-05,1.52,10.03,0.499810058992376,6.957161923556397e-29,6.957161923556397e-29,0.0,other,2.0574734223414867e-07,2.131895032088995e-07,2.34,9.790000000000001,0.499812787858725,4.83902216790648e-30,6.890304443847254e-30,2.051282275940774e-30,other,0.0,0.0,nan,10.03,0.4999872304113205,1.833047730917232e-26,1.833047730917232e-26,0.0,monotone,2.0574734223414867e-07,2.1318950320890923e-07,2.34,9.790000000000001,0.499812787858725,4.172397460090051e-30,6.357307680178857e-30,2.1849102200888057e-30,other,0.0,0.0,nan,10.03,0.4999872304113205,1.832985967448431e-26,1.832985967448431e-26,0.0,monotone
linear,0.0002,0.01,E3_regime,iso,0.01,3.0,2.0,2000,False,5,0.15,20.0,2,E3_regime__linear__mu3-2_sd0.15__h2_eps1.00e-02_iso__s5__dt0.0002__4a1157413a,20.0,3.646483087297293e-26,0.0,3.469446951953614e-18,47,401,67,421,62,416,83,437,97,453,114,470,181,539,0.0,1.0562075114906033e-05,nan,11.08,0.4999893069871829,5.837829543620013e-27,5.837829543620013e-27,0.0,other,0.0,1.0583148622900218e-05,nan,11.08,0.49998928719902475,5.85090737831438e-27,5.85090737831438e-27,0.0,other,0.012885075138209412,0.013094275134581557,1.19,11.08,0.49981401217092825,1.7721069982497962e-26,1.7721069982497962e-26,0.0,transient,0.0014300146685732268,0.0014410335449929947,1.69,11.08,0.49996604508465675,5.212182727094064e-29,5.212182727094064e-29,0.0,transient,4.0820671772094516e-08,5.415623746308732e-08,4.03,10.82,0.49997584872932366,6.990802334599384e-30,1.2249121371493305e-29,5.258319036893921e-30,other,0.008028812268663144,0.008130044663803182,1.11,11.08,0.49982417126726936,1.7935991668239347e-26,1.7935991668239347e-26,0.0,transient,4.0820671772094516e-08,5.4156237463086986e-08,4.03,10.82,0.49997584872932366,6.945514607547371e-30,1.2461681251730058e-29,5.516166644182687e-30,other,0.008028812268663144,0.008130044663803182,1.11,11.08,0.49982417126726936,1.793442076258787e-26,1.793442076258787e-26,0.0,transient
linear,0.0002,0.01,E3_regime,iso,0.01,3.0,2.0,2000,False,6,0.15,20.0,2,E3_regime__linear__mu3-2_sd0.15__h2_eps1.00e-02_iso__s6__dt0.0002__dced241667,20.0,2.2479645166998874e-26,0.0,3.469446951953614e-18,0,0,0,0,0,0,0,0,0,0,0,0,181,539,0.0,0.0,nan,9.71,0.4999116467768414,3.2008154488858995e-27,3.2008154488858995e-27,0.0,monotone,0.0,0.0,nan,9.71,0.4999115659736608,3.1919592526296292e-27,3.1919592526296292e-27,0.0,monotone,0.0,0.0,nan,9.71,0.49992057665652906,1.1075315234619934e-26,1.1075315234619934e-26,0.0,monotone,0.0,6.008092535911533e-29,nan,9.65,0.49987210184244485,5.86349371568694e-29,9.994497890600897e-29,4.1310041749139577e-29,monotone,1.141331115274046e-07,1.2609445405372756e-07,2.18,9.61,0.4998750607550668,6.312596265760686e-30,1.214778187832414e-29,5.8351856125634534e-30,other,0.0,0.0,nan,9.71,0.49992495039663654,1.1126291671136436e-26,1.1126291671136436e-26,0.0,monotone,1.141331115274046e-07,1.2609445405374916e-07,2.18,9.61,0.4998750607550668,5.550583883191728e-30,1.1281801805661265e-29,5.7312179224695366e-30,other,0.0,0.0,nan,9.71,0.49992495039663654,1.1126344038386514e-26,1.1126344038386514e-26,0.0,monotone
linear,0.0002,0.01,E3_regime,iso,0.01,3.0,2.0,2000,False,7,0.15,20.0,2,E3_regime__linear__mu3-2_sd0.15__h2_eps1.00e-02_iso__s7__dt0.0002__6680f11cf4,20.0,3.711587510646901e-26,0.0,2.7755575615628914e-17,0,0,0,0,0,0,0,0,0,0,0,0,181,539,0.0,0.0,nan,9.59,0.49989294356812874,5.2163488987497626e-27,5.2163488987497626e-27,0.0,monotone,0.0,0.0,nan,9.59,0.49989293956915315,5.205033675140499e-27,5.205033675140499e-27,0.0,monotone,0.0,0.0,nan,9.59,0.4999138482028861,1.8315784149297616e-26,1.8315784149297616e-26,0.0,monotone,0.0,1.6922867161488705e-28,nan,9.55,0.4998866924787898,7.115242253391702e-29,1.877035397924105e-28,1.1655111725849347e-28,monotone,0.0,1.314854853815727e-29,nan,8.950000000000001,0.49988628966959264,1.4797465511211e-29,2.7463732105222747e-29,1.2666266594011748e-29,monotone,0.0,0.0,nan,9.59,0.4999137205223038,1.837512073724345e-26,1.837512073724345e-26,0.0,monotone,0.0,1.3182297656790857e-29,nan,8.950000000000001,0.49988628966959264,1.4797369492447745e-29,2.715325200895895e-29,1.2355882516511203e-29,monotone,0.0,0.0,nan,9.59,0.4999137205223038,1.8376173367253972e-26,1.8376173367253972e-26,0.0,monotone
linear,0.0002,0.01,E3_regime,iso,0.01,3.0,2.0,2000,False,8,0.15,20.0,2,E3_regime__linear__mu3-2_sd0.15__h2_eps1.00e-02_iso__s8__dt0.0002__f67c274983,20.0,2.6590385538345175e-26,0.0,5.551115123125783e-17,0,0,0,0,0,0,0,0,0,12,0,20,181,539,0.0,0.0,nan,9.75,0.4999372796698482,4.4057203629253085e-27,4.4057203629253085e-27,0.0,monotone,0.0,0.0,nan,9.75,0.499937239625068,4.409892697556829e-27,4.409892697556829e-27,0.0,monotone,0.0,0.0,nan,9.75,0.499912140108352,1.1275436978100759e-26,1.1275436978100759e-26,0.0,monotone,6.6460433303786905e-06,2.7783460986958216e-05,1.54,9.72,0.4998723917640481,7.82053224350089e-28,8.018744138552364e-28,1.9821189505147335e-29,other,1.107704473600858e-09,1.7008355408751032e-09,2.81,9.35,0.49987902402763934,7.942919454211554e-28,7.983156171294813e-28,4.0236717083258855e-30,other,0.0,0.0,nan,9.75,0.4999209888261646,1.141416050961541e-26,1.141416050961541e-26,0.0,monotone,1.107704473600858e-09,1.7008355408790253e-09,2.81,9.35,0.49987902402763934,7.942913928906386e-28,7.982832171578585e-28,3.991824267219891e-30,other,0.0,0.0,nan,9.75,0.4999209888261646,1.143074939289771e-26,1.143074939289771e-26,0.0,monotone
linear,0.0002,0.01,E3_regime,iso,0.01,3.0,2.0,2000,False,9,0.15,20.0,2,E3_regime__linear__mu3-2_sd0.15__h2_eps1.00e-02_iso__s9__dt0.0002__7d7bf468be,20.0,2.928258689013975e-26,0.0,1.0842021724855044e-19,0,116,0,198,0,124,0,206,0,134,0,216,181,539,0.0,0.0,nan,9.700000000000001,0.4999850280794622,5.905868796695325e-27,5.905868796695325e-27,0.0,monotone,0.0,0.0,nan,9.700000000000001,0.49998501377663995,5.916241085003817e-27,5.916241085003817e-27,0.0,monotone,0.0,0.0,nan,9.700000000000001,0.499840470935946,1.1037281970078175e-26,1.1037281970078175e-26,0.0,monotone,0.000292132219067169,0.00030869228819993327,1.58,9.700000000000001,0.49993721513765693,1.1854153696706852e-27,1.1854153696706852e-27,0.0,transient,0.0,8.360042755529087e-28,nan,8.63,0.49994773066546644,5.2328008290880475e-28,1.3592843584617133e-27,8.360042755529087e-28,monotone,0.0,0.0,nan,9.700000000000001,0.49985228682916294,1.1383898194134872e-26,1.1383898194134872e-26,0.0,monotone,0.0,8.362616831962874e-28,nan,8.63,0.49994773066546644,5.228208810845543e-28,1.3590825642808417e-27,8.362616831962874e-28,monotone,0.0,0.0,nan,9.700000000000001,0.49985228682916294,1.1400152713766246e-26,1.1400152713766246e-26,0.0,monotone
linear,0.0002,0.01,E3_regime,pos,0.01,3.0,2.0,2000,False,0,0.15,20.0,2,E3_regime__linear__mu3-2_sd0.15__h2_eps1.00e-02_pos__s0__dt0.0002__b6ed6161a4,20.0,2.3693647749573237e-26,0.0,1.1102230246251565e-16,85,85,125,125,92,92,131,131,98,98,136,136,181,539,0.00043135860779774937,0.0009411643189117247,1.33,9.96,0.4998187640723126,3.820416386130428e-27,3.820416386130428e-27,0.0,transient,0.0004321177772943219,0.0009405110480197876,1.33,9.96,0.4998187281521058,3.820416386130428e-27,3.820416386130428e-27,0.0,transient,0.0,0.0,nan,9.96,0.49992645447715467,1.0115486735637248e-26,1.0115486735637248e-26,0.0,monotone,0.0,0.0,nan,9.96,0.4998994341383499,6.756196911649422e-28,6.756196911649422e-28,0.0,monotone,0.0,2.7938467206650544e-28,nan,8.83,0.4998877751861399,5.2354422252035935e-28,6.633438166251551e-28,1.3979959410479576e-28,monotone,0.0,0.0,nan,9.96,0.4999122418402465,1.0224603537763992e-26,1.0224603537763992e-26,0.0,monotone,0.0,2.776325644381712e-28,nan,8.83,0.4998877751861399,5.205515695985344e-28,6.592811614543851e-28,1.3872959185585072e-28,monotone,0.0,0.0,nan,9.96,0.4999122418402465,1.0224576663484197e-26,1.0224576663484197e-26,0.0,monotone
linear,0.0002,0.01,E3_regime,pos,0.01,3.0,2.0,2000,False,1,0.15,20.0,2,E3_regime__linear__mu3-2_sd0.15__h2_eps1.00e-02_pos__s1__dt0.0002__26f9546a35,20.0,2.7625185300696705e-26,0.0,2.168404344971009e-19,8,8,18,18,13,13,24,24,17,17,29,29,181,539,0.0,8.699656670390471e-29,nan,9.64,0.4998664480880806,3.7049653600561685e-27,3.791961926760073e-27,8.699656670390471e-29,monotone,0.0,7.904016491765216e-29,nan,9.64,0.4998665005928178,3.7098649258346896e-27,3.788905090752342e-27,7.904016491765216e-29,monotone,0.0,0.0,nan,9.700000000000001,0.4998595605487191,9.5907894630763e-27,9.5907894630763e-27,0.0,monotone,0.0,1.4778623428255454e-30,nan,9.68,0.4999587880020445,1.94884552553403e-27,1.94884552553403e-27,0.0,monotone,3.162044363720766e-11,5.572162841752575e-11,3.11,8.35,0.4999512551222015,1.090027533557022e-27,1.8429985218026255e-27,7.529709882456035e-28,monotone,0.0,0.0,nan,9.700000000000001,0.499848760835649,9.567009258179414e-27,9.567009258179414e-27,0.0,monotone,3.162044363720766e-11,5.5721628417533805e-11,3.11,8.35,0.4999512551222015,1.0900883354138651e-27,1.84299127825254e-27,7.529029428386747e-28,monotone,0.0,0.0,nan,9.700000000000001,0.499848760835649,9.56709733673642e-27,9.56709733673642e-27,0.0,monotone
linear,0.0002,0.01,E3_regime,pos,0.01,3.0,2.0,2000,False,2,0.15,20.0,2,E3_regime__linear__mu3-2_sd0.15__h2_eps1.00e-02_pos__s2__dt0.0002__8d7f688c23,20.0,3.557719714849825e-26,0.0,5.551115123125783e-17,178,188,178,190,178,192,178,196,179,207,179,225,181,539,0.005597664327183338,0.005724828469602344,1.29,10.97,0.4998045346278933,5.1219074572528346e-27,5.1219074572528346e-27,0.0,transient,0.005613839804646331,0.00574048891725612,1.29,10.97,0.49980469405014216,5.1669218326570086e-27,5.1669218326570086e-27,0.0,transient,2.2488940997933415e-05,4.71571072776511e-05,0.38,10.97,0.49997601797131797,1.7374053710298834e-26,1.7374053710298834e-26,0.0,other,0.0,0.0,nan,10.97,0.4998477183127046,1.3340001908046799e-28,1.3340001908046799e-28,0.0,monotone,0.0,0.0,nan,10.96,0.4998363933503294,8.333688793673802e-30,8.333688793673802e-30,0.0,monotone,0.0006969886102614065,0.0007095405401871258,0.9400000000000001,10.97,0.49996362661614996,1.7475454486038777e-26,1.7475454486038777e-26,0.0,transient,0.0,0.0,nan,10.96,0.4998363933503294,8.294525796739307e-30,8.294525796739307e-30,0.0,monotone,0.0006969886102614065,0.0007095405401871813,0.9400000000000001,10.97,0.49996362661614996,1.74768075118518e-26,1.74768075118518e-26,0.0,transient
linear,0.0002,0.01,E3_regime,pos,0.01,3.0,2.0,2000,False,3,0.15,20.0,2,E3_regime__linear__mu3-2_sd0.15__h2_eps1.00e-02_pos__s3__dt0.0002__d9d7120fa6,20.0,3.7581374129593014e-26,0.0,8.673617379884035e-19,155,155,164,164,161,161,169,169,168,168,175,175,181,539,0.0009565597350134902,0.0010650246614819503,1.32,10.36,0.4998238034214411,5.505688287642857e-27,5.505688287642857e-27,0.0,transient,0.0009680437820003829,0.0010647833923270456,1.32,10.36,0.499823722246178,5.4822011867850656e-27,5.4822011867850656e-27,0.0,transient,0.0,0.0,nan,10.36,0.49999188768929814,1.848018461083842e-26,1.848018461083842e-26,0.0,monotone,0.0,1.055368202030401e-28,nan,10.34,0.49982241653097853,6.481332041846365e-29,1.3098172514579816e-28,6.616840472733451e-29,monotone,5.9219958230145985e-09,7.444749093295636e-09,3.23,10.17,0.4998150278020942,4.4928716118450734e-30,7.404125297509102e-30,2.911253685664028e-30,other,0.0,0.0,nan,10.36,0.49998499164462695,1.8563305849167917e-26,1.8563305849167917e-26,0.0,monotone,5.9219958230145985e-09,7.4447490933030276e-09,3.23,10.17,0.4998150278020942,4.493134685751568e-30,7.237988622092238e-30,2.7448539363406693e-30,other,0.0,0.0,nan,10.36,0.49998499164462695,1.856430434859814e-26,1.856430434859814e-26,0.0,monotone
linear,0.0002,0.01,E3_regime,pos,0.01,3.0,2.0,2000,False,4,0.15,20.0,2,E3_regime__linear__mu3-2_sd0.15__h2_eps1.00e-02_pos__s4__dt0.0002__cbe3de9f58,20.0,2.730938545341445e-26,0.0,4.336808689942018e-19,10,10,20,20,15,15,26,26,19,19,32,32,181,539,0.0,1.7507165417666627e-28,nan,9.58,0.49986528225783555,3.655347241712931e-27,3.8304188958895975e-27,1.7507165417666627e-28,monotone,0.0,1.7457861611090314e-28,nan,9.58,0.4998651290080658,3.650607913305783e-27,3.825186529416686e-27,1.7457861611090314e-28,monotone,0.0,0.0,nan,9.700000000000001,0.4998600274195933,9.3539198206986e-27,9.3539198206986e-27,0.0,monotone,0.0,1.927855874331623e-30,nan,9.69,0.49995867950851247,1.918082261346344e-27,1.918082261346344e-27,0.0,monotone,0.0,3.281771851145238e-28,nan,8.53,0.4999509839365581,1.5117480125580332e-27,1.83404694074702e-27,3.222989281889869e-28,monotone,0.0,0.0,nan,9.700000000000001,0.49984903212764403,9.355526225264171e-27,9.355526225264171e-27,0.0,monotone,0.0,3.282281200385323e-28,nan,8.53,0.4999509839365581,1.51168653929276e-27,1.834040510312422e-27,3.2235397101966205e-28,monotone,0.0,0.0,nan,9.700000000000001,0.49984903212764403,9.355594077559831e-27,9.355594077559831e-27,0.0,monotone
linear,0.0002,0.01,E3_regime,pos,0.01,3.0,2.0,2000,False,5,0.15,20.0,2,E3_regime__linear__mu3-2_sd0.15__h2_eps1.00e-02_pos__s5__dt0.0002__6a6be1a938,20.0,3.522554262965159e-26,0.0,1.734723475976807e-18,177,281,177,323,178,314,178,356,179,385,179,417,181,539,0.031511352346838495,0.03202067635229244,1.44,11.700000000000001,0.49987885393080644,5.0803258593815364e-27,5.0803258593815364e-27,0.0,transient,0.03152090111153491,0.03203049340283133,1.44,11.700000000000001,0.4998788109319711,5.0803258593815364e-27,5.0803258593815364e-27,0.0,transient,0.004882051724495351,0.004933156092547353,1.02,11.700000000000001,0.4998291039105042,1.7245345256562893e-26,1.7245345256562893e-26,0.0,transient,0.0,8.324639591619388e-30,nan,11.700000000000001,0.4999892310975687,1.3098172514579816e-28,1.3098172514579816e-28,0.0,monotone,0.0,2.368726624409984e-29,nan,11.67,0.4999820808950859,5.4496897100958435e-30,8.268574079469291e-30,2.8188843693734477e-30,monotone,0.010409550936807788,0.010529691517107143,1.1500000000000001,11.700000000000001,0.49981793910470124,1.734606215355071e-26,1.734606215355071e-26,0.0,transient,0.0,2.4969915538564972e-29,nan,11.67,0.4999820808950859,5.113541001770318e-30,7.758442761142321e-30,2.644901759372003e-30,monotone,0.010409550936807788,0.010529691517107143,1.1500000000000001,11.700000000000001,0.49981793910470124,1.7347576544470192e-26,1.7347576544470192e-26,0.0,transient
linear,0.0002,0.01,E3_regime,pos,0.01,3.0,2.0,2000,False,6,0.15,20.0,2,E3_regime__linear__mu3-2_sd0.15__h2_eps1.00e-02_pos__s6__dt0.0002__d4c27226ba,20.0,3.7590230761536433e-26,0.0,6.938893903907228e-18,177,181,177,187,178,184,178,196,179,193,179,233,181,539,0.0038284610546519826,0.004088185738810979,1.29,10.17,0.49980673445229873,4.552374535586552e-27,4.552374535586552e-27,0.0,transient,0.003823686615571753,0.004084439083484409,1.3,10.17,0.4998067847698284,4.530884238895102e-27,4.530884238895102e-27,0.0,transient,5.052214205769623e-06,4.5837847297725e-05,0.64,10.17,0.4999336647548327,1.8374298523239966e-26,1.8374298523239966e-26,0.0,other,0.0,2.574583149656857e-28,nan,10.1,0.49989556685903375,1.7166054335566482e-28,4.291188583213505e-28,2.574583149656857e-28,monotone,0.0,8.037998175645735e-29,nan,10.040000000000001,0.4998823556162441,8.879407865403451e-29,1.5928580415271768e-28,7.049172549868317e-29,monotone,0.00017530965704082302,0.00033762343973936515,0.99,10.17,0.49991766347546635,1.8302806180229241e-26,1.8302806180229241e-26,0.0,transient,0.0,8.039537490249173e-29,nan,10.040000000000001,0.4998823556162441,8.879371992372424e-29,1.5864183060858397e-28,6.984811068485973e-29,monotone,0.00017530965704015689,0.00033762343973936515,0.99,10.17,0.49991766347546635,1.830593005591593e-26,1.830593005591593e-26,0.0,transient
linear,0.0002,0.01,E3_regime,pos,0.01,3.0,2.0,2000,False,7,0.15,20.0,2,E3_regime__linear__mu3-2_sd0.15__h2_eps1.00e-02_pos__s7__dt0.0002__34b7f26fcc,20.0,2.611911365800653e-26,0.0,4.336808689942018e-19,61,61,102,102,65,65,106,106,68,68,111,111,181,539,6.822614848028818e-05,0.0009423585065541917,1.44,9.78,0.4998683324828178,3.575937298245957e-27,3.815683220699102e-27,2.3974592245314516e-28,transient,6.814359622869803e-05,0.0009426780320052064,1.44,9.78,0.49986836111443145,3.572184045970335e-27,3.8107466770656485e-27,2.3856263109531364e-28,transient,0.0,0.0,nan,9.93,0.4998452377734118,9.439986548425355e-27,9.439986548425355e-27,0.0,monotone,0.0,3.582229696560259e-30,nan,9.92,0.49997455402770363,1.6438298372656016e-27,1.6438298372656016e-27,0.0,monotone,0.0,1.577386548671665e-27,nan,8.620000000000001,0.4999665662725201,1.7095810352040236e-30,1.5788432433136708e-27,1.5771336622784668e-27,monotone,0.0,0.0,nan,9.93,0.4998334520090065,9.453760365351017e-27,9.453760365351017e-27,0.0,monotone,0.0,1.5773820345823068e-27,nan,8.620000000000001,0.4999665662725201,1.7357794339012183e-30,1.578862413105713e-27,1.5771266336718119e-27,monotone,0.0,0.0,nan,9.93,0.4998334520090065,9.4538065208749e-27,9.4538065208749e-27,0.0,monotone
linear,0.0002,0.01,E3_regime,pos,0.01,3.0,2.0,2000,False,8,0.15,20.0,2,E3_regime__linear__mu3-2_sd0.15__h2_eps1.00e-02_pos__s8__dt0.0002__cb0f200cc1,20.0,2.7641987781025944e-26,2.1985788237152963e-31,3.308722450212111e-24,0,0,0,0,0,0,0,0,4,4,7,7,181,539,0.0,7.282788528903669e-29,nan,9.620000000000001,0.49986793303953414,4.145667435138544e-27,4.218495320427581e-27,7.282788528903669e-29,monotone,0.0,7.561355036059839e-29,nan,9.620000000000001,0.49986797434502106,4.1372056693348846e-27,4.212819219695483e-27,7.561355036059839e-29,monotone,0.0,0.0,nan,10.61,0.49988405212140397,9.43017817240458e-27,9.43017817240458e-27,0.0,monotone,0.0,0.0,nan,10.15,0.49993010224601253,1.9252035799087102e-27,1.9252035799087102e-27,0.0,monotone,0.0,0.0,nan,9.81,0.49992410367019413,1.8915225532476785e-27,1.8915225532476785e-27,0.0,monotone,0.0,0.0,nan,10.620000000000001,0.4998759089168462,9.491490184425148e-27,9.491490184425148e-27,0.0,monotone,0.0,0.0,nan,9.81,0.49992410367019413,1.8915225474611063e-27,1.8915225474611063e-27,0.0,monotone,0.0,0.0,nan,10.620000000000001,0.4998759089168462,9.491490177995248e-27,9.491490177995248e-27,0.0,monotone
linear,0.0002,0.01,E3_regime,pos,0.01,3.0,2.0,2000,False,9,0.15,20.0,2,E3_regime__linear__mu3-2_sd0.15__h2_eps1.00e-02_pos__s9__dt0.0002__0602ea1635,20.0,2.661128096192489e-26,0.0,3.469446951953614e-18,0,0,0,0,5,5,11,11,11,11,19,19,181,539,0.0,9.582811105688682e-29,nan,9.6,0.49985124805252545,3.5622308400177416e-27,3.6580589510746284e-27,9.582811105688682e-29,monotone,0.0,8.704587051048102e-29,nan,9.6,0.49985121613785777,3.56639701167344e-27,3.653442882183921e-27,8.704587051048102e-29,monotone,0.0,0.0,nan,9.65,0.49989561756269474,9.73557057257013e-27,9.73557057257013e-27,0.0,monotone,0.0,1.0132798919907345e-29,nan,9.65,0.499922938420026,1.610836346202315e-27,1.610836346202315e-27,0.0,monotone,3.290155218978312e-10,5.436779035232409e-10,2.9,8.370000000000001,0.49991486977585853,7.1977913615326015e-28,1.514991920202857e-27,7.952127840495968e-28,monotone,0.0,0.0,nan,9.65,0.4998851439285494,9.734576755362623e-27,9.734576755362623e-27,0.0,monotone,3.290155218978312e-10,5.436779035228459e-10,2.9,8.370000000000001,0.49991486977585853,7.18672046520211e-28,1.5151155072008485e-27,7.964434606806375e-28,monotone,0.0,0.0,nan,9.65,0.4998851439285494,9.734677466862125e-27,9.734677466862125e-27,0.0,monotone
linear,0.0002,0.025,E3_regime,iso,0.01,3.0,2.0,2000,False,0,0.15,20.0,32,E3_regime__linear__mu3-2_sd0.15__h32_eps2.50e-02_iso__s0__dt0.0002__4e91cfc7e1,20.0,1.9196902012705316e-26,0.0,4.336808689942018e-19,0,0,0,0,0,0,0,0,0,0,0,0,181,539,0.0,0.0,nan,9.39,0.4889539448352772,2.9689273206058542e-27,2.9689273206058542e-27,0.0,monotone,0.0,0.0,nan,9.46,0.48895431747903734,2.9772658268930732e-27,2.9772658268930732e-27,0.0,monotone,0.0,0.0,nan,9.450000000000001,0.4908203844227982,9.415466378745394e-27,9.415466378745394e-27,0.0,monotone,0.0,3.629992759181062e-30,nan,8.540000000000001,0.4895686882187042,3.571454118521412e-29,3.9344533944395183e-29,3.629992759181062e-30,monotone,0.0,1.3095040212916123e-30,nan,8.46,0.4894331376304082,1.0147270473489814e-31,4.164854945983026e-31,3.1501278986340444e-31,monotone,0.0,0.0,nan,9.450000000000001,0.49066813538007414,9.461240066190008e-27,9.461240066190008e-27,0.0,monotone,0.0,1.3067616262016173e-30,nan,8.46,0.4894331376304082,1.005505061117938e-31,4.005048602946521e-31,2.9995435418285827e-31,monotone,0.0,0.0,nan,9.46,0.49066813538007414,9.461272507699503e-27,9.461272507699503e-27,0.0,monotone
linear,0.0002,0.025,E3_regime,iso,0.01,3.0,2.0,2000,False,1,0.15,20.0,32,E3_regime__linear__mu3-2_sd0.15__h32_eps2.50e-02_iso__s1__dt0.0002__1ee1c614cb,20.0,1.941746786711886e-26,8.34168264215032e-32,1.734723475976807e-18,0,0,0,0,0,0,0,0,0,0,0,0,181,539,0.0,0.0,nan,18.98,0.4906632575544895,2.9892959556976936e-27,2.9892959556976936e-27,0.0,monotone,0.0,0.0,nan,19.82,0.49066250000711475,2.9804212705139573e-27,2.9804212705139573e-27,0.0,monotone,0.0,1.5401276579275848e-29,nan,19.88,0.49056505981214754,9.537846419277073e-27,9.537846419277073e-27,0.0,monotone,0.0,2.082546567464806e-29,nan,8.63,0.4892350579607373,2.4996355858710276e-29,4.5821821533358335e-29,2.082546567464806e-29,monotone,0.0,4.311075020547349e-30,nan,16.18,0.48936071009019266,3.314088641701945e-30,3.6037485053377856e-30,2.8965986363584027e-31,monotone,0.0,0.0,nan,19.98,0.49074069862056885,9.5995189788396e-27,9.5995189788396e-27,0.0,monotone,0.0,4.314009975612751e-30,nan,16.19,0.48936071009019266,3.036984044998799e-30,3.314317956990561e-30,2.7733391199176196e-31,monotone,0.0,0.0,nan,19.93,0.49074069862056885,9.599513816894176e-27,9.599513816894176e-27,0.0,monotone
linear,0.0002,0.025,E3_regime,iso,0.01,3.0,2.0,2000,False,2,0.15,20.0,32,E3_regime__linear__mu3-2_sd0.15__h32_eps2.50e-02_iso__s2__dt0.0002__869c5df009,20.0,1.9718548880262193e-26,0.0,8.673617379884035e-19,0,0,0,0,0,0,0,0,0,0,0,0,181,539,0.0,4.930380657631324e-31,nan,8.96,0.4896730608058054,2.969198491542024e-27,2.969198491542024e-27,0.0,monotone,0.0,6.409494854920721e-31,nan,8.89,0.48966578455826526,3.003372192475231e-27,3.004013141960723e-27,6.409494854920721e-31,monotone,0.0,0.0,nan,8.96,0.4891238315599017,9.583496736748884e-27,9.583496736748884e-27,0.0,monotone,0.0,0.0,nan,8.92,0.49125480346018663,4.930380657631324e-29,4.930380657631324e-29,0.0,monotone,0.0,6.985271796303263e-30,nan,8.370000000000001,0.49114502766524626,2.227924953109646e-30,2.227924953109646e-30,0.0,monotone,0.0,6.397552857085709e-34,nan,8.96,0.48895695745051376,9.691378294311904e-27,9.69137893406719e-27,6.397552857085709e-34,monotone,0.0,6.652989197362976e-30,nan,8.370000000000001,0.49114502766524626,1.9993544316793335e-30,1.9993544316793335e-30,0.0,monotone,0.0,0.0,nan,8.97,0.48895695745051376,9.691378089657748e-27,9.691378089657748e-27,0.0,monotone
linear,0.0002,0.025,E3_regime,iso,0.01,3.0,2.0,2000,False,3,0.15,20.0,32,E3_regime__linear__mu3-2_sd0.15__h32_eps2.50e-02_iso__s3__dt0.0002__8dc7e51cc8,20.0,1.897676658774601e-26,0.0,5.551115123125783e-17,0,0,0,0,0,0,0,0,0,0,0,0,181,539,0.0,0.0,nan,9.65,0.4895505372656229,2.9027369602771537e-27,2.9027369602771537e-27,0.0,monotone,0.0,0.0,nan,9.66,0.4895504412983188,2.9027369602771537e-27,2.9027369602771537e-27,0.0,monotone,0.0,0.0,nan,9.77,0.4903797286681769,9.29385536204051e-27,9.29385536204051e-27,0.0,monotone,0.0,2.2803010541544873e-31,nan,8.51,0.48985477082489637,4.535343537088336e-29,4.558146547629881e-29,2.2803010541544873e-31,monotone,0.0,2.5748874002018493e-30,nan,8.25,0.48979190779762205,1.9973165193544073e-30,2.0216457357619894e-30,2.4329216407582076e-32,monotone,0.0,0.0,nan,9.76,0.4903083520902642,9.400250446940933e-27,9.400250446940933e-27,0.0,monotone,0.0,2.5685927197076792e-30,nan,8.25,0.48979190779762205,1.9974019293604935e-30,2.0222208354758784e-30,2.4818906115384945e-32,monotone,0.0,0.0,nan,9.77,0.4903083520902642,9.400282849107713e-27,9.400282849107713e-27,0.0,monotone
linear,0.0002,0.025,E3_regime,iso,0.01,3.0,2.0,2000,False,4,0.15,20.0,32,E3_regime__linear__mu3-2_sd0.15__h32_eps2.50e-02_iso__s4__dt0.0002__acd3b325f5,20.0,2.1005127631439886e-26,0.0,1.3877787807814457e-17,0,0,0,0,0,0,0,0,0,0,0,0,181,539,0.0,1.67632942359465e-30,nan,9.25,0.48945680886974274,3.162469413321172e-27,3.1633383929120794e-27,8.689795909075208e-31,monotone,0.0,1.3373657533824966e-30,nan,9.17,0.4894626692320267,3.170542911648043e-27,3.1718679514497816e-27,1.3250398017384183e-30,monotone,0.0,1.1555579666323415e-33,nan,9.39,0.4926185538929002,1.0239914135996307e-26,1.0239915291554274e-26,1.1555579666323415e-33,monotone,0.0,9.457086398919083e-30,nan,8.56,0.4873263560031603,4.9058154211906646e-29,5.758617200565333e-29,8.52801779374668e-30,monotone,0.0,6.288648366314217e-30,nan,8.64,0.48736604958145774,5.546687079657689e-30,5.613300668199756e-30,6.66135885420675e-32,monotone,0.0,4.1255495009225964e-32,nan,9.33,0.49274154951701293,1.0319508737196777e-26,1.0319549992691786e-26,4.1255495009225964e-32,monotone,0.0,6.294522446489544e-30,nan,8.64,0.48736604958145774,4.8318151221810905e-30,4.900221604631882e-30,6.840648245079157e-32,monotone,0.0,5.11281877606102e-32,nan,9.32,0.49274154951701293,1.0319508668392838e-26,1.0319559796580599e-26,5.11281877606102e-32,monotone
linear,0.0002,0.025,E3_regime,iso,0.01,3.0,2.0,2000,False,5,0.15,20.0,32,E3_regime__linear__mu3-2_sd0.15__h32_eps2.50e-02_iso__s5__dt0.0002__b3ad261b67,20.0,1.9212795474731554e-26,0.0,2.220446049250313e-16,0,0,0,0,0,0,0,0,0,0,0,0,181,539,0.0,0.0,nan,8.65,0.4907252099946102,2.7752188275433416e-27,2.7752188275433416e-27,0.0,monotone,0.0,0.0,nan,8.65,0.49072596713185385,2.775126382906011e-27,2.775126382906011e-27,0.0,monotone,0.0,0.0,nan,8.65,0.4911381066609073,9.400185183898151e-27,9.400185183898151e-27,0.0,monotone,0.0,3.359168490401329e-29,nan,8.65,0.4885566044020099,7.013466485480558e-29,7.013466485480558e-29,0.0,monotone,6.31513459707507e-09,1.469067243651043e-08,1.49,8.4,0.48872229850991794,6.163732399156366e-31,2.9547487054160123e-30,2.3383754655003756e-30,other,0.0,0.0,nan,8.65,0.49138118568231276,9.415333550820147e-27,9.415333550820147e-27,0.0,monotone,6.31513459707507e-09,1.4690672436509218e-08,1.49,8.4,0.48872229850991794,6.1635754504655615e-31,2.934519636216549e-30,2.318162091169993e-30,other,0.0,0.0,nan,8.65,0.49138118568231276,9.43060811164388e-27,9.43060811164388e-27,0.0,monotone
linear,0.0002,0.025,E3_regime,iso,0.01,3.0,2.0,2000,False,6,0.15,20.0,32,E3_regime__linear__mu3-2_sd0.15__h32_eps2.50e-02_iso__s6__dt0.0002__e2054fe6ea,20.0,1.987957788293824e-26,0.0,5.551115123125783e-17,0,0,0,0,0,0,0,0,0,0,0,0,181,539,0.0,0.0,nan,8.8,0.48952751597131366,3.00542446342397e-27,3.00542446342397e-27,0.0,monotone,0.0,0.0,nan,8.85,0.48952676678808327,2.9877428857905398e-27,2.9877428857905398e-27,0.0,monotone,0.0,0.0,nan,8.85,0.49058152015472273,9.754285989397708e-27,9.754285989397708e-27,0.0,monotone,0.0,5.972693943533696e-30,nan,8.46,0.48963152890976275,5.514024097628154e-29,6.111293491981523e-29,5.972693943533696e-30,monotone,0.0,1.0725811044928896e-29,nan,8.52,0.4895756264434314,1.0871578755567726e-29,1.0963812825720747e-29,9.22340701530204e-32,monotone,0.0,0.0,nan,8.85,0.49052474187715256,9.83255789457045e-27,9.83255789457045e-27,0.0,monotone,0.0,1.0869873807848357e-29,nan,8.52,0.4895756264434314,9.860792246552392e-30,9.950733673333435e-30,8.994142678104325e-32,monotone,0.0,0.0,nan,8.85,0.49052474187715256,9.832647025173987e-27,9.832647025173987e-27,0.0,monotone
linear,0.0002,0.025,E3_regime,iso,0.01,3.0,2.0,2000,False,7,0.15,20.0,32,E3_regime__linear__mu3-2_sd0.15__h32_eps2.50e-02_iso__s7__dt0.0002__79229c6d18,20.0,1.920234106224453e-26,0.0,2.220446049250313e-16,0,0,0,0,0,0,0,0,0,0,0,0,181,539,0.0,0.0,nan,8.81,0.48986619879372173,2.9626225963399082e-27,2.9626225963399082e-27,0.0,monotone,0.0,0.0,nan,8.82,0.48986589727036906,2.9360540075710974e-27,2.9360540075710974e-27,0.0,monotone,0.0,2.8888949165808538e-34,nan,8.82,0.4909064451497854,9.445648012089875e-27,9.445648300979367e-27,2.8888949165808538e-34,monotone,0.0,9.801153783483863e-30,nan,8.61,0.4891346021873194,4.991740785659501e-29,5.971856164007887e-29,9.801153783483863e-30,monotone,0.0,9.127262959583938e-30,nan,7.09,0.4891502647338488,7.745726107898145e-30,1.4211404290384267e-29,6.465678182486122e-30,monotone,0.0,0.0,nan,8.83,0.4909505934347832,9.44576813397115e-27,9.44576813397115e-27,0.0,monotone,0.0,9.280796971135072e-30,nan,7.09,0.4891502647338488,7.687795003431826e-30,1.36350414955046e-29,5.947246492072774e-30,monotone,0.0,0.0,nan,8.83,0.4909505934347832,9.461021629257138e-27,9.461021629257138e-27,0.0,monotone
linear,0.0002,0.025,E3_regime,iso,0.01,3.0,2.0,2000,False,8,0.15,20.0,32,E3_regime__linear__mu3-2_sd0.15__h32_eps2.50e-02_iso__s8__dt0.0002__e9756e7604,20.0,2.0461654942041207e-26,2.0178394590941726e-32,8.673617379884035e-19,0,0,0,0,0,0,0,0,0,0,0,0,181,539,0.0,3.1104538973831614e-29,nan,8.47,0.4913206017495343,3.028547948708261e-27,3.0596524876820926e-27,3.1104538973831614e-29,monotone,0.0,3.0802553158551695e-29,nan,8.47,0.4913211279673878,3.0284986449016847e-27,3.0593011980602364e-27,3.0802553158551695e-29,monotone,0.0,0.0,nan,19.57,0.48894227830446535,1.008186125066271e-26,1.008186125066271e-26,0.0,monotone,0.0,0.0,nan,18.44,0.49085881239921136,6.541112907320145e-29,6.541112907320145e-29,0.0,monotone,4.460722700307752e-11,2.1857134466868231e-10,1.73,8.25,0.4910042361046721,7.989235206779064e-30,8.422617582326219e-30,4.3338237554715445e-31,monotone,0.0,0.0,nan,19.56,0.48909766750572203,1.014486086692778e-26,1.014486086692778e-26,0.0,monotone,4.460722700307752e-11,2.1857134466961362e-10,1.73,8.25,0.4910042361046721,7.993354645911103e-30,8.384257775382051e-30,3.9090312947094825e-31,monotone,0.0,0.0,nan,19.54,0.48909766750572203,1.0144842915968813e-26,1.0144842915968813e-26,0.0,monotone
linear,0.0002,0.025,E3_regime,iso,0.01,3.0,2.0,2000,False,9,0.15,20.0,32,E3_regime__linear__mu3-2_sd0.15__h32_eps2.50e-02_iso__s9__dt0.0002__8b419dcd45,20.0,1.941820489019669e-26,0.0,2.7755575615628914e-17,0,0,0,0,0,0,0,0,0,0,0,0,181,539,0.0,0.0,nan,9.040000000000001,0.4919311416855466,3.0624628046569425e-27,3.0624628046569425e-27,0.0,monotone,0.0,0.0,nan,9.07,0.49193199533493964,3.0704993251288816e-27,3.0704993251288816e-27,0.0,monotone,0.0,0.0,nan,9.07,0.48986012240035826,9.422277911476206e-27,9.422277911476206e-27,0.0,monotone,0.0,1.0143102645109816e-29,nan,8.45,0.4895837183914048,2.7389805297097513e-29,3.753290794220733e-29,1.0143102645109816e-29,monotone,0.0,6.242964189819702e-30,nan,8.290000000000001,0.48987552508632576,8.942868558041758e-30,1.0716556350066534e-29,1.773687792024776e-30,monotone,0.0,0.0,nan,9.08,0.4902290453184783,9.530713956926478e-27,9.530713956926478e-27,0.0,monotone,0.0,6.209491067830689e-30,nan,8.290000000000001,0.48987552508632576,8.945202696262682e-30,1.0731470858814878e-29,1.786268162552196e-30,monotone,0.0,0.0,nan,9.08,0.4902290453184783,9.545907899114901e-27,9.545907899114901e-27,0.0,monotone
linear,0.0002,0.025,E3_regime,pos,0.01,3.0,2.0,2000,False,0,0.15,20.0,32,E3_regime__linear__mu3-2_sd0.15__h32_eps2.50e-02_pos__s0__dt0.0002__379bc317e6,20.0,2.1541101269654942e-26,0.0,2.220446049250313e-16,0,0,1,1,3,3,9,9,10,10,15,15,181,539,0.0,2.4725242700438885e-28,nan,8.75,0.4851470921620203,2.9510115498911864e-27,3.1982639768955753e-27,2.4725242700438885e-28,monotone,0.0,2.40510131455078e-28,nan,8.74,0.48514135294245764,2.9633128496319766e-27,3.2038229810870546e-27,2.40510131455078e-28,monotone,0.0,0.0,nan,10.64,0.4899542828708587,9.41132014046462e-27,9.41132014046462e-27,0.0,monotone,0.0,6.466213491782925e-30,nan,10.23,0.4920036990908552,5.707987391222309e-28,5.707987391222309e-28,0.0,monotone,0.0,5.223504516281671e-28,nan,7.69,0.49120682815176775,3.4265913643261646e-29,5.187678128067053e-28,4.8450189916344364e-28,monotone,0.0,0.0,nan,10.63,0.48892888240197996,9.47808238274282e-27,9.47808238274282e-27,0.0,monotone,0.0,5.222785313550705e-28,nan,7.69,0.49120682815176775,3.424601811538973e-29,5.22344503885857e-28,4.880984857704673e-28,monotone,0.0,0.0,nan,10.64,0.48892888240197996,9.478039316221113e-27,9.478039316221113e-27,0.0,monotone
linear,0.0002,0.025,E3_regime,pos,0.01,3.0,2.0,2000,False,1,0.15,20.0,32,E3_regime__linear__mu3-2_sd0.15__h32_eps2.50e-02_pos__s1__dt0.0002__c92fcd3ef8,20.0,2.099344336187009e-26,3.602336019465986e-32,5.551115123125783e-17,6,6,14,14,11,11,17,17,14,14,21,21,181,539,0.0,2.9187853493177437e-29,nan,8.98,0.4840059077855964,3.1620626569169173e-27,3.1912505104100947e-27,2.9187853493177437e-29,monotone,0.0,3.04882413916277e-29,nan,8.97,0.48400759795837756,3.1592523399420674e-27,3.189740581333695e-27,3.04882413916277e-29,monotone,0.0,0.0,nan,12.17,0.4914581409218388,1.0051924499310658e-26,1.0051924499310658e-26,0.0,monotone,0.0,4.9891215209351345e-31,nan,9.71,0.49070341494983805,1.8914326872233717e-28,1.8914326872233717e-28,0.0,monotone,2.2311041902867146e-12,4.0703877536371886e-12,2.39,7.72,0.4898019278296612,2.8547217369480387e-29,1.3683299025832564e-28,1.0828577288884524e-28,monotone,0.0,0.0,nan,12.19,0.4903407068759234,1.0129088366365931e-26,1.0129088366365931e-26,0.0,monotone,2.2311041902867146e-12,4.07038775364759e-12,2.39,7.72,0.4898019278296612,2.861708134237307e-29,1.3683457061991956e-28,1.0821748927754649e-28,monotone,0.0,0.0,nan,12.18,0.4903407068759234,1.0129094683618774e-26,1.0129094683618774e-26,0.0,monotone
linear,0.0002,0.025,E3_regime,pos,0.01,3.0,2.0,2000,False,2,0.15,20.0,32,E3_regime__linear__mu3-2_sd0.15__h32_eps2.50e-02_pos__s2__dt0.0002__9733e1d577,20.0,2.3499657236328298e-26,7.413943756233486e-32,5.551115123125783e-17,7,7,15,15,11,11,18,18,15,15,23,23,181,539,0.0,2.0861056860020335e-28,nan,8.8,0.4837380641437946,3.254057397012496e-27,3.462667965612699e-27,2.0861056860020335e-28,monotone,0.0,2.075628627104567e-28,nan,8.8,0.48372721796260754,3.302103956521113e-27,3.50966681923157e-27,2.075628627104567e-28,monotone,0.0,0.0,nan,18.89,0.49178831170426407,1.0423696097235956e-26,1.0423696097235956e-26,0.0,monotone,0.0,1.0762096529235874e-29,nan,13.35,0.49042546315092533,5.479567284993122e-28,5.479567284993122e-28,0.0,monotone,0.0,1.5593218110457655e-28,nan,7.8100000000000005,0.4894981275306138,3.530754803140471e-28,4.802283534136661e-28,1.2715287309961904e-28,monotone,0.0,0.0,nan,18.89,0.4906469640653282,1.0464510768911602e-26,1.0464510768911602e-26,0.0,monotone,0.0,1.5563084377011968e-28,nan,7.8100000000000005,0.4894981275306138,3.5337737433578195e-28,4.80242347482766e-28,1.26864973146984e-28,monotone,0.0,0.0,nan,18.84,0.4906469640653282,1.0464498155295935e-26,1.0464498155295935e-26,0.0,monotone
linear,0.0002,0.025,E3_regime,pos,0.01,3.0,2.0,2000,False,3,0.15,20.0,32,E3_regime__linear__mu3-2_sd0.15__h32_eps2.50e-02_pos__s3__dt0.0002__f6f8e8454d,20.0,2.0471636685015584e-26,0.0,6.938893903907228e-18,7,7,15,15,11,11,18,18,15,15,23,23,181,539,0.0,1.0056127648821289e-28,nan,8.73,0.4837050764067072,3.0034399852092735e-27,3.1040012616974864e-27,1.0056127648821289e-28,monotone,0.0,1.0538688655686955e-28,nan,8.73,0.48370740181349153,2.992352791705425e-27,3.0977396782622946e-27,1.0538688655686955e-28,monotone,0.0,0.0,nan,10.21,0.4920541249181767,9.387863180410459e-27,9.387863180410459e-27,0.0,monotone,0.0,5.5656486497874535e-30,nan,10.01,0.490131307004089,3.345903647909362e-28,3.345903647909362e-28,0.0,monotone,4.752884954293471e-12,8.144912424372099e-12,2.36,7.7700000000000005,0.48921280270483236,2.4228017401729625e-29,2.928946360274769e-28,2.686666186257473e-28,monotone,0.0,0.0,nan,10.21,0.490931585960349,9.47628576884247e-27,9.47628576884247e-27,0.0,monotone,4.752884954293471e-12,8.144912424313825e-12,2.36,7.7700000000000005,0.48921280270483236,2.4148594307972246e-29,2.928958876484028e-28,2.6874729334043057e-28,monotone,0.0,0.0,nan,10.21,0.490931585960349,9.476273018868806e-27,9.476273018868806e-27,0.0,monotone
linear,0.0002,0.025,E3_regime,pos,0.01,3.0,2.0,2000,False,4,0.15,20.0,32,E3_regime__linear__mu3-2_sd0.15__h32_eps2.50e-02_pos__s4__dt0.0002__b932d2d43c,20.0,1.93651690344616e-26,5.380825014937459e-33,1.734723475976807e-18,3,3,13,13,9,9,17,17,14,14,21,21,181,539,0.0,3.972037917304235e-29,nan,8.88,0.48509313444514046,2.853827584153451e-27,2.8935479633264933e-27,3.972037917304235e-29,monotone,0.0,3.330472134229959e-29,nan,8.88,0.4850834613277092,2.868618726126345e-27,2.9019234474686446e-27,3.330472134229959e-29,monotone,0.0,0.0,nan,10.47,0.4890490216599273,9.2802422151181e-27,9.2802422151181e-27,0.0,monotone,0.0,3.9308230164943484e-30,nan,9.33,0.4930752611094009,1.3156422265747807e-28,1.3156422265747807e-28,0.0,monotone,0.0,4.6546424727414725e-29,nan,7.71,0.4922208420712619,6.026373450011198e-29,8.304912266061951e-29,2.2785388160507527e-29,monotone,0.0,0.0,nan,10.48,0.48792422757770615,9.354579603188165e-27,9.354579603188165e-27,0.0,monotone,0.0,4.639703920625882e-29,nan,7.71,0.49222084207126193,6.046856199403705e-29,8.30459871687594e-29,2.2577425174722356e-29,monotone,0.0,0.0,nan,10.48,0.4879242275777062,9.3545880300332e-27,9.3545880300332e-27,0.0,monotone
linear,0.0002,0.025,E3_regime,pos,0.01,3.0,2.0,2000,False,5,0.15,20.0,32,E3_regime__linear__mu3-2_sd0.15__h32_eps2.50e-02_pos__s5__dt0.0002__fddf7a5e6c,20.0,2.338558547616825e-26,8.735019396070901e-32,6.938893903907228e-18,0,0,0,0,0,0,5,5,7,7,11,11,181,539,0.0,6.720108836351494e-29,nan,8.71,0.4851584111926676,3.4081317925634746e-27,3.4753328809269895e-27,6.720108836351494e-29,monotone,0.0,6.406413367009701e-29,nan,8.71,0.48515741857131467,3.4340717577984374e-27,3.4981358914685344e-27,6.406413367009701e-29,monotone,0.0,0.0,nan,13.040000000000001,0.4908088299883667,1.0012172631183025e-26,1.0012172631183025e-26,0.0,monotone,0.0,4.1038678219975415e-30,nan,10.9,0.49101032942324885,7.155033891972686e-28,7.155033891972686e-28,0.0,monotone,0.0,3.8057795173080536e-28,nan,7.62,0.4902611076054597,2.8234506962173032e-28,6.592797459010174e-28,3.769346762792871e-28,monotone,0.0,0.0,nan,13.030000000000001,0.48986865182828326,1.0066589934227429e-26,1.0066589934227429e-26,0.0,monotone,0.0,3.8067994878876408e-28,nan,7.62,0.4902611076054597,2.8259356778660224e-28,6.59283119539329e-28,3.7668955175272676e-28,monotone,0.0,0.0,nan,13.030000000000001,0.48986865182828326,1.0066585817454834e-26,1.0066585817454834e-26,0.0,monotone
linear,0.0002,0.025,E3_regime,pos,0.01,3.0,2.0,2000,False,6,0.15,20.0,32,E3_regime__linear__mu3-2_sd0.15__h32_eps2.50e-02_pos__s6__dt0.0002__27120890f9,20.0,2.249239353435484e-26,0.0,2.7755575615628914e-17,3,3,10,10,9,9,15,15,12,12,19,19,181,539,0.0,2.4960052079258577e-30,nan,8.950000000000001,0.4841340265906715,3.262710215066639e-27,3.2652062202745646e-27,2.4960052079258577e-30,monotone,0.0,5.02898827078395e-30,nan,8.950000000000001,0.4841389571973786,3.247999191779431e-27,3.253028180050215e-27,5.02898827078395e-30,monotone,0.0,0.0,nan,8.99,0.49163710474617495,1.0102380782365693e-26,1.0102380782365693e-26,0.0,monotone,0.0,6.04597557791763e-30,nan,8.82,0.4904472236801901,5.167347077988729e-28,5.20723790196185e-28,3.989082397312062e-30,monotone,0.0,3.3992406941048246e-28,nan,7.7700000000000005,0.48957609717445916,1.1293532694504377e-28,4.441963942607685e-28,3.312610673157247e-28,monotone,0.0,0.0,nan,8.99,0.4905636861428163,1.0183872754236797e-26,1.0183872754236797e-26,0.0,monotone,0.0,3.390743714189381e-28,nan,7.7700000000000005,0.48957609717445916,1.1380074289875215e-28,4.442335214910389e-28,3.3043277859228674e-28,monotone,0.0,0.0,nan,8.99,0.4905636861428163,1.0183840517639188e-26,1.0183840517639188e-26,0.0,monotone
linear,0.0002,0.025,E3_regime,pos,0.01,3.0,2.0,2000,False,7,0.15,20.0,32,E3_regime__linear__mu3-2_sd0.15__h32_eps2.50e-02_pos__s7__dt0.0002__28679d5c20,20.0,1.994059398989082e-26,0.0,2.168404344971009e-19,5,5,13,13,11,11,17,17,14,14,21,21,181,539,0.0,8.573931963620872e-29,nan,8.790000000000001,0.48420101310061314,2.955054462030444e-27,3.039887824220813e-27,8.483336219036896e-29,monotone,0.0,8.292900266135887e-29,nan,8.8,0.48420192536921747,2.955054462030444e-27,3.037983464691803e-27,8.292900266135887e-29,monotone,0.0,0.0,nan,9.65,0.4909473002674157,9.325990755017074e-27,9.325990755017074e-27,0.0,monotone,0.0,1.1801135734232788e-30,nan,9.6,0.49121877675038816,2.55301273427972e-28,2.55301273427972e-28,0.0,monotone,0.0,2.1786040091593217e-28,nan,7.69,0.49032162393204165,1.7615074689441575e-31,2.109303196001915e-28,2.1075416885329708e-28,monotone,0.0,0.0,nan,9.66,0.4898210691403588,9.445671903483869e-27,9.445671903483869e-27,0.0,monotone,0.0,2.178545739105174e-28,nan,7.69,0.49032162393204165,1.9645584679901035e-31,2.109320947576876e-28,2.107356389108886e-28,monotone,0.0,0.0,nan,9.66,0.4898210691403588,9.44567104361232e-27,9.44567104361232e-27,0.0,monotone
linear,0.0002,0.025,E3_regime,pos,0.01,3.0,2.0,2000,False,8,0.15,20.0,32,E3_regime__linear__mu3-2_sd0.15__h32_eps2.50e-02_pos__s8__dt0.0002__bbeeadc2d4,20.0,2.174220720159249e-26,0.0,5.551115123125783e-17,17,17,29,29,19,19,32,32,22,22,36,36,181,539,0.0,1.6516775203064935e-30,nan,9.120000000000001,0.48280900910231417,3.288379009365432e-27,3.2892603149079834e-27,8.813055425515991e-31,monotone,0.0,1.7256332301709633e-30,nan,9.120000000000001,0.482810052062318,3.2803055110385605e-27,3.281199142532756e-27,8.936314941956774e-31,monotone,0.0,0.0,nan,9.14,0.49315904907831537,1.0611191444001379e-26,1.0611191444001379e-26,0.0,monotone,0.0,1.0642688872683865e-30,nan,9.120000000000001,0.48920392456176554,1.122710268465845e-28,1.122710268465845e-28,0.0,monotone,0.0,4.3265961112142477e-29,nan,8.02,0.48819871676339505,1.3039125097584806e-29,5.341600470031888e-29,4.0376879602734076e-29,monotone,0.0,0.0,nan,9.14,0.4919561927224568,1.0674321094085383e-26,1.0674321094085383e-26,0.0,monotone,0.0,4.3216798414960726e-29,nan,8.02,0.48819871676339505,1.3101738682941406e-29,5.342233993271786e-29,4.032060124977645e-29,monotone,0.0,0.0,nan,9.14,0.4919561927224568,1.067429520504079e-26,1.067429520504079e-26,0.0,monotone
linear,0.0002,0.025,E3_regime,pos,0.01,3.0,2.0,2000,False,9,0.15,20.0,32,E3_regime__linear__mu3-2_sd0.15__h32_eps2.50e-02_pos__s9__dt0.0002__a095d727e5,20.0,2.003164590559581e-26,0.0,6.938893903907228e-18,0,0,0,0,0,0,6,6,7,7,13,13,181,539,0.0,8.933233454045755e-29,nan,8.46,0.48618968507614074,2.955670759612648e-27,3.0355983930486738e-27,7.99276334360258e-29,monotone,0.0,8.329261823485918e-29,nan,8.47,0.4861855745553677,2.9596643679453294e-27,3.031845140773052e-27,7.218077282772258e-29,monotone,0.0,0.0,nan,9.38,0.4882102783282671,9.100854455639565e-27,9.100854455639565e-27,0.0,monotone,0.0,7.882060890399201e-30,nan,8.92,0.4936273700015844,3.5284895103570495e-28,3.5284895103570495e-28,0.0,monotone,5.60715110705959e-12,9.821654230093887e-12,2.24,7.640000000000001,0.49290560729645727,2.676683000140016e-29,3.203786894274152e-28,2.9361185942601503e-28,monotone,0.0,0.0,nan,9.38,0.4872321838892128,9.142943335067819e-27,9.142943335067819e-27,0.0,monotone,5.60715110705959e-12,9.821654230072946e-12,2.24,7.640000000000001,0.49290560729645727,2.6710546707807677e-29,3.2037793313831876e-28,2.936673864305111e-28,monotone,0.0,0.0,nan,9.38,0.4872321838892128,9.142941977676241e-27,9.142941977676241e-27,0.0,monotone
linear,0.0002,0.0025,E3_regime,iso,0.01,3.0,2.0,2000,False,0,0.15,20.0,32,E3_regime__linear__mu3-2_sd0.15__h32_eps2.50e-03_iso__s0__dt0.0002__ce95554558,20.0,1.9442594817950902e-26,9.682600005879059e-32,5.551115123125783e-17,0,0,0,0,0,0,0,0,0,0,0,0,181,539,0.0,0.0,nan,10.6,0.49988892847778393,3.0029284582160443e-27,3.0029284582160443e-27,0.0,monotone,0.0,0.0,nan,10.66,0.49988893224148595,2.9941831955245707e-27,2.9941831955245707e-27,0.0,monotone,0.0,1.53149949177673e-29,nan,9.69,0.49990777951761783,9.506946510359832e-27,9.5222615052776e-27,1.53149949177673e-29,monotone,0.0,1.098897107668469e-29,nan,9.66,0.4998951373859565,3.0223233431280015e-29,4.1212204507964705e-29,1.098897107668469e-29,monotone,0.0,1.9299852210511715e-30,nan,9.55,0.49989376832501475,5.803504041840031e-32,2.3075001456052284e-31,1.7271497414212253e-31,monotone,0.0,0.0,nan,9.69,0.4999062418022864,9.599041363709386e-27,9.599041363709386e-27,0.0,monotone,0.0,1.943051337486617e-30,nan,9.55,0.49989376832501475,5.979833932307524e-32,2.3523591944940964e-31,1.7543758012633441e-31,monotone,0.0,0.0,nan,9.69,0.4999062418022864,9.59900322496024e-27,9.59900322496024e-27,0.0,monotone
linear,0.0002,0.0025,E3_regime,iso,0.01,3.0,2.0,2000,False,1,0.15,20.0,32,E3_regime__linear__mu3-2_sd0.15__h32_eps2.50e-03_iso__s1__dt0.0002__b7cd2e0c05,20.0,1.9576935467314725e-26,7.7537548779757e-32,2.7755575615628914e-17,0,0,0,0,0,0,0,0,0,0,0,0,181,539,0.0,0.0,nan,19.45,0.4999061918577466,3.00542446342397e-27,3.00542446342397e-27,0.0,monotone,0.0,0.0,nan,19.17,0.4999061842065181,2.9979241218485485e-27,2.9979241218485485e-27,0.0,monotone,0.0,1.5413602530919926e-29,nan,19.990000000000002,0.4999052000605489,9.568165178833595e-27,9.568165178833595e-27,0.0,monotone,0.0,2.0621317100543012e-29,nan,9.77,0.4998917670418496,4.0765870243352963e-29,6.138718734389597e-29,2.0621317100543012e-29,monotone,0.0,3.000644309511435e-30,nan,9.48,0.4998930361283571,1.4798179278861443e-29,1.4814982633110952e-29,1.6803354249508575e-32,monotone,0.0,5.878648884425528e-32,nan,20.0,0.499906974012514,9.676248516550744e-27,9.676248516550744e-27,0.0,monotone,0.0,2.969121154978442e-30,nan,9.48,0.4998930361283571,1.4797674018050375e-29,1.481260396552794e-29,1.4929947477565132e-32,monotone,0.0,0.0,nan,20.0,0.499906974012514,9.676239413690061e-27,9.676239413690061e-27,0.0,monotone
linear,0.0002,0.0025,E3_regime,iso,0.01,3.0,2.0,2000,False,2,0.15,20.0,32,E3_regime__linear__mu3-2_sd0.15__h32_eps2.50e-03_iso__s2__dt0.0002__8fa3620e7e,20.0,1.9881472816569465e-26,0.0,8.673617379884035e-19,0,0,0,0,0,0,0,0,0,0,0,0,181,539,0.0,0.0,nan,10.64,0.49989618798855995,2.9512272540449578e-27,2.9512272540449578e-27,0.0,monotone,0.0,0.0,nan,10.63,0.4998961144984596,2.9768713964404627e-27,2.9768713964404627e-27,0.0,monotone,0.0,0.0,nan,10.74,0.49989064077317613,9.722829390430042e-27,9.722829390430042e-27,0.0,monotone,0.0,0.0,nan,9.72,0.499912163589369,5.672441465203726e-29,5.672441465203726e-29,0.0,monotone,0.0,4.942403420808274e-30,nan,9.64,0.4999110548538402,7.00854720635674e-31,7.00854720635674e-31,0.0,monotone,0.0,0.0,nan,10.75,0.4998889553446714,9.784797948047734e-27,9.784797948047734e-27,0.0,monotone,0.0,4.977228190049964e-30,nan,9.64,0.4999110548538402,6.701684528708479e-31,6.701684528708479e-31,0.0,monotone,0.0,0.0,nan,10.76,0.4998889553446714,9.784822489640234e-27,9.784822489640234e-27,0.0,monotone
linear,0.0002,0.0025,E3_regime,iso,0.01,3.0,2.0,2000,False,3,0.15,20.0,32,E3_regime__linear__mu3-2_sd0.15__h32_eps2.50e-03_iso__s3__dt0.0002__b3bbaafec0,20.0,1.9116850821760936e-26,0.0,8.673617379884035e-19,0,0,0,0,0,0,0,0,0,0,0,0,181,539,0.0,0.0,nan,9.64,0.4998949591269434,2.928411917551769e-27,2.928411917551769e-27,0.0,monotone,0.0,0.0,nan,9.64,0.4998949581576735,2.9371756691707085e-27,2.9371756691707085e-27,0.0,monotone,0.0,0.0,nan,9.64,0.49990333396010916,9.369717068474442e-27,9.369717068474442e-27,0.0,monotone,0.0,0.0,nan,9.64,0.499898031885892,4.266011864015503e-29,4.266011864015503e-29,0.0,monotone,7.602570855686448e-09,1.3376123479994159e-08,2.0,9.39,0.49989739696931657,2.4651937307453604e-30,2.647104984750371e-30,1.8191125400501047e-31,other,0.0,0.0,nan,9.64,0.4999026130566722,9.476583182544204e-27,9.476583182544204e-27,0.0,monotone,7.602570855686448e-09,1.3376123479991247e-08,2.0,9.39,0.49989739696931657,2.717872340875317e-30,2.9098163215560596e-30,1.9194398068074245e-31,other,0.0,0.0,nan,9.64,0.4999026130566722,9.476549262983922e-27,9.476549262983922e-27,0.0,monotone
linear,0.0002,0.0025,E3_regime,iso,0.01,3.0,2.0,2000,False,4,0.15,20.0,32,E3_regime__linear__mu3-2_sd0.15__h32_eps2.50e-03_iso__s4__dt0.0002__a184bea728,20.0,2.1829790540038842e-26,0.0,2.168404344971009e-19,0,0,0,0,0,0,0,0,0,0,0,0,181,539,0.0,0.0,nan,9.74,0.4998939757740921,3.308347051028839e-27,3.308347051028839e-27,0.0,monotone,0.0,0.0,nan,9.75,0.4998940349637511,3.3061283797329046e-27,3.3061283797329046e-27,0.0,monotone,0.0,1.164224651382084e-31,nan,9.74,0.499925909398826,1.0560296048919024e-26,1.0560412471384162e-26,1.164224651382084e-31,monotone,0.0,9.504849461539886e-30,nan,9.65,0.49987245820013954,1.1247430875221457e-28,1.2197915821375446e-28,9.504849461539886e-30,monotone,0.0,5.199499750667492e-30,nan,9.73,0.4998728591052803,7.056053534497383e-29,7.056531872699453e-29,4.7833820206949224e-33,monotone,0.0,0.0,nan,9.88,0.4999271516546294,1.0560184841197208e-26,1.0560184841197208e-26,0.0,monotone,0.0,5.121561666265294e-30,nan,9.73,0.4998728591052803,6.924765890485138e-29,6.925313127381268e-29,5.472368961297803e-33,monotone,0.0,0.0,nan,9.88,0.4999271516546294,1.0560181556303636e-26,1.0560181556303636e-26,0.0,monotone
linear,0.0002,0.0025,E3_regime,iso,0.01,3.0,2.0,2000,False,5,0.15,20.0,32,E3_regime__linear__mu3-2_sd0.15__h32_eps2.50e-03_iso__s5__dt0.0002__b1152ad28a,20.0,1.958482406655418e-26,0.0,3.469446951953614e-18,0,0,0,0,0,0,0,0,0,0,0,0,181,539,0.0,0.0,nan,9.790000000000001,0.4999068071999844,2.944484958495647e-27,2.944484958495647e-27,0.0,monotone,0.0,0.0,nan,9.790000000000001,0.49990681484707056,2.9361895930391823e-27,2.9361895930391823e-27,0.0,monotone,0.0,0.0,nan,9.790000000000001,0.4999109774563141,9.583543055364046e-27,9.583543055364046e-27,0.0,monotone,0.0,2.187548268032798e-29,nan,9.78,0.4998849042834992,5.309750338076722e-29,5.331320753453859e-29,2.157041537713704e-31,monotone,3.124261479828502e-07,3.763860783433377e-07,1.85,9.57,0.499886577793989,2.4710593374339408e-30,2.5696960638777738e-30,9.863672644383294e-32,other,0.0,0.0,nan,9.790000000000001,0.49991343255443016,9.660621285187692e-27,9.660621285187692e-27,0.0,monotone,3.124261479828502e-07,3.763860783433592e-07,1.85,9.57,0.499886577793989,2.4713261605922547e-30,2.5685856141293866e-30,9.725945353713189e-32,other,0.0,0.0,nan,9.790000000000001,0.49991343255443016,9.660640514134084e-27,9.660640514134084e-27,0.0,monotone
linear,0.0002,0.0025,E3_regime,iso,0.01,3.0,2.0,2000,False,6,0.15,20.0,32,E3_regime__linear__mu3-2_sd0.15__h32_eps2.50e-03_iso__s6__dt0.0002__93d3a09fc8,20.0,1.9932991197813164e-26,0.0,5.551115123125783e-17,0,0,0,0,0,0,0,0,0,0,0,0,181,539,0.0,0.0,nan,9.72,0.4998947260697074,3.0404240031173305e-27,3.0404240031173305e-27,0.0,monotone,0.0,0.0,nan,9.74,0.49989471850295675,3.021596111981001e-27,3.021596111981001e-27,0.0,monotone,0.0,0.0,nan,9.76,0.4999053715119598,9.76898574599474e-27,9.76898574599474e-27,0.0,monotone,0.0,3.53523700591721e-30,nan,9.6,0.49989577660038564,5.817781768456909e-29,6.17130546904863e-29,3.53523700591721e-30,monotone,0.0,1.0899743998359948e-29,nan,9.69,0.4998952119854757,1.0872294462682452e-29,1.0881329098489664e-29,9.034635807212018e-33,monotone,0.0,0.0,nan,9.76,0.49990479805135635,9.862601042869159e-27,9.862601042869159e-27,0.0,monotone,0.0,1.0990267186683064e-29,nan,9.69,0.4998952119854757,1.087164946409482e-29,1.0884695128027797e-29,1.3045663932976453e-32,monotone,0.0,0.0,nan,9.76,0.49990479805135635,9.878279744961199e-27,9.878279744961199e-27,0.0,monotone
linear,0.0002,0.0025,E3_regime,iso,0.01,3.0,2.0,2000,False,7,0.15,20.0,32,E3_regime__linear__mu3-2_sd0.15__h32_eps2.50e-03_iso__s7__dt0.0002__796d4a269a,20.0,1.9193554158738787e-26,0.0,1.1102230246251565e-16,0,0,0,0,0,0,0,0,0,0,0,0,181,539,0.0,0.0,nan,9.94,0.49989814431697344,2.9336812618796123e-27,2.9336812618796123e-27,0.0,monotone,0.0,0.0,nan,9.94,0.4998981412715875,2.9421800055382043e-27,2.9421800055382043e-27,0.0,monotone,0.0,1.3866695599588098e-32,nan,9.94,0.49990865080516966,9.415178163329217e-27,9.415192030024816e-27,1.3866695599588098e-32,monotone,0.0,9.637353441713728e-30,nan,9.76,0.4998907551912487,4.723622448451632e-29,5.673982209159236e-29,9.503597607076035e-30,monotone,6.084829609872858e-13,9.511605993585553e-13,2.8000000000000003,9.28,0.4998909133829687,1.0359966505171253e-29,1.0360029072588443e-29,6.256741718930025e-35,monotone,0.0,0.0,nan,9.950000000000001,0.4999090967028482,9.50679304094677e-27,9.50679304094677e-27,0.0,monotone,6.084829609872858e-13,9.511605993516391e-13,2.8000000000000003,9.28,0.4998909133829687,1.0359991544425757e-29,1.0360131328630869e-29,1.397842051114124e-34,monotone,0.0,0.0,nan,9.950000000000001,0.4999090967028482,9.506790056057136e-27,9.506790056057136e-27,0.0,monotone
linear,0.0002,0.0025,E3_regime,iso,0.01,3.0,2.0,2000,False,8,0.15,20.0,32,E3_regime__linear__mu3-2_sd0.15__h32_eps2.50e-03_iso__s8__dt0.0002__5c6bdd19df,20.0,2.0595284715011834e-26,4.3418888395523155e-32,8.673617379884035e-19,0,0,0,0,0,0,0,0,0,0,0,0,181,539,0.0,1.2182970605007e-28,nan,9.620000000000001,0.4999128285596183,3.0124440928852727e-27,3.1342737989353427e-27,1.2182970605007e-28,monotone,0.0,1.1304746550366422e-28,nan,9.61,0.49991283387441865,3.012813871434595e-27,3.1258613369382593e-27,1.1304746550366422e-28,monotone,0.0,0.0,nan,11.200000000000001,0.49988880749282316,1.0129041141696353e-26,1.0129041141696353e-26,0.0,monotone,0.0,0.0,nan,11.25,0.49990816448717995,5.453010636989966e-29,5.453010636989966e-29,0.0,monotone,1.9169204082655513e-08,2.218009926425885e-08,2.19,9.38,0.4999096332666052,2.470689013538493e-30,2.5040790445523405e-30,3.339003101384765e-32,other,0.0,0.0,nan,9.620000000000001,0.4998903769237558,1.0239915065616756e-26,1.0239915065616756e-26,0.0,monotone,1.9169204082655513e-08,2.2180099264261064e-08,2.19,9.38,0.4999096332666052,2.4730330645860234e-30,2.505911650781781e-30,3.287858619575756e-32,other,0.0,0.0,nan,9.620000000000001,0.4998903769237558,1.0239914006476774e-26,1.0239914006476774e-26,0.0,monotone
linear,0.0002,0.0025,E3_regime,iso,0.01,3.0,2.0,2000,False,9,0.15,20.0,32,E3_regime__linear__mu3-2_sd0.15__h32_eps2.50e-03_iso__s9__dt0.0002__d1710e2bd3,20.0,1.9524540925651576e-26,0.0,1.734723475976807e-18,0,0,0,0,0,0,0,0,0,0,0,0,181,539,0.0,0.0,nan,9.97,0.4999189816790001,2.9758606684056483e-27,2.9758606684056483e-27,0.0,monotone,0.0,0.0,nan,9.97,0.49991899030085885,2.9857707335274873e-27,2.9857707335274873e-27,0.0,monotone,0.0,0.0,nan,9.97,0.49989806438421963,9.522100016051763e-27,9.522100016051763e-27,0.0,monotone,0.0,1.6342671136092329e-29,nan,9.6,0.49989527270372913,3.7215225797880655e-29,5.303481436107741e-29,1.5819588563196755e-29,monotone,0.0,4.1000619425727884e-30,nan,9.39,0.49989821995134787,9.861382799744896e-30,9.89395011980789e-30,3.256732006299351e-32,monotone,0.0,0.0,nan,9.97,0.4999017905056926,9.58359545773413e-27,9.58359545773413e-27,0.0,monotone,0.0,4.0346865748677274e-30,nan,9.39,0.49989821995134787,9.861917224935596e-30,9.890727994865507e-30,2.8810769929911193e-32,monotone,0.0,0.0,nan,9.97,0.4999017905056926,9.583590093487259e-27,9.583590093487259e-27,0.0,monotone
linear,0.0002,0.0025,E3_regime,pos,0.01,3.0,2.0,2000,False,0,0.15,20.0,32,E3_regime__linear__mu3-2_sd0.15__h32_eps2.50e-03_pos__s0__dt0.0002__d030e9c071,20.0,2.2057247206175244e-26,6.397032484735068e-32,2.7755575615628914e-17,0,0,0,0,4,4,11,11,11,11,18,18,181,539,0.0,2.1746060188065157e-28,nan,9.8,0.49985030707806777,3.115261018524352e-27,3.3327216204050035e-27,2.1746060188065157e-28,monotone,0.0,2.176208392520246e-28,nan,9.8,0.4998502491119501,3.137755880274795e-27,3.3553767195268194e-27,2.176208392520246e-28,monotone,0.0,0.0,nan,19.87,0.4998988597042269,9.574233784088359e-27,9.574233784088359e-27,0.0,monotone,0.0,5.856367774892707e-30,nan,18.66,0.4999195588080489,6.029377913656901e-28,6.029377913656901e-28,0.0,monotone,0.0,1.012195668261586e-28,nan,8.620000000000001,0.499911510411564,4.650884447561961e-28,5.583841525421919e-28,9.32957077859958e-29,monotone,0.0,0.0,nan,19.900000000000002,0.4998885031594912,9.676131335041375e-27,9.676131335041375e-27,0.0,monotone,0.0,1.0141065228523854e-28,nan,8.620000000000001,0.499911510411564,4.650286194126859e-28,5.58389503099283e-28,9.336088368659709e-29,monotone,0.0,0.0,nan,19.900000000000002,0.4998885031594912,9.660696549043228e-27,9.660696549043228e-27,0.0,monotone
linear,0.0002,0.0025,E3_regime,pos,0.01,3.0,2.0,2000,False,1,0.15,20.0,32,E3_regime__linear__mu3-2_sd0.15__h32_eps2.50e-03_pos__s1__dt0.0002__a742dc686b,20.0,1.9515076157825568e-26,5.035449874930591e-32,6.938893903907228e-18,0,0,15,15,12,12,24,24,18,18,32,32,181,539,0.0,4.790481106471035e-29,nan,9.950000000000001,0.4998387464951066,2.9294657864173375e-27,2.977370597482048e-27,4.790481106471035e-29,monotone,0.0,3.922117813145718e-29,nan,9.950000000000001,0.4998387635658518,2.937231135953107e-27,2.976452314084564e-27,3.922117813145718e-29,monotone,0.0,0.0,nan,12.3,0.4999140140497827,9.476954388521879e-27,9.476954388521879e-27,0.0,monotone,0.0,1.3954999487538253e-29,nan,10.86,0.4999063913174654,9.835579781239784e-29,9.835579781239784e-29,0.0,monotone,1.184997958344783e-10,1.8850391767012696e-10,3.04,9.5,0.49989728629755165,4.8817469040162e-29,4.882058059110004e-29,3.111550938035337e-33,monotone,0.0,0.0,nan,12.3,0.49990272796591895,9.506852642416569e-27,9.506852642416569e-27,0.0,monotone,1.184997958344783e-10,1.8850391766998368e-10,3.04,9.36,0.49989728629755165,4.922554343786587e-29,4.992380064188745e-29,6.982572040215837e-31,monotone,0.0,0.0,nan,12.31,0.49990272796591895,9.506839708210746e-27,9.506839708210746e-27,0.0,monotone
linear,0.0002,0.0025,E3_regime,pos,0.01,3.0,2.0,2000,False,2,0.15,20.0,32,E3_regime__linear__mu3-2_sd0.15__h32_eps2.50e-03_pos__s2__dt0.0002__958c5727e2,20.0,2.3460281902019933e-26,0.0,1.734723475976807e-18,4,4,18,18,14,14,27,27,20,20,34,34,181,539,0.0,4.286349684228232e-29,nan,9.9,0.49983602898987267,3.472719779178445e-27,3.5071030212896014e-27,3.4383242111156444e-29,monotone,0.0,4.7196068845175847e-29,nan,9.9,0.49983591944344263,3.4943579872896244e-27,3.5296225349433325e-27,3.5264547653708043e-29,monotone,0.0,0.0,nan,10.290000000000001,0.49991733649023334,1.1101671200722884e-26,1.1101671200722884e-26,0.0,monotone,0.0,0.0,nan,10.290000000000001,0.4999035717198447,2.3335501282218777e-28,2.3335501282218777e-28,0.0,monotone,0.0,2.4319150685321448e-30,nan,10.07,0.49989420563007947,1.680030278975787e-28,1.680030278975787e-28,0.0,monotone,0.0,0.0,nan,10.290000000000001,0.4999058088790801,1.1165751530485023e-26,1.1165751530485023e-26,0.0,monotone,0.0,2.593936888437655e-30,nan,10.07,0.49989420563007947,1.6800136614901765e-28,1.6800136614901765e-28,0.0,monotone,0.0,0.0,nan,10.290000000000001,0.4999058088790801,1.116573748137375e-26,1.116573748137375e-26,0.0,monotone
linear,0.0002,0.0025,E3_regime,pos,0.01,3.0,2.0,2000,False,3,0.15,20.0,32,E3_regime__linear__mu3-2_sd0.15__h32_eps2.50e-03_pos__s3__dt0.0002__c93dc7dbb1,20.0,2.1087511288185636e-26,0.0,6.938893903907228e-18,5,5,19,19,15,15,29,29,20,20,36,36,181,539,0.0,5.531887097862345e-29,nan,9.86,0.4998356993283819,3.1816547570551797e-27,3.2252208331411745e-27,4.3566076085994785e-29,monotone,0.0,5.842501079293119e-29,nan,9.86,0.49983572281499034,3.16466959568964e-27,3.2185771452050163e-27,5.390754951537649e-29,monotone,0.0,0.0,nan,10.73,0.4999200247183477,1.027179020250586e-26,1.027179020250586e-26,0.0,monotone,0.0,5.893345629824942e-30,nan,10.55,0.4999006042574154,7.819622241602167e-29,7.819622241602167e-29,0.0,monotone,2.3128747402138703e-10,3.81765565680719e-10,3.0,10.120000000000001,0.49989132736399294,3.019863240426368e-29,3.022715893864789e-29,2.852653438421494e-32,monotone,0.0,3.741618055521205e-32,nan,10.66,0.49990868707487357,1.0367413927084553e-26,1.0367451343265109e-26,3.741618055521205e-32,monotone,2.3128747402138703e-10,3.8176556568031863e-10,3.0,9.700000000000001,0.49989132736399294,3.020301827697034e-29,3.109950124993045e-29,8.964829729601097e-31,monotone,0.0,4.294288351938568e-32,nan,10.66,0.49990868707487357,1.0351434332334931e-26,1.035147727521845e-26,4.294288351938568e-32,monotone
linear,0.0002,0.0025,E3_regime,pos,0.01,3.0,2.0,2000,False,4,0.15,20.0,32,E3_regime__linear__mu3-2_sd0.15__h32_eps2.50e-03_pos__s4__dt0.0002__06d0486c2d,20.0,2.0545121178868682e-26,0.0,5.551115123125783e-17,0,0,13,13,11,11,21,21,16,16,27,27,181,539,0.0,3.106139814307734e-29,nan,9.99,0.49984971530965117,3.0673685334112857e-27,3.0973883886404384e-27,3.001985522915272e-29,monotone,0.0,3.303971338195191e-29,nan,9.99,0.499849617611165,3.0862210764509034e-27,3.116376517148141e-27,3.0155440697237584e-29,monotone,0.0,0.0,nan,10.34,0.4998896697705204,9.554130253253364e-27,9.554130253253364e-27,0.0,monotone,0.0,1.7454799382478738e-29,nan,10.31,0.4999303347889601,2.5838314652498044e-28,2.5838314652498044e-28,0.0,monotone,0.0,5.881641326665682e-30,nan,9.25,0.49992170515667494,2.14895834493086e-28,2.1551603339650584e-28,6.20198903419842e-31,monotone,0.0,8.349401850673063e-33,nan,10.3,0.49987830935029,9.660489373999415e-27,9.660497723401266e-27,8.349401850673063e-33,monotone,0.0,5.898343329478061e-30,nan,9.02,0.49992170515667494,2.15106132553896e-28,2.1551696841775425e-28,4.108358638582478e-31,monotone,0.0,1.1232065038638446e-32,nan,10.3,0.49987830935029,9.660489261866942e-27,9.66050049393198e-27,1.1232065038638446e-32,monotone
linear,0.0002,0.0025,E3_regime,pos,0.01,3.0,2.0,2000,False,5,0.15,20.0,32,E3_regime__linear__mu3-2_sd0.15__h32_eps2.50e-03_pos__s5__dt0.0002__cb66e31b6e,20.0,2.3566433990780547e-26,0.0,2.168404344971009e-19,0,0,0,0,0,0,2,2,8,8,13,13,181,539,0.0,4.181455835737126e-28,nan,9.89,0.49985045115587734,3.0997919492110337e-27,3.517937532784746e-27,4.181455835737126e-28,monotone,0.0,4.172950929102712e-28,nan,9.9,0.49985044113040156,3.1175043417235742e-27,3.534799434633845e-27,4.172950929102712e-28,monotone,0.0,0.0,nan,12.08,0.4999075203857138,9.441072772913989e-27,9.441072772913989e-27,0.0,monotone,0.0,6.0103169849973e-29,nan,11.58,0.49990955553000604,1.003604501432619e-27,1.003604501432619e-27,0.0,monotone,0.0,3.056516814099987e-29,nan,11.58,0.4999019883896464,9.423674489372316e-28,9.423674489372316e-28,0.0,monotone,0.0,0.0,nan,12.08,0.4998980245862969,9.476537237665373e-27,9.476537237665373e-27,0.0,monotone,0.0,2.9789943101244556e-29,nan,11.57,0.4999019883896464,9.471916606376171e-28,9.471916606376171e-28,0.0,monotone,0.0,0.0,nan,12.08,0.4998980245862969,9.476512313889534e-27,9.476512313889534e-27,0.0,monotone
linear,0.0002,0.0025,E3_regime,pos,0.01,3.0,2.0,2000,False,6,0.15,20.0,32,E3_regime__linear__mu3-2_sd0.15__h32_eps2.50e-03_pos__s6__dt0.0002__06cadbe1ec,20.0,1.9185783719721692e-26,7.906869652571887e-33,2.220446049250313e-16,0,0,8,8,10,10,20,20,17,17,28,28,181,539,0.0,3.1665369773637177e-29,nan,10.17,0.49984005475197946,2.9237773597335954e-27,2.9271238556049627e-27,3.346495871367261e-30,monotone,0.0,2.980415107538135e-29,nan,10.17,0.4998401045511072,2.9058739149705717e-27,2.9091834329870067e-27,3.309518016435026e-30,monotone,0.0,0.0,nan,13.77,0.49991583584135,9.264327100429662e-27,9.264327100429662e-27,0.0,monotone,0.0,3.8147857373450174e-30,nan,10.19,0.49990381804258355,1.2489896430594273e-28,1.2489896430594273e-28,0.0,monotone,0.0,6.175963982016196e-30,nan,10.03,0.4998950196648756,8.010135309861809e-29,8.011282242220748e-29,1.146932358939076e-32,monotone,0.0,0.0,nan,13.86,0.49990499431345603,9.369545673886056e-27,9.369545673886056e-27,0.0,monotone,0.0,6.1129102595332966e-30,nan,10.03,0.4998950196648756,8.010274563882424e-29,8.011501703827854e-29,1.2271399454300806e-32,monotone,0.0,0.0,nan,13.86,0.49990499431345603,9.369539522155862e-27,9.369539522155862e-27,0.0,monotone
linear,0.0002,0.0025,E3_regime,pos,0.01,3.0,2.0,2000,False,7,0.15,20.0,32,E3_regime__linear__mu3-2_sd0.15__h32_eps2.50e-03_pos__s7__dt0.0002__1bca2b7c5b,20.0,2.0286595301858825e-26,0.0,4.440892098500626e-16,1,1,15,15,12,12,24,24,19,19,31,31,181,539,0.0,2.786281369143902e-29,nan,10.07,0.4998407167669542,3.111643351716815e-27,3.111643351716815e-27,0.0,monotone,0.0,2.640218842161574e-29,nan,10.08,0.49984072598086704,3.1030460004450703e-27,3.1030460004450703e-27,0.0,monotone,0.0,3.7363040921112376e-32,nan,10.09,0.49990885426733894,9.676890472356065e-27,9.676890472356065e-27,0.0,monotone,0.0,1.8008889427478946e-29,nan,10.01,0.49991159617981684,1.9762516049391577e-28,2.0090309325926285e-28,3.2779327653470754e-30,monotone,0.0,1.5627112173148396e-28,nan,8.56,0.49990253493635156,1.2527590576401388e-30,1.5385407497112785e-28,1.5260131591348772e-28,monotone,0.0,0.0,nan,10.08,0.49989747933295553,9.737813574704122e-27,9.737813574704122e-27,0.0,monotone,0.0,1.5818099649838524e-28,nan,8.56,0.49990253493635156,1.2749748210399801e-30,1.5580732667088702e-28,1.5453235184984703e-28,monotone,0.0,0.0,nan,10.08,0.49989747933295553,9.737815396448163e-27,9.737815396448163e-27,0.0,monotone
linear,0.0002,0.0025,E3_regime,pos,0.01,3.0,2.0,2000,False,8,0.15,20.0,32,E3_regime__linear__mu3-2_sd0.15__h32_eps2.50e-03_pos__s8__dt0.0002__72b7009cb5,20.0,1.9818134652175715e-26,0.0,3.469446951953614e-18,25,25,51,51,32,32,59,59,38,38,67,67,181,539,0.0,1.4248567554275837e-05,nan,11.78,0.4998265964445041,3.018489972166693e-27,3.018489972166693e-27,0.0,other,0.0,1.453306970217172e-05,nan,11.790000000000001,0.4998266069784002,3.0005618755003812e-27,3.0005618755003812e-27,0.0,other,0.0,1.3404472412935162e-31,nan,11.78,0.49993113184826177,9.676528493823017e-27,9.676528493823017e-27,0.0,monotone,0.0,1.3435287292045357e-29,nan,9.9,0.49989118509064445,7.705886448736379e-29,8.950191267206084e-29,1.2443048184697053e-29,monotone,0.0,3.2049870374307585e-30,nan,9.46,0.49988103249188104,3.6845789619897925e-29,3.7530690255563824e-29,6.849006356658993e-31,monotone,0.0,1.2522055270332384e-31,nan,11.78,0.49991898299906756,9.753366205275265e-27,9.753371209541063e-27,5.004265798586549e-33,monotone,0.0,3.221180587508652e-30,nan,9.46,0.49988103249188104,3.5895570621801194e-29,3.65785281154495e-29,6.829574936483074e-31,monotone,0.0,1.0753997946068711e-31,nan,11.78,0.49991898299906756,9.737865781722608e-27,9.73787076477761e-27,4.983055001736982e-33,monotone
linear,0.0002,0.0025,E3_regime,pos,0.01,3.0,2.0,2000,False,9,0.15,20.0,32,E3_regime__linear__mu3-2_sd0.15__h32_eps2.50e-03_pos__s9__dt0.0002__cac9f130df,20.0,2.1788645491621197e-26,6.634503281520323e-32,1.3877787807814457e-17,0,0,0,0,2,2,7,7,9,9,14,14,181,539,0.0,1.0241016923482463e-28,nan,9.63,0.49986082686334077,3.1937095377630883e-27,3.296119706997913e-27,1.0241016923482463e-28,monotone,0.0,1.0555944987988664e-28,nan,9.63,0.4998607853470808,3.2131414005299778e-27,3.3187008504098644e-27,1.0555944987988664e-28,monotone,0.0,0.0,nan,16.94,0.4998812348551872,9.725866100469855e-27,9.725866100469855e-27,0.0,monotone,0.0,2.40510131455078e-30,nan,12.64,0.4999359474810876,4.513520824888484e-28,4.513520824888484e-28,0.0,monotone,2.71209640604039e-10,4.4129984742916636e-10,2.89,8.540000000000001,0.4999286576777659,3.249068908870215e-28,4.134191369685771e-28,8.85122460815556e-29,monotone,0.0,0.0,nan,17.01,0.4998713561013527,9.830996015682606e-27,9.830996015682606e-27,0.0,monotone,2.71209640604039e-10,4.412998474284087e-10,2.89,8.540000000000001,0.4999286576777659,3.2482758857593558e-28,4.134185982632679e-28,8.859100968733231e-29,monotone,0.0,0.0,nan,17.01,0.4998713561013527,9.830995993365056e-27,9.830995993365056e-27,0.0,monotone
linear,0.0002,0.05,E3_regime,iso,0.01,3.0,2.0,2000,False,0,0.15,20.0,8,E3_regime__linear__mu3-2_sd0.15__h8_eps5.00e-02_iso__s0__dt0.0002__8b9ca1bc19,20.0,1.9093008655538114e-26,1.6072641181139398e-32,1.734723475976807e-18,0,0,0,0,0,0,0,0,0,0,0,0,181,539,0.0,0.0,nan,11.48,0.4889529469098335,2.940707054316737e-27,2.940707054316737e-27,0.0,monotone,0.0,0.0,nan,11.35,0.48895155741915164,2.9417116193757293e-27,2.9417116193757293e-27,0.0,monotone,0.0,2.6315136388129436e-29,nan,8.59,0.48997318938021917,9.195193919145937e-27,9.218303537734629e-27,2.310961858869132e-29,monotone,0.0,2.4728940485932108e-29,nan,8.43,0.49054309641935356,6.972107139924842e-29,9.445001188518053e-29,2.4728940485932108e-29,monotone,0.0,1.1340682745097695e-29,nan,8.35,0.4903625156518754,5.679811802136906e-29,5.702255618395818e-29,2.2443816258911537e-31,monotone,0.0,0.0,nan,11.52,0.48973935933073903,9.293718299754196e-27,9.293718299754196e-27,0.0,monotone,0.0,1.1615105000663138e-29,nan,8.35,0.4903625156518755,5.679804905365026e-29,5.702591764995712e-29,2.278685963068658e-31,monotone,0.0,0.0,nan,11.51,0.48973935933073903,9.293741579413316e-27,9.293741579413316e-27,0.0,monotone
linear,0.0002,0.05,E3_regime,iso,0.01,3.0,2.0,2000,False,1,0.15,20.0,8,E3_regime__linear__mu3-2_sd0.15__h8_eps5.00e-02_iso__s1__dt0.0002__481f601354,20.0,1.925822249481045e-26,0.0,2.7755575615628914e-17,0,0,0,0,0,0,0,0,0,4,0,8,181,539,0.0,0.0,nan,8.89,0.4928722696488278,3.0200800199287792e-27,3.0200800199287792e-27,0.0,monotone,0.0,0.0,nan,8.89,0.4928692820803495,3.0114580167537464e-27,3.0114580167537464e-27,0.0,monotone,0.0,0.0,nan,8.89,0.4918776959167778,9.436971986579903e-27,9.436971986579903e-27,0.0,monotone,0.0,7.843072244761008e-06,nan,8.88,0.4869450317403019,4.704199444962487e-29,4.704199444962487e-29,0.0,other,0.0,3.7153169697447465e-29,nan,8.23,0.4874927231229948,1.1937519253353654e-29,1.301688845147039e-29,1.0793691981167349e-30,monotone,0.0,0.0,nan,8.89,0.4926312890502394,9.510723967498763e-27,9.510723967498763e-27,0.0,monotone,0.0,3.7178846170787164e-29,nan,8.23,0.4874927231229948,1.1936331470166513e-29,1.30000953884581e-29,1.0637639182915865e-30,monotone,0.0,0.0,nan,8.89,0.4926312890502394,9.510605859826228e-27,9.510605859826228e-27,0.0,monotone
linear,0.0002,0.05,E3_regime,iso,0.01,3.0,2.0,2000,False,2,0.15,20.0,8,E3_regime__linear__mu3-2_sd0.15__h8_eps5.00e-02_iso__s2__dt0.0002__4c4624c0dd,20.0,2.118167338635186e-26,0.0,6.938893903907228e-18,0,0,0,0,0,0,0,0,0,0,0,0,181,539,0.0,0.0,nan,8.69,0.4890170600043914,3.3144792119717676e-27,3.3144792119717676e-27,0.0,monotone,0.0,0.0,nan,8.69,0.48899512976580994,3.328697197193212e-27,3.328697197193212e-27,0.0,monotone,0.0,1.5425928482564004e-29,nan,8.34,0.4872123054892191,9.700684181261003e-27,9.716110109743567e-27,1.5425928482564004e-29,monotone,0.0,3.337867705216406e-29,nan,8.31,0.49371141532588925,2.6530378318714153e-28,2.986824602393056e-28,3.337867705216406e-29,monotone,0.0,2.1948958270768696e-29,nan,8.65,0.4933934219330021,2.717874058287031e-28,2.7187698487934707e-28,8.957905064395002e-32,monotone,0.0,0.0,nan,8.540000000000001,0.4867243921262804,9.832678435916861e-27,9.832678435916861e-27,0.0,monotone,0.0,2.216048927144287e-29,nan,8.65,0.4933934219330021,2.7178723919475646e-28,2.7188648125447865e-28,9.924205972219368e-32,monotone,0.0,0.0,nan,8.540000000000001,0.4867243921262804,9.833018141302806e-27,9.833018141302806e-27,0.0,monotone
linear,0.0002,0.05,E3_regime,iso,0.01,3.0,2.0,2000,False,3,0.15,20.0,8,E3_regime__linear__mu3-2_sd0.15__h8_eps5.00e-02_iso__s3__dt0.0002__fa523aca60,20.0,2.8280652422142805e-26,0.0,1.3877787807814457e-17,0,0,0,0,0,0,0,0,0,0,0,0,181,539,0.0,1.0335310453559662e-29,nan,10.01,0.4872451443256203,4.203704178454687e-27,4.203704178454687e-27,0.0,monotone,0.0,1.0322984501915584e-29,nan,10.040000000000001,0.4872452972947411,4.192721755539813e-27,4.192721755539813e-27,0.0,monotone,0.0,0.0,nan,10.07,0.49147414771895137,1.383448827312811e-26,1.383448827312811e-26,0.0,monotone,0.0,8.924143064708247e-29,nan,8.34,0.4894531026447358,9.52481172541346e-29,1.0799536607354762e-28,1.2747248819413017e-29,monotone,2.458380973538707e-11,4.4498032950591866e-11,2.02,10.07,0.4890767641768425,2.4838939049781692e-29,2.4838939049781692e-29,0.0,monotone,0.0,0.0,nan,10.08,0.49103129858739203,1.394727615103263e-26,1.394727615103263e-26,0.0,monotone,2.458380973538707e-11,4.4498032950677795e-11,2.02,10.05,0.4890767641768425,2.4886032703554169e-29,2.4886032703554169e-29,0.0,monotone,0.0,0.0,nan,10.07,0.49103129858739203,1.3947418534418924e-26,1.3947418534418924e-26,0.0,monotone
linear,0.0002,0.05,E3_regime,iso,0.01,3.0,2.0,2000,False,4,0.15,20.0,8,E3_regime__linear__mu3-2_sd0.15__h8_eps5.00e-02_iso__s4__dt0.0002__7902ff271a,20.0,2.51262407937553e-26,0.0,1.734723475976807e-18,0,0,0,0,0,0,0,0,0,0,0,0,181,539,0.0,6.224605580259546e-31,nan,10.82,0.488804997017809,3.7504419586469954e-27,3.7504419586469954e-27,0.0,monotone,0.0,0.0,nan,10.83,0.4888100147242248,3.7600623639051985e-27,3.7600623639051985e-27,0.0,monotone,0.0,8.088905766426391e-32,nan,10.84,0.49264618320993864,1.2271142085273479e-26,1.2271142085273479e-26,0.0,monotone,0.0,5.405237944719441e-29,nan,8.51,0.4875328654572421,1.858146839994527e-29,7.263384784713968e-29,5.405237944719441e-29,monotone,0.0,2.462191196285466e-29,nan,10.32,0.48746933679145205,2.7179435644151754e-30,3.0183505012733695e-30,3.004069368581941e-31,monotone,0.0,6.180415227069693e-32,nan,10.83,0.49263755400386633,1.2357913053527502e-26,1.2357930719385005e-26,1.7665857502643356e-32,monotone,0.0,2.4695110486021095e-29,nan,10.32,0.48746933679145205,2.7179109587808466e-30,3.0159161425087894e-30,2.980051837279428e-31,monotone,0.0,4.5385051403335515e-32,nan,10.83,0.49263755400386633,1.2357963447171348e-26,1.23580000594411e-26,3.661226975203489e-32,monotone
linear,0.0002,0.05,E3_regime,iso,0.01,3.0,2.0,2000,False,5,0.15,20.0,8,E3_regime__linear__mu3-2_sd0.15__h8_eps5.00e-02_iso__s5__dt0.0002__badfd70c53,20.0,2.3573314356003743e-26,0.0,6.938893903907228e-18,0,0,0,0,0,0,0,0,0,0,0,0,181,539,0.0,0.0,nan,8.47,0.4923353458803272,4.20069048327771e-27,4.20069048327771e-27,0.0,monotone,0.0,0.0,nan,8.47,0.492336176110006,4.20069048327771e-27,4.20069048327771e-27,0.0,monotone,0.0,0.0,nan,8.48,0.490414550830435,1.1090053509815854e-26,1.1090053509815854e-26,0.0,monotone,0.0,0.0,nan,8.48,0.48880397479269566,9.497800557943429e-29,9.497800557943429e-29,0.0,monotone,2.8376134573384415e-09,4.525589406136994e-09,1.71,8.370000000000001,0.4891896001946403,1.0903406236478908e-28,1.3579756798927014e-28,2.676350562448107e-29,other,0.0,0.0,nan,8.48,0.49091934207765137,1.1328089948594502e-26,1.1328089948594502e-26,0.0,monotone,2.8376134573384415e-09,4.525589406136404e-09,1.71,8.370000000000001,0.4891896001946403,1.090346876740265e-28,1.358220392602929e-28,2.6787351586266396e-29,other,0.0,0.0,nan,8.48,0.49091934207765137,1.1328334281489364e-26,1.1328334281489364e-26,0.0,monotone
linear,0.0002,0.05,E3_regime,iso,0.01,3.0,2.0,2000,False,6,0.15,20.0,8,E3_regime__linear__mu3-2_sd0.15__h8_eps5.00e-02_iso__s6__dt0.0002__8765cdd958,20.0,1.88614237188111e-26,0.0,1.734723475976807e-18,0,0,0,0,0,0,0,0,0,0,0,0,181,539,0.0,0.0,nan,8.55,0.49184512411641473,2.438627903022673e-27,2.438627903022673e-27,0.0,monotone,0.0,0.0,nan,8.55,0.49184257550861676,2.4309734870517005e-27,2.4309734870517005e-27,0.0,monotone,0.0,0.0,nan,8.55,0.4899308697497572,9.316469246261515e-27,9.316469246261515e-27,0.0,monotone,0.0,6.056972637900081e-29,nan,8.370000000000001,0.4895336697142331,8.781942027264415e-29,1.3679967061830034e-28,4.898025034565618e-29,monotone,1.1742807130717251e-09,2.0222163236692754e-09,1.71,8.31,0.48981542135741407,8.958536136694536e-31,2.5279569435337674e-29,2.438371582166822e-29,other,0.0,0.0,nan,8.55,0.4902888861798958,9.301163402498588e-27,9.301163402498588e-27,0.0,monotone,1.1742807130717251e-09,2.022216323670563e-09,1.71,8.31,0.48981542135741407,8.915450951287006e-31,2.529653376126776e-29,2.4404988666139058e-29,other,0.0,0.0,nan,8.55,0.4902888861798958,9.30090642959283e-27,9.30090642959283e-27,0.0,monotone
linear,0.0002,0.05,E3_regime,iso,0.01,3.0,2.0,2000,False,7,0.15,20.0,8,E3_regime__linear__mu3-2_sd0.15__h8_eps5.00e-02_iso__s7__dt0.0002__0e664abb81,20.0,2.002947136954032e-26,0.0,4.336808689942018e-19,0,0,0,0,0,0,0,0,0,0,0,0,181,539,0.0,0.0,nan,8.47,0.49364639131653854,3.0802614788309916e-27,3.0802614788309916e-27,0.0,monotone,0.0,0.0,nan,8.47,0.49364682488344347,3.0802614788309916e-27,3.0802614788309916e-27,0.0,monotone,0.0,0.0,nan,8.47,0.48703419261246456,9.852125541688512e-27,9.852125541688512e-27,0.0,monotone,0.0,4.095297433745018e-30,nan,8.47,0.49221385889185454,5.923630878200431e-29,5.923630878200431e-29,0.0,monotone,0.0,3.389006061334689e-17,nan,7.3500000000000005,0.4926307881804774,1.0980279536516751e-30,1.306861488600602e-29,1.1970586932354344e-29,monotone,0.0,0.0,nan,8.47,0.487484058276095,9.935513824942715e-27,9.935513824942715e-27,0.0,monotone,0.0,3.389006064598068e-17,nan,7.3500000000000005,0.4926307881804774,1.0860010265146765e-30,1.3066640864649441e-29,1.1980639838134765e-29,monotone,0.0,0.0,nan,8.47,0.487484058276095,9.93503977719463e-27,9.93503977719463e-27,0.0,monotone
linear,0.0002,0.05,E3_regime,iso,0.01,3.0,2.0,2000,False,8,0.15,20.0,8,E3_regime__linear__mu3-2_sd0.15__h8_eps5.00e-02_iso__s8__dt0.0002__e17980ef79,20.0,2.298122343304867e-26,0.0,2.168404344971009e-19,0,34,0,62,0,42,0,66,0,48,0,74,181,539,0.0,0.0,nan,8.72,0.4969454376801431,3.747890486656671e-27,3.747890486656671e-27,0.0,monotone,0.0,0.0,nan,8.72,0.4969428556775578,3.738763119464231e-27,3.738763119464231e-27,0.0,monotone,0.0,0.0,nan,8.72,0.4884506503142228,1.0691598345104065e-26,1.0691598345104065e-26,0.0,monotone,8.892402546352555e-05,0.00010149801116758767,1.12,8.66,0.48942587025500933,2.7409218670936937e-28,2.869543172499651e-28,1.2862130540595716e-29,transient,6.579625733138528e-12,1.1340016458073321e-11,2.39,7.94,0.49044371703132106,1.9215835565635515e-29,2.6994463676812174e-28,2.5072880120248623e-28,monotone,0.0,0.0,nan,8.72,0.48971061194891363,1.0798682073753297e-26,1.0798682073753297e-26,0.0,monotone,6.579625733138528e-12,1.1340016458190558e-11,2.39,7.94,0.49044371703132106,1.9436014056150008e-29,2.699141604681067e-28,2.504781464119567e-28,monotone,0.0,0.0,nan,8.72,0.48971061194891363,1.0815123887806863e-26,1.0815123887806863e-26,0.0,monotone
linear,0.0002,0.05,E3_regime,iso,0.01,3.0,2.0,2000,False,9,0.15,20.0,8,E3_regime__linear__mu3-2_sd0.15__h8_eps5.00e-02_iso__s9__dt0.0002__18a57ec913,20.0,2.103201599946285e-26,0.0,2.168404344971009e-19,0,0,0,0,0,0,0,0,0,0,0,0,181,539,0.0,0.0,nan,8.46,0.49444072631031744,3.1020475983619e-27,3.1020475983619e-27,0.0,monotone,0.0,0.0,nan,8.46,0.49444031009205325,3.1107558831984413e-27,3.1107558831984413e-27,0.0,monotone,0.0,0.0,nan,8.46,0.48730018958961824,1.0024756657439651e-26,1.0024756657439651e-26,0.0,monotone,0.0,3.0742180195323775e-07,nan,8.46,0.49162308371585356,1.7939344097187123e-28,1.7939344097187123e-28,0.0,other,0.0,1.211420703237679e-28,nan,7.63,0.49218121612996907,4.7317587595273873e-29,1.1741058825768264e-28,7.009300066240876e-29,monotone,0.0,0.0,nan,8.46,0.48793859316129656,1.0106412609919275e-26,1.0106412609919275e-26,0.0,monotone,0.0,1.2112950812991022e-28,nan,7.63,0.49218121612996907,4.733581240969413e-29,1.1740987804546056e-28,7.007406563576643e-29,monotone,0.0,0.0,nan,8.46,0.48793859316129656,1.0106552772951281e-26,1.0106552772951281e-26,0.0,monotone
linear,0.0002,0.05,E3_regime,pos,0.01,3.0,2.0,2000,False,0,0.15,20.0,8,E3_regime__linear__mu3-2_sd0.15__h8_eps5.00e-02_pos__s0__dt0.0002__dcd257be7b,20.0,2.5408368635193316e-26,0.0,1.734723475976807e-18,0,0,0,0,0,0,5,5,7,7,11,11,181,539,0.0,8.102464313234877e-29,nan,8.56,0.48534769819316914,3.759328969782376e-27,3.8403536129147246e-27,8.102464313234877e-29,monotone,0.0,7.348732370199488e-29,nan,8.58,0.48534297741619015,3.76686628921273e-27,3.8403536129147246e-27,7.348732370199488e-29,monotone,0.0,0.0,nan,8.8,0.4903322405890313,9.469625839897497e-27,9.469625839897497e-27,0.0,monotone,0.0,2.6893300557434484e-29,nan,8.790000000000001,0.4914889005188475,1.3984555771429792e-27,1.3984555771429792e-27,0.0,monotone,0.0,1.3006807015141606e-27,nan,7.61,0.49074485336134094,6.327146697607937e-29,1.3556988907175669e-27,1.2924274237414875e-27,monotone,0.0,0.0,nan,8.8,0.48938530117635926,9.524997616084851e-27,9.524997616084851e-27,0.0,monotone,0.0,1.300085487633809e-27,nan,7.61,0.49074485336134094,6.402860897230158e-29,1.3556868535222577e-27,1.2916582445499561e-27,monotone,0.0,0.0,nan,8.8,0.48938530117635926,9.509710233950876e-27,9.509710233950876e-27,0.0,monotone
linear,0.0002,0.05,E3_regime,pos,0.01,3.0,2.0,2000,False,1,0.15,20.0,8,E3_regime__linear__mu3-2_sd0.15__h8_eps5.00e-02_pos__s1__dt0.0002__8f068c59e8,20.0,1.9939277353688866e-26,0.0,6.938893903907228e-18,0,0,11,11,8,8,15,15,12,12,19,19,181,539,0.0,1.064345924466162e-29,nan,9.33,0.48475085738577595,3.0455762509045552e-27,3.0501799938436185e-27,4.6037429390632486e-30,monotone,0.0,1.2264321885857918e-29,nan,8.71,0.48475343692081296,3.0380266055225572e-27,3.042106495516747e-27,4.0798899941899204e-30,monotone,0.0,0.0,nan,9.56,0.4900631407672037,9.753457743225124e-27,9.753457743225124e-27,0.0,monotone,0.0,2.6785833666537676e-30,nan,9.450000000000001,0.49203036249953136,6.664728720800639e-29,6.664728720800639e-29,0.0,monotone,1.839659737677059e-12,3.2169656884018273e-12,2.38,8.69,0.4911750268123869,1.9327092558750079e-29,1.9331239811576986e-29,4.147252826907501e-33,monotone,0.0,0.0,nan,9.56,0.4889657313083382,9.846561820626626e-27,9.846561820626626e-27,0.0,monotone,1.839659737677059e-12,3.2169656883994455e-12,2.38,8.69,0.4911750268123869,1.932739101627915e-29,1.932925424788126e-29,1.8632316021125738e-33,monotone,0.0,0.0,nan,9.56,0.4889657313083382,9.846561977604472e-27,9.846561977604472e-27,0.0,monotone
linear,0.0002,0.05,E3_regime,pos,0.01,3.0,2.0,2000,False,2,0.15,20.0,8,E3_regime__linear__mu3-2_sd0.15__h8_eps5.00e-02_pos__s2__dt0.0002__51ff866b5a,20.0,2.3846516561161343e-26,0.0,6.938893903907228e-18,1,1,8,8,7,7,13,13,11,11,17,17,181,539,0.0,1.9727685606347334e-29,nan,8.96,0.48351171775184,3.758540108877155e-27,3.758540108877155e-27,0.0,monotone,0.0,2.3154300163401104e-29,nan,8.950000000000001,0.48351331359102234,3.795764482842271e-27,3.795764482842271e-27,0.0,monotone,0.0,0.0,nan,8.96,0.49384125190186245,1.092052208201371e-26,1.092052208201371e-26,0.0,monotone,0.0,4.987099294493528e-30,nan,8.86,0.4881486363968604,3.318858776665304e-28,3.3687297696102395e-28,4.987099294493528e-30,monotone,0.0,8.415045475525409e-29,nan,7.96,0.48729361376393016,2.3697671162791314e-28,3.0498562722337125e-28,6.800891559545812e-29,monotone,0.0,0.0,nan,8.96,0.49285037528163966,1.1042862930513808e-26,1.1042862930513808e-26,0.0,monotone,0.0,8.434751460436099e-29,nan,7.96,0.48729361376393016,2.3694275647785134e-28,3.0494539304091397e-28,6.800263656306263e-29,monotone,0.0,4.246799009955961e-32,nan,8.96,0.49285037528163966,1.1026318572617025e-26,1.1026318572617025e-26,0.0,monotone
linear,0.0002,0.05,E3_regime,pos,0.01,3.0,2.0,2000,False,3,0.15,20.0,8,E3_regime__linear__mu3-2_sd0.15__h8_eps5.00e-02_pos__s3__dt0.0002__965cdcb209,20.0,1.9621161263470063e-26,0.0,2.7755575615628914e-17,12,12,22,22,15,15,25,25,18,18,29,29,181,539,0.0,0.0,nan,8.99,0.4827839803914227,2.977222686062319e-27,2.977222686062319e-27,0.0,monotone,0.0,0.0,nan,8.99,0.48278313097717035,2.978942156316668e-27,2.978942156316668e-27,0.0,monotone,0.0,0.0,nan,8.99,0.4945441560444977,9.20852780622641e-27,9.20852780622641e-27,0.0,monotone,0.0,6.686828766912483e-30,nan,8.99,0.48762156978218574,2.3451981525255317e-28,2.3451981525255317e-28,0.0,monotone,7.977780052731925e-12,1.4156890352792147e-11,2.39,7.9,0.4866856173101459,2.945561810004916e-29,1.9091424860976031e-28,1.6145863050971115e-28,monotone,0.0,0.0,nan,8.99,0.49346906787704764,9.279814448376841e-27,9.279814448376841e-27,0.0,monotone,7.977780052731925e-12,1.4156890352808832e-11,2.39,7.9,0.4866856173101459,2.9684283153604146e-29,1.9091895465360558e-28,1.6123467150000144e-28,monotone,0.0,0.0,nan,8.99,0.49346906787704764,9.264698581589306e-27,9.264698581589306e-27,0.0,monotone
linear,0.0002,0.05,E3_regime,pos,0.01,3.0,2.0,2000,False,4,0.15,20.0,8,E3_regime__linear__mu3-2_sd0.15__h8_eps5.00e-02_pos__s4__dt0.0002__13f4abebd8,20.0,2.422282910047361e-26,0.0,4.336808689942018e-19,0,0,0,0,0,0,7,7,7,7,12,12,181,539,0.0,2.274138078332448e-30,nan,8.65,0.4854099098588451,3.620082694059223e-27,3.6223568321375556e-27,2.274138078332448e-30,monotone,0.0,0.0,nan,8.66,0.4854028192347626,3.620082694059223e-27,3.620082694059223e-27,0.0,monotone,0.0,0.0,nan,8.66,0.48985772428999547,1.1107849102501992e-26,1.1107849102501992e-26,0.0,monotone,0.0,9.07113003806388e-31,nan,8.65,0.4920144852384373,3.9000273966835965e-28,3.9000273966835965e-28,0.0,monotone,0.0,2.6199230255417973e-28,nan,7.57,0.4912550634074195,1.0384946991196926e-28,3.34659541633412e-28,2.3081007172144274e-28,monotone,0.0,0.0,nan,8.66,0.4888776906705102,1.118392120701981e-26,1.118392120701981e-26,0.0,monotone,0.0,2.619177743610108e-28,nan,7.57,0.4912550634074195,1.040102724005875e-28,3.3465858424886916e-28,2.3064831184828166e-28,monotone,0.0,0.0,nan,8.66,0.4888776906705102,1.1183965563781376e-26,1.1183965563781376e-26,0.0,monotone
linear,0.0002,0.05,E3_regime,pos,0.01,3.0,2.0,2000,False,5,0.15,20.0,8,E3_regime__linear__mu3-2_sd0.15__h8_eps5.00e-02_pos__s5__dt0.0002__5b720e010a,20.0,4.854587565987025e-26,0.0,1.3877787807814457e-17,6,6,13,13,10,10,17,17,14,14,21,21,181,539,0.0,5.9164567891575885e-31,nan,8.540000000000001,0.4834784875637317,6.977696573809443e-27,6.978288219488359e-27,5.9164567891575885e-31,monotone,0.0,4.622231866529366e-31,nan,8.540000000000001,0.4834781942038767,6.977825996301706e-27,6.978288219488359e-27,4.622231866529366e-31,monotone,0.0,0.0,nan,8.76,0.4930641877009787,2.3727285892271684e-26,2.3727285892271684e-26,0.0,monotone,0.0,8.397439743517226e-30,nan,8.71,0.48905458730311563,2.1188965692351706e-28,2.1188965692351706e-28,0.0,monotone,0.0,1.0578336238751533e-29,nan,8.2,0.48815303887320705,2.8878568314730644e-29,3.945690455348218e-29,1.0578336238751533e-29,monotone,0.0,0.0,nan,8.76,0.4919917792315545,2.3817429524646842e-26,2.3817429524646842e-26,0.0,monotone,0.0,9.774330887948721e-30,nan,8.2,0.48815303887320705,2.8854846433880084e-29,3.8629177321828805e-29,9.774330887948721e-30,monotone,0.0,0.0,nan,8.76,0.4919917792315545,2.3792558601938504e-26,2.3792558601938504e-26,0.0,monotone
linear,0.0002,0.05,E3_regime,pos,0.01,3.0,2.0,2000,False,6,0.15,20.0,8,E3_regime__linear__mu3-2_sd0.15__h8_eps5.00e-02_pos__s6__dt0.0002__a45a759ab4,20.0,2.621522187896164e-26,0.0,4.336808689942018e-19,31,31,55,55,35,35,59,59,38,38,63,63,181,539,0.0,6.4578207376042585e-06,nan,8.870000000000001,0.48292430774956985,4.042573175587473e-27,4.0495250123147335e-27,6.951836727260167e-30,other,0.0,8.114680712878464e-06,nan,8.950000000000001,0.4829328345831344,4.027554003509164e-27,4.032077627762541e-27,4.5236242533767396e-30,other,0.0,0.0,nan,9.0,0.49111359599177784,1.2357458317224529e-26,1.2357458317224529e-26,0.0,monotone,0.0,0.0,nan,8.99,0.49152264115537436,2.9237773597335954e-28,2.9237773597335954e-28,0.0,monotone,0.0,2.420450201073961e-28,nan,7.84,0.4904268409662406,1.4115565177505442e-28,2.392863699601825e-28,9.813071818512807e-29,monotone,0.0,1.6884314138561137e-31,nan,8.99,0.4897369216983149,1.2462562141020499e-26,1.2462643065589843e-26,8.092456934429746e-32,monotone,0.0,2.4192915717757656e-28,nan,7.84,0.4904268409662406,1.4133052351512235e-28,2.368590817631445e-28,9.552855824802215e-29,monotone,0.0,1.6899417763422166e-31,nan,8.99,0.4897369216983149,1.2462562613090924e-26,1.2462643573908969e-26,8.096081804436571e-32,monotone
linear,0.0002,0.05,E3_regime,pos,0.01,3.0,2.0,2000,False,7,0.15,20.0,8,E3_regime__linear__mu3-2_sd0.15__h8_eps5.00e-02_pos__s7__dt0.0002__87c526d816,20.0,2.4068631322238656e-26,0.0,6.938893903907228e-18,0,0,0,0,0,0,4,4,7,7,11,11,181,539,0.0,5.37362187875238e-28,nan,8.52,0.4858931016092026,3.0805634646462715e-27,3.6179256525215095e-27,5.37362187875238e-28,monotone,0.0,5.469086374235766e-28,nan,8.53,0.48589436682497666,3.079540410659813e-27,3.6264490480833896e-27,5.469086374235766e-28,monotone,0.0,0.0,nan,10.91,0.48914116356392434,9.642268800117793e-27,9.642268800117793e-27,0.0,monotone,0.0,1.84532977621463e-30,nan,10.86,0.49265979641153157,1.0582015338680862e-27,1.0582015338680862e-27,0.0,monotone,0.0,1.0120916610802426e-27,nan,7.390000000000001,0.4919401890523691,3.764635173560695e-30,1.0110159216018953e-27,1.0072512864283346e-27,monotone,0.0,0.0,nan,10.91,0.48819207242364027,9.707466561565816e-27,9.707466561565816e-27,0.0,monotone,0.0,1.0129424207407877e-27,nan,7.390000000000001,0.4919401890523691,3.7831284469498635e-30,1.0110092545657526e-27,1.0072261261188028e-27,monotone,0.0,0.0,nan,10.91,0.48819207242364027,9.707463840424061e-27,9.707463840424061e-27,0.0,monotone
linear,0.0002,0.05,E3_regime,pos,0.01,3.0,2.0,2000,False,8,0.15,20.0,8,E3_regime__linear__mu3-2_sd0.15__h8_eps5.00e-02_pos__s8__dt0.0002__26f0ea84b9,20.0,2.0215950758911613e-26,0.0,8.673617379884035e-19,12,12,22,22,15,15,25,25,20,20,30,30,181,539,0.0,9.109494562556075e-29,nan,8.75,0.48402940534633243,2.9374530030827003e-27,3.00542446342397e-27,6.797146034126984e-29,monotone,0.0,9.152019095728145e-29,nan,8.75,0.4840330661263792,2.9289542594241083e-27,2.9968394381038696e-27,6.788517867976129e-29,monotone,0.0,0.0,nan,9.33,0.49038889801075514,9.913556832828135e-27,9.913556832828135e-27,0.0,monotone,0.0,1.84985571158394e-31,nan,9.32,0.491932140579672,8.874848887781656e-29,8.874848887781656e-29,0.0,monotone,0.0,6.125804498676691e-30,nan,8.51,0.4909771197740688,2.6209938113704017e-29,2.8300917403859237e-29,2.0909792901552203e-30,monotone,0.0,0.0,nan,9.33,0.4891726429095994,9.990196396601958e-27,9.990196396601958e-27,0.0,monotone,0.0,6.13809055142023e-30,nan,8.51,0.4909771197740688,2.621258473739959e-29,2.8306003987133637e-29,2.093419249734047e-30,monotone,0.0,0.0,nan,9.33,0.4891726429095994,9.990197110262556e-27,9.990197110262556e-27,0.0,monotone
linear,0.0002,0.05,E3_regime,pos,0.01,3.0,2.0,2000,False,9,0.15,20.0,8,E3_regime__linear__mu3-2_sd0.15__h8_eps5.00e-02_pos__s9__dt0.0002__805a20fc64,20.0,2.3096212369055722e-26,3.759784044486753e-32,4.440892098500626e-16,9,9,22,22,14,14,26,26,20,20,31,31,181,539,0.0,5.396671408326806e-28,nan,8.45,0.48726021464970004,2.9666346936000557e-27,3.506301834432736e-27,5.396671408326806e-28,monotone,0.0,5.427609546953443e-28,nan,8.45,0.4872534866537793,2.9660245589936738e-27,3.508785513689018e-27,5.427609546953443e-28,monotone,0.0,0.0,nan,15.74,0.4851428114568787,1.048284756880391e-26,1.048284756880391e-26,0.0,monotone,0.0,3.0876508868416165e-29,nan,14.31,0.4967968885252569,4.150934660943449e-28,4.150934660943449e-28,0.0,monotone,2.0250467969162855e-12,3.516988148720013e-12,2.38,7.79,0.4960817022915153,9.597547715363308e-30,3.6391756254236926e-28,3.5432001482700594e-28,monotone,0.0,0.0,nan,15.75,0.48408652021740733,1.0560158462878782e-26,1.0560158462878782e-26,0.0,monotone,2.0250467969162855e-12,3.5169881486173338e-12,2.38,7.78,0.4960817022915153,9.564942801426881e-30,3.6691893971885976e-28,3.5735399691743286e-28,monotone,0.0,0.0,nan,15.75,0.48408652021740733,1.0544028296765377e-26,1.0544028296765377e-26,0.0,monotone
linear,0.0002,0.005,E3_regime,iso,0.01,3.0,2.0,2000,False,0,0.15,20.0,8,E3_regime__linear__mu3-2_sd0.15__h8_eps5.00e-03_iso__s0__dt0.0002__9039363f2d,20.0,2.0272750952245407e-26,0.0,5.551115123125783e-17,0,0,0,0,0,0,0,0,0,0,0,0,181,539,0.0,0.0,nan,9.68,0.49988891538887636,3.296754493507583e-27,3.296754493507583e-27,0.0,monotone,0.0,0.0,nan,9.67,0.4998889013550204,3.304741710172946e-27,3.304741710172946e-27,0.0,monotone,0.0,1.5499884192428474e-29,nan,9.61,0.49989921983782715,9.73966432925992e-27,9.755164213452348e-27,1.5499884192428474e-29,monotone,0.0,2.4714496011349204e-30,nan,9.6,0.49990497589892235,8.050849390725299e-29,8.297994350838791e-29,2.4714496011349204e-30,monotone,0.0,8.534865569980423e-30,nan,9.48,0.4999031520331709,6.41275070717263e-29,7.008487159690735e-29,5.9573645251810515e-30,monotone,0.0,0.0,nan,9.61,0.4998968581543274,9.86265226008198e-27,9.86265226008198e-27,0.0,monotone,0.0,8.554584384286233e-30,nan,9.48,0.4999031520331709,6.412813789618439e-29,7.010187842002686e-29,5.973740523842469e-30,monotone,0.0,0.0,nan,9.61,0.4998968581543274,9.862587262306377e-27,9.862587262306377e-27,0.0,monotone
linear,0.0002,0.005,E3_regime,iso,0.01,3.0,2.0,2000,False,1,0.15,20.0,8,E3_regime__linear__mu3-2_sd0.15__h8_eps5.00e-03_iso__s1__dt0.0002__15e10bfd29,20.0,2.1536607596081172e-26,5.09649937521768e-32,6.938893903907228e-18,0,0,0,0,0,0,0,0,0,6,0,10,181,539,0.0,1.5407439555097887e-31,nan,16.26,0.49992838986258703,3.302270356868308e-27,3.302424431263859e-27,1.5407439555097887e-31,monotone,0.0,1.5407439555097887e-31,nan,16.28,0.4999283596881454,3.302270356868308e-27,3.302424431263859e-27,1.5407439555097887e-31,monotone,0.0,1.641200461409027e-29,nan,17.47,0.49991834466789326,1.0593198732385433e-26,1.0608871950272856e-26,1.5673217887423325e-29,monotone,0.0,5.222152582041442e-06,nan,9.81,0.49986852475971083,2.7317390331188553e-30,4.9179102612414164e-29,4.644736357929531e-29,other,0.0,7.1122422818516e-29,nan,9.53,0.499874056442676,4.049326636103494e-31,4.474688362760634e-31,4.2536172665714e-32,monotone,0.0,1.6239441291073173e-29,nan,19.85,0.4999259559585413,1.068978387492878e-26,1.068978387492878e-26,0.0,monotone,0.0,7.098760190922278e-29,nan,9.53,0.499874056442676,4.033397950147564e-31,4.438075833330734e-31,4.0467788318316993e-32,monotone,0.0,1.6239441291073173e-29,nan,19.7,0.4999259559585413,1.0689773245865252e-26,1.0689773245865252e-26,0.0,monotone
linear,0.0002,0.005,E3_regime,iso,0.01,3.0,2.0,2000,False,2,0.15,20.0,8,E3_regime__linear__mu3-2_sd0.15__h8_eps5.00e-03_iso__s2__dt0.0002__2df6e98d02,20.0,2.1141093424162968e-26,3.2909967934899195e-32,1.1102230246251565e-16,0,0,0,0,0,0,0,0,0,0,0,0,181,539,0.0,0.0,nan,12.540000000000001,0.4998894832357479,3.194911318048386e-27,3.194911318048386e-27,0.0,monotone,0.0,0.0,nan,12.66,0.4998892617403382,3.2170055863703963e-27,3.2170055863703963e-27,0.0,monotone,0.0,1.5734751349146498e-29,nan,9.66,0.4998712552151447,9.81693109788478e-27,9.832665849233927e-27,1.5734751349146498e-29,monotone,0.0,1.9775737558459796e-29,nan,9.450000000000001,0.499936896224495,2.5179925871359545e-28,2.7157499627205525e-28,1.9775737558459796e-29,monotone,0.0,2.0441162695200104e-29,nan,10.39,0.4999336844912269,2.2719194346545776e-28,2.272004433061218e-28,8.499840664046037e-33,monotone,0.0,0.0,nan,12.69,0.4998663272901791,9.893357775081526e-27,9.893357775081526e-27,0.0,monotone,0.0,2.0273972473981323e-29,nan,10.41,0.4999336844912269,2.271919426878161e-28,2.271994098519843e-28,7.467164168216768e-33,monotone,0.0,0.0,nan,12.69,0.4998663272901791,9.89335892639881e-27,9.89335892639881e-27,0.0,monotone
linear,0.0002,0.005,E3_regime,iso,0.01,3.0,2.0,2000,False,3,0.15,20.0,8,E3_regime__linear__mu3-2_sd0.15__h8_eps5.00e-03_iso__s3__dt0.0002__4c04690f57,20.0,3.021232508387978e-26,0.0,6.938893903907228e-18,0,0,0,0,0,0,0,0,0,0,0,0,181,539,0.0,7.161377905209498e-30,nan,9.72,0.4998716356438676,4.5980853272586166e-27,4.5980853272586166e-27,0.0,monotone,0.0,6.132160942928959e-30,nan,9.72,0.49987163718885574,4.597240999570997e-27,4.597240999570997e-27,0.0,monotone,0.0,0.0,nan,9.72,0.49991434857814027,1.4711275969216166e-26,1.4711275969216166e-26,0.0,monotone,0.0,2.275669192638236e-29,nan,9.71,0.4998939360228906,1.1018177804291323e-28,1.1018177804291323e-28,0.0,monotone,1.481094035294849e-09,2.153484821315996e-09,2.62,9.700000000000001,0.4998901350043649,3.944447544864957e-29,3.944447544864957e-29,0.0,other,0.0,0.0,nan,9.72,0.49990987580191154,1.484483060956146e-26,1.484483060956146e-26,0.0,monotone,1.481094035294849e-09,2.1534848213147596e-09,2.62,9.700000000000001,0.4998901350043649,3.944369580454703e-29,3.944369580454703e-29,0.0,other,0.0,0.0,nan,9.72,0.49990987580191154,1.484483414925659e-26,1.484483414925659e-26,0.0,monotone
linear,0.0002,0.005,E3_regime,iso,0.01,3.0,2.0,2000,False,4,0.15,20.0,8,E3_regime__linear__mu3-2_sd0.15__h8_eps5.00e-03_iso__s4__dt0.0002__bd09110e7f,20.0,2.51133431737172e-26,0.0,6.938893903907228e-18,0,0,0,0,0,0,0,0,0,0,0,0,181,539,0.0,6.5943841295818956e-31,nan,12.040000000000001,0.4998873960159034,3.759328969782376e-27,3.759328969782376e-27,0.0,monotone,0.0,3.389636702121535e-31,nan,12.040000000000001,0.49988744669473806,3.768961700992223e-27,3.768961700992223e-27,0.0,monotone,0.0,4.08297148210094e-32,nan,12.05,0.4999261919964438,1.2252970551062197e-26,1.2252970551062197e-26,0.0,monotone,0.0,5.197121954928956e-29,nan,9.63,0.4998745474871415,1.5254905903502418e-29,6.722612545279198e-29,5.197121954928956e-29,monotone,0.0,2.596170820273208e-29,nan,11.69,0.4998739058476171,7.457291976766463e-31,8.870339842224196e-31,1.4130478654577331e-31,monotone,0.0,1.9228874669724241e-32,nan,12.040000000000001,0.4999261048414625,1.2357350283688588e-26,1.2357359967394383e-26,9.683705795366381e-33,monotone,0.0,2.603977876128636e-29,nan,11.69,0.4998739058476171,7.457207522629705e-31,8.85386894306353e-31,1.3966614204338257e-31,monotone,0.0,2.1438596278634733e-32,nan,12.040000000000001,0.4999261048414625,1.2357378131663602e-26,1.2357388359350272e-26,1.0227686670086178e-32,monotone
linear,0.0002,0.005,E3_regime,iso,0.01,3.0,2.0,2000,False,5,0.15,20.0,8,E3_regime__linear__mu3-2_sd0.15__h8_eps5.00e-03_iso__s5__dt0.0002__f3fb17e165,20.0,2.2684916446809978e-26,0.0,4.440892098500626e-16,0,0,0,0,0,0,0,0,0,0,0,0,181,539,0.0,0.0,nan,9.620000000000001,0.49992304228203,3.7562659707988224e-27,3.7562659707988224e-27,0.0,monotone,0.0,0.0,nan,9.620000000000001,0.49992305066734954,3.756678890178899e-27,3.756678890178899e-27,0.0,monotone,0.0,0.0,nan,9.620000000000001,0.499903642252026,1.1002142993056841e-26,1.1002142993056841e-26,0.0,monotone,0.0,0.0,nan,9.620000000000001,0.4998873754340447,1.779260749472426e-29,1.779260749472426e-29,0.0,monotone,1.8980811621428406e-07,2.1452030536632869e-07,2.16,9.53,0.4998912702506044,4.005994465138603e-31,1.1395981684302045e-29,1.0995382237788184e-29,other,0.0,0.0,nan,9.620000000000001,0.4999087406436228,1.1133146985544494e-26,1.1133146985544494e-26,0.0,monotone,1.8980811621428406e-07,2.1452030536635304e-07,2.16,9.53,0.4998912702506044,4.011032374943371e-31,1.1416849123046551e-29,1.1015745885552214e-29,other,0.0,0.0,nan,9.620000000000001,0.4999087406436228,1.1149795420630819e-26,1.1149795420630819e-26,0.0,monotone
linear,0.0002,0.005,E3_regime,iso,0.01,3.0,2.0,2000,False,6,0.15,20.0,8,E3_regime__linear__mu3-2_sd0.15__h8_eps5.00e-03_iso__s6__dt0.0002__8ef911ce82,20.0,2.446517305144183e-26,0.0,5.551115123125783e-17,0,0,0,0,0,0,0,0,0,0,0,0,181,539,0.0,0.0,nan,9.66,0.4999181142158893,3.385969731507422e-27,3.385969731507422e-27,0.0,monotone,0.0,0.0,nan,9.66,0.49991808847495056,3.376842364314982e-27,3.376842364314982e-27,0.0,monotone,0.0,0.0,nan,9.66,0.49989878024678597,1.2086042787951869e-26,1.2086042787951869e-26,0.0,monotone,0.0,5.314343680994085e-29,nan,9.56,0.49989476852642717,7.487399326195369e-29,1.232033755829042e-28,4.8329382320950516e-29,monotone,8.830379982782688e-08,1.0147619663593625e-07,2.17,9.57,0.49989761421802337,3.3273398287814844e-32,1.1787082640148106e-29,1.1753809241860291e-29,other,0.0,0.0,nan,9.66,0.49990239621273036,1.2103342983864852e-26,1.2103342983864852e-26,0.0,monotone,8.830379982782688e-08,1.0147619663594907e-07,2.17,9.57,0.49989761421802337,5.513660192301152e-32,1.1758159587013133e-29,1.1703022985090121e-29,other,0.0,0.0,nan,9.66,0.49990239621273036,1.2103589360209256e-26,1.2103589360209256e-26,0.0,monotone
linear,0.0002,0.005,E3_regime,iso,0.01,3.0,2.0,2000,False,7,0.15,20.0,8,E3_regime__linear__mu3-2_sd0.15__h8_eps5.00e-03_iso__s7__dt0.0002__b317f1ed13,20.0,2.0145304376942902e-26,0.0,6.938893903907228e-18,0,0,0,0,0,0,0,0,0,0,0,0,181,539,0.0,0.0,nan,9.61,0.4999362543200142,2.9178609029444378e-27,2.9178609029444378e-27,0.0,monotone,0.0,0.0,nan,9.61,0.4999362586990399,2.9094237890440662e-27,2.9094237890440662e-27,0.0,monotone,0.0,0.0,nan,9.61,0.49986947111310304,9.896140263155052e-27,9.896140263155052e-27,0.0,monotone,0.0,6.790828983909394e-30,nan,9.5,0.49992178574252477,9.140627220107094e-29,9.715941013094449e-29,5.753137929873551e-30,monotone,0.0,1.2963573068154507e-15,nan,8.47,0.49992599672834004,4.562754009514511e-30,2.546822638634792e-29,2.0905472376833408e-29,monotone,0.0,0.0,nan,9.61,0.4998740147563057,9.960385222587977e-27,9.960385222587977e-27,0.0,monotone,0.0,1.2963573085717724e-15,nan,8.47,0.49992599672834004,4.2952459557775475e-30,2.544827079536872e-29,2.1153024839591174e-29,monotone,0.0,0.0,nan,9.61,0.4998740147563057,9.960268902432483e-27,9.960268902432483e-27,0.0,monotone
linear,0.0002,0.005,E3_regime,iso,0.01,3.0,2.0,2000,False,8,0.15,20.0,8,E3_regime__linear__mu3-2_sd0.15__h8_eps5.00e-03_iso__s8__dt0.0002__0d5dd67992,20.0,2.2425004139249147e-26,0.0,1.734723475976807e-18,0,48,0,98,0,64,0,114,0,74,0,126,181,539,0.0,6.078543053277218e-29,nan,9.86,0.49996937727566826,3.121732143137493e-27,3.1825175736702652e-27,6.078543053277218e-29,monotone,0.0,6.069914887126363e-29,nan,9.86,0.4999693511974421,3.110090281809661e-27,3.1707894306809247e-27,6.069914887126363e-29,monotone,0.0,0.0,nan,9.93,0.4998835799232725,1.0716660086284387e-26,1.0716660086284387e-26,0.0,monotone,0.00017877396733273986,0.0002007739724504765,1.52,9.67,0.49989342964467437,2.208825942058388e-28,2.619250279892058e-28,4.104243378336697e-29,transient,3.2930167683596005e-10,5.325692343042729e-10,3.0300000000000002,8.85,0.4999037098971151,1.6155033009293935e-28,1.7701072630774495e-28,1.54603962148056e-29,monotone,0.0,0.0,nan,9.88,0.4998963055357828,1.0726752672275703e-26,1.0726752672275703e-26,0.0,monotone,3.2930167683596005e-10,5.325692343044855e-10,3.0300000000000002,8.870000000000001,0.4999037098971151,1.6005043983621634e-28,1.7495065626899304e-28,1.4900216432776696e-29,monotone,0.0,0.0,nan,9.88,0.4998963055357828,1.0742950143638169e-26,1.0742950143638169e-26,0.0,monotone
linear,0.0002,0.005,E3_regime,iso,0.01,3.0,2.0,2000,False,9,0.15,20.0,8,E3_regime__linear__mu3-2_sd0.15__h8_eps5.00e-03_iso__s9__dt0.0002__119d771e78,20.0,1.9928444518900886e-26,0.0,2.7755575615628914e-17,0,0,0,0,0,0,0,0,0,2,0,8,181,539,0.0,0.0,nan,9.59,0.49994425228927797,2.9279127165101837e-27,2.9279127165101837e-27,0.0,monotone,0.0,0.0,nan,9.59,0.49994424808547333,2.930032780192965e-27,2.930032780192965e-27,0.0,monotone,0.0,0.0,nan,9.59,0.4998721328683988,9.55812992826537e-27,9.55812992826537e-27,0.0,monotone,0.0,2.082209529724538e-29,nan,9.51,0.49991579409907383,1.300176046156379e-28,1.429517649361537e-28,1.2934160320515799e-29,monotone,0.0,7.08799696702533e-30,nan,9.33,0.4999214312364564,8.581331468185363e-29,8.652562714415701e-29,7.123124623033855e-31,monotone,0.0,0.0,nan,9.59,0.4998785807444728,9.616576170119213e-27,9.616576170119213e-27,0.0,monotone,0.0,7.022351086251592e-30,nan,9.32,0.4999214312364564,8.292922585038555e-29,8.364258922994496e-29,7.133633795594059e-31,monotone,0.0,0.0,nan,9.59,0.4998785807444728,9.631996581433114e-27,9.631996581433114e-27,0.0,monotone
linear,0.0002,0.005,E3_regime,pos,0.01,3.0,2.0,2000,False,0,0.15,20.0,8,E3_regime__linear__mu3-2_sd0.15__h8_eps5.00e-03_pos__s0__dt0.0002__795df468f8,20.0,2.787625255606808e-26,0.0,1.734723475976807e-18,0,0,0,0,0,0,2,2,8,8,13,13,181,539,0.0,6.239458351990661e-28,nan,9.700000000000001,0.49985236097906255,3.626695567116271e-27,4.250641402315337e-27,6.239458351990661e-28,monotone,0.0,6.282291033953833e-28,nan,9.700000000000001,0.49985231329921503,3.640704011159766e-27,4.2689331145551495e-27,6.282291033953833e-28,monotone,0.0,0.0,nan,10.77,0.4999027048572606,1.0926524724167879e-26,1.0926524724167879e-26,0.0,monotone,0.0,7.914946144199614e-29,nan,10.76,0.4999143871225519,1.2949093981304577e-27,1.2949093981304577e-27,0.0,monotone,0.0,3.8263728556183703e-28,nan,8.42,0.499906872246261,8.999566425001532e-28,1.248006866255966e-27,3.4805022375581283e-28,monotone,0.0,4.2345872307721e-32,nan,10.76,0.4998931407691927,1.1000274067827707e-26,1.1000316413700015e-26,4.2345872307721e-32,monotone,0.0,3.80788303216527e-28,nan,8.42,0.499906872246261,9.019508722033148e-28,1.2480111054560257e-27,3.460602332527109e-28,monotone,0.0,4.1218803723768206e-32,nan,10.75,0.4998931407691927,1.0983810499417835e-26,1.0983851718221559e-26,4.1218803723768206e-32,monotone
linear,0.0002,0.005,E3_regime,pos,0.01,3.0,2.0,2000,False,1,0.15,20.0,8,E3_regime__linear__mu3-2_sd0.15__h8_eps5.00e-03_pos__s1__dt0.0002__215d41c002,20.0,2.2184651461795557e-26,0.0,1.734723475976807e-18,0,0,8,8,9,9,18,18,16,16,26,26,181,539,0.0,4.62284816411157e-29,nan,9.9,0.49984627986899277,3.0248131853601053e-27,3.071041667001221e-27,4.62284816411157e-29,monotone,0.0,3.67374988751754e-29,nan,9.9,0.4998463059222966,3.0162158340883607e-27,3.052953332963536e-27,3.67374988751754e-29,monotone,0.0,0.0,nan,9.950000000000001,0.4998999339311452,1.0740229616943798e-26,1.0740229616943798e-26,0.0,monotone,0.0,1.63017451247741e-29,nan,9.94,0.49991980287064164,2.115272932044806e-28,2.115272932044806e-28,0.0,monotone,9.146622853057289e-11,1.4595524987479085e-10,3.0300000000000002,8.77,0.4999111639802015,8.287633029780169e-29,1.1324286164292294e-28,3.0366531345121255e-29,monotone,0.0,0.0,nan,9.950000000000001,0.4998888500956106,1.0744999492370701e-26,1.0744999492370701e-26,0.0,monotone,9.146622853057289e-11,1.4595524987457025e-10,3.0300000000000002,8.77,0.4999111639802015,8.278125263457144e-29,1.1329391517601936e-28,3.0512662541447924e-29,monotone,0.0,0.0,nan,9.950000000000001,0.4998888500956106,1.0744647739776406e-26,1.0744647739776406e-26,0.0,monotone
linear,0.0002,0.005,E3_regime,pos,0.01,3.0,2.0,2000,False,2,0.15,20.0,8,E3_regime__linear__mu3-2_sd0.15__h8_eps5.00e-03_pos__s2__dt0.0002__f72e68f52a,20.0,2.732720723076308e-26,0.0,8.673617379884035e-19,0,0,0,0,8,8,17,17,15,15,27,27,181,539,0.0,6.79344824863376e-29,nan,9.97,0.4998337484040658,4.428036498376912e-27,4.428036498376912e-27,0.0,monotone,0.0,7.966878845150015e-29,nan,9.96,0.4998337645220414,4.468021885510302e-27,4.471146514252076e-27,3.1246287417738514e-30,monotone,0.0,0.0,nan,9.97,0.49993807669898094,1.2256818559091082e-26,1.2256818559091082e-26,0.0,monotone,0.0,0.0,nan,9.97,0.49988058128238033,4.744876048352917e-28,4.744876048352917e-28,0.0,monotone,0.0,9.322986406976525e-30,nan,9.790000000000001,0.4998719455537878,4.559664678010796e-28,4.605006032873938e-28,4.534135486314168e-30,monotone,0.0,0.0,nan,9.97,0.49992806884511676,1.2407493149293002e-26,1.2407493149293002e-26,0.0,monotone,0.0,7.16639784470638e-30,nan,9.790000000000001,0.4998719455537878,4.559668715946107e-28,4.605968231566951e-28,4.629951562084353e-30,monotone,0.0,0.0,nan,9.97,0.49992806884511676,1.2407276026604193e-26,1.2407276026604193e-26,0.0,monotone
linear,0.0002,0.005,E3_regime,pos,0.01,3.0,2.0,2000,False,3,0.15,20.0,8,E3_regime__linear__mu3-2_sd0.15__h8_eps5.00e-03_pos__s3__dt0.0002__ad7abba518,20.0,2.783269908253754e-26,0.0,2.7755575615628914e-17,16,16,37,37,26,26,48,48,32,32,56,56,181,539,0.0,2.550855692742006e-29,nan,9.9,0.49982634477601745,3.883722473774414e-27,3.883722473774414e-27,0.0,monotone,0.0,2.5483905024131905e-29,nan,9.9,0.4998263361969334,3.87397880899977e-27,3.87397880899977e-27,0.0,monotone,0.0,0.0,nan,9.9,0.4999451225501135,1.344359662049392e-26,1.344359662049392e-26,0.0,monotone,0.0,6.543221800609249e-29,nan,9.700000000000001,0.49987520442886413,2.0961677069964846e-28,2.3710133175000983e-28,2.7484561050361365e-29,monotone,4.3766719541467455e-10,6.802287800463839e-10,3.02,9.11,0.49986575130889654,1.104411528251442e-28,1.180100986417419e-28,7.568945816597695e-30,monotone,0.0,0.0,nan,9.9,0.4999342641596222,1.3522300948468554e-26,1.3522300948468554e-26,0.0,monotone,4.3766719541467455e-10,6.8022878004641e-10,3.02,9.1,0.49986575130889654,1.1194137408934416e-28,1.1960553621824208e-28,7.664162128897919e-30,monotone,0.0,0.0,nan,9.9,0.4999342641596222,1.3522823705125295e-26,1.3522823705125295e-26,0.0,monotone
linear,0.0002,0.005,E3_regime,pos,0.01,3.0,2.0,2000,False,4,0.15,20.0,8,E3_regime__linear__mu3-2_sd0.15__h8_eps5.00e-03_pos__s4__dt0.0002__fd1139271d,20.0,2.770879417552318e-26,0.0,6.938893903907228e-18,0,0,0,0,0,0,6,6,8,8,14,14,181,539,0.0,2.2331542891158877e-28,nan,9.74,0.4998529763191847,3.83269303396793e-27,4.056008462879519e-27,2.2331542891158877e-28,monotone,0.0,2.1689360810502397e-28,nan,9.74,0.49985290470388155,3.8486613043228334e-27,4.065554912427857e-27,2.1689360810502397e-28,monotone,0.0,0.0,nan,11.47,0.49989789924493927,1.225142624413629e-26,1.225142624413629e-26,0.0,monotone,0.0,4.337194234760055e-29,nan,10.92,0.49991968253051855,6.68367120476866e-28,6.68367120476866e-28,0.0,monotone,0.0,1.584580709346652e-29,nan,9.07,0.49991201237002536,5.756554869517548e-28,5.855981390350109e-28,9.942652083256101e-30,monotone,0.0,0.0,nan,11.47,0.4998880009053825,1.2325920802589418e-26,1.2325920802589418e-26,0.0,monotone,0.0,1.5944153813174098e-29,nan,9.07,0.49991201237002536,5.794002371253504e-28,5.8561400658925235e-28,6.213769463901967e-30,monotone,0.0,0.0,nan,11.47,0.4998880009053825,1.2325911464894196e-26,1.2325911464894196e-26,0.0,monotone
linear,0.0002,0.005,E3_regime,pos,0.01,3.0,2.0,2000,False,5,0.15,20.0,8,E3_regime__linear__mu3-2_sd0.15__h8_eps5.00e-03_pos__s5__dt0.0002__e70976c182,20.0,2.933528164715279e-26,0.0,1.734723475976807e-18,0,0,15,15,14,14,26,26,20,20,35,35,181,539,0.0,1.2584796628603954e-29,nan,16.88,0.49983340863387,4.439049736170896e-27,4.439049736170896e-27,0.0,monotone,0.0,1.260944853189211e-29,nan,16.86,0.49983340567093526,4.439049736170896e-27,4.449422024479388e-27,1.0372288308491897e-29,monotone,0.0,1.1276319824387266e-31,nan,16.88,0.499930224205256,1.4108296962949666e-26,1.4108296962949666e-26,0.0,monotone,0.0,8.700571487114055e-29,nan,16.87,0.49988972724123765,1.7695790996419913e-28,1.7695790996419913e-28,0.0,monotone,0.0,2.845233130758371e-29,nan,16.830000000000002,0.4998806216020955,1.0901767245994094e-28,1.0901767245994094e-28,0.0,monotone,0.0,1.8791787424305992e-31,nan,16.87,0.4999193928797148,1.4201672289282442e-26,1.4201689290354282e-26,1.7001071839741973e-32,monotone,0.0,2.866682521366411e-29,nan,16.830000000000002,0.4998806216020955,1.1066293484848175e-28,1.1066293484848175e-28,0.0,monotone,0.0,1.906573346928401e-31,nan,16.88,0.4999193928797148,1.4182992453759624e-26,1.4182992453759624e-26,0.0,monotone
linear,0.0002,0.005,E3_regime,pos,0.01,3.0,2.0,2000,False,6,0.15,20.0,8,E3_regime__linear__mu3-2_sd0.15__h8_eps5.00e-03_pos__s6__dt0.0002__5fef95a408,20.0,3.022014781381775e-26,0.0,2.168404344971009e-19,55,55,94,94,61,61,100,100,66,66,106,106,181,539,1.3175085148919852e-05,0.0004876568748566623,1.35,9.790000000000001,0.49982771669494797,4.6138132415564606e-27,4.648671032805914e-27,3.485779124945346e-29,transient,1.3003130231531435e-05,0.0004892853224995886,1.35,9.790000000000001,0.499827802815967,4.596408997835022e-27,4.640474274962602e-27,4.4065277127579956e-29,transient,0.0,0.0,nan,9.97,0.49991042850619416,1.4258297246296288e-26,1.4258297246296288e-26,0.0,monotone,0.0,0.0,nan,9.94,0.4999145598623465,3.454680171168353e-28,3.454680171168353e-28,0.0,monotone,0.0,2.4861734081107803e-30,nan,9.8,0.4999034922804362,2.848844523174806e-28,2.8494350917552936e-28,5.905685804875152e-32,monotone,0.0,1.5617091551709554e-31,nan,9.96,0.49989652409583013,1.4370846038966096e-26,1.4370859396916394e-26,1.3357950297177866e-32,monotone,0.0,2.5368451991570928e-30,nan,9.8,0.4999034922804362,2.8488435224803705e-28,2.849443554531137e-28,6.000320507667014e-32,monotone,0.0,1.5178671862781661e-31,nan,9.96,0.49989652409583013,1.4370832419841365e-26,1.4370845578509984e-26,1.3158668619348875e-32,monotone
linear,0.0002,0.005,E3_regime,pos,0.01,3.0,2.0,2000,False,7,0.15,20.0,8,E3_regime__linear__mu3-2_sd0.15__h8_eps5.00e-03_pos__s7__dt0.0002__c53a49f7a2,20.0,2.4774664179263258e-26,0.0,5.551115123125783e-17,0,0,0,0,0,0,4,4,8,8,13,13,181,539,0.0,3.9662447200315184e-28,nan,9.68,0.499857859018873,3.3958304928226845e-27,3.792454964825836e-27,3.9662447200315184e-28,monotone,0.0,4.04198769288438e-28,nan,9.68,0.4998578717975521,3.3840222311476574e-27,3.7882210004360954e-27,4.04198769288438e-28,monotone,0.0,0.0,nan,10.59,0.4998906644446156,9.871283055734824e-27,9.871283055734824e-27,0.0,monotone,0.0,2.4336050777277112e-29,nan,10.52,0.4999262026363764,1.0997556872376769e-27,1.0997556872376769e-27,0.0,monotone,0.0,1.0479173339739851e-27,nan,8.2,0.4999189346020489,1.490476930022524e-29,1.056310992107689e-27,1.0414062228074638e-27,monotone,0.0,0.0,nan,10.59,0.49988107862409875,9.955959434576381e-27,9.955959434576381e-27,0.0,monotone,0.0,1.0477898054581329e-27,nan,8.2,0.4999189346020489,1.4987648555949537e-29,1.0563103704702446e-27,1.0413227219142951e-27,monotone,0.0,0.0,nan,10.59,0.49988107862409875,9.955960646559138e-27,9.955960646559138e-27,0.0,monotone
linear,0.0002,0.005,E3_regime,pos,0.01,3.0,2.0,2000,False,8,0.15,20.0,8,E3_regime__linear__mu3-2_sd0.15__h8_eps5.00e-03_pos__s8__dt0.0002__5b59f2f8de,20.0,2.3729426562123998e-26,0.0,2.7755575615628914e-17,14,14,32,32,21,21,39,39,27,27,46,46,181,539,0.0,8.74526269147356e-30,nan,9.89,0.49983894818057967,3.606628917839712e-27,3.612298855595988e-27,5.6699377562760224e-30,monotone,0.0,8.81921840133803e-30,nan,9.9,0.499838985154458,3.60347963719465e-27,3.606308443096966e-27,2.828805902315972e-30,monotone,0.0,0.0,nan,9.93,0.4999031790564903,1.0548802195307418e-26,1.0548802195307418e-26,0.0,monotone,0.0,5.720686010310626e-30,nan,9.93,0.4999187658064363,5.717532300026692e-28,5.717532300026692e-28,0.0,monotone,0.0,8.788193808647039e-29,nan,8.66,0.49990912009629973,4.398640961999596e-28,5.18320182536192e-28,7.845608633623237e-29,monotone,0.0,0.0,nan,9.93,0.4998908948799687,1.0624818679841574e-26,1.0624818679841574e-26,0.0,monotone,0.0,8.787592006121432e-29,nan,8.66,0.49990912009629973,4.398855405981376e-28,5.183203555777588e-28,7.843481497962123e-29,monotone,0.0,0.0,nan,9.93,0.4998908948799687,1.0624817021182886e-26,1.0624817021182886e-26,0.0,monotone
linear,0.0002,0.005,E3_regime,pos,0.01,3.0,2.0,2000,False,9,0.15,20.0,8,E3_regime__linear__mu3-2_sd0.15__h8_eps5.00e-03_pos__s9__dt0.0002__4dd5bc0bb1,20.0,2.2735625082255073e-26,0.0,1.3877787807814457e-17,14,14,26,26,17,17,31,31,21,21,36,36,181,539,0.0,0.0,nan,9.69,0.4998714870554174,3.392305270652478e-27,3.392305270652478e-27,0.0,monotone,0.0,0.0,nan,9.68,0.4998714191026585,3.401272400473545e-27,3.401272400473545e-27,0.0,monotone,0.0,1.6017574161479763e-29,nan,9.620000000000001,0.4998501012831698,1.0442768196289234e-26,1.0458785770450714e-26,1.6017574161479763e-29,monotone,0.0,3.156984364839557e-30,nan,9.61,0.4999678074615605,3.553572821952749e-28,3.5851426656011444e-28,3.156984364839557e-30,monotone,8.555774270875688e-11,1.5101530647846244e-10,3.0500000000000003,8.68,0.4999605840805997,1.5032136276016782e-28,3.0110500813345936e-28,1.5078364537329154e-28,monotone,0.0,0.0,nan,9.620000000000001,0.4998394327416512,1.0537443963191806e-26,1.0537443963191806e-26,0.0,monotone,8.555774270875688e-11,1.5101530647906034e-10,3.0500000000000003,8.68,0.4999605840805997,1.517206649419319e-28,3.010845438475459e-28,1.4936387890561398e-28,monotone,0.0,0.0,nan,9.620000000000001,0.4998394327416512,1.0520840572482544e-26,1.0520840572482544e-26,0.0,monotone
relu,0.0002,0.01,E3_regime,iso,0.01,1.0,2.0,2000,False,0,0.05,40.0,200,E3_regime__relu__mu1-2_sd0.05__h200_eps1.00e-02_iso__s0__dt0.0002__4a71c9064b,40.0,9.524387862704087e-05,-3.68201439298585e-08,0.49718240853690077,67,165,67,333,81,170,81,338,102,182,102,349,181,539,0.0,0.0,nan,40.0,0.49514003892119207,6.288846576121651e-05,6.288846576121651e-05,0.0,monotone,0.0,0.0,nan,40.0,0.49513998016142385,6.288639902603366e-05,6.288639902603366e-05,0.0,monotone,0.0023964176164099626,0.0024022220728658894,10.72,10.72,0.49584126693114655,0.4798655949260382,0.4822678169989041,0.0024022220728658894,persistent,0.007971652207180047,0.008022431076300518,10.61,10.61,0.4938985416633367,0.4720038111096914,0.48002624218599194,0.008022431076300518,persistent,9.294063576445215e-06,9.302344393459157e-06,12.51,12.51,0.49521647190159607,6.980572686306467e-08,5.412900653410947e-06,5.343094926547883e-06,other,3.452926521418931e-05,3.467408329059545e-05,2.83,9.13,0.49496583020624424,4.077119533132116e-09,1.2722228297935471e-08,8.645108764803355e-09,other,0.004784521973373479,0.004795315196237937,9.76,9.76,0.49399426959406106,0.4854607918849453,0.4902561070811832,0.004795315196237937,persistent,0.0003153837534558557,0.00031557726603748115,9.68,9.67,0.49587473847803676,0.49319378351801274,0.493385446572678,0.00019166305466528089,persistent
relu,0.0002,0.01,E3_regime,iso,0.01,1.0,2.0,2000,False,1,0.05,40.0,200,E3_regime__relu__mu1-2_sd0.05__h200_eps1.00e-02_iso__s1__dt0.0002__773aaba4a5,40.0,9.420041496800246e-05,-3.466055090957712e-08,0.49690582304174313,5,139,5,308,32,144,32,314,57,154,57,324,181,539,0.0,0.0,nan,40.0,0.4950348207750778,9.47640286969089e-05,9.47640286969089e-05,0.0,monotone,0.0,0.0,nan,40.0,0.49503476850648115,9.477235944102236e-05,9.477235944102236e-05,0.0,monotone,0.0016509967394582326,0.0016566483644110397,10.59,10.59,0.49451751949916367,0.4797618983586544,0.48141854672306544,0.0016566483644110397,persistent,0.0074802716281138215,0.007524248036527181,10.620000000000001,10.620000000000001,0.49572461476507623,0.47770597608036813,0.4852302241168953,0.007524248036527181,persistent,1.4752374756777831e-05,1.4760768806228448e-05,11.870000000000001,11.870000000000001,0.494938997382691,8.297002618918294e-07,6.8721804941507115e-06,6.0424802322588825e-06,other,1.8622105944065097e-05,1.871538361282243e-05,2.88,8.56,0.49476401989413066,3.830474999841788e-12,5.772360772181365e-08,5.771977724681381e-08,other,0.004132061755507788,0.004144206867175981,9.5,9.5,0.49575836608129054,0.48942457427198316,0.49356878113915914,0.004144206867175981,persistent,9.107724571838505e-05,9.115380827218189e-05,10.94,10.94,0.49458924996514597,0.49224122764875056,0.49227824509678125,3.7017448030696176e-05,other
relu,0.0002,0.01,E3_regime,iso,0.01,1.0,2.0,2000,False,2,0.05,40.0,200,E3_regime__relu__mu1-2_sd0.05__h200_eps1.00e-02_iso__s2__dt0.0002__2957f7161e,40.0,9.096428382320106e-05,-3.3855680385872595e-08,0.4964825710412697,54,150,54,318,71,157,71,324,97,167,97,333,181,539,0.0,0.0,nan,40.0,0.4947824676753362,4.485220737632992e-05,4.485220737632992e-05,0.0,monotone,0.0,0.0,nan,40.0,0.494782959804018,4.483371547970669e-05,4.483371547970669e-05,0.0,monotone,0.0022072874390191566,0.0022124902802655444,10.53,10.53,0.495372009771517,0.48029758395024996,0.4825100742305155,0.0022124902802655444,persistent,0.007282105104484959,0.0073313263346286295,11.31,11.3,0.4946293720169463,0.4735509334074811,0.48088225974210974,0.0073313263346286295,persistent,5.568711837998887e-06,5.572846920947702e-06,12.63,12.63,0.49513462808875747,2.1144135662313682e-07,4.85637407622756e-06,4.644932719604423e-06,other,1.4203360414264608e-05,1.427909850907136e-05,2.98,8.78,0.49496514172648726,5.852777925293703e-10,4.19150447233238e-09,3.6062266798030094e-09,other,0.004527144912427394,0.004544582292610733,10.040000000000001,10.040000000000001,0.4946254826577219,0.48636124468710223,0.49090582697971297,0.004544582292610733,persistent,0.0001244654461267647,0.00012461582690781459,10.98,40.0,0.4953250389885017,0.4933056053883654,0.4933056053883654,0.0,transient
relu,0.0002,0.01,E3_regime,iso,0.01,1.0,2.0,2000,False,3,0.05,40.0,200,E3_regime__relu__mu1-2_sd0.05__h200_eps1.00e-02_iso__s3__dt0.0002__017e81b072,40.0,0.00010598749515276836,-3.7115256009502334e-08,0.49703335801314097,37,147,37,315,54,153,54,322,76,161,76,329,181,539,0.0,0.0,nan,40.0,0.4941148269573922,9.026935830024616e-05,9.026935830024616e-05,0.0,monotone,0.0,0.0,nan,40.0,0.49411452254024496,9.021114809081227e-05,9.021114809081227e-05,0.0,monotone,0.0017025194391429022,0.0017094675386031821,10.82,10.81,0.49498932669805096,0.4795379256269908,0.481247393165594,0.0017094675386031821,persistent,0.0075430746567338725,0.0075896149481115005,10.47,10.47,0.49605457008610304,0.4759571648947961,0.4835467798429076,0.0075896149481115005,persistent,1.0582007777512361e-05,1.0589672705493826e-05,12.1,12.1,0.49443677376878065,2.2531733918442559e-07,5.031487166718707e-06,4.806169827534281e-06,other,5.211887526002101e-06,5.260310474849186e-06,3.09,8.71,0.4945373472624702,2.857632540881329e-09,5.4710468195678734e-08,5.185283565479741e-08,other,0.004387228769339557,0.004397552233085911,9.47,9.47,0.49605181597775094,0.4883149965470286,0.4927125487801145,0.004397552233085911,persistent,5.687042698809819e-05,5.696296449930749e-05,10.91,35.75,0.4950251233314872,0.4922188999877798,0.49224570445865645,2.680447087666238e-05,other
relu,0.0002,0.01,E3_regime,iso,0.01,1.0,2.0,2000,False,4,0.05,40.0,200,E3_regime__relu__mu1-2_sd0.05__h200_eps1.00e-02_iso__s4__dt0.0002__0b79046191,40.0,0.00011262517773949432,-3.59970546040902e-08,0.4972052795201307,41,146,41,315,57,151,57,321,82,165,82,332,181,539,0.0,0.0,nan,40.0,0.49468338495321196,0.00010977654008906386,0.00010977654008906386,0.0,monotone,0.0,0.0,nan,40.0,0.4946834805419852,0.00010980207840386865,0.00010980207840386865,0.0,monotone,0.0010723984774110296,0.0010767229730488936,10.72,10.72,0.49572613463251164,0.4800928063107378,0.4811695292837867,0.0010767229730488936,persistent,0.0071078484666445285,0.007150475485981411,10.92,10.92,0.4948520304328487,0.4745315479385854,0.4816820234245668,0.007150475485981411,persistent,1.0951451194139075e-05,1.0958652755253628e-05,12.07,12.07,0.4945824083294214,4.762237443283043e-07,5.120263993008776e-06,4.644040248680472e-06,other,1.5345685377936177e-05,1.5441498370215474e-05,2.89,9.16,0.4947471889535723,2.2552769343696855e-10,5.253470424881482e-09,5.027942731444514e-09,other,0.003969028573945654,0.003978674161489393,9.84,9.84,0.4949308787336112,0.4872352017548361,0.4912138759163255,0.003978674161489393,persistent,1.4692445409469901e-05,1.4831988570385146e-05,34.88,34.88,0.49579020378990324,0.49280859221747947,0.49282144763245994,1.2855414980472712e-05,other
relu,0.0002,0.01,E3_regime,iso,0.01,1.0,2.0,2000,False,5,0.05,40.0,200,E3_regime__relu__mu1-2_sd0.05__h200_eps1.00e-02_iso__s5__dt0.0002__3121a00455,40.0,8.918226902299983e-05,-3.159917511608493e-08,0.4965250153618399,0,125,0,293,21,130,21,299,50,137,50,306,181,539,0.0,0.0,nan,40.0,0.49523498621219764,6.226375878649656e-05,6.226375878649656e-05,0.0,monotone,0.0,0.0,nan,40.0,0.49523496221010394,6.225260569924049e-05,6.225260569924049e-05,0.0,monotone,0.0018354123587042137,0.0018399941769562944,10.24,10.24,0.49496806488957745,0.4818509966693238,0.4836909908462801,0.0018399941769562944,persistent,0.006006047205635856,0.0060461742314546485,10.870000000000001,10.870000000000001,0.49518080901889433,0.47834596513480765,0.4843921393662623,0.0060461742314546485,persistent,6.371884350900556e-06,6.376012635336391e-06,12.14,12.13,0.49463764936303706,3.7764316168336084e-07,4.190256123901478e-06,3.8126129622181173e-06,other,7.660915214041168e-06,7.72291914243071e-06,2.96,8.26,0.49515510454229955,7.036922204042911e-10,2.3444572365099e-08,2.2740880144694707e-08,other,0.003524750720161618,0.0035354453643858252,9.6,9.6,0.49522480545215924,0.48925859185554693,0.49279403721993276,0.0035354453643858252,persistent,0.00012710584306580008,0.00012720128149273924,12.73,12.73,0.4950326959852125,0.49329192862755394,0.4933575008521366,6.5572224582644e-05,persistent
relu,0.0002,0.01,E3_regime,iso,0.01,1.0,2.0,2000,False,6,0.05,40.0,200,E3_regime__relu__mu1-2_sd0.05__h200_eps1.00e-02_iso__s6__dt0.0002__23e3686d17,40.0,9.709266002090029e-05,-3.65660320249462e-08,0.49639690364710987,63,164,63,331,78,169,78,338,101,180,101,348,181,539,0.0,0.0,nan,40.0,0.4954286183179452,5.7850085746132766e-05,5.7850085746132766e-05,0.0,monotone,0.0,0.0,nan,40.0,0.49542919433642163,5.7840366125819897e-05,5.7840366125819897e-05,0.0,monotone,0.00201897116987354,0.0020225386268580836,10.5,10.5,0.49498862334530613,0.48031062449253153,0.4823331631193896,0.0020225386268580836,persistent,0.008313861125114674,0.00836527322780345,10.56,10.56,0.4946507950947813,0.4737554292065037,0.48212070243430716,0.00836527322780345,persistent,8.655395096080943e-06,8.659900054566931e-06,13.120000000000001,13.120000000000001,0.4954824404213279,3.7576152231788056e-11,3.753296632829182e-06,3.7532590566769503e-06,other,4.1816783538903025e-05,4.198621690472666e-05,2.79,8.48,0.4949005808978404,9.060350248784263e-09,1.968388981105161e-08,1.0623539562267348e-08,other,0.005050677118933089,0.005064062824102655,9.63,9.63,0.49471971923874813,0.4867415014699203,0.49180556429402295,0.005064062824102655,persistent,2.3484685946373318e-05,2.3557259846429535e-05,25.05,40.0,0.4949477852907416,0.49258847047209087,0.49258847047209087,0.0,other
relu,0.0002,0.01,E3_regime,iso,0.01,1.0,2.0,2000,False,7,0.05,40.0,200,E3_regime__relu__mu1-2_sd0.05__h200_eps1.00e-02_iso__s7__dt0.0002__4906dbeaa4,40.0,0.00010071208235276277,-3.806799726091363e-08,0.49646790468977997,66,165,66,332,80,170,80,338,103,176,103,344,181,539,0.0,0.0,nan,40.0,0.49514798316101954,6.599652968606435e-05,6.599652968606435e-05,0.0,monotone,0.0,0.0,nan,40.0,0.4951484124263046,6.60078821621096e-05,6.60078821621096e-05,0.0,monotone,0.0023014177764418275,0.002304856541265221,10.72,10.72,0.4952763767633236,0.4795637087548434,0.4818685652961086,0.002304856541265221,persistent,0.008003897465910514,0.008058196429337694,11.14,11.14,0.4946818589425214,0.4722640991748134,0.4803222956041511,0.008058196429337694,persistent,9.106758958730346e-06,9.111614055374929e-06,12.77,12.77,0.4946628263847402,3.225619462976773e-08,5.445897037088565e-06,5.413640842458797e-06,other,1.806515941831836e-05,1.81645132668067e-05,2.95,8.71,0.4953899254632285,6.326461236067765e-09,4.056230959199666e-08,3.4235848355928897e-08,other,0.005131588926587938,0.0051429220586377,9.94,9.94,0.49472171341052484,0.48576044667929297,0.49090336873793067,0.0051429220586377,persistent,0.00023346577324900863,0.0002336141744365139,10.370000000000001,10.370000000000001,0.4952758374276819,0.4926760553344897,0.49268633303045184,1.0277695962124245e-05,transient
relu,0.0002,0.01,E3_regime,iso,0.01,1.0,2.0,2000,False,8,0.05,40.0,200,E3_regime__relu__mu1-2_sd0.05__h200_eps1.00e-02_iso__s8__dt0.0002__ca73493cac,40.0,9.214629105886507e-05,-3.210537910350341e-08,0.4963298309521633,0,132,0,300,22,135,22,304,49,140,49,310,181,539,0.0,0.0,nan,40.0,0.49535709897677577,9.183181395145698e-05,9.183181395145698e-05,0.0,monotone,0.0,0.0,nan,40.0,0.4953571405734039,9.185269274744258e-05,9.185269274744258e-05,0.0,monotone,0.0013272405479834437,0.0013318166652604435,10.3,10.3,0.4944329375378183,0.48004250387527986,0.4813743205405403,0.0013318166652604435,persistent,0.00672863426406034,0.006769650481029843,10.92,10.92,0.49541108730626726,0.4774177677817921,0.48418741826282197,0.006769650481029843,persistent,5.843439360184923e-06,5.850492231893083e-06,11.8,11.8,0.49478112458873463,1.4893960883100783e-06,6.449267881660446e-06,4.959871793350368e-06,other,7.530038313451442e-06,7.584693782235709e-06,3.04,8.28,0.49545987005600167,7.221021511921608e-10,4.710002317770964e-08,4.6377921026517476e-08,other,0.00367954927143771,0.0036897074495642057,9.65,9.65,0.4953574381256744,0.4889458703821412,0.4926355778317054,0.0036897074495642057,persistent,8.121701191854402e-06,8.284840102457114e-06,10.07,37.37,0.49445206862794533,0.49219766035595325,0.49220427976091136,6.619404958108088e-06,other
relu,0.0002,0.01,E3_regime,iso,0.01,1.0,2.0,2000,False,9,0.05,40.0,200,E3_regime__relu__mu1-2_sd0.05__h200_eps1.00e-02_iso__s9__dt0.0002__3dbb06f5e7,40.0,9.587843524138134e-05,-3.6969397692676945e-08,0.4968570621131221,53,163,53,331,68,168,68,337,91,177,91,346,181,539,0.0,0.0,nan,40.0,0.49450244151692413,8.517164146335643e-05,8.517164146335643e-05,0.0,monotone,0.0,0.0,nan,40.0,0.494502459067721,8.515800438311811e-05,8.515800438311811e-05,0.0,monotone,0.0021074631853149617,0.002111297019489977,10.78,10.78,0.49533417363385773,0.478770718584241,0.48088201560373095,0.002111297019489977,persistent,0.009449030015089621,0.00950035630518492,10.47,10.47,0.4953709247115024,0.47344099820005886,0.4829413545052438,0.00950035630518492,persistent,1.6403252035698557e-05,1.6417595687164528e-05,12.16,12.16,0.494789659425357,1.7824845373506443e-07,5.8020761270332945e-06,5.62382767329823e-06,other,2.387940041808696e-05,2.3989146153255897e-05,2.86,8.61,0.49448118974862854,1.0446382321076392e-08,3.475279602703641e-08,2.4306413705960022e-08,other,0.00522977587464557,0.005239350992962966,9.59,9.59,0.4954139767426729,0.4869891495043988,0.4922285004973618,0.005239350992962966,persistent,0.00019557877656306566,0.00019575571341134967,11.46,40.0,0.4953655498206752,0.4923701537591516,0.4923701537591516,0.0,transient
relu,0.0002,0.01,E3_regime,pos,0.01,1.0,2.0,2000,False,0,0.05,40.0,200,E3_regime__relu__mu1-2_sd0.05__h200_eps1.00e-02_pos__s0__dt0.0002__336f6de804,40.0,8.152247695228199e-05,-4.515280921806887e-08,0.49999995433044475,172,181,172,181,173,186,173,186,177,194,177,231,181,539,0.0013328388613361025,0.0013905256832079105,1.78,40.0,0.48474236907569623,1.0874748826451923e-05,1.0874748826451923e-05,0.0,transient,0.0013321038005946195,0.0013900529993183947,1.78,40.0,0.4847458994556102,1.0846081901656624e-05,1.0846081901656624e-05,0.0,transient,0.0023293130069222956,0.002335721424694015,10.94,10.94,0.4999964017538029,0.48910421881814675,0.49143994024284077,0.002335721424694015,persistent,0.013078974372056296,0.013162845640828369,9.97,9.97,0.4999979373710203,0.47388952317793337,0.48705236881876174,0.013162845640828369,persistent,1.8528508204243817e-05,1.853209194436199e-05,13.33,13.33,0.4910121601340833,3.3864474563004557e-09,1.8255350310291843e-05,1.8251963862835542e-05,other,4.406078557844301e-06,4.414562594622072e-06,7.96,40.0,0.48912486909301184,7.280579194919966e-08,7.280579194919966e-08,0.0,other,0.009818918740424176,0.009853887238817194,9.370000000000001,9.370000000000001,0.5,0.4887766120940524,0.49863049933286957,0.009853887238817194,persistent,0.00021797274821849788,0.00021803663461472667,7.23,7.23,0.5,0.4997819633653853,0.5,0.00021803663461472667,persistent
relu,0.0002,0.01,E3_regime,pos,0.01,1.0,2.0,2000,False,1,0.05,40.0,200,E3_regime__relu__mu1-2_sd0.05__h200_eps1.00e-02_pos__s1__dt0.0002__ba5514a7ff,40.0,9.733150882147597e-05,-5.257199895254911e-08,0.4999999324334752,172,217,172,272,174,222,174,286,176,230,176,310,181,539,0.0024615462926866755,0.002519022195430598,1.76,40.0,0.48477116659934755,1.3399394993895693e-05,1.3399394993895693e-05,0.0,transient,0.0024613233373636245,0.002518804973180702,1.76,40.0,0.48477169565315076,1.3395445645976228e-05,1.3395445645976228e-05,0.0,transient,0.0020865729480254447,0.0020927752653743803,11.48,11.48,0.49999736989377447,0.489660054389007,0.4917528296543814,0.0020927752653743803,persistent,0.014612668231321069,0.014707406961875558,9.950000000000001,9.950000000000001,0.49999839357341685,0.47081148447357296,0.4855188914354485,0.014707406961875558,persistent,1.7998701178033695e-05,1.800208382547537e-05,13.98,13.98,0.4902150508580346,5.597885455183026e-08,1.6156326574603615e-05,1.6100347720051786e-05,other,3.6720007437131903e-06,3.676018564140999e-06,8.34,40.0,0.4899283186789096,1.0945545655177711e-07,1.0945545655177711e-07,0.0,other,0.010863476003686923,0.010893315539792836,9.48,9.48,0.5,0.4871314604278666,0.4980247759676594,0.010893315539792836,persistent,0.0002759973455475073,0.0002760463170962679,7.76,7.76,0.5,0.49972395368290373,0.5,0.0002760463170962679,persistent
relu,0.0002,0.01,E3_regime,pos,0.01,1.0,2.0,2000,False,2,0.05,40.0,200,E3_regime__relu__mu1-2_sd0.05__h200_eps1.00e-02_pos__s2__dt0.0002__bf5178d3ce,40.0,8.61644529033592e-05,-4.4356378754375906e-08,0.49999995159801713,171,183,171,210,173,196,173,245,176,207,176,272,181,539,0.0017917000122112253,0.0018465388687827489,1.77,40.0,0.4850710826153054,1.1890114315715947e-05,1.1890114315715947e-05,0.0,transient,0.0017891285276392804,0.0018442960518340878,1.78,40.0,0.48508225333478294,1.1813189529296065e-05,1.1813189529296065e-05,0.0,transient,0.0020485139200755453,0.002054580444846965,11.06,11.06,0.4999968307196398,0.4896645916823402,0.4917191721271872,0.002054580444846965,persistent,0.012320372379716393,0.012400809140545421,10.01,10.01,0.49999931980578866,0.474494220073097,0.4868950292136424,0.012400809140545421,persistent,1.2223760633518891e-05,1.2294363087659268e-05,13.98,13.98,0.4901639516479999,3.737998836907148e-09,1.2298101086496175e-05,1.2294363087659268e-05,other,3.60045436503304e-06,3.607507820197888e-06,8.01,40.0,0.48997498905591336,8.073417237043784e-08,8.073417237043784e-08,0.0,other,0.009054109077360595,0.009090671974730014,9.38,9.38,0.5,0.4890751167660703,0.4981657887408003,0.009090671974730014,persistent,0.00018664584881250557,0.00018669596865961147,7.28,7.28,0.5,0.4998133040313404,0.5,0.00018669596865961147,persistent
relu,0.0002,0.01,E3_regime,pos,0.01,1.0,2.0,2000,False,3,0.05,40.0,200,E3_regime__relu__mu1-2_sd0.05__h200_eps1.00e-02_pos__s3__dt0.0002__013708b3b6,40.0,9.661502960821851e-05,-4.9267747656849166e-08,0.49999993337869597,172,202,173,262,174,208,174,278,177,214,177,300,181,539,0.0029864292755467647,0.003048467908828026,1.75,40.0,0.4845492493552417,1.4676663371882057e-05,1.4676663371882057e-05,0.0,transient,0.0029888057810212726,0.003051070160552921,1.75,40.0,0.48454487746582176,1.4711544147793778e-05,1.4711544147793778e-05,0.0,transient,0.001901266292210546,0.0019074149997750922,11.41,11.41,0.4999975371003055,0.49021041828850936,0.49211783328828446,0.0019074149997750922,persistent,0.01284390840801175,0.012930226504430264,10.040000000000001,10.040000000000001,0.4999993197333946,0.4730854966222109,0.48601572312664115,0.012930226504430264,persistent,1.2259240050256762e-05,1.226121777510075e-05,13.71,13.71,0.49028139040045426,1.5998929078855707e-08,1.196055814470471e-05,1.1944559215625854e-05,other,3.5414819889596894e-06,3.5471020466703456e-06,8.13,40.0,0.4898651264208099,1.0588181728484787e-07,1.0588181728484787e-07,0.0,other,0.009413527159619073,0.009449656983272325,9.49,9.49,0.5,0.48821893691080925,0.4976685938940816,0.009449656983272325,persistent,0.00017571822205686427,0.00017575421736065744,7.57,7.57,0.5,0.49982424578263934,0.5,0.00017575421736065744,persistent
relu,0.0002,0.01,E3_regime,pos,0.01,1.0,2.0,2000,False,4,0.05,40.0,200,E3_regime__relu__mu1-2_sd0.05__h200_eps1.00e-02_pos__s4__dt0.0002__bf6bf57163,40.0,0.00010257100196236902,-5.142920653866754e-08,0.49999994096737765,172,204,172,270,173,212,173,292,176,219,176,304,181,539,0.0021704746338138264,0.0022229005040815125,1.75,40.0,0.48432705597789333,1.426738999081103e-05,1.426738999081103e-05,0.0,transient,0.0021698999913866146,0.0022222528596529817,1.75,40.0,0.48432843260675645,1.4253469003547945e-05,1.4253469003547945e-05,0.0,transient,0.0021423465764717764,0.0021480417587573797,11.3,11.3,0.4999986880543545,0.4892136348410284,0.4913616765997858,0.0021480417587573797,persistent,0.013467460791177499,0.013559436385200407,10.22,10.22,0.49999872143899926,0.4720224407903133,0.4855818771755137,0.013559436385200407,persistent,1.4840436568358033e-05,1.49327888091142e-05,13.88,13.88,0.4911365227253833,1.2495293951072819e-08,1.4945284103065274e-05,1.49327888091142e-05,other,3.5976138658032717e-06,3.6021078086171234e-06,8.25,40.0,0.489006185238064,9.899200474765693e-08,9.899200474765693e-08,0.0,other,0.01009948462898469,0.010143882447751329,9.64,9.64,0.5,0.4877690042744295,0.4979128867221808,0.010143882447751329,persistent,0.00020105756965449473,0.00020111027725089325,7.67,7.67,0.5,0.4997988897227491,0.5,0.00020111027725089325,persistent
relu,0.0002,0.01,E3_regime,pos,0.01,1.0,2.0,2000,False,5,0.05,40.0,200,E3_regime__relu__mu1-2_sd0.05__h200_eps1.00e-02_pos__s5__dt0.0002__c447fbcead,40.0,9.301263141988254e-05,-4.896784430827479e-08,0.49999995262264463,172,194,172,209,173,209,173,245,176,221,176,275,181,539,0.0022254450916101842,0.002281380517292819,1.77,40.0,0.48502431197331947,1.2508050249077209e-05,1.2508050249077209e-05,0.0,transient,0.0022260311773365515,0.002282053446867355,1.77,40.0,0.4850222717473088,1.2521670738574458e-05,1.2521670738574458e-05,0.0,transient,0.002790049394393035,0.0027971774199188615,10.6,10.6,0.49999562671560294,0.4888052863943292,0.49160246381424805,0.0027971774199188615,persistent,0.014099429077883918,0.014191229648101378,9.89,9.89,0.49999855006456884,0.4714872357992837,0.4856784654473851,0.014191229648101378,persistent,1.3209742258430362e-05,1.3271311421527128e-05,15.23,15.23,0.4899403267647173,1.439388063179694e-08,1.3285705302158925e-05,1.3271311421527128e-05,other,5.309074633818124e-06,5.317206952030991e-06,7.84,40.0,0.49020156403632503,7.846175092211257e-08,7.846175092211257e-08,0.0,other,0.010650496772680873,0.01069063517267449,9.35,9.35,0.5,0.48731358289444726,0.49800421806712175,0.01069063517267449,persistent,0.0002571187982053358,0.000257201853624045,7.09,7.09,0.5,0.49974279814637595,0.5,0.000257201853624045,persistent
relu,0.0002,0.01,E3_regime,pos,0.01,1.0,2.0,2000,False,6,0.05,40.0,200,E3_regime__relu__mu1-2_sd0.05__h200_eps1.00e-02_pos__s6__dt0.0002__bf3c21c843,40.0,9.052599208896852e-05,-4.938860675801854e-08,0.49999993699948675,172,206,172,263,173,213,173,279,176,219,176,297,181,539,0.001518088965346595,0.0015704423164348419,1.78,40.0,0.48489912414663694,1.025860590552011e-05,1.025860590552011e-05,0.0,transient,0.0015132562655957582,0.0015712903563703112,1.78,40.0,0.4848946117643953,1.0288765159403062e-05,1.0288765159403062e-05,0.0,transient,0.0017978011283875661,0.0018028424875770055,11.39,11.39,0.49999825366114814,0.49055593360319005,0.49235877609076706,0.0018028424875770055,persistent,0.013841783457947232,0.01392904895239555,9.790000000000001,9.790000000000001,0.4999981759923958,0.4727716492231092,0.48670069817550476,0.01392904895239555,persistent,1.789453977804359e-05,1.7896569318456188e-05,14.530000000000001,14.530000000000001,0.4905673409639651,2.614021357463074e-08,1.678292058462047e-05,1.675678037104584e-05,other,2.949722015573157e-06,2.953484600400654e-06,8.08,40.0,0.48957073695758313,9.728421297094315e-08,9.728421297094315e-08,0.0,other,0.010482915625382061,0.010511876156724276,9.290000000000001,9.290000000000001,0.5,0.4881067294688523,0.4986186056255766,0.010511876156724276,persistent,0.00014202648015848585,0.0001420631266988992,7.47,7.47,0.5,0.4998579368733011,0.5,0.0001420631266988992,persistent
relu,0.0002,0.01,E3_regime,pos,0.01,1.0,2.0,2000,False,7,0.05,40.0,200,E3_regime__relu__mu1-2_sd0.05__h200_eps1.00e-02_pos__s7__dt0.0002__18ed081e7d,40.0,9.039701863844147e-05,-4.6748349093325096e-08,0.4999999524631811,172,185,172,185,173,192,173,217,177,210,177,258,181,539,0.0018889096016685286,0.001941741818038037,1.78,40.0,0.4850221237733925,1.2967719627237045e-05,1.2967719627237045e-05,0.0,transient,0.001888055745288983,0.0019408332213339402,1.78,40.0,0.48502568798740303,1.2941328211283532e-05,1.2941328211283532e-05,0.0,transient,0.002478709993480044,0.00248532260364126,10.78,10.78,0.4999957606182316,0.48955877733509146,0.4920440999387327,0.00248532260364126,persistent,0.012556621498266474,0.012642602894992971,9.92,9.92,0.49999890547994763,0.473694892504355,0.48633749539934795,0.012642602894992971,persistent,1.6319326484583804e-05,1.6465013497555523e-05,13.39,13.39,0.490159937542569,2.2384836440597106e-09,1.646725198119958e-05,1.6465013497555523e-05,other,4.752711418441115e-06,4.75907296567183e-06,7.87,40.0,0.48997982638169124,7.65874456983757e-08,7.65874456983757e-08,0.0,other,0.009545603689368576,0.009589120132714846,9.35,9.35,0.5,0.4886302106532989,0.49821933078601377,0.009589120132714846,persistent,0.00023746587978928924,0.0002375328911420893,7.11,7.12,0.5,0.4997624671088579,0.5,0.0002375328911420893,persistent
relu,0.0002,0.01,E3_regime,pos,0.01,1.0,2.0,2000,False,8,0.05,40.0,200,E3_regime__relu__mu1-2_sd0.05__h200_eps1.00e-02_pos__s8__dt0.0002__f2a9f0e099,40.0,9.648827901414831e-05,-5.130844555597874e-08,0.4999999355655689,172,211,172,272,173,217,173,289,176,224,176,306,181,539,0.0024360132764888326,0.0024954593455129293,1.78,40.0,0.48519374757346995,1.4063554562012137e-05,1.4063554562012137e-05,0.0,transient,0.002435476995995209,0.002494854242389266,1.78,40.0,0.4851953968104612,1.405206998275946e-05,1.405206998275946e-05,0.0,transient,0.0018876208898125912,0.0018931110886131197,11.34,11.34,0.49999801843970676,0.489876662143334,0.4917697732319471,0.0018931110886131197,persistent,0.014330608381163235,0.014423621531522768,9.77,9.77,0.49999840445139576,0.4710937350718329,0.48551735660335565,0.014423621531522768,persistent,1.2438814539192126e-05,1.2441647076576337e-05,14.64,14.64,0.489586823546576,2.7843522757587434e-08,1.2352147289339421e-05,1.2324303766581834e-05,other,3.5157715297435224e-06,3.5213177396501856e-06,8.1,40.0,0.49055600186694587,1.0525039369494415e-07,1.0525039369494415e-07,0.0,other,0.01058551268365382,0.01062648193452631,9.38,9.38,0.5,0.4871081976818423,0.49773467961636864,0.01062648193452631,persistent,0.00019036447934633882,0.00019040552233873242,7.54,7.54,0.5,0.49980959447766127,0.5,0.00019040552233873242,persistent
relu,0.0002,0.01,E3_regime,pos,0.01,1.0,2.0,2000,False,9,0.05,40.0,200,E3_regime__relu__mu1-2_sd0.05__h200_eps1.00e-02_pos__s9__dt0.0002__9aa29c7392,40.0,8.87424422697477e-05,-4.932604479295638e-08,0.4999999396139785,172,197,172,249,173,204,173,268,177,211,177,292,181,539,0.0022831775084526384,0.002338817353674652,1.75,40.0,0.48454936124291953,1.2492792245160444e-05,1.2492792245160444e-05,0.0,transient,0.0022835551355891437,0.0023391843654443356,1.75,40.0,0.48454845351719045,1.2499841813016059e-05,1.2499841813016059e-05,0.0,transient,0.002036890941264413,0.002043174664233538,11.31,11.31,0.4999976223629197,0.4898866189837142,0.49192979364794776,0.002043174664233538,persistent,0.013450528257661465,0.013537779246397541,10.07,10.07,0.4999985219887801,0.4732498501956815,0.48678762944207904,0.013537779246397541,persistent,1.6955285624155955e-05,1.6961534572459445e-05,13.51,13.51,0.4906680285880328,8.745898147887559e-09,1.4797842791062913e-05,1.4789096892915026e-05,other,3.885363429777622e-06,3.892194503792243e-06,8.05,40.0,0.4894748496366855,9.577128415258278e-08,9.577128415258278e-08,0.0,other,0.009862671989780691,0.009896111471910995,9.46,9.46,0.5,0.48826341735847945,0.49815952883039044,0.009896111471910995,persistent,0.00017753283977256507,0.00017757522096761846,7.45,7.45,0.5,0.4998224247790324,0.5,0.00017757522096761846,persistent
relu,0.0002,0.001,E3_regime,iso,0.01,1.0,2.0,2000,False,0,0.05,40.0,200,E3_regime__relu__mu1-2_sd0.05__h200_eps1.00e-03_iso__s0__dt0.0002__872212d231,40.0,6.195361596784995e-05,-3.217346388659475e-08,0.4999780746345337,0,109,0,109,1,130,1,130,8,146,8,316,181,539,0.0,0.0,nan,40.0,0.49995128289134055,4.678556060088161e-06,4.678556060088161e-06,0.0,monotone,0.0,0.0,nan,40.0,0.49995128230087826,4.666243257412344e-06,4.666243257412344e-06,0.0,monotone,0.0013660841861296569,0.0013707304142538401,15.0,15.0,0.49995832648864963,0.4911671658286325,0.49253789624288635,0.0013707304142538401,persistent,0.0061430626780375475,0.0061843367264315385,14.97,14.97,0.4999387980139392,0.4871473992846381,0.49333173601106967,0.0061843367264315385,persistent,2.37299957358449e-05,2.374195434196512e-05,16.37,16.37,0.4999520507943429,4.929748540777096e-06,1.2234073283743933e-05,7.304324742966837e-06,other,3.3877630748045036e-05,3.389774745224496e-05,4.32,12.26,0.49994953135594317,6.307799375102077e-10,5.306007080608131e-08,5.24292908685711e-08,other,0.0032151232854547573,0.0032198364285961345,13.82,13.82,0.49993976033462195,0.49634692913697176,0.4995667655655679,0.0032198364285961345,persistent,9.307186763340969e-06,9.309782208033468e-06,11.63,11.63,0.49995866264611,0.49995243775911385,0.4999612186325578,8.780873443969828e-06,other
relu,0.0002,0.001,E3_regime,iso,0.01,1.0,2.0,2000,False,1,0.05,40.0,200,E3_regime__relu__mu1-2_sd0.05__h200_eps1.00e-03_iso__s1__dt0.0002__e9673ecb98,40.0,5.911104413193375e-05,-2.7194109461053636e-08,0.4999730382476457,0,85,0,85,0,90,0,90,4,113,4,283,181,539,0.0,0.0,nan,40.0,0.4999502248587952,2.774937668820351e-06,2.774937668820351e-06,0.0,monotone,0.0,0.0,nan,40.0,0.499950224333535,2.774129324403669e-06,2.774129324403669e-06,0.0,monotone,0.000887480433479193,0.0008904304317999823,14.77,14.77,0.49994502486229775,0.49243430315524084,0.4933247335870408,0.0008904304317999823,persistent,0.0048246819771355365,0.00485692635261703,14.74,14.74,0.49995715487424097,0.4901242578674726,0.49498118422008963,0.00485692635261703,persistent,2.401470461873859e-05,2.4033155871579477e-05,15.98,40.0,0.4999492616195273,9.656201494704487e-06,9.656201494704487e-06,0.0,other,1.6025051846471882e-05,1.6036357775743626e-05,4.38,11.93,0.49994750361329615,4.2239940229146715e-09,4.646965790250852e-08,4.224566387959385e-08,other,0.002027407291620875,0.0020289557495514754,13.38,13.38,0.49995749402918027,0.49775744365234026,0.49978639940189173,0.0020289557495514754,persistent,9.252596669284685e-06,9.256568538118515e-06,6.94,6.95,0.49994574580132856,0.49993821538221006,0.49994497220484857,6.756822638509519e-06,other
relu,0.0002,0.001,E3_regime,iso,0.01,1.0,2.0,2000,False,2,0.05,40.0,200,E3_regime__relu__mu1-2_sd0.05__h200_eps1.00e-03_iso__s2__dt0.0002__a1d4d92707,40.0,6.403433670145426e-05,-3.113924166613037e-08,0.49997228505920077,0,98,0,98,0,102,0,102,7,128,7,296,181,539,0.0,0.0,nan,40.0,0.49994768908813714,4.75681620301195e-06,4.75681620301195e-06,0.0,monotone,0.0,0.0,nan,40.0,0.49994769403439876,4.7260482151503655e-06,4.7260482151503655e-06,0.0,monotone,0.0010952268725800685,0.001099198747277208,15.13,15.13,0.4999536132612047,0.4914719510868722,0.4925711498341494,0.001099198747277208,persistent,0.005469724976199519,0.005508860834638585,15.13,15.13,0.49994615015643123,0.48796815037608887,0.49347701121072746,0.005508860834638585,persistent,1.4180548015991174e-05,1.419005806270347e-05,16.48,16.48,0.4999512275089187,5.065943595360725e-06,1.0639422746580534e-05,5.573479151219809e-06,other,2.749911416282719e-05,2.7514525484927288e-05,4.4,12.36,0.4999495251583495,3.909205123565177e-09,5.328990448627482e-08,4.938069936270964e-08,other,0.0028170782127703298,0.0028227020374596568,13.870000000000001,13.870000000000001,0.49994611106999565,0.4966734150930523,0.49949611713051195,0.0028227020374596568,persistent,1.074696279540488e-05,1.0750262482484008e-05,11.68,11.68,0.4999531412918823,0.4999440989022774,0.4999539667989982,9.867896720749947e-06,other
relu,0.0002,0.001,E3_regime,iso,0.01,1.0,2.0,2000,False,3,0.05,40.0,200,E3_regime__relu__mu1-2_sd0.05__h200_eps1.00e-03_iso__s3__dt0.0002__a4bd436109,40.0,7.021118586251079e-05,-3.46114591762267e-08,0.49997227197856375,0,108,0,108,0,120,0,120,7,138,7,247,181,539,0.0,0.0,nan,40.0,0.4999409754404057,4.295238465431646e-06,4.295238465431646e-06,0.0,monotone,0.0,0.0,nan,40.0,0.49994097238002416,4.305415226302063e-06,4.305415226302063e-06,0.0,monotone,0.0013532010120384519,0.0013582974245189838,14.84,14.84,0.4999497682129671,0.49131885169108086,0.49267714911559984,0.0013582974245189838,persistent,0.006352220603554837,0.0063944597573025175,14.790000000000001,14.790000000000001,0.4999604683402302,0.4873440211321698,0.4937384808894723,0.0063944597573025175,persistent,2.1955611791988552e-05,2.196628215116239e-05,16.1,16.1,0.49994421327174854,6.155527165637802e-06,1.2511271770951646e-05,6.355744605313843e-06,other,2.823187772998443e-05,2.8247172406174334e-05,4.39,11.98,0.4999452233201762,1.0085513804440069e-10,6.156966860779184e-08,6.146881346974744e-08,other,0.0031369865566933663,0.0031413931552823904,13.61,13.61,0.4999604406796341,0.4965008962580295,0.4996422894133119,0.0031413931552823904,persistent,1.5562869619289987e-05,1.5566232026753557e-05,7.140000000000001,7.140000000000001,0.49995012783447546,0.49994176557799164,0.4999560398593412,1.4274281349535567e-05,other
relu,0.0002,0.001,E3_regime,iso,0.01,1.0,2.0,2000,False,4,0.05,40.0,200,E3_regime__relu__mu1-2_sd0.05__h200_eps1.00e-03_iso__s4__dt0.0002__e8e64492e2,40.0,6.567895001840448e-05,-2.8533683966858593e-08,0.4999783574773531,0,95,0,95,0,99,0,99,5,125,5,255,181,539,0.0,0.0,nan,40.0,0.49994669296698085,4.113850939355354e-06,4.113850939355354e-06,0.0,monotone,0.0,0.0,nan,40.0,0.49994669392786306,4.1098586722468e-06,4.1098586722468e-06,0.0,monotone,0.0011436364080426586,0.0011471382676621622,14.6,14.6,0.4999571697542683,0.4919163438160478,0.49306348208371,0.0011471382676621622,persistent,0.005092789659391361,0.005127715359059648,14.82,14.82,0.49994838689903426,0.48909329747509317,0.4942210128341528,0.005127715359059648,persistent,1.8948682778004283e-05,1.8963429248522084e-05,16.1,16.09,0.4999456779836631,8.530892955659044e-06,9.599998464676577e-06,1.0691055090175328e-06,other,2.0950898840768872e-05,2.0963280796996158e-05,4.36,11.96,0.49994733444606904,6.659455744795238e-09,4.465250304024789e-08,3.799304729545265e-08,other,0.002377858047721393,0.002382264601619777,13.52,13.52,0.49994917927873034,0.4971968128377342,0.499579077439354,0.002382264601619777,persistent,1.54263297841295e-05,1.5429853121529113e-05,7.140000000000001,7.140000000000001,0.4999578133595181,0.49994908157656925,0.49996428165045276,1.5200073883503418e-05,other
relu,0.0002,0.001,E3_regime,iso,0.01,1.0,2.0,2000,False,5,0.05,40.0,200,E3_regime__relu__mu1-2_sd0.05__h200_eps1.00e-03_iso__s5__dt0.0002__6839ddec67,40.0,6.294499033855914e-05,-2.8372652127831586e-08,0.4999702898182079,0,85,0,86,0,89,0,89,3,111,3,281,181,539,0.0,0.0,nan,40.0,0.4999522369210443,3.347377904201061e-06,3.347377904201061e-06,0.0,monotone,0.0,0.0,nan,40.0,0.4999522366798296,3.351003528802308e-06,3.351003528802308e-06,0.0,monotone,0.0009764338651208071,0.000980042023696448,14.74,14.74,0.49994955392148027,0.4922678154536024,0.4932478574772988,0.000980042023696448,persistent,0.004820819615112881,0.004854576732918503,14.86,14.86,0.49995169209549484,0.4896785330260525,0.494533109758971,0.004854576732918503,persistent,1.3017804416325484e-05,1.3026531047435733e-05,16.06,16.05,0.4999462331803635,7.871457696995513e-06,1.024382221473823e-05,2.372364517742717e-06,other,1.784600317736559e-05,1.7859102189420703e-05,4.38,11.870000000000001,0.49995143414482635,3.0548703897886993e-09,4.004484731357148e-08,3.6989976923782776e-08,other,0.002220768245654814,0.002223309474278734,13.38,13.38,0.49995213412359396,0.49749511014134634,0.4997184196156251,0.002223309474278734,persistent,1.2433433425940166e-05,1.2444805415345872e-05,6.6000000000000005,6.6000000000000005,0.49995020357675046,0.49994576045142575,0.4999557757607527,1.001530932692729e-05,other
relu,0.0002,0.001,E3_regime,iso,0.01,1.0,2.0,2000,False,6,0.05,40.0,200,E3_regime__relu__mu1-2_sd0.05__h200_eps1.00e-03_iso__s6__dt0.0002__aa52ead0b4,40.0,6.795016567223911e-05,-3.451744079662432e-08,0.49996858037908964,0,120,0,120,3,141,3,141,8,159,8,329,181,539,0.0,0.0,nan,40.0,0.49995418139763037,3.890321100713222e-06,3.890321100713222e-06,0.0,monotone,0.0,0.0,nan,40.0,0.49995418718762347,3.901687673406612e-06,3.901687673406612e-06,0.0,monotone,0.0014286636989854218,0.001432792437485897,14.83,14.83,0.49994976093544224,0.4914447793969958,0.4928775718344817,0.001432792437485897,persistent,0.006395788957041237,0.006438466187819958,14.81,14.81,0.4999463642466646,0.4869799605857399,0.49341842677355985,0.006438466187819958,persistent,2.5529052353786856e-05,2.553624617114513e-05,16.48,16.48,0.49995472292364446,2.68413258259846e-06,1.2700176843040907e-05,1.0016044260442445e-05,other,3.4969536828426e-05,3.499097451409739e-05,4.3,12.17,0.4999488741647127,1.464357774636058e-10,4.5908085738608045e-08,4.576164996114444e-08,other,0.003424571728105119,0.0034286307901513213,13.74,13.74,0.4999470573096892,0.49627481275387764,0.49970344354402896,0.0034286307901513213,persistent,7.428254155616987e-06,7.440276012848912e-06,7.45,7.45,0.4999493506545386,0.49994461167532067,0.4999492052912812,4.593615960502007e-06,other
relu,0.0002,0.001,E3_regime,iso,0.01,1.0,2.0,2000,False,7,0.05,40.0,200,E3_regime__relu__mu1-2_sd0.05__h200_eps1.00e-03_iso__s7__dt0.0002__e2abdca636,40.0,6.812632232466909e-05,-3.3274730891862787e-08,0.4999697930031033,0,104,0,104,1,113,1,113,8,131,8,285,181,539,0.0,0.0,nan,40.0,0.49995136174394617,4.643747252857327e-06,4.643747252857327e-06,0.0,monotone,0.0,0.0,nan,40.0,0.4999513660585986,4.634317561266639e-06,4.634317561266639e-06,0.0,monotone,0.0011534509397134185,0.0011570208544619542,15.040000000000001,15.040000000000001,0.49995265279493756,0.49200992109816155,0.4931669419526235,0.0011570208544619542,persistent,0.005682772941151437,0.005723630326785412,15.05,15.05,0.49994667747508054,0.48774258159915423,0.49346621192593965,0.005723630326785412,persistent,2.2730125641084506e-05,2.2740555719109594e-05,16.43,16.43,0.4999464860489729,3.826750998839798e-06,1.3412781149002781e-05,9.586030150162983e-06,other,2.747814572759663e-05,2.7494374077695948e-05,4.4,12.120000000000001,0.49995379356549596,3.5810239726124043e-10,4.8240259754641644e-08,4.7882157357380404e-08,other,0.0031414108414186126,0.0031465194606523084,13.8,13.8,0.4999470780392242,0.49648573477807095,0.49963225423872326,0.0031465194606523084,persistent,1.3858043421965949e-05,1.3866910794801957e-05,7.22,7.22,0.49995264737657563,0.499946523888759,0.49995726207535024,1.0738186591252585e-05,other
relu,0.0002,0.001,E3_regime,iso,0.01,1.0,2.0,2000,False,8,0.05,40.0,200,E3_regime__relu__mu1-2_sd0.05__h200_eps1.00e-03_iso__s8__dt0.0002__a617bf654c,40.0,5.8812220582658854e-05,-2.6810175308801597e-08,0.4999687628849756,0,79,0,79,0,82,0,82,2,102,2,272,181,539,0.0,0.0,nan,40.0,0.49995346372849925,3.3282273313934086e-06,3.3282273313934086e-06,0.0,monotone,0.0,0.0,nan,40.0,0.4999534641464518,3.3255287875193715e-06,3.3255287875193715e-06,0.0,monotone,0.0007363881537065242,0.0007393880298315336,14.85,14.85,0.4999441750438136,0.49251683550821257,0.4932562235380441,0.0007393880298315336,persistent,0.004583967516912868,0.004615712247705794,14.82,14.82,0.4999540054059456,0.4902609310116066,0.4948766432593124,0.004615712247705794,persistent,1.0864783612098769e-05,1.0876093913336682e-05,16.0,40.0,0.49994767506852844,9.699083848844932e-06,9.699083848844932e-06,0.0,other,1.3955389604802804e-05,1.3965107003870356e-05,4.48,11.91,0.4999544961066591,6.014725949930724e-09,4.2824801339428873e-08,3.681007538949815e-08,other,0.0019520655534341347,0.001955239252457386,13.39,13.39,0.4999534664657982,0.49774826590329546,0.49970350515575285,0.001955239252457386,persistent,1.2623834389935418e-05,1.2632123667921658e-05,7.21,7.22,0.4999443674091542,0.4999388975578306,0.4999489192110595,1.0021653228886596e-05,other
relu,0.0002,0.001,E3_regime,iso,0.01,1.0,2.0,2000,False,9,0.05,40.0,200,E3_regime__relu__mu1-2_sd0.05__h200_eps1.00e-03_iso__s9__dt0.0002__acd8fc9647,40.0,6.281043302197547e-05,-3.349686718067757e-08,0.4999759933145569,0,108,0,108,2,125,2,125,7,144,7,273,181,539,0.0,0.0,nan,40.0,0.4999448739607658,3.8659907018610725e-06,3.8659907018610725e-06,0.0,monotone,0.0,0.0,nan,40.0,0.4999448741371996,3.868167104981819e-06,3.868167104981819e-06,0.0,monotone,0.0014156589600546887,0.001420559879978689,14.82,14.82,0.49995323331517516,0.4910376083041849,0.4924581681841636,0.001420559879978689,persistent,0.0067017328621183925,0.006745017696039801,14.91,14.91,0.49995360212977,0.4870986531744551,0.4938436708704949,0.006745017696039801,persistent,3.2729404681090685e-05,3.2754469340958844e-05,16.14,16.13,0.4999477614545211,5.713371314842181e-06,1.1209448526242943e-05,5.496077211400762e-06,other,2.8761443303437776e-05,2.8777689018438614e-05,4.34,12.01,0.4999446602961959,8.710331555424041e-10,4.890422113859903e-08,4.8033187983056626e-08,other,0.0032464035234521793,0.003249990881230791,13.67,13.67,0.4999540347691983,0.49639488597533393,0.4996448768565647,0.003249990881230791,persistent,1.108081588863108e-05,1.1085666411780881e-05,7.0600000000000005,7.07,0.4999535485176585,0.49994538935583793,0.49995428795575586,8.898599917928074e-06,other
relu,0.0002,0.001,E3_regime,pos,0.01,1.0,2.0,2000,False,0,0.05,40.0,200,E3_regime__relu__mu1-2_sd0.05__h200_eps1.00e-03_pos__s0__dt0.0002__1bebc101e8,40.0,7.861082768614839e-05,-4.669707721572595e-08,0.49999998639174237,158,145,158,146,168,152,168,152,178,160,178,160,181,539,0.0002941012531168241,0.00029945254027384516,3.21,40.0,0.49984621278152896,5.982086508036605e-06,5.982086508036605e-06,0.0,transient,0.00029376610576356543,0.0002990972592431529,3.21,40.0,0.4998462484383661,5.9664517510868585e-06,5.9664517510868585e-06,0.0,transient,0.0010044276843618194,0.0010079110199258112,16.19,16.19,0.49999996399908236,0.4918208306438863,0.49282874166381213,0.0010079110199258112,persistent,0.008335590680520588,0.008394545503696782,14.790000000000001,14.790000000000001,0.4999999793634873,0.4833059261784564,0.4917004716821532,0.008394545503696782,persistent,3.16403028209193e-05,3.1647941789136644e-05,17.18,17.18,0.49990953767121876,2.5332800223843544e-07,2.7234621027175906e-05,2.698129302493747e-05,other,5.392204547211516e-05,5.39461699270505e-05,4.55,12.620000000000001,0.49989047603170395,4.450994827629464e-08,5.668150311566625e-08,1.2171554839371609e-08,other,0.0056117713606598785,0.0056220164302114295,14.01,14.01,0.5,0.4942630368116765,0.4998850532418879,0.0056220164302114295,persistent,0.0,0.0,nan,0.0,0.5,0.5,0.5,0.0,monotone
relu,0.0002,0.001,E3_regime,pos,0.01,1.0,2.0,2000,False,1,0.05,40.0,200,E3_regime__relu__mu1-2_sd0.05__h200_eps1.00e-03_pos__s1__dt0.0002__1f858f5e7e,40.0,9.9430691026618e-05,-5.9203547870148956e-08,0.4999999948854885,163,165,163,166,171,175,171,175,179,240,179,262,181,539,0.0004394540784964235,0.00044615973501967165,3.2,40.0,0.4998464719349687,8.323970518591078e-06,8.323970518591078e-06,0.0,transient,0.00043939219600278023,0.0004460948486089411,3.2,40.0,0.499846477278412,8.321549923324941e-06,8.321549923324941e-06,0.0,transient,0.0010530173512857677,0.0010561219188848225,16.53,16.53,0.499999973689387,0.4918719523591294,0.4929280742780142,0.0010561219188848225,persistent,0.009636372507564106,0.00970898613707355,14.84,14.84,0.4999999839292123,0.4804502525483469,0.49015923868542044,0.00970898613707355,persistent,3.1373484685817935e-05,3.137861072877011e-05,17.93,17.93,0.49990145516598145,4.816231529580015e-09,2.607950313852873e-05,2.607468690699915e-05,other,7.447995425929383e-05,7.451126055398876e-05,4.59,40.0,0.49989855917097226,7.523203476397661e-08,7.523203476397661e-08,0.0,other,0.006874584027131758,0.006891101648036746,14.23,14.23,0.5,0.4926678616845423,0.49955896333257904,0.006891101648036746,persistent,4.341879296321238e-06,4.353921600031008e-06,11.77,11.77,0.5,0.49999564607839997,0.5,4.353921600031008e-06,other
relu,0.0002,0.001,E3_regime,pos,0.01,1.0,2.0,2000,False,2,0.05,40.0,200,E3_regime__relu__mu1-2_sd0.05__h200_eps1.00e-03_pos__s2__dt0.0002__f72a022afc,40.0,8.78439616052497e-05,-5.059660715166301e-08,0.49999999073665435,161,146,161,146,170,153,170,153,178,228,178,232,181,539,0.0003640365164688797,0.0003702765481193998,3.2,40.0,0.499849523230895,6.712339968688693e-06,6.712339968688693e-06,0.0,transient,0.00036295805110921064,0.00036921404473463926,3.2,40.0,0.4998496360551617,6.669244603527597e-06,6.669244603527597e-06,0.0,transient,0.0007176923207597441,0.0007204622455431742,16.73,16.73,0.4999999682937588,0.49214097869061196,0.49286144093615514,0.0007204622455431742,persistent,0.008495521602908784,0.008557007711367193,14.72,14.72,0.4999999931947085,0.48267023401996245,0.49122724173132964,0.008557007711367193,persistent,2.31048141265753e-05,2.310915661784136e-05,18.03,18.03,0.4999009612081252,3.866802397049385e-09,2.2577323488785093e-05,2.2573456686388042e-05,other,5.797794451015389e-05,5.800495717087124e-05,4.63,12.780000000000001,0.49989905268594514,5.1415599151221536e-08,6.759863182476366e-08,1.6183032673542127e-08,other,0.00584780048477157,0.00586414496289972,14.01,14.01,0.5,0.49380669819582657,0.4996708431587263,0.00586414496289972,persistent,0.0,0.0,nan,0.0,0.5,0.5,0.5,0.0,monotone
relu,0.0002,0.001,E3_regime,pos,0.01,1.0,2.0,2000,False,3,0.05,40.0,200,E3_regime__relu__mu1-2_sd0.05__h200_eps1.00e-03_pos__s3__dt0.0002__7eb0b73221,40.0,9.619100081146601e-05,-5.6386887799738414e-08,0.49999999935403067,164,155,164,155,172,165,172,165,179,228,179,247,181,539,0.0004944290473839069,0.0005016592203423709,3.19,40.0,0.4998442148343816,7.8908129357428e-06,7.8908129357428e-06,0.0,transient,0.0004949793032306138,0.0005022360765367939,3.19,40.0,0.49984417067829867,7.909392092699905e-06,7.909392092699905e-06,0.0,transient,0.0009143790229534376,0.0009179592133116699,16.65,16.65,0.4999999753648942,0.49236145453148733,0.493279413744799,0.0009179592133116699,persistent,0.009242105993838456,0.009309561467788607,14.83,14.83,0.4999999931959736,0.48158420226784177,0.4908937637356304,0.009309561467788607,persistent,2.611030317273782e-05,2.611545018821378e-05,17.8,17.8,0.49990210945893826,1.654090542260806e-08,2.27713297997895e-05,2.275478889436689e-05,other,6.393676151426256e-05,6.396400471608526e-05,4.68,40.0,0.49989790519274385,7.972660763569414e-08,7.972660763569414e-08,0.0,other,0.006204143015824282,0.0062213567228485145,14.17,14.17,0.5,0.49330738512993183,0.49952874185278034,0.0062213567228485145,persistent,0.0,0.0,nan,0.0,0.5,0.5,0.5,0.0,monotone
relu,0.0002,0.001,E3_regime,pos,0.01,1.0,2.0,2000,False,4,0.05,40.0,200,E3_regime__relu__mu1-2_sd0.05__h200_eps1.00e-03_pos__s4__dt0.0002__4211161540,40.0,0.00010120648261897681,-5.614817105600552e-08,0.4999999899831682,162,151,162,151,170,160,170,160,178,219,178,250,181,539,0.00039564883384457517,0.0004017513357682523,3.18,40.0,0.49984198972555954,7.908217407065293e-06,7.908217407065293e-06,0.0,transient,0.0003954654754158432,0.0004015683883855231,3.18,40.0,0.4998420036295109,7.900572850998092e-06,7.900572850998092e-06,0.0,transient,0.0007865547075673884,0.0007891469626199465,16.92,16.92,0.4999999868777716,0.4919812364678412,0.49277038343046115,0.0007891469626199465,persistent,0.008600149248391864,0.00866685380318305,15.120000000000001,15.120000000000001,0.49999998720897526,0.48210259557134927,0.4907694493745323,0.00866685380318305,persistent,2.5721108815187936e-05,2.572534259467578e-05,17.88,17.87,0.49991076533970913,3.1565580053712104e-08,2.567580933329401e-05,2.56442437532403e-05,other,6.608433710911496e-05,6.611243016607817e-05,4.61,13.030000000000001,0.4998892489310872,6.900222508642924e-08,7.582063772381468e-08,6.818412637385438e-09,other,0.006109507097262823,0.006129894444356965,14.32,14.32,0.5,0.4934810312116265,0.4996109256559835,0.006129894444356965,persistent,2.303988511920263e-06,2.3067003793730834e-06,12.0,12.01,0.5,0.4999976932996206,0.5,2.3067003793730834e-06,other
relu,0.0002,0.001,E3_regime,pos,0.01,1.0,2.0,2000,False,5,0.05,40.0,200,E3_regime__relu__mu1-2_sd0.05__h200_eps1.00e-03_pos__s5__dt0.0002__b9302ffbba,40.0,9.327449040299881e-05,-5.348990335637461e-08,0.49999999025107567,162,152,162,152,171,162,171,162,179,170,179,170,181,539,0.00042898177202810306,0.0004357452342712842,3.2,40.0,0.4998490360969253,7.205420665510531e-06,7.205420665510531e-06,0.0,transient,0.000429191570679624,0.0004359660573345081,3.2,40.0,0.49984901549064276,7.21319804903077e-06,7.21319804903077e-06,0.0,transient,0.0014349766357368843,0.001439597100665213,15.77,15.77,0.4999999562443762,0.4912895941089163,0.49272919120958153,0.001439597100665213,persistent,0.008959342783772306,0.009026730186035392,14.96,14.96,0.49999998549714275,0.48153366643804274,0.49056039662407813,0.009026730186035392,persistent,2.3239105385900157e-05,2.3242333572201333e-05,18.12,18.12,0.4998986878463184,3.964663528478771e-09,2.219862350065083e-05,2.219465883712235e-05,other,5.90412707362537e-05,5.906768250302322e-05,4.66,12.52,0.49990132634276163,5.919071498504425e-08,6.180986660719238e-08,2.6191516221481254e-09,other,0.006351577128446639,0.0063684172371849534,14.13,14.13,0.5,0.4932114505495187,0.49957986778670366,0.0063684172371849534,persistent,0.0,0.0,nan,0.0,0.5,0.5,0.5,0.0,monotone
relu,0.0002,0.001,E3_regime,pos,0.01,1.0,2.0,2000,False,6,0.05,40.0,200,E3_regime__relu__mu1-2_sd0.05__h200_eps1.00e-03_pos__s6__dt0.0002__8cd093621a,40.0,9.601136919980416e-05,-5.736870252647994e-08,0.499999988946235,159,158,160,158,169,169,169,169,178,241,178,264,181,539,0.00032667314038224704,0.000332408202663656,3.21,40.0,0.49984779076427327,6.8801787813521825e-06,6.8801787813521825e-06,0.0,transient,0.00032710511450902147,0.00033283348286788916,3.21,40.0,0.4998477451892126,6.900161438778093e-06,6.900161438778093e-06,0.0,transient,0.0007472299287407669,0.0007495992453074862,16.82,16.82,0.49999998253262967,0.49258018791067815,0.49332978715598563,0.0007495992453074862,persistent,0.00943362813643489,0.009502911358247379,14.57,14.57,0.4999999817521749,0.4809833977634429,0.4904863091216903,0.009502911358247379,persistent,2.9942864164860854e-05,2.9945619457960227e-05,18.38,18.38,0.4999050397541283,6.081864469501276e-09,2.5873436876615045e-05,2.5867355012145544e-05,other,7.239056447551981e-05,7.242135986915867e-05,4.51,40.0,0.4998949740536638,7.842987984551713e-08,7.842987984551713e-08,0.0,other,0.006805320958020167,0.006818446066487682,13.99,13.99,0.5,0.4929112486909634,0.4997296947574511,0.006818446066487682,persistent,1.0183445469658103e-06,1.0225735417312976e-06,11.69,11.69,0.5,0.49999897742645827,0.5,1.0225735417312976e-06,other
relu,0.0002,0.001,E3_regime,pos,0.01,1.0,2.0,2000,False,7,0.05,40.0,200,E3_regime__relu__mu1-2_sd0.05__h200_eps1.00e-03_pos__s7__dt0.0002__2e64ab50af,40.0,8.839224051924934e-05,-4.9856095701869096e-08,0.4999999993132095,161,150,162,150,170,159,170,159,178,167,178,167,181,539,0.00037461582839688756,0.00038090514423694266,3.21,40.0,0.49984902463048997,6.904196444921546e-06,6.904196444921546e-06,0.0,transient,0.0003742650840104639,0.00038055952140989,3.21,40.0,0.4998490606290516,6.890261222975109e-06,6.890261222975109e-06,0.0,transient,0.0013035554847274922,0.0013078743483356248,15.82,15.82,0.4999999575795338,0.49186630845463797,0.4931741828029736,0.0013078743483356248,persistent,0.008496342446733252,0.008558828986250266,14.82,14.82,0.4999999890513945,0.48267128237745277,0.49123011136370304,0.008558828986250266,persistent,2.6865467976800904e-05,2.687108940528327e-05,17.42,17.42,0.4999009165495587,8.994833536611525e-08,2.555948943205233e-05,2.5469541096686215e-05,other,5.332543311324529e-05,5.334830608686694e-05,4.62,12.5,0.4998990974268338,5.822813500701509e-08,5.913134287497287e-08,9.032078679577792e-10,other,0.005797338249728723,0.00581333607978779,14.05,14.05,0.5,0.49391906540111397,0.49973240148090176,0.00581333607978779,persistent,0.0,0.0,nan,0.0,0.5,0.5,0.5,0.0,monotone
relu,0.0002,0.001,E3_regime,pos,0.01,1.0,2.0,2000,False,8,0.05,40.0,200,E3_regime__relu__mu1-2_sd0.05__h200_eps1.00e-03_pos__s8__dt0.0002__94fe6d80a5,40.0,9.829975631305704e-05,-5.88578836930578e-08,0.49999998876957985,163,160,163,160,171,170,171,170,179,235,179,273,181,539,0.0004534356133919226,0.0004604428071687816,3.21,40.0,0.4998507427234244,8.474182209516898e-06,8.474182209516898e-06,0.0,transient,0.00045325923246572475,0.00046026872466044255,3.21,40.0,0.4998507593807181,8.467341561155363e-06,8.467341561155363e-06,0.0,transient,0.0007935923536437905,0.0007964071098783831,16.8,16.79,0.49999998017840314,0.4923720575024513,0.49316846461232966,0.0007964071098783831,persistent,0.009350532432687353,0.009421163375539221,14.790000000000001,14.790000000000001,0.49999998403896323,0.48093079845492337,0.4903519618304626,0.009421163375539221,persistent,2.4506141440641923e-05,2.451020679731599e-05,18.330000000000002,18.330000000000002,0.4998951127907528,9.627918329610075e-11,2.3461870636403437e-05,2.3461774357220142e-05,other,6.791214385967496e-05,6.794185088716915e-05,4.63,40.0,0.49990490149178857,7.968530901543294e-08,7.968530901543294e-08,0.0,other,0.006673190744829138,0.006696214482098117,14.13,14.13,0.5,0.4927794987984193,0.49947571328051743,0.006696214482098117,persistent,0.0,0.0,nan,0.0,0.5,0.5,0.5,0.0,monotone
relu,0.0002,0.001,E3_regime,pos,0.01,1.0,2.0,2000,False,9,0.05,40.0,200,E3_regime__relu__mu1-2_sd0.05__h200_eps1.00e-03_pos__s9__dt0.0002__2c7d179f8a,40.0,8.712074418346071e-05,-5.384297486824821e-08,0.49999999952666757,162,153,162,153,170,161,171,161,179,227,179,241,181,539,0.00041023941465889724,0.0004165630746006538,3.19,40.0,0.4998442341574299,6.900440725426285e-06,6.900440725426285e-06,0.0,transient,0.00041034637100975657,0.0004166754143318241,3.19,40.0,0.49984422498939995,6.904293012427799e-06,6.904293012427799e-06,0.0,transient,0.0008082155086205911,0.0008111405698530416,16.61,16.61,0.49999997621624576,0.4924081462426057,0.49321928681245875,0.0008111405698530416,persistent,0.009199936290728628,0.009264785607550285,14.73,14.73,0.49999998521462025,0.48226065511253835,0.49152544072008864,0.009264785607550285,persistent,3.1382036333773364e-05,3.138937646144678e-05,17.51,17.51,0.4999060326976156,7.377075175026285e-08,2.5521496517479626e-05,2.5447725765729364e-05,other,5.8283696913266887e-05,5.830951076308965e-05,4.63,40.0,0.4998939815902069,6.962983354566818e-08,6.962983354566818e-08,0.0,other,0.006092153472557316,0.006107531210403361,14.08,14.08,0.5,0.49361921190229574,0.4997267431126991,0.006107531210403361,persistent,0.0,0.0,nan,0.0,0.5,0.5,0.5,0.0,monotone
relu,0.0002,0.1,E3_regime,iso,0.01,1.0,2.0,2000,False,0,0.05,40.0,2,E3_regime__relu__mu1-2_sd0.05__h2_eps1.00e-01_iso__s0__dt0.0002__89941c0548,40.0,0.0006256674561176652,-2.1782395971583352e-10,0.49999992336075394,179,249,179,398,179,285,179,438,180,327,180,484,181,539,0.016175542114605174,0.01629659669435364,1.84,40.0,0.49064287614491886,0.003652588286459924,0.003652588286459924,0.0,transient,0.0161540539807703,0.016273193568128078,1.85,40.0,0.49064582993479544,0.00365487571661649,0.00365487571661649,0.0,transient,0.005792592155475285,0.0057939218746513865,8.34,8.34,0.49006365739148583,0.4789321186728798,0.4844181010997815,0.005485982426901681,persistent,0.0010105620454148312,0.0010106730759088522,6.41,6.41,0.49999999999999994,0.4989893269240911,0.49999999999999994,0.0010106730759088522,persistent,0.007379477874872531,0.0073978316920860765,1.0,40.0,0.4956115749268327,7.663924674162731e-08,7.663924674162731e-08,0.0,transient,0.0,0.0,nan,40.0,0.4942799958193862,3.024888968542262e-07,3.024888968542262e-07,0.0,monotone,0.0,0.0,nan,0.0,0.5,0.5,0.5,0.0,monotone,0.006847181891879994,0.006847355464113469,5.79,5.79,0.49020300001364336,0.4892776076667913,0.4959501633890463,0.0066725557222550025,persistent
relu,0.0002,0.1,E3_regime,iso,0.01,1.0,2.0,2000,False,1,0.05,40.0,2,E3_regime__relu__mu1-2_sd0.05__h2_eps1.00e-01_iso__s1__dt0.0002__6910d21131,40.0,0.00023416037396845063,-3.3730143965339694e-08,0.49999999919011007,158,254,158,390,164,264,164,409,176,277,176,429,181,539,0.0005228511642937664,0.0005231207344838383,7.8500000000000005,40.0,0.49738804689661653,2.9148004715845335e-05,2.9148004715845335e-05,0.0,transient,0.000522703859158727,0.0005229733473020543,7.8500000000000005,40.0,0.49738865694920575,2.9139878418729062e-05,2.9139878418729062e-05,0.0,transient,0.0,1.6786121265210951e-06,nan,0.0,0.4999983213878735,0.4999983213878735,0.5,1.6786121265210951e-06,other,0.012482714731835265,0.012630506164382549,9.200000000000001,9.200000000000001,0.49061880075919334,0.47209567986454165,0.4847261860289242,0.012630506164382549,persistent,0.00011607190070735255,0.00012195869560387708,17.240000000000002,17.240000000000002,0.49010479467029155,1.414088358472977e-08,0.00012197283648746182,0.00012195869560387708,persistent,2.2859910567324875e-05,2.3253959980961005e-05,3.0700000000000003,40.0,0.49900993007855454,8.098899213717671e-10,8.098899213717671e-10,0.0,other,0.012644111736495767,0.012794427989157475,8.82,8.82,0.4909831694397566,0.4869459004382677,0.49974032842742516,0.012794427989157475,persistent,0.0,0.0,nan,0.0,0.5,0.5,0.5,0.0,monotone
relu,0.0002,0.1,E3_regime,iso,0.01,1.0,2.0,2000,False,2,0.05,40.0,2,E3_regime__relu__mu1-2_sd0.05__h2_eps1.00e-01_iso__s2__dt0.0002__552bc73a3c,40.0,1.003897658150054,-8.316658473006555e-10,0.49999999905593706,0,181,0,339,0,181,0,342,0,185,0,348,181,539,1.27675647831893e-15,0.0,2.56,40.0,0.49999999999999994,0.39904384188952535,0.39904384188952535,0.0,monotone,0.0,0.0,nan,40.0,0.5,0.3996575419996142,0.3996575419996142,0.0,monotone,0.021693338048190847,0.021694706606510183,5.89,5.89,0.48066001665918007,0.47490266426155986,0.49570719456307694,0.020804530301517077,persistent,1.0325074129013956e-14,0.0,20.48,0.0,0.49999999999999994,0.49999999999999994,0.49999999999999994,0.0,monotone,7.032232360870694e-07,7.036428569020768e-07,16.27,16.27,0.4990538337560423,9.44062933021465e-10,7.045869198350982e-07,7.036428569020768e-07,other,0.0,0.0,nan,0.0,0.5,0.5,0.5,0.0,monotone,0.0,0.0,nan,0.0,0.5,0.5,0.5,0.0,monotone,0.01921504307657268,0.019215071445270182,1.11,1.11,0.4811408923499392,0.4811231078590386,0.4993976911073942,0.01827458324835557,persistent
relu,0.0002,0.1,E3_regime,iso,0.01,1.0,2.0,2000,False,3,0.05,40.0,2,E3_regime__relu__mu1-2_sd0.05__h2_eps1.00e-01_iso__s3__dt0.0002__df687f9192,40.0,1.253149898717079,-6.02931038429233e-11,0.0156935453414917,0,0,0,156,0,2,0,166,0,6,0,174,181,539,1.0325074129013956e-14,0.0,20.48,0.0,0.49999999999999994,0.49999999999999994,0.49999999999999994,0.0,monotone,0.0,0.0,nan,0.0,0.5000000000000001,0.5000000000000001,0.5000000000000001,0.0,monotone,0.0,0.0,nan,40.0,0.4884708662075145,0.4882400425150779,0.4882400425150779,0.0,monotone,0.0,1.1307020153505931e-06,nan,0.0,0.4932952675570039,0.4932952675570039,0.4932963405941115,1.0730371075573508e-06,other,0.0,0.0,nan,0.0,0.5,0.5,0.5,0.0,monotone,0.0,0.0,nan,0.0,0.5,0.5,0.5,0.0,monotone,0.0,6.11758664533224e-05,nan,0.0,0.4925998769312357,0.4925998769312357,0.492661052797689,6.11758664533224e-05,other,0.0,0.0,nan,40.0,0.487533979911534,0.4874100886635948,0.4874100886635948,0.0,monotone
relu,0.0002,0.1,E3_regime,iso,0.01,1.0,2.0,2000,False,4,0.05,40.0,2,E3_regime__relu__mu1-2_sd0.05__h2_eps1.00e-01_iso__s4__dt0.0002__e6539b25a8,40.0,0.00018547974717964116,-4.12556987014652e-08,0.49999999939850664,155,250,155,383,162,256,162,394,174,272,174,421,181,539,0.00040744857008431524,0.0004076830900799532,7.8500000000000005,40.0,0.4974151826466421,1.3318672365660867e-05,1.3318672365660867e-05,0.0,transient,0.0004070668473407191,0.00040730114056474745,7.8500000000000005,40.0,0.4974171992975202,1.330635768773243e-05,1.330635768773243e-05,0.0,transient,0.0,2.576786616581561e-06,nan,0.0,0.4999974232133834,0.4999974232133834,0.5,2.576786616581561e-06,other,0.012018949508491139,0.012132046465578028,9.15,9.15,0.4908525951967317,0.4759217576786006,0.48805380414417865,0.012132046465578028,persistent,0.0001276566482291938,0.0001284069319700417,17.79,17.79,0.4901003177905038,6.331203704849694e-09,6.662728370986547e-05,6.662095250616061e-05,persistent,2.5795250040387544e-05,2.6188317396134793e-05,2.99,40.0,0.4987271201581929,6.014933489860557e-10,6.014933489860557e-10,0.0,other,0.010691717594123795,0.010691765401568687,8.75,8.75,0.4912702972793782,0.4893082345984313,0.5,0.010691765401568687,persistent,0.0,0.0,nan,0.0,0.5,0.5,0.5,0.0,monotone
relu,0.0002,0.1,E3_regime,iso,0.01,1.0,2.0,2000,False,5,0.05,40.0,2,E3_regime__relu__mu1-2_sd0.05__h2_eps1.00e-01_iso__s5__dt0.0002__2c2b067ee5,40.0,0.0008138475844207858,-1.9224473287154237e-07,0.49999999992299105,165,191,165,212,171,191,171,214,179,191,179,218,181,539,0.0007517646750856825,0.0007519584683615131,32.67,32.67,0.49075423128928597,5.512224087810931e-05,0.0008054275202365479,0.0007503052793584386,persistent,0.000752516196495311,0.000752710266954426,32.67,32.67,0.4907593365781911,5.5198120342911386e-05,0.0008062547183894909,0.0007510565980465794,persistent,0.0,0.0,nan,0.0,0.5,0.5,0.5,0.0,monotone,0.004609897459948276,0.004838539958824273,33.49,33.49,0.4966381103273194,0.41071726594482466,0.41555580590364893,0.004838539958824273,persistent,0.0,0.0,nan,40.0,0.5,5.543667586048171e-05,5.543667586048171e-05,0.0,monotone,0.0008978023127180667,0.000897913316436279,2.9,2.9,0.4825911977147032,1.2671926984116423e-07,1.4787563682141462e-07,2.1156366980250383e-08,transient,0.005134429543121877,0.0053715035273312894,32.92,32.92,0.49760876821512123,0.4498559301457987,0.45522743367313,0.0053715035273312894,persistent,0.0,0.0,nan,0.0,0.5,0.5,0.5,0.0,monotone
relu,0.0002,0.1,E3_regime,iso,0.01,1.0,2.0,2000,False,6,0.05,40.0,2,E3_regime__relu__mu1-2_sd0.05__h2_eps1.00e-01_iso__s6__dt0.0002__278c2c0b46,40.0,0.0006431369885116258,-4.4574881546272094e-10,0.49999997412404973,179,210,179,302,179,213,179,308,180,217,180,317,181,539,0.017374816101091095,0.017532412029950983,2.35,40.0,0.4958368240404503,0.0022682158979297432,0.0022682158979297432,0.0,transient,0.017399046760972557,0.017556615438525297,2.35,40.0,0.4958300104629145,0.0022666343501781764,0.0022666343501781764,0.0,transient,0.0033782380383307054,0.0033853152243931706,6.640000000000001,6.640000000000001,0.49232672000860395,0.4737476395888887,0.4771329548132819,0.0033853152243931706,persistent,1.0325074129013956e-14,0.0,20.48,0.0,0.49999999999999994,0.49999999999999994,0.49999999999999994,0.0,monotone,0.007617212006770402,0.0077314019589802,1.72,28.91,0.4875859742806377,2.587595087895812e-08,2.6662633544598676e-08,7.866826656405573e-10,transient,0.0,0.0,nan,40.0,0.4994387472871423,3.533537891265293e-08,3.533537891265293e-08,0.0,monotone,0.0,0.0,nan,0.0,0.5,0.5,0.5,0.0,monotone,0.003423062374286634,0.0034285220642317205,5.28,5.28,0.4930935106067394,0.48915754904724007,0.4925860711114718,0.0034285220642317205,persistent
relu,0.0002,0.1,E3_regime,iso,0.01,1.0,2.0,2000,False,7,0.05,40.0,2,E3_regime__relu__mu1-2_sd0.05__h2_eps1.00e-01_iso__s7__dt0.0002__4f491549a8,40.0,0.00038821247685541554,-9.884287344673597e-08,0.49999999997024724,168,215,168,348,175,215,175,354,181,215,181,365,181,539,0.0008322207790353207,0.0008324085142905328,13.9,40.0,0.49071245193961016,6.62976560600218e-05,6.62976560600218e-05,0.0,transient,0.0008306774850449405,0.000830864647547236,13.9,40.0,0.490713616527017,6.61701881752616e-05,6.61701881752616e-05,0.0,transient,0.0,0.0,nan,0.0,0.5,0.5,0.5,0.0,monotone,0.04628949017872358,0.0469101615127725,14.69,14.69,0.4930019661729683,0.40060205617412614,0.44751221768689864,0.0469101615127725,persistent,6.577429238838953e-05,7.093761527123422e-05,30.0,30.0,0.49503096835052773,5.768261378000349e-07,7.151444140903425e-05,7.093761527123422e-05,other,0.0005186146944980278,0.0005188888803557329,2.73,35.19,0.49140892248752427,1.794987673737339e-08,3.052795007514114e-08,1.2578073337767747e-08,transient,0.048979191797922206,0.0496338303182185,14.05,14.05,0.4936542102449449,0.4431451890788062,0.4927790193970247,0.0496338303182185,persistent,0.0,0.0,nan,0.0,0.5,0.5,0.5,0.0,monotone
relu,0.0002,0.1,E3_regime,iso,0.01,1.0,2.0,2000,False,8,0.05,40.0,2,E3_regime__relu__mu1-2_sd0.05__h2_eps1.00e-01_iso__s8__dt0.0002__67c5511837,40.0,0.0007099216684627335,-7.047618552191281e-08,0.5036702299339275,5,355,5,535,6,358,6,538,7,360,7,539,181,539,3.3306690738754696e-16,0.0,0.64,40.0,0.49999999999999994,0.0028809963394187932,0.0028809963394187932,0.0,monotone,0.0,0.0,nan,40.0,0.5000000000000001,0.0028815555867605634,0.0028815555867605634,0.0,monotone,0.01343180128188498,0.013432995405122439,5.38,5.38,0.4915330277020956,0.48627173161692083,0.4939826545187667,0.007710922901845885,persistent,0.016100867013764508,0.01611541621557888,2.12,2.12,0.4900510207575111,0.4859852687787284,0.49794707348596506,0.011961804707236678,persistent,0.0001266353464343824,0.0001275216898947243,16.42,16.42,0.49784859019952266,1.2775241283276183e-06,1.7995142579182062e-05,1.6717618450854445e-05,persistent,1.5943772847425534e-08,1.5952017588106117e-08,6.79,40.0,0.49993654772190593,2.1054810510336e-08,2.1054810510336e-08,0.0,other,0.01451627179422521,0.014516521498496915,0.59,0.59,0.49011345227809405,0.49010464976807666,0.5,0.009895350231923339,persistent,0.0,0.011468861030940303,nan,0.0,0.4922014098004774,0.4922014098004774,0.5007189910473312,0.008517581246853811,other
relu,0.0002,0.1,E3_regime,iso,0.01,1.0,2.0,2000,False,9,0.05,40.0,2,E3_regime__relu__mu1-2_sd0.05__h2_eps1.00e-01_iso__s9__dt0.0002__b458ed84a0,40.0,0.0006897142313533687,-1.0806841174433417e-08,0.5021957421704428,0,346,0,525,5,349,5,528,11,355,12,534,181,539,0.0,0.0,nan,40.0,0.4988198100563496,0.0036352168281113353,0.0036352168281113353,0.0,monotone,0.0,0.0,nan,40.0,0.4988206700728134,0.003634729573812016,0.003634729573812016,0.0,monotone,0.011603762472945645,0.011605172661785956,6.74,6.74,0.49025507879011065,0.4840903404670353,0.4901166640604713,0.006026323593435967,persistent,0.00794099522871955,0.007953464098126639,1.1300000000000001,1.1300000000000001,0.49462779099159654,0.4914814336884796,0.49915819811406875,0.007676764425589178,persistent,0.0,0.0,nan,40.0,0.4994769733229457,2.0374344741875992e-06,2.0374344741875992e-06,0.0,monotone,2.1394195150812512e-07,2.141763624587062e-07,4.13,4.13,0.4947281675862742,3.645909924624736e-09,3.639297988127413e-08,3.2747069956649394e-08,other,0.0,0.006635454952552411,nan,0.0,0.4953218324137258,0.4953218324137258,0.5,0.004678167586274207,other,0.011451274356039154,0.011451354710328487,1.72,1.72,0.49057302667705427,0.49055184966344206,0.4989561291736749,0.008404279510232815,persistent
relu,0.0002,0.1,E3_regime,pos,0.01,1.0,2.0,2000,False,0,0.05,40.0,2,E3_regime__relu__mu1-2_sd0.05__h2_eps1.00e-01_pos__s0__dt0.0002__9d2e86d90f,40.0,0.00010293444243680761,-7.403798051075809e-08,0.4999999986780268,175,229,175,284,175,241,175,295,180,259,180,309,181,539,0.008469770017833736,0.008567234752750189,1.72,40.0,0.48424413422466617,3.7868175310928095e-06,3.7868175310928095e-06,0.0,transient,0.008458050133444708,0.008555525929866997,1.72,40.0,0.4842515227410569,3.7775486675074023e-06,3.7775486675074023e-06,0.0,transient,0.0,0.0,nan,0.0,0.5,0.5,0.5,0.0,monotone,0.026570501315766437,0.026698824657052367,10.46,10.46,0.49999999999999994,0.45900417347455025,0.4857029981316026,0.026698824657052367,persistent,0.0018101929002699024,0.001913004360927284,1.06,17.89,0.48887391143193426,2.3431439879015593e-07,1.826559665711004e-05,1.8031282258319884e-05,transient,1.6013514554784214e-09,1.6036258788201096e-09,17.240000000000002,28.75,0.4912963524325941,2.5843917122370032e-09,3.603875063653063e-09,1.0194833514160597e-09,other,0.01947450274133189,0.01947467015266463,10.1,10.1,0.5,0.48052532984733537,0.5,0.01947467015266463,persistent,0.0,0.0,nan,0.0,0.5,0.5,0.5,0.0,monotone
relu,0.0002,0.1,E3_regime,pos,0.01,1.0,2.0,2000,False,1,0.05,40.0,2,E3_regime__relu__mu1-2_sd0.05__h2_eps1.00e-01_pos__s1__dt0.0002__a08c703f9a,40.0,0.00021707260958536015,-8.781114470030483e-08,0.49999999936664197,176,201,176,250,179,214,179,262,181,221,181,270,181,539,0.0020197836771474187,0.002058272012167406,1.71,11.63,0.48246435303544644,1.6230677170157805e-06,1.6373294985222674e-05,1.4750227268206895e-05,transient,0.002019473748058498,0.0020579663315812985,1.71,11.63,0.48246426519396746,1.622032426581428e-06,1.636882934691777e-05,1.4746796920336342e-05,transient,0.0,0.0,nan,0.0,0.5,0.5,0.5,0.0,monotone,0.036534300422658816,0.036839665628078944,12.540000000000001,12.540000000000001,0.49999999999999994,0.43452743299176283,0.4713670986198418,0.036839665628078944,persistent,0.0001424237502243903,0.0001433414142788358,22.93,22.93,0.49515376383408394,2.9634858935015224e-07,7.913848082463419e-05,7.884213223528404e-05,persistent,0.00034644763390061104,0.00034668523008775696,2.91,32.43,0.48500581467046466,7.3010317015493636e-09,1.7045714368262537e-08,9.744682666713172e-09,transient,0.034593245273330575,0.03459343244081825,12.07,12.07,0.5,0.46540656755918175,0.5,0.03459343244081825,persistent,0.0,0.0,nan,0.0,0.5,0.5,0.5,0.0,monotone
relu,0.0002,0.1,E3_regime,pos,0.01,1.0,2.0,2000,False,2,0.05,40.0,2,E3_regime__relu__mu1-2_sd0.05__h2_eps1.00e-01_pos__s2__dt0.0002__617fbe92ef,40.0,0.0003538205554092785,-9.403134891073413e-08,0.4999999986890793,181,237,181,307,181,243,181,315,181,243,181,320,181,539,0.03370073148005497,0.03385933112359764,1.87,15.76,0.48778599240495735,1.7928611284678876e-05,6.259303763131002e-05,4.466442634663114e-05,transient,0.033559723982306035,0.033718656969849936,1.87,15.76,0.4878155045993682,1.776460914052976e-05,6.221001002502335e-05,4.444540088449359e-05,transient,0.0,0.0,nan,0.0,0.5,0.5,0.5,0.0,monotone,0.0339126936345544,0.034388768977975326,16.62,16.62,0.49999999999999994,0.42261727652561626,0.4570060455035916,0.034388768977975326,persistent,0.03779931423671845,0.03785859106800571,1.09,31.77,0.4838011558709983,2.283886572509703e-07,5.187174540194915e-05,5.1643356744698174e-05,transient,0.00044939066986932573,0.00044957301136592734,5.7700000000000005,38.230000000000004,0.4963985089225383,1.2286789526103698e-08,1.4147564560589e-08,1.8607750344853023e-09,transient,0.035465939758203335,0.03596283046593285,16.11,16.11,0.5,0.45751413380503525,0.4934769642709681,0.03596283046593285,persistent,0.0,0.0,nan,0.0,0.5,0.5,0.5,0.0,monotone
relu,0.0002,0.1,E3_regime,pos,0.01,1.0,2.0,2000,False,3,0.05,40.0,2,E3_regime__relu__mu1-2_sd0.05__h2_eps1.00e-01_pos__s3__dt0.0002__38be6a7929,40.0,6.781977094572193e-05,-3.5485811399743866e-08,0.49999999998796824,175,302,175,317,175,308,175,322,176,317,176,333,181,539,0.01701807874349403,0.017177992118007412,2.11,40.0,0.49141119382218446,1.2619868183236585e-06,1.2619868183236585e-06,0.0,transient,0.01704209530992465,0.01720292380550785,2.11,40.0,0.49140045170734586,1.264794032428481e-06,1.264794032428481e-06,0.0,transient,0.0,0.0,nan,0.0,0.5,0.5,0.5,0.0,monotone,0.014639725923318192,0.014696201871565506,9.450000000000001,9.450000000000001,0.49999999999999994,0.4791987152461185,0.493894917117684,0.014696201871565506,persistent,0.012664733608825807,0.012775101345797013,1.43,14.09,0.48168318199530535,1.354288123727299e-07,6.176574277595844e-06,6.041145465223114e-06,transient,3.803199371594183e-10,3.810400065734312e-10,14.870000000000001,40.0,0.4985112852163717,4.673204291364013e-10,4.673204291364013e-10,0.0,monotone,0.007443509004913695,0.007443626360525091,9.120000000000001,9.120000000000001,0.5,0.4925563736394749,0.5,0.007443626360525091,persistent,0.0,0.0,nan,0.0,0.5,0.5,0.5,0.0,monotone
relu,0.0002,0.1,E3_regime,pos,0.01,1.0,2.0,2000,False,4,0.05,40.0,2,E3_regime__relu__mu1-2_sd0.05__h2_eps1.00e-01_pos__s4__dt0.0002__95407bdf21,40.0,0.00021635686095819378,-9.633364581843225e-08,0.49999999970440323,176,201,176,250,179,213,179,261,181,221,181,270,181,539,0.002162692161621488,0.0022030847605584575,1.7,11.620000000000001,0.4823899069653868,1.67629671099777e-06,1.4246115623106206e-05,1.2569818912108436e-05,transient,0.002161562223091995,0.0022019695206023093,1.7,11.620000000000001,0.4823896576676364,1.6726773715919395e-06,1.4233228862552572e-05,1.2560551490960632e-05,transient,0.0,0.0,nan,0.0,0.5,0.5,0.5,0.0,monotone,0.03726407747752669,0.037559067687232106,12.540000000000001,12.540000000000001,0.49999999999999994,0.43452217593311226,0.47208124362034437,0.037559067687232106,persistent,0.0001380958991965351,0.00013897192730938756,23.67,23.67,0.4951274402637729,2.3062199005101227e-07,6.886175907417948e-05,6.863113708412847e-05,persistent,0.0003475224213535068,0.00034776757989938195,2.92,33.44,0.4850332017574361,8.376783888534076e-09,1.71585976993708e-08,8.781813810836725e-09,transient,0.03460201202696306,0.034602195061412544,12.06,12.06,0.5,0.46539780493858746,0.5,0.034602195061412544,persistent,0.0,0.0,nan,0.0,0.5,0.5,0.5,0.0,monotone
relu,0.0002,0.1,E3_regime,pos,0.01,1.0,2.0,2000,False,5,0.05,40.0,2,E3_regime__relu__mu1-2_sd0.05__h2_eps1.00e-01_pos__s5__dt0.0002__64f923a66f,40.0,0.0007784471298917186,-1.2494495686210874e-07,0.49999999998047057,181,199,181,217,181,199,181,220,181,199,181,223,181,539,0.008904012695445176,0.008945303668813326,1.6500000000000001,30.490000000000002,0.4807005175436089,5.239282487090805e-05,0.0007478088609156158,0.0006954160360447077,transient,0.008908967647542454,0.008950341732006442,1.6500000000000001,30.490000000000002,0.48070212519798794,5.246541272255645e-05,0.0007485812078349581,0.0006961157951124017,transient,0.0,0.0,nan,0.0,0.5,0.5,0.5,0.0,monotone,0.007253514207026079,0.007521951511974989,31.310000000000002,31.310000000000002,0.49999999999999994,0.41138429664043086,0.41890624815240585,0.007521951511974989,persistent,0.0030506217202136976,0.0030552722996449178,0.6900000000000001,40.0,0.4982258301423588,1.7480193948266195e-05,1.7480193948266195e-05,0.0,transient,0.0008669032747548044,0.0008670115420308085,11.31,40.0,0.48197416772802837,4.5617431332567574e-08,4.5617431332567574e-08,0.0,transient,0.007868887496959576,0.008147532505352106,30.75,30.75,0.5,0.4502797442754047,0.4584272767807568,0.008147532505352106,persistent,0.0,0.0,nan,0.0,0.5,0.5,0.5,0.0,monotone
relu,0.0002,0.1,E3_regime,pos,0.01,1.0,2.0,2000,False,6,0.05,40.0,2,E3_regime__relu__mu1-2_sd0.05__h2_eps1.00e-01_pos__s6__dt0.0002__6f25f7e1dc,40.0,0.00019671802530764289,-1.0771958013717966e-07,0.49999999960734276,179,221,179,278,180,232,180,289,181,246,181,303,181,539,0.01675472745401084,0.016879737730856187,1.7,11.65,0.4837230413794466,2.0553272157054126e-07,1.2776864557438818e-05,1.2571331835868276e-05,transient,0.016784697382396463,0.016909585764191423,1.7,11.65,0.48371338112624196,2.0456931932985448e-07,1.2811581511013592e-05,1.2607012191683738e-05,transient,0.0,0.0,nan,0.0,0.5,0.5,0.5,0.0,monotone,0.03444865927347318,0.03471176372217977,12.5,12.5,0.49999999999999994,0.43926047642736343,0.4739722401495432,0.03471176372217977,persistent,0.013487824914560298,0.013535380828108956,0.93,24.94,0.48834754472935715,1.2328298721976785e-07,6.171960523528044e-05,6.159632224806067e-05,transient,0.0001513920352442193,0.00015160949147268192,4.12,32.410000000000004,0.4918433723751319,6.013419797098431e-09,1.3083381693732793e-08,7.069961896634362e-09,transient,0.03204743826673123,0.03204764813222061,12.1,12.1,0.5,0.4679523518677794,0.5,0.03204764813222061,persistent,0.0,0.0,nan,0.0,0.5,0.5,0.5,0.0,monotone
relu,0.0002,0.1,E3_regime,pos,0.01,1.0,2.0,2000,False,7,0.05,40.0,2,E3_regime__relu__mu1-2_sd0.05__h2_eps1.00e-01_pos__s7__dt0.0002__188fab7959,40.0,0.00029841829841304314,-9.46576412474108e-08,0.499999997986585,179,209,179,246,181,214,181,250,181,217,181,254,181,539,0.004035199859945812,0.004080707238037495,1.6600000000000001,13.74,0.48122278454440864,1.5170959094476146e-05,3.9413535600119035e-05,2.424257650564289e-05,transient,0.004030517534115638,0.004075907622884359,1.67,13.74,0.4812212510091126,1.5125607045753608e-05,3.933802452744532e-05,2.4212417481691715e-05,transient,0.0,0.0,nan,0.0,0.5,0.5,0.5,0.0,monotone,0.037385020348624065,0.03781483966218868,14.63,14.63,0.49999999999999994,0.42378574499842747,0.46160058466061615,0.03781483966218868,persistent,0.0007312478001880174,0.0007437874848578718,0.9,27.47,0.49668122265820985,2.725470271853221e-07,0.00010725317903941587,0.00010698063201223055,persistent,0.0005441115285058438,0.0005442868969331352,3.22,34.64,0.4835015926073462,9.953586230332291e-09,1.905434840895607e-08,9.10076217862378e-09,transient,0.03906010271951099,0.039508778048558846,14.13,14.13,0.5,0.45827902468193693,0.4977878027304958,0.039508778048558846,persistent,0.0,0.0,nan,0.0,0.5,0.5,0.5,0.0,monotone
relu,0.0002,0.1,E3_regime,pos,0.01,1.0,2.0,2000,False,8,0.05,40.0,2,E3_regime__relu__mu1-2_sd0.05__h2_eps1.00e-01_pos__s8__dt0.0002__c295a6dbe6,40.0,0.0001259866945550046,-9.283575669893928e-08,0.49999999996762,157,194,157,258,168,202,168,270,178,219,178,287,181,539,0.0005036606527035949,0.000503876718603631,9.44,40.0,0.48508395450711506,4.685190322971177e-06,4.685190322971177e-06,0.0,transient,0.0005032700330154037,0.0005034859091421351,9.44,40.0,0.4850842456321469,4.681664861835908e-06,4.681664861835908e-06,0.0,transient,0.0,0.0,nan,0.0,0.5,0.5,0.5,0.0,monotone,0.02913734862156303,0.02928915841341634,10.26,10.26,0.4999753165987462,0.454862063231476,0.4841512216448923,0.02928915841341634,persistent,0.00012972334216566529,0.00013066486099250806,19.97,19.97,0.49244881408048324,1.007945391657054e-07,2.2440905618620827e-05,2.2340111079455123e-05,persistent,7.855152030280328e-05,7.876040485520702e-05,2.85,27.88,0.4876770563232546,3.380235040334616e-09,6.00921261712659e-09,2.628977576791974e-09,other,0.022231581144978918,0.02223173986385002,9.88,9.88,0.5,0.47776826013615,0.5,0.02223173986385002,persistent,0.0,0.0,nan,0.0,0.5,0.5,0.5,0.0,monotone
relu,0.0002,0.1,E3_regime,pos,0.01,1.0,2.0,2000,False,9,0.05,40.0,2,E3_regime__relu__mu1-2_sd0.05__h2_eps1.00e-01_pos__s9__dt0.0002__939bc71798,40.0,0.00010060283479385074,-7.323865437020276e-08,0.4999999999985151,172,197,172,261,174,207,174,273,180,230,180,290,181,539,0.0009616580239343864,0.0010236549138771117,1.78,40.0,0.4845111271417745,3.336646724632882e-06,3.336646724632882e-06,0.0,transient,0.0009617976306973836,0.0010237265620842984,1.78,40.0,0.48451050476134044,3.338385370634588e-06,3.338385370634588e-06,0.0,transient,0.0,0.0,nan,0.0,0.5,0.5,0.5,0.0,monotone,0.026396266541594715,0.02651861475389422,9.950000000000001,9.950000000000001,0.49999999999999994,0.46101861536697797,0.4875372301208722,0.02651861475389422,persistent,0.00014273277147160778,0.00014373297649790512,17.27,17.27,0.4915400986388179,1.9854972770867282e-07,1.6014038009815482e-05,1.581548828210681e-05,persistent,1.8528801006632248e-05,1.865357304256884e-05,3.22,26.11,0.48859694543990084,2.553578040746984e-09,3.7208457959181105e-09,1.1672677551711266e-09,other,0.018311368047828958,0.018311521878787096,9.59,9.59,0.5,0.4816884781212129,0.5,0.018311521878787096,persistent,0.0,0.0,nan,0.0,0.5,0.5,0.5,0.0,monotone
relu,0.0002,0.01,E3_regime,iso,0.01,1.0,2.0,2000,False,0,0.05,40.0,2,E3_regime__relu__mu1-2_sd0.05__h2_eps1.00e-02_iso__s0__dt0.0002__27e7a6b1b3,40.0,3.906407627152305e-05,-1.5840263952193745e-08,0.49999998284736513,175,32,176,32,178,42,178,113,179,64,179,199,181,539,0.0013396139913417204,0.0013476823376894348,3.31,40.0,0.49990596325629255,3.340755987150649e-07,3.340755987150649e-07,0.0,transient,0.0013380303390097131,0.0013460621759575908,3.31,40.0,0.4999059929411386,3.332532847903815e-07,3.332532847903815e-07,0.0,transient,0.00029571329751187925,0.0002976957353552079,16.9,16.9,0.499900142253353,0.49421332857662753,0.49451102431198274,0.0002976957353552079,persistent,0.001352226565793202,0.001365927238437481,18.22,18.22,0.49999999999999994,0.49693500485402575,0.49830093209246323,0.001365927238437481,persistent,0.0002437340875448557,0.0002443264869980699,2.2,40.0,0.4999559514502093,1.7463348364355889e-06,1.7463348364355889e-06,0.0,transient,1.5255861840883387e-06,1.527618438885618e-06,14.66,14.66,0.49994251539517176,1.7152634598396346e-08,3.032008313423544e-08,1.3167448535839093e-08,other,0.0,0.0,nan,0.0,0.5,0.5,0.5,0.0,monotone,0.00014928335971570172,0.0001493057434398537,10.63,10.63,0.4999015426116949,0.49985069425656015,0.5,0.0001493057434398537,persistent
relu,0.0002,0.01,E3_regime,iso,0.01,1.0,2.0,2000,False,1,0.05,40.0,2,E3_regime__relu__mu1-2_sd0.05__h2_eps1.00e-02_iso__s1__dt0.0002__c00fb6db29,40.0,9.619007313530712e-05,-6.047261923940834e-08,0.49999999943282547,139,232,139,232,153,267,153,314,170,313,170,413,181,539,0.00015324981744542629,0.00015337537234693717,13.23,40.0,0.49997375052758064,2.723906708733135e-06,2.723906708733135e-06,0.0,transient,0.00015320660606800055,0.0001533321231118242,13.23,40.0,0.4999737566584558,2.72315547480705e-06,2.72315547480705e-06,0.0,transient,5.162537064506978e-15,1.6869630081739473e-08,10.24,0.0,0.4999999831303699,0.4999999831303699,0.5,1.6869630081739473e-08,other,0.013167538358216435,0.013239273158253295,13.450000000000001,13.450000000000001,0.4999057213047151,0.4785820345968806,0.4918213077551339,0.013239273158253295,persistent,0.0001311211860866024,0.00013187039605785765,18.330000000000002,18.330000000000002,0.4999005556726689,8.268421706478397e-08,1.3395633393334567e-05,1.3312949176269782e-05,persistent,0.00010511448093614655,0.0001051984657503883,4.48,30.13,0.4999900709983451,5.671745149159236e-10,6.212834404920801e-10,5.4108925576156527e-11,transient,0.008140343696192598,0.0081404545272733,13.06,13.06,0.4999093831184048,0.4918595454727267,0.5,0.0081404545272733,persistent,0.0,0.0,nan,0.0,0.5,0.5,0.5,0.0,monotone
relu,0.0002,0.01,E3_regime,iso,0.01,1.0,2.0,2000,False,2,0.05,40.0,2,E3_regime__relu__mu1-2_sd0.05__h2_eps1.00e-02_iso__s2__dt0.0002__d1391cbb3f,40.0,1.9754547303888314e-05,-1.4709284240665196e-08,0.49999996513003,179,210,179,272,180,210,180,303,181,211,181,340,181,539,0.013761655222579479,0.01381700212827814,16.36,40.0,0.49999999999999994,1.2779613900661124e-07,1.2779613900661124e-07,0.0,transient,0.013578560549045837,0.01363410935552379,16.36,40.0,0.5,1.277517753561887e-07,1.277517753561887e-07,0.0,transient,0.0269020755588682,0.02697759429909735,20.5,20.5,0.49980469253772786,0.44656025581339676,0.4735378501124941,0.02697759429909735,persistent,1.0325074129013956e-14,0.0,20.48,0.0,0.49999999999999994,0.49999999999999994,0.49999999999999994,0.0,monotone,0.35541352501370094,0.3555849718020083,13.5,40.0,0.4999904700904062,6.351174641959172e-08,6.351174641959172e-08,0.0,transient,2.2364683052894016e-05,2.3067169345823932e-05,23.01,40.0,0.5,9.734827878445546e-08,9.734827878445546e-08,0.0,other,0.0,0.0,nan,0.0,0.5,0.5,0.5,0.0,monotone,0.013526602076384842,0.013527734204997255,19.7,19.7,0.49980954938220445,0.48647226579500275,0.5,0.013527734204997255,persistent
relu,0.0002,0.01,E3_regime,iso,0.01,1.0,2.0,2000,False,3,0.05,40.0,2,E3_regime__relu__mu1-2_sd0.05__h2_eps1.00e-02_iso__s3__dt0.0002__4b304a9a46,40.0,1.2531532564531258,-6.090683513093609e-13,0.00015816092491149902,0,0,0,0,0,0,0,0,0,0,0,0,181,539,1.0325074129013956e-14,0.0,20.48,0.0,0.49999999999999994,0.49999999999999994,0.49999999999999994,0.0,monotone,0.0,0.0,nan,0.0,0.5000000000000001,0.5000000000000001,0.5000000000000001,0.0,monotone,0.0,0.0,nan,40.0,0.49988388646448206,0.49988154071704094,0.49988154071704094,0.0,monotone,0.0,1.698925283788455e-08,nan,0.0,0.4999326129181118,0.4999326129181118,0.4999326299073073,1.6989195494865328e-08,other,0.0,0.0,nan,0.0,0.5,0.5,0.5,0.0,monotone,0.0,0.0,nan,0.0,0.5,0.5,0.5,0.0,monotone,0.0,6.51695612197134e-07,nan,0.0,0.4999255894727916,0.4999255894727916,0.4999262411684038,6.51695612197134e-07,other,0.0,0.0,nan,40.0,0.4998744239128926,0.49987317909271134,0.49987317909271134,0.0,monotone
relu,0.0002,0.01,E3_regime,iso,0.01,1.0,2.0,2000,False,4,0.05,40.0,2,E3_regime__relu__mu1-2_sd0.05__h2_eps1.00e-02_iso__s4__dt0.0002__af32e05790,40.0,8.972288917320079e-05,-5.013507174559187e-08,0.49999999973033504,125,228,125,228,143,264,143,307,165,310,165,406,181,539,9.314257159396469e-05,9.323628845288876e-05,13.21,40.0,0.4999740232350503,2.06525016489441e-06,2.06525016489441e-06,0.0,other,9.305503649608743e-05,9.314866009098332e-05,13.21,40.0,0.4999740435018849,2.063349415381183e-06,2.063349415381183e-06,0.0,other,3.3306690738754696e-16,2.5896058020169477e-08,0.64,0.0,0.499999974103942,0.499999974103942,0.5,2.5896058020169477e-08,other,0.011235934559222616,0.011294017019736202,13.23,13.22,0.49990807088007005,0.4820458482127397,0.4933398652324759,0.011294017019736202,persistent,0.0001269859628740216,0.00012787896901446255,17.650000000000002,17.650000000000002,0.4999005106811518,2.9328542522454396e-08,1.0255885674529858e-05,1.0226557132007403e-05,transient,8.319013567033421e-05,8.326753208791771e-05,4.4,40.0,0.4999872304113205,2.6966492500251943e-10,2.6966492500251943e-10,0.0,other,0.006249405001509223,0.006249501964851245,12.8,12.8,0.49991226868105043,0.49375049803514875,0.5,0.006249501964851245,persistent,0.0,0.0,nan,0.0,0.5,0.5,0.5,0.0,monotone
relu,0.0002,0.01,E3_regime,iso,0.01,1.0,2.0,2000,False,5,0.05,40.0,2,E3_regime__relu__mu1-2_sd0.05__h2_eps1.00e-02_iso__s5__dt0.0002__fbfb9c1a59,40.0,0.0016575767425967994,-3.710872276130317e-09,0.49999999996813566,149,191,152,191,162,191,163,191,173,191,174,194,181,539,0.0002734173390980356,0.0003133713865252101,38.02,38.02,0.4999066179063726,5.477210094076159e-05,0.0003681434874659717,0.0003133713865252101,persistent,0.00027364846778255014,0.00031364331630475697,38.03,38.02,0.4999066694697908,5.4848081684262585e-05,0.00036849139798901954,0.00031364331630475697,persistent,0.0,0.0,nan,0.0,0.5,0.5,0.5,0.0,monotone,0.00020715642429408598,0.0002784204350332886,2.54,38.84,0.49996604508465675,0.4108060018739703,0.4110844223090036,0.0002784204350332886,persistent,0.0,0.0,nan,40.0,0.5,0.001816406270493567,0.001816406270493567,0.0,monotone,0.000883273984989976,0.0008833904890185762,3.92,40.0,0.49982417126726936,6.1270335221462955e-06,6.1270335221462955e-06,0.0,transient,0.0004327791087607169,0.0005382072895916412,38.27,38.27,0.49997584872932366,0.44991353116535926,0.4504517384549509,0.0005382072895916412,persistent,0.0,0.0,nan,0.0,0.5,0.5,0.5,0.0,monotone
relu,0.0002,0.01,E3_regime,iso,0.01,1.0,2.0,2000,False,6,0.05,40.0,2,E3_regime__relu__mu1-2_sd0.05__h2_eps1.00e-02_iso__s6__dt0.0002__9edbe55e44,40.0,3.722753906829736e-05,-1.3261305572707851e-08,0.49999998369576737,177,35,177,36,178,47,178,69,179,77,179,155,181,539,0.002427677956980942,0.002449601799622933,3.7600000000000002,40.0,0.49995816112763064,2.6705596017545183e-07,2.6705596017545183e-07,0.0,transient,0.002430805711115494,0.0024527041999319737,3.7600000000000002,40.0,0.49995809265288826,2.6779047873706687e-07,2.6779047873706687e-07,0.0,transient,0.00042438863518284853,0.00042639238846692296,13.76,13.76,0.4999228854640463,0.4941601501450128,0.4945865425334797,0.00042639238846692296,persistent,0.0016224944125208252,0.0016364159209853457,15.09,15.08,0.49999999999999994,0.4969963465090038,0.49863276242998916,0.0016364159209853457,persistent,0.00029193808770022756,0.0002955404373415904,2.86,40.0,0.4998750607550668,1.4055895668850016e-06,1.4055895668850016e-06,0.0,transient,1.5477222606560561e-06,1.5500161507198902e-06,11.78,11.78,0.4999943595512541,1.63042321291633e-08,2.281173674591419e-08,6.507504616750889e-09,other,0.0,0.0,nan,0.0,0.5,0.5,0.5,0.0,monotone,0.00011103566159098577,0.00011105033244501739,7.3500000000000005,7.3500000000000005,0.49993059151689656,0.499888949667555,0.5,0.00011105033244501739,persistent
relu,0.0002,0.01,E3_regime,iso,0.01,1.0,2.0,2000,False,7,0.05,40.0,2,E3_regime__relu__mu1-2_sd0.05__h2_eps1.00e-02_iso__s7__dt0.0002__75613943ff,40.0,0.0007084438673968081,-1.0857687365785785e-07,0.49999999999701594,167,193,167,193,173,201,173,205,180,218,180,302,181,539,0.0007949016563667432,0.0007950877848458128,23.490000000000002,23.490000000000002,0.49990668616976985,0.00010552022648608799,0.0004905055484180078,0.0003849853219319198,persistent,0.0007934309644626451,0.000793616656039944,23.490000000000002,23.490000000000002,0.49990669793210285,0.0001052603811870384,0.0004895519538438444,0.00038429157265680596,persistent,0.0,0.0,nan,0.0,0.5,0.5,0.5,0.0,monotone,0.019567353699523504,0.020003944636006854,24.26,24.26,0.4999296715183382,0.40089544989654347,0.4208993945325503,0.020003944636006854,persistent,9.018377899007068e-08,1.4781042297419048e-07,39.08,39.08,0.4999500624804232,6.494440309808833e-07,7.972544539550738e-07,1.4781042297419048e-07,other,0.0009109051268102968,0.0009110010499890342,4.3500000000000005,40.0,0.4999137205223038,2.0904550705989848e-08,2.0904550705989848e-08,0.0,transient,0.02088666477152401,0.02134439827890694,23.63,23.63,0.49993622640738117,0.4436324250521436,0.46497682333105056,0.02134439827890694,persistent,0.0,0.0,nan,0.0,0.5,0.5,0.5,0.0,monotone
relu,0.0002,0.01,E3_regime,iso,0.01,1.0,2.0,2000,False,8,0.05,40.0,2,E3_regime__relu__mu1-2_sd0.05__h2_eps1.00e-02_iso__s8__dt0.0002__b5c7bac527,40.0,4.285554166394705e-05,-1.5933569855250266e-08,0.4999999871472891,0,182,0,182,0,188,0,324,0,194,0,371,181,539,3.3306690738754696e-16,0.0,0.64,40.0,0.49999999999999994,3.5353301544301564e-07,3.5353301544301564e-07,0.0,monotone,0.0,0.0,nan,40.0,0.5000000000000001,3.532601018241687e-07,3.532601018241687e-07,0.0,monotone,4.624542572689849e-05,4.747555157974537e-05,26.43,26.400000000000002,0.4999149090557861,0.4945169837159475,0.49456445926752723,4.747555157974537e-05,other,0.0017908112675968368,0.0018060262776902758,15.59,15.59,0.4999000152583564,0.49667856830329243,0.4984845945809827,0.0018060262776902758,persistent,0.0,0.0,nan,40.0,0.4999783788720604,1.8598592547446387e-06,1.8598592547446387e-06,0.0,monotone,3.070837485872536e-06,3.085643169337069e-06,5.29,12.11,0.4999993623205479,1.2852710724978115e-08,2.424591396366494e-08,1.1393203238686825e-08,other,0.0001316325051642364,0.00013165560558997536,1.96,1.96,0.49990064267945206,0.49990013102774583,0.5,9.986897225416902e-05,persistent,9.859396278050214e-05,9.860248837734176e-05,7.69,7.69,0.49992162612793956,0.49990139751162266,0.5,9.860248837734176e-05,other
relu,0.0002,0.01,E3_regime,iso,0.01,1.0,2.0,2000,False,9,0.05,40.0,2,E3_regime__relu__mu1-2_sd0.05__h2_eps1.00e-02_iso__s9__dt0.0002__584ef8867b,40.0,4.005911657647246e-05,-1.619653691203773e-08,0.4999999844720051,0,180,0,180,0,188,0,249,0,195,0,372,181,539,0.0,0.0,nan,40.0,0.4999881393875964,3.6088231343357643e-07,3.6088231343357643e-07,0.0,monotone,0.0,0.0,nan,40.0,0.4999881480305458,3.6107439507702997e-07,3.6107439507702997e-07,0.0,monotone,0.0002727411981182093,0.00027467605784115,15.91,15.91,0.4999020659903133,0.4943766694966818,0.49465134555452295,0.00027467605784115,persistent,0.0017479171590986664,0.0017634481327925555,16.740000000000002,16.740000000000002,0.4999460106492668,0.496757921588148,0.4985213697209406,0.0017634481327925555,persistent,0.0,0.0,nan,40.0,0.4999947437133094,1.896360840437458e-06,1.896360840437458e-06,0.0,monotone,3.417828785565936e-06,3.428332004029383e-06,4.22,13.23,0.4999470194088231,1.5527995223300113e-08,2.6406855065580295e-08,1.0878859842280182e-08,other,6.014239776741537e-05,6.015606939402396e-05,1.03,1.04,0.499952985591177,0.49995276923621046,0.5,4.723076378954083e-05,other,0.000132839551290731,0.0001328532057482401,9.32,9.32,0.49990526128669066,0.49986714679425176,0.5,0.0001328532057482401,persistent
relu,0.0002,0.01,E3_regime,pos,0.01,1.0,2.0,2000,False,0,0.05,40.0,2,E3_regime__relu__mu1-2_sd0.05__h2_eps1.00e-02_pos__s0__dt0.0002__9002f4fc83,40.0,0.0002180660132468097,-1.1766009529580543e-07,0.4999999998980387,174,206,174,206,178,231,178,233,181,233,181,284,181,539,0.0010860714838388102,0.0010971953427468123,3.16,15.84,0.49984101443634643,2.4437579355651097e-05,2.553328262306818e-05,1.095703267417082e-06,transient,0.0010844835319429313,0.0010956171761714456,3.16,15.84,0.49984108906036195,2.438876536002314e-05,2.5469757351282612e-05,1.0809919912594705e-06,transient,0.0,0.0,nan,0.0,0.5,0.5,0.5,0.0,monotone,0.022762360563712558,0.023008360601455058,16.68,16.68,0.49999999999999994,0.4534074720586428,0.47641583266009785,0.023008360601455058,persistent,0.00013815467723981618,0.0001391067609178317,25.18,25.18,0.4998877751861399,1.7665483423990884e-07,0.00012636759830944816,0.00012619094347520826,persistent,0.00037725340123725715,0.00037735959300204153,4.78,36.910000000000004,0.4999122418402465,3.3087683492414934e-09,4.510868758523891e-09,1.2021004092823978e-09,transient,0.023251867570903306,0.023252041310527938,16.29,16.29,0.5,0.47674795868947206,0.5,0.023252041310527938,persistent,0.0,0.0,nan,0.0,0.5,0.5,0.5,0.0,monotone
relu,0.0002,0.01,E3_regime,pos,0.01,1.0,2.0,2000,False,1,0.05,40.0,2,E3_regime__relu__mu1-2_sd0.05__h2_eps1.00e-02_pos__s1__dt0.0002__d705341396,40.0,0.0004513659498452168,-8.059198791134092e-08,0.49999999979873866,164,190,164,190,172,198,173,198,181,215,181,240,181,539,0.0007179288760891144,0.0007181468463469916,19.12,19.12,0.4998230920731352,2.471676968555406e-06,0.00015336190850142825,0.00015089023153287283,persistent,0.0007177307472132229,0.0007179486459576831,19.12,19.12,0.4998230911859363,2.470219427980589e-06,0.00015331908383604026,0.00015084886440805967,persistent,0.0,0.0,nan,0.0,0.5,0.5,0.5,0.0,monotone,0.021799856322135436,0.022215710451360726,20.05,20.05,0.49999999999999994,0.43264904987137,0.4548647603227307,0.022215710451360726,persistent,1.811588081388684e-05,1.9579920380922866e-05,30.82,30.82,0.4999512551222015,2.8048830428539714e-07,1.9860408685208264e-05,1.9579920380922866e-05,other,0.000648721869215375,0.0006488428095096124,4.58,40.0,0.499848760835649,7.751874122762464e-09,7.751874122762464e-09,0.0,transient,0.022683785000760348,0.023115047247761533,19.57,19.57,0.5,0.4640913057015558,0.48720635294931736,0.023115047247761533,persistent,0.0,0.0,nan,0.0,0.5,0.5,0.5,0.0,monotone
relu,0.0002,0.01,E3_regime,pos,0.01,1.0,2.0,2000,False,2,0.05,40.0,2,E3_regime__relu__mu1-2_sd0.05__h2_eps1.00e-02_pos__s2__dt0.0002__11a8697217,40.0,0.0006699722160155568,-8.907676050907368e-08,0.4999999997085989,181,232,181,232,181,244,181,260,181,244,181,294,181,539,0.004311414451610651,0.004334873817407797,3.2800000000000002,25.12,0.4998766401993223,2.4949191947990737e-05,0.0005052846492578844,0.00048033545730989365,persistent,0.0042971661790625615,0.004320360901232764,3.2800000000000002,25.12,0.4998769382724859,2.472725652920489e-05,0.0005021654490863341,0.00047743819255712926,persistent,0.0,0.0,nan,0.0,0.5,0.5,0.5,0.0,monotone,0.012936729913214762,0.013258166628217716,26.0,26.0,0.49999999999999994,0.4191519722369278,0.4324101388651455,0.013258166628217716,persistent,0.0012899234653063751,0.0012920186462990202,2.2600000000000002,40.0,0.4998363933503294,7.240016376038283e-07,7.240016376038283e-07,0.0,transient,0.0008079615629541919,0.000808078894082444,8.74,40.0,0.49996362661614996,2.8558586068380905e-08,2.8558586068380905e-08,0.0,transient,0.013653478053749335,0.013987176575019411,25.46,25.46,0.5,0.4551330728875915,0.46912024946261094,0.013987176575019411,persistent,0.0,0.0,nan,0.0,0.5,0.5,0.5,0.0,monotone
relu,0.0002,0.01,E3_regime,pos,0.01,1.0,2.0,2000,False,3,0.05,40.0,2,E3_regime__relu__mu1-2_sd0.05__h2_eps1.00e-02_pos__s3__dt0.0002__7785e1d301,40.0,0.00014946765745929585,-1.1953166581632913e-07,0.49999999821685104,177,233,177,233,180,272,180,272,181,280,181,316,181,539,0.0026056564962030626,0.0026297411700618167,3.5,40.0,0.49991328072154567,7.524881304458994e-06,7.524881304458994e-06,0.0,transient,0.0026089436597399873,0.002633130027826419,3.5,40.0,0.4999131722261859,7.541587324496903e-06,7.541587324496903e-06,0.0,transient,0.0,0.0,nan,0.0,0.5,0.5,0.5,0.0,monotone,0.019205302752115183,0.019345642462335444,15.19,15.19,0.49999999999999994,0.46634115785405883,0.4856868003163943,0.019345642462335444,persistent,0.0005804073595873649,0.0005841419750579058,2.57,22.05,0.4998150278020942,1.4690660514307295e-07,3.671492775066152e-05,3.656802114551845e-05,transient,0.00019148737111281247,0.0001915677179272361,5.5,31.73,0.49998499164462695,1.7831490105163265e-09,3.1364827598054167e-09,1.3533337492890902e-09,transient,0.015188503004961496,0.015188641016579074,14.81,14.81,0.5,0.4848113589834209,0.5,0.015188641016579074,persistent,0.0,0.0,nan,0.0,0.5,0.5,0.5,0.0,monotone
relu,0.0002,0.01,E3_regime,pos,0.01,1.0,2.0,2000,False,4,0.05,40.0,2,E3_regime__relu__mu1-2_sd0.05__h2_eps1.00e-02_pos__s4__dt0.0002__56bddd22bc,40.0,0.000445859844536245,-9.046032079299254e-08,0.4999999989644274,165,190,165,190,173,198,173,198,181,215,181,240,181,539,0.0007051163267445562,0.0007053325579786166,18.98,18.98,0.49982233485024435,2.564059839800043e-06,0.00013190080229057662,0.00012933674245077658,persistent,0.000704469772766846,0.0007046857678294244,18.98,18.98,0.4998223323323371,2.558946931568647e-06,0.00013177839747047728,0.00012921945053890864,persistent,0.0,0.0,nan,0.0,0.5,0.5,0.5,0.0,monotone,0.02291007659867067,0.02333377151806265,19.92,19.92,0.49999999999999994,0.43259268976647824,0.4559264612845409,0.02333377151806265,persistent,1.9269668097298233e-05,2.0970993970149793e-05,31.54,31.54,0.4999509839365581,2.1612399655748616e-07,2.118711796670728e-05,2.0970993970149793e-05,other,0.0006712775440653538,0.0006714026450644384,4.61,40.0,0.49984903212764403,9.583855358071391e-09,9.583855358071391e-09,0.0,transient,0.023833288645681183,0.024272750226898787,19.43,19.43,0.5,0.46404801085646014,0.4883207610833589,0.024272750226898787,persistent,0.0,0.0,nan,0.0,0.5,0.5,0.5,0.0,monotone
relu,0.0002,0.01,E3_regime,pos,0.01,1.0,2.0,2000,False,5,0.05,40.0,2,E3_regime__relu__mu1-2_sd0.05__h2_eps1.00e-02_pos__s5__dt0.0002__e32f910df9,40.0,0.0037509866257779555,-2.7148824299771945e-09,0.49999999996477573,176,86,176,87,181,90,181,92,181,102,181,104,181,539,0.0008538380512742444,0.0008572571206099944,3.13,39.69,0.49980507523783857,5.256895448094689e-05,6.828440007091175e-05,1.5715445589964863e-05,transient,0.0008542747156264352,0.000857700078577231,3.13,39.69,0.49980509147514796,5.264156008749404e-05,6.835410147952608e-05,1.5712541392032037e-05,transient,0.0,0.0,nan,0.0,0.5,0.5,0.5,0.0,monotone,3.3306690738754696e-16,0.0,0.64,40.0,0.49999999999999994,0.4114045440341899,0.4114045440341899,0.0,monotone,9.502887564333262e-05,9.522655677823844e-05,2.0,40.0,0.4999820808950859,0.006086556893758775,0.006086556893758775,0.0,other,0.0008730631153122721,0.0008731709549064668,15.77,40.0,0.49981793910470124,1.957918888194359e-05,1.957918888194359e-05,0.0,transient,0.0,7.769245692346161e-07,nan,39.94,0.5,0.45024306877050785,0.4502438456950771,7.769245692346161e-07,other,0.0,0.0,nan,0.0,0.5,0.5,0.5,0.0,monotone
relu,0.0002,0.01,E3_regime,pos,0.01,1.0,2.0,2000,False,6,0.05,40.0,2,E3_regime__relu__mu1-2_sd0.05__h2_eps1.00e-02_pos__s6__dt0.0002__62ab26b05a,40.0,0.00043236860493401296,-9.548780073879905e-08,0.4999999989673568,179,209,179,209,181,225,181,233,181,225,181,272,181,539,0.002082616489320538,0.0020974633315353486,3.14,19.04,0.49983564813241,1.306841379849305e-07,0.0001409102093365627,0.00014077952519857777,transient,0.0020858672933069533,0.002100696322511586,3.14,19.04,0.4998355505638525,1.3247528647291388e-07,0.0001413026194131685,0.0001411701441266956,transient,0.0,0.0,nan,0.0,0.5,0.5,0.5,0.0,monotone,0.022010701841581548,0.022411444227451782,19.94,19.94,0.49999999999999994,0.4342633381409458,0.4566747823683976,0.022411444227451782,persistent,0.0005163878615261353,0.000517776539514514,2.1,33.74,0.4998823556162441,1.2337069660048612e-07,1.269601418228597e-05,1.2572643485685483e-05,transient,0.0006138902082736566,0.0006140150784652577,5.8,40.0,0.49991766347546635,7.247789076064467e-09,7.247789076064467e-09,0.0,transient,0.022882562932894923,0.02329766083663426,19.51,19.51,0.5,0.4644973668510833,0.48779502768771754,0.02329766083663426,persistent,0.0,0.0,nan,0.0,0.5,0.5,0.5,0.0,monotone
relu,0.0002,0.01,E3_regime,pos,0.01,1.0,2.0,2000,False,7,0.05,40.0,2,E3_regime__relu__mu1-2_sd0.05__h2_eps1.00e-02_pos__s7__dt0.0002__3b17615615,40.0,0.0006002812040366656,-8.528968063054032e-08,0.4999999998502006,169,191,169,191,177,194,177,194,181,209,181,221,181,539,0.0007907736023985929,0.0007909891035398413,22.25,22.25,0.4998104360475707,1.7223560828922383e-05,0.00036322904108701347,0.0003460054802580911,persistent,0.0007892684544944215,0.0007894834574577068,22.25,22.25,0.4998104205588643,1.7173249920680098e-05,0.00036252269781068163,0.0003453494478900015,persistent,0.0,0.0,nan,0.0,0.5,0.5,0.5,0.0,monotone,0.017137505659341246,0.017508511681066097,23.16,23.16,0.49999999999999994,0.4221153194872506,0.4396238311683167,0.017508511681066097,persistent,5.464822682327286e-05,5.498408645976394e-05,2.07,36.53,0.4999665662725201,2.557516055197435e-07,1.7409275371533117e-06,1.4851759316335682e-06,other,0.0007511756362506813,0.0007512927882647686,5.42,40.0,0.4998334520090065,1.1849720266947698e-08,1.1849720266947698e-08,0.0,transient,0.01797374904526805,0.018359205014770175,22.63,22.63,0.5,0.4570242866969357,0.47538349171170585,0.018359205014770175,persistent,0.0,0.0,nan,0.0,0.5,0.5,0.5,0.0,monotone
relu,0.0002,0.01,E3_regime,pos,0.01,1.0,2.0,2000,False,8,0.05,40.0,2,E3_regime__relu__mu1-2_sd0.05__h2_eps1.00e-02_pos__s8__dt0.0002__7c40c1ad64,40.0,0.00023152439642460602,-1.084470835610021e-07,0.4999999999494529,162,198,162,198,169,219,169,220,179,234,179,272,181,539,0.0005552274824600028,0.0005554561673739733,15.44,40.0,0.49984971858850313,2.2182888234289796e-05,2.2182888234289796e-05,0.0,transient,0.0005547968639157054,0.0005550256261995332,15.44,40.0,0.499849721528866,2.2165925177975973e-05,2.2165925177975973e-05,0.0,transient,0.0,0.0,nan,0.0,0.5,0.5,0.5,0.0,monotone,0.02367974719177046,0.023926013706965787,16.31,16.31,0.49999975193801927,0.45268153645198705,0.47660755015895284,0.023926013706965787,persistent,0.000130154930078871,0.00013098348145005375,26.84,26.84,0.49992410367019413,8.257595093127911e-08,0.00010896877592438707,0.00010888619997345579,persistent,0.00038163879808130537,0.0003817469521301196,4.15,34.9,0.4998759089168462,3.66429329262978e-09,6.6346823934515345e-09,2.9703891008217546e-09,transient,0.023748617863475374,0.023748776249831682,15.92,15.92,0.5,0.4762512237501683,0.5,0.023748776249831682,persistent,0.0,0.0,nan,0.0,0.5,0.5,0.5,0.0,monotone
relu,0.0002,0.01,E3_regime,pos,0.01,1.0,2.0,2000,False,9,0.05,40.0,2,E3_regime__relu__mu1-2_sd0.05__h2_eps1.00e-02_pos__s9__dt0.0002__6d59f019f5,40.0,0.00019018543224002613,-1.1287807959918603e-07,0.49999999973147813,160,201,160,201,167,226,167,226,178,239,178,279,181,539,0.0004972159446765545,0.0004974364233810124,15.06,40.0,0.4998438771637383,1.4508629995100208e-05,1.4508629995100208e-05,0.0,transient,0.0004974831104272487,0.0004977037224863492,15.06,40.0,0.4998438708776959,1.451628004939986e-05,1.451628004939986e-05,0.0,transient,0.0,0.0,nan,0.0,0.5,0.5,0.5,0.0,monotone,0.02274162566454213,0.022945619558401686,15.88,15.88,0.49999999999999994,0.457853913759763,0.48079953331816466,0.022945619558401686,persistent,0.00014343916462745585,0.00014441508730014206,23.87,23.87,0.49991486977585853,1.5783435660805134e-07,7.09366248438464e-05,7.077879048723835e-05,persistent,0.0003174395132106156,0.00031753632847854747,4.26,33.46,0.4998851439285494,2.9348900926169453e-09,5.634039832389346e-09,2.6991497397724006e-09,transient,0.02044254442283877,0.020442695448237125,15.51,15.51,0.5,0.4795573045517629,0.5,0.020442695448237125,persistent,0.0,0.0,nan,0.0,0.5,0.5,0.5,0.0,monotone
relu,0.0002,0.025,E3_regime,iso,0.01,1.0,2.0,2000,False,0,0.05,40.0,32,E3_regime__relu__mu1-2_sd0.05__h32_eps2.50e-02_iso__s0__dt0.0002__b6174c86c5,40.0,9.211878754816334e-05,-3.53964012598753e-08,0.49837561863932933,77,185,77,352,93,190,93,355,114,196,116,361,181,539,0.0,0.0,nan,40.0,0.4929053865707419,3.361954060808927e-05,3.361954060808927e-05,0.0,monotone,0.0,0.0,nan,40.0,0.492905208682209,3.352066820801902e-05,3.352066820801902e-05,0.0,monotone,0.005170955807867306,0.005183813988502872,10.73,10.73,0.4972168387552288,0.48130964069328086,0.48649345468178373,0.005183813988502872,persistent,0.007510364090142663,0.007567027795951919,10.75,10.75,0.4935499694753101,0.4691690284937999,0.4767360562897518,0.007567027795951919,persistent,8.957691219083326e-06,8.978562482107593e-06,12.89,12.89,0.4957866574954818,1.1042679772265797e-07,2.4534523126433077e-06,2.3430255149206497e-06,other,2.1625046486597256e-05,2.169702233545173e-05,3.09,9.68,0.493402770179406,3.8283931322542205e-09,3.1164935040079623e-07,3.07820957268542e-07,other,0.004864228056559006,0.004891087416528106,10.08,10.08,0.49362043459994787,0.4831528502540293,0.4880439376705574,0.004891087416528106,persistent,0.00222117223277829,0.002221702068076148,8.99,8.99,0.4972472288216585,0.4944439153067137,0.49659167902379625,0.0021477637170825292,persistent
relu,0.0002,0.025,E3_regime,iso,0.01,1.0,2.0,2000,False,1,0.05,40.0,32,E3_regime__relu__mu1-2_sd0.05__h32_eps2.50e-02_iso__s1__dt0.0002__396592382a,40.0,7.277740736906197e-05,-2.9657479770506408e-08,0.4972450573477545,0,93,0,266,0,97,0,270,7,103,7,274,181,539,0.0,0.0,nan,40.0,0.4965927469535081,7.337699695180472e-05,7.337699695180472e-05,0.0,monotone,0.0,0.0,nan,40.0,0.49659281810223466,7.33838167297705e-05,7.33838167297705e-05,0.0,monotone,0.000826472068876094,0.0008339618426934092,12.49,12.49,0.49390449103193723,0.48147881188181424,0.48231277372450765,0.0008339618426934092,persistent,0.005331417282041617,0.005356964643777551,9.76,9.76,0.4952534821355868,0.4824258051487398,0.48778276979251733,0.005356964643777551,persistent,2.959617203983229e-05,2.9650167440940855e-05,10.88,10.88,0.494130469969403,7.887027884203174e-06,8.401017405460777e-06,5.139895212576031e-07,other,6.6450007193710975e-06,6.71252079621453e-06,3.0100000000000002,8.33,0.496736582282779,2.194998611316634e-09,7.870566702054071e-08,7.651066840922408e-08,other,0.0019087818785227806,0.001913866799568953,8.76,8.76,0.4952024005342721,0.49174403414186596,0.4936579009414349,0.001913866799568953,persistent,0.0001996133936989497,0.00020000456268604028,25.27,25.27,0.49398416262306744,0.49178885616905704,0.49194708263174136,0.00015822646268431884,persistent
relu,0.0002,0.025,E3_regime,iso,0.01,1.0,2.0,2000,False,2,0.05,40.0,32,E3_regime__relu__mu1-2_sd0.05__h32_eps2.50e-02_iso__s2__dt0.0002__859e5b1ed1,40.0,8.234423743354275e-05,-3.205452212150695e-08,0.49661835677397903,0,129,0,295,28,136,28,303,52,143,52,309,181,539,0.0,0.0,nan,40.0,0.49458918554318126,6.835742293249406e-05,6.835742293249406e-05,0.0,monotone,0.0,0.0,nan,40.0,0.49458950082927733,6.843309999391944e-05,6.843309999391944e-05,0.0,monotone,0.002540522580199489,0.00254857725931118,10.13,10.13,0.49404007904622294,0.4790835681281403,0.48163214538745147,0.00254857725931118,persistent,0.005496424556264923,0.00553743327021855,11.86,11.86,0.4959525963564255,0.47708448428418687,0.4826219175544054,0.00553743327021855,persistent,4.547326589297221e-06,4.564948546856553e-06,12.33,12.33,0.49526590009351434,1.028587229608737e-06,3.957270880711143e-06,2.928683651102406e-06,other,1.6580481336993952e-06,1.7138980364552869e-06,3.29,9.23,0.4949400835118645,5.6173504575888965e-09,4.352685178677342e-08,3.790950132918452e-08,other,0.003362313153905394,0.003374574095550309,10.290000000000001,10.3,0.49585930898336944,0.48861775636469856,0.4919923304602489,0.003374574095550309,persistent,0.00041631235360867214,0.0004170187935166325,8.69,8.69,0.4939861169550724,0.4919066051386099,0.4922339311269995,0.0003273259883895818,persistent
relu,0.0002,0.025,E3_regime,iso,0.01,1.0,2.0,2000,False,3,0.05,40.0,32,E3_regime__relu__mu1-2_sd0.05__h32_eps2.50e-02_iso__s3__dt0.0002__db7ff4a171,40.0,9.110851714505655e-05,-2.7337214106225804e-08,0.4971414924948476,1,141,1,311,24,147,24,317,50,154,50,323,181,539,7.9612360340492e-09,9.261928104591652e-09,33.14,40.0,0.49473020196058326,0.00012705315873269682,0.00012705315873269682,0.0,other,7.111313235242398e-09,8.450589946096222e-09,33.15,40.0,0.49472987715431804,0.000126935337483931,0.000126935337483931,0.0,other,0.0012038353138140168,0.0012045716936105455,10.3,10.3,0.494960412371983,0.4795201833335566,0.48072475502716716,0.0012045716936105455,persistent,0.008335745879285483,0.008379494657463238,10.34,10.34,0.4953809169849136,0.4766906656318933,0.4850701602893565,0.008379494657463238,persistent,1.895138915518725e-05,1.8975105042649574e-05,11.41,11.41,0.4944978123545717,2.417921565223528e-06,8.549090903594797e-06,6.131169338371269e-06,other,2.432107946633152e-06,2.472105880955397e-06,3.2600000000000002,8.56,0.49525626035967274,2.192458850365092e-11,7.485853586640095e-09,7.463928998136444e-09,other,0.004178121573715998,0.004186539097719377,9.290000000000001,9.290000000000001,0.49526817508296744,0.4887509292705541,0.49293746836827346,0.004186539097719377,persistent,0.00019593273244505882,0.00019703347299865337,9.33,40.0,0.49502868031088554,0.4920782848612972,0.4920782848612972,0.0,transient
relu,0.0002,0.025,E3_regime,iso,0.01,1.0,2.0,2000,False,4,0.05,40.0,32,E3_regime__relu__mu1-2_sd0.05__h32_eps2.50e-02_iso__s4__dt0.0002__b7d1df3471,40.0,9.031061587704662e-05,-2.747909849901034e-08,0.49762279458809644,61,141,61,309,79,146,79,316,103,154,103,323,181,539,0.0,0.0,nan,40.0,0.49534077744569766,6.987476067982221e-05,6.987476067982221e-05,0.0,monotone,0.0,0.0,nan,40.0,0.49534143695635857,6.98466967756848e-05,6.98466967756848e-05,0.0,monotone,0.0017026473355847838,0.001703069270837576,9.99,9.99,0.4966996996693641,0.4830364880140963,0.4847395572849339,0.001703069270837576,persistent,0.005562452262521167,0.00559720697767796,11.56,11.56,0.4940469620457174,0.47441979134234763,0.4800169983200256,0.00559720697767796,persistent,1.1960059031873078e-05,1.197943789582771e-05,11.91,11.9,0.49317022932678933,4.1947342671348414e-07,2.113678554554299e-06,1.6942051278408148e-06,other,8.330274296626777e-07,9.523873189834183e-07,3.08,7.98,0.4959986140042661,2.240151451960254e-12,6.601984171920846e-09,6.599744020468886e-09,other,0.0029268603955963646,0.0029324914677224534,10.03,10.03,0.4941559620416255,0.4866603000718002,0.4895927915395227,0.0029324914677224534,persistent,0.00015897666510644726,0.00015953584445282942,11.5,40.0,0.49672976284061876,0.49466657661441,0.49466657661441,0.0,transient
relu,0.0002,0.025,E3_regime,iso,0.01,1.0,2.0,2000,False,5,0.05,40.0,32,E3_regime__relu__mu1-2_sd0.05__h32_eps2.50e-02_iso__s5__dt0.0002__0aed38e28a,40.0,9.412618885806845e-05,-3.415070091513262e-08,0.4975478379492415,22,159,22,325,47,171,47,336,75,203,75,349,181,539,0.0,0.0,nan,40.0,0.4959607454191672,3.3261527983076285e-05,3.3261527983076285e-05,0.0,monotone,0.0,0.0,nan,40.0,0.49596119335235433,3.3282386946457905e-05,3.3282386946457905e-05,0.0,monotone,0.0034478524977533676,0.003456931226926585,10.09,10.09,0.4963459955674907,0.4835397306322423,0.4869966618591689,0.003456931226926585,persistent,0.005962079277072596,0.006008767346859345,11.9,11.9,0.4925612246816345,0.47515396090852985,0.4811627282553892,0.006008767346859345,persistent,7.221135921947114e-06,7.2342177367545896e-06,13.99,13.99,0.4959889759194696,1.4975105336862962e-08,1.8497092219991132e-06,1.8347341166622502e-06,other,3.616433981531745e-05,3.632079478817716e-05,2.7800000000000002,8.78,0.4949713463630291,4.861090883301638e-09,6.022821467384855e-08,5.536712379054691e-08,other,0.003854797764114959,0.003869762246803299,10.38,10.38,0.49270369631459293,0.486475478369458,0.4903452406162613,0.003869762246803299,persistent,0.0009677676825080583,0.0009680467125462444,8.41,8.41,0.4963914256138072,0.494914993054693,0.49584501390242897,0.0009300208477359684,persistent
relu,0.0002,0.025,E3_regime,iso,0.01,1.0,2.0,2000,False,6,0.05,40.0,32,E3_regime__relu__mu1-2_sd0.05__h32_eps2.50e-02_iso__s6__dt0.0002__744fef95e2,40.0,0.00012728304186477608,-3.4608696903638304e-08,0.49679930618731305,34,173,34,340,53,177,53,345,103,201,103,355,181,539,1.5101400249891122e-06,1.584919248244802e-06,32.8,32.82,0.49510852829433927,0.0001604738620305711,0.0001620587812788159,1.584919248244802e-06,other,1.483889484823266e-06,1.5581946032978055e-06,33.38,33.39,0.4951085878540484,0.00016032759565396356,0.00016188579025726136,1.5581946032978055e-06,other,0.0011235173435941714,0.0011236205013091527,10.26,10.26,0.4953074581959518,0.4791798110769169,0.48017940952233235,0.0009995984454154727,persistent,0.008315164444277101,0.00837477404358139,10.96,10.950000000000001,0.49480394720005316,0.473774776930603,0.4821495509741844,0.00837477404358139,persistent,9.585755634589077e-06,9.611712402459568e-06,13.24,13.23,0.4948211278468336,2.5466040367265544e-09,7.464539451302136e-06,7.461992847265409e-06,other,1.7644339386244866e-05,1.7739010903239778e-05,2.96,8.68,0.4952116140714712,6.516038032525973e-10,2.9920494033582276e-09,2.3404456001056305e-09,other,0.00604789237740988,0.006078193665370324,9.58,9.58,0.4947271492247131,0.48625209096140665,0.49233028462677697,0.006078193665370324,persistent,4.083330245208128e-05,4.3257950522679334e-05,8.82,40.0,0.49529043559714464,0.49186818648663,0.49186818648663,0.0,other
relu,0.0002,0.025,E3_regime,iso,0.01,1.0,2.0,2000,False,7,0.05,40.0,32,E3_regime__relu__mu1-2_sd0.05__h32_eps2.50e-02_iso__s7__dt0.0002__a0da07bed4,40.0,7.244761274391306e-05,-3.3699861620348735e-08,0.49704872028451064,83,191,83,357,100,197,100,363,125,204,125,372,181,539,2.5811658924174597e-06,2.590912379166996e-06,10.36,40.0,0.4953689654129972,1.7676406118027633e-05,1.7676406118027633e-05,0.0,other,2.5345742022347506e-06,2.54428050909739e-06,10.36,40.0,0.4953699055772009,1.7667543510238157e-05,1.7667543510238157e-05,0.0,other,0.0028358290635010497,0.0028403584378038915,10.02,10.02,0.4951591631255786,0.48104150343435836,0.48388186187216226,0.0028403584378038915,persistent,0.010519205667926412,0.010578279643610466,10.86,10.85,0.4952292161672853,0.47247600909833537,0.48305428874194584,0.010578279643610466,persistent,2.90940260702593e-05,2.9147511259164714e-05,13.040000000000001,13.040000000000001,0.49378296079526,1.3498610925350633e-08,3.8998425304163356e-06,3.886343919490985e-06,other,1.4049698529432106e-05,1.4151901276015388e-05,2.95,7.74,0.4957505372804326,7.531173967739697e-09,5.4372553965686606e-08,4.684137999794691e-08,other,0.006241008306667295,0.006246274589610579,9.790000000000001,9.790000000000001,0.4953386330173288,0.4864827244287133,0.4927289990183239,0.006246274589610579,persistent,0.0001190449362876711,0.00011951935097953559,8.0,40.0,0.49517947175095023,0.49359924392258675,0.49359924392258675,0.0,transient
relu,0.0002,0.025,E3_regime,iso,0.01,1.0,2.0,2000,False,8,0.05,40.0,32,E3_regime__relu__mu1-2_sd0.05__h32_eps2.50e-02_iso__s8__dt0.0002__68615b5c6f,40.0,0.00010200632691973586,-4.456421535132117e-08,0.49740828337235143,8,163,8,330,27,169,27,335,46,179,46,341,181,539,5.4043808135758546e-08,8.208206311332059e-08,39.19,39.19,0.49658569993733626,0.00012675253924593962,0.00012683462130905294,8.208206311332059e-08,other,5.434004115366484e-08,8.247202983334206e-08,39.19,39.19,0.496585909213774,0.00012678787181123622,0.00012687034384106956,8.247202983334206e-08,other,0.004243952895721659,0.004252992045936543,9.65,9.65,0.4917977601819692,0.47386405319617164,0.4781170452421082,0.004252992045936543,persistent,0.008349102626549532,0.008412159814518483,11.53,11.52,0.49704523357612984,0.4747821869694351,0.48319434678395357,0.008412159814518483,persistent,1.8766044555398118e-05,1.8810302856880963e-05,13.200000000000001,13.200000000000001,0.4939953032264758,8.763221299744263e-10,8.297340509328127e-06,8.296464187198151e-06,other,6.534136088279496e-06,6.593493293278075e-06,3.25,8.93,0.4970388646379668,1.5684301010101626e-08,3.671941544264562e-08,2.103511443254399e-08,other,0.006187333663412842,0.006195218229415322,10.1,10.1,0.4969914484525964,0.48790062678092955,0.49409584501034487,0.006195218229415322,persistent,0.0012915468484338,0.001292264063280868,8.67,8.67,0.4920358108813315,0.48919664929187967,0.4903658577370955,0.0011692084452158413,persistent
relu,0.0002,0.025,E3_regime,iso,0.01,1.0,2.0,2000,False,9,0.05,40.0,32,E3_regime__relu__mu1-2_sd0.05__h32_eps2.50e-02_iso__s9__dt0.0002__1e5622f181,40.0,0.00010989173107203815,-3.088999003076709e-08,0.49918604858976323,47,147,47,316,66,161,66,330,89,179,89,349,181,539,0.0,0.0,nan,40.0,0.4946784933704317,0.00010375103902462686,0.00010375103902462686,0.0,monotone,0.0,0.0,nan,40.0,0.4946788883920874,0.00010374664563713529,0.00010374664563713529,0.0,monotone,0.0006180291096907764,0.0006200180262175836,11.3,11.3,0.4968799928439355,0.48226035769929065,0.48288037572550824,0.0006200180262175836,persistent,0.005465807106774745,0.005502900343012707,12.42,12.42,0.4926797234196042,0.4741347670068052,0.4796376673498179,0.005502900343012707,persistent,1.2172838862315158e-05,1.2197278525258887e-05,12.76,12.76,0.4968881579653853,1.555203314719988e-07,2.568440843749784e-06,2.4129205122777854e-06,other,5.262473890352028e-05,5.278650924838767e-05,2.69,8.6,0.49321529608586073,8.415886617945512e-09,2.3087840912850157e-08,1.4671954294904644e-08,other,0.0029240657771186784,0.002936482669929019,10.370000000000001,10.370000000000001,0.49296543125884035,0.48606034061884146,0.4889968232887705,0.002936482669929019,persistent,0.0,0.0,nan,40.0,0.4969922998729015,0.4938259034937634,0.4938259034937634,0.0,monotone
relu,0.0002,0.025,E3_regime,pos,0.01,1.0,2.0,2000,False,0,0.05,40.0,32,E3_regime__relu__mu1-2_sd0.05__h32_eps2.50e-02_pos__s0__dt0.0002__89ef16d94a,40.0,6.772688517024043e-05,-3.176459756932691e-08,0.4999999719072221,170,152,170,152,174,157,174,157,177,161,177,161,181,539,0.0011222281099627918,0.0011819007008447846,1.78,40.0,0.4847401525607664,1.0202330520577507e-05,1.0202330520577507e-05,0.0,transient,0.0011217528977454094,0.0011819372605341022,1.78,40.0,0.48474337856521144,1.0175659545196884e-05,1.0175659545196884e-05,0.0,transient,0.0023834091177522,0.0023898036505187736,10.14,10.14,0.4999911583925979,0.4893017775159722,0.491691581166491,0.0023898036505187736,persistent,0.008798106311835696,0.008855923088898987,10.22,10.22,0.4999963452453404,0.48041446257768516,0.48927038566658415,0.008855923088898987,persistent,1.2217198461299136e-05,1.2225265607529901e-05,11.96,11.950000000000001,0.49120682815176775,6.266268777617806e-07,1.087727015354382e-05,1.025064327578204e-05,other,4.410770279925848e-06,4.421756544041932e-06,7.2700000000000005,7.2700000000000005,0.48892888240197996,3.571248216033716e-08,4.597501894413037e-08,1.0262536783793211e-08,other,0.006067401281365459,0.006088308136501797,9.23,9.23,0.5,0.4923724032208482,0.49846071135735,0.006088308136501797,persistent,0.0001017377288638488,0.00010180013361632545,6.26,6.26,0.5,0.4998981998663837,0.5,0.00010180013361632545,persistent
relu,0.0002,0.025,E3_regime,pos,0.01,1.0,2.0,2000,False,1,0.05,40.0,32,E3_regime__relu__mu1-2_sd0.05__h32_eps2.50e-02_pos__s1__dt0.0002__f283aa4d96,40.0,0.00011534575390054747,-6.209858451042857e-08,0.4999998814612354,172,213,172,286,174,218,174,299,176,224,176,316,181,539,0.002507970909082821,0.0025655753036260137,1.77,40.0,0.48506605928281143,1.937137674447757e-05,1.937137674447757e-05,0.0,transient,0.0025077236919912593,0.002565333897286609,1.77,40.0,0.48506662937259526,1.9365619512223044e-05,1.9365619512223044e-05,0.0,transient,0.0014485723905553471,0.001454117114088771,12.540000000000001,12.540000000000001,0.4999987924371616,0.49007103243869043,0.4915251495527792,0.001454117114088771,persistent,0.01376773882729121,0.013880209658176212,10.26,10.26,0.4999986478331389,0.4686851607809979,0.48256537043917413,0.013880209658176212,persistent,1.6110658546867025e-05,1.6131534867755608e-05,14.01,14.01,0.4898019278296612,7.022796436131674e-09,1.337814685787316e-05,1.3371124061437028e-05,other,1.9458941273662527e-06,1.9514162176641424e-06,8.88,40.0,0.4903407068759234,2.0040223938271372e-07,2.0040223938271372e-07,0.0,other,0.011660999933388372,0.011717371193556758,9.68,9.68,0.5,0.4852477133466997,0.49696508454025645,0.011717371193556758,persistent,0.0002857198646262771,0.0002857385636630405,8.64,8.64,0.5,0.49971426143633696,0.5,0.0002857385636630405,persistent
relu,0.0002,0.025,E3_regime,pos,0.01,1.0,2.0,2000,False,2,0.05,40.0,32,E3_regime__relu__mu1-2_sd0.05__h32_eps2.50e-02_pos__s2__dt0.0002__e0021aeba4,40.0,9.26255151343352e-05,-4.7784203512505935e-08,0.4999999272009745,172,211,172,287,174,216,174,299,176,222,176,312,181,539,0.0028730672233084897,0.0029366321453241084,1.76,40.0,0.4851187854138847,1.3742733094269212e-05,1.3742733094269212e-05,0.0,transient,0.0028668834595115544,0.0029305866582542556,1.76,40.0,0.4851324202795298,1.3653442637965562e-05,1.3653442637965562e-05,0.0,transient,0.0012987234115268143,0.0013035504164468636,12.09,12.09,0.4999999997422029,0.49102218953258064,0.4923257399490275,0.0013035504164468636,persistent,0.01385560082244619,0.013942779624426471,9.870000000000001,9.870000000000001,0.49999978243174953,0.4719110500506001,0.48585382967502655,0.013942779624426471,persistent,1.009778158721598e-05,1.0113778279424685e-05,15.0,15.0,0.4894981275306138,2.7126684525691296e-08,9.588128253829305e-06,9.561001569303614e-06,other,1.8632311060493771e-06,1.8695784012845924e-06,8.53,40.0,0.4906469640653282,1.1896108756302775e-07,1.1896108756302775e-07,0.0,other,0.009968929544573846,0.010003766480965126,9.44,9.44,0.5,0.4876516038416545,0.49765537032261964,0.010003766480965126,persistent,0.00010532564033383096,0.00010534102872944429,8.22,8.22,0.5,0.49989465897127056,0.5,0.00010534102872944429,persistent
relu,0.0002,0.025,E3_regime,pos,0.01,1.0,2.0,2000,False,3,0.05,40.0,32,E3_regime__relu__mu1-2_sd0.05__h32_eps2.50e-02_pos__s3__dt0.0002__abf3e94229,40.0,8.7711212084691e-05,-4.4073718976657666e-08,0.4999999468496945,172,180,172,180,173,184,173,184,177,211,177,253,181,539,0.002679192070268427,0.0027429087708442934,1.78,40.0,0.48535612431606606,1.3355345152182317e-05,1.3355345152182317e-05,0.0,transient,0.0026809047478854597,0.002744837356651486,1.78,40.0,0.48535093105646576,1.3387040037788791e-05,1.3387040037788791e-05,0.0,transient,0.002593390954685193,0.0026004084083361967,10.65,10.65,0.49999452655758087,0.48855180297933304,0.49115221138766924,0.0026004084083361967,persistent,0.012746703814612348,0.01282574444677903,10.16,10.16,0.49999950514313074,0.47366836133476203,0.48649410578154106,0.01282574444677903,persistent,1.6605183715641527e-05,1.661438265694646e-05,13.200000000000001,13.200000000000001,0.48921280270483236,1.2315679264342082e-09,9.144568233293864e-06,9.14333666536743e-06,other,4.679001889940082e-06,4.69163706250226e-06,7.82,40.0,0.490931585960349,8.599605363486193e-08,8.599605363486193e-08,0.0,other,0.008785638704079168,0.008809268910319523,9.43,9.43,0.5,0.4887860740234738,0.4975953429337933,0.008809268910319523,persistent,0.0002223809125532772,0.0002224301412246943,7.2,7.2,0.5,0.4997775698587753,0.5,0.0002224301412246943,persistent
relu,0.0002,0.025,E3_regime,pos,0.01,1.0,2.0,2000,False,4,0.05,40.0,32,E3_regime__relu__mu1-2_sd0.05__h32_eps2.50e-02_pos__s4__dt0.0002__65557faf9b,40.0,0.00012202612152344941,-6.634693499324852e-08,0.4999999558049453,171,206,172,295,174,211,174,308,176,218,176,324,181,539,0.0021742495552685426,0.002223416743021525,1.73,40.0,0.48375196773206014,1.941440957679972e-05,1.941440957679972e-05,0.0,transient,0.0021734753195181145,0.00222265922882553,1.73,40.0,0.483752918354755,1.9395460156452072e-05,1.9395460156452072e-05,0.0,transient,0.0016479385621178677,0.001652532234988513,12.39,12.39,0.5,0.48955874283329015,0.49121127506827866,0.001652532234988513,persistent,0.013988627798746378,0.014105118244433335,10.620000000000001,10.620000000000001,0.49999779190378857,0.46875997306189887,0.4828650913063322,0.014105118244433335,persistent,2.0265536446376327e-05,2.0691028872512327e-05,14.51,14.51,0.4922208420712619,5.281568192001791e-09,2.069631044070433e-05,2.0691028872512327e-05,other,2.5599179329043924e-06,2.568487246631695e-06,8.96,40.0,0.48792422757770615,1.3217919919352288e-07,1.3217919919352288e-07,0.0,other,0.011754658248703809,0.011832995366810928,10.03,10.03,0.5,0.48564905723164725,0.4974820525984582,0.011832995366810928,persistent,0.00015205675860197054,0.00015208361301471962,8.56,8.56,0.5,0.4998479163869853,0.5,0.00015208361301471962,persistent
relu,0.0002,0.025,E3_regime,pos,0.01,1.0,2.0,2000,False,5,0.05,40.0,32,E3_regime__relu__mu1-2_sd0.05__h32_eps2.50e-02_pos__s5__dt0.0002__ffd13cc394,40.0,7.584259944110917e-05,-3.9953945824179734e-08,0.49999998840286075,170,181,170,181,174,185,174,185,177,190,177,190,181,539,0.00039848776318830714,0.0004929721440071061,1.83,40.0,0.4856294609665457,6.225736139317246e-06,6.225736139317246e-06,0.0,transient,0.0003985035185956193,0.0004926226630997399,1.83,40.0,0.48562786880636133,6.232522787967291e-06,6.232522787967291e-06,0.0,transient,0.0030172626280721704,0.003024137250775605,9.98,9.98,0.4999931091257146,0.4880550993356417,0.4910792365864173,0.003024137250775605,persistent,0.013219300974102788,0.013291859188289401,9.99,9.99,0.49999653704919134,0.47574232627125357,0.48903418545954297,0.013291859188289401,persistent,2.340318656024465e-05,2.3417935736310512e-05,13.26,13.26,0.4902611076054597,2.1402616792245002e-09,1.3205706430207733e-05,1.3203566168528508e-05,other,5.205138278215186e-06,5.2155989501485165e-06,7.24,40.0,0.48986865182828326,5.117783977969886e-08,5.117783977969886e-08,0.0,other,0.008933954407795708,0.008945059793806887,9.21,9.21,0.5,0.4901924106965691,0.499137470490376,0.008945059793806887,persistent,9.643293405631193e-05,9.648399957939979e-05,6.47,6.47,0.5,0.4999035160004206,0.5,9.648399957939979e-05,other
relu,0.0002,0.025,E3_regime,pos,0.01,1.0,2.0,2000,False,6,0.05,40.0,32,E3_regime__relu__mu1-2_sd0.05__h32_eps2.50e-02_pos__s6__dt0.0002__94164c6604,40.0,8.624779668737201e-05,-4.4434854246905406e-08,0.49999994955872396,171,174,171,201,173,184,173,225,177,194,177,249,181,539,0.0018754449355749964,0.001931974383793958,1.79,40.0,0.48538635011830034,1.1438435427768562e-05,1.1438435427768562e-05,0.0,transient,0.0018765747268606608,0.0019330383852687177,1.79,40.0,0.4853806222852979,1.1471887315332716e-05,1.1471887315332716e-05,0.0,transient,0.001890153390635585,0.0018955118654228609,11.19,11.19,0.4999965415380722,0.4897506679739902,0.49164617983941306,0.0018955118654228609,persistent,0.012075910235787246,0.01215590352046203,9.77,9.77,0.49999760400522497,0.4747245130688679,0.48688041658932996,0.01215590352046203,persistent,1.699640528003825e-05,1.7008844321178315e-05,13.75,13.75,0.48957609717445916,5.674800421886324e-09,1.5940235487455707e-05,1.593456068703382e-05,other,3.6296046772577033e-06,3.6350299029871442e-06,7.79,40.0,0.4905636861428163,7.941013547258048e-08,7.941013547258048e-08,0.0,other,0.00921888324560105,0.009240907646261565,9.18,9.18,0.5,0.4891247414953311,0.49836564914159265,0.009240907646261565,persistent,0.00016453199018234832,0.00016458278797437664,7.0200000000000005,7.0200000000000005,0.5,0.4998354172120256,0.5,0.00016458278797437664,persistent
relu,0.0002,0.025,E3_regime,pos,0.01,1.0,2.0,2000,False,7,0.05,40.0,32,E3_regime__relu__mu1-2_sd0.05__h32_eps2.50e-02_pos__s7__dt0.0002__d89aae18ae,40.0,9.459702765131448e-05,-5.09064445075488e-08,0.49999995559844734,172,207,172,243,173,216,173,262,176,229,176,288,181,539,0.00241645955883546,0.0024732122628345204,1.76,40.0,0.4847501319892394,1.619948306491657e-05,1.619948306491657e-05,0.0,transient,0.002414901780654913,0.0024716937858670907,1.76,40.0,0.4847537010007724,1.6166583903980838e-05,1.6166583903980838e-05,0.0,transient,0.003033780921100515,0.003041351439855955,10.56,10.56,0.49999529416483696,0.48898570468128416,0.4920270561211401,0.003041351439855955,persistent,0.013143627806967262,0.013238443329929128,10.03,10.03,0.49999582600213,0.4715344829159177,0.48477292624584684,0.013238443329929128,persistent,1.592808019071609e-05,1.594359243134768e-05,13.76,13.76,0.49032162393204165,1.042063089701415e-08,1.4212008813728702e-05,1.4201588182831687e-05,other,5.900672000791474e-06,5.908472159214764e-06,8.040000000000001,40.0,0.4898210691403588,7.699070696875793e-08,7.699070696875793e-08,0.0,other,0.010130351639976332,0.010175517342819351,9.47,9.47,0.5,0.4873718021614971,0.49754731950431647,0.010175517342819351,persistent,0.0003576047463101917,0.0003576989644758499,7.24,7.24,0.5,0.49964230103552415,0.5,0.0003576989644758499,persistent
relu,0.0002,0.025,E3_regime,pos,0.01,1.0,2.0,2000,False,8,0.05,40.0,32,E3_regime__relu__mu1-2_sd0.05__h32_eps2.50e-02_pos__s8__dt0.0002__39b38fd2c6,40.0,0.00012035622282413379,-6.269448930823875e-08,0.4999999513040869,172,233,172,305,174,240,174,316,176,246,176,332,181,539,0.0049311627437989836,0.005012053769292424,1.77,40.0,0.4855316239686244,2.4647131985619353e-05,2.4647131985619353e-05,0.0,transient,0.004929293886979866,0.005010207146191034,1.77,40.0,0.4855338508334421,2.4626774703799725e-05,2.4626774703799725e-05,0.0,transient,0.001903802895702189,0.0019114358362202766,12.22,12.22,0.4999976851809272,0.4900679288445796,0.4919793646807999,0.0019114358362202766,persistent,0.016218767707569415,0.016340174579961286,9.9,9.9,0.49999845001961735,0.46407013775996186,0.48041031233992315,0.016340174579961286,persistent,1.0686579664500394e-05,1.0704242163390916e-05,16.4,16.4,0.48819871676339505,3.2204492551510616e-08,9.245986732632973e-06,9.213782240081462e-06,other,2.3910071291766144e-06,2.3984164308051026e-06,8.99,40.0,0.4919561927224568,2.221014514918673e-07,2.221014514918673e-07,0.0,other,0.012921150588009689,0.01300029261057506,9.700000000000001,9.700000000000001,0.5,0.4826784443925874,0.49567873700316245,0.01300029261057506,persistent,0.0004134668866568325,0.00041349262177498014,8.72,8.72,0.5,0.499586507378225,0.5,0.00041349262177498014,persistent
relu,0.0002,0.025,E3_regime,pos,0.01,1.0,2.0,2000,False,9,0.05,40.0,32,E3_regime__relu__mu1-2_sd0.05__h32_eps2.50e-02_pos__s9__dt0.0002__13f0bc0287,40.0,7.542676880233105e-05,-4.1869690653052586e-08,0.49999999442247356,171,182,171,182,174,185,174,185,177,190,177,190,181,539,0.0006951291960733269,0.0007607249866062454,1.78,40.0,0.48405931555498577,7.552138112740402e-06,7.552138112740402e-06,0.0,transient,0.000695191457979985,0.0007606869626479024,1.78,40.0,0.48405905875324284,7.556383678046485e-06,7.556383678046485e-06,0.0,transient,0.002774990771182595,0.0027821844406772933,10.49,10.49,0.4999948732616039,0.4888894767874159,0.4916716612280932,0.0027821844406772933,persistent,0.013258439869844096,0.013331444821063743,10.15,10.15,0.4999957706446924,0.4761408819339429,0.4894723267550066,0.013331444821063743,persistent,2.312818633434042e-05,2.314117641309483e-05,12.870000000000001,12.870000000000001,0.49290560729645727,7.313189596778049e-09,1.7098702813525386e-05,1.709138962392861e-05,other,5.114577312781421e-06,5.12430052686024e-06,7.69,40.0,0.4872321838892128,5.696407143247848e-08,5.696407143247848e-08,0.0,other,0.008723748466252346,0.008738135892682575,9.46,9.46,0.5,0.49041107901936487,0.49914921491204745,0.008738135892682575,persistent,0.00013251494390364993,0.00013257114133308212,6.99,6.99,0.5,0.4998674288586669,0.5,0.00013257114133308212,persistent
relu,0.0002,0.0025,E3_regime,iso,0.01,1.0,2.0,2000,False,0,0.05,40.0,32,E3_regime__relu__mu1-2_sd0.05__h32_eps2.50e-03_iso__s0__dt0.0002__628cbfdc51,40.0,6.688387421310152e-05,-3.366295664595164e-08,0.49999016189750733,0,120,0,120,0,137,0,137,46,153,61,321,181,539,1.0521614589198425e-05,1.371108981922109e-05,3.5500000000000003,40.0,0.4999288028279821,7.47330072101305e-06,7.47330072101305e-06,0.0,other,1.0520299691119117e-05,1.3726897063637278e-05,3.5500000000000003,40.0,0.4999288010396909,7.4536960379579504e-06,7.4536960379579504e-06,0.0,other,0.001394283862706236,0.0013994650014274024,15.4,15.4,0.49997212966698146,0.4918585928644666,0.493258057865894,0.0013994650014274024,persistent,0.0052985700770953326,0.005338849220981101,15.39,15.39,0.49993529168675466,0.4874146977434485,0.4927535469644296,0.005338849220981101,persistent,1.4578991361056316e-05,1.4618703937855221e-05,16.93,16.93,0.49995776609703746,4.154663130706569e-06,1.4957695476586129e-05,1.080303234587956e-05,other,3.322383539935717e-05,3.323915504499565e-05,4.47,12.74,0.4999338053700385,4.1859523119077295e-10,4.638433676473446e-08,4.596574153354369e-08,other,0.0031494671552019793,0.0031569308870713075,14.280000000000001,14.280000000000001,0.49993599962342367,0.4961747806418671,0.4993317115289384,0.0031569308870713075,persistent,7.840686118310014e-06,7.886225918629641e-06,11.92,11.92,0.49997243461860996,0.49996279924201015,0.49996466182220944,1.8625801992966373e-06,other
relu,0.0002,0.0025,E3_regime,iso,0.01,1.0,2.0,2000,False,1,0.05,40.0,32,E3_regime__relu__mu1-2_sd0.05__h32_eps2.50e-03_iso__s1__dt0.0002__140ef819b5,40.0,6.635949358361218e-05,-3.1603953004808697e-08,0.49997669046550186,0,95,0,95,3,103,3,103,5,123,5,294,181,539,0.0,0.0,nan,40.0,0.4999658685018104,2.761504684189443e-06,2.761504684189443e-06,0.0,monotone,0.0,0.0,nan,40.0,0.499965869215949,2.760703462206788e-06,2.760703462206788e-06,0.0,monotone,0.0007137311923666734,0.0007163232512373829,15.200000000000001,15.200000000000001,0.49993885907072927,0.49193831745130306,0.49265464070254045,0.0007163232512373829,persistent,0.006169108315093208,0.006205473879148049,14.18,14.18,0.49995242207363444,0.48857642309765154,0.4947818969767996,0.006205473879148049,persistent,6.392392702991856e-05,6.400581294130076e-05,15.620000000000001,40.0,0.4999411244684469,5.381467467566334e-06,5.381467467566334e-06,0.0,other,2.7134721108268423e-05,2.7155255800302557e-05,4.39,11.870000000000001,0.4999673119851742,2.2044867960747297e-09,5.056601539094994e-08,4.836152859487521e-08,other,0.0023032861455889453,0.002304381762571861,13.11,13.11,0.4999519088759517,0.4972898782513661,0.499594260013938,0.002304381762571861,persistent,1.847889047273954e-05,1.8509592284665644e-05,11.5,11.5,0.49993966003196827,0.4998999427013276,0.49990563031082047,5.687609492877055e-06,other
relu,0.0002,0.0025,E3_regime,iso,0.01,1.0,2.0,2000,False,2,0.05,40.0,32,E3_regime__relu__mu1-2_sd0.05__h32_eps2.50e-03_iso__s2__dt0.0002__d1896e2389,40.0,6.135125600170561e-05,-2.7204302899567698e-08,0.4999689224184749,0,77,0,77,0,82,0,82,1,101,1,229,181,539,0.0,0.0,nan,40.0,0.49994574609288506,4.724875323738191e-06,4.724875323738191e-06,0.0,monotone,0.0,0.0,nan,40.0,0.499945749261431,4.694357081900976e-06,4.694357081900976e-06,0.0,monotone,0.0007975174485285175,0.0008009044313641578,15.32,15.32,0.4999402232595974,0.49209489852288407,0.49289580295424823,0.0008009044313641578,persistent,0.004153873637526617,0.004186082725132656,15.57,15.57,0.4999594424395169,0.48989183561322536,0.494077918338358,0.004186082725132656,persistent,5.1960163783736455e-06,5.221607703587909e-06,16.56,40.0,0.4999525473644592,8.416587053328501e-06,8.416587053328501e-06,0.0,other,1.702703444679669e-05,1.703693242725121e-05,4.55,12.370000000000001,0.4999492715226099,9.26285049675661e-09,4.169735164653774e-08,3.243450114978113e-08,other,0.0019780961159457933,0.001983117891894426,13.92,13.92,0.49995850550752213,0.4974720249816675,0.4994551428735619,0.001983117891894426,persistent,1.0799670519645588e-05,1.0822324974069097e-05,8.71,8.71,0.4999396807463632,0.499933033325041,0.4999373645778538,4.331252812794784e-06,other
relu,0.0002,0.0025,E3_regime,iso,0.01,1.0,2.0,2000,False,3,0.05,40.0,32,E3_regime__relu__mu1-2_sd0.05__h32_eps2.50e-03_iso__s3__dt0.0002__f103b13861,40.0,6.248259144186153e-05,-2.9522497907593336e-08,0.49998025270888036,0,96,0,96,0,98,0,98,5,123,5,293,181,539,0.0,0.0,nan,40.0,0.4999471634069923,2.9391992332062502e-06,2.9391992332062502e-06,0.0,monotone,0.0,0.0,nan,40.0,0.49994716014277113,2.9461454491973774e-06,2.9461454491973774e-06,0.0,monotone,0.000985500203083467,0.000989674838482335,14.8,14.8,0.4999494768981868,0.4917756057453009,0.4927652805837832,0.000989674838482335,persistent,0.005526306665915026,0.005562149489544976,14.74,14.74,0.4999536994472105,0.4891325505453984,0.49469470003494337,0.005562149489544976,persistent,3.0236758980415537e-05,3.0267688531844336e-05,15.8,40.0,0.49994482690192366,8.08568833754285e-06,8.08568833754285e-06,0.0,other,1.8431963810754002e-05,1.8442701787718928e-05,4.53,11.88,0.49995244750694107,3.039410033797418e-09,7.917446634140755e-08,7.613505630761013e-08,other,0.0022670266945293838,0.0022688955122488474,13.34,13.34,0.4999525674753568,0.49740133685291893,0.4996702323651678,0.0022688955122488474,persistent,3.710535139073157e-05,3.7133869451921875e-05,11.1,11.1,0.49995016320858926,0.4999304508325424,0.4999675847019943,3.7133869451921875e-05,other
relu,0.0002,0.0025,E3_regime,iso,0.01,1.0,2.0,2000,False,4,0.05,40.0,32,E3_regime__relu__mu1-2_sd0.05__h32_eps2.50e-03_iso__s4__dt0.0002__59698cf204,40.0,6.454099745680331e-05,-2.7455953550988943e-08,0.4999795359518231,0,88,0,89,0,93,0,93,5,113,5,205,181,539,0.0,0.0,nan,40.0,0.4999532895806201,4.82091389143907e-06,4.82091389143907e-06,0.0,monotone,0.0,0.0,nan,40.0,0.499953296210598,4.816273244358336e-06,4.816273244358336e-06,0.0,monotone,0.000974106815295861,0.0009774085818576306,14.540000000000001,14.540000000000001,0.4999669425943377,0.49245877999634535,0.493436188578203,0.0009774085818576306,persistent,0.004609763300178149,0.004642989176072421,14.63,14.63,0.49994029057101713,0.48964360310345384,0.49428659227952626,0.004642989176072421,persistent,1.718073489924295e-05,1.7202465178217725e-05,15.870000000000001,15.870000000000001,0.49993146912586994,7.856287301881528e-06,9.25233772068822e-06,1.3960504188066909e-06,other,1.8835389934937744e-05,1.885013917591207e-05,4.4,11.66,0.4999599058750199,5.245249408183938e-09,3.682250649665338e-08,3.157725708846944e-08,other,0.0021801323367857117,0.002185207062143868,13.26,13.26,0.49994138599358906,0.49731248614300094,0.4994976932051448,0.002185207062143868,persistent,1.7564551595461442e-05,1.756726614760007e-05,7.25,7.25,0.49996724446234225,0.49996142501416546,0.4999789874231572,1.7562408991755873e-05,other
relu,0.0002,0.0025,E3_regime,iso,0.01,1.0,2.0,2000,False,5,0.05,40.0,32,E3_regime__relu__mu1-2_sd0.05__h32_eps2.50e-03_iso__s5__dt0.0002__be24640ded,40.0,6.170344963414941e-05,-2.75066143806869e-08,0.499982799551141,0,72,0,72,0,75,0,75,5,107,5,277,181,539,0.0,0.0,nan,40.0,0.4999595225923286,2.979376735547722e-06,2.979376735547722e-06,0.0,monotone,0.0,0.0,nan,40.0,0.4999595270939448,2.9825975048407144e-06,2.9825975048407144e-06,0.0,monotone,0.0006990350057714534,0.0007013543706804182,15.120000000000001,15.120000000000001,0.49996339300321896,0.49311251111474935,0.49381386548542977,0.0007013543706804182,persistent,0.004075636885710832,0.004106653190551812,15.33,15.33,0.499925332032537,0.4906676651710029,0.4947743183615547,0.004106653190551812,persistent,1.786238526723206e-05,1.788464370457694e-05,16.76,16.76,0.4999598096578126,3.4199796605558783e-06,1.3394917214530014e-05,9.974937553974136e-06,other,1.6300054371950782e-05,1.6313399079892228e-05,4.3100000000000005,12.17,0.4999495812830119,6.602563249930504e-09,5.175529636948856e-08,4.515273311955806e-08,other,0.00220085987742058,0.0022044098732960093,13.700000000000001,13.700000000000001,0.4999267651735488,0.497657452132603,0.499861862005899,0.0022044098732960093,persistent,7.801605632185016e-06,7.864525765455266e-06,5.8500000000000005,13.120000000000001,0.4999638494300477,0.4999590540774232,0.49996514864934605,6.094571922854453e-06,other
relu,0.0002,0.0025,E3_regime,iso,0.01,1.0,2.0,2000,False,6,0.05,40.0,32,E3_regime__relu__mu1-2_sd0.05__h32_eps2.50e-03_iso__s6__dt0.0002__093f81a2f5,40.0,6.58389840133461e-05,-3.267897254965416e-08,0.499976475139178,0,110,0,110,0,128,0,128,7,149,7,243,181,539,0.0,0.0,nan,40.0,0.49995096625461694,3.343542597981711e-06,3.343542597981711e-06,0.0,monotone,0.0,0.0,nan,40.0,0.49995096685317686,3.353225768749094e-06,3.353225768749094e-06,0.0,monotone,0.0014590435668693225,0.0014632180456877752,14.51,14.51,0.49995296504997505,0.49156690729057095,0.49303012533625873,0.0014632180456877752,persistent,0.005879235656886361,0.005920675237992334,14.77,14.77,0.49994790363615565,0.4877928306505337,0.493713505888526,0.005920675237992334,persistent,2.109455616308961e-05,2.113055060383999e-05,16.26,16.26,0.49994807765480215,5.462726152890242e-06,1.6420440502382206e-05,1.0957714349491964e-05,other,2.6672713125528638e-05,2.668842075945253e-05,4.4,11.96,0.4999520018444275,3.4485913750145923e-09,3.905506364641496e-08,3.560647227140037e-08,other,0.0032506721478284817,0.0032507476996563867,13.63,13.63,0.49994713159573645,0.49665073252412945,0.49990148022378583,0.0032507476996563867,persistent,3.146567415385215e-05,3.146968797407279e-05,7.46,7.46,0.49995279393770803,0.4999440437385907,0.49997551342656477,3.146968797407279e-05,other
relu,0.0002,0.0025,E3_regime,iso,0.01,1.0,2.0,2000,False,7,0.05,40.0,32,E3_regime__relu__mu1-2_sd0.05__h32_eps2.50e-03_iso__s7__dt0.0002__9ee38461fe,40.0,6.0000803538020506e-05,-2.8169086175528824e-08,0.4999746242689298,0,84,0,84,3,86,3,86,6,106,6,274,181,539,0.0,0.0,nan,40.0,0.4999535782624061,2.8971857385953605e-06,2.8971857385953605e-06,0.0,monotone,0.0,0.0,nan,40.0,0.4999535877196424,2.8912995312548954e-06,2.8912995312548954e-06,0.0,monotone,0.0008646170887541826,0.0008668492137872685,14.75,14.75,0.49995147501562875,0.49300273544823625,0.4938695846620235,0.0008668492137872685,persistent,0.005306929628556056,0.0053418597924584366,14.4,14.4,0.4999521758967878,0.48908555426458766,0.4944274140570461,0.0053418597924584366,persistent,4.218707230372522e-05,4.219802778967962e-05,16.31,16.31,0.4999376352728295,3.113677352543862e-06,1.1440394150193793e-05,8.326716797649932e-06,other,1.9714131573261348e-05,1.972691678918949e-05,4.43,11.88,0.49995741559226226,2.8411086403937856e-09,5.712607563093672e-08,5.4284966990542935e-08,other,0.002733998317198283,0.00273720708700792,13.38,13.370000000000001,0.4999532752430471,0.4970911401211009,0.4998283472081088,0.00273720708700792,persistent,2.156864243052503e-05,2.1577794164118203e-05,11.74,11.74,0.4999516790521455,0.49992638644720194,0.49994376139922425,1.7374952022308765e-05,other
relu,0.0002,0.0025,E3_regime,iso,0.01,1.0,2.0,2000,False,8,0.05,40.0,32,E3_regime__relu__mu1-2_sd0.05__h32_eps2.50e-03_iso__s8__dt0.0002__dd0aef5912,40.0,5.1196347405064e-05,-2.3914390094162744e-08,0.49996664452737605,0,79,0,79,0,84,0,84,4,130,4,276,181,539,0.0,0.0,nan,40.0,0.4999657976310804,2.8331855415131247e-06,2.8331855415131247e-06,0.0,monotone,0.0,0.0,nan,40.0,0.49996579973164346,2.8308807761953457e-06,2.8308807761953457e-06,0.0,monotone,0.001221771588534093,0.0012255452978688908,13.97,13.97,0.4999176338829717,0.49239012045408925,0.49361566575195814,0.0012255452978688908,persistent,0.004253037132436743,0.004283225720243589,15.040000000000001,15.040000000000001,0.4999704084841959,0.4904999046220674,0.494783130342311,0.004283225720243589,persistent,2.6015276572169647e-05,2.60525324842614e-05,16.57,16.57,0.4999397630253055,5.0803072851282395e-06,1.1788258989122623e-05,6.7079517039943834e-06,other,8.2177105672992e-06,8.224656750921161e-06,4.82,11.72,0.4999703439201039,2.2724134553988666e-08,3.970533015147613e-08,1.6981195597487463e-08,other,0.0022214933273765336,0.002223685164834399,13.64,13.64,0.49996986849285713,0.4976313224755363,0.4998550076403707,0.002223685164834399,persistent,2.5154003269134417e-05,2.5188502562778492e-05,6.36,6.36,0.4999200307044532,0.4999111581273421,0.499934500628655,2.3342501312917374e-05,other
relu,0.0002,0.0025,E3_regime,iso,0.01,1.0,2.0,2000,False,9,0.05,40.0,32,E3_regime__relu__mu1-2_sd0.05__h32_eps2.50e-03_iso__s9__dt0.0002__575c3a49db,40.0,6.704790000749291e-05,-3.446684946148025e-08,0.4999969573582277,0,138,0,138,0,158,0,158,5,184,5,353,181,539,0.0,0.0,nan,40.0,0.4999466330043183,5.170763924513072e-06,5.170763924513072e-06,0.0,monotone,0.0,0.0,nan,40.0,0.4999466369791306,5.173659899437935e-06,5.173659899437935e-06,0.0,monotone,0.0014224686009563503,0.001427885703211007,15.280000000000001,15.280000000000001,0.49996874947242725,0.4909545637849177,0.4923824494881287,0.001427885703211007,persistent,0.006158935695514789,0.006200509349358341,15.41,15.41,0.4999265110454856,0.48746260473175773,0.4936631140811161,0.006200509349358341,persistent,2.002909076281867e-05,2.0067432940531583e-05,16.46,16.46,0.4999688334905121,1.0948029104254015e-05,1.1287847707743425e-05,3.398186034894101e-07,other,3.1802540334524565e-05,3.1820806313386654e-05,4.22,12.52,0.49993191219313343,3.179156583294274e-10,9.221185724437964e-08,9.189394158605021e-08,other,0.002850001044211292,0.002855947186198804,14.1,14.1,0.49992938426724964,0.49661910802430115,0.49947505521049995,0.002855947186198804,persistent,4.61105061669298e-05,4.6113113559675956e-05,10.82,10.82,0.49996987616762306,0.4999509390139224,0.4999970521274821,4.6113113559675956e-05,other
relu,0.0002,0.0025,E3_regime,pos,0.01,1.0,2.0,2000,False,0,0.05,40.0,32,E3_regime__relu__mu1-2_sd0.05__h32_eps2.50e-03_pos__s0__dt0.0002__2bb48ef807,40.0,6.423012747590613e-05,-3.3513140374339854e-08,0.49999999401447814,125,110,127,110,145,114,148,114,178,120,178,120,181,539,0.00025833841137057334,0.0002633349990366629,3.21,40.0,0.49984619698809496,4.109884444208949e-06,4.109884444208949e-06,0.0,transient,0.00025807590674016556,0.0002630776424882991,3.21,40.0,0.4998462295707399,4.099174473286339e-06,4.099174473286339e-06,0.0,transient,0.000906124537788322,0.0009096134392612698,15.44,15.44,0.4999999114685646,0.4920130708338203,0.49292268427308156,0.0009096134392612698,persistent,0.006096694071609177,0.006138034513116619,14.82,14.82,0.49999996343110514,0.4875541776392378,0.4936922121523544,0.006138034513116619,persistent,2.2996409479054076e-05,2.301451265663599e-05,16.11,16.1,0.499911510411564,4.030654144382511e-06,1.753397444835858e-05,1.3503320303976067e-05,other,2.312945354984467e-05,2.31405862913904e-05,4.76,12.15,0.4998885031594912,5.985521765032138e-09,3.877019343857391e-08,3.278467167354177e-08,other,0.0033351021459111507,0.0033403656431552076,13.65,13.65,0.5,0.49654810064100685,0.49988846628416206,0.0033403656431552076,persistent,0.0,0.0,nan,0.0,0.5,0.5,0.5,0.0,monotone
relu,0.0002,0.0025,E3_regime,pos,0.01,1.0,2.0,2000,False,1,0.05,40.0,32,E3_regime__relu__mu1-2_sd0.05__h32_eps2.50e-03_pos__s1__dt0.0002__aa9dca0a2a,40.0,0.00011352266418202278,-6.764752085882916e-08,0.49999999131124717,163,176,163,176,171,204,171,204,178,242,178,288,181,539,0.0004618455988556758,0.00046899391585338013,3.2,40.0,0.49984945402522846,1.2405788811420688e-05,1.2405788811420688e-05,0.0,transient,0.0004617764690289655,0.0004689256344908438,3.2,40.0,0.4998494597831353,1.2402180285088586e-05,1.2402180285088586e-05,0.0,transient,0.0004868218378429878,0.0004884669198050862,17.94,17.94,0.49999998792063455,0.49286953457954724,0.4933580014993523,0.0004884669198050862,persistent,0.009588596864515131,0.009669137545310902,14.75,14.75,0.49999998646839233,0.47915415157196906,0.48882328911727996,0.009669137545310902,persistent,2.6535779185947334e-05,2.6553475368421094e-05,18.46,18.46,0.49989728629755165,8.896481515378613e-09,2.544303674270158e-05,2.54341402611862e-05,other,9.026046813367182e-05,9.029764108603469e-05,4.55,40.0,0.49990272796591895,1.0349123949902502e-07,1.0349123949902502e-07,0.0,other,0.007319919148110143,0.007351136338063946,14.32,14.32,0.5,0.49175288683517393,0.4991040231732379,0.007351136338063946,persistent,1.36495420458016e-05,1.3669004017113906e-05,12.23,12.23,0.5,0.4999863309959829,0.5,1.3669004017113906e-05,other
relu,0.0002,0.0025,E3_regime,pos,0.01,1.0,2.0,2000,False,2,0.05,40.0,32,E3_regime__relu__mu1-2_sd0.05__h32_eps2.50e-03_pos__s2__dt0.0002__81da8a9afd,40.0,0.00010136380870839829,-6.25198267695476e-08,0.4999999924438354,164,166,164,166,172,214,172,214,180,241,180,281,181,539,0.0004962729777275854,0.0005038603523403601,3.2,40.0,0.4998499742747005,9.087840370789595e-06,9.087840370789595e-06,0.0,transient,0.0004947536685568354,0.0005022688083599763,3.2,40.0,0.4998501119868434,9.02958351846736e-06,9.02958351846736e-06,0.0,transient,0.0002650533242558595,0.0002661417101939567,18.55,18.55,0.49999999999742123,0.4932382524295635,0.49350439413975744,0.0002661417101939567,persistent,0.009975388769517368,0.010049812841996797,14.780000000000001,14.780000000000001,0.4999999978236442,0.47960126424106264,0.48965107708305944,0.010049812841996797,persistent,2.3849443271666878e-05,2.386505963772217e-05,19.37,19.37,0.49989420563007947,2.0932389309570508e-08,2.0449671784135647e-05,2.042873939482608e-05,other,8.708695615925163e-05,8.712358713121002e-05,4.63,40.0,0.4999058088790801,8.627366189264449e-08,8.627366189264449e-08,0.0,other,0.0072433941909366695,0.007265310190813057,14.200000000000001,14.200000000000001,0.5,0.4920440684000922,0.49930937859090524,0.007265310190813057,persistent,0.0,0.0,nan,0.0,0.5,0.5,0.5,0.0,monotone
relu,0.0002,0.0025,E3_regime,pos,0.01,1.0,2.0,2000,False,3,0.05,40.0,32,E3_regime__relu__mu1-2_sd0.05__h32_eps2.50e-03_pos__s3__dt0.0002__62ccfd7e04,40.0,8.789352947146408e-05,-4.918651457102587e-08,0.4999999956369514,164,139,165,139,171,145,171,145,179,184,179,184,181,539,0.00048323865891317097,0.0004906156092765179,3.21,40.0,0.4998523749122663,6.739906426180108e-06,6.739906426180108e-06,0.0,transient,0.0004837544303742669,0.0004911580701574131,3.21,40.0,0.49985232246034456,6.755760791289255e-06,6.755760791289255e-06,0.0,transient,0.0006374997781946057,0.0006400222084004259,16.64,16.64,0.49999994523566005,0.4924754297545623,0.49311545196296275,0.0006400222084004259,persistent,0.008048766001655328,0.008106444327840079,14.6,14.6,0.49999999504977827,0.48372228801205364,0.4918287323398937,0.008106444327840079,persistent,2.8470104620158633e-05,2.84842971795426e-05,17.080000000000002,17.080000000000002,0.49989132736399294,2.2139590865147585e-07,1.8175812982524696e-05,1.795441707387322e-05,other,4.737183049288971e-05,4.739484423377994e-05,4.73,12.48,0.49990868707487357,3.869420343781493e-08,6.6108096317342e-08,2.7413892879527065e-08,other,0.005189071395927225,0.00520254635380768,13.790000000000001,13.790000000000001,0.5,0.4943475531971929,0.4995500995510006,0.00520254635380768,persistent,0.0,0.0,nan,0.0,0.5,0.5,0.5,0.0,monotone
relu,0.0002,0.0025,E3_regime,pos,0.01,1.0,2.0,2000,False,4,0.05,40.0,32,E3_regime__relu__mu1-2_sd0.05__h32_eps2.50e-03_pos__s4__dt0.0002__236c1ef00b,40.0,0.00011087959716077739,-6.209767021052922e-08,0.49999999754381874,160,163,160,164,170,183,170,184,178,221,178,264,181,539,0.00038771139060921056,0.0003932494756778149,3.17,40.0,0.499836169525849,1.1078028302168361e-05,1.1078028302168361e-05,0.0,transient,0.00038752431572416923,0.00039305405136602634,3.17,40.0,0.4998361791271381,1.106739442324129e-05,1.106739442324129e-05,0.0,transient,0.00011700026128763641,0.0001170088804782754,18.91,18.91,0.5,0.49424863658522955,0.4943468697374563,9.823315222673434e-05,persistent,0.007806426325383975,0.00787631640660108,15.19,15.19,0.4999999778984621,0.48226074852077877,0.49013706492737985,0.00787631640660108,persistent,2.876065962130848e-05,2.899149768377247e-05,18.56,18.56,0.49992170515667494,6.274368837911502e-09,2.899777205261038e-05,2.899149768377247e-05,other,7.483466300780864e-05,7.486402363956999e-05,4.58,13.82,0.49987830935029,5.607328166663985e-08,6.795553088243861e-08,1.188224921579876e-08,other,0.00617093722338391,0.006203536020669476,14.5,14.5,0.5,0.49320307034149136,0.49940660636216083,0.006203536020669476,persistent,0.0,0.0,nan,0.0,0.5,0.5,0.5,0.0,monotone
relu,0.0002,0.0025,E3_regime,pos,0.01,1.0,2.0,2000,False,5,0.05,40.0,32,E3_regime__relu__mu1-2_sd0.05__h32_eps2.50e-03_pos__s5__dt0.0002__634bdb9c22,40.0,7.686448644019944e-05,-4.174418304992225e-08,0.4999999859278903,106,118,111,118,165,122,165,122,177,172,177,173,181,539,0.0001990316559825206,0.00020366598643070666,3.24,40.0,0.4998552087585933,3.826057668229405e-06,3.826057668229405e-06,0.0,transient,0.0001991023896540517,0.00020373477735084744,3.24,40.0,0.4998551926777756,3.830194735475726e-06,3.830194735475726e-06,0.0,transient,0.0009724573766127231,0.0009756673111077641,15.64,15.63,0.4999999310335578,0.49173967848390837,0.49271534579501614,0.0009756673111077641,persistent,0.007579838438914521,0.007632399015833791,14.92,14.92,0.49999996535203123,0.4850495351815989,0.49268193419743267,0.007632399015833791,persistent,3.490325962151143e-05,3.492233100003646e-05,17.11,17.11,0.4999019883896464,1.4114637927882084e-07,1.9018118151003968e-05,1.887697177172515e-05,other,3.507462759635225e-05,3.5093657668673546e-05,4.59,12.200000000000001,0.4998980245862969,1.4072109521451735e-08,4.8097885568718976e-08,3.402577604726724e-08,other,0.004790451504153359,0.004797569953409353,13.74,13.74,0.5,0.4951560505622575,0.49995362051566683,0.004797569953409353,persistent,0.0,0.0,nan,0.0,0.5,0.5,0.5,0.0,monotone
relu,0.0002,0.0025,E3_regime,pos,0.01,1.0,2.0,2000,False,6,0.05,40.0,32,E3_regime__relu__mu1-2_sd0.05__h32_eps2.50e-03_pos__s6__dt0.0002__c466b94a59,40.0,8.570515059483595e-05,-4.875028298380942e-08,0.49999998819829994,162,156,162,156,170,163,170,163,178,240,178,240,181,539,0.0003854895683924192,0.0003921035273937029,3.22,40.0,0.4998527032196084,6.429448251381903e-06,6.429448251381903e-06,0.0,transient,0.0003859804486797819,0.00039262266067126295,3.22,40.0,0.49985264536849505,6.44807836121241e-06,6.44807836121241e-06,0.0,transient,0.0007190888628966774,0.0007208059550103951,16.16,16.16,0.49999996539938774,0.49314129369723514,0.49386209965224553,0.0007208059550103951,persistent,0.008347337287639034,0.008407036616988994,14.33,14.33,0.4999999760255771,0.4830648881777863,0.4914719247947753,0.008407036616988994,persistent,2.6026958504520405e-05,2.6044119777419425e-05,17.61,17.61,0.4998950196648756,1.2660605299751444e-08,2.095280294604447e-05,2.094014234074472e-05,other,5.3791786532480565e-05,5.38175243833869e-05,4.63,12.5,0.49990499431345603,5.509672649485538e-08,6.286550619871276e-08,7.76877970385738e-09,other,0.005660564178790295,0.005668660038378237,13.700000000000001,13.700000000000001,0.5,0.4939994238846624,0.49966808392304063,0.005668660038378237,persistent,0.0,0.0,nan,0.0,0.5,0.5,0.5,0.0,monotone
relu,0.0002,0.0025,E3_regime,pos,0.01,1.0,2.0,2000,False,7,0.05,40.0,32,E3_regime__relu__mu1-2_sd0.05__h32_eps2.50e-03_pos__s7__dt0.0002__3ccb6239cd,40.0,9.541147211539907e-05,-5.3488538128091e-08,0.4999999994364635,162,151,162,151,170,162,170,162,179,185,179,186,181,539,0.0004351820442694415,0.00044172103466809387,3.2,40.0,0.4998462628677293,8.423877574721466e-06,8.423877574721466e-06,0.0,transient,0.00043476390371857687,0.0004413083057233508,3.2,40.0,0.49984629891474586,8.406913411174451e-06,8.406913411174451e-06,0.0,transient,0.0017166553157039743,0.0017223140371564472,15.64,15.64,0.4999999529098062,0.4908141732821894,0.49253648731934585,0.0017223140371564472,persistent,0.008288939785591698,0.008355413555164393,15.41,15.4,0.4999999582343827,0.4820946770817058,0.4904500906368702,0.008355413555164393,persistent,2.4948833651127313e-05,2.4966204010141918e-05,17.52,17.52,0.49990253493635156,1.13965294574428e-07,2.3995825508954586e-05,2.388186021438016e-05,other,5.574929526310577e-05,5.577191094980717e-05,4.66,40.0,0.49989747933295553,5.786486545378122e-08,5.786486545378122e-08,0.0,other,0.005939271644282651,0.00595886976443849,14.33,14.33,0.5,0.4935417758870682,0.4995006456515067,0.00595886976443849,persistent,0.0,0.0,nan,0.0,0.5,0.5,0.5,0.0,monotone
relu,0.0002,0.0025,E3_regime,pos,0.01,1.0,2.0,2000,False,8,0.05,40.0,32,E3_regime__relu__mu1-2_sd0.05__h32_eps2.50e-03_pos__s8__dt0.0002__c4e33f859d,40.0,0.00012267617205886046,-7.463469268507278e-08,0.4999999948309486,169,183,169,183,174,224,174,224,180,252,180,299,181,539,0.0007787201995806958,0.0007884188807795178,3.21,40.0,0.49985409485465376,1.670014360339394e-05,1.670014360339394e-05,0.0,transient,0.00077839798953247,0.000788084065934419,3.21,40.0,0.4998541173459886,1.6686675773147262e-05,1.6686675773147262e-05,0.0,transient,0.001296649698619201,0.0013020133364705089,16.990000000000002,16.990000000000002,0.4999999768446456,0.49151814636189095,0.49282015969836146,0.0013020133364705089,persistent,0.010169889647107244,0.010259981567316667,15.34,15.34,0.49999998449539934,0.47678605714072575,0.4870460387080424,0.010259981567316667,persistent,1.784315543318371e-05,1.7861850841588398e-05,19.26,19.26,0.49988103249188104,1.0793929571852033e-08,1.5882029429341042e-05,1.587123549976919e-05,other,0.00010142491437260438,0.00010146623015438318,4.76,40.0,0.49991898299906756,1.0653308705328329e-07,1.0653308705328329e-07,0.0,transient,0.007895222982473249,0.007937703100315774,14.67,14.67,0.5,0.49030621691236864,0.4982439200126844,0.007937703100315774,persistent,7.695309663674488e-05,7.69869982878979e-05,12.56,12.56,0.5,0.4999230130017121,0.5,7.69869982878979e-05,other
relu,0.0002,0.0025,E3_regime,pos,0.01,1.0,2.0,2000,False,9,0.05,40.0,32,E3_regime__relu__mu1-2_sd0.05__h32_eps2.50e-03_pos__s9__dt0.0002__2f3d9f1e27,40.0,7.556321541389276e-05,-4.453687624745358e-08,0.4999999987792061,119,125,122,125,164,130,164,130,177,142,177,142,181,539,0.00019488212986763787,0.00019883238988695207,3.21,40.0,0.49983931013117694,4.0512429442217035e-06,4.0512429442217035e-06,0.0,transient,0.0001949247323189962,0.00019887797316441025,3.21,40.0,0.49983930753747946,4.053503660265393e-06,4.053503660265393e-06,0.0,transient,0.0012503673848207608,0.0012548804080035891,15.81,15.8,0.49999994870297143,0.49106991050333537,0.49232479091133896,0.0012548804080035891,persistent,0.00824783722448913,0.008302806305635346,15.18,15.18,0.49999995766730243,0.48463453683482344,0.4929373431404588,0.008302806305635346,persistent,3.769553753520747e-05,3.771372317934102e-05,16.92,16.92,0.4999286576777659,7.617956871128328e-07,2.1860431107790357e-05,2.1098635420677525e-05,other,4.038817654232348e-05,4.040530627591541e-05,4.55,12.48,0.4998713561013527,2.21371777506381e-08,4.8913821952604774e-08,2.6776644201966673e-08,other,0.004917909867665271,0.00491798785947567,14.120000000000001,14.120000000000001,0.5,0.49508201214052433,0.5,0.00491798785947567,persistent,0.0,0.0,nan,0.0,0.5,0.5,0.5,0.0,monotone
relu,0.0002,0.05,E3_regime,iso,0.01,1.0,2.0,2000,False,0,0.05,40.0,8,E3_regime__relu__mu1-2_sd0.05__h8_eps5.00e-02_iso__s0__dt0.0002__2449c7a5f3,40.0,0.00018228913023999953,-5.972036825469245e-08,0.4993998218269553,144,211,144,411,168,217,168,424,181,217,181,435,181,539,0.00020151597711824047,0.0002016140599033621,11.790000000000001,35.44,0.4923178551691162,6.181090855286123e-05,6.898883944866783e-05,7.177930895806595e-06,transient,0.00020057373847557545,0.00020067163402837137,11.790000000000001,35.410000000000004,0.4923170207811819,6.186353450991087e-05,6.912495290861107e-05,7.261418398700191e-06,transient,0.0,0.0,nan,40.0,0.49743440620413243,0.4781679554180994,0.4781679554180994,0.0,monotone,0.02206470634248281,0.022247854191812078,12.22,12.22,0.49288115248314757,0.4403070283146922,0.4625548825065043,0.022247854191812078,persistent,3.4442735950919584e-05,3.4722808762962184e-05,19.69,19.69,0.49732819369901643,1.6441216711062224e-07,1.0448141778205779e-05,1.0283729611095156e-05,other,0.00032452454304050934,0.000324773948829759,2.7600000000000002,34.1,0.4923654255173843,3.965902280763824e-11,8.286215489416799e-10,7.889625261340416e-10,transient,0.0183565936766234,0.018443356450255466,11.77,11.77,0.4930183410914995,0.4660142126735682,0.48445756912382365,0.018443356450255466,persistent,0.0,0.0,nan,40.0,0.49735318599636585,0.4874472786364761,0.4874472786364761,0.0,monotone
relu,0.0002,0.05,E3_regime,iso,0.01,1.0,2.0,2000,False,1,0.05,40.0,8,E3_regime__relu__mu1-2_sd0.05__h8_eps5.00e-02_iso__s1__dt0.0002__c539266c7e,40.0,6.723725766780228e-05,-2.3271160240267508e-08,0.49823135370388627,0,189,0,373,0,201,0,381,3,210,3,386,181,539,0.0,0.0,nan,40.0,0.4985033822459568,9.083572786575703e-05,9.083572786575703e-05,0.0,monotone,0.0,0.0,nan,40.0,0.49850337092632147,9.081990353704637e-05,9.081990353704637e-05,0.0,monotone,0.002210121224441697,0.0022213414411620946,11.3,11.3,0.4947423088798048,0.48590870750217513,0.4881300489433372,0.0022213414411620946,persistent,0.002762091107696707,0.002772508242032845,1.45,21.0,0.4938322822717896,0.4888652837255599,0.4891955286593606,0.0003302449338007385,persistent,0.0,0.0,nan,40.0,0.49344664301514435,9.843854760112259e-08,9.843854760112259e-08,0.0,monotone,9.313416955788768e-06,9.386891140429604e-06,3.0500000000000003,8.870000000000001,0.4975561720589357,3.312194378923841e-09,3.144297220653329e-07,3.1111752768640906e-07,other,0.0,0.0026206634321995215,nan,0.0,0.4940027822343133,0.4940027822343133,0.4940925710117144,8.97887774010675e-05,transient,0.0007881641402243678,0.0007887590396878918,10.13,10.13,0.49505872371512094,0.49480784641784437,0.4955134248271579,0.000705578409313512,persistent
relu,0.0002,0.05,E3_regime,iso,0.01,1.0,2.0,2000,False,2,0.05,40.0,8,E3_regime__relu__mu1-2_sd0.05__h8_eps5.00e-02_iso__s2__dt0.0002__82677e6d94,40.0,0.00019512243128328566,-5.8702421647368816e-08,0.4953388261637883,160,218,161,386,179,229,179,399,181,240,181,411,181,539,0.00016183196450082386,0.00016365064741536198,12.88,12.88,0.49475816006186524,0.0003280922556285962,0.0004917429030439582,0.00016365064741536198,persistent,0.00016325548641692546,0.00016507511103228622,12.9,12.89,0.4947551811475459,0.0003279902775387637,0.0004930653885710499,0.00016507511103228622,persistent,0.0,0.0,nan,40.0,0.492457254056828,0.4636647831101572,0.4636647831101572,0.0,monotone,0.017710393398529478,0.01781929549212058,11.47,11.47,0.4955621894098414,0.4594480079523095,0.4772673034444301,0.01781929549212058,persistent,3.4014020462274693e-05,3.431447578149973e-05,18.19,18.19,0.49808390868581914,2.986234145438487e-07,5.229323401716911e-06,4.930699987173062e-06,other,0.00018453896591872555,0.0001847145947116378,2.87,18.64,0.4945803115573864,7.688229049020201e-08,1.0202706218356241e-07,2.51447716933604e-08,transient,0.012481696613866167,0.012535123495909128,11.02,11.02,0.4952992729795777,0.47872349879206944,0.49125862228797856,0.012535123495909128,persistent,0.0,0.0,nan,40.0,0.49209977303805913,0.4795871717648702,0.4795871717648702,0.0,monotone
relu,0.0002,0.05,E3_regime,iso,0.01,1.0,2.0,2000,False,3,0.05,40.0,8,E3_regime__relu__mu1-2_sd0.05__h8_eps5.00e-02_iso__s3__dt0.0002__0cbb2b6637,40.0,6.487645548306097e-05,-3.4895864806525827e-08,0.49595471440170513,76,210,76,356,97,216,97,385,124,231,124,399,181,539,1.7440422536455175e-06,1.7537659209902138e-06,10.26,40.0,0.4967622159462888,1.4298800636256351e-06,1.4298800636256351e-06,0.0,other,1.7842682483019978e-06,1.7940310065027616e-06,10.26,40.0,0.4967613340623537,1.4333939365409656e-06,1.4333939365409656e-06,0.0,other,0.0054987172369774795,0.00550945994397567,9.31,9.32,0.4942503243806422,0.47881503364993777,0.48432449359391344,0.00550945994397567,persistent,0.015161809459393438,0.015231668848949387,10.15,10.15,0.4958362481279147,0.4728889880419824,0.4881206568909318,0.015231668848949387,persistent,0.00010726752573087982,0.00010779166064775776,12.36,12.36,0.4935888972197355,2.1893496002547308e-08,9.161409110845369e-06,9.139515614842821e-06,transient,1.5468241271450608e-05,1.5565922886276586e-05,3.08,8.040000000000001,0.4971456279289405,3.433787365616494e-09,7.581738797584164e-08,7.238360061022515e-08,other,0.008840476166989741,0.008840585248752086,9.16,9.16,0.49545908911500725,0.48688677310575756,0.49572735835450965,0.008840585248752086,persistent,0.00160242790344578,0.0016026047731608206,7.8100000000000005,7.8100000000000005,0.49386732400643574,0.49270166511643,0.49425033320950074,0.0015486680930707486,persistent
relu,0.0002,0.05,E3_regime,iso,0.01,1.0,2.0,2000,False,4,0.05,40.0,8,E3_regime__relu__mu1-2_sd0.05__h8_eps5.00e-02_iso__s4__dt0.0002__b647607777,40.0,0.0001376020267553218,-3.724371054307919e-08,0.4969650213170098,95,153,95,321,107,158,107,327,149,171,149,338,181,539,1.7607269042359784e-06,1.7691288311447975e-06,10.67,40.0,0.49605896357819756,0.00011797277542923885,0.00011797277542923885,0.0,other,1.7381123481899309e-06,1.7465175837115738e-06,10.67,40.0,0.49605933103981126,0.00011800456380882058,0.00011800456380882058,0.0,other,0.0002522577589574859,0.0002522859266171906,12.52,40.0,0.4963541500187119,0.47841746972052185,0.47841746972052185,0.0,transient,0.010414976735846293,0.01047091852339449,11.31,11.3,0.49273081343427216,0.4675575236022165,0.47802844212561096,0.01047091852339449,persistent,6.6269291039589e-05,6.66697150884741e-05,13.4,13.4,0.4947283837150177,8.185429601317876e-09,5.99402063740125e-06,5.985835207799932e-06,other,3.027024437975777e-05,3.044496800613011e-05,2.88,11.41,0.49641352635778846,2.4499899215884457e-08,5.718727726647153e-08,3.268737805058707e-08,other,0.006132940386599062,0.0061339134515405735,10.43,10.43,0.4927022187825263,0.482467860807974,0.4883929584807435,0.005925097672769497,persistent,0.0,0.0,nan,40.0,0.49621084100481555,0.49186175472548327,0.49186175472548327,0.0,monotone
relu,0.0002,0.05,E3_regime,iso,0.01,1.0,2.0,2000,False,5,0.05,40.0,8,E3_regime__relu__mu1-2_sd0.05__h8_eps5.00e-02_iso__s5__dt0.0002__cca62f9f64,40.0,8.433578353854088e-05,-1.529915070792745e-08,0.49818688523373567,0,97,0,252,0,109,0,272,3,135,3,309,181,539,0.0,0.0,nan,40.0,0.4969655082531328,0.00017188722355191932,0.00017188722355191932,0.0,monotone,0.0,0.0,nan,40.0,0.49696621318270723,0.00017183702037072777,0.00017183702037072777,0.0,monotone,0.0008354866118596704,0.0008355105856568401,13.26,13.26,0.49502798345828725,0.48628489453205476,0.48706463445700626,0.0007797399249515058,persistent,0.003507165363606124,0.0035243375543022037,7.930000000000001,7.930000000000001,0.49486001136927094,0.49020374030865105,0.49372807786295325,0.0035243375543022037,persistent,1.0570166879956985e-06,2.2155040882488225e-06,10.200000000000001,40.0,0.49427718770522494,2.7371857652540063e-06,2.7371857652540063e-06,0.0,other,5.871802764416273e-06,5.922398063858821e-06,2.93,28.67,0.4955914628114107,2.2628224627398782e-10,4.151588456804187e-10,1.8887659940643086e-10,other,0.0004549708927832352,0.0006019733082904821,6.7,0.0,0.49488248645019633,0.49488248645019633,0.4954844597584868,0.0006019733082904821,persistent,0.00030991557352161303,0.00031149759588672277,12.13,40.0,0.49530503409447363,0.4949791711256207,0.4949791711256207,0.0,transient
relu,0.0002,0.05,E3_regime,iso,0.01,1.0,2.0,2000,False,6,0.05,40.0,8,E3_regime__relu__mu1-2_sd0.05__h8_eps5.00e-02_iso__s6__dt0.0002__6fd0fbabb2,40.0,0.0003574190274237939,-2.0168749072756176e-08,0.49964917163015343,74,155,79,328,78,158,83,329,84,183,89,350,181,539,0.0011972318042772073,0.0012775291899665558,2.07,40.0,0.49415510764043624,0.0012966229585235937,0.0012966229585235937,0.0,transient,0.0011947134037148532,0.0012742471361271018,2.07,40.0,0.49415246579057515,0.0012954812994228787,0.0012954812994228787,0.0,transient,0.0,0.0,nan,40.0,0.49298037226190083,0.4740249539121091,0.4740249539121091,0.0,monotone,0.0054876698116314016,0.005511466631380302,8.75,8.75,0.4975033305029567,0.4850577235179242,0.4905691901493045,0.005511466631380302,persistent,4.624445318251509e-05,4.6392503938754745e-05,11.34,11.34,0.49227715816305906,4.542442876230789e-06,9.892526820813774e-06,5.350083944582985e-06,other,0.0,0.0,nan,40.0,0.4965053305130973,5.761208025869042e-09,5.761208025869042e-09,0.0,monotone,0.0025298056475187014,0.0025302728684774567,8.3,8.3,0.49751863063671675,0.49382012697529837,0.49621875289535505,0.002398625920056685,persistent,1.6996980941041961e-06,2.8956041265848498e-06,39.06,39.06,0.49377405713072636,0.49027077963354176,0.49027367523766835,2.8956041265848498e-06,other
relu,0.0002,0.05,E3_regime,iso,0.01,1.0,2.0,2000,False,7,0.05,40.0,8,E3_regime__relu__mu1-2_sd0.05__h8_eps5.00e-02_iso__s7__dt0.0002__53e05ec6e5,40.0,0.00021171774246342596,-6.650272697477744e-08,0.4972766436112579,147,203,147,370,172,219,172,383,181,238,181,398,181,539,6.334930545971349e-05,6.339029868554074e-05,11.74,29.26,0.4948378559030152,0.00023093693588360567,0.00025540181736048424,2.446488147687858e-05,other,6.304683478090698e-05,6.308780360064623e-05,11.74,29.240000000000002,0.49483509794210445,0.00023103636738552554,0.0002556319685063754,2.459560112084985e-05,other,0.0,0.0,nan,40.0,0.4952836217077535,0.4690146315572961,0.4690146315572961,0.0,monotone,0.014571691101847084,0.014657565489811453,11.66,11.66,0.4936321398726952,0.4584558994847623,0.47311346497457374,0.014657565489811453,persistent,2.13962171952434e-05,2.159213558547573e-05,17.79,17.79,0.4985124732059873,3.3192926891752687e-07,3.9944092131631035e-06,3.6624799442455766e-06,other,0.00024575597021936346,0.00024607365848780896,2.6,33.25,0.49213742532435684,3.5334774220233398e-09,3.77386837400799e-09,2.4039095198465e-10,transient,0.009829928288643874,0.009836621979737004,11.200000000000001,11.200000000000001,0.4941112364483716,0.4783158688350938,0.4881524908148308,0.009836621979737004,persistent,0.0,0.0,nan,40.0,0.4953088012393563,0.48459557291217376,0.48459557291217376,0.0,monotone
relu,0.0002,0.05,E3_regime,iso,0.01,1.0,2.0,2000,False,8,0.05,40.0,8,E3_regime__relu__mu1-2_sd0.05__h8_eps5.00e-02_iso__s8__dt0.0002__ae10f4e2e3,40.0,0.00012634979888146176,-2.1120125036632213e-08,0.4997442493913695,0,305,0,481,0,315,0,490,7,326,8,501,181,539,0.0,0.0,nan,40.0,0.49824172768569264,0.0006197674625116083,0.0006197674625116083,0.0,monotone,0.0,0.0,nan,40.0,0.4982410094171198,0.0006199180140319076,0.0006199180140319076,0.0,monotone,0.0017814203832451359,0.0017822638570200167,5.24,5.24,0.4924544710340459,0.4863934643552235,0.486643643421007,0.0002501790657835068,persistent,0.0017679316092331088,0.0017753890817878704,1.42,13.47,0.49593070531205985,0.4922013210365419,0.4933215393968934,0.001120218360351477,persistent,2.125853669616101e-05,2.1301390575172774e-05,12.77,12.77,0.49419924669175436,1.1360337132320002e-06,1.8377468451250827e-05,1.7241434738018825e-05,other,5.246118227184773e-06,5.273441192182811e-06,3.0700000000000003,40.0,0.496306676160776,2.8478708118280213e-09,2.8478708118280213e-09,0.0,other,0.0007731629884905056,0.001136986140923002,12.86,0.0,0.49621150365196837,0.49621150365196837,0.49722292403086926,0.0010114203789008958,persistent,0.00012144423516247116,0.0031477348103925995,8.1,0.0,0.4933684310142212,0.4933684310142212,0.4957214000078633,0.002352968993642124,persistent
relu,0.0002,0.05,E3_regime,iso,0.01,1.0,2.0,2000,False,9,0.05,40.0,8,E3_regime__relu__mu1-2_sd0.05__h8_eps5.00e-02_iso__s9__dt0.0002__df88e8d77a,40.0,0.00017320361099876935,-4.2731350815639405e-08,0.49988299391407054,126,217,126,399,134,219,134,409,166,227,166,423,181,539,8.736348266583349e-05,8.743165899546037e-05,10.870000000000001,40.0,0.49333636493393,0.00012888265340112577,0.00012888265340112577,0.0,other,8.746718545053642e-05,8.753586072424358e-05,10.870000000000001,40.0,0.4933371136073039,0.00012891282036042707,0.00012891282036042707,0.0,other,0.0,0.0,nan,40.0,0.49755458792503093,0.48294252098685275,0.48294252098685275,0.0,monotone,0.006880542523028721,0.006935440868299836,11.85,11.85,0.49330352359958113,0.46603798659253554,0.47297342746083537,0.006935440868299836,persistent,8.558203603570291e-06,8.640232198880873e-06,14.99,14.99,0.49817010729875555,3.2242964759268424e-08,2.7582108288840754e-07,2.4357811812913914e-07,other,0.00016648308080262228,0.00016680039830308026,2.5300000000000002,16.55,0.49027920260909613,4.571568225852824e-09,8.233052520615399e-09,3.6614842947625754e-09,transient,0.004554792734314694,0.0045804398436354865,11.35,11.35,0.4940059537384588,0.48220775016752043,0.4867881900111559,0.0045804398436354865,persistent,0.0,0.0,nan,40.0,0.49763437447078085,0.4909818898072917,0.4909818898072917,0.0,monotone
relu,0.0002,0.05,E3_regime,pos,0.01,1.0,2.0,2000,False,0,0.05,40.0,8,E3_regime__relu__mu1-2_sd0.05__h8_eps5.00e-02_pos__s0__dt0.0002__916679f3c6,40.0,5.175739840580403e-05,-2.232380916218315e-08,0.49999999850729726,64,122,72,122,100,126,109,126,177,136,177,136,181,539,0.0004090556903355025,0.0004990119373460417,1.83,40.0,0.48534222438360175,5.183684572811099e-06,5.183684572811099e-06,0.0,transient,0.000409167731666063,0.000499825595604575,1.83,40.0,0.4853456006775715,5.1701116759352615e-06,5.1701116759352615e-06,0.0,transient,0.0021234372560560155,0.0021287183458852388,9.49,9.48,0.4999893267523506,0.4905237177032024,0.49265243604908765,0.0021287183458852388,persistent,0.007243692170504801,0.007286037224824793,9.88,9.88,0.49999999999999994,0.4849423437004033,0.4922283809252281,0.007286037224824793,persistent,1.6483086656390615e-05,1.6542531956487105e-05,11.49,11.49,0.49074485336134094,1.5595444028143938e-06,1.0537191092270233e-05,8.97764668945584e-06,other,3.5689162119338524e-06,3.5763035335338357e-06,6.87,6.87,0.48938530117635926,1.492702709452862e-09,3.210059203813416e-08,3.0607889328681295e-08,other,0.004416450626355206,0.004432857674470769,8.83,8.83,0.5,0.4949269156036002,0.49935977327807096,0.004432857674470769,persistent,1.071773351152272e-05,1.0729422630084695e-05,5.18,5.18,0.5,0.4999892705773699,0.5,1.0729422630084695e-05,other
relu,0.0002,0.05,E3_regime,pos,0.01,1.0,2.0,2000,False,1,0.05,40.0,8,E3_regime__relu__mu1-2_sd0.05__h8_eps5.00e-02_pos__s1__dt0.0002__475a353bc6,40.0,0.0001313223792862884,-5.545409280724575e-08,0.49999995896688176,171,254,171,324,173,262,173,326,179,270,179,330,181,539,0.001897261443053952,0.001945410708849682,1.76,40.0,0.4844291223738313,1.5213765442898921e-05,1.5213765442898921e-05,0.0,transient,0.0018970791480531907,0.001945233374751415,1.76,40.0,0.48442951959800257,1.5209342169236566e-05,1.5209342169236566e-05,0.0,transient,0.002483729615515906,0.0024886847691398817,12.040000000000001,12.040000000000001,0.5,0.48810716149601396,0.49059584626515385,0.0024886847691398817,persistent,0.020318217456406273,0.02048025453214425,10.81,10.81,0.49999999999999994,0.46011623446731686,0.4805964889994611,0.02048025453214425,persistent,4.3450467002644054e-05,4.4491017978086865e-05,16.23,16.23,0.4911750268123869,7.026143810910561e-08,4.456127941619597e-05,4.4491017978086865e-05,other,1.5799286882414677e-06,1.7976619254790518e-06,3.46,40.0,0.4889657313083382,6.679486910858647e-08,6.679486910858647e-08,0.0,other,0.017941369432461107,0.018050992157796875,10.21,10.21,0.5,0.48083325276622896,0.49888424492402583,0.018050992157796875,persistent,0.0,0.0,nan,0.0,0.5,0.5,0.5,0.0,monotone
relu,0.0002,0.05,E3_regime,pos,0.01,1.0,2.0,2000,False,2,0.05,40.0,8,E3_regime__relu__mu1-2_sd0.05__h8_eps5.00e-02_pos__s2__dt0.0002__4beda921a7,40.0,8.082134481275053e-05,-4.521110001370757e-08,0.4999999554823482,172,220,172,285,174,225,174,291,176,233,176,296,181,539,0.0018427501274483893,0.0019165877068447884,1.84,40.0,0.4869795766962305,4.8748151070446295e-06,4.8748151070446295e-06,0.0,transient,0.0018403989376271218,0.0019156293894738857,1.84,40.0,0.48699737510740887,4.843080546468997e-06,4.843080546468997e-06,0.0,transient,0.0015811616152116015,0.0015865653436443194,11.74,11.74,0.4999999989697784,0.48946249795626967,0.491049063299914,0.0015865653436443194,persistent,0.01569015439270577,0.015771507508493543,9.61,9.61,0.49999999999999994,0.4734092977163562,0.48918080522484975,0.015771507508493543,persistent,3.017501411374145e-05,3.0237186641588112e-05,14.52,14.52,0.48729361376393016,6.717289535226515e-08,2.702984293134513e-05,2.6962670035992866e-05,other,2.1719443136124608e-06,2.1761558959119523e-06,7.8100000000000005,40.0,0.49285037528163966,6.414499747451626e-08,6.414499747451626e-08,0.0,other,0.010991378098124616,0.01099148767415542,9.05,9.05,0.5,0.4890085123258446,0.5,0.01099148767415542,persistent,3.132325356214327e-05,3.1364142528744754e-05,7.2,7.2,0.5,0.49996863585747126,0.5,3.1364142528744754e-05,other
relu,0.0002,0.05,E3_regime,pos,0.01,1.0,2.0,2000,False,3,0.05,40.0,8,E3_regime__relu__mu1-2_sd0.05__h8_eps5.00e-02_pos__s3__dt0.0002__0a33dd1356,40.0,9.175442698641662e-05,-4.0451927909340344e-08,0.4999999999828995,172,199,172,254,174,203,174,264,177,241,177,278,181,539,0.0038239785834819767,0.003903706887403574,1.83,40.0,0.48692203894959996,1.3534210133760303e-05,1.3534210133760303e-05,0.0,transient,0.00382678000522739,0.003906917746347896,1.83,40.0,0.4869145968026448,1.3565754790236961e-05,1.3565754790236961e-05,0.0,transient,0.00039357871484790863,0.0003957910555443811,13.08,13.07,0.5,0.4934944616994022,0.4938902527549466,0.0003957910555443811,persistent,0.009414786951796594,0.009484338506314749,8.22,8.22,0.49999999999999994,0.47832465789439493,0.4878089964007097,0.009484338506314749,persistent,1.2823162840256622e-05,1.2902770525006031e-05,12.49,12.49,0.4866856173101459,7.142901665371283e-08,1.0312745703306203e-05,1.024131668665249e-05,other,2.6394546185057066e-07,2.6434299132156e-07,8.6,40.0,0.49346906787704764,3.9673681966087944e-08,3.9673681966087944e-08,0.0,other,0.0071504373310838365,0.007197024788166528,8.99,8.99,0.5,0.49084083899466957,0.4980378637828361,0.007197024788166528,persistent,0.0,0.0,nan,0.0,0.5,0.5,0.5,0.0,monotone
relu,0.0002,0.05,E3_regime,pos,0.01,1.0,2.0,2000,False,4,0.05,40.0,8,E3_regime__relu__mu1-2_sd0.05__h8_eps5.00e-02_pos__s4__dt0.0002__bead99633e,40.0,9.717248147210167e-05,-5.277645842239806e-08,0.49999996627114385,170,201,170,260,173,206,173,271,176,212,176,286,181,539,0.00072982976923118,0.0008021107247207088,1.8,40.0,0.48492133153897,1.0263760709583729e-05,1.0263760709583729e-05,0.0,transient,0.0007297148882294963,0.0008021903353559595,1.8,40.0,0.4849224289790808,1.0253831941852917e-05,1.0253831941852917e-05,0.0,transient,0.0013684687431805287,0.0013703226008691116,11.07,11.07,0.5,0.4914389723687496,0.4928092949696187,0.0013703226008691116,persistent,0.012809010235679874,0.012901617182546343,10.13,10.13,0.49999736411177215,0.47421261714231466,0.487114234324861,0.012901617182546343,persistent,3.181607515950253e-05,3.18656140137974e-05,14.120000000000001,14.120000000000001,0.4912550634074195,1.2942902732638179e-08,3.095208115628803e-05,3.093913825355539e-05,other,2.2450368817317212e-06,2.249249192182435e-06,7.890000000000001,40.0,0.4888776906705102,5.400440974645732e-08,5.400440974645732e-08,0.0,other,0.01075887899248651,0.010789823685961708,9.3,9.3,0.5,0.4884959440056984,0.4992857676916601,0.010789823685961708,persistent,0.0,0.0,nan,0.0,0.5,0.5,0.5,0.0,monotone
relu,0.0002,0.05,E3_regime,pos,0.01,1.0,2.0,2000,False,5,0.05,40.0,8,E3_regime__relu__mu1-2_sd0.05__h8_eps5.00e-02_pos__s5__dt0.0002__03e5fdf511,40.0,8.594577432929547e-05,-5.352413987553899e-08,0.49999997135743435,172,200,172,201,175,206,175,207,177,212,177,213,181,539,0.002363778195215549,0.0024281284269307563,1.81,40.0,0.4861490892627802,6.132733008698509e-06,6.132733008698509e-06,0.0,transient,0.0023643115424001604,0.002428696579776138,1.81,40.0,0.48614632859234025,6.139429265331453e-06,6.139429265331453e-06,0.0,transient,0.003872859118194516,0.003880043814573686,9.75,9.75,0.4999993329403262,0.48631560411553465,0.49019564793010834,0.003880043814573686,persistent,0.014046761456969814,0.014150335290582627,10.950000000000001,10.950000000000001,0.49999999999999994,0.4723589047969228,0.4865092400875054,0.014150335290582627,persistent,6.0559364261404305e-05,6.0579868667287485e-05,16.35,16.35,0.48815303887320705,1.0860658942228174e-10,3.359373631747037e-05,3.359362771088095e-05,other,6.991494585535789e-06,7.0088616360183375e-06,7.18,40.0,0.4919917792315545,4.6421379268091e-08,4.6421379268091e-08,0.0,other,0.012321490912742428,0.012321570300730111,9.59,9.59,0.5,0.4876784296992699,0.5,0.012321570300730111,persistent,0.0001555256061775423,0.00015567375722569388,6.48,6.48,0.5,0.4998443262427743,0.5,0.00015567375722569388,persistent
relu,0.0002,0.05,E3_regime,pos,0.01,1.0,2.0,2000,False,6,0.05,40.0,8,E3_regime__relu__mu1-2_sd0.05__h8_eps5.00e-02_pos__s6__dt0.0002__7ae1254053,40.0,0.00017199056822225095,-1.07003846906386e-07,0.49999999498617953,174,204,174,275,178,219,178,284,181,238,181,299,181,539,0.0073080058300754175,0.007390861066831289,1.7,10.540000000000001,0.4835566885688989,5.537702024683013e-06,3.473456214801712e-05,2.9196860123334105e-05,transient,0.007319991171541376,0.007402760770225267,1.7,10.540000000000001,0.4835505005858277,5.545780854521689e-06,3.4830939950087074e-05,2.9285159095565384e-05,transient,0.0,0.0,nan,0.0,0.5,0.5,0.5,0.0,monotone,0.026007821951276877,0.026191388790328507,11.43,11.43,0.4999937401068297,0.4464172717975838,0.4726086605879123,0.026191388790328507,persistent,0.0018424679973156333,0.0018841994221895364,1.06,21.42,0.4904268409662406,4.454815198207832e-08,6.365992700722508e-06,6.32144454874043e-06,transient,3.37627247533461e-05,3.3887877549250954e-05,3.77,40.0,0.4897369216983149,5.013820379828501e-09,5.013820379828501e-09,0.0,other,0.02130246915146472,0.021372084521326662,11.03,11.03,0.5,0.4722400480980878,0.49361213261941445,0.021372084521326662,persistent,0.0,0.0,nan,0.0,0.5,0.5,0.5,0.0,monotone
relu,0.0002,0.05,E3_regime,pos,0.01,1.0,2.0,2000,False,7,0.05,40.0,8,E3_regime__relu__mu1-2_sd0.05__h8_eps5.00e-02_pos__s7__dt0.0002__78d9c44140,40.0,6.764753522009628e-05,-3.3102710727785567e-08,0.499999968122367,165,174,171,174,174,179,174,179,177,185,177,185,181,539,0.0003812956522124128,0.00046513982806313525,1.81,40.0,0.48470038439963603,3.3180853123212645e-06,3.3180853123212645e-06,0.0,transient,0.0003812485253169018,0.00046569446212542387,1.81,40.0,0.4847020176526537,3.3113085926180467e-06,3.3113085926180467e-06,0.0,transient,0.002519925980204174,0.0025261749271242584,10.040000000000001,10.040000000000001,0.4999844510669566,0.49029701768302597,0.49282319261015023,0.0025261749271242584,persistent,0.012490513257789215,0.012549985059659152,9.44,9.43,0.49999999999999994,0.4792772359026652,0.49182722096232434,0.012549985059659152,persistent,3.118986913105718e-05,3.124879060529561e-05,12.89,12.89,0.4919401890523691,8.150089176278563e-09,1.8181683638281165e-05,1.8173533549104885e-05,other,4.4381518245534774e-06,4.448691307313695e-06,7.36,40.0,0.48819207242364027,4.249191153635054e-08,4.249191153635054e-08,0.0,other,0.007610451881630953,0.00761055719600795,8.88,8.88,0.5,0.49238944280399205,0.5,0.00761055719600795,persistent,0.00012834042990500505,0.000128401271134726,6.42,6.42,0.5,0.4998715987288653,0.5,0.000128401271134726,persistent
relu,0.0002,0.05,E3_regime,pos,0.01,1.0,2.0,2000,False,8,0.05,40.0,8,E3_regime__relu__mu1-2_sd0.05__h8_eps5.00e-02_pos__s8__dt0.0002__ddade9e157,40.0,0.00017350740401002746,-7.787198796102394e-08,0.49999999753954305,174,200,174,267,178,211,178,279,181,237,181,296,181,539,0.0036176763696451064,0.0036793775638026133,1.73,10.33,0.48399337960898015,2.4370964852868966e-06,1.7119321290779084e-05,1.4682224805492187e-05,transient,0.003616216664250313,0.0036779359492975783,1.73,10.33,0.48399470772300845,2.4364768081896486e-06,1.7106178227523277e-05,1.4669701419333629e-05,transient,0.0,0.0,nan,0.0,0.5,0.5,0.5,0.0,monotone,0.03322723644396319,0.033473007317703585,11.25,11.25,0.49999380589271303,0.4409363981218795,0.4744094054395831,0.033473007317703585,persistent,5.157884904023872e-05,5.1766485448042e-05,23.080000000000002,23.080000000000002,0.4909771197740688,5.1208628257594385e-08,3.933802089956583e-05,3.9286812271308235e-05,other,9.532549481408841e-05,9.554908932946776e-05,3.22,33.99,0.4891726429095994,4.076336687381314e-09,4.9344862609585765e-09,8.581495735772628e-10,other,0.02928375873717537,0.029365324532375614,10.83,10.83,0.5,0.46895758740763244,0.49832291194000805,0.029365324532375614,persistent,0.0,0.0,nan,0.0,0.5,0.5,0.5,0.0,monotone
relu,0.0002,0.05,E3_regime,pos,0.01,1.0,2.0,2000,False,9,0.05,40.0,8,E3_regime__relu__mu1-2_sd0.05__h8_eps5.00e-02_pos__s9__dt0.0002__581cdfb293,40.0,8.517831382826599e-05,-5.3398075780530796e-08,0.4999999990839535,172,185,172,258,175,189,175,269,180,192,180,282,181,539,0.002147053305906421,0.0021847585098785094,1.7,40.0,0.4820389825624177,8.464158787233762e-06,8.464158787233762e-06,0.0,transient,0.00214754519964154,0.0021852830995256756,1.7,40.0,0.48203937404268604,8.468737876844752e-06,8.468737876844752e-06,0.0,transient,0.0,0.0,nan,40.0,0.5,0.4983350503442356,0.4983350503442356,0.0,monotone,0.012670180614195059,0.01275076027265487,10.52,10.52,0.49999999999999994,0.4768796312637038,0.4896303915363587,0.01275076027265487,persistent,3.098293779079209e-05,3.1042023623264896e-05,14.89,14.89,0.4960817022915153,9.759726747425426e-10,2.6662858948704247e-05,2.6661882976029503e-05,other,1.406812413439306e-05,1.4118071211368781e-05,3.52,14.07,0.48408652021740733,9.160465402762133e-10,1.1589470426067994e-09,2.4290050233058604e-10,other,0.009351963096889904,0.009384983898935773,10.07,10.07,0.5,0.49016714558524327,0.49955212948417904,0.009384983898935773,persistent,0.0,0.0,nan,0.0,0.5,0.5,0.5,0.0,monotone
relu,0.0002,0.005,E3_regime,iso,0.01,1.0,2.0,2000,False,0,0.05,40.0,8,E3_regime__relu__mu1-2_sd0.05__h8_eps5.00e-03_iso__s0__dt0.0002__c89745bfbb,40.0,0.0002111191572780487,-1.0186284086816273e-07,0.499997868902625,143,237,143,237,154,238,154,238,168,281,168,410,181,539,0.00022337190536735432,0.00022350668081809471,17.27,40.0,0.49992288191230505,6.075933937300675e-05,6.075933937300675e-05,0.0,transient,0.0002227262675737827,0.00022286012024290812,17.27,40.0,0.49992287351647324,6.060022600346836e-05,6.060022600346836e-05,0.0,transient,0.002420862359661602,0.0024332300430440212,19.45,19.45,0.49997431073055837,0.4885646020174582,0.49099783206050224,0.0024332300430440212,persistent,0.01033617955369498,0.010504262026720335,18.29,18.29,0.4999285553430326,0.46553170350953027,0.4760359655362506,0.010504262026720335,persistent,2.90234748945295e-05,3.064339036449985e-05,24.91,24.91,0.49997321638100767,1.3013468204357916e-07,3.077352504654343e-05,3.064339036449985e-05,other,0.00028303817315909123,0.00028311315797273075,4.37,40.0,0.49992336057771514,2.710022878364453e-07,2.710022878364453e-07,0.0,transient,0.01178254508467741,0.011946628758966293,17.62,17.62,0.4999299340540771,0.48275591150049213,0.4947025402594584,0.011946628758966293,persistent,0.0007141265953846676,0.0007142061006632505,16.07,16.07,0.49997349550183057,0.49928390465168593,0.4999981107523492,0.0007142061006632505,persistent
relu,0.0002,0.005,E3_regime,iso,0.01,1.0,2.0,2000,False,1,0.05,40.0,8,E3_regime__relu__mu1-2_sd0.05__h8_eps5.00e-03_iso__s1__dt0.0002__2dd4096fe3,40.0,5.3659012532874e-05,-2.116710294348056e-08,0.4999848745530997,0,63,0,64,0,69,0,70,0,147,0,325,181,539,0.0,0.0,nan,40.0,0.4999850226856854,2.351750455917838e-06,2.351750455917838e-06,0.0,monotone,0.0,0.0,nan,40.0,0.49998502257220817,2.3510739035327864e-06,2.3510739035327864e-06,0.0,monotone,0.0003693733388507314,0.00037064940203351826,14.21,14.21,0.49994726872239753,0.4943816976320259,0.4947523470340594,0.00037064940203351826,persistent,0.002806591890651522,0.0028271823706235155,13.92,13.92,0.49993812678398575,0.4940414814523469,0.4968686638229704,0.0028271823706235155,persistent,1.1773538052363044e-06,1.2331049300237643e-06,31.8,31.79,0.49993421184711884,7.83994964739003e-06,9.073054577413794e-06,1.2331049300237643e-06,other,6.921925421207479e-06,6.9377400956923215e-06,4.41,11.36,0.4999755051175981,2.4288479039196273e-09,6.183738125482652e-08,5.940853335090689e-08,other,0.0006290161195155464,0.0006334219585726886,12.01,12.01,0.49993984026576993,0.49928447988152047,0.49991790184009316,0.0006334219585726886,persistent,4.209716277353559e-05,4.21010682159495e-05,5.96,5.96,0.4999504492016156,0.49994241853313076,0.4999845196013467,4.21010682159495e-05,other
relu,0.0002,0.005,E3_regime,iso,0.01,1.0,2.0,2000,False,2,0.05,40.0,8,E3_regime__relu__mu1-2_sd0.05__h8_eps5.00e-03_iso__s2__dt0.0002__25412b4ecc,40.0,0.00012715132633943103,-8.912848221774962e-08,0.49996747491800875,130,254,130,254,143,257,143,257,162,274,162,374,181,539,0.00011419326514783282,0.00011428519792315545,16.36,40.0,0.4999474401301534,1.0352986562246527e-05,1.0352986562246527e-05,0.0,transient,0.00011331171012071456,0.00011340309903030507,16.36,40.0,0.4999474102300017,1.0284051687576865e-05,1.0284051687576865e-05,0.0,transient,0.003428313231076785,0.0034381713593288343,17.330000000000002,17.34,0.49992426491023584,0.48488247032071197,0.4883206416800408,0.0034381713593288343,persistent,0.014138257470614757,0.014255054449557714,17.32,17.31,0.49995550676906686,0.471197955750348,0.4854530101999057,0.014255054449557714,persistent,4.6433025731444516e-05,4.6715687168586616e-05,22.22,22.22,0.49998081894219804,4.7161586371393516e-08,2.7105869588804514e-05,2.705870800243312e-05,other,0.00017600312086523735,0.00017605616466088728,4.44,15.14,0.49994565501762994,1.5086464473834576e-07,1.8286043631963525e-07,3.199579158128949e-08,transient,0.011184210441353037,0.011235869099569251,16.580000000000002,16.580000000000002,0.49995286452500215,0.48782658561377423,0.4990624547133435,0.011235869099569251,persistent,0.0005524299614204642,0.0005533820657890876,14.25,14.25,0.49992066784179606,0.4993545640247899,0.499907946090579,0.0005533820657890876,persistent
relu,0.0002,0.005,E3_regime,iso,0.01,1.0,2.0,2000,False,3,0.05,40.0,8,E3_regime__relu__mu1-2_sd0.05__h8_eps5.00e-03_iso__s3__dt0.0002__e90af26208,40.0,5.5781938933950406e-05,-2.8515232554761696e-08,0.4999523229021179,2,102,2,102,4,131,4,131,5,153,5,153,181,539,0.0,0.0,nan,40.0,0.49996756703417117,1.302746186820148e-06,1.302746186820148e-06,0.0,monotone,0.0,0.0,nan,40.0,0.4999675581714593,1.305829944500061e-06,1.305829944500061e-06,0.0,monotone,0.0015519280346903974,0.0015571788912702167,14.11,14.11,0.4999423173056601,0.49113468529778936,0.4926918641890596,0.0015571788912702167,persistent,0.0069195313986215035,0.006960776689311776,14.44,14.450000000000001,0.4999582431661338,0.4879771852411418,0.4949379619304536,0.006960776689311776,persistent,8.931766969185034e-05,8.9832303662184e-05,15.77,40.0,0.49993568403406163,7.1675300790245935e-06,7.1675300790245935e-06,0.0,other,2.0955054508094278e-05,2.096884608784317e-05,4.57,11.64,0.49997141531800116,1.0003335372965512e-08,3.288076343043324e-08,2.287742805746773e-08,other,0.002972024354882974,0.0029721009704015144,13.24,13.23,0.4999544480925191,0.4969850247248221,0.4999571256952236,0.0029721009704015144,persistent,5.883055828048711e-06,5.884439127690211e-06,5.12,5.12,0.4999384586492452,0.4999371406279711,0.4999425653598123,5.424731841174868e-06,other
relu,0.0002,0.005,E3_regime,iso,0.01,1.0,2.0,2000,False,4,0.05,40.0,8,E3_regime__relu__mu1-2_sd0.05__h8_eps5.00e-03_iso__s4__dt0.0002__3b2fa9ad06,40.0,6.192591545187517e-05,-3.0136320387606904e-08,0.4999756280670553,3,94,3,95,5,98,5,98,6,119,6,217,181,539,0.0,0.0,nan,40.0,0.4999605092852789,4.5675568356784585e-06,4.5675568356784585e-06,0.0,monotone,0.0,0.0,nan,40.0,0.49996051297358834,4.563139504004777e-06,4.563139504004777e-06,0.0,monotone,0.0005978138350428708,0.0005996357142598607,15.85,15.85,0.49996347241273087,0.4932062467920085,0.49380588250626833,0.0005996357142598607,persistent,0.005717398984322941,0.0057547173593403556,14.52,14.52,0.4999270442616102,0.488148894976461,0.4939036123358014,0.0057547173593403556,persistent,6.0353115248868896e-05,6.069514508844059e-05,16.51,16.51,0.4999471454395166,2.5062877864771968e-06,6.4717841282223746e-06,3.965496341745178e-06,other,2.734603091880672e-05,2.736544058855653e-05,4.38,12.370000000000001,0.4999640698624527,3.5078291798452746e-09,4.6776959402712e-08,4.326913022286673e-08,other,0.0027414300719059703,0.002744198999501568,13.63,13.63,0.4999267565346711,0.4966343959733764,0.49937859497287795,0.002744198999501568,persistent,2.0389681186450126e-05,2.0392793890156025e-05,6.91,6.92,0.49996203366034564,0.49995390715902643,0.4999742999529166,2.0392793890156025e-05,other
relu,0.0002,0.005,E3_regime,iso,0.01,1.0,2.0,2000,False,5,0.05,40.0,8,E3_regime__relu__mu1-2_sd0.05__h8_eps5.00e-03_iso__s5__dt0.0002__a429868d8e,40.0,5.087430515288556e-05,-2.0400999062409144e-08,0.4999945816098261,0,60,0,60,0,63,0,63,1,88,1,163,181,539,0.0,0.0,nan,40.0,0.4999696000573799,5.98967279935144e-07,5.98967279935144e-07,0.0,monotone,0.0,0.0,nan,40.0,0.49996960713294486,5.994980339235504e-07,5.994980339235504e-07,0.0,monotone,7.827827006295918e-05,7.881781252405684e-05,15.120000000000001,15.120000000000001,0.49995014220290845,0.49480903889095823,0.4948878567034823,7.881781252405684e-05,other,0.0031751985684526085,0.0031950090019774446,13.52,13.52,0.4999484685463838,0.4943697317895278,0.49756474079150526,0.0031950090019774446,persistent,1.625852370456083e-05,1.6518788363179148e-05,14.82,40.0,0.4999425728427004,3.024421194864426e-06,3.024421194864426e-06,0.0,other,5.134622333778019e-06,5.145903223621031e-06,4.3,11.61,0.49995580839951276,2.1607746644864865e-09,4.1558755535919784e-08,3.93979808714333e-08,other,0.00039829189904594386,0.00039833205489681056,11.88,11.88,0.49994869441530015,0.4995564005946086,0.4999547326495054,0.00039833205489681056,persistent,1.889200232402244e-05,1.905865238116533e-05,6.04,6.04,0.4999529299595929,0.49994535179753957,0.4999565610399737,1.1209242434140343e-05,other
relu,0.0002,0.005,E3_regime,iso,0.01,1.0,2.0,2000,False,6,0.05,40.0,8,E3_regime__relu__mu1-2_sd0.05__h8_eps5.00e-03_iso__s6__dt0.0002__2e42d3c41a,40.0,6.142414576253252e-05,-2.9775767939154547e-08,0.4999999979269203,87,88,91,88,110,93,115,107,134,109,139,281,181,539,0.00018491850797307252,0.00018937666838905742,3.52,40.0,0.49994136277300216,1.6757793344500446e-06,1.6757793344500446e-06,0.0,transient,0.0001849968513609329,0.00018947092415712297,3.52,40.0,0.49994133625605564,1.6806279235141484e-06,1.6806279235141484e-06,0.0,transient,0.001203756252018351,0.0012079647849832509,14.38,14.38,0.4999294609603573,0.4913559059810144,0.49256387076599767,0.0012079647849832509,persistent,0.005658923892745138,0.005695270973534283,14.46,14.46,0.49997500237007586,0.4893451212915409,0.4950403922650752,0.005695270973534283,persistent,3.386742053056547e-05,3.407355673161839e-05,15.35,40.0,0.499922456693778,7.257365641857182e-06,7.257365641857182e-06,0.0,other,1.2391725900587602e-05,1.2401910196715312e-05,5.13,11.58,0.49996495796900614,2.0730796370400253e-09,3.511153895071536e-08,3.303845931367534e-08,other,0.0021070084672332734,0.0021070925470770274,13.02,13.02,0.4999751555609896,0.4977732507919926,0.49987960102391177,0.002106350231919185,persistent,9.594446214061803e-05,9.59580093821133e-05,7.23,7.23,0.4999374372938707,0.4999040419906179,0.5,9.59580093821133e-05,other
relu,0.0002,0.005,E3_regime,iso,0.01,1.0,2.0,2000,False,7,0.05,40.0,8,E3_regime__relu__mu1-2_sd0.05__h8_eps5.00e-03_iso__s7__dt0.0002__96706e5bf8,40.0,0.00012485136353999998,-8.455212590182315e-08,0.4999756313617638,129,257,129,257,142,259,142,259,161,268,161,394,181,539,0.00010573766410392309,0.00010582578415013356,16.39,40.0,0.4999482052222737,1.2426323296235282e-05,1.2426323296235282e-05,0.0,transient,0.00010548157770916654,0.00010556954140096406,16.39,40.0,0.4999481774709425,1.2401178624021856e-05,1.2401178624021856e-05,0.0,transient,0.003788193844725729,0.0037987101465574713,17.150000000000002,17.150000000000002,0.49995272558013776,0.4853564322618185,0.489155142408376,0.0037987101465574713,persistent,0.013342132113993155,0.01345268037715297,17.43,17.42,0.49993605675572556,0.4722418587547911,0.48569453913194405,0.01345268037715297,persistent,4.035830701551194e-05,4.0510804369479196e-05,21.18,21.18,0.49998511245727123,3.915502465562984e-08,2.0246126570180242e-05,2.0206971545524613e-05,other,0.00015334664364533265,0.00015339873043974332,4.16,40.0,0.4999210327764699,8.816791087617077e-08,8.816791087617077e-08,0.0,transient,0.010145036006871444,0.010176727253234874,16.6,16.6,0.49994088356321603,0.4884958949137123,0.4986726221669472,0.010176727253234874,persistent,0.00040356996452250993,0.00040372512795039395,14.040000000000001,14.040000000000001,0.49995297819666457,0.4995718739019774,0.49997559034060357,0.00040371643862618933,persistent
relu,0.0002,0.005,E3_regime,iso,0.01,1.0,2.0,2000,False,8,0.05,40.0,8,E3_regime__relu__mu1-2_sd0.05__h8_eps5.00e-03_iso__s8__dt0.0002__6d27b6adc3,40.0,4.211958763809065e-05,-1.5147142263338502e-08,0.4999999680509113,0,166,0,166,0,179,0,196,0,190,0,367,181,539,0.0,0.0,nan,40.0,0.49998238471683787,8.035731701903062e-07,8.035731701903062e-07,0.0,monotone,0.0,0.0,nan,40.0,0.499982377507386,8.029370967381678e-07,8.029370967381678e-07,0.0,monotone,0.00015727694239392465,0.0001587946896544623,14.31,14.31,0.49992412693373733,0.4943699492029362,0.49452874389259066,0.0001587946896544623,persistent,0.0017832392778183714,0.0017985626814966404,15.08,15.08,0.49995920482588,0.4962846862506626,0.4980832489321592,0.0017985626814966404,persistent,0.0,0.0,nan,40.0,0.4999416833272893,3.1960901200610956e-06,3.1960901200610956e-06,0.0,monotone,1.7638387158120334e-06,1.7662001752276098e-06,11.11,11.11,0.4999629785448242,1.4313121458642056e-08,3.4634859390037546e-08,2.032173793139549e-08,other,0.00010893237093900776,0.00010897693790890006,11.88,11.88,0.4999620232731571,0.4998156380277421,0.49991852609437165,0.0001028880666295584,persistent,7.868031959062938e-05,7.868712669317768e-05,6.72,6.72,0.49993332344048125,0.4999213128733068,0.5,7.868712669317768e-05,other
relu,0.0002,0.005,E3_regime,iso,0.01,1.0,2.0,2000,False,9,0.05,40.0,8,E3_regime__relu__mu1-2_sd0.05__h8_eps5.00e-03_iso__s9__dt0.0002__83fdd563c6,40.0,0.00013647706078596288,-9.075147339455947e-08,0.49999996176409667,135,224,135,224,148,226,148,228,164,247,164,410,181,539,0.00015065577821102042,0.0001507768236130904,16.01,40.0,0.49993310259703483,1.9074352948479864e-05,1.9074352948479864e-05,0.0,transient,0.00015075047265482183,0.0001508715829191543,16.01,40.0,0.49993311014919484,1.9085043739863722e-05,1.9085043739863722e-05,0.0,transient,0.0018296718997342087,0.0018384333364516725,18.19,18.19,0.499975515579401,0.4907368732730431,0.4925753066094948,0.0018384333364516725,persistent,0.012585750653153649,0.01268969457635133,16.580000000000002,16.580000000000002,0.4999326849136723,0.47351090512864025,0.4862005997049916,0.01268969457635133,persistent,2.3986375450394092e-05,2.4097346546342546e-05,20.98,20.97,0.49998167776966973,1.8064263508306665e-07,1.9941835195185185e-05,1.976119256010212e-05,other,0.00015557962945871913,0.00015563586637619564,4.07,40.0,0.49990226380941183,1.5993260163369946e-07,1.5993260163369946e-07,0.0,transient,0.00912987508770996,0.009181397642460731,16.080000000000002,16.080000000000002,0.49993975295127735,0.48892386737073135,0.4981052650131921,0.009181397642460731,persistent,0.0003467331838361565,0.00034679047003666197,14.46,14.46,0.4999763144334528,0.49965320952996334,0.5,0.00034679047003666197,persistent
relu,0.0002,0.005,E3_regime,pos,0.01,1.0,2.0,2000,False,0,0.05,40.0,8,E3_regime__relu__mu1-2_sd0.05__h8_eps5.00e-03_pos__s0__dt0.0002__2a445f3016,40.0,5.9251999519937736e-05,-2.9049886984906163e-08,0.49999999961732755,88,74,92,74,115,77,119,77,143,152,148,152,181,539,0.00016955158610637566,0.0001738880568812745,3.24,40.0,0.49985230569358585,2.5496564618217904e-06,2.5496564618217904e-06,0.0,transient,0.0001694315823848186,0.00017377000784853103,3.25,40.0,0.4998523397941549,2.5430245014965077e-06,2.5430245014965077e-06,0.0,transient,0.0003962998332967538,0.0003987957065134662,16.07,16.07,0.4999998930484085,0.49262598361775856,0.493024779324272,0.0003987957065134662,persistent,0.004805548257154013,0.00483930099428892,15.01,15.01,0.49999999999999994,0.490112333601549,0.4949516345958379,0.00483930099428892,persistent,1.972813993234013e-05,1.979817303165724e-05,15.700000000000001,15.700000000000001,0.499906872246261,1.2956227583763757e-05,1.3675378131981297e-05,7.191505482175397e-07,other,1.06527905630442e-05,1.0660467623410639e-05,4.84,11.950000000000001,0.4998931407691927,1.8287810222152016e-09,3.3935504731641074e-08,3.210672370942587e-08,other,0.002203478823895988,0.0022035278254595725,13.33,13.33,0.5,0.4977964721745404,0.5,0.0022035278254595725,persistent,0.0,0.0,nan,0.0,0.5,0.5,0.5,0.0,monotone
relu,0.0002,0.005,E3_regime,pos,0.01,1.0,2.0,2000,False,1,0.05,40.0,8,E3_regime__relu__mu1-2_sd0.05__h8_eps5.00e-03_pos__s1__dt0.0002__698bb5ee3e,40.0,0.00012388318910424475,-8.181719531863136e-08,0.4999999969562676,161,167,161,168,170,208,170,208,179,227,179,271,181,539,0.00038729237104591363,0.00039325614216333127,3.19,40.0,0.4998430303453721,1.596220876446825e-05,1.596220876446825e-05,0.0,transient,0.0003872321111541288,0.00039319659834489984,3.19,40.0,0.4998430343573362,1.5957645734969493e-05,1.5957645734969493e-05,0.0,transient,0.00014578063616516035,0.00014579015345389523,19.72,19.72,0.5,0.49325890847292636,0.4933812320218342,0.00012232354890784336,persistent,0.009996272508177806,0.01009435154763283,15.24,15.24,0.49999999999999994,0.47721159425780196,0.4873059458054348,0.01009435154763283,persistent,4.2282084517740835e-05,4.274736856329941e-05,19.14,19.13,0.4999111639802015,7.310942398485014e-10,4.274809965753926e-05,4.274736856329941e-05,other,0.00011502562705991502,0.00011506667311446405,4.46,15.49,0.4998888500956106,2.1777976764426867e-08,2.6166940883685336e-08,4.388964119258469e-09,transient,0.008501768133586773,0.008558497026788514,14.76,14.76,0.5,0.49067062879695816,0.4992291258237467,0.008558497026788514,persistent,0.0,0.0,nan,0.0,0.5,0.5,0.5,0.0,monotone
relu,0.0002,0.005,E3_regime,pos,0.01,1.0,2.0,2000,False,2,0.05,40.0,8,E3_regime__relu__mu1-2_sd0.05__h8_eps5.00e-03_pos__s2__dt0.0002__486783bc51,40.0,9.460160972437553e-05,-6.338477521112597e-08,0.4999999916797915,163,180,164,180,171,231,171,231,179,262,179,293,181,539,0.00041441186778905237,0.0004220081829400535,3.2600000000000002,40.0,0.49986877377940403,5.67010241192352e-06,5.67010241192352e-06,0.0,transient,0.00041321337817186443,0.00042073755562460624,3.2600000000000002,40.0,0.4998689535433569,5.633786974347368e-06,5.633786974347368e-06,0.0,transient,0.0003764777228525418,0.00037650204805478316,17.53,17.53,0.49999999998968503,0.4921859003275546,0.49253653228024113,0.0003506319526865309,persistent,0.012159556178134634,0.012240816255548959,14.35,14.35,0.49999999999999994,0.47766575353689783,0.4899065697924468,0.012240816255548959,persistent,4.865562219823584e-05,4.8790811189978516e-05,19.43,19.43,0.4998719455537878,3.16097847674111e-08,3.056812952925562e-05,3.0536519744488205e-05,other,9.564255158910451e-05,9.568783749535218e-05,4.57,40.0,0.49992806884511676,5.168084247891139e-08,5.168084247891139e-08,0.0,other,0.008791006903079934,0.008791099585177542,13.82,13.82,0.5,0.49120890041482246,0.5,0.008791099585177542,persistent,0.0,0.0,nan,0.0,0.5,0.5,0.5,0.0,monotone
relu,0.0002,0.005,E3_regime,pos,0.01,1.0,2.0,2000,False,3,0.05,40.0,8,E3_regime__relu__mu1-2_sd0.05__h8_eps5.00e-03_pos__s3__dt0.0002__d5b3ca459b,40.0,0.0001001877508699641,-5.978405408167665e-08,0.49999999627864256,167,198,167,198,173,240,173,240,179,275,179,298,181,539,0.000652593541988461,0.0006627034387436809,3.25,40.0,0.499868139167455,8.505294028630591e-06,8.505294028630591e-06,0.0,transient,0.0006533552175550378,0.0006634578926534573,3.25,40.0,0.49986806400177086,8.52471875936966e-06,8.52471875936966e-06,0.0,transient,0.0,0.0,nan,40.0,0.5,0.4959699949752263,0.4959699949752263,0.0,monotone,0.010866654031949752,0.010938205253445077,13.98,13.98,0.49999999999999994,0.47987195936276744,0.4908101646162125,0.010938205253445077,persistent,2.7513231667729666e-05,2.7607462575446e-05,18.3,18.3,0.49986575130889654,1.7349326612040676e-08,2.317883917920333e-05,2.316148985259129e-05,other,7.764820141046997e-05,7.768502029478855e-05,4.73,40.0,0.4999342641596222,4.407984889879723e-09,4.407984889879723e-09,0.0,other,0.007060107172585317,0.007089203940438882,13.57,13.57,0.5,0.4924522910374029,0.4995414949778418,0.007089203940438882,persistent,0.0,0.0,nan,0.0,0.5,0.5,0.5,0.0,monotone
relu,0.0002,0.005,E3_regime,pos,0.01,1.0,2.0,2000,False,4,0.05,40.0,8,E3_regime__relu__mu1-2_sd0.05__h8_eps5.00e-03_pos__s4__dt0.0002__4fa411c7f1,40.0,9.728793676802886e-05,-5.4281776439458074e-08,0.49999999999924577,154,150,154,150,166,181,166,181,177,240,177,260,181,539,0.00022672113802389704,0.00023146632347809115,3.22,40.0,0.49984804167815394,6.488437849331586e-06,6.488437849331586e-06,0.0,transient,0.0002266311309504221,0.00023137010608546837,3.22,40.0,0.49984805276229904,6.482234057935001e-06,6.482234057935001e-06,0.0,transient,0.00030478777963793835,0.0003056964632596193,17.580000000000002,17.57,0.5,0.4939260298365447,0.49423172629980433,0.0003056964632596193,persistent,0.007830391558947936,0.0078913793439353,14.84,14.84,0.49999997360845777,0.48386614988052035,0.49175752922445565,0.0078913793439353,persistent,3.868340636162512e-05,3.874378234846441e-05,17.61,17.61,0.49991201237002536,6.710949742505646e-08,3.436655192687817e-05,3.429944242945312e-05,other,5.8973849963773645e-05,5.900017190271613e-05,4.46,40.0,0.4998880009053825,3.469783700409144e-08,3.469783700409144e-08,0.0,other,0.005746097464762789,0.005746149277116308,14.05,14.05,0.5,0.4942538507228837,0.5,0.005746149277116308,persistent,0.0,0.0,nan,0.0,0.5,0.5,0.5,0.0,monotone
relu,0.0002,0.005,E3_regime,pos,0.01,1.0,2.0,2000,False,5,0.05,40.0,8,E3_regime__relu__mu1-2_sd0.05__h8_eps5.00e-03_pos__s5__dt0.0002__e5eab96a38,40.0,8.043005541608988e-05,-4.360045401459358e-08,0.49999999530988903,151,109,153,109,171,149,171,149,179,214,179,214,181,539,0.0004979245740227983,0.0005058907845817695,3.23,40.0,0.49986038171103025,5.014374959324861e-06,5.014374959324861e-06,0.0,transient,0.0004981500141680445,0.0005061290322436046,3.23,40.0,0.499860353828259,5.0197590406802186e-06,5.0197590406802186e-06,0.0,transient,0.0005057883161250221,0.0005067557898786879,16.23,16.23,0.499999993318585,0.4931144014653705,0.4936211572552492,0.0005067557898786879,persistent,0.006279312696733541,0.006332001045642688,15.26,15.26,0.49999999999999994,0.4860506762475513,0.492382677293194,0.006332001045642688,persistent,4.7830261673260054e-05,4.7845010257538024e-05,17.23,17.23,0.4998806216020955,1.6773597833575037e-07,2.6746019202309255e-05,2.6578283223973505e-05,other,2.7208916723576628e-05,2.722615721633801e-05,4.86,12.59,0.4999193928797148,4.6901108852158314e-09,3.361067168450854e-08,2.8920560799292708e-08,other,0.004646572165566687,0.00464662136875571,13.89,13.89,0.5,0.4953533786312443,0.5,0.00464662136875571,persistent,0.0,0.0,nan,0.0,0.5,0.5,0.5,0.0,monotone
relu,0.0002,0.005,E3_regime,pos,0.01,1.0,2.0,2000,False,6,0.05,40.0,8,E3_regime__relu__mu1-2_sd0.05__h8_eps5.00e-03_pos__s6__dt0.0002__abff833aed,40.0,0.0002950284060604777,-8.126293697685322e-08,0.499999999509487,174,205,174,205,178,225,178,225,181,226,181,270,181,539,0.0009845449295408093,0.0009943525447990986,3.14,16.95,0.4998341037412231,1.4460642284235224e-05,7.833560056018043e-05,6.38749582759452e-05,transient,0.0009861484956468908,0.0009959440115938217,3.14,16.95,0.499834041242594,1.4489692432897292e-05,7.855382852534453e-05,6.406413609244724e-05,transient,0.0,0.0,nan,0.0,0.5,0.5,0.5,0.0,monotone,0.02035515794062287,0.02063420654914383,17.85,17.85,0.4999999373235052,0.4465809825368686,0.46721518908601245,0.02063420654914383,persistent,0.00010242038857588565,0.00010348254227471321,2.2,29.7,0.4999034922804362,3.602539366186214e-08,2.2097285965333995e-05,2.2061260571672134e-05,persistent,0.00046650087382069864,0.0004666152597201686,4.8500000000000005,40.0,0.49989652409583013,3.6251989465864067e-09,3.6251989465864067e-09,0.0,transient,0.020102904487967754,0.020325515869495492,17.45,17.45,0.5,0.4721839895180946,0.4925095053875901,0.020325515869495492,persistent,0.0,0.0,nan,0.0,0.5,0.5,0.5,0.0,monotone
relu,0.0002,0.005,E3_regime,pos,0.01,1.0,2.0,2000,False,7,0.05,40.0,8,E3_regime__relu__mu1-2_sd0.05__h8_eps5.00e-03_pos__s7__dt0.0002__e33c87b8de,40.0,7.808164906283065e-05,-4.3204104260266465e-08,0.49999999884221846,131,140,135,140,163,154,163,154,177,166,177,166,181,539,0.0001558611100811319,0.00015965649380093871,3.24,40.0,0.4998458125750562,2.7692747420146625e-06,2.7692747420146625e-06,0.0,transient,0.00015575471491693915,0.0001595400679244019,3.24,40.0,0.4998458290709118,2.7636741798167163e-06,2.7636741798167163e-06,0.0,transient,0.0018468633225707243,0.0018527793849591467,15.07,15.07,0.4999998443180107,0.49027143919733457,0.4921242185822937,0.0018527793849591467,persistent,0.00915575757091408,0.009212000281978383,14.74,14.74,0.49999999999999994,0.4835908585904946,0.492802858872473,0.009212000281978383,persistent,5.150063357074363e-05,5.1584424212316146e-05,16.81,16.81,0.4999189346020489,3.711773887783326e-07,1.4980466569230701e-05,1.4609289180452369e-05,other,4.6841619551556e-05,4.686370103234952e-05,4.5200000000000005,12.120000000000001,0.49988107862409875,3.3092046975876066e-08,4.40349809235652e-08,1.094293394768913e-08,other,0.005191919066522721,0.005192014010795831,13.81,13.81,0.5,0.49480798598920417,0.5,0.005192014010795831,persistent,0.0,0.0,nan,0.0,0.5,0.5,0.5,0.0,monotone
relu,0.0002,0.005,E3_regime,pos,0.01,1.0,2.0,2000,False,8,0.05,40.0,8,E3_regime__relu__mu1-2_sd0.05__h8_eps5.00e-03_pos__s8__dt0.0002__8e51f7589c,40.0,0.0002860563466061329,-1.02885418027613e-07,0.4999999985937843,168,201,168,202,175,223,175,223,181,229,181,270,181,539,0.0006145193316691444,0.0006217333905155359,3.17,16.46,0.4998385843206324,3.128135245705679e-05,8.42194064198155e-05,5.2938053962758714e-05,transient,0.0006142420905787677,0.0006214464699642042,3.17,16.46,0.4998385977345841,3.126037320322298e-05,8.415387098951946e-05,5.289349778629648e-05,transient,0.0,0.0,nan,0.0,0.5,0.5,0.5,0.0,monotone,0.016551653071887384,0.016800623773180312,17.37,17.37,0.4999999379821791,0.4525960852918865,0.4693967090650668,0.016800623773180312,persistent,1.2063061242108896e-05,1.3070926406689409e-05,26.36,26.36,0.49990912009629973,4.986969078719822e-09,1.3075913375768129e-05,1.3070926406689409e-05,other,0.00038998853286190377,0.0003900829482311821,4.5600000000000005,40.0,0.4998908948799687,4.435317097474429e-09,4.435317097474429e-09,0.0,transient,0.016029725731837863,0.016270442064805934,16.98,16.98,0.5,0.47579779411782847,0.4920682361826344,0.016270442064805934,persistent,0.0,0.0,nan,0.0,0.5,0.5,0.5,0.0,monotone
relu,0.0002,0.005,E3_regime,pos,0.01,1.0,2.0,2000,False,9,0.05,40.0,8,E3_regime__relu__mu1-2_sd0.05__h8_eps5.00e-03_pos__s9__dt0.0002__9e77ae535c,40.0,9.305123083729749e-05,-6.130694984936595e-08,0.4999999998119614,157,171,157,171,167,181,167,181,178,215,178,235,181,539,0.0002902793698095485,0.00029383994026430105,3.16,40.0,0.49981875261133574,6.429184072309336e-06,6.429184072309336e-06,0.0,transient,0.00029036281112450324,0.00029392694916033357,3.16,40.0,0.49981875656528646,6.432650647770723e-06,6.432650647770723e-06,0.0,transient,0.0,0.0,nan,0.0,0.5,0.5,0.5,0.0,monotone,0.00864960587388064,0.008712470776296666,15.01,15.01,0.49999999999999994,0.48362357375293696,0.49233604452923363,0.008712470776296666,persistent,4.533634033908708e-05,4.5395283651283114e-05,19.41,19.41,0.4999605840805997,2.853151649813761e-09,3.257205154207297e-05,3.2569198390423155e-05,other,6.709522379175971e-05,6.711881928360476e-05,4.68,18.54,0.4998394327416512,1.8803857433013626e-10,5.041663822316807e-10,3.161278079015444e-10,other,0.005811252306536785,0.005811335666431605,15.040000000000001,15.040000000000001,0.5,0.4941886643335684,0.5,0.005811335666431605,persistent,0.0,0.0,nan,0.0,0.5,0.5,0.5,0.0,monotone
relu,0.0002,0.01,E3_regime,iso,0.01,3.0,2.0,2000,False,0,0.15,20.0,200,E3_regime__relu__mu3-2_sd0.15__h200_eps1.00e-02_iso__s0__dt0.0002__bcebbdf6ae,20.0,0.00022598359319491191,-1.4977923957872129e-07,0.49710941832927347,27,151,28,318,47,154,47,320,66,158,67,323,181,539,6.300932972956016e-07,6.931773232850787e-07,16.53,16.54,0.4951438112839931,4.347195708128046e-05,4.4165134404565536e-05,6.931773232850787e-07,other,6.231261002137033e-07,6.858758550013771e-07,16.54,16.54,0.49514383338750123,4.338290854402691e-05,4.406878439902829e-05,6.858758550013771e-07,other,0.018281635543856256,0.018345341234498047,2.64,2.64,0.49584126693114655,0.47034400338706406,0.4886893446215621,0.018345341234498047,persistent,0.006989735286670018,0.006992761617330201,2.38,2.38,0.4938985416633367,0.48062036467131514,0.4876130844940833,0.0069927198227681675,persistent,1.2898229137838577e-05,1.3207857332704462e-05,2.1,2.09,0.49521647190159607,5.3682072237300886e-08,6.170348619344137e-08,8.021413956140484e-09,other,1.9141623095141434e-05,1.927998136002274e-05,2.84,2.84,0.49496583020624424,2.3961026553855413e-06,3.3034141129529027e-06,9.073114575673614e-07,other,0.0006372221476867446,0.0006382110632274784,2.11,2.13,0.49399426959406106,0.49120193039520255,0.49124984779729547,4.7917402092922945e-05,transient,0.007190320894424784,0.007201729384720079,2.38,2.38,0.49587473847803676,0.48691975134126186,0.49412148072598194,0.007201729384720079,persistent
relu,0.0002,0.01,E3_regime,iso,0.01,3.0,2.0,2000,False,1,0.15,20.0,200,E3_regime__relu__mu3-2_sd0.15__h200_eps1.00e-02_iso__s1__dt0.0002__b2c55d0c5f,20.0,0.000213389710294624,-1.5448628617990173e-07,0.4970183653094864,37,150,38,317,59,152,60,319,80,156,82,322,181,539,0.0,0.0,nan,20.0,0.4952686140722412,1.3872890326755309e-05,1.3872890326755309e-05,0.0,monotone,0.0,0.0,nan,20.0,0.4952685591939885,1.3879531027799321e-05,1.3879531027799321e-05,0.0,monotone,0.01841208292431029,0.018472333128478513,2.61,2.61,0.49451751949916367,0.4696004761967854,0.4880728093252639,0.018472333128478513,persistent,0.007884258825303525,0.007890779842899265,2.34,2.34,0.49572461476507623,0.4834754558904372,0.4913662357333365,0.007890779842899265,persistent,1.7800197744383634e-05,1.813233354843263e-05,2.02,2.02,0.494938997382691,2.3051335152691354e-08,1.8729010451609756e-07,1.642387693634062e-07,other,3.362702351627046e-05,3.391570349494108e-05,2.74,20.0,0.49476401989413066,4.032070458025264e-06,4.032070458025264e-06,0.0,other,0.0007124409639632234,0.0007141214776215654,2.06,2.06,0.49575836608129054,0.4936983097995548,0.4939237383690528,0.0002254285694979763,persistent,0.00672415018211775,0.006730562945169216,2.35,2.34,0.49458924996514597,0.4864443508486934,0.49317491379386263,0.006730562945169216,persistent
relu,0.0002,0.01,E3_regime,iso,0.01,3.0,2.0,2000,False,2,0.15,20.0,200,E3_regime__relu__mu3-2_sd0.15__h200_eps1.00e-02_iso__s2__dt0.0002__43dbb7d845,20.0,0.0002316470102543167,-1.6097590400056716e-07,0.49633232396445237,63,169,63,336,80,171,80,339,99,177,100,343,181,539,0.0,0.0,nan,20.0,0.4947380531542036,2.125154550756107e-05,2.125154550756107e-05,0.0,monotone,0.0,0.0,nan,20.0,0.4947373939051226,2.1088931835956906e-05,2.1088931835956906e-05,0.0,monotone,0.02261268611799494,0.022674056965154343,2.58,2.57,0.495372009771517,0.4654974484181105,0.48817150538326487,0.022674056965154343,persistent,0.008107273134392967,0.008124757876779243,2.42,2.42,0.4946293720169463,0.4805873856762045,0.48871214355298376,0.008124757876779243,persistent,1.4298667759633913e-05,1.4609232415775336e-05,2.15,2.14,0.49513462808875747,1.808543849571235e-09,1.393519737143384e-07,1.3754342986476717e-07,other,2.686248024342707e-05,2.6954923875118054e-05,3.0500000000000003,3.0500000000000003,0.49496514172648726,4.639845709436815e-09,3.02958959565638e-06,3.0249497499469434e-06,other,0.0006899550756713779,0.000692734334301337,2.1,2.1,0.4946254826577219,0.4916161902113974,0.49222112003183727,0.000604929820439859,persistent,0.009396929196301751,0.009400641268535959,2.37,2.37,0.4953250389885017,0.48396492404055935,0.4933655653090953,0.009400641268535959,persistent
relu,0.0002,0.01,E3_regime,iso,0.01,3.0,2.0,2000,False,3,0.15,20.0,200,E3_regime__relu__mu3-2_sd0.15__h200_eps1.00e-02_iso__s3__dt0.0002__42828b5e4b,20.0,0.00024488005763298037,-1.8463060609113244e-07,0.49717318332841387,57,156,58,321,75,158,75,324,94,162,95,327,181,539,0.0,0.0,nan,20.0,0.49410156970761954,1.5921570153109223e-05,1.5921570153109223e-05,0.0,monotone,0.0,0.0,nan,20.0,0.494101820274951,1.5935663994643545e-05,1.5935663994643545e-05,0.0,monotone,0.01943001914963688,0.019501776894723877,2.59,2.59,0.49498932669805096,0.4681012068971108,0.4876029837918347,0.019501776894723877,persistent,0.007728223377437338,0.007745717013022069,2.38,2.38,0.49605457008610304,0.4830825055383391,0.49082822255136116,0.007745717013022069,persistent,1.4619935724107853e-05,1.494972674652643e-05,2.05,2.04,0.49443677376878065,5.103139160315989e-09,3.1797013218183747e-07,3.128669930215215e-07,other,2.881169451349954e-05,2.9087254639916017e-05,2.77,2.7600000000000002,0.4945373472624702,3.865081549128385e-06,4.2711530274957945e-06,4.060714783674093e-07,other,0.0005672291895938986,0.0005691388284031484,2.07,2.08,0.49605181597775094,0.4934587516276407,0.49391025006333555,0.0004514984356948637,persistent,0.007967755033039758,0.007976773978967844,2.35,2.35,0.4950251233314872,0.48525802183881006,0.4932347958177779,0.007976773978967844,persistent
relu,0.0002,0.01,E3_regime,iso,0.01,3.0,2.0,2000,False,4,0.15,20.0,200,E3_regime__relu__mu3-2_sd0.15__h200_eps1.00e-02_iso__s4__dt0.0002__30a9ee56f9,20.0,0.00028306052934726667,-1.9245986518590325e-07,0.497196929922211,49,159,50,325,66,161,67,328,82,166,85,332,181,539,0.0,0.0,nan,20.0,0.4945906560345635,4.794742815359768e-05,4.794742815359768e-05,0.0,monotone,0.0,0.0,nan,20.0,0.49459069256887844,4.7814394730645936e-05,4.7814394730645936e-05,0.0,monotone,0.020495057845862252,0.020577582305499165,2.57,2.57,0.49572613463251164,0.46706743407390133,0.4876450163794005,0.020577582305499165,persistent,0.006864930137395309,0.00688015035946038,2.38,2.38,0.4948520304328487,0.48045228417976954,0.4873324345392299,0.00688015035946038,persistent,1.4967547621192908e-05,1.5350032562662125e-05,2.06,2.06,0.4945824083294214,3.1423961435646033e-09,2.55083099812656e-07,2.519407036690914e-07,other,3.274228715807484e-05,3.289086978473607e-05,2.87,2.87,0.4947471889535723,7.156445590269324e-07,4.979827058451633e-06,4.2641824994247005e-06,other,0.0001333911852015035,0.00013564913578273385,2.14,17.53,0.4949308787336112,0.491650239128841,0.49168117028795316,3.0931159112179696e-05,persistent,0.008640428612183226,0.00865072481224749,2.35,2.35,0.49579020378990324,0.4855842142860993,0.4942349390983468,0.00865072481224749,persistent
relu,0.0002,0.01,E3_regime,iso,0.01,3.0,2.0,2000,False,5,0.15,20.0,200,E3_regime__relu__mu3-2_sd0.15__h200_eps1.00e-02_iso__s5__dt0.0002__29d8d9c9a8,20.0,0.0002261141699885784,-1.6922269587959105e-07,0.4966310948366299,41,145,42,311,60,147,61,313,81,151,82,316,181,539,0.0,0.0,nan,20.0,0.4950252440084764,1.5210209841570344e-05,1.5210209841570344e-05,0.0,monotone,0.0,0.0,nan,20.0,0.49502540043535026,1.5204892127192397e-05,1.5204892127192397e-05,0.0,monotone,0.017949355700931258,0.018005281557215536,2.5500000000000003,2.54,0.49496806488957745,0.4708876199169691,0.4888929014741846,0.018005281557215536,persistent,0.007432697115874021,0.007440831000508519,2.43,2.43,0.49518080901889433,0.4829006966060077,0.4903415276065162,0.007440831000508519,persistent,1.0894086183619512e-05,1.1140206845686358e-05,2.14,2.14,0.49463764936303706,1.0771743167071731e-08,1.7945892853791565e-07,1.6868718537084393e-07,other,4.322303974711097e-05,4.358233718316075e-05,2.77,2.77,0.49515510454229955,3.16983223232428e-06,3.2849260593249374e-06,1.1509382700065742e-07,other,0.0008270809875548513,0.0008292909041189289,2.08,2.08,0.49522480545215924,0.49272869302822814,0.4932962094068776,0.0005675163786494353,persistent,0.006636816114426458,0.006643353655286843,2.3000000000000003,2.3000000000000003,0.4950326959852125,0.4870391387981218,0.4936824924534086,0.006643353655286843,persistent
relu,0.0002,0.01,E3_regime,iso,0.01,3.0,2.0,2000,False,6,0.15,20.0,200,E3_regime__relu__mu3-2_sd0.15__h200_eps1.00e-02_iso__s6__dt0.0002__90c182e98b,20.0,0.0002254101330096849,-1.5535556840745503e-07,0.49654907522926806,6,151,6,317,32,153,32,319,54,158,56,322,181,539,0.0,0.0,nan,20.0,0.4955609248051436,1.6618995030729194e-05,1.6618995030729194e-05,0.0,monotone,0.0,0.0,nan,20.0,0.4955607806945278,1.6653026724217712e-05,1.6653026724217712e-05,0.0,monotone,0.016650946171935743,0.01669555239974585,2.64,2.64,0.49498862334530613,0.47151458746284053,0.4882101398625864,0.01669555239974585,persistent,0.008739775771911984,0.008757639833776643,2.31,2.31,0.4946507950947813,0.48174063237551046,0.4904982722092871,0.008757639833776643,persistent,1.0538288438575384e-05,1.081981869875137e-05,2.1,2.1,0.4954824404213279,1.0432322971782958e-07,2.1064682200782908e-07,1.063235922899995e-07,other,2.4994167397742537e-05,2.5187195113857953e-05,2.7600000000000002,20.0,0.4949005808978404,3.1602130293903767e-06,3.1602130293903767e-06,0.0,other,0.00123978015088122,0.0012459213287370763,2.05,2.0300000000000002,0.49471971923874813,0.49231591987713874,0.4935618412058758,0.0012459213287370763,persistent,0.005891653339564207,0.005898161609185271,2.38,2.38,0.4949477852907416,0.4872676894068043,0.4931658510159896,0.005898161609185271,persistent
relu,0.0002,0.01,E3_regime,iso,0.01,3.0,2.0,2000,False,7,0.15,20.0,200,E3_regime__relu__mu3-2_sd0.15__h200_eps1.00e-02_iso__s7__dt0.0002__6e4ca83eb9,20.0,0.00026597086246126314,-1.7633171490251441e-07,0.49648236804205226,43,166,44,331,61,169,61,333,78,174,79,337,181,539,0.0,0.0,nan,20.0,0.4946923939201294,3.0457447080719878e-05,3.0457447080719878e-05,0.0,monotone,0.0,0.0,nan,20.0,0.4946922904977836,3.0469226334002595e-05,3.0469226334002595e-05,0.0,monotone,0.019919475294112865,0.019982513843530725,2.68,2.68,0.4952763767633236,0.4674454941131436,0.48742800795667435,0.019982513843530725,persistent,0.008291801486065398,0.008297440511341236,2.4,2.4,0.4946818589425214,0.48019613668215294,0.4884935771934942,0.008297440511341236,persistent,1.3893357858114024e-05,1.4224667145892017e-05,2.15,2.15,0.4946628263847402,4.586227048383717e-08,1.6187461905405953e-07,1.1601234857022235e-07,other,3.430122015143669e-05,3.454148350560641e-05,2.84,2.84,0.4953899254632285,3.6330113883222554e-06,4.1913047816256925e-06,5.582933933034371e-07,other,0.0009793309245974546,0.0009816726040449697,2.13,2.12,0.49472171341052484,0.49165275264040814,0.49215985315609995,0.0005071005156918051,persistent,0.007849289511199231,0.007861644913009613,2.43,2.43,0.4952758374276819,0.4853043058859968,0.49316595079900644,0.007861644913009613,persistent
relu,0.0002,0.01,E3_regime,iso,0.01,3.0,2.0,2000,False,8,0.15,20.0,200,E3_regime__relu__mu3-2_sd0.15__h200_eps1.00e-02_iso__s8__dt0.0002__e44af66ca0,20.0,0.00023249916279905088,-1.6936402076104889e-07,0.4964324037573533,64,154,65,321,82,159,83,324,101,163,102,327,181,539,0.0,0.0,nan,20.0,0.4951688177847192,1.4897138246999423e-05,1.4897138246999423e-05,0.0,monotone,0.0,0.0,nan,20.0,0.49516854944446587,1.490858093020837e-05,1.490858093020837e-05,0.0,monotone,0.0202413719462749,0.02029763805392304,2.59,2.58,0.4944329375378183,0.4672072668709223,0.48750490492484533,0.02029763805392304,persistent,0.00748751964292832,0.007503399159203783,2.48,2.48,0.49541108730626726,0.4826115474764892,0.490114946635693,0.007503399159203783,persistent,1.4632838197702437e-05,1.490090509290769e-05,2.14,2.14,0.49478112458873463,5.469104618155828e-10,2.945246129650062e-07,2.939777025031906e-07,other,4.5962905929286535e-05,4.6221090220059935e-05,2.86,2.85,0.49545987005600167,1.4289498014302255e-06,4.770392122349058e-06,3.3414423209188326e-06,other,0.000551989916472595,0.000553909098893135,2.16,2.15,0.4953574381256744,0.4927168948900065,0.4932375994827109,0.000520704592704424,persistent,0.008016734471407438,0.008021862670179014,2.37,2.37,0.49445206862794533,0.4849577099303267,0.49297957260050573,0.008021862670179014,persistent
relu,0.0002,0.01,E3_regime,iso,0.01,3.0,2.0,2000,False,9,0.15,20.0,200,E3_regime__relu__mu3-2_sd0.15__h200_eps1.00e-02_iso__s9__dt0.0002__58599bebdc,20.0,0.00023771827185930334,-1.5987897640929978e-07,0.49684777195216157,32,152,32,318,53,154,54,321,73,158,74,325,181,539,0.0,0.0,nan,20.0,0.49465408043736997,2.9438039782351226e-05,2.9438039782351226e-05,0.0,monotone,0.0,0.0,nan,20.0,0.49465392353237037,2.9411835908148164e-05,2.9411835908148164e-05,0.0,monotone,0.01711765406761595,0.017177313830929686,2.65,2.65,0.49533417363385773,0.4707608334567424,0.4879381472876721,0.017177313830929686,persistent,0.006659054307751877,0.006664036230242254,2.2800000000000002,2.2800000000000002,0.4953709247115024,0.4829477712512325,0.48961180748147476,0.006664036230242254,persistent,1.7470170205833504e-05,1.7917734420532023e-05,1.99,1.98,0.494789659425357,6.79646235294756e-08,1.4323730674427398e-07,7.527268321479837e-08,other,3.291829561259295e-05,3.312270626960544e-05,2.75,20.0,0.49448118974862854,4.583329466167079e-06,4.583329466167079e-06,0.0,other,0.00036154799893239886,0.00036326508953893333,1.97,20.0,0.4954139767426729,0.4929115797378586,0.4929115797378586,0.0,transient,0.006672968291389525,0.006677193832861361,2.36,2.36,0.4953655498206752,0.4868587306422004,0.4935359244750618,0.006677193832861361,persistent
relu,0.0002,0.01,E3_regime,pos,0.01,3.0,2.0,2000,False,0,0.15,20.0,200,E3_regime__relu__mu3-2_sd0.15__h200_eps1.00e-02_pos__s0__dt0.0002__b4e8d28746,20.0,0.0001751425967821047,-1.4659533797284352e-07,0.49999992945453187,109,169,110,169,123,171,123,171,151,180,151,180,181,539,9.225135685914603e-05,9.385234150721051e-05,2.25,20.0,0.4849391957073731,7.202274828794745e-07,7.202274828794745e-07,0.0,other,9.269484090103995e-05,9.430217984757937e-05,2.25,20.0,0.484933675020251,7.226469548269688e-07,7.226469548269688e-07,0.0,other,0.028792044726984045,0.02888598545911536,2.43,2.43,0.4999964017538029,0.4676609986601279,0.49654698411924325,0.02888598545911536,persistent,0.009470681149245097,0.009489876180764412,2.4,2.4,0.4999979373710203,0.4902694702648872,0.4997593464456516,0.009489876180764412,persistent,3.187520507969504e-05,3.2344629308402434e-05,1.96,20.0,0.4910121601340833,1.490657283751708e-07,1.490657283751708e-07,0.0,other,3.812208538663113e-05,3.821947152319748e-05,2.98,2.98,0.48912486909301184,7.809739349765138e-11,3.580213541738595e-06,3.5801354443450974e-06,other,0.00086401942980463,0.0008659064167618191,1.8900000000000001,1.8900000000000001,0.5,0.4991340935832382,0.5,0.0008659064167618191,persistent,0.012938990056727329,0.012941639433256713,2.2600000000000002,2.25,0.5,0.4870583605667433,0.5,0.012941639433256713,persistent
relu,0.0002,0.01,E3_regime,pos,0.01,3.0,2.0,2000,False,1,0.15,20.0,200,E3_regime__relu__mu3-2_sd0.15__h200_eps1.00e-02_pos__s1__dt0.0002__9a8c2275c1,20.0,0.00018593146242003083,-1.5265048653153646e-07,0.4999999455589901,114,167,115,167,127,169,128,169,155,173,160,173,181,539,0.00011515846754826177,0.0001171467417170189,2.29,20.0,0.4841100965159342,1.089788244691542e-06,1.089788244691542e-06,0.0,transient,0.00011494266875092504,0.00011692624726943919,2.29,20.0,0.4841120917255456,1.088214109765633e-06,1.088214109765633e-06,0.0,transient,0.028342403847848252,0.028432482564059003,2.45,2.45,0.49999736989377447,0.4677121395226058,0.4961446220866648,0.028432482564059003,persistent,0.008814716018918034,0.008828960207264314,2.5300000000000002,2.5300000000000002,0.49999839357341685,0.4910141661539258,0.4998431263611901,0.008828960207264314,persistent,2.4081829558688447e-05,2.4361353377785848e-05,2.06,20.0,0.4902150508580346,1.9378716368766695e-07,1.9378716368766695e-07,0.0,other,4.163866878444237e-05,4.1802132164933956e-05,2.96,2.96,0.4899283186789096,2.8604378890390642e-08,5.327911715342213e-06,5.299307336451822e-06,other,0.0009404064752825958,0.000941792644097994,2.02,2.02,0.5,0.499058207355902,0.5,0.000941792644097994,persistent,0.012941449627078327,0.012944086540983946,2.29,2.29,0.5,0.48705591345901605,0.5,0.012944086540983946,persistent
relu,0.0002,0.01,E3_regime,pos,0.01,3.0,2.0,2000,False,2,0.15,20.0,200,E3_regime__relu__mu3-2_sd0.15__h200_eps1.00e-02_pos__s2__dt0.0002__8331a6be96,20.0,0.00019498434088498632,-1.5285758432273663e-07,0.4999999408811817,118,180,118,180,130,182,130,182,156,189,157,189,181,539,0.00013631911215483686,0.00013852720770316602,2.24,20.0,0.4844038489746365,6.991192831772242e-07,6.991192831772242e-07,0.0,transient,0.00013813315178688092,0.00014036005981522392,2.24,20.0,0.484390574416372,7.065159309931884e-07,7.065159309931884e-07,0.0,transient,0.03179492571204762,0.03190045648775375,2.45,2.44,0.4999968307196398,0.46443940014866136,0.4963398566364151,0.03190045648775375,persistent,0.009767380120608349,0.009783285095157745,2.47,2.47,0.49999931980578866,0.49007595124309394,0.4998592363382517,0.009783285095157745,persistent,2.794296627264068e-05,2.8312789171902817e-05,2.04,20.0,0.4901639516479999,1.672997307965296e-07,1.672997307965296e-07,0.0,other,3.606053605797012e-05,3.6106543048886176e-05,3.31,3.31,0.48997498905591336,1.6174324533522058e-07,3.5845073621631093e-06,3.4227641168278887e-06,other,0.0009402902394929358,0.0009420314240313199,1.98,1.98,0.5,0.4990579685759687,0.5,0.0009420314240313199,persistent,0.014741688316534718,0.014744649652961406,2.29,2.29,0.5,0.4852553503470386,0.5,0.014744649652961406,persistent
relu,0.0002,0.01,E3_regime,pos,0.01,3.0,2.0,2000,False,3,0.15,20.0,200,E3_regime__relu__mu3-2_sd0.15__h200_eps1.00e-02_pos__s3__dt0.0002__9941ee002e,20.0,0.00020045338430676465,-1.704672650655278e-07,0.4999999989812195,123,181,123,181,134,184,135,184,160,191,168,191,181,539,0.00017326986270046777,0.0001758904212677976,2.27,20.0,0.48392354395114406,9.97807849408994e-07,9.97807849408994e-07,0.0,transient,0.00017272505749846545,0.00017534005829464682,2.27,20.0,0.48392730502093184,9.951688968714422e-07,9.951688968714422e-07,0.0,transient,0.032575433867083115,0.03267552473637225,2.48,2.47,0.4999975371003055,0.46363595485318115,0.4963114795895534,0.03267552473637225,persistent,0.009562943662658085,0.009587136998698287,2.5500000000000003,2.5500000000000003,0.4999993197333946,0.49009055605306895,0.49967769305176724,0.009587136998698287,persistent,2.5401559134249656e-05,2.571923866036955e-05,2.09,20.0,0.49028139040045426,2.2225327781619862e-07,2.2225327781619862e-07,0.0,other,4.9852814365051884e-05,5.005583181330893e-05,3.0,2.99,0.4898651264208099,6.075441771245575e-09,5.1332192041051575e-06,5.127143762333912e-06,other,0.0010551516656236992,0.0010565366377244256,2.09,2.09,0.5,0.4989434633622756,0.5,0.0010565366377244256,persistent,0.01527278904742313,0.015275837001695491,2.32,2.32,0.5,0.4847241629983045,0.5,0.015275837001695491,persistent
relu,0.0002,0.01,E3_regime,pos,0.01,3.0,2.0,2000,False,4,0.15,20.0,200,E3_regime__relu__mu3-2_sd0.15__h200_eps1.00e-02_pos__s4__dt0.0002__307fee2d01,20.0,0.00019756102159738882,-1.5708906341181596e-07,0.49999999858860844,111,174,111,174,124,178,124,178,152,184,157,184,181,539,9.776635958887297e-05,9.94568290484513e-05,2.2600000000000002,20.0,0.4845904226243221,8.542410843956362e-07,8.542410843956362e-07,0.0,other,9.83627341261824e-05,0.00010005855110372525,2.2600000000000002,20.0,0.4845828725925924,8.578919311729925e-07,8.578919311729925e-07,0.0,transient,0.029567150683083743,0.02967873066751958,2.46,2.45,0.4999986880543545,0.46624687854184044,0.49592560920936,0.02967873066751958,persistent,0.010280358685675284,0.010288942619791741,2.38,2.38,0.49999872143899926,0.48968337358664527,0.499972316206437,0.010288942619791741,persistent,3.420312690881712e-05,3.463616101680154e-05,1.99,20.0,0.4911365227253833,1.7831015850763897e-07,1.7831015850763897e-07,0.0,other,3.202831550585084e-05,3.212908507109526e-05,3.0,3.0,0.489006185238064,5.1171929611056656e-09,4.30694053094421e-06,4.301823337983105e-06,other,0.0010163697083436785,0.001018410184057239,1.9100000000000001,1.9100000000000001,0.5,0.49898158981594276,0.5,0.001018410184057239,persistent,0.01370137621839651,0.013703999486648466,2.29,2.29,0.5,0.48629600051335153,0.5,0.013703999486648466,persistent
relu,0.0002,0.01,E3_regime,pos,0.01,3.0,2.0,2000,False,5,0.15,20.0,200,E3_regime__relu__mu3-2_sd0.15__h200_eps1.00e-02_pos__s5__dt0.0002__3e9e3ae8eb,20.0,0.00018989513841393557,-1.66207446685953e-07,0.499999995806772,117,171,117,171,129,174,130,174,156,179,160,179,181,539,0.00013148882152982176,0.00013367763615646297,2.27,20.0,0.48410724060749966,8.987102691037696e-07,8.987102691037696e-07,0.0,transient,0.00013162886969488664,0.00013382061292476082,2.27,20.0,0.4841062100570884,8.994857264201835e-07,8.994857264201835e-07,0.0,transient,0.029960907474312348,0.03006172172392585,2.47,2.47,0.49999562671560294,0.46605812199036317,0.496119843714289,0.03006172172392585,persistent,0.008958816947320869,0.008977188167432204,2.5100000000000002,2.5,0.49999855006456884,0.4906262803626969,0.4996034685301291,0.008977188167432204,persistent,2.380944471108199e-05,2.413052484080961e-05,2.07,20.0,0.4899403267647173,2.0732992026146554e-07,2.0732992026146554e-07,0.0,other,4.103649285528118e-05,4.11776311846228e-05,2.99,2.99,0.49020156403632503,9.236960341444775e-10,4.629087920742428e-06,4.628164224708284e-06,other,0.0009360602459868028,0.0009374146225070712,2.04,2.04,0.5,0.49906258537749293,0.5,0.0009374146225070712,persistent,0.014003295464862953,0.014006132893759848,2.3000000000000003,2.3000000000000003,0.5,0.48599386710624015,0.5,0.014006132893759848,persistent
relu,0.0002,0.01,E3_regime,pos,0.01,3.0,2.0,2000,False,6,0.15,20.0,200,E3_regime__relu__mu3-2_sd0.15__h200_eps1.00e-02_pos__s6__dt0.0002__43b38c2b48,20.0,0.00018179105712118606,-1.4713901793877277e-07,0.49999991562674495,112,162,112,162,126,164,126,164,153,171,153,171,181,539,0.00010371703868760178,0.00010558089041451195,2.25,20.0,0.48464038556328304,7.791934352645409e-07,7.791934352645409e-07,0.0,transient,0.00010305515313032999,0.0001049118013843818,2.25,20.0,0.48464750239826215,7.754019241943886e-07,7.754019241943886e-07,0.0,transient,0.028202844430106733,0.02827680776509256,2.42,2.42,0.49999825366114814,0.46881160658267707,0.4970884143477696,0.02827680776509256,persistent,0.008448016259419211,0.008468865494088484,2.48,2.48,0.4999981759923958,0.4912282586009,0.4996971240949885,0.008468865494088484,persistent,2.1700185600921756e-05,2.19983697418893e-05,2.02,20.0,0.4905673409639651,1.7624893051615206e-07,1.7624893051615206e-07,0.0,other,4.556766720495179e-05,4.575085936290741e-05,2.94,2.93,0.48957073695758313,1.549676337719148e-08,3.9163199210794515e-06,3.90082315770226e-06,other,0.0007750625112185605,0.0007762185222083828,1.99,1.99,0.5,0.4992237814777916,0.5,0.0007762185222083828,persistent,0.012090441139623542,0.012093126284003941,2.2600000000000002,2.25,0.5,0.48790687371599606,0.5,0.012093126284003941,persistent
relu,0.0002,0.01,E3_regime,pos,0.01,3.0,2.0,2000,False,7,0.15,20.0,200,E3_regime__relu__mu3-2_sd0.15__h200_eps1.00e-02_pos__s7__dt0.0002__ede44146bb,20.0,0.00020435489830307287,-1.6611811824463482e-07,0.49999994634775646,116,174,116,174,128,176,128,176,154,182,154,182,181,539,0.00012501423369796913,0.00012698644694344132,2.2800000000000002,20.0,0.4843425285232902,8.778977853597395e-07,8.778977853597395e-07,0.0,transient,0.00012490842623723677,0.00012687843626036347,2.2800000000000002,20.0,0.48434336253253973,8.773248633324975e-07,8.773248633324975e-07,0.0,transient,0.030444635861925917,0.0305401883415215,2.48,2.48,0.4999957606182316,0.46598294183481875,0.49652313017634025,0.0305401883415215,persistent,0.009602155785701283,0.009624597677133029,2.47,2.47,0.49999890547994763,0.490083382400699,0.499707980077832,0.009624597677133029,persistent,2.911761489408284e-05,2.950462585987617e-05,2.0300000000000002,20.0,0.490159937542569,1.9249831139466073e-07,1.9249831139466073e-07,0.0,other,4.4916928091771006e-05,4.506908754099031e-05,2.98,2.97,0.48997982638169124,8.593882143947364e-09,4.457516414744037e-06,4.44892253260009e-06,other,0.0008817733027887686,0.0008833195743845335,1.98,1.98,0.5,0.49911668042561547,0.5,0.0008833195743845335,persistent,0.013792029953043017,0.01379475746288178,2.31,2.31,0.5,0.4862052425371182,0.5,0.01379475746288178,persistent
relu,0.0002,0.01,E3_regime,pos,0.01,3.0,2.0,2000,False,8,0.15,20.0,200,E3_regime__relu__mu3-2_sd0.15__h200_eps1.00e-02_pos__s8__dt0.0002__f5d8fc0211,20.0,0.0001895968790316221,-1.5169263397967706e-07,0.4999999479880408,114,174,114,174,126,178,127,178,153,184,157,184,181,539,0.00011258900081368884,0.00011446456087742192,2.31,20.0,0.4839214723035338,9.437207017085094e-07,9.437207017085094e-07,0.0,transient,0.00011228431895366433,0.00011415723531294457,2.31,20.0,0.48392360705207405,9.418294670952009e-07,9.418294670952009e-07,0.0,transient,0.02929518353028915,0.029387473544519038,2.49,2.49,0.49999801843970676,0.46688105211232533,0.4962685256568444,0.029387473544519038,persistent,0.009577381615500258,0.009594190641410594,2.48,2.48,0.49999840445139576,0.49029988558133963,0.4998940762227502,0.009594190641410594,persistent,2.8960059468891526e-05,2.9304934520295684e-05,2.07,20.0,0.489586823546576,1.7569177605061008e-07,1.7569177605061008e-07,0.0,other,4.606695710730368e-05,4.622162671207666e-05,2.96,2.96,0.49055600186694587,3.8563517320077255e-08,4.641751130679736e-06,4.603187613359659e-06,other,0.000962329670752049,0.0009640448571736071,2.0100000000000002,2.0100000000000002,0.5,0.4990359551428264,0.5,0.0009640448571736071,persistent,0.013296674865964586,0.013299416150802601,2.32,2.32,0.5,0.4867005838491974,0.5,0.013299416150802601,persistent
relu,0.0002,0.01,E3_regime,pos,0.01,3.0,2.0,2000,False,9,0.15,20.0,200,E3_regime__relu__mu3-2_sd0.15__h200_eps1.00e-02_pos__s9__dt0.0002__29d1aedf3a,20.0,0.0001856929057231485,-1.5684937899730178e-07,0.49999998821883107,118,179,118,179,130,181,130,181,156,186,161,186,181,539,0.00013806984727890187,0.00014025116249979821,2.25,20.0,0.4843422917752698,8.803263612028872e-07,8.803263612028872e-07,0.0,transient,0.00013836844925986145,0.00014055266391176625,2.25,20.0,0.48433963404878055,8.818329080377081e-07,8.818329080377081e-07,0.0,transient,0.030855827803050462,0.030934414114415165,2.43,2.43,0.4999976223629197,0.4658419641857983,0.4967763783002135,0.030934414114415165,persistent,0.009239836747157337,0.00926233948786509,2.47,2.47,0.4999985219887801,0.4903776151244699,0.499639954612335,0.00926233948786509,persistent,2.7540784182181454e-05,2.7916933958414565e-05,2.02,20.0,0.4906680285880328,1.9449818092332488e-07,1.9449818092332488e-07,0.0,other,4.9524513273204526e-05,4.9755064229751455e-05,2.9,2.9,0.4894748496366855,1.883045927727766e-08,4.489602068387138e-06,4.4707716091098605e-06,other,0.0009632586991069059,0.0009650268115201643,1.98,1.98,0.5,0.49903497318847984,0.5,0.0009650268115201643,persistent,0.013871898986892006,0.013874727164991829,2.2800000000000002,2.2800000000000002,0.5,0.48612527283500817,0.5,0.013874727164991829,persistent
relu,0.0002,0.001,E3_regime,iso,0.01,3.0,2.0,2000,False,0,0.15,20.0,200,E3_regime__relu__mu3-2_sd0.15__h200_eps1.00e-03_iso__s0__dt0.0002__9c4c8f9489,20.0,0.00017337737533891842,-1.3584447380391167e-07,0.49997406507009146,0,110,0,110,2,112,2,113,14,124,14,293,181,539,0.0,0.0,nan,20.0,0.4999513208079791,7.253831169112812e-07,7.253831169112812e-07,0.0,monotone,0.0,0.0,nan,20.0,0.49995132103008055,7.276031354488569e-07,7.276031354488569e-07,0.0,monotone,0.015178116617779402,0.01522472371753164,3.67,3.67,0.49995832648864963,0.48298853821886045,0.4982132619363921,0.01522472371753164,persistent,0.006506072983006039,0.00650984598932719,3.44,3.44,0.4999387980139392,0.49331494603755344,0.4998247920268806,0.00650984598932719,persistent,2.380810497532531e-05,2.4283428262572497e-05,3.0300000000000002,3.02,0.4999520507943429,7.343104509131625e-08,1.0023691380969914e-07,2.680586871838289e-08,other,4.029920505000849e-05,4.0565377760698043e-05,3.89,20.0,0.49994953135594317,2.5993825735357922e-06,2.5993825735357922e-06,0.0,other,2.5862418975841628e-05,2.5938746602172102e-05,2.8000000000000003,2.8000000000000003,0.49993976033462195,0.49993126071796534,0.49995565669043895,2.4395972473612026e-05,other,0.00421523104640964,0.004217694642636882,3.37,3.37,0.49995866264611,0.49569274177872136,0.49991043642135824,0.004217694642636882,persistent
relu,0.0002,0.001,E3_regime,iso,0.01,3.0,2.0,2000,False,1,0.15,20.0,200,E3_regime__relu__mu3-2_sd0.15__h200_eps1.00e-03_iso__s1__dt0.0002__327dec91c7,20.0,0.00017883824530980414,-1.3687776510563606e-07,0.49997595291480934,0,106,0,106,3,108,3,108,12,120,12,289,181,539,0.0,0.0,nan,20.0,0.49995257477617727,7.291357677645299e-07,7.291357677645299e-07,0.0,monotone,0.0,0.0,nan,20.0,0.4999525742244724,7.281751501333184e-07,7.281751501333184e-07,0.0,monotone,0.015183357789613772,0.015217997288273277,3.65,3.65,0.49994502486229775,0.48328730584976404,0.4985053031380373,0.015217997288273277,persistent,0.006771496147747913,0.006774956008296751,3.41,3.4,0.49995715487424097,0.4930805782381445,0.49985553424644125,0.006774956008296751,persistent,2.534533616615032e-05,2.58461743815784e-05,2.99,2.99,0.4999492616195273,8.158892970506924e-08,1.1111379337076044e-07,2.95248636656912e-08,other,6.238761986826995e-05,6.285464347452244e-05,3.8200000000000003,20.0,0.49994750361329615,2.4395572081525994e-06,2.4395572081525994e-06,0.0,other,2.1603651250923228e-05,2.165791037339604e-05,2.86,2.86,0.49995749402918027,0.4999472720566885,0.4999679820769733,2.0710020284808728e-05,other,0.003776330897391156,0.003778943425661929,3.33,3.33,0.49994574580132856,0.49610457387645224,0.49988351730211417,0.003778943425661929,persistent
relu,0.0002,0.001,E3_regime,iso,0.01,3.0,2.0,2000,False,2,0.15,20.0,200,E3_regime__relu__mu3-2_sd0.15__h200_eps1.00e-03_iso__s2__dt0.0002__b549393dcb,20.0,0.00019849086421621338,-1.4757244940204629e-07,0.4999708761780681,6,128,6,128,12,131,16,131,64,141,69,309,181,539,0.0,0.0,nan,20.0,0.4999472426742212,8.026665647618286e-07,8.026665647618286e-07,0.0,monotone,0.0,0.0,nan,20.0,0.49994723604926294,8.104285574507943e-07,8.104285574507943e-07,0.0,monotone,0.01908611565630991,0.019138075428508428,3.67,3.67,0.4999536132612047,0.47873747955437007,0.4978755549828785,0.019138075428508428,persistent,0.007537668253428886,0.00754166016641733,3.48,3.48,0.49994615015643123,0.4922908620044429,0.4998325221708602,0.00754166016641733,persistent,2.7557628891889347e-05,3.15366664271746e-05,3.0700000000000003,3.0700000000000003,0.4999512275089187,4.1700825018912205e-08,1.2324436795096494e-07,8.154354293205274e-08,other,5.595141807775276e-05,5.613255246102011e-05,4.0200000000000005,4.0200000000000005,0.4999495251583495,2.1284648427615103e-06,2.4526995503068547e-06,3.242347075453444e-07,other,5.25346656765624e-05,5.283218989698968e-05,2.87,2.87,0.49994611106999565,0.49991594236374776,0.49996845382263577,5.2511458888016005e-05,other,0.006307818182162583,0.0063114120888888015,3.42,3.42,0.4999531412918823,0.4935284539421766,0.4998398660310654,0.0063114120888888015,persistent
relu,0.0002,0.001,E3_regime,iso,0.01,3.0,2.0,2000,False,3,0.15,20.0,200,E3_regime__relu__mu3-2_sd0.15__h200_eps1.00e-03_iso__s3__dt0.0002__ad770d3d1d,20.0,0.00020111769894845468,-1.6037949916662794e-07,0.49997791371545475,0,120,0,120,7,122,7,122,24,133,33,262,181,539,0.0,0.0,nan,20.0,0.4999408422822128,8.391520927295014e-07,8.391520927295014e-07,0.0,monotone,0.0,0.0,nan,20.0,0.49994084480160483,8.371561521881e-07,8.371561521881e-07,0.0,monotone,0.017116780779433183,0.017161685373555446,3.67,3.67,0.4999497682129671,0.48108412315045995,0.4982458085240154,0.017161685373555446,persistent,0.007303875139761162,0.00730762766099935,3.45,3.45,0.4999604683402302,0.4925790094806187,0.4998866371416181,0.00730762766099935,persistent,2.866211696719099e-05,2.92081115495629e-05,3.02,3.02,0.49994421327174854,2.7693749235637928e-08,1.2449282734271097e-07,9.679907810707305e-08,other,5.564738670732988e-05,5.6127537822464976e-05,3.84,20.0,0.4999452233201762,2.9856758546440033e-06,2.9856758546440033e-06,0.0,other,3.8427701877119524e-05,3.850883595873933e-05,2.88,2.87,0.4999604406796341,0.4999383403004651,0.49997636539559875,3.80250951336758e-05,other,0.00495563578528968,0.00495869619869832,3.38,3.37,0.49995012783447546,0.4949390420844772,0.4998977382831755,0.00495869619869832,persistent
relu,0.0002,0.001,E3_regime,iso,0.01,3.0,2.0,2000,False,4,0.15,20.0,200,E3_regime__relu__mu3-2_sd0.15__h200_eps1.00e-03_iso__s4__dt0.0002__fd2f92c268,20.0,0.00019781927492754417,-1.494496773784377e-07,0.49997780430237526,3,122,3,122,6,124,6,124,18,134,25,274,181,539,0.0,0.0,nan,20.0,0.49994576092814536,7.144380883430988e-07,7.144380883430988e-07,0.0,monotone,0.0,0.0,nan,20.0,0.49994576129548873,7.172306804378067e-07,7.172306804378067e-07,0.0,monotone,0.01772377722478652,0.017775181129956907,3.67,3.67,0.4999571697542683,0.48008742792608705,0.49786260905604396,0.017775181129956907,persistent,0.007560063948026496,0.007564291438332815,3.4,3.4,0.49994838689903426,0.49230280431293133,0.49986709575126415,0.007564291438332815,persistent,2.9409588277412073e-05,3.0014834721426478e-05,3.0100000000000002,3.0100000000000002,0.4999456779836631,6.713266247035392e-08,1.3250766746136981e-07,6.53750049910159e-08,other,6.277511833859121e-05,6.305817292773782e-05,3.92,20.0,0.49994733444606904,2.6029537893491443e-06,2.6029537893491443e-06,0.0,other,4.334368969438618e-05,4.346928445969622e-05,2.82,2.83,0.49994917927873034,0.4999283003737722,0.4999708386244482,4.253825067596084e-05,other,0.0054482132966830465,0.005451195262129727,3.39,3.39,0.4999578133595181,0.49445044386607906,0.4999016391282088,0.005451195262129727,persistent
relu,0.0002,0.001,E3_regime,iso,0.01,3.0,2.0,2000,False,5,0.15,20.0,200,E3_regime__relu__mu3-2_sd0.15__h200_eps1.00e-03_iso__s5__dt0.0002__a2924ad980,20.0,0.00019094382883268722,-1.5629463573780785e-07,0.49997129940049945,3,114,3,114,6,117,6,117,17,126,26,295,181,539,0.0,0.0,nan,20.0,0.4999501286882023,6.928620514153236e-07,6.928620514153236e-07,0.0,monotone,0.0,0.0,nan,20.0,0.4999501302602531,6.934033545540593e-07,6.934033545540593e-07,0.0,monotone,0.016859210542716885,0.016898861891112282,3.62,3.62,0.49994955392148027,0.481600317280387,0.4984991791714993,0.016898861891112282,persistent,0.007193971430971446,0.007197163854333055,3.49,3.49,0.49995169209549484,0.49270675404601394,0.499903917900347,0.007197163854333055,persistent,2.605718246167561e-05,3.224802890083585e-05,1.73,3.0500000000000003,0.4999462331803635,2.5056701394928822e-08,1.1449217768960173e-07,8.943547629467291e-08,other,8.105345959434503e-05,8.164877324407955e-05,3.84,20.0,0.49995143414482635,2.6818792167678088e-06,2.6818792167678088e-06,0.0,other,3.1332416974505506e-05,3.1511280410734255e-05,2.87,2.87,0.49995213412359396,0.4999299693997185,0.49995708678035544,2.711738063693181e-05,other,0.0046041841280193285,0.004606767605982054,3.35,3.35,0.49995020357675046,0.4953102344089617,0.49991700201494377,0.004606767605982054,persistent
relu,0.0002,0.001,E3_regime,iso,0.01,3.0,2.0,2000,False,6,0.15,20.0,200,E3_regime__relu__mu3-2_sd0.15__h200_eps1.00e-03_iso__s6__dt0.0002__ae73323abf,20.0,0.0001769549230240938,-1.354376778189663e-07,0.49997304678029764,0,106,0,106,0,109,0,109,12,120,12,290,181,539,0.0,0.0,nan,20.0,0.4999555112548768,7.122434721367257e-07,7.122434721367257e-07,0.0,monotone,0.0,0.0,nan,20.0,0.4999555098071055,7.090821018388683e-07,7.090821018388683e-07,0.0,monotone,0.014165809007103958,0.014196754542171619,3.7,3.7,0.49994976093544224,0.4842506537509411,0.49844740829311274,0.014196754542171619,persistent,0.00689745780476092,0.006900987871531927,3.4,3.4,0.4999463642466646,0.49296407575393797,0.4998650636254699,0.006900987871531927,persistent,2.4169027106779595e-05,2.4653477068018915e-05,3.0100000000000002,20.0,0.49995472292364446,9.574056323571382e-08,9.574056323571382e-08,0.0,other,3.705342275592019e-05,3.747239168733896e-05,3.83,20.0,0.4999488741647127,2.6497077916045518e-06,2.6497077916045518e-06,0.0,other,2.1630977829312226e-05,2.1674354250433847e-05,1.67,1.67,0.4999470573096892,0.49994023631587065,0.4999584679780376,1.8231662166967588e-05,other,0.0034600097378978956,0.0034626525107494532,3.34,3.34,0.4999493506545386,0.49644789849203985,0.4999105510027893,0.0034626525107494532,persistent
relu,0.0002,0.001,E3_regime,iso,0.01,3.0,2.0,2000,False,7,0.15,20.0,200,E3_regime__relu__mu3-2_sd0.15__h200_eps1.00e-03_iso__s7__dt0.0002__f615b30d0b,20.0,0.00020005284041724766,-1.5188173148672555e-07,0.49997036179621546,0,112,0,112,4,115,4,115,14,125,14,294,181,539,0.0,0.0,nan,20.0,0.499946783271818,8.073083495603223e-07,8.073083495603223e-07,0.0,monotone,0.0,0.0,nan,20.0,0.499946782232501,8.068283355199061e-07,8.068283355199061e-07,0.0,monotone,0.016051952065641806,0.01609483208477852,3.7600000000000002,3.7600000000000002,0.49995265279493756,0.4821696864691552,0.4982645185539337,0.01609483208477852,persistent,0.007239497777280002,0.007243499513562179,3.47,3.47,0.49994667747508054,0.4926312701835004,0.49987476969706257,0.007243499513562179,persistent,2.8098571382367318e-05,2.8651911522715635e-05,3.0700000000000003,3.06,0.4999464860489729,1.1435766061160625e-07,1.1635705049249073e-07,1.999389880884485e-09,other,5.206913826069384e-05,5.2419052199294306e-05,3.93,20.0,0.49995379356549596,3.0981712764938675e-06,3.0981712764938675e-06,0.0,other,2.8447457323610426e-05,2.8552931596481645e-05,2.84,2.84,0.4999470780392242,0.4999352788107058,0.4999617806901624,2.6501879456575228e-05,other,0.004517747991924781,0.004520631976618061,3.44,3.44,0.49995264737657563,0.4953949792065952,0.49991561118321326,0.004520631976618061,persistent
relu,0.0002,0.001,E3_regime,iso,0.01,3.0,2.0,2000,False,8,0.15,20.0,200,E3_regime__relu__mu3-2_sd0.15__h200_eps1.00e-03_iso__s8__dt0.0002__7d63d5ba5d,20.0,0.0001867957273252848,-1.4016149338396842e-07,0.4999716665657843,5,119,5,119,8,121,9,122,31,132,39,302,181,539,0.0,0.0,nan,20.0,0.4999515717512961,7.201541808734549e-07,7.201541808734549e-07,0.0,monotone,0.0,0.0,nan,20.0,0.49995156905454397,7.188301446727315e-07,7.188301446727315e-07,0.0,monotone,0.017145467640527934,0.017182451345495786,3.67,3.67,0.4999441750438136,0.48117736951034235,0.49835982085583813,0.017182451345495786,persistent,0.006917875869321133,0.006921713591231282,3.5100000000000002,3.5100000000000002,0.4999540054059456,0.49295188693083797,0.49987360052206925,0.006921713591231282,persistent,3.9637695624347485e-05,4.5010951605881284e-05,1.74,3.08,0.49994767506852844,3.7685850466572445e-08,1.0847215486471059e-07,7.078630439813815e-08,other,8.585096703164005e-05,8.631910753342895e-05,3.92,20.0,0.4999544961066591,2.654686149456876e-06,2.654686149456876e-06,0.0,other,2.715407050724039e-05,2.7228099204579248e-05,2.93,2.94,0.4999534664657982,0.4999335168654495,0.4999576633816617,2.4146516212186775e-05,other,0.004896383292904427,0.0048987857444439675,3.42,3.41,0.4999443674091542,0.4950059899393745,0.49990477568381847,0.0048987857444439675,persistent
relu,0.0002,0.001,E3_regime,iso,0.01,3.0,2.0,2000,False,9,0.15,20.0,200,E3_regime__relu__mu3-2_sd0.15__h200_eps1.00e-03_iso__s9__dt0.0002__8435184545,20.0,0.00018184482309004774,-1.4114674543857912e-07,0.49997553910361603,0,110,0,110,0,113,1,113,11,123,11,293,181,539,0.0,0.0,nan,20.0,0.4999463984165847,7.57551576004076e-07,7.57551576004076e-07,0.0,monotone,0.0,0.0,nan,20.0,0.4999463968392579,7.58708028833097e-07,7.58708028833097e-07,0.0,monotone,0.01406714975279949,0.014103698390149244,3.63,3.63,0.49995323331517516,0.4843626757178333,0.49846637410798256,0.014103698390149244,persistent,0.006326699077166376,0.00633002788240028,3.35,3.35,0.49995360212977,0.49354954333477447,0.49987957121717475,0.00633002788240028,persistent,2.567342948625847e-05,2.6172328339671217e-05,2.95,20.0,0.4999477614545211,8.9039942498364e-08,8.9039942498364e-08,0.0,other,4.490357587692208e-05,4.526894975956314e-05,3.8200000000000003,20.0,0.4999446602961959,2.7929511529630464e-06,2.7929511529630464e-06,0.0,other,1.5135172359070914e-05,1.5177667683163865e-05,1.8,1.8,0.4999540347691983,0.49994624664610293,0.49995521849511065,8.971849007721744e-06,other,0.003579957953788071,0.0035819310615503586,3.3200000000000003,3.3200000000000003,0.4999535485176585,0.49633778147798147,0.4999197125395318,0.0035819310615503586,persistent
relu,0.0002,0.001,E3_regime,pos,0.01,3.0,2.0,2000,False,0,0.15,20.0,200,E3_regime__relu__mu3-2_sd0.15__h200_eps1.00e-03_pos__s0__dt0.0002__7ffcd278b5,20.0,0.00018890185266283587,-1.6096896288960534e-07,0.4999999459340003,97,145,98,145,117,148,118,148,145,156,146,156,181,539,5.809944840574519e-05,5.9598578474278144e-05,3.44,20.0,0.49984820073050895,6.205948396630336e-07,6.205948396630336e-07,0.0,other,5.836297532368917e-05,5.986959520204335e-05,3.44,20.0,0.499848144971569,6.225459852651828e-07,6.225459852651828e-07,0.0,other,0.023966347124384557,0.024046123727495095,3.5700000000000003,3.56,0.49999996399908236,0.4737240308937604,0.4977701546212555,0.024046123727495095,persistent,0.005995600368847109,0.0060065350241294,3.64,3.64,0.4999999793634873,0.49387168243243096,0.49987821745656036,0.0060065350241294,persistent,1.8004028038763987e-05,1.8345640948902048e-05,3.09,20.0,0.49990953767121876,1.2677782436390523e-07,1.2677782436390523e-07,0.0,other,5.468547501472833e-05,5.481704055729933e-05,4.11,4.11,0.49989047603170395,7.70621153093488e-08,2.8523995950120807e-06,2.775337479702732e-06,other,2.054601830020486e-05,2.082495347399682e-05,2.97,2.97,0.5,0.499979175046526,0.5,2.082495347399682e-05,other,0.009413212997101683,0.009415684051548523,3.38,3.38,0.5,0.4905843159484515,0.5,0.009415684051548523,persistent
relu,0.0002,0.001,E3_regime,pos,0.01,3.0,2.0,2000,False,1,0.15,20.0,200,E3_regime__relu__mu3-2_sd0.15__h200_eps1.00e-03_pos__s1__dt0.0002__156daa2e41,20.0,0.0001994823036088156,-1.7018800769536989e-07,0.4999999186399009,104,153,105,153,124,155,125,155,148,162,149,162,181,539,7.366110127742849e-05,7.53970888992546e-05,3.5,20.0,0.4998397951271263,7.370326373691967e-07,7.370326373691967e-07,0.0,other,7.352358400809902e-05,7.52559442214058e-05,3.5,20.0,0.49983981527874327,7.3602747051244e-07,7.3602747051244e-07,0.0,other,0.024363530572677705,0.024435567784831302,3.62,3.62,0.499999973689387,0.4733409100787298,0.4977764778635611,0.024435567784831302,persistent,0.006266962082445482,0.006275404427270703,3.7600000000000002,3.7600000000000002,0.4999999839292123,0.49369216359407425,0.49996756802134495,0.006275404427270703,persistent,2.981109813307819e-05,3.7805108960588946e-05,1.76,20.0,0.49990145516598145,1.5366440832622038e-07,1.5366440832622038e-07,0.0,other,6.524178080398583e-05,6.544186683336141e-05,4.12,4.12,0.49989855917097226,1.6269534263450818e-07,3.418017457730289e-06,3.255322115095781e-06,other,7.34929483004465e-05,7.401310797361393e-05,3.08,3.08,0.5,0.4999259868920264,0.5,7.401310797361393e-05,other,0.009630399562656655,0.009632945809741889,3.44,3.44,0.5,0.4903670541902581,0.5,0.009632945809741889,persistent
relu,0.0002,0.001,E3_regime,pos,0.01,3.0,2.0,2000,False,2,0.15,20.0,200,E3_regime__relu__mu3-2_sd0.15__h200_eps1.00e-03_pos__s2__dt0.0002__b90adf615e,20.0,0.00021086762576743966,-1.713858380052993e-07,0.49999995081274307,110,155,111,155,129,158,131,158,154,165,155,165,181,539,9.594103447857998e-05,9.797614671481282e-05,3.43,20.0,0.49984278417112427,6.203089956117189e-07,6.203089956117189e-07,0.0,other,9.715477485563247e-05,9.920787999949865e-05,3.43,20.0,0.4998426500980857,6.264624395686889e-07,6.264624395686889e-07,0.0,other,0.026570830775010656,0.026657400367903317,3.62,3.62,0.4999999682937588,0.47067454992877894,0.49733195029668226,0.026657400367903317,persistent,0.006627501854927165,0.0066350872800912675,3.69,3.69,0.4999999931947085,0.4933315531286369,0.4999666404087282,0.0066350872800912675,persistent,1.9331965007231908e-05,2.8960733443680648e-05,3.16,20.0,0.4999009612081252,1.4238895093783543e-07,1.4238895093783543e-07,0.0,other,5.007702129556822e-05,5.012591668693399e-05,4.4,4.4,0.49989905268594514,6.969152173885081e-08,2.94135227455727e-06,2.8716607528184192e-06,other,5.6073331163253304e-05,5.663930834481912e-05,3.06,3.06,0.5,0.4999433606916552,0.5,5.663930834481912e-05,other,0.011231157038296968,0.011233703656921057,3.45,3.45,0.5,0.48876629634307894,0.5,0.011233703656921057,persistent
relu,0.0002,0.001,E3_regime,pos,0.01,3.0,2.0,2000,False,3,0.15,20.0,200,E3_regime__relu__mu3-2_sd0.15__h200_eps1.00e-03_pos__s3__dt0.0002__877995a9d0,20.0,0.00021683318562286998,-1.8873228082444404e-07,0.4999999379481821,114,156,115,156,134,159,134,159,155,167,155,167,181,539,0.00010816840517691162,0.00011040003112601,3.5,20.0,0.49983789520980026,7.580906967920062e-07,7.580906967920062e-07,0.0,transient,0.00010783613421432909,0.00011006001776414008,3.5,20.0,0.499837933196605,7.562232733079355e-07,7.562232733079355e-07,0.0,transient,0.026941699247203132,0.027016755333496678,3.66,3.66,0.4999999753648942,0.4707645048676246,0.4977812602011213,0.027016755333496678,persistent,0.006418879519670073,0.006426973204539721,3.77,3.77,0.4999999931959736,0.49346582565127906,0.4998927988558188,0.006426973204539721,persistent,5.51535827581647e-05,6.498444247965299e-05,1.74,20.0,0.49990210945893826,1.7375087142510864e-07,1.7375087142510864e-07,0.0,other,7.004850395601765e-05,7.025603334409632e-05,4.16,4.16,0.49989790519274385,8.551043359620247e-08,3.6044111421312873e-06,3.518900708535085e-06,other,9.654359449096095e-05,9.71230800120848e-05,3.16,3.16,0.5,0.4999028769199879,0.5,9.71230800120848e-05,other,0.011100946705214054,0.011103606633441565,3.49,3.49,0.5,0.48889639336655843,0.5,0.011103606633441565,persistent
relu,0.0002,0.001,E3_regime,pos,0.01,3.0,2.0,2000,False,4,0.15,20.0,200,E3_regime__relu__mu3-2_sd0.15__h200_eps1.00e-03_pos__s4__dt0.0002__dc23dcc244,20.0,0.0002147479263824919,-1.7863350131741432e-07,0.49999996156246596,102,146,102,146,120,147,120,147,149,155,149,155,181,539,6.918579782031674e-05,7.078739492147573e-05,3.44,20.0,0.4998446497286885,7.204151234363986e-07,7.204151234363986e-07,0.0,other,6.956689798378398e-05,7.117400389874804e-05,3.44,20.0,0.4998445734733679,7.232998220019533e-07,7.232998220019533e-07,0.0,other,0.02439004132939071,0.024477108161275685,3.63,3.63,0.4999999868777716,0.4727351267315788,0.4972122348928545,0.024477108161275685,persistent,0.006305762332831699,0.006313526640964073,3.64,3.64,0.49999998720897526,0.493651861925509,0.49996538856647305,0.006313526640964073,persistent,1.8808584287781244e-05,1.9164108389109027e-05,3.11,20.0,0.49991076533970913,1.607719803076186e-07,1.607719803076186e-07,0.0,other,4.308302436067441e-05,4.318025564452408e-05,4.22,4.21,0.4998892489310872,8.012523707496987e-10,3.391176170735143e-06,3.390374918364393e-06,other,3.258466079292255e-05,3.286929226059554e-05,3.0100000000000002,3.0100000000000002,0.5,0.4999671307077394,0.5,3.286929226059554e-05,other,0.010124376059304108,0.010126725790724656,3.42,3.42,0.5,0.48987327420927534,0.5,0.010126725790724656,persistent
relu,0.0002,0.001,E3_regime,pos,0.01,3.0,2.0,2000,False,5,0.15,20.0,200,E3_regime__relu__mu3-2_sd0.15__h200_eps1.00e-03_pos__s5__dt0.0002__ab09b9bd3f,20.0,0.0002068699003996829,-1.828948548413152e-07,0.4999999445517247,105,149,106,149,125,151,127,151,151,156,151,156,181,539,7.688536268284969e-05,7.871934657551784e-05,3.48,20.0,0.4998397736761305,7.173714769903887e-07,7.173714769903887e-07,0.0,other,7.696615401057858e-05,7.880208827740844e-05,3.48,20.0,0.49983976326757135,7.179480453209658e-07,7.179480453209658e-07,0.0,other,0.024306906743290002,0.02437665867945793,3.62,3.62,0.4999999562443762,0.47328313448268916,0.4976597931621471,0.02437665867945793,persistent,0.005742682334024252,0.005758725336316162,3.75,3.75,0.49999998549714275,0.4939907115509321,0.49974943688724827,0.005758725336316162,persistent,1.944400941443871e-05,2.7507528088764523e-05,1.75,20.0,0.4998986878463184,1.7132314407288522e-07,1.7132314407288522e-07,0.0,other,6.282994227743446e-05,6.303985298023772e-05,4.11,4.11,0.49990132634276163,1.7450381656370954e-07,3.419033529013909e-06,3.2445297124501995e-06,other,0.00010229714232740106,0.0001026626156158672,3.15,3.15,0.5,0.49989733738438413,0.5,0.0001026626156158672,persistent,0.009839812080279176,0.009842279411253707,3.44,3.44,0.5,0.4901577205887463,0.5,0.009842279411253707,persistent
relu,0.0002,0.001,E3_regime,pos,0.01,3.0,2.0,2000,False,6,0.15,20.0,200,E3_regime__relu__mu3-2_sd0.15__h200_eps1.00e-03_pos__s6__dt0.0002__5cb6d13100,20.0,0.00019424071099857486,-1.632451890768512e-07,0.49999993810066456,102,148,103,148,122,150,123,150,149,157,149,157,181,539,6.879545418572974e-05,7.052673555463425e-05,3.46,20.0,0.49984517750458146,6.187437983985229e-07,6.187437983985229e-07,0.0,other,6.837878941015873e-05,7.009876527679001e-05,3.46,20.0,0.4998452493846148,6.159221419871408e-07,6.159221419871408e-07,0.0,other,0.024092336777489343,0.02416096661744077,3.56,3.56,0.49999998253262967,0.4741262875864713,0.49828725420391207,0.02416096661744077,persistent,0.005477103182275067,0.005491991826307607,3.74,3.74,0.4999999817521749,0.49434209614203084,0.49983408796833845,0.005491991826307607,persistent,1.5291757572361515e-05,1.6804662863750147e-05,3.16,20.0,0.4999050397541283,1.4959480160419676e-07,1.4959480160419676e-07,0.0,other,7.096174623458492e-05,7.11925192898718e-05,4.08,4.08,0.4998949740536638,2.142528228725319e-07,2.9072984978204967e-06,2.6930456749479647e-06,other,6.930753515244081e-05,6.97012471422287e-05,3.08,3.08,0.5,0.49993029875285777,0.5,6.97012471422287e-05,other,0.009137995286819633,0.009140430303527902,3.4,3.39,0.5,0.4908595696964721,0.5,0.009140430303527902,persistent
relu,0.0002,0.001,E3_regime,pos,0.01,3.0,2.0,2000,False,7,0.15,20.0,200,E3_regime__relu__mu3-2_sd0.15__h200_eps1.00e-03_pos__s7__dt0.0002__3f704a5b9c,20.0,0.0002149153424257973,-1.7811464153791854e-07,0.49999993239297424,101,146,102,146,121,149,121,149,147,157,148,157,181,539,6.579155960521763e-05,6.738963029134836e-05,3.5,20.0,0.49984216071846405,7.118490526069784e-07,7.118490526069784e-07,0.0,other,6.57360187248783e-05,6.733325482421098e-05,3.5,20.0,0.49984216914195734,7.114164332654507e-07,7.114164332654507e-07,0.0,other,0.024219848710316683,0.024288404559759003,3.66,3.65,0.4999999575795338,0.47375741940191496,0.49804582396167396,0.024288404559759003,persistent,0.005935212932753731,0.005948982045534346,3.72,3.71,0.4999999890513945,0.4939047066231177,0.49985368866865204,0.005948982045534346,persistent,1.8246904822014813e-05,2.64158976967029e-05,1.76,20.0,0.4999009165495587,1.551506300039206e-07,1.551506300039206e-07,0.0,other,6.690408264246757e-05,6.708112312337004e-05,4.1,4.1,0.4998990974268338,4.148561330569069e-07,3.3267450870022794e-06,2.9118889539453727e-06,other,4.585954058394792e-05,4.617106233095747e-05,3.08,3.08,0.5,0.49995382893766904,0.5,4.617106233095747e-05,other,0.009431238401612585,0.009433552939335066,3.46,3.46,0.5,0.49056644706066493,0.5,0.009433552939335066,persistent
relu,0.0002,0.001,E3_regime,pos,0.01,3.0,2.0,2000,False,8,0.15,20.0,200,E3_regime__relu__mu3-2_sd0.15__h200_eps1.00e-03_pos__s8__dt0.0002__891474af5a,20.0,0.00020542108181861496,-1.6805713510541936e-07,0.49999993823381317,99,146,100,146,120,149,120,149,146,157,146,157,181,539,5.939966454801294e-05,6.092578740441297e-05,3.54,20.0,0.4998378927431981,6.921455243299043e-07,6.921455243299043e-07,0.0,other,5.923545500701783e-05,6.0757323623397274e-05,3.54,20.0,0.49983791430415836,6.908395227853757e-07,6.908395227853757e-07,0.0,other,0.02374938672781468,0.02381946848568961,3.67,3.67,0.49999998017840314,0.47399735326325904,0.49781682174894865,0.02381946848568961,persistent,0.006515988268773754,0.006521355100363779,3.72,3.72,0.49999998403896323,0.4934684905998207,0.49998984570018445,0.006521355100363779,persistent,3.0785202089847756e-05,3.91549919475276e-05,1.75,20.0,0.4998951127907528,1.4391908573897843e-07,1.4391908573897843e-07,0.0,other,6.56601335461718e-05,6.592648427748414e-05,4.08,4.08,0.49990490149178857,6.678940273531097e-07,3.205607922094739e-06,2.537713894741629e-06,other,7.342467922005769e-05,7.400724597822483e-05,3.09,3.09,0.5,0.4999259927540218,0.5,7.400724597822483e-05,other,0.009208089442647727,0.009210485349169018,3.48,3.48,0.5,0.490789514650831,0.5,0.009210485349169018,persistent
relu,0.0002,0.001,E3_regime,pos,0.01,3.0,2.0,2000,False,9,0.15,20.0,200,E3_regime__relu__mu3-2_sd0.15__h200_eps1.00e-03_pos__s9__dt0.0002__9a4c9ff28b,20.0,0.00019965110662721166,-1.7562751381957026e-07,0.49999993469582193,109,158,109,158,127,161,128,161,152,168,152,168,181,539,8.704075960188425e-05,8.90120427295196e-05,3.46,20.0,0.49984214275580674,6.899621970102937e-07,6.899621970102937e-07,0.0,other,8.722366606600025e-05,8.919958950479544e-05,3.46,20.0,0.49984211591276906,6.910627070379081e-07,6.910627070379081e-07,0.0,other,0.025829378391816482,0.025907294768632516,3.6,3.6,0.49999997621624576,0.4722164154799369,0.49812371024856944,0.025907294768632516,persistent,0.006229016963474887,0.006245932000625731,3.69,3.68,0.49999998521462025,0.49366891051178385,0.4999148425124096,0.006245932000625731,persistent,2.6236702821465317e-05,3.540787307328695e-05,1.75,20.0,0.4999060326976156,1.5366379966550553e-07,1.5366379966550553e-07,0.0,other,6.859009937443261e-05,6.882056395132845e-05,4.0600000000000005,4.0600000000000005,0.4998939815902069,2.8701929644182877e-07,3.247109748177308e-06,2.9600904517354796e-06,other,9.336985277486054e-05,9.388100236895625e-05,3.08,3.08,0.5,0.49990611899763104,0.5,9.388100236895625e-05,other,0.01019315880199656,0.010195696806498178,3.43,3.43,0.5,0.4898043031935018,0.5,0.010195696806498178,persistent
relu,0.0002,0.1,E3_regime,iso,0.01,3.0,2.0,2000,False,0,0.15,20.0,2,E3_regime__relu__mu3-2_sd0.15__h2_eps1.00e-01_iso__s0__dt0.0002__885c7be744,20.0,0.0006002206767614523,-7.238213022536365e-07,0.4999999966952433,181,233,181,391,181,242,181,406,181,252,181,426,181,539,0.02549133198171301,0.026113741648382413,0.8300000000000001,20.0,0.4907710154386444,1.6702175879048434e-06,1.6702175879048434e-06,0.0,transient,0.025527450746065092,0.02615132012484206,0.8300000000000001,20.0,0.4907665081598923,1.6750893336208633e-06,1.6750893336208633e-06,0.0,transient,0.19245114284749126,0.19341186280102562,6.38,6.38,0.49006365739148583,0.30539616695283356,0.4988080297538592,0.19341186280102562,persistent,5.162537064506978e-15,0.0,10.24,0.0,0.49999999999999994,0.49999999999999994,0.49999999999999994,0.0,monotone,0.0011794426082409677,0.0011819644256318945,2.4,20.0,0.4956115749268327,1.6874011689002298e-07,1.6874011689002298e-07,0.0,transient,0.01801949888478077,0.018299683002400147,0.5700000000000001,20.0,0.4942799958193862,6.639787059405903e-06,6.639787059405903e-06,0.0,transient,0.0,0.0,nan,0.0,0.5,0.5,0.5,0.0,monotone,0.11913313451034663,0.11914266695805281,6.16,6.16,0.49020300001364336,0.3808573330419472,0.5,0.11914266695805281,persistent
relu,0.0002,0.1,E3_regime,iso,0.01,3.0,2.0,2000,False,1,0.15,20.0,2,E3_regime__relu__mu3-2_sd0.15__h2_eps1.00e-01_iso__s1__dt0.0002__ce363b0de8,20.0,0.000139931050014273,-8.773170466451073e-08,0.49999994191981756,22,179,39,311,27,186,44,322,31,201,48,343,181,539,0.0,0.0,nan,20.0,0.49245290991025614,8.824772609428832e-08,8.824772609428832e-08,0.0,monotone,0.0,0.0,nan,20.0,0.4924496941214611,8.818473742079499e-08,8.818473742079499e-08,0.0,monotone,0.002108656720479829,0.002109463916380061,1.1,1.1,0.4999983213878735,0.49789053608361994,0.5,0.002109463916380061,persistent,0.0167920388352627,0.016808688876813194,1.69,1.69,0.49061880075919334,0.48319131112318675,0.49999999999999994,0.016808688876813194,persistent,0.00011600349592910675,0.00013175482705259084,3.0,3.0,0.49010479467029155,2.528917966672177e-08,7.294070790537961e-08,4.7651528238657837e-08,transient,0.0,0.0,nan,20.0,0.49900993007855454,3.041022988626304e-07,3.041022988626304e-07,0.0,monotone,0.009336315007251461,0.009338386852139557,1.09,1.09,0.4909831694397566,0.49066161314786044,0.5,0.009338386852139557,persistent,0.0,0.0,nan,0.0,0.5,0.5,0.5,0.0,monotone
relu,0.0002,0.1,E3_regime,iso,0.01,3.0,2.0,2000,False,2,0.15,20.0,2,E3_regime__relu__mu3-2_sd0.15__h2_eps1.00e-01_iso__s2__dt0.0002__bd3d306188,20.0,0.002122227123945052,-6.006776850447492e-06,0.4999999994713208,181,229,181,342,181,231,181,346,181,234,181,352,181,539,0.0011145697890371632,0.001118382968153223,13.06,20.0,0.5,2.05337325002493e-05,2.05337325002493e-05,0.0,transient,0.0011202825417497436,0.0011241404538088252,13.06,20.0,0.49999999999999994,2.0706544221462554e-05,2.0706544221462554e-05,0.0,transient,0.13704971885834477,0.13982029904525284,13.18,13.18,0.48066001665918007,0.3042546994574322,0.44407499850268506,0.13982029904525284,persistent,5.162537064506978e-15,0.0,10.24,0.0,0.49999999999999994,0.49999999999999994,0.49999999999999994,0.0,monotone,0.0036065731750295786,0.003608452063046812,1.6,1.59,0.4990538337560423,1.0652900792223785e-08,1.1214148981733504e-06,1.1107619973811266e-06,transient,0.00030947085418698737,0.00032240649201184903,16.89,16.89,0.5,3.729723083585312e-05,7.231747572468826e-05,3.5020244888835135e-05,persistent,0.0,0.0,nan,0.0,0.5,0.5,0.5,0.0,monotone,0.12004028032529068,0.12004968274580535,12.950000000000001,12.950000000000001,0.4811408923499392,0.37995031725419465,0.5,0.12004968274580535,persistent
relu,0.0002,0.1,E3_regime,iso,0.01,3.0,2.0,2000,False,3,0.15,20.0,2,E3_regime__relu__mu3-2_sd0.15__h2_eps1.00e-01_iso__s3__dt0.0002__f32bef9eae,20.0,1.0136020214436072,-1.0811351813799774e-12,0.4927577160706278,1,194,1,357,1,194,1,361,2,194,2,365,181,539,0.0,0.0,nan,20.0,0.5,0.14601661823586937,0.14601661823586937,0.0,monotone,0.0,0.0,nan,20.0,0.5,0.14571045373556116,0.14571045373556116,0.0,monotone,0.01584475446864786,0.01595714100477852,6.13,6.13,0.4884708662075145,0.4814487718593348,0.49538718593321535,0.013938414073880523,persistent,5.684341886080802e-14,1.1307003777716318e-06,10.27,0.0,0.4932952675570039,0.4932952675570039,0.4932963405941115,1.0730371075573508e-06,other,0.0001459454524747757,0.0001459887585896641,7.18,7.17,0.5,1.3809025213192528e-08,0.00014600256761487728,0.0001459887585896641,persistent,0.0,0.0,nan,20.0,0.5,0.49985399746713904,0.49985399746713904,0.0,monotone,0.0,6.409697366449585e-05,nan,0.0,0.4925998769312357,0.4925998769312357,0.49266391923414626,6.404230291057189e-05,other,0.01369709113659856,0.013703027939728663,5.61,5.61,0.487533979911534,0.4872178144877646,0.4973860807658537,0.010168266278089144,persistent
relu,0.0002,0.1,E3_regime,iso,0.01,3.0,2.0,2000,False,4,0.15,20.0,2,E3_regime__relu__mu3-2_sd0.15__h2_eps1.00e-01_iso__s4__dt0.0002__dd08fa6199,20.0,0.00016073428128390022,-9.409330014846658e-08,0.4999999337679881,19,174,31,302,23,181,37,312,26,195,41,331,181,539,0.0,0.0,nan,20.0,0.49247939913589883,8.768444955506808e-08,8.768444955506808e-08,0.0,monotone,0.0,0.0,nan,20.0,0.49248880955823965,8.783449730580321e-08,8.783449730580321e-08,0.0,monotone,0.001988562333387789,0.0019894460241074996,1.06,1.06,0.4999974232133834,0.4980105539758925,0.5,0.0019894460241074996,persistent,0.0162396147557628,0.016255055871745583,1.6300000000000001,1.6300000000000001,0.4908525951967317,0.48374494412825436,0.49999999999999994,0.016255055871745583,persistent,0.00011309614033711506,0.0001277133452362903,2.98,2.98,0.4901003177905038,2.0981952649529752e-08,8.472154627456833e-08,6.373959362503857e-08,transient,0.0,0.0,nan,20.0,0.4987271201581929,2.852949088981407e-07,2.852949088981407e-07,0.0,monotone,0.008898024913533975,0.008899734071664,0.99,0.99,0.4912702972793782,0.491100265928336,0.5,0.008899734071664,persistent,0.0,0.0,nan,0.0,0.5,0.5,0.5,0.0,monotone
relu,0.0002,0.1,E3_regime,iso,0.01,3.0,2.0,2000,False,5,0.15,20.0,2,E3_regime__relu__mu3-2_sd0.15__h2_eps1.00e-01_iso__s5__dt0.0002__758bcc6451,20.0,8.985463092681672e-05,-8.337011447564005e-08,0.4999999812473863,181,190,181,212,181,191,181,215,181,193,181,221,181,539,0.0015703844599360395,0.0016214917929414515,4.0200000000000005,20.0,0.4989412689932609,8.795588707230843e-08,8.795588707230843e-08,0.0,transient,0.0015696883578470988,0.001620841777330976,4.0200000000000005,20.0,0.49893930976969425,8.794193285770931e-08,8.794193285770931e-08,0.0,transient,0.0,0.0,nan,0.0,0.5,0.5,0.5,0.0,monotone,0.06358305375708667,0.06360406168579419,4.53,4.53,0.4966381103273194,0.43639593831420576,0.49999999999999994,0.06360406168579419,persistent,0.0001096304183208345,0.0001254665292471015,5.7,20.0,0.5,1.0040017314076942e-07,1.0040017314076942e-07,0.0,transient,0.053755483021211733,0.05503689020608701,2.08,20.0,0.4825911977147032,2.0835208467827733e-08,2.0835208467827733e-08,0.0,transient,0.03258302640359356,0.03260235538901973,4.42,4.42,0.49760876821512123,0.46739764461098027,0.5,0.03260235538901973,persistent,0.0,0.0,nan,0.0,0.5,0.5,0.5,0.0,monotone
relu,0.0002,0.1,E3_regime,iso,0.01,3.0,2.0,2000,False,6,0.15,20.0,2,E3_regime__relu__mu3-2_sd0.15__h2_eps1.00e-01_iso__s6__dt0.0002__a67c6cae3b,20.0,0.00042762712388713306,-5.103398506866078e-07,0.4999999876437533,181,204,181,291,181,207,181,300,181,210,181,312,181,539,0.0018762493485069017,0.0018826633825121397,4.97,20.0,0.4912084537374434,1.1489018721578341e-06,1.1489018721578341e-06,0.0,transient,0.0018700588089789576,0.0018764387019613463,4.97,20.0,0.49120037946007933,1.1445082204820303e-06,1.1445082204820303e-06,0.0,transient,0.1510047564699526,0.1510138135743822,5.2,5.2,0.49232672000860395,0.3489861864256178,0.5,0.1510138135743822,persistent,5.162537064506978e-15,0.0,10.24,0.0,0.49999999999999994,0.49999999999999994,0.49999999999999994,0.0,monotone,0.0029716422675744136,0.0029801622774511473,1.02,20.0,0.4875859742806377,7.708426171701766e-08,7.708426171701766e-08,0.0,transient,0.00034469865990806943,0.0003565186619931342,8.51,20.0,0.4994387472871423,3.9424203735088684e-06,3.9424203735088684e-06,0.0,transient,0.0,0.0,nan,0.0,0.5,0.5,0.5,0.0,monotone,0.08975588828340109,0.08976430211331593,5.03,5.03,0.4930935106067394,0.41023569788668407,0.5,0.08976430211331593,persistent
relu,0.0002,0.1,E3_regime,iso,0.01,3.0,2.0,2000,False,7,0.15,20.0,2,E3_regime__relu__mu3-2_sd0.15__h2_eps1.00e-01_iso__s7__dt0.0002__d17137a217,20.0,8.412896056859911e-05,-4.5750525486083033e-08,0.4999999789252936,38,171,52,258,39,174,53,264,40,181,55,276,181,539,0.0,0.0,nan,20.0,0.490434991131762,3.567800659105715e-08,3.567800659105715e-08,0.0,monotone,0.0,0.0,nan,20.0,0.49043563545091223,3.568495882048013e-08,3.568495882048013e-08,0.0,monotone,0.0,0.0,nan,0.0,0.5,0.5,0.5,0.0,monotone,0.02478275197044738,0.024795010530672068,1.74,1.73,0.4930019661729683,0.4752049894693279,0.49999999999999994,0.024795010530672068,persistent,0.00011223175296363891,0.00012829736342046897,2.71,20.0,0.49503096835052773,5.9343526547688526e-08,5.9343526547688526e-08,0.0,transient,0.0,0.0,nan,20.0,0.49140892248752427,2.6786941482403433e-08,2.6786941482403433e-08,0.0,monotone,0.011384919992011078,0.011394054104129803,1.5,1.5,0.4936542102449449,0.4886059458958702,0.5,0.011394054104129803,persistent,0.0,0.0,nan,0.0,0.5,0.5,0.5,0.0,monotone
relu,0.0002,0.1,E3_regime,iso,0.01,3.0,2.0,2000,False,8,0.15,20.0,2,E3_regime__relu__mu3-2_sd0.15__h2_eps1.00e-01_iso__s8__dt0.0002__43b42b94e1,20.0,0.00019201373337075921,-1.38484316196581e-07,0.500881888117874,12,344,13,520,13,347,14,523,14,354,16,530,181,539,0.0,0.0,nan,20.0,0.5,1.7528711076415112e-07,1.7528711076415112e-07,0.0,monotone,0.0,0.0,nan,20.0,0.5,1.7505073310779376e-07,1.7505073310779376e-07,0.0,monotone,0.01359697071419802,0.013690873350635568,0.59,0.6,0.4915330277020956,0.48630912664936443,0.5,0.013690873350635568,persistent,0.014939771172452987,0.01495546213880361,2.15,2.15,0.4900510207575111,0.48504453786119633,0.49999999999999994,0.01495546213880361,persistent,0.00011253573096132124,0.00012615293793523136,4.36,4.36,0.49784859019952266,2.4331960136378386e-08,8.670116924324889e-08,6.23692091068705e-08,transient,0.0,0.0,nan,20.0,0.49993654772190593,6.541730632959711e-07,6.541730632959711e-07,0.0,monotone,0.010486274732191325,0.010489773728900309,1.18,1.19,0.49011345227809405,0.48991614146950774,0.5,0.010083858530492262,persistent,0.0,0.01059630066335665,nan,0.0,0.4922014098004774,0.4922014098004774,0.5,0.007798590199522615,other
relu,0.0002,0.1,E3_regime,iso,0.01,3.0,2.0,2000,False,9,0.15,20.0,2,E3_regime__relu__mu3-2_sd0.15__h2_eps1.00e-01_iso__s9__dt0.0002__c7c1be3a69,20.0,0.00018903979374080876,-1.450297249174122e-07,0.5012323824048508,7,352,8,530,8,358,10,536,10,363,12,539,181,539,0.0,0.0,nan,20.0,0.5,2.240220024805015e-07,2.240220024805015e-07,0.0,monotone,0.0,0.0,nan,20.0,0.4999999999999999,2.243235323442397e-07,2.243235323442397e-07,0.0,monotone,0.015534179020895211,0.01563752288523712,0.74,0.74,0.49025507879011065,0.4843624771147629,0.5,0.01563752288523712,persistent,0.008729320520159123,0.008741845366141254,1.1300000000000001,1.1400000000000001,0.49462779099159654,0.4912581546338587,0.49999999999999994,0.008741845366141254,persistent,0.00012048041776970629,0.00013794853941496792,1.81,20.0,0.4994769733229457,5.2018471599230465e-08,5.2018471599230465e-08,0.0,transient,0.00019826497428645308,0.00020811109331772898,2.82,20.0,0.4947281675862742,8.68320177555843e-07,8.68320177555843e-07,0.0,transient,0.004782038206207373,0.004783886475386689,0.07,0.07,0.4953218324137258,0.4953207887389605,0.5,0.004679211261039484,persistent,0.012586853880373616,0.012595273258099282,0.18,0.18,0.49057302667705427,0.4905521576723094,0.5,0.009447842327690581,persistent
relu,0.0002,0.1,E3_regime,pos,0.01,3.0,2.0,2000,False,0,0.15,20.0,2,E3_regime__relu__mu3-2_sd0.15__h2_eps1.00e-01_pos__s0__dt0.0002__2caef8e3e9,20.0,0.00020199779302581712,-1.6853192028710258e-07,0.49999999631300773,163,200,165,240,167,207,167,250,171,221,171,268,181,539,0.0009040863542928435,0.0009116718464297339,2.41,20.0,0.48204112788468045,3.785361541474353e-07,3.785361541474353e-07,0.0,transient,0.0009064540985893901,0.000914064799974829,2.41,20.0,0.48203757142855846,3.794919066985794e-07,3.794919066985794e-07,0.0,transient,0.05509466222527365,0.05510041320946829,2.62,2.61,0.5,0.4448995867905317,0.5,0.05510041320946829,persistent,5.162537064506978e-15,0.0,10.24,0.0,0.49999999999999994,0.49999999999999994,0.49999999999999994,0.0,monotone,4.0425398786035e-09,4.056353353474509e-09,6.59,20.0,0.48887391143193426,3.887523576648982e-09,3.887523576648982e-09,0.0,other,0.0002549236348375995,0.0002615929101843786,4.41,4.4,0.4912963524325941,8.519396535916019e-07,1.1736307573082069e-06,3.2169110371660496e-07,transient,0.0,0.0,nan,0.0,0.5,0.5,0.5,0.0,monotone,0.02582675937509421,0.02583204352411861,2.5300000000000002,2.5300000000000002,0.5,0.4741679564758814,0.5,0.02583204352411861,persistent
relu,0.0002,0.1,E3_regime,pos,0.01,3.0,2.0,2000,False,1,0.15,20.0,2,E3_regime__relu__mu3-2_sd0.15__h2_eps1.00e-01_pos__s1__dt0.0002__481c2d61fa,20.0,0.00012966910668059977,-7.163259165972563e-08,0.4999999906331345,11,79,15,79,20,83,24,83,21,87,26,88,181,539,0.0,0.0,nan,20.0,0.48675702778249874,8.190928251008377e-08,8.190928251008377e-08,0.0,monotone,0.0,0.0,nan,20.0,0.4867622262713289,8.183123816341524e-08,8.183123816341524e-08,0.0,monotone,0.0010244779797196624,0.0010252617348060489,2.23,2.23,0.5,0.49897473826519395,0.5,0.0010252617348060489,persistent,0.007979492232847607,0.00798402289833694,1.8800000000000001,1.8800000000000001,0.49999999999999994,0.492015977101663,0.49999999999999994,0.00798402289833694,persistent,7.352041114895191e-05,7.595802559397641e-05,1.76,20.0,0.49515376383408394,4.6694753594554395e-08,4.6694753594554395e-08,0.0,other,0.0,0.0,nan,20.0,0.48500581467046466,3.1276810023971647e-07,3.1276810023971647e-07,0.0,monotone,0.0007449355206122776,0.000748402835731965,1.56,1.56,0.5,0.49925159716426804,0.5,0.000748402835731965,persistent,0.0,0.0,nan,0.0,0.5,0.5,0.5,0.0,monotone
relu,0.0002,0.1,E3_regime,pos,0.01,3.0,2.0,2000,False,2,0.15,20.0,2,E3_regime__relu__mu3-2_sd0.15__h2_eps1.00e-01_pos__s2__dt0.0002__e1dc3a7a02,20.0,0.0003323636764756673,-3.4595695049807534e-07,0.49999999965485087,181,216,181,236,181,216,181,239,181,216,181,244,181,539,0.01831976081521282,0.018808312751568898,0.7000000000000001,20.0,0.48064682691692645,7.743884964701617e-07,7.743884964701617e-07,0.0,transient,0.018397084765484545,0.018887857754408904,0.6900000000000001,20.0,0.48066261129800136,7.80376911972041e-07,7.80376911972041e-07,0.0,transient,0.1022879392975824,0.10238835693840431,4.65,4.65,0.5,0.3976116430615957,0.5,0.10238835693840431,persistent,5.162537064506978e-15,0.0,10.24,0.0,0.49999999999999994,0.49999999999999994,0.49999999999999994,0.0,monotone,0.0019791746164689143,0.001987217238906165,1.78,20.0,0.4838011558709983,2.5671464810377353e-08,2.5671464810377353e-08,0.0,transient,0.007961941824241592,0.008092025129963931,0.41000000000000003,7.9,0.4963985089225383,1.6278076384870692e-06,2.398785958938583e-06,7.709783204515139e-07,transient,0.0,0.0,nan,0.0,0.5,0.5,0.5,0.0,monotone,0.05699518286580363,0.057002184293793445,4.53,4.53,0.5,0.44299781570620655,0.5,0.057002184293793445,persistent
relu,0.0002,0.1,E3_regime,pos,0.01,3.0,2.0,2000,False,3,0.15,20.0,2,E3_regime__relu__mu3-2_sd0.15__h2_eps1.00e-01_pos__s3__dt0.0002__78097e14b0,20.0,0.00031834035315359135,-3.282338928799048e-07,0.49999999936214906,179,207,179,221,181,210,181,227,181,212,181,232,181,539,0.001871493112241622,0.0022010155637163242,3.75,20.0,0.4825520551979711,7.377342884304502e-07,7.377342884304502e-07,0.0,transient,0.00186782635890898,0.002198606436610684,3.75,20.0,0.482544018043205,7.363191257494777e-07,7.363191257494777e-07,0.0,transient,0.10098127730906142,0.10098927869053459,4.01,4.0,0.5,0.3990107213094654,0.5,0.10098927869053459,persistent,5.162537064506978e-15,0.0,10.24,0.0,0.49999999999999994,0.49999999999999994,0.49999999999999994,0.0,monotone,0.0018911115198276011,0.0018990205947506532,1.18,20.0,0.48168318199530535,2.3815797372959596e-08,2.3815797372959596e-08,0.0,transient,0.00032897843982223924,0.00033761372521602017,6.43,20.0,0.4985112852163717,2.2838618682431294e-06,2.2838618682431294e-06,0.0,transient,0.0,0.0,nan,0.0,0.5,0.5,0.5,0.0,monotone,0.05635702109979557,0.0563642571277741,3.89,3.89,0.5,0.4436357428722259,0.5,0.0563642571277741,persistent
relu,0.0002,0.1,E3_regime,pos,0.01,3.0,2.0,2000,False,4,0.15,20.0,2,E3_regime__relu__mu3-2_sd0.15__h2_eps1.00e-01_pos__s4__dt0.0002__2051e14597,20.0,0.00015601496220125043,-8.515493620447423e-08,0.49999995935773,8,69,13,69,20,72,25,72,22,77,27,77,181,539,0.0,0.0,nan,20.0,0.4866421255387655,9.160818718650297e-08,9.160818718650297e-08,0.0,monotone,0.0,0.0,nan,20.0,0.48662695229423975,9.184401294015395e-08,9.184401294015395e-08,0.0,monotone,0.0018198380517446822,0.0018204103824775997,2.38,2.38,0.5,0.4981795896175224,0.5,0.0018204103824775997,persistent,0.007126793074430204,0.007130749114482415,1.92,1.92,0.49999999999999994,0.49286925088551753,0.49999999999999994,0.007130749114482415,persistent,6.065452364496919e-05,6.22133980561479e-05,1.74,1.73,0.4951274402637729,2.1401907451526846e-08,6.036423500594242e-08,3.8962327554415566e-08,other,0.0,0.0,nan,20.0,0.4850332017574361,3.4250794186342336e-07,3.4250794186342336e-07,0.0,monotone,0.0004815565000548805,0.00048468977238713684,1.56,1.56,0.5,0.49951531022761286,0.5,0.00048468977238713684,persistent,0.0,0.0,nan,0.0,0.5,0.5,0.5,0.0,monotone
relu,0.0002,0.1,E3_regime,pos,0.01,3.0,2.0,2000,False,5,0.15,20.0,2,E3_regime__relu__mu3-2_sd0.15__h2_eps1.00e-01_pos__s5__dt0.0002__61236a3043,20.0,0.00031275910317365703,-3.612250788208077e-07,0.4999999950562115,181,284,181,318,181,289,181,325,181,297,181,336,181,539,0.08458406709269928,0.08557672837646864,0.9,20.0,0.48800533862954293,8.229464824602722e-07,8.229464824602722e-07,0.0,transient,0.08463279466857479,0.08562527955161428,0.9,20.0,0.48800108131912134,8.2346345647943e-07,8.2346345647943e-07,0.0,transient,0.09657675334866345,0.09658437109187012,4.9,4.9,0.5,0.4034156289081299,0.5,0.09658437109187012,persistent,5.162537064506978e-15,0.0,10.24,0.0,0.49999999999999994,0.49999999999999994,0.49999999999999994,0.0,monotone,0.0003653609532411847,0.00039388827484668383,2.74,20.0,0.4982258301423588,2.379155679926694e-08,2.379155679926694e-08,0.0,transient,0.10824292050945095,0.10925542852430548,0.64,7.36,0.48197416772802837,2.453384711921761e-06,2.5492163773207118e-06,9.583166539895081e-08,transient,0.0,0.0,nan,0.0,0.5,0.5,0.5,0.0,monotone,0.05300561786181518,0.05301276235030827,4.79,4.79,0.5,0.4469872376496917,0.5,0.05301276235030827,persistent
relu,0.0002,0.1,E3_regime,pos,0.01,3.0,2.0,2000,False,6,0.15,20.0,2,E3_regime__relu__mu3-2_sd0.15__h2_eps1.00e-01_pos__s6__dt0.0002__bea243a4ba,20.0,0.0002306969341472613,-2.136179616135409e-07,0.4999999911646782,170,219,170,260,174,225,175,268,176,235,176,280,181,539,0.009903470608091366,0.011119503558986221,0.71,20.0,0.4808603007743682,4.912447889310742e-07,4.912447889310742e-07,0.0,transient,0.009878421260018394,0.011096776932840668,0.71,20.0,0.48086528270800544,4.894621218707374e-07,4.894621218707374e-07,0.0,transient,0.07564039737528105,0.0756467165831034,3.13,3.13,0.5,0.4243532834168966,0.5,0.0756467165831034,persistent,5.162537064506978e-15,0.0,10.24,0.0,0.49999999999999994,0.49999999999999994,0.49999999999999994,0.0,monotone,1.720644895251347e-08,1.7260792665149164e-08,7.3500000000000005,20.0,0.48834754472935715,9.059129324861567e-09,9.059129324861567e-09,0.0,other,0.0020558178744423117,0.00382102218301017,0.47000000000000003,5.23,0.4918433723751319,1.5082519742328194e-06,1.5179392630984122e-06,9.687288865592854e-09,transient,0.0,0.0,nan,0.0,0.5,0.5,0.5,0.0,monotone,0.03892236254034748,0.03892831384216999,3.0300000000000002,3.0300000000000002,0.5,0.46107168615783,0.5,0.03892831384216999,persistent
relu,0.0002,0.1,E3_regime,pos,0.01,3.0,2.0,2000,False,7,0.15,20.0,2,E3_regime__relu__mu3-2_sd0.15__h2_eps1.00e-01_pos__s7__dt0.0002__859d6349ca,20.0,0.00017849975809292994,-1.1107506058062101e-07,0.49999999670799733,41,90,66,114,44,94,70,117,54,103,81,124,181,539,0.0,0.0008696113706589473,nan,20.0,0.4869551048658939,1.5854774547552475e-07,1.5854774547552475e-07,0.0,transient,0.0,0.0008709704773188012,nan,20.0,0.4869579396791276,1.584683517165297e-07,1.584683517165297e-07,0.0,transient,0.006087525895209611,0.006088275276123545,2.7,2.7,0.5,0.49391172472387646,0.5,0.006088275276123545,persistent,0.003008482656406908,0.0030094813812178156,2.5500000000000003,2.54,0.49999999999999994,0.49699051861878213,0.49999999999999994,0.0030094813812178156,persistent,8.939309911940281e-06,9.219068789872213e-06,1.8800000000000001,20.0,0.49668122265820985,4.951311701387501e-08,4.951311701387501e-08,0.0,other,5.685805363823832e-06,6.197781378962586e-06,2.58,20.0,0.4835015926073462,6.229669913362328e-07,6.229669913362328e-07,0.0,other,0.0,0.0,nan,0.0,0.5,0.5,0.5,0.0,monotone,0.0,0.0,nan,0.0,0.5,0.5,0.5,0.0,monotone
relu,0.0002,0.1,E3_regime,pos,0.01,3.0,2.0,2000,False,8,0.15,20.0,2,E3_regime__relu__mu3-2_sd0.15__h2_eps1.00e-01_pos__s8__dt0.0002__a474f768b9,20.0,0.00013940385028962988,-7.74792510058978e-08,0.49999999728688094,0,73,0,73,8,75,9,76,11,81,12,83,181,539,0.0,0.0,nan,20.0,0.4868873655002762,9.275120260968096e-08,9.275120260968096e-08,0.0,monotone,0.0,0.0,nan,20.0,0.48689145515245136,9.262196502236663e-08,9.262196502236663e-08,0.0,monotone,0.001920802121136711,0.0019214530918169048,2.18,2.17,0.5,0.4980785469081831,0.5,0.0019214530918169048,persistent,0.007111434682545104,0.007115203580227103,1.8,1.8,0.4999753165987462,0.49288479641977284,0.49999999999999994,0.007115203580227103,persistent,4.9098320001984454e-05,5.0463353429943855e-05,1.6500000000000001,20.0,0.49244881408048324,4.6201476530248294e-08,4.6201476530248294e-08,0.0,other,0.0,0.0,nan,20.0,0.4876770563232546,3.5882189788875025e-07,3.5882189788875025e-07,0.0,monotone,0.0004595566654020944,0.0004618853493902897,1.3900000000000001,1.3900000000000001,0.5,0.4995381146506097,0.5,0.0004618853493902897,persistent,0.0,0.0,nan,0.0,0.5,0.5,0.5,0.0,monotone
relu,0.0002,0.1,E3_regime,pos,0.01,3.0,2.0,2000,False,9,0.15,20.0,2,E3_regime__relu__mu3-2_sd0.15__h2_eps1.00e-01_pos__s9__dt0.0002__34509855f2,20.0,0.00016362239619254978,-1.1514429035710942e-07,0.4999999974292775,3,106,3,138,3,110,3,147,109,117,119,152,181,539,8.72745391753618e-06,9.559211867522408e-06,2.29,20.0,0.4852409181107939,1.9244349349176858e-07,1.9244349349176858e-07,0.0,other,8.742064573978453e-06,9.575503309763416e-06,2.29,20.0,0.48523775824271753,1.927133804856506e-07,1.927133804856506e-07,0.0,other,0.011325068239797675,0.011326651030151957,2.19,2.19,0.5,0.48867334896984804,0.5,0.011326651030151957,persistent,5.162537064506978e-15,0.0,10.24,0.0,0.49999999999999994,0.49999999999999994,0.49999999999999994,0.0,monotone,3.278896407721277e-07,3.339746165051881e-07,2.21,20.0,0.4915400986388179,2.674850020395248e-08,2.674850020395248e-08,0.0,other,0.00022166437143573088,0.0002285902635399725,2.42,20.0,0.48859694543990084,7.42734579025945e-07,7.42734579025945e-07,0.0,transient,0.0,0.0,nan,0.0,0.5,0.5,0.5,0.0,monotone,0.001397265314185936,0.0013988511763132205,1.98,1.98,0.5,0.4986011488236868,0.5,0.0013988511763132205,persistent
relu,0.0002,0.01,E3_regime,iso,0.01,3.0,2.0,2000,False,0,0.15,20.0,2,E3_regime__relu__mu3-2_sd0.15__h2_eps1.00e-02_iso__s0__dt0.0002__f476f36948,20.0,0.00256984993114305,-5.92077638628119e-06,0.4999999960946919,181,219,181,219,181,229,181,284,181,251,181,369,181,539,0.007692670802299517,0.007862079873318273,1.41,20.0,0.49990725102399874,3.1781815018986266e-05,3.1781815018986266e-05,0.0,transient,0.007701557370653117,0.00787123940843043,1.41,20.0,0.4999072057269798,3.186710106480245e-05,3.186710106480245e-05,0.0,transient,0.13030894236065005,0.1336989118934333,13.94,13.94,0.499900142253353,0.3031778802282563,0.4368767921216896,0.1336989118934333,persistent,5.162537064506978e-15,0.0,10.24,0.0,0.49999999999999994,0.49999999999999994,0.49999999999999994,0.0,monotone,0.003125851109930073,0.003127514538560562,3.79,20.0,0.4999559514502093,1.4017595605751177e-06,1.4017595605751177e-06,0.0,transient,0.0018164773080225904,0.0018409236033929965,1.08,17.35,0.49994251539517176,5.523186718874418e-05,0.00010958452908394472,5.435266189520054e-05,transient,0.0,0.0,nan,0.0,0.5,0.5,0.5,0.0,monotone,0.11935690729847631,0.11936731675926487,13.73,13.73,0.4999015426116949,0.3806326832407351,0.5,0.11936731675926487,persistent
relu,0.0002,0.01,E3_regime,iso,0.01,3.0,2.0,2000,False,1,0.15,20.0,2,E3_regime__relu__mu3-2_sd0.15__h2_eps1.00e-02_iso__s1__dt0.0002__f417fc6cfd,20.0,0.00016945981801211565,-1.1371523316662828e-07,0.49999997196531254,0,64,0,65,0,67,0,120,4,76,4,181,181,539,0.0,0.0,nan,20.0,0.49992415364085196,1.5607037026634966e-07,1.5607037026634966e-07,0.0,monotone,0.0,0.0,nan,20.0,0.4999241213229825,1.5590120711220778e-07,1.5590120711220778e-07,0.0,monotone,0.004625280670673915,0.004625897276350599,3.97,3.97,0.4999999831303699,0.4953741027236494,0.5,0.004625897276350599,persistent,0.004579793325898529,0.0045815614432374585,3.54,3.54,0.4999057213047151,0.4954184385567625,0.49999999999999994,0.0045815614432374585,persistent,1.8061687902233683e-05,1.834399292398467e-05,3.24,20.0,0.4999005556726689,5.602042283089443e-08,5.602042283089443e-08,0.0,other,0.0,0.0,nan,20.0,0.4999900709983451,6.03045710387319e-07,6.03045710387319e-07,0.0,monotone,0.0001316237438208634,0.0001318622569463912,2.02,2.02,0.4999093831184048,0.4998681377430536,0.5,0.0001318622569463912,persistent,0.0,0.0,nan,0.0,0.5,0.5,0.5,0.0,monotone
relu,0.0002,0.01,E3_regime,iso,0.01,3.0,2.0,2000,False,2,0.15,20.0,2,E3_regime__relu__mu3-2_sd0.15__h2_eps1.00e-02_iso__s2__dt0.0002__f2c4994c07,20.0,0.002422337849303289,-3.977274567912303e-06,0.4999999953911307,181,201,181,250,181,201,181,282,181,202,181,318,181,539,0.0009294607537759184,0.0009331217978844363,13.84,20.0,0.5,2.8929038385447785e-05,2.8929038385447785e-05,0.0,transient,0.0009340022505429345,0.000937705844068595,13.84,20.0,0.49999999999999994,2.9168195949731382e-05,2.9168195949731382e-05,0.0,transient,0.1232745608219416,0.12643210418441386,13.94,13.93,0.49980469253772786,0.3112410180912708,0.43767312227568467,0.12643210418441386,persistent,5.162537064506978e-15,0.0,10.24,0.0,0.49999999999999994,0.49999999999999994,0.49999999999999994,0.0,monotone,0.003537335196631504,0.0035401245032025343,1.92,20.0,0.4999904700904062,1.2371491474872996e-06,1.2371491474872996e-06,0.0,transient,0.00029991852178764845,0.0003132461800102714,17.42,17.42,0.5,4.087141784827292e-05,9.874417572192692e-05,5.7872757873654e-05,persistent,0.0,0.0,nan,0.0,0.5,0.5,0.5,0.0,monotone,0.11342194870086464,0.11343165865036031,13.73,13.73,0.49980954938220445,0.3865683413496397,0.5,0.11343165865036031,persistent
relu,0.0002,0.01,E3_regime,iso,0.01,3.0,2.0,2000,False,3,0.15,20.0,2,E3_regime__relu__mu3-2_sd0.15__h2_eps1.00e-02_iso__s3__dt0.0002__b4a82fc0fa,20.0,1.0136020213773245,-1.9984014443252818e-15,0.49992468412352054,0,191,0,191,1,235,1,279,2,245,2,332,181,539,0.0,0.0,nan,20.0,0.5,0.1460149297716432,0.1460149297716432,0.0,monotone,0.0,0.0,nan,20.0,0.5,0.14570876631319382,0.14570876631319382,0.0,monotone,0.00088136292134261,0.0008981997216257476,6.82,6.8100000000000005,0.49988388646448206,0.49662202318615684,0.4975202229077826,0.0008981997216257476,persistent,2.842170943040401e-14,1.6989195494865328e-08,5.01,0.0,0.4999326129181118,0.4999326129181118,0.4999326299073073,1.6989195494865328e-08,other,6.33916348275224e-05,6.395489771111511e-05,7.36,7.3500000000000005,0.5,8.211112205377053e-05,0.00014606601976488564,6.395489771111511e-05,other,0.0,0.0,nan,20.0,0.5,0.4998539339803042,0.4998539339803042,0.0,monotone,0.0,6.84758747926395e-07,nan,0.0,0.4999255894727916,0.4999255894727916,0.4999262742315395,6.84758747926395e-07,other,0.00011339196056908696,0.00011398342118634774,6.0600000000000005,6.07,0.4998744239128926,0.4998701296228198,0.49997373076846047,0.00010360114564067491,persistent
relu,0.0002,0.01,E3_regime,iso,0.01,3.0,2.0,2000,False,4,0.15,20.0,2,E3_regime__relu__mu3-2_sd0.15__h2_eps1.00e-02_iso__s4__dt0.0002__02477fda25,20.0,0.00019040290168383057,-1.226613840060167e-07,0.49999996601912855,0,62,0,62,0,65,0,113,4,73,4,174,181,539,0.0,0.0,nan,20.0,0.49992441985091407,1.5484399921523655e-07,1.5484399921523655e-07,0.0,monotone,0.0,0.0,nan,20.0,0.499924514423294,1.5530627610518283e-07,1.5530627610518283e-07,0.0,monotone,0.004649900982483024,0.0046504352542313665,3.94,3.93,0.499999974103942,0.49534956474576863,0.5,0.0046504352542313665,persistent,0.004494690910196275,0.0044964580140979815,3.46,3.45,0.49990807088007005,0.49550354198590196,0.49999999999999994,0.0044964580140979815,persistent,1.7279634931810506e-05,1.7573178247455847e-05,3.19,20.0,0.4999005106811518,7.009020515793677e-08,7.009020515793677e-08,0.0,other,0.0,0.0,nan,20.0,0.4999872304113205,5.939027312558681e-07,5.939027312558681e-07,0.0,monotone,0.000116782804902682,0.00011697608369215517,1.8800000000000001,1.8800000000000001,0.49991226868105043,0.49988302391630784,0.5,0.00011697608369215517,persistent,0.0,0.0,nan,0.0,0.5,0.5,0.5,0.0,monotone
relu,0.0002,0.01,E3_regime,iso,0.01,3.0,2.0,2000,False,5,0.15,20.0,2,E3_regime__relu__mu3-2_sd0.15__h2_eps1.00e-02_iso__s5__dt0.0002__9e4275ebb3,20.0,7.696285997036518e-05,-6.839055507359255e-08,0.4999999931525805,181,188,181,188,181,189,181,189,181,191,181,197,181,539,0.0008256331758838604,0.000878514801322381,3.72,20.0,0.4999893069871829,7.059664076379568e-08,7.059664076379568e-08,0.0,transient,0.0008252474524784827,0.0008782038416105234,3.72,20.0,0.49998928719902475,7.058295229455935e-08,7.058295229455935e-08,0.0,transient,0.0,0.0,nan,0.0,0.5,0.5,0.5,0.0,monotone,0.04251293918158888,0.04253160202828121,4.3500000000000005,4.3500000000000005,0.49996604508465675,0.45746839797171873,0.49999999999999994,0.04253160202828121,persistent,0.0001049040658487725,0.00011955000565564524,5.1000000000000005,20.0,0.5,8.436151050867457e-08,8.436151050867457e-08,0.0,transient,0.0694431358070915,0.0713719069376672,2.6,20.0,0.49982417126726936,8.257085550968937e-09,8.257085550968937e-09,0.0,transient,0.019134589547979364,0.01915019094491599,4.24,4.24,0.49997584872932366,0.480849809055084,0.5,0.01915019094491599,persistent,0.0,0.0,nan,0.0,0.5,0.5,0.5,0.0,monotone
relu,0.0002,0.01,E3_regime,iso,0.01,3.0,2.0,2000,False,6,0.15,20.0,2,E3_regime__relu__mu3-2_sd0.15__h2_eps1.00e-02_iso__s6__dt0.0002__c0387523c0,20.0,0.0005864293215982259,-8.937534149252484e-07,0.4999999985202891,181,198,181,198,181,200,181,206,181,203,181,262,181,539,0.0017836215099255137,0.0017901626493148262,7.45,20.0,0.4999116471689926,2.13621731013661e-06,2.13621731013661e-06,0.0,transient,0.0017777559843946992,0.001784266012511748,7.45,20.0,0.4999115660245339,2.1281351173624935e-06,2.1281351173624935e-06,0.0,transient,0.14320387098461074,0.14412959566306727,7.67,7.67,0.4999228854640463,0.3506043177430279,0.4947339134060952,0.14412959566306727,persistent,5.162537064506978e-15,0.0,10.24,0.0,0.49999999999999994,0.49999999999999994,0.49999999999999994,0.0,monotone,0.003373199547534062,0.003376886802137148,1.68,20.0,0.4998750607550668,1.2979360977059602e-07,1.2979360977059602e-07,0.0,transient,0.0003431914741234075,0.00035497963483998815,10.9,20.0,0.4999943595512541,7.196428584371254e-06,7.196428584371254e-06,0.0,transient,0.0,0.0,nan,0.0,0.5,0.5,0.5,0.0,monotone,0.0881798686615618,0.08818845988599888,7.51,7.5,0.49993059151689656,0.4118115401140011,0.5,0.08818845988599888,persistent
relu,0.0002,0.01,E3_regime,iso,0.01,3.0,2.0,2000,False,7,0.15,20.0,2,E3_regime__relu__mu3-2_sd0.15__h2_eps1.00e-02_iso__s7__dt0.0002__203207df2c,20.0,0.00017657520630911134,-1.0894637631137568e-07,0.4999999984527689,0,63,27,63,14,66,40,79,27,72,53,140,181,539,0.0,0.0,nan,20.0,0.4999038740641428,1.4257602468125814e-07,1.4257602468125814e-07,0.0,monotone,0.0,0.0,nan,20.0,0.4999038805393883,1.425090720606807e-07,1.425090720606807e-07,0.0,monotone,0.0037026150646345957,0.0037033436212284276,3.5,3.5,0.5,0.4962966563787716,0.5,0.0037033436212284276,persistent,0.005358703135362408,0.005360990236772112,3.18,3.18,0.4999296715183382,0.49463900976322783,0.49999999999999994,0.005360990236772112,persistent,2.190736568249721e-05,2.2300129311864707e-05,2.93,20.0,0.4999500624804232,5.956467726155524e-08,5.956467726155524e-08,0.0,other,0.0,0.0,nan,20.0,0.4999137205223038,5.543363674156428e-07,5.543363674156428e-07,0.0,monotone,0.0001179214893147762,0.00011817977191175277,1.83,1.83,0.49993622640738117,0.49988182022808825,0.5,0.00011817977191175277,persistent,0.0,0.0,nan,0.0,0.5,0.5,0.5,0.0,monotone
relu,0.0002,0.01,E3_regime,iso,0.01,3.0,2.0,2000,False,8,0.15,20.0,2,E3_regime__relu__mu3-2_sd0.15__h2_eps1.00e-02_iso__s8__dt0.0002__1be7386634,20.0,0.00018289532977372607,-1.2381159676156956e-07,0.4999999926944798,0,201,0,201,0,210,0,342,4,214,4,387,181,539,0.0,0.0,nan,20.0,0.5,1.7258012533177392e-07,1.7258012533177392e-07,0.0,monotone,0.0,0.0,nan,20.0,0.5,1.723208484706555e-07,1.723208484706555e-07,0.0,monotone,0.0047637273665527835,0.004764295216355741,4.68,4.68,0.4999149090557861,0.49523570478364426,0.5,0.004764295216355741,persistent,0.00446799724142527,0.004469718247265886,4.2,4.2,0.4999000152583564,0.49553028175273406,0.49999999999999994,0.004469718247265886,persistent,2.6872312457338794e-05,2.7538871285711053e-05,1.85,20.0,0.4999783788720604,6.092164902140657e-08,6.092164902140657e-08,0.0,other,0.0,0.0,nan,20.0,0.4999993623205479,6.65217282610982e-07,6.65217282610982e-07,0.0,monotone,0.00014235058981942883,0.00014254668429586337,2.65,2.66,0.49990064267945206,0.49985745331570414,0.5,0.00014254668429586337,persistent,8.158447921513545e-05,8.240747657967118e-05,0.29,0.3,0.49992162612793956,0.49992136587588426,0.5,7.863412411573956e-05,other
relu,0.0002,0.01,E3_regime,iso,0.01,3.0,2.0,2000,False,9,0.15,20.0,2,E3_regime__relu__mu3-2_sd0.15__h2_eps1.00e-02_iso__s9__dt0.0002__2f60b8e3d1,20.0,0.00016739417325635554,-1.1694587735556323e-07,0.49999996101177047,0,117,0,144,0,131,0,218,3,151,4,355,181,539,0.0,0.0,nan,20.0,0.5,1.690656561036232e-07,1.690656561036232e-07,0.0,monotone,0.0,0.0,nan,20.0,0.4999999999999999,1.6928943495132434e-07,1.6928943495132434e-07,0.0,monotone,0.005414228535582544,0.005414949714752704,3.58,3.58,0.4999020659903133,0.4945850502852473,0.5,0.005414949714752704,persistent,0.003941324996989459,0.003942806586091474,3.16,3.15,0.4999460106492668,0.49605719341390847,0.49999999999999994,0.003942806586091474,persistent,1.5816935036706457e-05,1.605449108976459e-05,2.81,20.0,0.4999947437133094,4.749685695965743e-08,4.749685695965743e-08,0.0,other,0.0,0.0,nan,20.0,0.4999470194088231,6.609014328573574e-07,6.609014328573574e-07,0.0,monotone,4.910372288824405e-05,4.911582849081997e-05,1.26,1.27,0.499952985591177,0.4999508841715092,0.5,4.911582849081997e-05,other,0.00010371568671663223,0.00010436849280470728,0.7000000000000001,0.71,0.49990526128669066,0.49990367033241156,0.5,9.632966758843509e-05,persistent
relu,0.0002,0.01,E3_regime,pos,0.01,3.0,2.0,2000,False,0,0.15,20.0,2,E3_regime__relu__mu3-2_sd0.15__h2_eps1.00e-02_pos__s0__dt0.0002__f981333d5d,20.0,0.0002515370695359035,-2.4216721269509477e-07,0.4999999928935086,172,212,172,214,180,226,180,228,181,256,181,267,181,539,0.001264595511526326,0.0012736564107141606,3.83,20.0,0.4998187640723126,5.63167719517615e-07,5.63167719517615e-07,0.0,transient,0.001267911517819636,0.0012770030548566514,3.83,20.0,0.4998187281521058,5.645770718658448e-07,5.645770718658448e-07,0.0,transient,0.06650614116990605,0.06651206258962711,4.08,4.07,0.5,0.4334879374103729,0.5,0.06651206258962711,persistent,5.162537064506978e-15,0.0,10.24,0.0,0.49999999999999994,0.49999999999999994,0.49999999999999994,0.0,monotone,0.0010992330586467667,0.0011069435045573247,1.69,20.0,0.4998877751861399,7.56777651260604e-09,7.56777651260604e-09,0.0,transient,0.0002589170249481495,0.00026641930116283203,6.28,6.28,0.4999122418402465,6.904077373085943e-07,1.7285550739755848e-06,1.0381473366669906e-06,transient,0.0,0.0,nan,0.0,0.5,0.5,0.5,0.0,monotone,0.033640937278174854,0.033646486391460784,3.98,3.98,0.5,0.4663535136085392,0.5,0.033646486391460784,persistent
relu,0.0002,0.01,E3_regime,pos,0.01,3.0,2.0,2000,False,1,0.15,20.0,2,E3_regime__relu__mu3-2_sd0.15__h2_eps1.00e-02_pos__s1__dt0.0002__16c0029689,20.0,0.00017889181780255447,-1.2501746629909423e-07,0.4999999963814561,0,91,0,96,1,110,1,117,2,139,10,149,181,539,0.0,0.0,nan,20.0,0.4998664480880806,1.9713175346920956e-07,1.9713175346920956e-07,0.0,monotone,0.0,0.0,nan,20.0,0.4998665005928178,1.9690205196184628e-07,1.9690205196184628e-07,0.0,monotone,0.008607261049250636,0.008608182438886669,3.5,3.5,0.5,0.49139181756111333,0.5,0.008608182438886669,persistent,0.0014458881801793222,0.0014465238616265808,3.5500000000000003,3.5500000000000003,0.49999999999999994,0.49855347613837336,0.49999999999999994,0.0014465238616265808,persistent,2.139625181030169e-06,2.182165829012864e-06,3.06,3.0500000000000003,0.4999512551222015,5.831651781926538e-09,4.300557614524204e-08,3.71739243633155e-08,other,6.714472370364629e-05,7.702111765733034e-05,3.49,20.0,0.499848760835649,7.62921693523521e-07,7.62921693523521e-07,0.0,other,0.0,0.0,nan,0.0,0.5,0.5,0.5,0.0,monotone,0.0005312857813092875,0.0005323335772914883,2.99,2.99,0.5,0.4994676664227085,0.5,0.0005323335772914883,persistent
relu,0.0002,0.01,E3_regime,pos,0.01,3.0,2.0,2000,False,2,0.15,20.0,2,E3_regime__relu__mu3-2_sd0.15__h2_eps1.00e-02_pos__s2__dt0.0002__558467791d,20.0,0.0004271640443124294,-5.350300899097517e-07,0.49999999992713723,181,201,181,201,181,205,181,205,181,217,181,219,181,539,0.0037495552248727193,0.003841342955332089,1.31,20.0,0.4998045346278933,1.2573637388152821e-06,1.2573637388152821e-06,0.0,transient,0.0037631525111311015,0.003855353693824032,1.31,20.0,0.49980469405014216,1.2670551061546842e-06,1.2670551061546842e-06,0.0,transient,0.09934522069718549,0.09992182250047249,6.68,6.68,0.5,0.3950657778384765,0.494987600338949,0.09992182250047249,persistent,5.162537064506978e-15,0.0,10.24,0.0,0.49999999999999994,0.49999999999999994,0.49999999999999994,0.0,monotone,0.0027897419725781765,0.002796286760402469,2.69,20.0,0.4998363933503294,3.977850942000356e-08,3.977850942000356e-08,0.0,transient,0.0006807786631894408,0.0006923386697029743,0.96,10.02,0.49996362661614996,1.6758576261216334e-06,3.8730205664985325e-06,2.197162940376899e-06,transient,0.0,0.0,nan,0.0,0.5,0.5,0.5,0.0,monotone,0.05886855585462897,0.058875619067263685,6.5600000000000005,6.5600000000000005,0.5,0.4411243809327363,0.5,0.058875619067263685,persistent
relu,0.0002,0.01,E3_regime,pos,0.01,3.0,2.0,2000,False,3,0.15,20.0,2,E3_regime__relu__mu3-2_sd0.15__h2_eps1.00e-02_pos__s3__dt0.0002__03d8d3de8b,20.0,0.0004071368890751914,-4.946213698512692e-07,0.49999999806118134,179,197,179,197,181,199,181,199,181,206,181,206,181,539,0.001937868096565477,0.0019475569165400086,5.8,20.0,0.4998238034214411,1.1594695107099752e-06,1.1594695107099752e-06,0.0,transient,0.0019340819889518714,0.001943744783405624,5.8,20.0,0.499823722246178,1.1572532789299817e-06,1.1572532789299817e-06,0.0,transient,0.10301422663788301,0.10302204871151205,6.0600000000000005,6.0600000000000005,0.5,0.39697795128848795,0.5,0.10302204871151205,persistent,5.162537064506978e-15,0.0,10.24,0.0,0.49999999999999994,0.49999999999999994,0.49999999999999994,0.0,monotone,0.002578461095284529,0.0025845885434401116,1.99,20.0,0.4998150278020942,3.581831484688147e-08,3.581831484688147e-08,0.0,transient,0.0003303992910523654,0.00033990308447998796,8.540000000000001,8.540000000000001,0.49998499164462695,3.0123968514606575e-06,3.5681573222016717e-06,5.557604707410143e-07,transient,0.0,0.0,nan,0.0,0.5,0.5,0.5,0.0,monotone,0.057876343207619196,0.05788343492393683,5.95,5.95,0.5,0.4421165650760632,0.5,0.05788343492393683,persistent
relu,0.0002,0.01,E3_regime,pos,0.01,3.0,2.0,2000,False,4,0.15,20.0,2,E3_regime__relu__mu3-2_sd0.15__h2_eps1.00e-02_pos__s4__dt0.0002__c37a9e174e,20.0,0.00019932239165274129,-1.3673496559069324e-07,0.4999999966601185,2,95,2,101,2,113,2,120,3,145,13,156,181,539,0.0,0.0,nan,20.0,0.49986528225783555,2.0859657266721135e-07,2.0859657266721135e-07,0.0,monotone,0.0,0.0,nan,20.0,0.4998651290080658,2.0930089432958893e-07,2.0930089432958893e-07,0.0,monotone,0.009963380855080806,0.009964486415323659,3.42,3.42,0.5,0.49003551358467634,0.5,0.009964486415323659,persistent,0.0006553218013994888,0.00065588635330871,3.5100000000000002,3.5100000000000002,0.49999999999999994,0.49934411364669123,0.49999999999999994,0.00065588635330871,persistent,1.0010855511020302e-06,1.020350912104651e-06,3.17,3.16,0.4999509839365581,7.859907104301939e-09,5.0371910471331563e-08,4.251200336702962e-08,other,0.00015052354953581926,0.00015698498045932613,3.54,20.0,0.49984903212764403,8.122365780628936e-07,8.122365780628936e-07,0.0,transient,0.0,0.0,nan,0.0,0.5,0.5,0.5,0.0,monotone,0.0010415191134659496,0.001042681843732407,3.0500000000000003,3.0500000000000003,0.5,0.4989573181562676,0.5,0.001042681843732407,persistent
relu,0.0002,0.01,E3_regime,pos,0.01,3.0,2.0,2000,False,5,0.15,20.0,2,E3_regime__relu__mu3-2_sd0.15__h2_eps1.00e-02_pos__s5__dt0.0002__03c5c9a8d3,20.0,0.00044068206938452646,-6.216320632670882e-07,0.49999999784381277,181,268,181,268,181,284,181,284,181,300,181,314,181,539,0.028283626775649134,0.028775945709708428,1.44,20.0,0.49987885393080644,1.5051083155797898e-06,1.5051083155797898e-06,0.0,transient,0.028293034503852385,0.028785612391811655,1.44,20.0,0.4998788109319711,1.5060525285418978e-06,1.5060525285418978e-06,0.0,transient,0.10243264181495576,0.10306233206549625,7.140000000000001,7.140000000000001,0.5,0.3948255012754386,0.49788783334093484,0.10306233206549625,persistent,5.162537064506978e-15,0.0,10.24,0.0,0.49999999999999994,0.49999999999999994,0.49999999999999994,0.0,monotone,0.002620367474689028,0.002626838162043186,3.54,20.0,0.4999820808950859,4.5824609875712106e-08,4.5824609875712106e-08,0.0,transient,0.010355776167067177,0.010474814075590144,1.1500000000000001,9.8,0.49981793910470124,2.7061258355009667e-06,4.658705406129118e-06,1.952579570628151e-06,transient,0.0,0.0,nan,0.0,0.5,0.5,0.5,0.0,monotone,0.059017991851414375,0.0590253230298175,7.0200000000000005,7.0200000000000005,0.5,0.4409746769701825,0.5,0.0590253230298175,persistent
relu,0.0002,0.01,E3_regime,pos,0.01,3.0,2.0,2000,False,6,0.15,20.0,2,E3_regime__relu__mu3-2_sd0.15__h2_eps1.00e-02_pos__s6__dt0.0002__1c264af111,20.0,0.000296436414109316,-3.3359547360020973e-07,0.4999999979306238,181,213,181,213,181,222,181,223,181,238,181,254,181,539,0.002834343603174194,0.0030030307426482106,1.31,20.0,0.49980673445229873,8.004166482576232e-07,8.004166482576232e-07,0.0,transient,0.0028289980650445523,0.002997525570974241,1.31,20.0,0.4998067847698284,7.975230475528589e-07,7.975230475528589e-07,0.0,transient,0.08559970575271852,0.08560631409277542,4.8500000000000005,4.8500000000000005,0.5,0.4143936859072246,0.5,0.08560631409277542,persistent,5.162537064506978e-15,0.0,10.24,0.0,0.49999999999999994,0.49999999999999994,0.49999999999999994,0.0,monotone,0.0018794480078438173,0.0018864579132614446,1.9000000000000001,20.0,0.4998823556162441,1.6951130668466122e-08,1.6951130668466122e-08,0.0,transient,0.0004039839012699997,0.0005160800128434784,0.99,7.26,0.49991766347546635,1.4189251811185783e-06,2.465154308695866e-06,1.0462291275772876e-06,transient,0.0,0.0,nan,0.0,0.5,0.5,0.5,0.0,monotone,0.04588959664255299,0.04589579552154194,4.74,4.74,0.5,0.45410420447845806,0.5,0.04589579552154194,persistent
relu,0.0002,0.01,E3_regime,pos,0.01,3.0,2.0,2000,False,7,0.15,20.0,2,E3_regime__relu__mu3-2_sd0.15__h2_eps1.00e-02_pos__s7__dt0.0002__403bcbf64c,20.0,0.00018138331492993006,-1.5352175794527642e-07,0.49999999974123266,151,215,169,221,170,234,171,242,174,274,176,276,181,539,0.0002027275830365418,0.000357801392348589,3.38,20.0,0.4998683324828178,3.453650949277518e-07,3.453650949277518e-07,0.0,transient,0.00020262393714693357,0.00035799983754522535,3.38,20.0,0.49986836111443145,3.4518965750122884e-07,3.4518965750122884e-07,0.0,transient,0.025502396239400815,0.025505935738606322,3.43,3.43,0.5,0.4744940642613937,0.5,0.025505935738606322,persistent,5.162537064506978e-15,0.0,10.24,0.0,0.49999999999999994,0.49999999999999994,0.49999999999999994,0.0,monotone,2.231088687536116e-08,2.257719651346981e-08,4.2700000000000005,20.0,0.4999665662725201,1.2244035639442364e-09,1.2244035639442364e-09,0.0,other,0.00027961539380137105,0.0002870661986538286,4.26,4.25,0.4998334520090065,8.073537641031606e-08,1.1393016579148987e-06,1.0585662815045827e-06,transient,0.0,0.0,nan,0.0,0.5,0.5,0.5,0.0,monotone,0.008348490044991996,0.008351583287334874,3.33,3.3200000000000003,0.5,0.4916484167126651,0.5,0.008351583287334874,persistent
relu,0.0002,0.01,E3_regime,pos,0.01,3.0,2.0,2000,False,8,0.15,20.0,2,E3_regime__relu__mu3-2_sd0.15__h2_eps1.00e-02_pos__s8__dt0.0002__671dc20f00,20.0,0.00017380889960249586,-1.1238412334134504e-07,0.49999999913085597,0,62,0,63,0,64,0,64,4,86,4,89,181,539,0.0,0.0,nan,20.0,0.49986793303953414,1.597859933005562e-07,1.597859933005562e-07,0.0,monotone,0.0,0.0,nan,20.0,0.49986797434502106,1.5953967627871272e-07,1.5953967627871272e-07,0.0,monotone,0.005596496736473,0.005597113619302818,3.56,3.56,0.5,0.4944028863806972,0.5,0.005597113619302818,persistent,0.003602350680448674,0.003603626870436083,3.19,3.19,0.49999975193801927,0.49639637312956386,0.49999999999999994,0.003603626870436083,persistent,1.2334818094927869e-05,1.256816322820118e-05,2.77,2.7600000000000002,0.49992410367019413,3.6668087937750407e-08,5.063563011417018e-08,1.3967542176419773e-08,other,0.0,0.0,nan,20.0,0.4998759089168462,6.208766134595962e-07,6.208766134595962e-07,0.0,monotone,0.0,0.0,nan,0.0,0.5,0.5,0.5,0.0,monotone,0.0,0.0,nan,0.0,0.5,0.5,0.5,0.0,monotone
relu,0.0002,0.01,E3_regime,pos,0.01,3.0,2.0,2000,False,9,0.15,20.0,2,E3_regime__relu__mu3-2_sd0.15__h2_eps1.00e-02_pos__s9__dt0.0002__df751ada12,20.0,0.0001684443464893599,-1.4040004785430835e-07,0.4999999983206064,110,202,111,206,132,224,132,227,162,260,162,262,181,539,9.146433111404596e-05,9.380193493739908e-05,3.31,20.0,0.49985124805252545,3.0190456052662436e-07,3.0190456052662436e-07,0.0,other,9.158795595515752e-05,9.392833468124337e-05,3.31,20.0,0.49985121613785777,3.02313082145814e-07,3.02313082145814e-07,0.0,other,0.020089115794284185,0.020092081136265927,3.2800000000000002,3.2800000000000002,0.5,0.4799079188637341,0.5,0.020092081136265927,persistent,5.162537064506978e-15,0.0,10.24,0.0,0.49999999999999994,0.49999999999999994,0.49999999999999994,0.0,monotone,2.957558367907867e-08,2.995547542004456e-08,3.93,20.0,0.49991486977585853,1.9200564100168104e-09,1.9200564100168104e-09,0.0,other,0.0002897602952368123,0.0002972083286291924,3.9,3.9,0.4998851439285494,6.877040346183114e-07,1.0243266021239205e-06,3.366225675056091e-07,transient,0.0,0.0,nan,0.0,0.5,0.5,0.5,0.0,monotone,0.005600881538095404,0.005603450195352688,3.16,3.16,0.5,0.4943965498046473,0.5,0.005603450195352688,persistent
relu,0.0002,0.025,E3_regime,iso,0.01,3.0,2.0,2000,False,0,0.15,20.0,32,E3_regime__relu__mu3-2_sd0.15__h32_eps2.50e-02_iso__s0__dt0.0002__65635420b1,20.0,0.000223867190178659,-1.7840582671122267e-07,0.4982155370335022,89,213,89,376,102,216,103,378,154,224,156,384,181,539,6.120865563084202e-06,6.300192819225756e-06,12.93,12.94,0.4938087878842536,2.1252970877064012e-05,2.7553163696289768e-05,6.300192819225756e-06,other,6.087361252970037e-06,6.2664744788106326e-06,12.950000000000001,12.950000000000001,0.4938063216226227,2.1213593853963842e-05,2.7480068332774475e-05,6.2664744788106326e-06,other,0.028803730108868608,0.02895718840138556,2.63,2.63,0.4972168387552288,0.45991143696662545,0.488868625368011,0.02895718840138556,persistent,0.010202319828364781,0.010207277997758779,2.43,2.43,0.4935499694753101,0.4766901445187859,0.4867461558730376,0.010056011354251715,persistent,2.0410809469563095e-05,2.091573695815113e-05,2.21,2.2,0.4957866574954818,7.189411741206222e-09,4.783778141409824e-08,4.064836967289202e-08,other,3.361367361133138e-05,3.3775352496221225e-05,3.14,3.14,0.493402770179406,4.858651335846039e-08,7.0252946759520444e-06,6.976708162593584e-06,other,0.002128217143346045,0.0021344074061332985,2.14,2.14,0.49362043459994787,0.48924824865278504,0.49003962020819697,0.0007913715554119238,persistent,0.014574843122239445,0.014577881676689164,2.43,2.43,0.4972472288216585,0.4813905923580576,0.49589530156412587,0.014504709206068278,persistent
relu,0.0002,0.025,E3_regime,iso,0.01,3.0,2.0,2000,False,1,0.15,20.0,32,E3_regime__relu__mu3-2_sd0.15__h32_eps2.50e-02_iso__s1__dt0.0002__0264443b2b,20.0,0.00019458693384363993,-1.1434281673222886e-07,0.49730693716264796,0,79,0,251,0,82,0,253,5,91,6,257,181,539,0.0,0.0,nan,20.0,0.49566168977179037,3.940884554899871e-05,3.940884554899871e-05,0.0,monotone,0.0,0.0,nan,20.0,0.49566074567991375,3.943306311153336e-05,3.943306311153336e-05,0.0,monotone,0.008003646568053802,0.008033032540483875,3.15,3.15,0.49390449103193723,0.47972747912715247,0.48776051166763634,0.008033032540483875,persistent,0.003062010343972521,0.0030641970869872415,2.36,2.36,0.4952534821355868,0.4880056830301605,0.4905821548122039,0.002576471782043399,persistent,1.566234130511258e-05,1.5887356228651858e-05,1.96,20.0,0.494130469969403,4.489189017516706e-08,4.489189017516706e-08,0.0,other,4.778811045789347e-06,5.0103964502485465e-06,2.9,20.0,0.496736582282779,1.1584327726019963e-06,1.1584327726019963e-06,0.0,other,1.9143887178829644e-05,2.8561500467261247e-05,2.42,20.0,0.4952024005342721,0.49311460674654656,0.49311460674654656,0.0,other,0.0017571269945051426,0.0017589135712354764,2.69,2.69,0.49398416262306744,0.4904580490591363,0.4919202403835677,0.0014621913244313722,persistent
relu,0.0002,0.025,E3_regime,iso,0.01,3.0,2.0,2000,False,2,0.15,20.0,32,E3_regime__relu__mu3-2_sd0.15__h32_eps2.50e-02_iso__s2__dt0.0002__bd94b9059b,20.0,0.00024432999605352926,-1.752530540794178e-07,0.49673702654399676,99,194,99,357,113,199,113,360,130,205,130,365,181,539,2.159234954293959e-05,2.2495995104576574e-05,2.47,20.0,0.4947535386338858,1.1529775717175642e-05,1.1529775717175642e-05,0.0,other,2.263326581312822e-05,2.3568560610004398e-05,2.47,20.0,0.4947510579579951,1.1566506521471987e-05,1.1566506521471987e-05,0.0,other,0.027054188103575516,0.02710385132630888,2.6,2.6,0.49404007904622294,0.45806988959003875,0.48517374091634763,0.02710385132630888,persistent,0.010137571363449116,0.010158519697299417,2.5500000000000003,2.5500000000000003,0.4959525963564255,0.4807314849897559,0.4908900046870553,0.010158519697299417,persistent,1.3009707365861024e-05,1.3425785995245797e-05,2.24,2.23,0.49526590009351434,7.290082951292749e-08,2.7786927937583616e-07,2.0496844986290867e-07,other,3.231838626760464e-05,3.2529515429746925e-05,3.33,3.33,0.4949400835118645,1.862216718478545e-07,1.1071794830423127e-06,9.209578111944581e-07,other,0.001974006767629155,0.001978411397748403,2.21,2.21,0.49585930898336944,0.4922576335720469,0.4939333396176764,0.0016757060456294992,persistent,0.011625955085935114,0.011638673295365332,2.43,2.43,0.4939861169550724,0.47924891198174663,0.49088758527711196,0.011638673295365332,persistent
relu,0.0002,0.025,E3_regime,iso,0.01,3.0,2.0,2000,False,3,0.15,20.0,32,E3_regime__relu__mu3-2_sd0.15__h32_eps2.50e-02_iso__s3__dt0.0002__0450049515,20.0,0.00023055675897629108,-1.5089611192864254e-07,0.4970949492053478,71,150,72,314,90,152,90,318,112,165,112,326,181,539,0.0,0.0,nan,20.0,0.4945990291648605,1.5863801365669905e-05,1.5863801365669905e-05,0.0,monotone,0.0,0.0,nan,20.0,0.49459900442460614,1.5868086668643e-05,1.5868086668643e-05,0.0,monotone,0.019901068557923007,0.01994634436373577,2.52,2.52,0.494960412371983,0.4678566925016709,0.48780303686540666,0.01994634436373577,persistent,0.005187318946424713,0.005192332848059811,2.43,2.43,0.4953809169849136,0.4847528930864472,0.48967712561688853,0.00492423253044133,persistent,2.0814036311701432e-05,2.1199415315066312e-05,2.04,2.0300000000000002,0.4944978123545717,4.083376933147551e-09,1.1499119130465825e-07,1.1090781437151069e-07,other,5.407967117838035e-05,5.44819062784726e-05,2.85,2.85,0.49525626035967274,1.585450709511864e-06,4.206978178865071e-06,2.6215274693532075e-06,other,0.00015553734571033262,0.00016203173594947495,2.13,17.51,0.49526817508296744,0.49267316667065464,0.4926874220538714,1.425538321675468e-05,transient,0.007681072439335801,0.007684101222387718,2.36,2.35,0.49502868031088554,0.48539585501136157,0.49302157962762455,0.0076257246162629855,persistent
relu,0.0002,0.025,E3_regime,iso,0.01,3.0,2.0,2000,False,4,0.15,20.0,32,E3_regime__relu__mu3-2_sd0.15__h32_eps2.50e-02_iso__s4__dt0.0002__8192a71414,20.0,0.0003214616361837169,-1.5942597032792254e-07,0.4977828818227863,34,142,35,306,48,146,50,310,119,151,123,314,181,539,1.4785759124694408e-05,1.5308107411181034e-05,12.57,12.59,0.49385320198590177,0.0001273898711997992,0.00014269797861098023,1.5308107411181034e-05,other,1.4750801969140326e-05,1.5272300387018006e-05,12.59,12.59,0.49385585981365354,0.0001270723229751055,0.0001423446233621235,1.5272300387018006e-05,other,0.019222552874158416,0.01927741396375704,2.57,2.57,0.4966996996693641,0.46910001896586867,0.4883774329296257,0.01927741396375704,persistent,0.0049737346003927985,0.004976325673201665,2.57,2.57,0.4940469620457174,0.47848208967963707,0.4833690907021885,0.004887001022551407,persistent,7.767394325629663e-06,8.106507988367244e-06,2.17,2.16,0.49317022932678933,4.54395527625029e-09,5.056873794266039e-08,4.60247826664101e-08,other,4.9774298138319494e-05,5.0139861265324727e-05,2.93,2.92,0.4959986140042661,5.085039659751572e-07,2.023155439082216e-06,1.514651473107059e-06,other,0.0001528673154573834,0.0001606240078075305,3.18,20.0,0.4941559620416255,0.4886728053652856,0.4886728053652856,0.0,transient,0.0073164945757456246,0.007340359909359828,2.36,2.35,0.49672976284061876,0.48716965188590006,0.4945100117952599,0.007340359909359828,persistent
relu,0.0002,0.025,E3_regime,iso,0.01,3.0,2.0,2000,False,5,0.15,20.0,32,E3_regime__relu__mu3-2_sd0.15__h32_eps2.50e-02_iso__s5__dt0.0002__1c20019d2d,20.0,0.00022807378084747294,-1.958907188136824e-07,0.49746378301642835,33,164,34,328,50,168,51,331,66,180,68,336,181,539,0.0,0.0,nan,20.0,0.4962497588830639,4.085388319205016e-06,4.085388319205016e-06,0.0,monotone,0.0,0.0,nan,20.0,0.496249845529417,4.083281250395647e-06,4.083281250395647e-06,0.0,monotone,0.021277206554029482,0.021330428664100065,2.5,2.5,0.4963459955674907,0.4712955803573413,0.4926260090214414,0.021330428664100065,persistent,0.01151522716253467,0.01155549566081221,2.39,2.38,0.4925612246816345,0.4779700558585615,0.4895255515193737,0.01155549566081221,persistent,6.808456774042393e-06,7.148564744640748e-06,2.19,2.19,0.4959889759194696,1.3901720789093804e-08,1.067429751725869e-06,1.0535280309367752e-06,other,4.4113085458909815e-05,4.4935515456268715e-05,2.74,2.74,0.4949713463630291,3.0630361080757606e-06,4.2726430746704305e-06,1.20960696659467e-06,other,0.0034520684235300747,0.003489057104501203,2.04,2.04,0.49270369631459293,0.4895019856222129,0.4929910427267141,0.003489057104501203,persistent,0.00799973997263237,0.008002962414483838,2.27,2.27,0.4963914256138072,0.4881210632617256,0.4960122283343493,0.007891165072623718,persistent
relu,0.0002,0.025,E3_regime,iso,0.01,3.0,2.0,2000,False,6,0.15,20.0,32,E3_regime__relu__mu3-2_sd0.15__h32_eps2.50e-02_iso__s6__dt0.0002__1c1e0f0b53,20.0,0.0002318387056955809,-1.7433297737278158e-07,0.49691216552309925,68,190,69,351,84,193,84,353,104,199,105,357,181,539,0.0,0.0,nan,20.0,0.49507381013350527,7.3361161799971936e-06,7.3361161799971936e-06,0.0,monotone,0.0,0.0,nan,20.0,0.49507345831031657,7.2887327163099055e-06,7.2887327163099055e-06,0.0,monotone,0.02139181795887557,0.02147579579907749,2.65,2.65,0.4953074581959518,0.4660406374442756,0.4875164332433531,0.02147579579907749,persistent,0.012323169582700189,0.012339108939926235,2.33,2.33,0.49480394720005316,0.48076081630020506,0.4930999252401313,0.012339108939926235,persistent,2.197391277550506e-05,2.259144519029004e-05,2.13,2.13,0.4948211278468336,3.044697723910332e-08,4.9604388567113e-07,4.6559690843202666e-07,other,2.3006298163026756e-05,2.3477666531951115e-05,2.8000000000000003,20.0,0.4952116140714712,2.0015175698877815e-06,2.0015175698877815e-06,0.0,other,0.002465273647461852,0.0024702537939679248,1.95,1.95,0.4947271492247131,0.4923147970624389,0.49450868248732177,0.0021938854248828576,persistent,0.0089874920509746,0.009003958853350202,2.42,2.41,0.49529043559714464,0.48473667321822966,0.49374063207157987,0.009003958853350202,persistent
relu,0.0002,0.025,E3_regime,iso,0.01,3.0,2.0,2000,False,7,0.15,20.0,32,E3_regime__relu__mu3-2_sd0.15__h32_eps2.50e-02_iso__s7__dt0.0002__f2b3a059ab,20.0,0.0002236886044566327,-1.7211501819361613e-07,0.4971791796933758,13,155,17,323,47,160,48,326,66,164,68,330,181,539,0.0,0.0,nan,20.0,0.4941117837597231,6.1980986464391675e-06,6.1980986464391675e-06,0.0,monotone,0.0,0.0,nan,20.0,0.4941114325219907,6.199353223627781e-06,6.199353223627781e-06,0.0,monotone,0.02056633166803451,0.020589318276226953,2.69,2.69,0.4951591631255786,0.46866110936617317,0.4892504276424001,0.020589318276226953,persistent,0.009733187083996508,0.009760968276044057,2.34,2.34,0.4952292161672853,0.4813455483048207,0.49110651658086474,0.009760968276044057,persistent,2.2371315632793458e-05,2.325222119512047e-05,2.1,2.09,0.49378296079526,1.2071081928286073e-07,7.49609242816752e-07,6.288984235338912e-07,other,6.531325749134255e-05,6.591525723942024e-05,2.82,20.0,0.4957505372804326,2.3473504427117035e-06,2.3473504427117035e-06,0.0,other,0.0013259209433584829,0.0013307591752453884,1.95,1.95,0.4953386330173288,0.4930635725563415,0.4943469184781621,0.0012833459218206111,persistent,0.0065453126046745025,0.006549631566612479,2.4,2.4,0.49517947175095023,0.4863164053913851,0.49252494734400704,0.006208541952621938,persistent
relu,0.0002,0.025,E3_regime,iso,0.01,3.0,2.0,2000,False,8,0.15,20.0,32,E3_regime__relu__mu3-2_sd0.15__h32_eps2.50e-02_iso__s8__dt0.0002__d37ce00f65,20.0,0.0002429435613193648,-1.799161912832128e-07,0.4975357986695599,112,236,112,398,124,240,124,401,137,247,138,412,181,539,6.008082067087236e-05,6.137059704350116e-05,2.5500000000000003,20.0,0.4957248479617,8.370700676516654e-06,8.370700676516654e-06,0.0,other,5.973783334925736e-05,6.102628326457905e-05,2.5500000000000003,20.0,0.4957235460679087,8.351994369064198e-06,8.351994369064198e-06,0.0,other,0.03136796816229487,0.03141751215459598,2.84,2.84,0.4917977601819692,0.45336545674430595,0.48478296889890193,0.03141751215459598,persistent,0.012399617449458167,0.012419149564507903,2.5100000000000002,2.5100000000000002,0.49704523357612984,0.48031154664663,0.4927306962111379,0.012419149564507903,persistent,2.9854241278699913e-05,3.296393411013961e-05,2.31,2.3000000000000003,0.4939953032264758,6.716603439869104e-09,2.3315065587819554e-07,2.2643405243832643e-07,other,5.233011583398324e-05,5.2657868783676464e-05,3.22,3.22,0.4970388646379668,1.3197210171008503e-09,3.3522050153160635e-06,3.3508852942989626e-06,other,0.0018682815802487096,0.0018759887959683974,2.14,2.14,0.4969914484525964,0.49387047765465225,0.49570836066545854,0.001837883010806285,persistent,0.014053430141563628,0.014057161357181436,2.63,2.63,0.4920358108813315,0.4764235833959979,0.49034798418105036,0.013924400785052471,persistent
relu,0.0002,0.025,E3_regime,iso,0.01,3.0,2.0,2000,False,9,0.15,20.0,32,E3_regime__relu__mu3-2_sd0.15__h32_eps2.50e-02_iso__s9__dt0.0002__dabab1bfe7,20.0,0.0002520090293949245,-1.447547334992665e-07,0.49921020443434827,5,141,5,310,27,145,28,312,45,168,46,316,181,539,1.5836834873551343e-10,5.307922863094722e-09,19.76,19.75,0.4960489328581297,7.187100016355377e-05,7.187630808641687e-05,5.307922863094722e-09,other,1.260677219084086e-10,5.075820841085208e-09,19.77,19.75,0.496047901315003,7.180894775711965e-05,7.181402357796074e-05,5.075820841085208e-09,other,0.013510695277769436,0.013543097584490238,2.52,2.52,0.4968799928439355,0.4748821343000003,0.48842523188449055,0.013543097584490238,persistent,0.005849693552683943,0.005854861026219127,2.29,2.2800000000000002,0.4926797234196042,0.47952599424556464,0.48538085527178376,0.005854861026219127,persistent,6.9592131617794575e-06,7.2622295938544265e-06,1.97,20.0,0.4968881579653853,7.147075760460059e-08,7.147075760460059e-08,0.0,other,3.97082303574724e-05,4.034315471573011e-05,2.66,20.0,0.49321529608586073,2.282422879050765e-06,2.282422879050765e-06,0.0,other,0.0005297022054135403,0.0005327354802478479,2.41,20.0,0.49296543125884035,0.489822953757414,0.489822953757414,0.0,transient,0.00426109131036484,0.004263587005799707,2.3000000000000003,2.29,0.4969922998729015,0.48992783964515413,0.4940201780851875,0.004092338440033372,persistent
relu,0.0002,0.025,E3_regime,pos,0.01,3.0,2.0,2000,False,0,0.15,20.0,32,E3_regime__relu__mu3-2_sd0.15__h32_eps2.50e-02_pos__s0__dt0.0002__0641d7e958,20.0,0.00018481129404931902,-1.604575424734439e-07,0.49999992548597305,128,188,128,188,138,191,139,191,162,197,162,197,181,539,0.00021918571247135014,0.00022207545317258723,2.2,20.0,0.4851470921620203,4.4758583394990984e-07,4.4758583394990984e-07,0.0,transient,0.0002200432713082214,0.0002229412440970387,2.2,20.0,0.48514135294245764,4.4917736900880495e-07,4.4917736900880495e-07,0.0,transient,0.03737609344699938,0.03752135366040693,2.46,2.46,0.4999911583925979,0.4601771177856404,0.49769847144604734,0.03752135366040693,persistent,0.010326008192491631,0.010364895562371745,2.5500000000000003,2.5500000000000003,0.4999963452453404,0.4890659661330745,0.49943086169544626,0.010364895562371745,persistent,2.404884734310351e-05,2.4325233189555137e-05,2.07,20.0,0.49120682815176775,1.8829705032057564e-07,1.8829705032057564e-07,0.0,other,7.594676148414692e-05,7.605455796995399e-05,3.21,3.21,0.48892888240197996,1.6470618928421504e-07,2.590347926714958e-06,2.425641737430743e-06,other,0.001269001951999138,0.0012708905942600546,2.0300000000000002,2.0300000000000002,0.5,0.49872910940573995,0.5,0.0012708905942600546,persistent,0.017295981480417166,0.017299008504670088,2.29,2.29,0.5,0.4827009914953299,0.5,0.017299008504670088,persistent
relu,0.0002,0.025,E3_regime,pos,0.01,3.0,2.0,2000,False,1,0.15,20.0,32,E3_regime__relu__mu3-2_sd0.15__h32_eps2.50e-02_pos__s1__dt0.0002__655f8c9ccd,20.0,0.00017296744855119597,-1.3836053083232506e-07,0.49999999532484196,89,169,89,169,115,171,115,171,135,181,139,181,181,539,3.0462783243155996e-05,3.129619991443518e-05,2.4,20.0,0.4840059077855964,1.1762191651689026e-06,1.1762191651689026e-06,0.0,other,3.0360197469098664e-05,3.119026994644484e-05,2.4,20.0,0.48400759795837756,1.1745765241652592e-06,1.1745765241652592e-06,0.0,other,0.025850681416479615,0.02594353436533442,2.43,2.43,0.4999987924371616,0.4704947601819065,0.4964382945472409,0.02594353436533442,persistent,0.010880007500012612,0.010884062030457997,2.32,2.32,0.4999986478331389,0.48911593796954195,0.49999999999999994,0.010884062030457997,persistent,5.163058668535634e-05,5.2468564148070395e-05,2.0,1.99,0.4898019278296612,5.7434586530018755e-08,1.2316038551255885e-07,6.572579898254008e-08,other,3.9754999817050283e-05,4.0051846198668766e-05,2.83,2.82,0.4903407068759234,8.277447129100678e-07,5.332923800097885e-06,4.505179087187817e-06,other,0.0011955229371226062,0.0011985031812299929,1.86,1.86,0.5,0.49880149681877,0.5,0.0011985031812299929,persistent,0.011015388084362365,0.011018022010537643,2.2800000000000002,2.2800000000000002,0.5,0.48898197798946236,0.5,0.011018022010537643,persistent
relu,0.0002,0.025,E3_regime,pos,0.01,3.0,2.0,2000,False,2,0.15,20.0,32,E3_regime__relu__mu3-2_sd0.15__h32_eps2.50e-02_pos__s2__dt0.0002__4a7f59b19a,20.0,0.0001980360896118235,-1.5551820411468403e-07,0.499999932173111,120,180,121,180,132,182,133,182,159,189,162,189,181,539,0.00015243822784844434,0.0001548324301241882,2.2800000000000002,20.0,0.4837380641437946,6.890856324537269e-07,6.890856324537269e-07,0.0,transient,0.0001543507997577752,0.0001567820395638568,2.2800000000000002,20.0,0.48372721796260754,6.963916131704341e-07,6.963916131704341e-07,0.0,transient,0.031777054972734364,0.031872984228662304,2.46,2.45,0.4999999997422029,0.464418028219031,0.4962910124476933,0.031872984228662304,persistent,0.008797318276008215,0.008820075021622742,2.5500000000000003,2.5500000000000003,0.49999978243174953,0.4906743503319019,0.4994944253535246,0.008820075021622742,persistent,2.4900981570526295e-05,2.5243787098101735e-05,2.07,20.0,0.4894981275306138,1.864081979176525e-07,1.864081979176525e-07,0.0,other,3.732010224346347e-05,3.7391307493413654e-05,3.34,3.34,0.4906469640653282,1.8094624412304898e-07,3.589709242199444e-06,3.408762998076395e-06,other,0.0007200196758416211,0.0007211687542012513,2.06,2.06,0.5,0.49927883124579875,0.5,0.0007211687542012513,persistent,0.014703716368237751,0.014706713366404112,2.33,2.32,0.5,0.4852932866335959,0.5,0.014706713366404112,persistent
relu,0.0002,0.025,E3_regime,pos,0.01,3.0,2.0,2000,False,3,0.15,20.0,32,E3_regime__relu__mu3-2_sd0.15__h32_eps2.50e-02_pos__s3__dt0.0002__b1c3f10bcd,20.0,0.00019786108616164783,-1.703866792817678e-07,0.4999999993450818,123,185,123,185,135,187,135,187,158,195,159,195,181,539,0.00017329702282673697,0.00017591561299182642,2.3000000000000003,20.0,0.4837050764067072,8.793264030982585e-07,8.793264030982585e-07,0.0,transient,0.00017275258124045803,0.00017536060495425385,2.3000000000000003,20.0,0.48370740181349153,8.770070370734024e-07,8.770070370734024e-07,0.0,transient,0.03392913317150398,0.034032444085491,2.46,2.46,0.49999452655758087,0.46297765043996525,0.49701009452545625,0.034032444085491,persistent,0.009892033805052547,0.009894380382783508,2.58,2.57,0.49999950514313074,0.49010561961721644,0.49999999999999994,0.009894380382783508,persistent,2.8696150824458755e-05,2.9133330878870747e-05,2.12,20.0,0.48921280270483236,1.935393303137193e-07,1.935393303137193e-07,0.0,other,6.13203601802907e-05,6.147493493198433e-05,3.0500000000000003,3.0500000000000003,0.490931585960349,4.2008405808883696e-08,4.504562566081926e-06,4.462554160273042e-06,other,0.0011631098022659159,0.0011650797572228533,2.06,2.06,0.5,0.49883492024277715,0.5,0.0011650797572228533,persistent,0.01576112973207766,0.015764149225186153,2.33,2.33,0.5,0.48423585077481385,0.5,0.015764149225186153,persistent
relu,0.0002,0.025,E3_regime,pos,0.01,3.0,2.0,2000,False,4,0.15,20.0,32,E3_regime__relu__mu3-2_sd0.15__h32_eps2.50e-02_pos__s4__dt0.0002__49a29f9a1a,20.0,0.0001906819888396169,-1.4442606229554222e-07,0.4999999940040438,84,183,85,183,114,187,115,187,135,195,139,195,181,539,2.2368433363340046e-05,2.2965930513045693e-05,2.37,20.0,0.48509313444514046,8.365416333338822e-07,8.365416333338822e-07,0.0,other,2.2644299631351003e-05,2.324304303415127e-05,2.36,20.0,0.4850834613277092,8.40068013191949e-07,8.40068013191949e-07,0.0,other,0.026787133618482672,0.026914283841988962,2.48,2.48,0.5,0.46942107980045517,0.4963353636424441,0.026914283841988962,persistent,0.011685472105014583,0.011690665503403086,2.2,2.2,0.49999779190378857,0.48830933449659686,0.49999999999999994,0.011690665503403086,persistent,5.458354938622537e-05,5.5482036921075486e-05,1.93,1.93,0.4922208420712619,2.9165363870609534e-08,1.4009859662722062e-07,1.109332327566111e-07,other,3.931376825376405e-05,3.949400631543694e-05,2.88,2.87,0.48792422757770615,2.821900077328048e-07,4.073760901772888e-06,3.791570894040083e-06,other,0.0013684578355200872,0.0013720431072380412,1.79,1.79,0.5,0.49862795689276196,0.5,0.0013720431072380412,persistent,0.011941765813119787,0.011943996793959688,2.2800000000000002,2.2800000000000002,0.5,0.4880560032060403,0.5,0.011943996793959688,persistent
relu,0.0002,0.025,E3_regime,pos,0.01,3.0,2.0,2000,False,5,0.15,20.0,32,E3_regime__relu__mu3-2_sd0.15__h32_eps2.50e-02_pos__s5__dt0.0002__2f9cf3a0c8,20.0,0.0001849936285321149,-1.5626363942917933e-07,0.49999990277509454,116,155,116,155,130,158,130,158,156,164,156,164,181,539,0.00011784720319434947,0.0001199331612443483,2.2,20.0,0.4851584111926676,4.522094888339839e-07,4.522094888339839e-07,0.0,transient,0.00011796876318438297,0.00012005618080326684,2.2,20.0,0.48515741857131467,4.5259268673684244e-07,4.5259268673684244e-07,0.0,transient,0.02994421753372345,0.030001953187028474,2.38,2.38,0.4999931091257146,0.4686950821180978,0.49869703530512627,0.030001953187028474,persistent,0.0073133762355103715,0.007346984149539881,2.48,2.48,0.49999653704919134,0.49219919849606764,0.4995461826456075,0.007346984149539881,persistent,1.5036288969321793e-05,1.529139471012186e-05,2.0100000000000002,20.0,0.4902611076054597,1.9636304903374642e-07,1.9636304903374642e-07,0.0,other,8.625081328261786e-05,8.643932283747355e-05,2.93,2.93,0.48986865182828326,3.6544435975502355e-09,2.4885703649651126e-06,2.4849159213675625e-06,other,0.0006986131036150756,0.0006993031327348631,2.05,2.05,0.5,0.49930069686726514,0.5,0.0006993031327348631,persistent,0.012404232325957831,0.012406904093476223,2.22,2.22,0.5,0.4875930959065238,0.5,0.012406904093476223,persistent
relu,0.0002,0.025,E3_regime,pos,0.01,3.0,2.0,2000,False,6,0.15,20.0,32,E3_regime__relu__mu3-2_sd0.15__h32_eps2.50e-02_pos__s6__dt0.0002__4b74fc9c24,20.0,0.0001900834121277981,-1.5865702655221765e-07,0.499999977337362,121,170,122,170,134,173,134,173,159,179,159,179,181,539,0.00015325171088840443,0.00015559089914022817,2.27,20.0,0.4841340265906715,7.304632638673348e-07,7.304632638673348e-07,0.0,transient,0.0001523668560484995,0.00015469656046035958,2.27,20.0,0.4841389571973786,7.268326092791414e-07,7.268326092791414e-07,0.0,transient,0.0313536211549128,0.03142907185062166,2.5100000000000002,2.5100000000000002,0.4999965415380722,0.4655378514885055,0.4969669233391272,0.03142907185062166,persistent,0.008785720870352287,0.00883007460892593,2.6,2.59,0.49999760400522497,0.49093724761755486,0.4997673222264808,0.00883007460892593,persistent,1.9102876628419484e-05,1.9369648090082275e-05,2.13,20.0,0.48957609717445916,1.9427722847227849e-07,1.9427722847227849e-07,0.0,other,6.082361689410928e-05,6.119672768632201e-05,3.02,3.02,0.4905636861428163,1.5051578126940625e-08,3.827401786199524e-06,3.8123502080725834e-06,other,0.0010084681823407937,0.0010094242670717901,2.14,2.14,0.5,0.4989905757329282,0.5,0.0010094242670717901,persistent,0.01431814750182786,0.014320684214656265,2.33,2.33,0.5,0.48567931578534373,0.5,0.014320684214656265,persistent
relu,0.0002,0.025,E3_regime,pos,0.01,3.0,2.0,2000,False,7,0.15,20.0,32,E3_regime__relu__mu3-2_sd0.15__h32_eps2.50e-02_pos__s7__dt0.0002__a08d1fc9cf,20.0,0.00020458681566284947,-1.6730774018449118e-07,0.49999999515634075,116,180,116,180,128,182,128,182,153,189,158,189,181,539,0.00011926989216058041,0.0001212747427625143,2.3000000000000003,20.0,0.48420101310061314,1.1600571338714764e-06,1.1600571338714764e-06,0.0,transient,0.00011916504960138047,0.00012116757680127183,2.3000000000000003,20.0,0.48420192536921747,1.1593017301447266e-06,1.1593017301447266e-06,0.0,transient,0.03071058823574646,0.03081490835190087,2.45,2.45,0.49999529416483696,0.46456409466559073,0.4953790030174916,0.03081490835190087,persistent,0.010532427301653602,0.010554307574583033,2.45,2.45,0.49999582600213,0.48938268850305505,0.4999369960776381,0.010554307574583033,persistent,2.8585489051380364e-05,2.9024094717867554e-05,2.05,20.0,0.49032162393204165,1.957682872799292e-07,1.957682872799292e-07,0.0,other,5.3727097446715725e-05,5.396914143252295e-05,3.02,3.0100000000000002,0.4898210691403588,1.1334075518341013e-08,5.743461978652085e-06,5.732127903133744e-06,other,0.0011574907240569643,0.0011593091955936496,2.0100000000000002,2.0,0.5,0.49884069080440635,0.5,0.0011593091955936496,persistent,0.014316366724315799,0.014319352716686606,2.31,2.31,0.5,0.4856806472833134,0.5,0.014319352716686606,persistent
relu,0.0002,0.025,E3_regime,pos,0.01,3.0,2.0,2000,False,8,0.15,20.0,32,E3_regime__relu__mu3-2_sd0.15__h32_eps2.50e-02_pos__s8__dt0.0002__f538070652,20.0,0.00019665110827774834,-1.5360792519054467e-07,0.4999999969706508,106,170,106,170,120,171,134,171,153,178,169,178,181,539,7.757724436465514e-05,7.900212652175737e-05,2.43,20.0,0.48280900910231417,1.8918850747647887e-06,1.8918850747647887e-06,0.0,other,7.734407857091179e-05,7.876714577024485e-05,2.43,20.0,0.482810052062318,1.8882215835806303e-06,1.8882215835806303e-06,0.0,other,0.026500869293312468,0.026570770832292534,2.64,2.64,0.4999976851809272,0.4686132605815258,0.49518403141381834,0.026570770832292534,persistent,0.009505441950713067,0.00953457589676393,2.5300000000000002,2.5300000000000002,0.49999845001961735,0.49044152637647354,0.49997610227323747,0.00953457589676393,persistent,2.9835561177032393e-05,3.023504382548281e-05,2.12,20.0,0.48819871676339505,1.8721744254976032e-07,1.8721744254976032e-07,0.0,other,4.093229290124224e-05,4.1181946653309525e-05,3.0300000000000002,3.0300000000000002,0.4919561927224568,1.6936091911401019e-07,6.016465991290966e-06,5.847105072176955e-06,other,0.0008170339994186815,0.0008186867444114343,2.05,2.05,0.5,0.49918131325558857,0.5,0.0008186867444114343,persistent,0.012253810981858015,0.012274277320387217,2.44,2.44,0.5,0.48746643364209147,0.4997407109624787,0.012274277320387217,persistent
relu,0.0002,0.025,E3_regime,pos,0.01,3.0,2.0,2000,False,9,0.15,20.0,32,E3_regime__relu__mu3-2_sd0.15__h32_eps2.50e-02_pos__s9__dt0.0002__b31df27518,20.0,0.0001824408261437085,-1.521951587237164e-07,0.49999991788261156,113,169,113,169,126,171,126,171,153,178,154,178,181,539,0.00010418588373636598,0.00010604212749052797,2.17,20.0,0.48618968507614074,5.847680311812904e-07,5.847680311812904e-07,0.0,transient,0.00010442702632573744,0.00010628568846057437,2.17,20.0,0.4861855745553677,5.85765953311802e-07,5.85765953311802e-07,0.0,transient,0.029121201494704818,0.02922292968266227,2.35,2.34,0.4999948732616039,0.46868678741400677,0.49790971709666904,0.02922292968266227,persistent,0.00919033392273022,0.00921647074472809,2.37,2.37,0.4999957706446924,0.49071332508603777,0.49992979583076586,0.00921647074472809,persistent,2.3770119818325693e-05,2.416377759025333e-05,1.9100000000000001,20.0,0.49290560729645727,1.7216571916070642e-07,1.7216571916070642e-07,0.0,other,5.9250967699401e-05,5.967823969686053e-05,2.77,2.77,0.4872321838892128,5.425977500263204e-08,3.0692167794075353e-06,3.014957004404903e-06,other,0.0009385948215739903,0.000939667511528075,1.94,1.94,0.5,0.4990603324884719,0.5,0.000939667511528075,persistent,0.011963694452549356,0.011966541677750853,2.18,2.17,0.5,0.48803345832224915,0.5,0.011966541677750853,persistent
relu,0.0002,0.0025,E3_regime,iso,0.01,3.0,2.0,2000,False,0,0.15,20.0,32,E3_regime__relu__mu3-2_sd0.15__h32_eps2.50e-03_iso__s0__dt0.0002__2400a90892,20.0,0.00018383095841461767,-1.5563636561650735e-07,0.49998541912009387,43,137,44,137,71,139,73,139,109,149,112,316,181,539,1.0805395243613136e-06,2.080475663998431e-06,3.7,20.0,0.4999378869441441,9.116940643809821e-07,9.116940643809821e-07,0.0,other,1.11192088070311e-06,2.1355669910490607e-06,3.7,20.0,0.49993786215112507,9.146295066508512e-07,9.146295066508512e-07,0.0,other,0.02136980212960987,0.021457887585340008,3.74,3.74,0.49997212966698146,0.47536445070374034,0.49682233828908035,0.021457887585340008,persistent,0.00793470627672832,0.007939880952406442,3.54,3.54,0.49993529168675466,0.49189031019627644,0.4998301911486829,0.007939880952406442,persistent,3.029054902338079e-05,3.0886163108894354e-05,3.09,3.08,0.49995776609703746,3.569322934525764e-08,1.1194741637099268e-07,7.625418702573504e-08,other,4.851006414438333e-05,4.898952184299239e-05,4.04,4.04,0.4999338053700385,2.6024985915474668e-06,3.3208782550435784e-06,7.183796634961116e-07,other,0.00010025049714490475,0.00010154883528495917,2.89,2.9,0.49993599962342367,0.4998283376561874,0.49991807348159994,8.973582541255132e-05,persistent,0.008365147900039172,0.008369437644245914,3.5,3.5,0.49997243461860996,0.491503102293812,0.4998725399380579,0.008369437644245914,persistent
relu,0.0002,0.0025,E3_regime,iso,0.01,3.0,2.0,2000,False,1,0.15,20.0,32,E3_regime__relu__mu3-2_sd0.15__h32_eps2.50e-03_iso__s1__dt0.0002__bf1005d38e,20.0,0.00018308051743065834,-1.2763794611037396e-07,0.4999822711705164,0,74,0,74,0,78,0,78,4,87,4,257,181,539,0.0,0.0,nan,20.0,0.4999565154886737,1.009621413028857e-06,1.009621413028857e-06,0.0,monotone,0.0,0.0,nan,20.0,0.49995650600373687,1.0083420484252622e-06,1.0083420484252622e-06,0.0,monotone,0.00680129193369533,0.006818950943049296,3.89,3.88,0.49993885907072927,0.4916787133059671,0.49849766424901637,0.006818950943049296,persistent,0.0042171802521615565,0.004219801707392112,3.41,3.41,0.49995242207363444,0.4956235916919599,0.499843393399352,0.004219801707392112,persistent,1.4478477508300164e-05,1.4743055566272076e-05,3.02,20.0,0.4999411244684469,1.0990363790118486e-07,1.0990363790118486e-07,0.0,other,0.0,6.195672561227933e-07,nan,20.0,0.4999673119851742,2.526993149316023e-06,2.526993149316023e-06,0.0,other,3.774821839447329e-05,3.782532990065368e-05,2.29,2.29,0.4999519088759517,0.49993846673333164,0.4999762920632323,3.782532990065368e-05,other,0.000884142111534536,0.0008856770576580186,3.35,3.37,0.49993966003196827,0.4989447809910564,0.4998304580487144,0.0008856770576580186,persistent
relu,0.0002,0.0025,E3_regime,iso,0.01,3.0,2.0,2000,False,2,0.15,20.0,32,E3_regime__relu__mu3-2_sd0.15__h32_eps2.50e-03_iso__s2__dt0.0002__891fe11a9d,20.0,0.00020499670773583753,-1.5983522575233966e-07,0.49997902958811835,73,153,74,153,96,160,97,161,126,170,127,296,181,539,1.3035289513978058e-05,1.44674475233188e-05,3.63,20.0,0.4999473973614249,9.202176189848055e-07,9.202176189848055e-07,0.0,other,1.3613616253203191e-05,1.4890545426770089e-05,3.63,20.0,0.4999473724312554,9.292847403052568e-07,9.292847403052568e-07,0.0,other,0.02453945506531141,0.024606769326110722,3.74,3.74,0.4999402232595974,0.4729690372142437,0.49757580654035444,0.024606769326110722,persistent,0.008928007503318347,0.008931951582241582,3.59,3.58,0.4999594424395169,0.4909524834365156,0.4998844350187572,0.008931951582241582,persistent,8.765141552334978e-05,9.730998469541132e-05,1.73,3.16,0.4999525473644592,2.1565507032903704e-09,1.29808591931627e-07,1.2765204122833663e-07,other,6.558631519029942e-05,6.594905862428377e-05,4.26,4.26,0.4999492715226099,2.6263005609488447e-08,2.99979600688109e-06,2.9735330012716017e-06,other,0.0002535350503969358,0.0002553389424103658,3.0100000000000002,3.0100000000000002,0.49995850550752213,0.49972247093258026,0.49997780987499063,0.0002553389424103658,persistent,0.00939805150429407,0.009402755728413315,3.5100000000000002,3.5100000000000002,0.4999396807463632,0.49042754445370396,0.49983030018211727,0.009402755728413315,persistent
relu,0.0002,0.0025,E3_regime,iso,0.01,3.0,2.0,2000,False,3,0.15,20.0,32,E3_regime__relu__mu3-2_sd0.15__h32_eps2.50e-03_iso__s3__dt0.0002__69bdb53e21,20.0,0.00019961326608912755,-1.5856295226612327e-07,0.4999752376293145,4,114,4,114,6,118,6,118,21,128,30,295,181,539,0.0,0.0,nan,20.0,0.49994584511086115,9.497018706857032e-07,9.497018706857032e-07,0.0,monotone,0.0,0.0,nan,20.0,0.49994584486215043,9.474631904388411e-07,9.474631904388411e-07,0.0,monotone,0.015205068386062615,0.015236968483089197,3.75,3.75,0.4999494768981868,0.4831219780381607,0.4983589465212499,0.015236968483089197,persistent,0.005726040796265486,0.005729534230083266,3.54,3.54,0.4999536994472105,0.4940596595081374,0.49978919373822067,0.005729534230083266,persistent,2.1094261130888924e-05,2.5479276514347136e-05,1.74,3.0700000000000003,0.49994482690192366,4.3975405769777684e-09,1.4761207012413543e-07,1.4321452954715768e-07,other,8.39634738153708e-05,8.463424633306085e-05,3.92,20.0,0.49995244750694107,2.9251925653153855e-06,2.9251925653153855e-06,0.0,other,3.692144053957236e-05,3.696955220661158e-05,3.13,3.13,0.4999525674753568,0.49992767875452854,0.499963424865644,3.574611111545334e-05,other,0.00440215963501539,0.004406323697804415,3.41,3.41,0.49995016320858926,0.4954599453154204,0.49986626901322484,0.004406323697804415,persistent
relu,0.0002,0.0025,E3_regime,iso,0.01,3.0,2.0,2000,False,4,0.15,20.0,32,E3_regime__relu__mu3-2_sd0.15__h32_eps2.50e-03_iso__s4__dt0.0002__d016906e05,20.0,0.00020003322705469375,-1.4916933078673914e-07,0.49998878100647914,4,119,4,119,9,121,10,124,29,135,38,228,181,539,0.0,0.0,nan,20.0,0.4999383364910649,6.506005740518478e-07,6.506005740518478e-07,0.0,monotone,0.0,0.0,nan,20.0,0.4999383632181874,6.53120374311122e-07,6.53120374311122e-07,0.0,monotone,0.018303220195073022,0.0183469749441742,3.68,3.68,0.4999669425943377,0.4794959406909982,0.4978429156351724,0.0183469749441742,persistent,0.007696475668382163,0.007700872134630943,3.5,3.5,0.49994029057101713,0.4920967132223315,0.49979758535696245,0.007700872134630943,persistent,5.6990605614905916e-05,6.220526709002161e-05,1.71,3.1,0.49993146912586994,4.6794795330445844e-08,1.4693402048340634e-07,1.001392251529605e-07,other,8.183974449076976e-05,8.245500501276497e-05,3.98,20.0,0.4999599058750199,3.0481265946672826e-06,3.0481265946672826e-06,0.0,other,8.290540564687143e-05,8.318946224522561e-05,2.96,2.96,0.49994138599358906,0.499889117321188,0.49997062673937587,8.150941818785284e-05,other,0.0056382857898581995,0.005640819332643043,3.44,3.44,0.49996724446234225,0.49433815524824537,0.49997896611698506,0.005640810868739687,persistent
relu,0.0002,0.0025,E3_regime,iso,0.01,3.0,2.0,2000,False,5,0.15,20.0,32,E3_regime__relu__mu3-2_sd0.15__h32_eps2.50e-03_iso__s5__dt0.0002__5b2ce7def2,20.0,0.00018793171560751155,-1.5702150399328008e-07,0.4999795687247115,5,128,5,128,9,131,9,131,33,145,42,315,181,539,0.0,0.0,nan,20.0,0.4999624275138179,5.682157200265506e-07,5.682157200265506e-07,0.0,monotone,0.0,0.0,nan,20.0,0.49996242838378047,5.686655015682355e-07,5.686655015682355e-07,0.0,monotone,0.0196592396336851,0.019698577964249564,3.62,3.62,0.49996339300321896,0.47941295228961744,0.499111530253867,0.019698577964249564,persistent,0.008714395260726204,0.00871825187339098,3.44,3.44,0.499925332032537,0.4911204648263074,0.49983871669969837,0.00871825187339098,persistent,3.3260514225151965e-05,3.92092853958928e-05,3.0300000000000002,3.0300000000000002,0.4999598096578126,3.953697286419911e-08,1.29330878824647e-07,8.979390596044788e-08,other,9.328438744014214e-05,9.46166858381332e-05,3.81,20.0,0.4999495812830119,1.779774394103525e-06,1.779774394103525e-06,0.0,other,7.387647007756071e-05,7.486642114368225e-05,2.84,2.85,0.4999267651735488,0.49986770671538683,0.4999399067908638,7.220007547698026e-05,other,0.005273910789516001,0.005277528000320497,3.35,3.35,0.4999638494300477,0.4945805329627432,0.4998580609630637,0.005277528000320497,persistent
relu,0.0002,0.0025,E3_regime,iso,0.01,3.0,2.0,2000,False,6,0.15,20.0,32,E3_regime__relu__mu3-2_sd0.15__h32_eps2.50e-03_iso__s6__dt0.0002__7902cde177,20.0,0.00017829563843119888,-1.4346278574397316e-07,0.4999730209342488,0,124,0,124,7,128,8,128,17,137,18,242,181,539,0.0,0.0,nan,20.0,0.49995061728530144,6.804358158242671e-07,6.804358158242671e-07,0.0,monotone,0.0,0.0,nan,20.0,0.49995061375066596,6.773724299294512e-07,6.773724299294512e-07,0.0,monotone,0.017818123090811655,0.01786745821977026,3.75,3.75,0.49995296504997505,0.48015767763485595,0.4980251358546262,0.01786745821977026,persistent,0.008183497009153717,0.008187198142721452,3.46,3.46,0.49994790363615565,0.4916375842042909,0.49981373044715915,0.008176146242868276,persistent,3.096847308499531e-05,3.661367682811716e-05,1.75,20.0,0.49994807765480215,1.014944177625982e-07,1.014944177625982e-07,0.0,other,5.1818418246408655e-05,5.246656604574322e-05,3.91,20.0,0.4999520018444275,3.18158535092341e-06,3.18158535092341e-06,0.0,other,6.641647075866786e-06,6.975073144122046e-06,1.54,20.0,0.49994713159573645,0.4999304735669811,0.4999304735669811,0.0,other,0.005448073955531874,0.005450304545540907,3.44,3.44,0.49995279393770803,0.49452520888102386,0.49997551342656477,0.005450304545540907,persistent
relu,0.0002,0.0025,E3_regime,iso,0.01,3.0,2.0,2000,False,7,0.15,20.0,32,E3_regime__relu__mu3-2_sd0.15__h32_eps2.50e-03_iso__s7__dt0.0002__7f87420b62,20.0,0.0001820591375567059,-1.3568305778333361e-07,0.4999775795012482,0,109,0,109,2,113,2,113,11,123,11,292,181,539,0.0,0.0,nan,20.0,0.49994093968777364,8.526875138794427e-07,8.526875138794427e-07,0.0,monotone,0.0,0.0,nan,20.0,0.49994093615792257,8.521809693039535e-07,8.521809693039535e-07,0.0,monotone,0.01493932664825276,0.014960118311078907,3.7600000000000002,3.7600000000000002,0.49995147501562875,0.4837437104695218,0.4987038287806007,0.014960118311078907,persistent,0.007207623190739976,0.007210981288601481,3.43,3.43,0.4999521758967878,0.4926915446857293,0.4998960349989569,0.007204490313227618,persistent,2.79451554183135e-05,2.8484930647434903e-05,3.06,20.0,0.4999376352728295,8.765458161681647e-08,8.765458161681647e-08,0.0,other,6.945718906530891e-05,7.014005638270961e-05,3.9,20.0,0.49995741559226226,1.7421371785573305e-06,1.7421371785573305e-06,0.0,other,9.628097911051903e-06,9.67871540302756e-06,1.6600000000000001,20.0,0.4999532752430471,0.4999394103014885,0.4999394103014885,0.0,other,0.00321469882171177,0.0032186291864874095,3.41,3.41,0.4999516790521455,0.49649489987705664,0.49971352906354405,0.0032186291864874095,persistent
relu,0.0002,0.0025,E3_regime,iso,0.01,3.0,2.0,2000,False,8,0.15,20.0,32,E3_regime__relu__mu3-2_sd0.15__h32_eps2.50e-03_iso__s8__dt0.0002__8175d46693,20.0,0.00017414359847706159,-1.3656178095498004e-07,0.49998326563273565,6,166,8,168,10,176,10,178,37,186,44,356,181,539,0.0,0.0,nan,20.0,0.4999571498469809,7.518667089665544e-07,7.518667089665544e-07,0.0,monotone,0.0,0.0,nan,20.0,0.49995713676327536,7.504548060219245e-07,7.504548060219245e-07,0.0,monotone,0.020333293932157992,0.020366736684653275,3.93,3.93,0.4999176338829717,0.4779360700180614,0.49830280670271465,0.020366736684653275,persistent,0.008580758315913872,0.008585018926649035,3.58,3.58,0.4999704084841959,0.4913258848541766,0.4999047388469679,0.008578853992791291,persistent,9.690229871430552e-05,0.00010164752226838708,1.72,20.0,0.4999397630253055,9.375675588905434e-08,9.375675588905434e-08,0.0,transient,9.491868134277452e-05,9.537411624324155e-05,4.13,20.0,0.4999703439201039,2.6192676888390803e-06,2.6192676888390803e-06,0.0,other,5.514821414087656e-06,5.6785123592195674e-06,1.57,3.0300000000000002,0.49996986849285713,0.4999623881814665,0.49996398218107796,1.5939996114711086e-06,other,0.0064697522692308,0.006472343097698174,3.65,3.64,0.4999200307044532,0.4933786569764647,0.4998510000741629,0.006472343097698174,persistent
relu,0.0002,0.0025,E3_regime,iso,0.01,3.0,2.0,2000,False,9,0.15,20.0,32,E3_regime__relu__mu3-2_sd0.15__h32_eps2.50e-03_iso__s9__dt0.0002__4719151245,20.0,0.00018866755049955306,-1.4532565925347643e-07,0.49999337497320084,0,109,0,109,4,113,4,113,11,124,12,294,181,539,0.0,0.0,nan,20.0,0.49996040481160847,7.790168217292486e-07,7.790168217292486e-07,0.0,monotone,0.0,0.0,nan,20.0,0.499960394451302,7.801820819613758e-07,7.801820819613758e-07,0.0,monotone,0.013418038203003468,0.013449317822686935,3.61,3.61,0.49996874947242725,0.48498182832391085,0.4984311461465978,0.013449317822686935,persistent,0.0063274093180609725,0.0063301671359140554,3.31,3.31,0.4999265110454856,0.4934807257620958,0.49980225392215555,0.006321528160059764,persistent,2.59400179532773e-05,2.6457172594077753e-05,2.89,2.88,0.4999688334905121,5.798982605578892e-08,8.14910691672512e-08,2.3501243111462284e-08,other,5.062567784493281e-05,5.161033571162811e-05,3.71,20.0,0.49993191219313343,3.0985222630713486e-06,3.0985222630713486e-06,0.0,other,2.3356691094322812e-05,2.3769909225535013e-05,1.84,20.0,0.49992938426724964,0.49989836502766055,0.49989836502766055,0.0,other,0.0033788168482544734,0.0033824276718316115,3.24,3.24,0.49996987616762306,0.49657240309571143,0.49995483076754305,0.0033824276718316115,persistent
relu,0.0002,0.0025,E3_regime,pos,0.01,3.0,2.0,2000,False,0,0.15,20.0,32,E3_regime__relu__mu3-2_sd0.15__h32_eps2.50e-03_pos__s0__dt0.0002__e4069c34af,20.0,0.00019088592123086062,-1.731742252225599e-07,0.49999994640169376,123,171,124,171,138,173,139,174,158,181,158,181,181,539,0.0001458894142687809,0.0001484973744827472,3.42,20.0,0.49985030707806777,5.366754117352621e-07,5.366754117352621e-07,0.0,transient,0.0001464600993133755,0.00014907816354775588,3.41,20.0,0.4998502491119501,5.384328726542311e-07,5.384328726542311e-07,0.0,transient,0.031029247851607378,0.031140459853471414,3.62,3.62,0.4999999114685646,0.4666644285014128,0.49780488835488423,0.031140459853471414,persistent,0.007852172902938104,0.007873765155983814,3.69,3.69,0.49999996343110514,0.49202629309141055,0.49990005824739436,0.007873765155983814,persistent,6.954237099162947e-05,8.217686364679015e-05,1.71,20.0,0.499911510411564,1.4738849867202837e-07,1.4738849867202837e-07,0.0,other,7.869724706081756e-05,7.890161241515016e-05,4.39,4.39,0.4998885031594912,1.4711545851337918e-07,2.6715969479953425e-06,2.5244814894819632e-06,other,0.00028350868733567625,0.0002845296994233304,3.12,3.12,0.5,0.49971547030057667,0.5,0.0002845296994233304,persistent,0.013467031386328043,0.013469969757507083,3.45,3.45,0.5,0.4865300302424929,0.5,0.013469969757507083,persistent
relu,0.0002,0.0025,E3_regime,pos,0.01,3.0,2.0,2000,False,1,0.15,20.0,32,E3_regime__relu__mu3-2_sd0.15__h32_eps2.50e-03_pos__s1__dt0.0002__7fe5ef3cd9,20.0,0.00018660157963138043,-1.4942263617970328e-07,0.4999999825361243,24,127,27,127,61,129,63,129,103,138,106,138,181,539,1.8769457907070845e-08,7.839911704983472e-07,3.7,20.0,0.4998387464951066,7.134483992603588e-07,7.134483992603588e-07,0.0,other,1.7709520637877296e-08,7.702907638921109e-07,3.7,20.0,0.4998387635658518,7.125015307238325e-07,7.125015307238325e-07,0.0,other,0.019240242652573014,0.019311831904854138,3.63,3.62,0.49999998792063455,0.4787022480176786,0.4980140799225327,0.019311831904854138,persistent,0.006476176472977546,0.006478682040179318,3.52,3.5100000000000002,0.49999998646839233,0.4935213179598206,0.49999999999999994,0.006478682040179318,persistent,2.2731607398508334e-05,2.3208523087201028e-05,3.04,3.04,0.49989728629755165,1.7463876177578204e-08,9.800396105381274e-08,8.054008487623453e-08,other,5.7367021607423e-05,5.776808783408587e-05,3.93,20.0,0.49990272796591895,3.0905190541319527e-06,3.0905190541319527e-06,0.0,other,0.0,0.0,nan,0.0,0.5,0.5,0.5,0.0,monotone,0.006664414373197092,0.006666487839087354,3.4,3.4,0.5,0.49333351216091265,0.5,0.006666487839087354,persistent
relu,0.0002,0.0025,E3_regime,pos,0.01,3.0,2.0,2000,False,2,0.15,20.0,32,E3_regime__relu__mu3-2_sd0.15__h32_eps2.50e-03_pos__s2__dt0.0002__517935b9b7,20.0,0.00021641887053254475,-1.7904382229355816e-07,0.49999994530502434,120,159,120,159,137,162,138,162,159,169,159,169,181,539,0.00013077033564327803,0.00013323248612089853,3.46,20.0,0.49983602898987267,6.149563595339614e-07,6.149563595339614e-07,0.0,transient,0.00013229562974004239,0.00013478032052364336,3.46,20.0,0.49983591944344263,6.210897825214186e-07,6.210897825214186e-07,0.0,transient,0.0280120550894713,0.0280973415231327,3.67,3.67,0.49999999999742123,0.46924324664187983,0.49734058816501253,0.0280973415231327,persistent,0.006376052385674402,0.006401773493178442,3.79,3.79,0.4999999978236442,0.49330571994270295,0.4997074934358814,0.006401773493178442,persistent,4.830994168129746e-05,6.005676279376181e-05,1.74,20.0,0.49989420563007947,1.671716692645977e-07,1.671716692645977e-07,0.0,other,5.2984243088810054e-05,5.32280939869926e-05,4.5,4.5,0.4999058088790801,1.2220107757962323e-07,2.992377421253604e-06,2.8701763436739806e-06,other,9.846988049067029e-05,9.897698574984348e-05,3.2,3.2,0.5,0.49990102301425016,0.5,9.897698574984348e-05,other,0.011934902551757887,0.011937594041111221,3.5100000000000002,3.5100000000000002,0.5,0.4880624059588888,0.5,0.011937594041111221,persistent
relu,0.0002,0.0025,E3_regime,pos,0.01,3.0,2.0,2000,False,3,0.15,20.0,32,E3_regime__relu__mu3-2_sd0.15__h32_eps2.50e-03_pos__s3__dt0.0002__0ee54fc7be,20.0,0.00021372307523977703,-1.8779136473217077e-07,0.49999992983339325,111,163,111,163,129,166,129,166,150,172,150,172,181,539,8.663404209001288e-05,8.857127501705916e-05,3.54,20.0,0.4998356993283819,7.152171074455505e-07,7.152171074455505e-07,0.0,other,8.633695882115882e-05,8.82701592679847e-05,3.54,20.0,0.49983572281499034,7.134568169578814e-07,7.134568169578814e-07,0.0,other,0.026722981851422245,0.02682626994184162,3.68,3.68,0.49999994523566005,0.4711713893592825,0.4979976593011241,0.02682626994184162,persistent,0.007487855508429675,0.007490057061431132,3.75,3.74,0.49999999504977827,0.4925099429385688,0.49999999999999994,0.007490057061431132,persistent,7.87617288896638e-05,8.907866800758591e-05,1.71,20.0,0.49989132736399294,1.4673412816354571e-07,1.4673412816354571e-07,0.0,other,6.982081695319017e-05,7.014849761704751e-05,4.15,4.14,0.49990868707487357,2.188235308621976e-07,3.3584383673383145e-06,3.139614836476117e-06,other,0.00010587596213956774,0.0001070986291204501,3.11,3.11,0.5,0.49989290137087955,0.5,0.0001070986291204501,persistent,0.0108325568719439,0.010835315894787034,3.5100000000000002,3.5100000000000002,0.5,0.48916468410521297,0.5,0.010835315894787034,persistent
relu,0.0002,0.0025,E3_regime,pos,0.01,3.0,2.0,2000,False,4,0.15,20.0,32,E3_regime__relu__mu3-2_sd0.15__h32_eps2.50e-03_pos__s4__dt0.0002__87c5b52658,20.0,0.0002119783513064517,-1.685166790385453e-07,0.49999996785971845,46,122,48,122,78,124,79,124,119,130,120,130,181,539,8.34832815144182e-06,9.387276387311146e-06,3.52,20.0,0.49984971530965117,7.344163737878858e-07,7.344163737878858e-07,0.0,other,8.440283732046396e-06,9.494381194562597e-06,3.52,20.0,0.499849617611165,7.37303254084452e-07,7.37303254084452e-07,0.0,other,0.018973956523302082,0.0190566851408846,3.69,3.69,0.5,0.4782541470850368,0.4973108322259214,0.0190566851408846,persistent,0.005763916307875594,0.005766051882064527,3.49,3.49,0.4999999778984621,0.4942339481179354,0.49999999999999994,0.005766051882064527,persistent,1.7828592898571184e-05,1.8196494394825294e-05,3.0,3.0,0.49992170515667494,4.251381469168607e-08,1.2826913117726432e-07,8.575531648557826e-08,other,4.101104763585475e-05,4.115836534051779e-05,3.95,3.95,0.49987830935029,1.790457716674493e-06,3.303762186447087e-06,1.5133044697725942e-06,other,0.0,0.0,nan,0.0,0.5,0.5,0.5,0.0,monotone,0.007316449324804353,0.007318144203063981,3.38,3.37,0.5,0.492681855796936,0.5,0.007318144203063981,persistent
relu,0.0002,0.0025,E3_regime,pos,0.01,3.0,2.0,2000,False,5,0.15,20.0,32,E3_regime__relu__mu3-2_sd0.15__h32_eps2.50e-03_pos__s5__dt0.0002__99f6d5f8d7,20.0,0.00020103521674677777,-1.756912265174211e-07,0.49999991938858557,102,148,102,148,122,150,123,151,150,157,150,157,181,539,6.858405018306257e-05,7.03440645893841e-05,3.41,20.0,0.49985045115587734,4.834686381290226e-07,4.834686381290226e-07,0.0,other,6.865410572681247e-05,7.041585919757761e-05,3.41,20.0,0.49985044113040156,4.838485228319746e-07,4.838485228319746e-07,0.0,other,0.0241277915555429,0.024219292466947984,3.5,3.5,0.4999999310335578,0.4749137578435534,0.49913305031050137,0.024219292466947984,persistent,0.004695727102715208,0.004714592372888127,3.7800000000000002,3.7800000000000002,0.49999996535203123,0.4950279420201676,0.4997425343930557,0.004714592372888127,persistent,1.379953495408222e-05,2.1963460056190903e-05,1.72,3.16,0.4999019883896464,1.5722895662630268e-07,1.6786430913054367e-07,1.0635352504240985e-08,other,9.146779286404374e-05,9.183123882979548e-05,4.0,4.0,0.4998980245862969,4.7470198089807443e-07,2.3628567402568382e-06,1.8881547593587639e-06,other,0.00010709405123582316,0.00010761506373807572,3.08,3.08,0.5,0.4998923849362619,0.5,0.00010761506373807572,persistent,0.00883087238862984,0.008833306672701047,3.34,3.34,0.5,0.49116669332729895,0.5,0.008833306672701047,persistent
relu,0.0002,0.0025,E3_regime,pos,0.01,3.0,2.0,2000,False,6,0.15,20.0,32,E3_regime__relu__mu3-2_sd0.15__h32_eps2.50e-03_pos__s6__dt0.0002__ed3cee14b5,20.0,0.0001997241459359809,-1.7226657897547164e-07,0.49999994535625447,108,154,109,155,129,155,130,155,151,162,151,162,181,539,8.485460403371485e-05,8.673845077090145e-05,3.5,20.0,0.49984005475197946,6.329745757022596e-07,6.329745757022596e-07,0.0,other,8.434537651231204e-05,8.622165600281445e-05,3.5,20.0,0.4998401045511072,6.300480161498789e-07,6.300480161498789e-07,0.0,other,0.025922166987416284,0.025989372497428997,3.62,3.62,0.49999996539938774,0.47231958603977175,0.49830895853720075,0.025989372497428997,persistent,0.006286183601678819,0.0062873781884977276,3.8200000000000003,3.8200000000000003,0.4999999760255771,0.4937126218115022,0.49999999999999994,0.0062873781884977276,persistent,5.148268766093497e-05,6.18575497249508e-05,1.72,20.0,0.4998950196648756,1.4906022107522038e-07,1.4906022107522038e-07,0.0,other,7.471533634305739e-05,7.511451247386915e-05,4.16,4.16,0.49990499431345603,1.4005508065214585e-07,3.0126517423247847e-06,2.872596661672639e-06,other,0.00020689131074452805,0.0002077777925121871,3.15,3.15,0.5,0.4997922222074878,0.5,0.0002077777925121871,persistent,0.010175397130669006,0.010177912346632179,3.46,3.46,0.5,0.4898220876533678,0.5,0.010177912346632179,persistent
relu,0.0002,0.0025,E3_regime,pos,0.01,3.0,2.0,2000,False,7,0.15,20.0,32,E3_regime__relu__mu3-2_sd0.15__h32_eps2.50e-03_pos__s7__dt0.0002__302b2fc508,20.0,0.0002132140988941092,-1.772552328711016e-07,0.49999995181702417,89,147,90,147,110,150,112,150,140,157,140,157,181,539,4.1517654476696066e-05,4.271568311713835e-05,3.54,20.0,0.4998407167669542,8.626211699562137e-07,8.626211699562137e-07,0.0,other,4.147633185880295e-05,4.2673768785420974e-05,3.54,20.0,0.49984072598086704,8.620978799869532e-07,8.620978799869532e-07,0.0,other,0.022384385470995916,0.022442720414627693,3.69,3.69,0.4999999529098062,0.4751088709523279,0.4975515913669556,0.022442720414627693,persistent,0.0063537444899178785,0.00635555826575418,3.68,3.68,0.4999999582343827,0.49364444173424576,0.49999999999999994,0.00635555826575418,persistent,2.0298076066183057e-05,2.067300958655222e-05,3.15,3.15,0.49990253493635156,7.140338979214466e-08,1.4534185502143153e-07,7.393846522928687e-08,other,6.823357931295959e-05,6.85280949049125e-05,4.08,4.07,0.49989747933295553,8.917136223489064e-07,3.9267383594660155e-06,3.035024737117109e-06,other,0.00010930085993138272,0.00011007628427373017,3.0300000000000002,3.0300000000000002,0.5,0.49988992371572627,0.5,0.00011007628427373017,persistent,0.009027922409118927,0.009029966537619172,3.46,3.46,0.5,0.49097003346238083,0.5,0.009029966537619172,persistent
relu,0.0002,0.0025,E3_regime,pos,0.01,3.0,2.0,2000,False,8,0.15,20.0,32,E3_regime__relu__mu3-2_sd0.15__h32_eps2.50e-03_pos__s8__dt0.0002__fca8454431,20.0,0.00021322575129838426,-1.7109680680569054e-07,0.4999999617763038,78,128,79,129,104,131,105,132,135,140,135,140,181,539,2.8794659467156294e-05,2.982123229233448e-05,3.67,20.0,0.4998265964445041,9.378543835278617e-07,9.378543835278617e-07,0.0,other,2.8622927569120862e-05,2.9720060260279358e-05,3.67,20.0,0.4998266069784002,9.360979256612346e-07,9.360979256612346e-07,0.0,other,0.020677746832800215,0.020756231415286153,3.8000000000000003,3.8000000000000003,0.4999999768446456,0.47677765472518696,0.4975338861404731,0.020756231415286153,persistent,0.006063935813268084,0.0060656903960172315,3.8000000000000003,3.8000000000000003,0.49999998449539934,0.4939343096039827,0.49999999999999994,0.0060656903960172315,persistent,2.5608883392051664e-05,3.2091666827997484e-05,1.8,3.2600000000000002,0.49988103249188104,1.1086757055167227e-07,1.452003372951861e-07,3.433276674351383e-08,other,5.824772505036436e-05,5.862588060468501e-05,4.1,4.09,0.49991898299906756,2.573562561950814e-06,4.19359108069798e-06,1.6200285187471666e-06,other,4.9605594835078204e-05,5.016709333682812e-05,3.13,3.13,0.5,0.49994983290666317,0.5,5.016709333682812e-05,other,0.007715769603823808,0.007718044337600427,3.56,3.56,0.5,0.4922819556623996,0.5,0.007718044337600427,persistent
relu,0.0002,0.0025,E3_regime,pos,0.01,3.0,2.0,2000,False,9,0.15,20.0,32,E3_regime__relu__mu3-2_sd0.15__h32_eps2.50e-03_pos__s9__dt0.0002__d5d2540164,20.0,0.0002028647341521051,-1.753992943506126e-07,0.4999999168900331,111,155,111,155,127,157,127,157,153,166,153,166,181,539,9.391388135523727e-05,9.59454666190913e-05,3.34,20.0,0.49986082686334077,5.750526323022113e-07,5.750526323022113e-07,0.0,other,9.410619336010353e-05,9.61424439542969e-05,3.34,20.0,0.4998607853470808,5.759702747368181e-07,5.759702747368181e-07,0.0,other,0.0262934073848064,0.026391236726322043,3.48,3.48,0.49999994870297143,0.47208596483053594,0.498477201556858,0.026391236726322043,persistent,0.006312770058405637,0.006314442302973233,3.62,3.62,0.49999995766730243,0.4936855576970267,0.49999999999999994,0.006314442302973233,persistent,1.9917462516616524e-05,2.024020466032851e-05,3.06,20.0,0.4999286576777659,1.4252436278705254e-07,1.4252436278705254e-07,0.0,other,8.547644357163749e-05,8.59152919846464e-05,3.97,3.97,0.4998713561013527,9.48713845131266e-08,2.7402320941730266e-06,2.6453607096599e-06,other,0.00012680992255753587,0.0001276367224213315,2.98,2.98,0.5,0.49987236327757867,0.5,0.0001276367224213315,persistent,0.010088623878392544,0.010091316850025345,3.31,3.31,0.5,0.48990868314997466,0.5,0.010091316850025345,persistent
relu,0.0002,0.05,E3_regime,iso,0.01,3.0,2.0,2000,False,0,0.15,20.0,8,E3_regime__relu__mu3-2_sd0.15__h8_eps5.00e-02_iso__s0__dt0.0002__2a112a908d,20.0,0.0002058114802104359,-7.164540529792408e-08,0.4989296391886455,13,100,17,265,17,102,21,268,20,111,24,277,181,539,0.0,0.0,nan,20.0,0.4940503105867121,2.715835470954385e-05,2.715835470954385e-05,0.0,monotone,0.0,0.0,nan,20.0,0.4940458632333482,2.7083776990889622e-05,2.7083776990889622e-05,0.0,monotone,0.006714095457007019,0.006717199608442248,2.67,2.67,0.49743440620413243,0.4847880833932985,0.49122880558956605,0.006440722196267568,persistent,0.00560201250479897,0.005615051082123401,2.21,2.21,0.49288115248314757,0.48147822919432626,0.48709328027644966,0.005615051082123401,persistent,2.4215276346046203e-05,2.5600867046147155e-05,2.09,18.46,0.49732819369901643,1.1892226908902721e-08,1.2615096864699307e-08,7.228699557965856e-10,other,0.0,0.0,nan,20.0,0.4923654255173843,9.547454588844145e-07,9.547454588844145e-07,0.0,monotone,0.0010904745932084348,0.0010964120742216754,1.8,1.8,0.4930183410914995,0.4902570766984644,0.49126777881086203,0.0010107021123976212,persistent,0.0,0.0,nan,20.0,0.49735318599636585,0.4935017765332763,0.4935017765332763,0.0,monotone
relu,0.0002,0.05,E3_regime,iso,0.01,3.0,2.0,2000,False,1,0.15,20.0,8,E3_regime__relu__mu3-2_sd0.15__h8_eps5.00e-02_iso__s1__dt0.0002__9188f19710,20.0,0.0003530812174154011,-1.0269605972719736e-07,0.4982127112452872,0,200,0,376,0,203,0,378,5,211,5,385,181,539,0.0,3.8173427325345535e-08,nan,20.0,0.4971088397183612,0.00025542009690485097,0.00025542009690485097,0.0,other,0.0,3.851431175307292e-08,nan,20.0,0.49710673991105486,0.0002555960236228098,0.0002555960236228098,0.0,other,0.007550439316769464,0.007552851342829625,3.17,3.17,0.4947423088798048,0.4839377003876713,0.4914262729362532,0.007488572548581873,persistent,0.0014547414462630082,0.0014622860795613368,2.2600000000000002,20.0,0.4938322822717896,0.4869473808427044,0.4869473808427044,0.0,transient,1.1738408910908694e-05,1.2361186654945514e-05,1.9000000000000001,20.0,0.49344664301514435,1.2389738042321567e-08,1.2389738042321567e-08,0.0,other,3.3770926739345505e-05,3.469433477448528e-05,2.9,20.0,0.4975561720589357,1.2359413475443898e-06,1.2359413475443898e-06,0.0,other,0.0002996891577721761,0.0003050040003071963,1.0,20.0,0.4940027822343133,0.49239893941347107,0.49239893941347107,0.0,transient,0.0012796201792682482,0.0012840830912208556,0.01,2.61,0.49505872371512094,0.49405383678255477,0.4942363837224239,0.00018254693986913262,persistent
relu,0.0002,0.05,E3_regime,iso,0.01,3.0,2.0,2000,False,2,0.15,20.0,8,E3_regime__relu__mu3-2_sd0.15__h8_eps5.00e-02_iso__s2__dt0.0002__dfc158db3b,20.0,0.0002711167013134959,-9.791626137510426e-08,0.4960795994361433,0,90,0,250,48,92,49,252,98,105,98,265,181,539,1.6432151962352323e-06,1.6522633394564732e-06,2.98,20.0,0.4963347494331961,6.94198659197398e-05,6.94198659197398e-05,0.0,other,1.7066116962444655e-06,1.7166190530025667e-06,2.96,20.0,0.4963250596055606,7.002013867155662e-05,7.002013867155662e-05,0.0,other,0.0012407530312492088,0.0012651323247364066,4.37,4.37,0.492457254056828,0.477725631170871,0.47899076349560743,0.0012651323247364066,persistent,0.008286504684917873,0.008289052871880198,2.17,2.17,0.4955621894098414,0.4877929168309159,0.4960819697027961,0.008289052871880198,persistent,3.854836435511867e-05,3.9748610687346727e-05,2.0100000000000002,2.0100000000000002,0.49808390868581914,6.86359889438829e-08,2.4314978638052417e-07,1.7451379743664128e-07,other,3.5579502495734647e-08,3.561856528105039e-08,10.700000000000001,10.68,0.4945803115573864,2.21139805045243e-09,3.6793080375858254e-08,3.458168232540582e-08,other,0.0013703413413501675,0.0013721199124343553,1.68,1.68,0.4952992729795777,0.49431304110145863,0.495685161013893,0.0013721199124343553,persistent,0.0006668184001135113,0.0006876102479281831,8.13,8.13,0.49209977303805913,0.48571944355930297,0.48640705380723115,0.0006876102479281831,persistent
relu,0.0002,0.05,E3_regime,iso,0.01,3.0,2.0,2000,False,3,0.15,20.0,8,E3_regime__relu__mu3-2_sd0.15__h8_eps5.00e-02_iso__s3__dt0.0002__94dbf225c4,20.0,0.00016610289371369092,-1.353290804058133e-07,0.49632169467111,8,162,8,317,24,166,28,336,60,177,65,346,181,539,0.0,0.0,nan,20.0,0.4952283312583631,5.082076451119628e-07,5.082076451119628e-07,0.0,monotone,0.0,0.0,nan,20.0,0.4952257679915797,5.069491293822354e-07,5.069491293822354e-07,0.0,monotone,0.023326521575223136,0.023416142704384857,2.72,2.72,0.4942503243806422,0.4699296319444353,0.4933457746488202,0.023416142704384857,persistent,0.0108360758091392,0.01084157495710164,2.31,2.31,0.4958362481279147,0.48536104323784734,0.496202618194949,0.01084157495710164,persistent,6.214509589144964e-05,6.327203967393548e-05,2.04,20.0,0.4935888972197355,9.027415063951651e-08,9.027415063951651e-08,0.0,other,9.314946348255985e-05,9.525761764180257e-05,2.89,20.0,0.4971456279289405,2.2129521637267543e-06,2.2129521637267543e-06,0.0,other,0.0007868560012631587,0.0007892362206194381,1.8,1.81,0.49545908911500725,0.4949381221338902,0.49572735835450965,0.0007892362206194381,persistent,0.007980327816594301,0.007983201059531986,2.43,2.43,0.49386732400643574,0.48621674496070577,0.49415586708378817,0.007939122123082398,persistent
relu,0.0002,0.05,E3_regime,iso,0.01,3.0,2.0,2000,False,4,0.15,20.0,8,E3_regime__relu__mu3-2_sd0.15__h8_eps5.00e-02_iso__s4__dt0.0002__8c280fb8e6,20.0,0.0003448889935394258,-1.8934881438475992e-07,0.49744675925285264,23,162,26,328,99,166,101,332,153,178,155,345,181,539,7.979471842196e-05,8.101529879851358e-05,7.32,7.33,0.49536720172747317,0.0001414992711804132,0.00022251456997892679,8.101529879851358e-05,other,7.95965834412145e-05,8.081687395328492e-05,7.33,7.33,0.49536881150393,0.0001412444427066457,0.00022206131665993063,8.081687395328492e-05,other,0.020182992277917478,0.020310741032369406,2.74,2.74,0.4963541500187119,0.46822560957006354,0.48853635060243294,0.020310741032369406,persistent,0.006091358761550314,0.006105184118035956,2.39,2.38,0.49273081343427216,0.4777779440000772,0.4817860857217972,0.004008141721719982,persistent,3.161876769459065e-05,3.255526794432523e-05,2.1,20.0,0.4947283837150177,2.793645859385693e-08,2.793645859385693e-08,0.0,other,6.150548591030905e-05,6.367462087009488e-05,2.91,2.9,0.49641352635778846,3.58706290816574e-06,2.353205322050898e-05,1.9944990312343242e-05,other,0.0001988689120302478,0.00027403074489373846,2.04,20.0,0.4927022187825263,0.48715738376615175,0.48715738376615175,0.0,transient,0.010797735649249629,0.010800080463301887,2.45,2.45,0.49621084100481555,0.4866353218588047,0.4974354023221066,0.010800080463301887,persistent
relu,0.0002,0.05,E3_regime,iso,0.01,3.0,2.0,2000,False,5,0.15,20.0,8,E3_regime__relu__mu3-2_sd0.15__h8_eps5.00e-02_iso__s5__dt0.0002__4e97c1216c,20.0,0.00017309665307401145,-1.2208566472216562e-07,0.4982200603299134,0,199,0,357,0,205,0,372,8,216,8,396,181,539,0.0,0.0,nan,20.0,0.49724868722544674,1.2606496370011053e-05,1.2606496370011053e-05,0.0,monotone,0.0,0.0,nan,20.0,0.49724931037020637,1.2615430557434046e-05,1.2615430557434046e-05,0.0,monotone,0.009366788520992486,0.009409001391035399,3.04,3.0500000000000003,0.49502798345828725,0.48428168075086214,0.49369068214189754,0.009409001391035399,persistent,0.0060172664254891095,0.006019693401760395,2.0,2.0,0.49486001136927094,0.4896867376449107,0.4957064310466711,0.006019693401760395,persistent,3.6029429482715095e-05,3.683244531754731e-05,1.68,20.0,0.49427718770522494,9.280687215379023e-08,9.280687215379023e-08,0.0,other,3.879343449336209e-05,3.960483865458672e-05,2.81,20.0,0.4955914628114107,1.27802860901408e-06,1.27802860901408e-06,0.0,other,0.0006178735435973248,0.0006182763540000802,0.8200000000000001,0.8300000000000001,0.49488248645019633,0.49486618340448674,0.4954844597584868,0.0006182763540000802,persistent,0.0020086258496134213,0.002010528952721524,2.58,2.57,0.49530503409447363,0.49425335029503853,0.4960407034855133,0.0017873531904747941,persistent
relu,0.0002,0.05,E3_regime,iso,0.01,3.0,2.0,2000,False,6,0.15,20.0,8,E3_regime__relu__mu3-2_sd0.15__h8_eps5.00e-02_iso__s6__dt0.0002__43800dd60f,20.0,0.00028912880642442153,-2.623245055725378e-07,0.4999943956936477,150,199,151,367,164,202,165,379,179,219,180,408,181,539,0.0007640713586034374,0.00077119851422207,2.41,16.81,0.4933948234783827,6.711437893109112e-06,8.61111880631601e-06,1.8996809132068974e-06,transient,0.0007603917499798223,0.000767486845066944,2.41,16.78,0.49339478331754183,6.722787979521269e-06,8.667111290734419e-06,1.9443233112131496e-06,transient,0.04237613636927179,0.04249559336760772,2.67,2.66,0.49298037226190083,0.444247644204376,0.48674323757198373,0.04249559336760772,persistent,0.0,0.0,nan,20.0,0.4975033305029567,0.48910912709347626,0.48910912709347626,0.0,monotone,3.0524348140013244e-08,4.448629084961202e-06,3.81,20.0,0.49227715816305906,1.9201085629280118e-08,1.9201085629280118e-08,0.0,other,3.695244955472596e-05,3.721175706789272e-05,4.0,4.0,0.4965053305130973,2.7930071436330907e-07,8.089257923368993e-06,7.809957209005683e-06,other,0.0,0.0,nan,20.0,0.49751863063671675,0.49140680497464617,0.49140680497464617,0.0,monotone,0.02428261372178042,0.024301777981639017,2.57,2.56,0.49377405713072636,0.4718279939277172,0.4961297719093562,0.024301777981639017,persistent
relu,0.0002,0.05,E3_regime,iso,0.01,3.0,2.0,2000,False,7,0.15,20.0,8,E3_regime__relu__mu3-2_sd0.15__h8_eps5.00e-02_iso__s7__dt0.0002__b9b54bd12f,20.0,0.00034335070182304935,-6.675480591602145e-08,0.4973273068317212,10,178,10,338,11,183,11,344,51,201,51,361,181,539,0.0,0.0,nan,20.0,0.4971253889623459,4.5514274438710376e-05,4.5514274438710376e-05,0.0,monotone,0.0,0.0,nan,20.0,0.4971259809037134,4.550824853549699e-05,4.550824853549699e-05,0.0,monotone,0.0012323036751809013,0.0012753112445102466,10.05,10.05,0.4952836217077535,0.47858101320683305,0.4798563244513433,0.0012753112445102466,persistent,0.010294427498584002,0.010299923431935532,1.8900000000000001,1.8900000000000001,0.4936321398726952,0.4809880921781967,0.4912257459800179,0.010237653801821178,persistent,1.2658678013043424e-05,1.4688957738258831e-05,2.0300000000000002,19.94,0.4985124732059873,9.448401148917238e-08,9.46372372992936e-08,1.5322581012122047e-10,other,4.157683961962407e-07,4.2692111111510915e-07,3.2,3.19,0.49213742532435684,1.1208307796280888e-07,5.39004189077918e-07,4.2692111111510915e-07,other,0.0030272275504472645,0.0030310809184170284,1.6300000000000001,1.62,0.4941112364483716,0.49164382672756407,0.4945384229411277,0.0028945962135636383,persistent,0.001245056818835244,0.0012837101074943402,8.89,8.9,0.4953088012393563,0.4880851978272457,0.48936890793474,0.0012837101074943402,persistent
relu,0.0002,0.05,E3_regime,iso,0.01,3.0,2.0,2000,False,8,0.15,20.0,8,E3_regime__relu__mu3-2_sd0.15__h8_eps5.00e-02_iso__s8__dt0.0002__0bb73feae3,20.0,0.00029145491356708566,-1.2260428801613406e-07,0.4999459432765434,0,204,0,377,0,213,0,379,5,221,5,383,181,539,0.0,0.0,nan,20.0,0.49863607773164503,4.3243583552852795e-05,4.3243583552852795e-05,0.0,monotone,0.0,0.0,nan,20.0,0.49863450253407904,4.317273435358946e-05,4.317273435358946e-05,0.0,monotone,0.00645052821909492,0.006546133593039516,0.51,4.4,0.4924544710340459,0.4875239281169991,0.49013354687477706,0.0026096187577779872,persistent,0.004270652537610664,0.0042721397227543645,2.07,2.07,0.49593070531205985,0.4920815567949192,0.49628416267113074,0.004202605876211518,persistent,2.192667147162617e-05,2.2358804209283753e-05,2.04,20.0,0.49419924669175436,2.073498748368004e-07,2.073498748368004e-07,0.0,other,1.4441113446072116e-06,2.1998322836531937e-06,4.62,20.0,0.496306676160776,1.2727521118848045e-07,1.2727521118848045e-07,0.0,other,0.0010944797250603266,0.0010968255123035564,0.44,0.44,0.49621150365196837,0.49619183561485264,0.4968246052714547,0.0006327696566020835,persistent,0.00010393755269433314,0.005292115370701844,13.780000000000001,0.0,0.4933684310142212,0.4933684310142212,0.4956943754372085,0.002325944422987336,persistent
relu,0.0002,0.05,E3_regime,iso,0.01,3.0,2.0,2000,False,9,0.15,20.0,8,E3_regime__relu__mu3-2_sd0.15__h8_eps5.00e-02_iso__s9__dt0.0002__d8cc3446e0,20.0,0.0002960775990797436,-9.453776429112172e-08,0.49993255708250217,13,102,13,273,14,104,15,276,16,106,16,278,181,539,6.169170903416515e-08,6.631865744820232e-08,17.84,17.84,0.4958246678306158,0.0001346381088378441,0.0001347024004752744,6.429163743027454e-08,other,6.000317269314265e-08,6.455565986239259e-08,17.84,17.84,0.4958226398353861,0.00013450300931809917,0.00013456545374053745,6.244442243827689e-08,other,0.0019723707907801646,0.001979905822367678,2.52,2.52,0.49755458792503093,0.4853224887153643,0.48602436074543814,0.0007018720300738246,persistent,0.008454748893887643,0.00845982941508533,2.13,2.13,0.49330352359958113,0.4784309299898542,0.48609809880653676,0.007667168816682557,persistent,7.233313214333686e-06,7.713640332955629e-06,2.0,20.0,0.49817010729875555,2.5056473860786898e-08,2.5056473860786898e-08,0.0,other,0.0,0.0,nan,20.0,0.49027920260909613,5.850136320394424e-07,5.850136320394424e-07,0.0,monotone,0.002671132708444046,0.0026792197392521144,1.83,1.83,0.4940059537384588,0.49040990037127835,0.4917593875157859,0.0013494871445075551,persistent,0.0,0.0,nan,20.0,0.49763437447078085,0.49166438390303685,0.49166438390303685,0.0,monotone
relu,0.0002,0.05,E3_regime,pos,0.01,3.0,2.0,2000,False,0,0.15,20.0,8,E3_regime__relu__mu3-2_sd0.15__h8_eps5.00e-02_pos__s0__dt0.0002__b736f55fb1,20.0,0.00018559317596360917,-1.5483046493381248e-07,0.4999999321127504,141,187,141,187,149,192,150,205,174,200,174,218,181,539,0.0003699173718565228,0.0003743826578652084,2.15,20.0,0.48534769819316914,3.208940624667307e-07,3.208940624667307e-07,0.0,transient,0.00037113005421089565,0.000375609194258274,2.15,20.0,0.48534297741619015,3.2198401600470276e-07,3.2198401600470276e-07,0.0,transient,0.041139632119902625,0.041228849562518155,2.37,2.37,0.4999893267523506,0.45821891055015174,0.4994477601126699,0.041228849562518155,persistent,0.007967669132628197,0.007968753315272525,2.79,2.79,0.49999999999999994,0.4920312466847274,0.49999999999999994,0.007968753315272525,persistent,2.0432348970574182e-05,2.0713062835223806e-05,2.05,20.0,0.49074485336134094,1.395919575292748e-07,1.395919575292748e-07,0.0,other,0.0001191455295222516,0.00011951459108958409,3.42,3.41,0.48938530117635926,6.571141931567492e-07,1.7799763212536858e-06,1.1228621280969367e-06,transient,0.00021568021866164022,0.0002168898402390984,2.04,2.04,0.5,0.4997831101597609,0.5,0.0002168898402390984,persistent,0.017878116492486718,0.017881915743158838,2.25,2.25,0.5,0.48211808425684116,0.5,0.017881915743158838,persistent
relu,0.0002,0.05,E3_regime,pos,0.01,3.0,2.0,2000,False,1,0.15,20.0,8,E3_regime__relu__mu3-2_sd0.15__h8_eps5.00e-02_pos__s1__dt0.0002__7d3b0375ff,20.0,0.00017024013783714038,-1.3059125808628758e-07,0.49999997446311717,14,129,15,129,58,131,60,131,101,140,104,140,181,539,0.0,0.0,nan,20.0,0.48475085738577595,7.669189461876222e-07,7.669189461876222e-07,0.0,monotone,0.0,0.0,nan,20.0,0.48475343692081296,7.658651742043082e-07,7.658651742043082e-07,0.0,monotone,0.016889281395466804,0.01698689904579903,2.48,2.48,0.5,0.47960532099085695,0.496592220036656,0.01698689904579903,persistent,0.008664555914212335,0.008668458681678981,2.14,2.14,0.49999999999999994,0.49133154131832096,0.49999999999999994,0.008668458681678981,persistent,4.8622219210223896e-05,4.953946819671446e-05,1.82,1.82,0.4911750268123869,2.3279519258715003e-09,8.89266427804456e-08,8.659869085457409e-08,other,3.859275113623798e-05,3.911277135062729e-05,2.7,20.0,0.4889657313083382,3.4279871374549476e-06,3.4279871374549476e-06,0.0,other,0.0005905221410284489,0.0005931872554981732,1.6600000000000001,1.6600000000000001,0.5,0.4994068127445018,0.5,0.0005931872554981732,persistent,0.006807225154283669,0.0068086802498356636,2.24,2.24,0.5,0.49319131975016434,0.5,0.0068086802498356636,persistent
relu,0.0002,0.05,E3_regime,pos,0.01,3.0,2.0,2000,False,2,0.15,20.0,8,E3_regime__relu__mu3-2_sd0.15__h8_eps5.00e-02_pos__s2__dt0.0002__f36a367122,20.0,0.00019917734125802998,-1.5289532575898782e-07,0.49999999766419956,133,181,133,217,147,187,147,229,164,195,165,253,181,539,0.00022252507783158328,0.00022590090873451246,2.2600000000000002,20.0,0.48351171775184,5.898051038714142e-07,5.898051038714142e-07,0.0,transient,0.00022449553907157656,0.00022790442875273462,2.2600000000000002,20.0,0.48351331359102234,5.954526145251209e-07,5.954526145251209e-07,0.0,transient,0.026876290565317096,0.026989124972432443,2.47,2.47,0.4999999989697784,0.47066102081726874,0.4976501457897012,0.026989124972432443,persistent,0.0020163264067140085,0.0020166716989867828,3.02,3.02,0.49999999999999994,0.49798332830101316,0.49999999999999994,0.0020166716989867828,persistent,1.2579390193743414e-06,1.280716193014259e-06,2.41,20.0,0.48729361376393016,7.504559949076115e-08,7.504559949076115e-08,0.0,other,4.665835073583677e-05,4.7007707188857244e-05,3.33,3.33,0.49285037528163966,1.3151195458895246e-08,2.5497145544994784e-06,2.536563359040583e-06,other,0.0,0.0,nan,0.0,0.5,0.5,0.5,0.0,monotone,0.011682302949966805,0.011684361354499795,2.33,2.32,0.5,0.4883156386455002,0.5,0.011684361354499795,persistent
relu,0.0002,0.05,E3_regime,pos,0.01,3.0,2.0,2000,False,3,0.15,20.0,8,E3_regime__relu__mu3-2_sd0.15__h8_eps5.00e-02_pos__s3__dt0.0002__abec8608ee,20.0,0.00019760299412028466,-1.7156162195245783e-07,0.49999999964102976,144,208,144,229,152,214,152,241,174,227,175,252,181,539,0.0004114179040974684,0.00041622822339320925,2.35,20.0,0.4827839803914227,4.862032704893652e-07,4.862032704893652e-07,0.0,transient,0.0004104266500581326,0.00041522532083097813,2.35,20.0,0.48278313097717035,4.849551189915073e-07,4.849551189915073e-07,0.0,transient,0.04197076278851791,0.042117455388286595,2.65,2.65,0.5,0.4568655826561804,0.498983038044467,0.042117455388286595,persistent,0.00759063304804708,0.007593332416016119,2.7800000000000002,2.7800000000000002,0.49999999999999994,0.4924066675839838,0.49999999999999994,0.007593332416016119,persistent,1.3916519011109525e-05,1.4207772331397958e-05,2.27,20.0,0.4866856173101459,1.1227484037276598e-07,1.1227484037276598e-07,0.0,other,0.0001010930299685242,0.00010172283826776897,3.44,3.44,0.49346906787704764,4.418800259471327e-07,2.426111663281256e-06,1.9842316373341235e-06,transient,0.0,0.0,nan,0.0,0.5,0.5,0.5,0.0,monotone,0.018835107118272798,0.01883876426258524,2.5,2.5,0.5,0.48116123573741476,0.5,0.01883876426258524,persistent
relu,0.0002,0.05,E3_regime,pos,0.01,3.0,2.0,2000,False,4,0.15,20.0,8,E3_regime__relu__mu3-2_sd0.15__h8_eps5.00e-02_pos__s4__dt0.0002__4ea3186ecc,20.0,0.0001850316967851879,-1.384501115751324e-07,0.4999999394084682,93,169,93,169,119,171,120,171,137,182,137,182,181,539,3.661280035577809e-05,3.748018374962275e-05,2.29,20.0,0.4854099098588451,4.573658607907973e-07,4.573658607907973e-07,0.0,other,3.695537338414695e-05,3.7824909387452435e-05,2.29,20.0,0.4854028192347626,4.5930018380347684e-07,4.5930018380347684e-07,0.0,other,0.027530620618373358,0.027625358015855805,2.43,2.42,0.5,0.4699705818622199,0.4975959398780757,0.027625358015855805,persistent,0.01102570872423575,0.01103027661014766,2.21,2.21,0.49999736411177215,0.4889697233898523,0.49999999999999994,0.01103027661014766,persistent,5.306346783807602e-05,5.469662564255454e-05,1.8900000000000001,20.0,0.4912550634074195,1.2275581751889674e-07,1.2275581751889674e-07,0.0,other,5.733889619883506e-05,5.782711089978144e-05,2.98,2.97,0.4888776906705102,9.834400221455946e-10,2.339493188346153e-06,2.3385097483240074e-06,other,0.0010322604687279524,0.001035737233341938,1.75,1.75,0.5,0.49896426276665806,0.5,0.001035737233341938,persistent,0.011663785016429007,0.011666305083100126,2.21,2.21,0.5,0.4883336949168999,0.5,0.011666305083100126,persistent
relu,0.0002,0.05,E3_regime,pos,0.01,3.0,2.0,2000,False,5,0.15,20.0,8,E3_regime__relu__mu3-2_sd0.15__h8_eps5.00e-02_pos__s5__dt0.0002__e5594a1afe,20.0,0.00019845717896212428,-1.708604747201973e-07,0.49999999902984305,134,160,134,189,147,164,147,199,163,172,168,221,181,539,0.00022477355779444832,0.00022806113594194715,2.27,20.0,0.4834784875637317,6.085178190463271e-07,6.085178190463271e-07,0.0,transient,0.00022493952627042094,0.00022822962688043058,2.27,20.0,0.4834781942038767,6.090059239708233e-07,6.090059239708233e-07,0.0,transient,0.031445475767736986,0.03161042792651836,2.49,2.48,0.4999993329403262,0.4665650985460593,0.4981755264725777,0.03161042792651836,persistent,0.0025961774091378675,0.0025973903576604895,2.7,2.7,0.49999999999999994,0.49740260964233945,0.49999999999999994,0.0025973903576604895,persistent,2.8307873685533154e-06,2.8842705698306877e-06,2.3000000000000003,20.0,0.48815303887320705,8.200058225747124e-08,8.200058225747124e-08,0.0,other,9.008131298445092e-05,9.022993626674658e-05,3.2,3.19,0.4919917792315545,1.431758188527442e-08,2.751168679057279e-06,2.7368510971720044e-06,other,0.0,0.0,nan,0.0,0.5,0.5,0.5,0.0,monotone,0.014492223568389972,0.01449433030086994,2.37,2.36,0.5,0.48550566969913006,0.5,0.01449433030086994,persistent
relu,0.0002,0.05,E3_regime,pos,0.01,3.0,2.0,2000,False,6,0.15,20.0,8,E3_regime__relu__mu3-2_sd0.15__h8_eps5.00e-02_pos__s6__dt0.0002__119321097a,20.0,0.0001624745510145198,-1.2566275728453512e-07,0.4999999808264892,96,186,125,186,127,189,156,189,148,200,176,200,181,539,4.890207178027056e-06,6.218614519683133e-06,2.58,20.0,0.48292430774956985,3.3377972273031267e-07,3.3377972273031267e-07,0.0,other,4.737302454639234e-06,6.017864877809514e-06,2.58,20.0,0.4829328345831344,3.3215926950651837e-07,3.3215926950651837e-07,0.0,other,0.029060617861623728,0.02911860664133431,2.48,2.48,0.5,0.47017933079573304,0.49929793743706735,0.02911860664133431,persistent,0.014831959842116382,0.014837329886640105,2.39,2.39,0.4999937401068297,0.48516267011335984,0.49999999999999994,0.014837329886640105,persistent,6.696722671635639e-05,6.953773144349198e-05,2.18,2.18,0.4904268409662406,2.4582990390454137e-08,9.766517718440868e-08,7.308218679395455e-08,other,0.00011758397114130564,0.00011886187483590714,2.89,2.88,0.4897369216983149,5.604410669040165e-07,1.723239207311998e-06,1.1627981404079814e-06,transient,0.002347231207776024,0.0023515681748486617,1.98,1.98,0.5,0.49764843182515134,0.5,0.0023515681748486617,persistent,0.0096354382578403,0.009639784732790091,2.32,2.32,0.5,0.4903602152672099,0.5,0.009639784732790091,persistent
relu,0.0002,0.05,E3_regime,pos,0.01,3.0,2.0,2000,False,7,0.15,20.0,8,E3_regime__relu__mu3-2_sd0.15__h8_eps5.00e-02_pos__s7__dt0.0002__1f75d82b7e,20.0,0.0001963357683973786,-1.5481074782779927e-07,0.49999993236221485,134,185,134,211,147,190,147,220,162,201,162,237,181,539,0.0002340378227533403,0.00023744071220787235,2.12,20.0,0.4858931016092026,6.226815415349325e-07,6.226815415349325e-07,0.0,transient,0.0002339022223513222,0.00023730309326323206,2.12,20.0,0.48589436682497666,6.222998164198717e-07,6.222998164198717e-07,0.0,transient,0.028131394199431503,0.028238140363874564,2.3000000000000003,2.3000000000000003,0.4999844510669566,0.4697624864648981,0.49800062682877266,0.028238140363874564,persistent,0.0037362043260212863,0.003736949655614219,2.75,2.75,0.49999999999999994,0.4962630503443857,0.49999999999999994,0.003736949655614219,persistent,4.263773279495291e-06,4.343968422181301e-06,2.09,20.0,0.4919401890523691,1.1913752280712317e-07,1.1913752280712317e-07,0.0,other,7.164704218871003e-05,7.299452591535146e-05,2.97,2.97,0.48819207242364027,1.0799884714929015e-07,2.9021880787933e-06,2.7941892316440096e-06,other,0.0,0.0,nan,0.0,0.5,0.5,0.5,0.0,monotone,0.011242471017447242,0.011245335625269692,2.17,2.17,0.5,0.4887546643747303,0.5,0.011245335625269692,persistent
relu,0.0002,0.05,E3_regime,pos,0.01,3.0,2.0,2000,False,8,0.15,20.0,8,E3_regime__relu__mu3-2_sd0.15__h8_eps5.00e-02_pos__s8__dt0.0002__600fa2e734,20.0,0.00016435716420506517,-1.052082182617512e-07,0.4999999927256855,5,97,16,97,13,100,23,100,31,107,44,107,181,539,0.0,0.0,nan,20.0,0.48402940534633243,2.777355738839733e-07,2.777355738839733e-07,0.0,monotone,0.0,0.0,nan,20.0,0.4840330661263792,2.77241955049215e-07,2.77241955049215e-07,0.0,monotone,0.011774359654840416,0.011808592760869319,2.41,2.41,0.5,0.487861777476617,0.49967037023748634,0.011808592760869319,persistent,0.007140547097480743,0.0071429889240156585,2.25,2.25,0.49999380589271303,0.4928570110759843,0.49999999999999994,0.0071429889240156585,persistent,3.335891461860156e-05,3.435130071026994e-05,1.9100000000000001,1.9100000000000001,0.4909771197740688,1.808976231003346e-09,8.457444416008451e-08,8.276546792908116e-08,other,4.761116358312476e-05,4.835775203223982e-05,2.61,20.0,0.4891726429095994,1.259371519427221e-06,1.259371519427221e-06,0.0,other,0.0007744926890815851,0.000775986397456685,1.71,1.71,0.5,0.4992240136025433,0.5,0.000775986397456685,persistent,0.0019792071884280893,0.0019803486958858696,2.17,2.17,0.5,0.49801965130411413,0.5,0.0019803486958858696,persistent
relu,0.0002,0.05,E3_regime,pos,0.01,3.0,2.0,2000,False,9,0.15,20.0,8,E3_regime__relu__mu3-2_sd0.15__h8_eps5.00e-02_pos__s9__dt0.0002__da003901ec,20.0,0.00017518377874166488,-1.4409781984054282e-07,0.4999999927029717,131,190,143,211,142,197,161,216,178,210,181,227,181,539,0.00022520963084201898,0.0002281470925576432,2.14,20.0,0.48726021464970004,3.205565556013612e-07,3.205565556013612e-07,0.0,transient,0.0002256055729109686,0.000228549247883735,2.14,20.0,0.4872534866537793,3.210890877090837e-07,3.210890877090837e-07,0.0,transient,0.035046890603162906,0.03504904920541674,2.32,2.32,0.5,0.46495095079458326,0.5,0.03504904920541674,persistent,0.007208357428890033,0.00721036131634939,2.48,2.48,0.49999999999999994,0.49278963868365055,0.49999999999999994,0.00721036131634939,persistent,2.2113633650697942e-05,2.260713255542199e-05,1.87,20.0,0.4960817022915153,1.0036185985923791e-07,1.0036185985923791e-07,0.0,other,0.00016972277974050795,0.00017288573609784878,3.0300000000000002,3.0300000000000002,0.48408652021740733,2.8534389243923854e-07,1.6463304397298686e-06,1.3609865472906301e-06,transient,0.0,0.0,nan,0.0,0.5,0.5,0.5,0.0,monotone,0.015028762804384865,0.015032028281170784,2.19,2.18,0.5,0.4849679717188292,0.5,0.015032028281170784,persistent
relu,0.0002,0.005,E3_regime,iso,0.01,3.0,2.0,2000,False,0,0.15,20.0,8,E3_regime__relu__mu3-2_sd0.15__h8_eps5.00e-03_iso__s0__dt0.0002__3168dea61f,20.0,0.00017167665922991545,-1.238929893457026e-07,0.49999345603964684,0,84,0,84,2,86,2,86,8,105,8,271,181,539,0.0,0.0,nan,20.0,0.4999402943177136,9.080134363974762e-07,9.080134363974762e-07,0.0,monotone,0.0,0.0,nan,20.0,0.4999402496229296,9.107106223106867e-07,9.107106223106867e-07,0.0,monotone,0.009689807696877939,0.009691093820267282,3.5300000000000002,3.5300000000000002,0.49997431073055837,0.4893043393887528,0.49899543320902007,0.009691093820267282,persistent,0.005172454653960157,0.0051742236139787345,3.36,3.36,0.4999285553430326,0.49477713850008065,0.49995103402694124,0.005173895526860595,persistent,1.7886308823216783e-05,1.8248406910695513e-05,2.94,2.93,0.49997321638100767,4.5117757717558667e-08,7.295290369104521e-08,2.7835145973486543e-08,other,6.905657387790143e-05,7.11049192428418e-05,3.81,20.0,0.49992336057771514,8.779388366982823e-07,8.779388366982823e-07,0.0,other,3.491447551917659e-05,3.502489320611479e-05,1.74,1.74,0.4999299340540771,0.49991668634263836,0.4999499874379026,3.330109526422653e-05,other,0.0014133977703481015,0.0014148190308266861,3.2,3.2,0.49997349550183057,0.4981881973372724,0.49960301636809906,0.0014148190308266861,persistent
relu,0.0002,0.005,E3_regime,iso,0.01,3.0,2.0,2000,False,1,0.15,20.0,8,E3_regime__relu__mu3-2_sd0.15__h8_eps5.00e-03_iso__s1__dt0.0002__9ee81926fa,20.0,0.0001750053331718957,-1.1759884476064404e-07,0.49999221209603206,0,137,0,154,0,165,0,178,4,193,4,374,181,539,0.0,0.0,nan,20.0,0.49997100816855533,7.373266424748e-07,7.373266424748e-07,0.0,monotone,0.0,0.0,nan,20.0,0.4999709870660195,7.363961854178688e-07,7.363961854178688e-07,0.0,monotone,0.005604166121695564,0.005610974799051871,3.87,3.87,0.49994726872239753,0.4931116258166564,0.4987226006157083,0.005610974799051871,persistent,0.004488509892033976,0.004490245628067324,3.37,3.37,0.49993812678398575,0.495501895539304,0.49999214116737134,0.004490245628067324,persistent,1.7341047064240392e-05,1.761884087451327e-05,3.04,20.0,0.49993421184711884,7.396214681148963e-08,7.396214681148963e-08,0.0,other,0.0,0.0,nan,20.0,0.4999755051175981,2.94126796271101e-06,2.94126796271101e-06,0.0,monotone,6.380407765765872e-05,6.390278095164126e-05,2.0300000000000002,2.0300000000000002,0.49993984026576993,0.4999265779302018,0.49999048071115343,6.390278095164126e-05,other,0.0004178004457303097,0.00041817780371855573,3.2600000000000002,3.2600000000000002,0.4999504492016156,0.49956634179762816,0.4999845196013467,0.00041817780371855573,persistent
relu,0.0002,0.005,E3_regime,iso,0.01,3.0,2.0,2000,False,2,0.15,20.0,8,E3_regime__relu__mu3-2_sd0.15__h8_eps5.00e-03_iso__s2__dt0.0002__e604dbfaf3,20.0,0.00020632338396953188,-1.3879643265759405e-07,0.49996093192783064,0,108,0,108,0,111,0,111,7,121,7,216,181,539,0.0,0.0,nan,20.0,0.49996326477506425,2.648708460157925e-06,2.648708460157925e-06,0.0,monotone,0.0,0.0,nan,20.0,0.4999631675156988,2.6730638185124085e-06,2.6730638185124085e-06,0.0,monotone,0.00947292948835221,0.009503301775575235,3.5500000000000003,3.5500000000000003,0.49992426491023584,0.4867639390956349,0.49626724087121016,0.009503301775575235,persistent,0.0052408309804444775,0.005242387613987265,3.48,3.48,0.49995550676906686,0.49471831473472694,0.4999607023487142,0.005242387613987265,persistent,1.626834152158484e-05,1.660642745429276e-05,3.02,3.02,0.49998081894219804,4.323207052231126e-09,9.910545122161887e-08,9.478224416938775e-08,other,3.948897760608361e-05,4.4220951333026875e-05,3.69,12.39,0.49994565501762994,2.839554008730226e-06,5.941743038652981e-06,3.1021890299227548e-06,other,3.6798236635604553e-06,3.854949849335654e-06,1.49,0.0,0.49995286452500215,0.49995286452500215,0.4999567194748515,3.854949849335654e-06,other,0.0023256544673673774,0.002349814686887719,3.25,3.24,0.49992066784179606,0.49733461931043854,0.49968443399732626,0.002349814686887719,persistent
relu,0.0002,0.005,E3_regime,iso,0.01,3.0,2.0,2000,False,3,0.15,20.0,8,E3_regime__relu__mu3-2_sd0.15__h8_eps5.00e-03_iso__s3__dt0.0002__e38f20fdb0,20.0,0.00016907252519022942,-1.2191272962555708e-07,0.4999629988050103,0,85,0,85,0,89,0,89,6,99,6,99,181,539,0.0,0.0,nan,20.0,0.49995215187845576,3.0426052160060886e-07,3.0426052160060886e-07,0.0,monotone,0.0,0.0,nan,20.0,0.49995212611826845,3.035710896279442e-07,3.035710896279442e-07,0.0,monotone,0.01184951250746219,0.011850813188798826,3.79,3.79,0.4999423173056601,0.48809587869110077,0.4999466839648758,0.011850805273775022,persistent,0.005547253535132246,0.005549888667732927,3.42,3.42,0.4999582431661338,0.4944120073363307,0.49996189600406366,0.005549888667732927,persistent,2.1309289902081797e-05,2.170521710143608e-05,3.09,20.0,0.49993568403406163,6.849620747577161e-08,6.849620747577161e-08,0.0,other,4.08519146126516e-05,4.216148092117413e-05,3.93,20.0,0.49997141531800116,1.305923240606044e-06,1.305923240606044e-06,0.0,other,2.7405805921865145e-06,2.7413140586407536e-06,0.6900000000000001,0.7000000000000001,0.4999544480925191,0.49995438438116496,0.4999571256952236,2.7413140586407536e-06,other,0.0017336718061151668,0.0017352244354830182,3.37,3.37,0.4999384586492452,0.49820650379687464,0.4999409531499931,0.0017344493531184502,persistent
relu,0.0002,0.005,E3_regime,iso,0.01,3.0,2.0,2000,False,4,0.15,20.0,8,E3_regime__relu__mu3-2_sd0.15__h8_eps5.00e-03_iso__s4__dt0.0002__223813f382,20.0,0.00018147514264818122,-1.3286702956494278e-07,0.49997661371567403,0,105,0,105,2,109,2,109,10,119,10,219,181,539,0.0,0.0,nan,20.0,0.499953562589247,5.432311819454766e-07,5.432311819454766e-07,0.0,monotone,0.0,0.0,nan,20.0,0.4999535787670958,5.453038519290875e-07,5.453038519290875e-07,0.0,monotone,0.013798056895973854,0.013851615534459405,3.8000000000000003,3.8000000000000003,0.49996347241273087,0.48389064454117203,0.49774226007563144,0.013851615534459405,persistent,0.006673996449954034,0.006678513308329137,3.4,3.4,0.4999270442616102,0.49311894494970077,0.4997974582580299,0.006678513308329137,persistent,2.5456471741397927e-05,2.596709599200921e-05,3.08,20.0,0.4999471454395166,1.502667823195205e-07,1.502667823195205e-07,0.0,other,5.4196015373587556e-05,5.601229639577952e-05,3.94,20.0,0.4999640698624527,2.4827064058251763e-06,2.4827064058251763e-06,0.0,other,6.795820404453812e-05,6.798694579934761e-05,2.29,2.29,0.4999267565346711,0.4999077141585838,0.49997570110438316,6.798694579934761e-05,other,0.003628264090947797,0.0036300949945573535,3.44,3.44,0.49996203366034564,0.49634420495835924,0.4999742999529166,0.0036300949945573535,persistent
relu,0.0002,0.005,E3_regime,iso,0.01,3.0,2.0,2000,False,5,0.15,20.0,8,E3_regime__relu__mu3-2_sd0.15__h8_eps5.00e-03_iso__s5__dt0.0002__b0d6d8e4c3,20.0,0.0001748627485678348,-1.2517467567387127e-07,0.4999912524831416,0,67,0,68,0,73,0,74,5,82,5,202,181,539,0.0,0.0,nan,20.0,0.49997243920723045,6.67166574979562e-07,6.67166574979562e-07,0.0,monotone,0.0,0.0,nan,20.0,0.49997244547747755,6.67660674157826e-07,6.67660674157826e-07,0.0,monotone,0.005882400327186066,0.005884060119507817,3.72,3.72,0.49995014220290845,0.4933081978798805,0.4991922579993883,0.005884060119507817,persistent,0.004460799751231259,0.004462542937105851,3.23,3.23,0.4999484685463838,0.49549441493283963,0.4999569578699455,0.004462542937105851,persistent,1.5234285618377767e-05,1.5516895732045037e-05,2.93,20.0,0.4999425728427004,7.03916629731107e-08,7.03916629731107e-08,0.0,other,0.0,0.0,nan,20.0,0.49995580839951276,1.1846565294113266e-06,1.1846565294113266e-06,0.0,monotone,6.101622169629728e-06,6.102342050728904e-06,0.59,0.59,0.49994869441530015,0.4999486303074547,0.4999547326495054,6.102342050728904e-06,other,0.00021986222220315987,0.00022161647918350624,3.0100000000000002,3.0100000000000002,0.4999529299595929,0.49960501314688505,0.49982662962606855,0.00022161647918350624,persistent
relu,0.0002,0.005,E3_regime,iso,0.01,3.0,2.0,2000,False,6,0.15,20.0,8,E3_regime__relu__mu3-2_sd0.15__h8_eps5.00e-03_iso__s6__dt0.0002__fd97147866,20.0,0.0001961530911554559,-1.9630096919566096e-07,0.4999998815981499,159,192,159,192,168,200,168,205,181,240,181,400,181,539,0.0006609595848862621,0.0006681639760859855,3.74,20.0,0.4999337308347289,7.169333491873715e-07,7.169333491873715e-07,0.0,transient,0.000658320388509992,0.0006654912593506697,3.74,20.0,0.49993373043061984,7.177880923752602e-07,7.177880923752602e-07,0.0,transient,0.04360007443487873,0.04366866947459613,3.93,3.93,0.4999294609603573,0.4543759358579911,0.4980446053325872,0.04366866947459613,persistent,0.0,0.0,nan,20.0,0.49997500237007586,0.4978026485933474,0.4978026485933474,0.0,monotone,0.0007243784770613554,0.0007311225975291479,1.6300000000000001,20.0,0.499922456693778,6.1682226741828775e-09,6.1682226741828775e-09,0.0,transient,9.4014206919982e-05,9.439432476836435e-05,5.26,5.25,0.49996495796900614,3.750471303290322e-07,3.788215011834383e-06,3.4131678815053505e-06,other,0.0,0.0,nan,20.0,0.4999751555609896,0.49903782989341994,0.49903782989341994,0.0,monotone,0.02068508726044238,0.02068903078153478,3.84,3.84,0.4999374372938707,0.4793109692184652,0.5,0.02068903078153478,persistent
relu,0.0002,0.005,E3_regime,iso,0.01,3.0,2.0,2000,False,7,0.15,20.0,8,E3_regime__relu__mu3-2_sd0.15__h8_eps5.00e-03_iso__s7__dt0.0002__433e74fc1a,20.0,0.0002008094072138133,-1.2805561520572834e-07,0.49998038164665104,0,78,0,78,0,81,0,82,5,88,5,259,181,539,0.0,0.0,nan,20.0,0.4999711973070228,1.5426213205904246e-06,1.5426213205904246e-06,0.0,monotone,0.0,0.0,nan,20.0,0.49997120324849487,1.5417369154515456e-06,1.5417369154515456e-06,0.0,monotone,0.003629009342331957,0.003668387219545377,3.84,3.84,0.49995272558013776,0.49299185266568846,0.49666023988523383,0.003668387219545377,persistent,0.005208164178361063,0.0052103483241183746,3.11,3.1,0.49993605675572556,0.4947583658372057,0.4999674552412879,0.005209089404082157,persistent,2.110922643988095e-05,2.1496419702021545e-05,2.8000000000000003,20.0,0.49998511245727123,8.472439567877066e-08,8.472439567877066e-08,0.0,other,8.432516373411339e-06,8.485997123433244e-06,7.45,7.44,0.4999210327764699,4.831242331715635e-06,6.251153600275578e-06,1.4199112685599425e-06,other,4.694617830641734e-05,4.712135072298951e-05,1.69,1.69,0.49994088356321603,0.49992608564703683,0.49996961618814545,4.3530541108616205e-05,other,0.0016709379040559247,0.0016709952842796083,4.1,4.1,0.49995297819666457,0.49830456121438466,0.4999755452995413,0.001670984085156646,persistent
relu,0.0002,0.005,E3_regime,iso,0.01,3.0,2.0,2000,False,8,0.15,20.0,8,E3_regime__relu__mu3-2_sd0.15__h8_eps5.00e-03_iso__s8__dt0.0002__c6a8d6a332,20.0,0.00017897215963558972,-1.1758010759948872e-07,0.4999998303236737,0,168,0,175,0,178,0,201,4,197,4,378,181,539,0.0,0.0,nan,20.0,0.49998634023221133,4.1282722800869016e-07,4.1282722800869016e-07,0.0,monotone,0.0,0.0,nan,20.0,0.4999863244018715,4.122484796005205e-07,4.122484796005205e-07,0.0,monotone,0.005048047824283752,0.005068564830606859,3.85,3.85,0.49992412693373733,0.49394603510803786,0.4990145999386447,0.005068564830606859,persistent,0.004002767054334888,0.004004468210750511,3.29,3.29,0.49995920482588,0.4958499431993135,0.4998325455410142,0.0039826023417006695,persistent,1.39471796742896e-05,1.4187301090012912e-05,2.98,20.0,0.4999416833272893,5.473758615786511e-08,5.473758615786511e-08,0.0,other,0.0,0.0,nan,20.0,0.4999629785448242,1.6277907108033295e-06,1.6277907108033295e-06,0.0,monotone,1.0867097112121638e-05,1.1224692439359973e-05,1.47,20.0,0.4999620232731571,0.4999394194750634,0.4999394194750634,0.0,other,0.00030898643254578806,0.0003091339020134254,3.36,3.36,0.49993332344048125,0.4996908660979866,0.5,0.0003091339020134254,persistent
relu,0.0002,0.005,E3_regime,iso,0.01,3.0,2.0,2000,False,9,0.15,20.0,8,E3_regime__relu__mu3-2_sd0.15__h8_eps5.00e-03_iso__s9__dt0.0002__872a29dffc,20.0,0.00018755912073820742,-1.380196722940445e-07,0.499999996752746,0,110,0,110,1,115,1,125,8,125,8,293,181,539,0.0,0.0,nan,20.0,0.4999581332272983,1.707458575005717e-06,1.707458575005717e-06,0.0,monotone,0.0,0.0,nan,20.0,0.49995811287177316,1.7100216153041432e-06,1.7100216153041432e-06,0.0,monotone,0.011710348511632607,0.011726305923838332,3.44,3.44,0.499975515579401,0.4856499284975789,0.4973762344214172,0.011726305923838332,persistent,0.007503137664901849,0.0075064120908100995,3.19,3.19,0.4999326849136723,0.49249358790918984,0.49999999999999994,0.0075064120908100995,persistent,3.431593365377239e-05,3.495938192717997e-05,2.79,2.79,0.49998167776966973,8.634282633387192e-08,9.1895839164675e-08,5.553012830803082e-09,other,6.720673718648001e-05,7.571441562130132e-05,3.49,17.240000000000002,0.49990226380941183,3.0916658836073417e-06,3.1965872182280217e-06,1.0492133462068005e-07,other,0.00010984255300816592,0.00010997721421623918,1.96,1.96,0.49993975295127735,0.49989002278578376,0.5,0.00010997721421623918,persistent,0.0018770641018399647,0.001891225240952643,3.0300000000000002,3.0300000000000002,0.4999763144334528,0.49781302951049433,0.499704254751447,0.001891225240952643,persistent
relu,0.0002,0.005,E3_regime,pos,0.01,3.0,2.0,2000,False,0,0.15,20.0,8,E3_regime__relu__mu3-2_sd0.15__h8_eps5.00e-03_pos__s0__dt0.0002__119e4b2dbc,20.0,0.0001824019461194716,-1.668758213618977e-07,0.49999993734420656,145,190,145,191,155,196,155,204,173,253,174,257,181,539,0.0003268808715158788,0.0003311780740811039,3.38,20.0,0.49985236097906255,4.2678144070246724e-07,4.2678144070246724e-07,0.0,transient,0.0003279241857644489,0.0003322354844833864,3.38,20.0,0.49985231329921503,4.2815699817106334e-07,4.2815699817106334e-07,0.0,transient,0.03802222615602674,0.038103315182921815,3.6,3.6,0.4999998930484085,0.46126590498548437,0.4993692201684062,0.038103315182921815,persistent,0.00642901866697021,0.006430565357240292,3.85,3.85,0.49999999999999994,0.49356943464275965,0.49999999999999994,0.006430565357240292,persistent,0.00018574823800644356,0.00019977442064342938,1.6500000000000001,20.0,0.499906872246261,1.1102793750119465e-07,1.1102793750119465e-07,0.0,transient,0.00012388334404921477,0.0001245000364823082,4.68,4.68,0.4998931407691927,3.6619900545496646e-07,2.0729373850571413e-06,1.7067383796021749e-06,transient,0.0,0.0,nan,0.0,0.5,0.5,0.5,0.0,monotone,0.01638298131983229,0.016386444361865427,3.48,3.47,0.5,0.4836135556381346,0.5,0.016386444361865427,persistent
relu,0.0002,0.005,E3_regime,pos,0.01,3.0,2.0,2000,False,1,0.15,20.0,8,E3_regime__relu__mu3-2_sd0.15__h8_eps5.00e-03_pos__s1__dt0.0002__3ca7545730,20.0,0.00018897896159315655,-1.460494766917272e-07,0.49999999764839553,0,104,0,104,3,107,4,116,21,156,31,161,181,539,0.0,0.0,nan,20.0,0.49984627986899277,6.710516111248059e-07,6.710516111248059e-07,0.0,monotone,0.0,0.0,nan,20.0,0.4998463059222966,6.701899317366807e-07,6.701899317366807e-07,0.0,monotone,0.013129185889149297,0.013186059336831035,3.58,3.5700000000000003,0.5,0.48484112370756727,0.4980271830443983,0.013186059336831035,persistent,0.003962316350600237,0.003963812628050178,3.5,3.5,0.49999999999999994,0.49603618737194977,0.49999999999999994,0.003963812628050178,persistent,1.0261759882077762e-05,1.0478599830553927e-05,3.0100000000000002,3.0,0.4999111639802015,1.765830474097257e-08,7.20700420610087e-08,5.4411737320036136e-08,other,2.6578151979544433e-05,2.735701951720237e-05,3.79,20.0,0.4998888500956106,2.7466434836091835e-06,2.7466434836091835e-06,0.0,other,0.0,0.0,nan,0.0,0.5,0.5,0.5,0.0,monotone,0.003746009351785262,0.0037471954526673845,3.29,3.29,0.5,0.4962528045473326,0.5,0.0037471954526673845,persistent
relu,0.0002,0.005,E3_regime,pos,0.01,3.0,2.0,2000,False,2,0.15,20.0,8,E3_regime__relu__mu3-2_sd0.15__h8_eps5.00e-03_pos__s2__dt0.0002__e2563af717,20.0,0.00021074064028786234,-1.7323412366290715e-07,0.49999998770933285,146,182,146,182,159,203,159,207,176,250,176,254,181,539,0.00029553204153645845,0.0003000443187992058,3.46,20.0,0.4998337484040658,5.534266925281638e-07,5.534266925281638e-07,0.0,transient,0.00029804474446719223,0.00030258789373801274,3.46,20.0,0.4998337645220414,5.585929357711491e-07,5.585929357711491e-07,0.0,transient,0.02964083469248635,0.02973873221421741,3.61,3.61,0.49999999998968503,0.46834507786940455,0.49808381008362196,0.02973873221421741,persistent,0.0004014100274425392,0.0004016179686370247,4.2700000000000005,4.2700000000000005,0.49999999999999994,0.4995983820313629,0.49999999999999994,0.0004016179686370247,persistent,0.00018363155251612613,0.00019404534557339553,1.6600000000000001,20.0,0.4998719455537878,6.290419494342885e-08,6.290419494342885e-08,0.0,transient,6.503372419269289e-05,6.553563507273714e-05,4.79,4.79,0.49992806884511676,2.1062536642173503e-07,2.3024092307516685e-06,2.0917838643299333e-06,other,0.0,0.0,nan,0.0,0.5,0.5,0.5,0.0,monotone,0.01220011941837712,0.01220333448742189,3.5,3.49,0.5,0.4877966655125781,0.5,0.01220333448742189,persistent
relu,0.0002,0.005,E3_regime,pos,0.01,3.0,2.0,2000,False,3,0.15,20.0,8,E3_regime__relu__mu3-2_sd0.15__h8_eps5.00e-03_pos__s3__dt0.0002__06886b3203,20.0,0.00022248182212205542,-1.9096564195182674e-07,0.4999999976525171,136,146,136,146,149,157,150,159,168,206,168,210,181,539,0.00019504249174221138,0.00019832248838334686,3.63,20.0,0.49982634477601745,5.675581987192199e-07,5.675581987192199e-07,0.0,transient,0.00019459729788774309,0.00019786953268557099,3.63,20.0,0.4998263361969334,5.6622027362783e-07,5.6622027362783e-07,0.0,transient,0.028203855758107466,0.028306232539374365,3.88,3.88,0.5,0.4705238751749242,0.4988301077142986,0.028306232539374365,persistent,0.0024958790964846878,0.0024971051216719498,4.04,4.04,0.49999999999999994,0.497502894878328,0.49999999999999994,0.0024971051216719498,persistent,0.00020206813627445604,0.00020892276138785224,1.67,20.0,0.49986575130889654,8.099864410244966e-08,8.099864410244966e-08,0.0,transient,0.00010532586947481997,0.0001059374678449597,4.5,4.49,0.4999342641596222,8.697411262954407e-09,2.453806637583782e-06,2.4451092263208276e-06,transient,0.0,0.0,nan,0.0,0.5,0.5,0.5,0.0,monotone,0.011745021484077023,0.011747461319953134,3.67,3.67,0.5,0.48825253868004687,0.5,0.011747461319953134,persistent
relu,0.0002,0.005,E3_regime,pos,0.01,3.0,2.0,2000,False,4,0.15,20.0,8,E3_regime__relu__mu3-2_sd0.15__h8_eps5.00e-03_pos__s4__dt0.0002__b72e4e736d,20.0,0.00019944316241665556,-1.6006399675071409e-07,0.49999996639300903,49,133,51,133,80,135,81,135,118,144,120,151,181,539,7.3789625826169635e-06,8.612975024992593e-06,3.5,20.0,0.4998529763191847,4.766503492583794e-07,4.766503492583794e-07,0.0,other,7.468793698576918e-06,8.72070210271948e-06,3.5,20.0,0.49985290470388155,4.7850194998416e-07,4.7850194998416e-07,0.0,other,0.021160844378150856,0.021227445427681124,3.58,3.58,0.5,0.4771282108976279,0.49835565632530904,0.021227445427681124,persistent,0.006271219346150381,0.006273708350176432,3.44,3.44,0.49999997360845777,0.4937262916498235,0.49999999999999994,0.006273708350176432,persistent,2.039000914196136e-05,2.0830528485214736e-05,2.97,2.97,0.49991201237002536,3.3606990979098494e-08,1.1512276357513297e-07,8.151577259603447e-08,other,6.600740018117531e-05,6.656873375641873e-05,3.96,3.96,0.4998880009053825,6.462628173601023e-07,2.1857468532714564e-06,1.5394840359113541e-06,other,0.0,0.0,nan,0.0,0.5,0.5,0.5,0.0,monotone,0.007527608623767279,0.007529679651615273,3.34,3.34,0.5,0.4924703203483847,0.5,0.007529679651615273,persistent
relu,0.0002,0.005,E3_regime,pos,0.01,3.0,2.0,2000,False,5,0.15,20.0,8,E3_regime__relu__mu3-2_sd0.15__h8_eps5.00e-03_pos__s5__dt0.0002__5df886e509,20.0,0.00018700107521320503,-1.6265862956243147e-07,0.4999999997857078,122,171,123,174,146,195,146,197,168,245,168,247,181,539,0.00014023261674367404,0.00014310799026794925,3.5,20.0,0.49983340863387,7.075179061890524e-07,7.075179061890524e-07,0.0,transient,0.00014032886325181113,0.00014320644896808547,3.5,20.0,0.49983340567093526,7.080404756857714e-07,7.080404756857714e-07,0.0,transient,0.02259366519547773,0.02270127237075298,3.5700000000000003,3.5700000000000003,0.499999993318585,0.47563460925309753,0.4983358816238505,0.02270127237075298,persistent,5.162537064506978e-15,0.0,10.24,0.0,0.49999999999999994,0.49999999999999994,0.49999999999999994,0.0,monotone,6.0449337084378385e-05,6.883659955849201e-05,1.71,3.85,0.4998806216020955,2.1429217549192636e-10,2.3965145866045548e-08,2.375085369055362e-08,other,7.6567774188034e-05,7.691455320745218e-05,4.15,4.14,0.4999193928797148,1.7021553056090886e-06,2.7319055176385007e-06,1.029750212029412e-06,other,0.0,0.0,nan,0.0,0.5,0.5,0.5,0.0,monotone,0.00884883295172112,0.008850804842385707,3.46,3.45,0.5,0.4911491951576143,0.5,0.008850804842385707,persistent
relu,0.0002,0.005,E3_regime,pos,0.01,3.0,2.0,2000,False,6,0.15,20.0,8,E3_regime__relu__mu3-2_sd0.15__h8_eps5.00e-03_pos__s6__dt0.0002__8ff1966b7d,20.0,0.00018645840098365136,-1.50034597408465e-07,0.4999999824578296,31,148,78,148,59,152,125,152,117,162,177,162,181,539,0.0,8.467204473519563e-05,nan,20.0,0.49982771669494797,3.6630290858651987e-07,3.6630290858651987e-07,0.0,other,0.0,8.522646830991243e-05,nan,20.0,0.499827802815967,3.646374270731179e-07,3.646374270731179e-07,0.0,other,0.02469421927360249,0.024740656170281372,3.74,3.74,0.5,0.4748645558633011,0.4996052120335825,0.024740656170281372,persistent,0.009746818890267739,0.009751330835143124,3.54,3.54,0.4999999373235052,0.4902486691648568,0.49999999999999994,0.009751330835143124,persistent,3.881763931252119e-05,3.983169780789066e-05,3.13,3.13,0.4999034922804362,2.488574401313983e-08,8.77296058229356e-08,6.284386180979577e-08,other,0.00013337095519587322,0.0001343341895903162,4.08,20.0,0.49989652409583013,1.7133799136038179e-06,1.7133799136038179e-06,0.0,transient,0.00014668737872824966,0.0001488905386345385,2.98,2.98,0.5,0.49985110946136546,0.5,0.0001488905386345385,persistent,0.007954841646339528,0.007957797055669957,3.5100000000000002,3.5100000000000002,0.5,0.49204220294433004,0.5,0.007957797055669957,persistent
relu,0.0002,0.005,E3_regime,pos,0.01,3.0,2.0,2000,False,7,0.15,20.0,8,E3_regime__relu__mu3-2_sd0.15__h8_eps5.00e-03_pos__s7__dt0.0002__00991d38e3,20.0,0.00020655322428495327,-1.6905353377439617e-07,0.4999999862211002,145,199,145,203,158,224,158,229,175,269,175,272,181,539,0.0003070548570669664,0.0003116699234006041,3.3200000000000003,20.0,0.499857859018873,5.838632700691466e-07,5.838632700691466e-07,0.0,transient,0.00030689000419670265,0.00031150295128080534,3.3200000000000003,20.0,0.4998578717975521,5.835204349556803e-07,5.835204349556803e-07,0.0,transient,0.030723918734552935,0.030807986507580376,3.45,3.44,0.4999998443180107,0.467821865018503,0.49862985152608336,0.030807986507580376,persistent,0.0014810956308198286,0.0014812620145601696,4.2700000000000005,4.2700000000000005,0.49999999999999994,0.4985187379854398,0.49999999999999994,0.0014812620145601696,persistent,7.708590839751071e-05,9.185307534549637e-05,1.69,20.0,0.4999189346020489,9.539430912571371e-08,9.539430912571371e-08,0.0,other,0.0001192422238434884,0.00012059070882176984,4.34,4.34,0.49988107862409875,1.7508041146998463e-07,2.549596892168898e-06,2.374516480698913e-06,transient,0.0,0.0,nan,0.0,0.5,0.5,0.5,0.0,monotone,0.012419767053619968,0.01242298494890387,3.34,3.34,0.5,0.48757701505109613,0.5,0.01242298494890387,persistent
relu,0.0002,0.005,E3_regime,pos,0.01,3.0,2.0,2000,False,8,0.15,20.0,8,E3_regime__relu__mu3-2_sd0.15__h8_eps5.00e-03_pos__s8__dt0.0002__9a078805ca,20.0,0.00019021915961938692,-1.391260502850303e-07,0.4999999641959896,4,106,4,106,6,109,6,109,32,116,41,116,181,539,0.0,0.0,nan,20.0,0.49983894818057967,3.2634330568363703e-07,3.2634330568363703e-07,0.0,monotone,0.0,0.0,nan,20.0,0.499838985154458,3.2577488620400924e-07,3.2577488620400924e-07,0.0,monotone,0.015137437109617957,0.015169944232680699,3.5,3.49,0.5,0.4846164918916751,0.4997864361243558,0.015169944232680699,persistent,0.0052129260048729975,0.005214289020186835,3.56,3.56,0.4999999379821791,0.4947857109798131,0.49999999999999994,0.005214289020186835,persistent,1.5715864615825385e-05,1.6021918866073088e-05,3.02,3.0100000000000002,0.49990912009629973,3.580401010707171e-08,8.964359361075665e-08,5.383958350368494e-08,other,9.712071727754142e-05,9.859664115710473e-05,3.75,20.0,0.4998908948799687,1.4245925756762789e-06,1.4245925756762789e-06,0.0,other,0.0,0.0,nan,0.0,0.5,0.5,0.5,0.0,monotone,0.0032063191967728333,0.003208361732181586,3.24,3.24,0.5,0.4967916382678184,0.5,0.003208361732181586,persistent
relu,0.0002,0.005,E3_regime,pos,0.01,3.0,2.0,2000,False,9,0.15,20.0,8,E3_regime__relu__mu3-2_sd0.15__h8_eps5.00e-03_pos__s9__dt0.0002__c5a2227fc6,20.0,0.00020447117491829086,-1.8796136606112992e-07,0.4999999993860107,145,210,145,216,157,234,157,239,174,273,174,277,181,539,0.00036421094544504166,0.0003691006621602156,3.29,20.0,0.4998714870554174,5.53312781450068e-07,5.53312781450068e-07,0.0,transient,0.00036471770334985234,0.00036961308529876705,3.29,20.0,0.4998714191026585,5.541694827084367e-07,5.541694827084367e-07,0.0,transient,0.03453356872798902,0.03469973158229711,3.46,3.45,0.5,0.4650998350757732,0.4997995666580703,0.03469973158229711,persistent,0.0011168842004875557,0.0011172849654796924,4.01,4.0,0.49999999999999994,0.49888271503452025,0.49999999999999994,0.0011172849654796924,persistent,8.489014058971571e-07,8.621935064590268e-07,3.5500000000000003,20.0,0.4999605840805997,7.724538972344812e-08,7.724538972344812e-08,0.0,other,0.0001303664549991171,0.00013235057914073528,4.34,4.34,0.4998394327416512,1.7347517973318118e-07,2.4122626920656124e-06,2.2387875123324313e-06,transient,0.0,0.0,nan,0.0,0.5,0.5,0.5,0.0,monotone,0.014980656896064926,0.014983698893352382,3.35,3.34,0.5,0.4850163011066476,0.5,0.014983698893352382,persistent
