time,psi_deg,phi_W_true_root_deg,d1,d2,loss_full,loss_reduced,edot_full,edot_reduced_continuous,M1_11,M2_11,dM1_11,dM2_11,M1_12,M2_12,dM1_12,dM2_12,M1_21,M2_21,dM1_21,dM2_21,M1_22,M2_22,dM1_22,dM2_22,p1_m11,p1_m12,p1_m21,p1_m22,p2_m11,p2_m12,p2_m21,p2_m22,term_sum,term_sum_minus_edot_reduced
1.06,-85.0,0.7371735572814941,1.0,1.0,0.4984238398197485,0.4959921927093695,-0.006914515987904524,-0.016613029087428607,0.3682695580713203,0.002872301619477251,1.9835899170877407,0.015188515119190615,0.008169569651926573,0.0011652785012576771,0.03921321781178084,0.005754498585370142,0.007422898391609159,0.001170270236967034,0.03161022794577164,0.0058111270396686825,0.00040501556873363153,0.002631391811873803,0.0012100710606453404,0.01046364734960806,-0.011083058291479932,0.002504311943636391,0.002738259080733705,-0.0011981356797334073,-8.486391112239548e-05,0.00036750515109860857,0.000503393123674025,-0.010360440504235601,-0.016613029087428607,0.0
1.07,-85.0,0.7073795318603515,1.0,1.0,0.49835464908558874,0.49582401570918305,-0.006918906205286527,-0.017024479611277416,0.38827029925756873,0.003025381179789525,2.014897345220043,0.01541421531355833,0.008562957406783625,0.0012234520698046053,0.03942023579206101,0.005878326735314487,0.007737487914667895,0.0012290456300367515,0.03125843643473172,0.005942329439495809,0.00041711454164387,0.002738073379336008,0.0012087247239216475,0.010879375038860013,-0.011028518996033281,0.0024662193805551134,0.002707551168405417,-0.0011966993233640745,-8.436954209990298e-05,0.00036776145623125653,0.0005147141972552368,-0.01077113795222718,-0.017024479611277416,0.0
1.08,-85.0,0.6759716033935547,1.0,1.0,0.49828554845969186,0.49565177357340157,-0.006896310968294312,-0.017426136004421337,0.40854709399217287,0.0031804271669876134,2.0386022338848866,0.015580268224811154,0.00895753319473717,0.0012828145037878293,0.03944719573434379,0.0059919682582693975,0.008047664854430661,0.001289088137809862,0.03072473038152227,0.006064273866485084,0.000429182330337819,0.0028489915832903023,0.0012037874598846967,0.011311240610633044,-0.010922217670944707,0.0024156982482499913,0.002661080804150176,-0.0011917029494492473,-8.347439147008201e-05,0.0003669408421970233,0.0005252291094771678,-0.011197689996631661,-0.01742613600442134,-3.469446951953614e-18
1.09,-85.0,0.6393802642822265,1.0,1.0,0.4982168042754987,0.4954755579249628,-0.006847554443832672,-0.01781938662233626,0.42902196018896976,0.0033368282797837955,2.0543305758267465,0.01568384512044252,0.009351479499390093,0.0013432612645851816,0.03929100394892397,0.006094912186098493,0.008351605917229285,0.0013503027953420453,0.030008822193426238,0.0061765347573581805,0.00044118289367583324,0.002964311090225356,0.0011952518987008824,0.011759914207740377,-0.010765583519792716,0.0023534695741351673,0.002598827225077236,-0.0011831399456116987,-8.219015310506535e-05,0.0003650756902433717,0.0005349009228217751,-0.011640746416104329,-0.01781938662233626,0.0
1.1,-85.0,0.5975307464599607,1.0,1.0,0.4981486697122786,0.4952954416043617,-0.006774404266872812,-0.018206566228959737,0.44961376719003554,0.0034939496294361465,2.0618304170191903,0.01572308980483078,0.009742936871562425,0.0014046834555606375,0.03894663662312707,0.006186803123542212,0.008647499760412982,0.0014125913863256196,0.029113467130318864,0.006278794535869511,0.0004530812039857537,0.0030842033753879445,0.0011833088877876842,0.01222608458196724,-0.01056099085309973,0.0022801840345597385,0.0025210336684137243,-0.0011711999930667195,-8.053591907492845e-05,0.00036221483882611585,0.0005437020726911201,-0.01210097407820906,-0.01820656622895974,-3.469446951953614e-18
1.11,-85.0,0.5437191009521484,1.0,1.0,0.49808141956138097,0.4951114731787234,-0.0066692345361802985,-0.018590214111122817,0.4702395029919013,0.0036511426722338784,2.0609805401493326,0.015697143669901152,0.010130029653911892,0.0014669693934896788,0.03841573233804256,0.006267443079109423,0.008933577585605819,0.0014758534390427337,0.028044431517459868,0.006371073544171333,0.0004648440663016097,0.00320884704586041,0.001168149084877971,0.012710496927114932,-0.010311684362000249,0.00219691398863044,0.00242820453484374,-0.0011560726201256379,-7.853736983720512e-05,0.0003584217333742002,0.0005516342758507458,-0.012579094291858852,-0.01859021411112282,-3.469446951953614e-18
1.12,-85.0,0.4932361602783203,1.0,1.0,0.49801528275242923,0.4949236726470515,-0.0065535670759863385,-0.01897353298137389,0.4908156060524538,0.0038077555666500467,2.0517946154345905,0.015606229366775588,0.010510890463219163,0.0015300062390599428,0.03769779291606567,0.006336800999430053,0.009208142385444715,0.0015399892658069948,0.026810323490597348,0.0064533530174940784,0.00047644028597058284,0.0033384282173311163,0.0011499830439412734,0.013213903187379417,-0.010021669161786432,0.0021046036435916162,0.00232109063219653,-0.0011379670815072295,-7.62261809248649e-05,0.00035377281905625536,0.0005586958784893416,-0.01307583353048911,-0.018973532981373893,-3.469446951953614e-18
1.1300000000000001,-85.0,0.4320735931396483,1.0,1.0,0.4979503888591789,0.4947320264015561,-0.006420922584399081,-0.019359923929277403,0.5112593153381084,0.0039631437954736545,2.0344206042276385,0.01545159793800258,0.01088367378628203,0.0015936816230695035,0.036799128037249225,0.006395006007491584,0.009469596560795658,0.0016048991178178992,0.025422409572211566,0.006525785137494241,0.0004878415649824072,0.003473140771943949,0.0011291618172256128,0.013737106955054097,-0.009695570677641456,0.002004556846321151,0.002200673175062496,-0.0011172316752956404,-7.36386859133678e-05,0.00034835480508141917,0.0005649000444868447,-0.013591967761378849,-0.0193599239292774,3.469446951953614e-18
1.1400000000000001,-85.0,0.35934562683105464,1.0,1.0,0.49788689457559654,0.49453648769688663,-0.006274029428264532,-0.019752725262620695,0.5314899932004262,0.00411668034103414,2.009135824905022,0.015235505423485946,0.011246642680044636,0.0016578852470471085,0.03573382245498492,0.0064423428588503955,0.009716467349314856,0.001670486792464137,0.023894379199984994,0.006588805868258044,0.0004990230368240653,0.003613186803415013,0.0011060608458774803,0.014280945517772155,-0.009338489305577116,0.0018984318922221598,0.002068143265257478,-0.0010942387869042778,-7.081482630424525e-05,0.00034226254857784246,0.0005702845162236054,-0.014128304566116143,-0.019752725262620695,0.0
1.1500000000000001,-85.0,0.2724460601806641,1.0,1.0,0.4978249261094267,0.49433697284264094,-0.006116117797294908,-0.020155829448336417,0.5514303768433562,0.004267765415545782,1.9763376952482092,0.014961135787581034,0.011598162940135649,0.001722510392531345,0.03451050121890699,0.006479245082254668,0.009947429119299456,0.0017366600022516681,0.022241909261682773,0.00664293537314487,0.0005099636672846361,0.0037587769503825987,0.001081059923399407,0.014846293199587034,-0.008955827834108632,0.0017874918345827952,0.0019248640511365966,-0.0010693650411056138,-6.779679233890704e-05,0.00033559633357181824,0.0005748943286905046,-0.014685686328764977,-0.020155829448336417,0.0
1.1600000000000001,-85.0,88.39309358596802,1.0,0.0,0.4977645782560213,0.49778184209484044,-0.005950402196427529,-0.005958533917039846,0.571007717721259,0.0044158352255485485,1.9365306663409227,0.014632498215245662,0.011936714647391182,0.0017874553486013451,0.033138858796490714,0.006506277076774698,0.010161320940947967,0.001803332972961827,0.02048219117215149,0.006688709695702434,0.0005206463415927648,0.003910130780478464,0.0010545040540772387,0.015434060855133661,-0.008317540050082162,0.0016268828770020182,0.0017790026473654473,-0.0010468793913251506,-0.0,0.0,0.0,-0.0,-0.005958533917039848,-1.734723475976807e-18
1.1700000000000002,-85.0,88.47494745254491,1.0,0.0,0.497705913467564,0.49772309752868155,-0.005779885485715487,-0.005787660435747421,0.5901547745942769,0.004560369586040528,1.8903099192192205,0.014254289987369967,0.01226088335788115,0.0018526245885834424,0.031635458136204435,0.006524113273511746,0.010357159123109867,0.0018704263573609166,0.018633432817567797,0.006727044376083477,0.0005310579731725288,0.00406747719524904,0.0010268890378325617,0.016045204549333912,-0.00789728946871631,0.0015106622947927896,0.0016184376357988317,-0.0010194708976227324,-0.0,0.0,0.0,-0.0,-0.0057876604357474225,-1.734723475976807e-18
1.1800000000000002,-85.0,88.5519169807429,1.0,0.0,0.4976489903846047,0.49766607425048137,-0.005602764172099908,-0.0056146636209342075,0.6088106333318681,0.004700898230209279,1.838343269730248,0.013831780342966686,0.012569429930258386,0.0019179298341978823,0.03001735213314016,0.006533524002179612,0.010534145565741775,0.0019378691735662864,0.01671446141935705,0.0067587028880776645,0.0005411900461111793,0.004231054764899197,0.0009986901636063288,0.01668070052166912,-0.007468916702836497,0.0013939641482831385,0.001451769967387629,-0.0009914810337684783,-0.0,0.0,0.0,-0.0,-0.0056146636209342075,0.0
1.19,-85.0,88.61311578750536,1.0,0.0,0.49759380779638707,0.4976107806497967,-0.005431979929621025,-0.005442171853983088,0.626921337392365,0.0048370056637359014,1.7813517143673079,0.013370617840339513,0.012861297590797694,0.001983290871087835,0.02830029437146217,0.006535348223133029,0.010691671568683633,0.0020055984912182028,0.014744236512803734,0.006784463363817895,0.0005510389009999283,0.004401112037968724,0.0009702947234724104,0.0173415829344752,-0.007037447341352539,0.0012779229003861876,0.0012806469425860453,-0.0009632943556027835,-0.0,0.0,0.0,-0.0,-0.005442171853983089,-8.673617379884035e-19
1.2,-85.0,88.6581646919241,1.0,0.0,0.49754031974707613,0.4975572004821797,-0.005264227059509222,-0.005272341551367607,0.644440322646985,0.004968334246823611,1.7200894747905364,0.012876721340019638,0.013135585083053077,0.0020486361255567923,0.02650516775385333,0.0065304750831237275,0.010829316266043216,0.002073561120949037,0.012741295678263974,0.006805459821340459,0.0005606041392774909,0.004577908071226759,0.0009420929193265093,0.018028899322637112,-0.006607483635495995,0.0011637610903833804,0.001106679328193585,-0.0009352983344485788,-0.0,0.0,0.0,-0.0,-0.005272341551367608,-8.673617379884035e-19
1.21,-85.0,88.72111825942875,1.0,0.0,0.49748848484959635,0.4975052960803677,-0.0051017427183538905,-0.00510741100272947,0.6613286520702238,0.005094586068344213,1.6553246714800518,0.012356083395505162,0.013391597882533385,0.0021139030802571446,0.024646095390325,0.006519818790185766,0.010946841318859327,0.002141712818868796,0.010723516958365372,0.006822531046543312,0.0005698904444286359,0.004761712653787069,0.0009145458018969504,0.018743756743610545,-0.006183138659954722,0.0010522577683761735,0.0009314206856323236,-0.0009079507967832458,-0.0,0.0,0.0,-0.0,-0.005107411002729471,-8.673617379884035e-19
1.22,-85.0,88.78257722854474,1.0,0.0,0.49743824217790084,0.4974550101704621,-0.004946047125459903,-0.004948906009235067,0.6775550668427652,0.00521552311035178,1.587821394235585,0.011814671137261007,0.013628786211935886,0.0021790384006342106,0.022744440149742196,0.0065043011859799785,0.011044181639841595,0.0022100199636247253,0.00870761749779738,0.006836673332625062,0.0005789060163671869,0.004952806771441555,0.0008880304823863424,0.01948728298854442,-0.005767981091305259,0.0009443775352827691,0.0007563237921609311,-0.0008816262453735078,-0.0,0.0,0.0,-0.0,-0.004948906009235066,8.673617379884035e-19
1.23,-85.0,88.83697748184042,1.0,0.0,0.49738951695125666,0.4974062715664233,-0.004798662429259076,-0.00479835882959897,0.6930958637873849,0.005330966325498793,1.5183236334393988,0.011258278400703259,0.013846804310268437,0.0022439979265701003,0.020811373895376357,0.006484829558169824,0.011121433311327913,0.0022784570608524496,0.0067090098342803065,0.0068487746603713255,0.0005876626677955102,0.005151482855050159,0.0008628232917341654,0.02026064642177973,-0.005365023716941354,0.0008405358928541169,0.0005827281258584795,-0.0008565991313702123,-0.0,0.0,0.0,-0.0,-0.00479835882959897,0.0
1.24,-85.0,88.88582963943296,1.0,0.0,0.49734222007634027,0.4973589945960974,-0.004660466763631769,-0.004656670945618211,0.7079346237751044,0.0054407932363405255,1.4475411587057616,0.010692399455719488,0.014045405755798,0.002308746441999835,0.018868180024192008,0.006462281697733915,0.011178838111291162,0.002347009587293656,0.004741407336523293,0.006859916670479948,0.0005961752327693694,0.005358045303868726,0.0008393067666687079,0.02106507758868114,-0.004976710518444221,0.0007414633475809994,0.0004118255658567338,-0.0008332493406117239,-0.0,0.0,0.0,-0.0,-0.004656670945618212,-8.673617379884035e-19
1.25,-85.0,88.9246102333048,1.0,0.0,0.49729625677083444,0.49731308773403593,-0.0045323267762962605,-0.0045247182162244815,0.7220618121426505,0.005544934743974729,1.3761385682206777,0.0101221941804909,0.014224583030952052,0.0023732573046457445,0.016924903731614448,0.0064374909753025285,0.011216767655016556,0.002415670967579775,0.00281698009782721,0.006870739438592061,0.0006044617660753331,0.005572810903991156,0.0008176879844399262,0.02190182338801,-0.00460495771019001,0.0006473481396313196,0.0002446739077891458,-0.0008117825534549378,-0.0,0.0,0.0,-0.0,-0.004524718216224482,-8.673617379884035e-19
1.26,-85.0,88.95310792922746,1.0,0.0,0.49725156707346796,0.4972684486164193,-0.0044066163938036845,-0.004403157736517922,0.7354742822455281,0.005643371160188415,1.3047264586936618,0.00955238889884877,0.014384337960665279,0.0024375119532586793,0.014989922915345314,0.006411238605562818,0.011235705386081181,0.00248444268446795,0.0009458859390489936,0.006882148643035144,0.0006125423526686681,0.005796109229611578,0.00079818206956708,0.022772174657837124,-0.004251160285085391,0.0005582588639730505,8.215610862743104e-05,-0.0007924124240330112,-0.0,0.0,0.0,-0.0,-0.004403157736517921,8.673617379884035e-19
1.27,-85.0,88.98441629409538,1.0,0.0,0.49720804820962317,0.49722497437043905,-0.0042974320926982374,-0.004291912349292019,0.7481747025895119,0.005736127789259094,1.2338553266362724,0.008987213971705245,0.014524873111269574,0.002501499324516188,0.013083476776163326,0.006384237545817257,0.011236227865799125,0.0025533343894905353,-0.0008633853291253792,0.006895097056503805,0.0006204389123616008,0.006028282949336557,0.0007809669310072432,0.023677483589540478,-0.003916262891284932,0.00047465600836514403,-7.498982624175857e-05,-0.0007753156401304711,-0.0,0.0,0.0,-0.0,-0.004291912349292018,8.673617379884035e-19
1.28,-85.0,89.00560426711763,1.0,0.0,0.4971655690408726,0.49718256101660663,-0.004198741257105709,-0.004191046226980562,0.7601709367033388,0.005823269822382082,1.1640121260676062,0.008430423595390014,0.014646514374073789,0.0025652151618048183,0.011214453231072993,0.0063571359428353695,0.011218988109913315,0.002622364109831009,-0.0026040892516217638,0.006910030220529958,0.0006281750658121816,0.006269688469170945,0.0007661391753127841,0.024619129393751875,-0.003600803355986257,0.0003965228526322222,-0.0002261775702094437,-0.0007605881534170839,-0.0,0.0,0.0,-0.0,-0.004191046226980562,0.0
1.29,-85.0,89.03395776748363,1.0,0.0,0.4971240253891527,0.49714110554197827,-0.004110220388633945,-0.004100229105740402,0.7714753979179977,0.00590489760664936,1.0956186032501787,0.007885261940884934,0.01474970776933391,0.0026286613461263884,0.009400278923599587,0.006330507251982432,0.011184698487562088,0.002691555930935229,-0.00427108680138503,0.006927548584763461,0.0006357758509018795,0.00652069605299601,0.0007538846499589839,0.025598530500253625,-0.0033049675208058887,0.00032411322771932046,-0.00037096032608659445,-0.0007484144865672395,-0.0,0.0,0.0,-0.0,-0.004100229105740402,0.0
1.3,-85.0,89.05195207595509,1.0,0.0,0.4970833157642207,0.4971005075616013,-0.0040322893658533854,-0.00401990528083385,0.7821044007684088,0.00598114119914751,1.0290322366828621,0.007354458080108592,0.014834982285363885,0.0026918450753676735,0.007626638291600492,0.006304845419826145,0.011134115325200608,0.002760937954250049,-0.005860803935543172,0.006948292058667991,0.0006432663837662254,0.006781690650582286,0.0007442103095620432,0.0266171639372807,-0.0030286432545028187,0.0002565668296114293,-0.000509027313698766,-0.0007388015422436945,-0.0,0.0,0.0,-0.0,-0.00401990528083385,0.0
1.31,-85.0,89.07042245864531,1.0,0.0,0.4970433360582338,0.49706066380357494,-0.003964283103381257,-0.003949432211602453,0.7920775239386936,0.006052155704212353,0.9645478260899922,0.006840247579018039,0.014902779716162532,0.002754778180568036,0.005907657112500157,0.006280574988947901,0.011068021940019636,0.002830544191370093,-0.007371326408303131,0.0069726216303899165,0.0006506729146330081,0.0070530720392631835,0.0007371486362061609,0.027676560018510737,-0.002771459454991866,0.00019402078661716912,-0.0006402119999191892,-0.000731781543308567,-0.0,0.0,0.0,-0.0,-0.0039494322116024536,-8.673617379884035e-19
1.32,-85.0,89.09380083083747,1.0,0.0,0.4970039896933255,0.4970214784579432,-0.003905518173360289,-0.0038881195354998842,0.8014169997259675,0.006118116199272963,0.902400902003034,0.0063444066766671706,0.014953693794461513,0.002817476346942938,0.004256445624884574,0.00625804466024659,0.010987215344672596,0.0029004135278932054,-0.008801843142700497,0.007001140556774045,0.0006580217545149532,0.007335255624778735,0.0007327154108149899,0.02877829621119126,-0.0025328605051830344,0.0001365548277616337,-0.0007644437467735347,-0.0007273701113049491,-0.0,0.0,0.0,-0.0,-0.0038881195354998842,0.0
1.33,-85.0,89.10828485488508,1.0,0.0,0.49696518733172257,0.4969828630191063,-0.0038554536977990516,-0.0038354245050118817,0.8101471408701056,0.006179213387182912,0.8427718889802509,0.0058682810961112695,0.014988459945258017,0.0028799584023908903,0.00268139091012563,0.006237532104546611,0.010892495772899604,0.002970587481036501,-0.010152475665535492,0.007033947994991859,0.000665339570616424,0.007628672890681647,0.0007309705437786448,0.029924008729123326,-0.002312149010431079,8.408414818006372e-05,-0.0008817329892862392,-0.0007256266534746272,-0.0,0.0,0.0,-0.0,-0.003835424505011882,-4.336808689942018e-19
1.34,-85.0,89.12101640700888,1.0,0.0,0.49692684258943587,0.49694473170211007,-0.0038140274607987483,-0.00379132953575524,0.818293814906836,0.00623564955128024,0.7857913109456705,0.005412840359432651,0.015007764041966508,0.0029422456219628584,0.0011656115393095306,0.006219249451350759,0.01078465744067134,0.0030411111356681533,-0.011424429172651185,0.007071192309742168,0.0006726523351464667,0.007933771842380135,0.0007317441793797334,0.031115376114043407,-0.002108512300181194,3.574958235761107e-05,-0.000992184346377307,-0.0007263824715543502,-0.0,0.0,0.0,-0.0,-0.0037913295357552396,4.336808689942018e-19
1.35,-85.0,89.13730554580263,1.0,0.0,0.49688897352205996,0.4969070025407143,-0.0037560192902859404,-0.0037552314071855604,0.8258839668671608,0.006287634872958394,0.7315443700262756,0.004978696101032493,0.015012259557952302,0.0030043611023976313,-0.0002867279542383902,0.006203349073326749,0.010664477405764199,0.00311203219281795,-0.012619809791688188,0.007113609380182593,0.00067998512944423,0.008251017573082805,0.0007349833926300921,0.03235413154650633,-0.0019210593987070185,-8.606337534550244e-06,-0.0010959807385640355,-0.0007295849323799559,-0.0,0.0,0.0,-0.0,-0.0037552314071855604,0.0
1.36,-85.0,89.15020189284832,1.0,0.0,0.4968515608745968,0.4968695976004879,-0.0037271568254977935,-0.00372640365057528,0.8329451932805239,0.0063353840617173035,0.6800762588531055,0.004566138596783165,0.015002596044711495,0.0030663292047928728,-0.001661651094580452,0.006189928692344484,0.010532708265911938,0.003183405387668597,-0.01374136981066543,0.007161708850373566,0.0006873630853963781,0.00858089281111536,0.000740802604586896,0.03364207850847897,-0.001748853962076288,-4.884093696199421e-05,-0.0011933612487875188,-0.0007353475027494789,-0.0,0.0,0.0,-0.0,-0.00372640365057528,0.0
1.37,-85.0,89.16044855117329,1.0,0.0,0.49681440081019257,0.49683244490608663,-0.0037052928102668465,-0.0037045723752784946,0.8395053697625101,0.0063791134089613635,0.6313980746689319,0.004175206223335032,0.014979477365426935,0.003128174994966716,-0.0029710887722535287,0.006179032422231419,0.010390073245970745,0.003255283822735655,-0.014792287848848836,0.007214953236998481,0.0006948112678973419,0.008923898709772992,0.0007489875744640655,0.03498108711795998,-0.0015909441498712011,-8.556881674836798e-05,-0.0012846020200873965,-0.0007434573885715294,-0.0,0.0,0.0,-0.0,-0.003704572375278495,-4.336808689942018e-19
1.3800000000000001,-85.0,89.16821184157834,1.0,0.0,0.49677742778071177,0.49679547892863496,-0.0036898902429352864,-0.0036892006049119063,0.8455923330840706,0.006419038357961211,0.5854912869651887,0.003805698858907895,0.014943608292353815,0.0031899237431897505,-0.004215283311107616,0.006170656891328311,0.010237261616744467,0.0033277188266169575,-0.01577609417282824,0.007273232202623006,0.000702352418923348,0.009280555438449706,0.0007594122204018288,0.03637308923949283,-0.001446377112961754,-0.00011902442478873598,-0.0013700097625454644,-0.0007537893046159518,-0.0,0.0,0.0,-0.0,-0.0036892006049119063,0.0
1.3900000000000001,-85.0,89.17535257338963,1.0,0.0,0.49674057897389784,0.49675863687559024,-0.0036805595098100444,-0.0036798986592841325,0.8512336090007024,0.0064553717769136616,0.5423125661511143,0.0034572831943913435,0.014895628357632642,0.0032516004871084307,-0.005393982634430619,0.006164758844542218,0.010074925787539253,0.003400761348324,-0.01669666218997933,0.007336556007909872,0.0007100087356555995,0.009651402452587552,0.0007720916968035785,0.03782003199214001,-0.0013142116590575354,-0.00014940784770970235,-0.0014499210029896735,-0.0007663581495272215,-0.0,0.0,0.0,-0.0,-0.0036798986592841325,0.0
1.4000000000000001,-85.0,89.183077716822,1.0,0.0,0.4967037949229216,0.4967218592998198,-0.003676914878671198,-0.0036762808796361747,0.8564561872986494,0.006488321890911014,0.5017986330716788,0.003129391329140698,0.01483614891360531,0.00331322962090336,-0.006514721707163761,0.0061612541015707385,0.00990367826657797,0.0034744635893967147,-0.017558085603454954,0.007405141138238212,0.0007178021624048881,0.010036999448039948,0.0007868036020056414,0.03932399729575406,-0.0011935338893385502,-0.00017711256273338262,-0.0015246914071711803,-0.0007809430203930616,-0.0,0.0,0.0,-0.0,-0.0036762808796361743,4.336808689942018e-19
1.4100000000000001,-85.0,89.18925485610399,1.0,0.0,0.49666702216029157,0.496685092753042,-0.0036784169855764363,-0.00367780803205586,0.8612863411589446,0.006518090752625835,0.46386968430856224,0.0028213376277758384,0.014765792986720887,0.003374834544218764,-0.007569921211408375,0.006160026845310911,0.009724090267995094,0.0035488790979449495,-0.018364460658888398,0.007479517767141555,0.0007257525866029302,0.010437927166285494,0.0008035726674774176,0.04088712158212678,-0.0010834662686345063,-0.00020209658804263265,-0.0015946768654685724,-0.0007975683099101488,-0.0,0.0,0.0,-0.0,-0.00367780803205586,0.0
1.4200000000000002,-85.0,89.19723329543478,1.0,0.0,0.4966302101635993,0.49664828672996725,-0.0036848763274997583,-0.003684290699117019,0.8657494799521475,0.006544873422128306,0.42843331404666446,0.002532425290418221,0.014685216266701462,0.003436437383611176,-0.008560351333597891,0.006160937095460016,0.00953669251555961,0.0036240643907319496,-0.019119820916164015,0.007559231682881552,0.0007338812833778095,0.01085478774354293,0.000822517338326648,0.04251155196597227,-0.0009831747890259037,-0.00022453668544974303,-0.0016602278180274787,-0.0008163514066138929,-0.0,0.0,0.0,-0.0,-0.0036842906991170184,4.336808689942018e-19
1.4300000000000002,-85.0,89.20258798598633,1.0,0.0,0.4965935008135007,0.49661139207464206,-0.0036592789458365573,-0.003695288854192811,0.8698700426610049,0.0065688571188392796,0.3953882507570651,0.002261800654578543,0.014594979660699038,0.0034980586940239642,-0.009493570423876668,0.006163815001431284,0.009341974860862117,0.0037000718263158648,-0.01982832297541644,0.007644224084123968,0.0007422087967578591,0.011288205652077674,0.000843289098977916,0.04419958432300847,-0.0008918689886240282,-0.0002447682582674353,-0.0017217053797416644,-0.0008369462275596835,-0.0,0.0,0.0,-0.0,-0.0036952888541928117,-8.673617379884035e-19
1.4400000000000002,-85.0,89.20846986769996,1.0,0.0,0.4965568480362359,0.49657436531597743,-0.003672019559473985,-0.0037108349331891302,0.8736714195423574,0.006590220717788176,0.3646264142730836,0.002008633395855159,0.01449564163877388,0.003559717220401364,-0.010384836448396027,0.006168465475248773,0.009140386289331304,0.003776957457629676,-0.020493974016460307,0.007734899546333933,0.0007507527966398109,0.011738828137242996,0.0008658095302694286,0.04595350615013111,-0.0008088064272065794,-0.00026329605131200455,-0.001779457680505372,-0.0008592747741651744,-0.0,0.0,0.0,-0.0,-0.0037108349331891302,0.0
1.4500000000000002,-85.0,89.21150064467727,1.0,0.0,0.4965200489669995,0.49653716391887937,-0.0036884991420570276,-0.0037301815793591973,0.8771758958098868,0.006609134221808342,0.33603522983060086,0.0017719685342275928,0.014387709148188203,0.0036214297647705596,-0.011213401018452127,0.006174694322529014,0.008932335314240614,0.003854773171986313,-0.021120743423555036,0.007830354857473638,0.0007595312953585304,0.012207326207364432,0.000890112042749017,0.04777578787860015,-0.0007332916430889187,-0.0002796903588038451,-0.0018338295490122976,-0.0008833700284541361,-0.0,0.0,0.0,-0.0,-0.0037301815793591977,-4.336808689942018e-19
1.46,-85.0,89.21536149977959,1.0,0.0,0.49648306544540044,0.4964997494649305,-0.0037089421588244035,-0.003753473256614291,0.8804046220363325,0.006625758393258249,0.309500421132272,0.0015509267287791575,0.014271674564396122,0.003683210960085355,-0.012001313445343808,0.0061822662628718906,0.008718192627803245,0.003933569320133387,-0.02171234923402498,0.007931098078463397,0.0007685602939631086,0.012694395497579865,0.000916017318178594,0.04966887504347968,-0.0006646788953704046,-0.00029459653976349095,-0.0018851439722180415,-0.0009090538492623542,-0.0,0.0,0.0,-0.0,-0.003753473256614291,0.0
1.47,-85.0,89.21605310439364,1.0,0.0,0.49644585999525515,0.4964620842884348,-0.0037330130654015733,-0.0037804394998770053,0.8833775993319466,0.0066402447090518485,0.28490699833681754,0.001344555058224083,0.014147980152935107,0.0037450730891653333,-0.012747804175696858,0.006190942676714693,0.008498291954605214,0.004013397821657554,-0.022272413969173212,0.008036752639765414,0.0007778560099427761,0.013200756981219067,0.0009434891240564712,0.05163537898433372,-0.0006023685082886536,-0.00030806527170064934,-0.001933715620092155,-0.0009362900997955473,-0.0,0.0,0.0,-0.0,-0.0037804394998770053,0.0
1.48,-85.0,89.22002229689829,1.0,0.0,0.4964083971454442,0.49642413260844104,-0.0037601407509571545,-0.003810524558424014,0.8861136825982752,0.006652735555203054,0.2621409965745741,0.0011519496327917131,0.014017039988181712,0.0038070260273576234,-0.01344595815560781,0.006200479009904709,0.008272931786439496,0.0040943057851217405,-0.02280436231518782,0.008147530617919447,0.000787434105607623,0.013727157735576952,0.0009723276881030984,0.05367792696207585,-0.0005458067197225695,-0.0003199955251357065,-0.0019798419616892456,-0.0009648803518764925,-0.0,0.0,0.0,-0.0,-0.003810524558424014,0.0
1.49,-85.0,89.22298288344592,1.0,0.0,0.4963706723801667,0.4963858626096982,-0.0037483792250804053,-0.0038440200232919466,0.8886305972190434,0.006663364029536555,0.24109040163770898,0.0009722290698500695,0.013879249522768646,0.0038690770323642552,-0.014112155435272875,0.006210604110137734,0.00804237711590579,0.00417634506739873,-0.02331144685020353,0.008262924228497972,0.0007973076215478548,0.014274371857009666,0.0010026038033108403,0.05579925966308816,-0.0004944833886181229,-0.00033083645243351685,-0.0020238055024434263,-0.0009948946797968805,-0.0,0.0,0.0,-0.0,-0.0038440200232919466,0.0
1.5,-85.0,89.22770967482754,1.0,0.0,0.49633303825242553,0.49634724396028607,-0.0037792264928408433,-0.0038805484319478006,0.8909449618033808,0.00667225511509775,0.22164629938714836,0.0008045694348437258,0.013734988725515982,0.0039312307030740954,-0.01474653387834423,0.006221050527327783,0.007806861572671086,0.004259560489703202,-0.023796705047091173,0.008383217486093008,0.0008074893938565051,0.014843200690961946,0.0010340970352739564,0.058002137078539566,-0.0004479301971670386,-0.00034063402574494375,-0.002065870046582145,-0.0010261141624536732,-0.0,0.0,0.0,-0.0,-0.0038805484319478,4.336808689942018e-19
1.51,-85.0,89.230461215965,1.0,0.0,0.4962950809775589,0.496308244528924,-0.0038131544209804974,-0.003920333260492657,0.893072319817803,0.006679524888538513,0.20370288692158733,0.0006480554095475344,0.013584576101039723,0.003993488891371411,-0.015349005508414608,0.006231539421028064,0.007566588890326539,0.004344002566670187,-0.024263041407651655,0.008508227597955846,0.0008179941000125099,0.01543447424975475,0.0010671766690294252,0.060289520622251916,-0.0004057159169736833,-0.00034942447544532095,-0.002106287823321514,-0.0010589050447521388,-0.0,0.0,0.0,-0.0,-0.003920333260492657,0.0
1.52,-85.0,89.23103303908488,1.0,0.0,0.49625677121886264,0.496268833716821,-0.0038497069512377718,-0.003962790266277647,0.8950271804088078,0.006685281189043707,0.1871590946998614,0.0005019672713443588,0.01342831945409235,0.004055850601895136,-0.015913402015386737,0.006241778939842612,0.007321734732336812,0.0044297169266659655,-0.024713146039626585,0.008637502606204536,0.0008288359601887012,0.016049052033232945,0.0011015192299685564,0.06266433076896663,-0.0003674472238583737,-0.0003571044702769315,-0.0021452924229043786,-0.0010929461492379638,-0.0,0.0,0.0,-0.0,-0.003962790266277647,0.0
1.53,-85.0,89.23240900038837,1.0,0.0,0.4962180830539218,0.4962289851762058,-0.003888748244259375,-0.004007806656158021,0.8968230627846588,0.006689624139236714,0.1719182242017232,0.00036543414780876706,0.013266557254893984,0.004118311877213987,-0.016446745423830483,0.006251474315237219,0.007072449965670111,0.004516748517803501,-0.025149341339812625,0.008771765960441628,0.0008400268915715032,0.016687823601939225,0.0011369740192791371,0.06512968828739091,-0.0003327651730587236,-0.00036386823011531644,-0.002183085493387057,-0.0011280877595969245,-0.0,0.0,0.0,-0.0,-0.004007806656158021,0.0
1.54,-85.0,89.23670015334224,1.0,0.0,0.4961789918511246,0.496188673365958,-0.003930256922760665,-0.004055427657890366,0.8984725402164617,0.00669264606952916,0.15788788740286486,0.00023783254638442278,0.013099616319488062,0.0041808657774751274,-0.01694535126657849,0.006260316848239043,0.0068188627500822396,0.00460514036458845,-0.025573820816045395,0.008909761830502934,0.0008515788805926561,0.017351709844192605,0.001173776942782783,0.06768869113685064,-0.0003013412494539054,-0.0003696651967323532,-0.002219857469664153,-0.0011645637420399542,-0.0,0.0,0.0,-0.0,-0.004055427657890366,0.0
1.55,-85.0,89.23861627577853,1.0,0.0,0.49613947369367717,0.4961478725225859,-0.003974097009464079,-0.0041055116438495146,0.8999872880783177,0.00669443254621585,0.14498116931218813,0.00011839016933264038,0.012927788086911748,0.004243502264684245,-0.017421057799263274,0.006267998570417476,0.0065610802504517205,0.004694934338247056,-0.02598864132566342,0.00905209165531661,0.0008635043890583946,0.018041663301251978,0.0012116188337196053,0.070344623827262,-0.00027287664591626445,-0.00037478095151131615,-0.0022557868992570786,-0.0012020671471648554,-0.0,0.0,0.0,-0.0,-0.0041055116438495146,0.0
1.56,-85.0,89.2403065681367,1.0,0.0,0.4960995043565372,0.4961065576888867,-0.0040207135970695045,-0.004158467879633369,0.9013781337204165,0.006695062766068371,0.13311535286179516,6.6047848884462696e-06,0.012751326333520146,0.004306208131905954,-0.01787916454180821,0.006274190265849095,0.006299189265808268,0.004786175770019061,-0.026395714688277835,0.009199518977706232,0.0008758151100946093,0.018758668954235013,0.0012508894790306548,0.07310066561053685,-0.00024709752566378414,-0.00037934615610643287,-0.002291039717596448,-0.0012409844802667032,-0.0,0.0,0.0,-0.0,-0.004158467879633369,0.0
1.57,-85.0,89.24170923232106,1.0,0.0,0.496059057483065,0.49606470083091425,-0.0040694850846917366,-0.004213803094432354,0.9026551028593132,0.006694609752393237,0.1222131261601567,-9.819670437460936e-05,0.012570410478805846,0.004368966854477782,-0.01831258360406393,0.006278566422236972,0.00603325793939765,0.004878918802987365,-0.02679697451925708,0.009352309222672602,0.0008885250712648548,0.019503745038331074,0.0012913117509178412,0.07596026196230946,-0.00022375491594295275,-0.0003832238860024929,-0.0023257837218773414,-0.001281040570609566,0.0,0.0,0.0,-0.0,-0.004213803094432353,8.673617379884035e-19
1.58,-85.0,89.24276094435697,1.0,0.0,0.49601811006392243,0.4960222771328065,-0.004120746290530258,-0.004271766496338442,0.9038274731364903,0.006693139340540346,0.11220191272673091,-0.00019682205355293472,0.01238517586413187,0.0044317588187958645,-0.018737689336796492,0.006280821851935162,0.005763335811621269,0.004973200505069147,-0.027194122372787587,0.009507515513151368,0.0009016447923815818,0.020277945552402383,0.001332859946951322,0.07892715600978667,-0.0002026220681605869,-0.00038676817867665703,-0.0023601665504792853,-0.0013222096990219128,0.0,0.0,0.0,-0.0,-0.004271766496338442,0.0
1.59,-85.0,89.24428186415653,1.0,0.0,0.49597664367285915,0.4959792668784003,-0.004173638332048846,-0.004331448137892496,0.9049038181117137,0.0066907121104395825,0.10301375960207129,-0.00028955263436236173,0.012195892306760318,0.004494561015308387,-0.019131392410481448,0.0062805939082601625,0.005489456955860838,0.005069055942420365,-0.02758849634371321,0.009666750525079048,0.0009151831821266946,0.02108235978592897,0.0013751761188961413,0.08200469325271263,-0.000183494246005081,-0.00038951304783027373,-0.0023943042783804145,-0.0013641365656767265,0.0,0.0,0.0,-0.0,-0.004331448137892496,0.0
1.6,-85.0,89.24757204054791,1.0,0.0,0.4959348222557611,0.49593564487192143,-0.004178967763678807,-0.004394244629504668,0.9058920517177623,0.006687383729590564,0.09458453609086863,-0.00037702723671579984,0.01200265108949801,0.0045573469352049745,-0.019522108779704714,0.006277539902545088,0.005211642304287616,0.005166520288098331,-0.027981542452302662,0.009829445495967426,0.0009291516861621885,0.021918113029799926,0.0014191368960122554,0.08519666460160294,-0.0001661826502915389,-0.00039204912492113187,-0.0024283223207349543,-0.0014076905335570428,0.0,0.0,0.0,-0.0,-0.004394244629504667,8.673617379884035e-19
1.61,-85.0,89.24913873671468,1.0,0.0,0.4958927615145889,0.495891383870214,-0.004233929040794956,-0.004458766346990314,0.9067994701948586,0.006683204794984067,0.08685570655249361,-0.0004596130050361302,0.011805601369220757,0.004620086570388132,-0.01988749292534538,0.006271296614273185,0.004929898765461842,0.0052656326775058025,-0.028374508276401388,0.00999701617558738,0.0009435655454907497,0.022786367732877684,0.0014638516777848052,0.08850671032852606,-0.0001505186218073594,-0.0003939309754542017,-0.002462328839759626,-0.0014519879099691268,0.0,0.0,0.0,-0.0,-0.004458766346990314,0.0
1.62,-85.0,89.25024080275449,1.0,0.0,0.4958501516442177,0.4958464695653796,-0.004239975582859666,-0.004525311263292217,0.9076328060224013,0.006678221729337482,0.07977210751492839,-0.0005378227964835092,0.01160500514589134,0.004682746233453215,-0.020241148327423845,0.00626150405789078,0.004644222306667406,0.005366436265922037,-0.028768332658247204,0.010167737139208613,0.0009584297772870437,0.02368832391218014,0.001509407928359214,0.09193875106926906,-0.00013634860889536455,-0.0003954421972246377,-0.0024964052112070425,-0.0014971152459651712,0.0,0.0,0.0,-0.0,-0.004525311263292216,8.673617379884035e-19
1.6300000000000001,-85.0,89.25192193983924,1.0,0.0,0.49580747486138366,0.49580087751190594,-0.004296627195932352,-0.004594418286456148,0.9083982560971994,0.006672476274965678,0.07328235314570974,-0.0006121108930590134,0.01140088978057074,0.004745288549119379,-0.020593447932873023,0.006247780672279442,0.004354598604259557,0.005468969138199661,-0.02916425422202438,0.010343019833912148,0.0009737554602952061,0.024625220764543272,0.001556179781201786,0.09549672102179604,-0.00012353133178178417,-0.00039678477625550705,-0.002530658792110479,-0.0015434433863083777,0.0,0.0,0.0,-0.0,-0.004594418286456148,0.0
1.6400000000000001,-85.0,89.2552250862013,1.0,0.0,0.49576422056516684,0.49575458222714686,-0.00435523596393445,-0.004665781157926992,0.9091015241100919,0.00666600573532343,0.06733909962823476,-0.0006828351092661685,0.011193259273184843,0.004807672452228531,-0.020935708242902754,0.006229769318130557,0.0040610011528252575,0.005573260951251423,-0.02956332718950155,0.010519307003580449,0.0009895546151897038,0.02559833772190726,0.0016040683806702997,0.09918468228719543,-0.00011193917153705485,-0.000397787066193587,-0.002565180914038652,-0.0015908740061576978,0.0,0.0,0.0,-0.0,-0.004665781157926992,0.0
1.6500000000000001,-85.0,89.25672006605947,1.0,0.0,0.4957203731306923,0.49570756477686756,-0.004415417251198045,-0.004738983643218189,0.9097478567451591,0.006658844274757212,0.06189835199948167,-0.0007502564562805604,0.01098234396634236,0.004869852995791602,-0.021253920225408764,0.006207045711220437,0.003763395065851055,0.0056793328752380735,-0.029966160156178034,0.010699337885274952,0.0010058375085201434,0.026608994490645296,0.0016529762275306423,0.10300659656497459,-0.00010145749182247107,-0.0003981917879575507,-0.0026000242279304105,-0.0016393101355077564,0.0,0.0,0.0,-0.0,-0.004738983643218188,8.673617379884035e-19
1.6600000000000001,-85.0,89.26037187575164,1.0,0.0,0.4956759126784893,0.4956598022488296,-0.00447752567709326,-0.004814476088000547,0.9103420767533035,0.006651023179297953,0.05691949484237146,-0.0008147333779700439,0.01076824082813548,0.004931781068676375,-0.021564724385223964,0.006179206402959099,0.0034617391687726145,0.0057872272200326655,-0.030373582897789863,0.010883729819928755,0.001022616333284521,0.02765855099916655,0.0017030669626603959,0.10696661346989395,-9.198163929871313e-05,-0.0003983201142092101,-0.002635260555796836,-0.0016889137786957878,0.0,0.0,0.0,-0.0,-0.004814476088000547,0.0
1.6700000000000002,-85.0,89.2621178626899,1.0,0.0,0.495630822598205,0.4956112760751744,-0.0045415140790748135,-0.0048919775626628855,0.9108886198365658,0.006642570363727289,0.052365403457747164,-0.000876602844796268,0.010551048009912222,0.004993403484296943,-0.021876260570895017,0.006145840176970595,0.003155984296027551,0.005896979293397499,-0.030786200426793156,0.011070735931103866,0.0010398992035287335,0.02874840938901464,0.00175394957050341,0.11106901816734313,-8.341736392048278e-05,-0.00039832110029110077,-0.0026709422121456764,-0.0017392968863056259,0.0,0.0,0.0,-0.0,-0.0048919775626628855,0.0
1.6800000000000002,-85.0,89.26437349318283,1.0,0.0,0.4955850868936485,0.4955619663474589,-0.004606961030031439,-0.004971423274825076,0.911391558833446,0.006633510471827218,0.04820107773528025,-0.0009361327852135935,0.010330871144435832,0.0050546628545056135,-0.022172994418292492,0.006106508814575751,0.0028460751754019104,0.006008617345004884,-0.031204639037350525,0.01126175652693431,0.0010576960771124543,0.029880014734654323,0.001805877987042983,0.11531806382959689,-7.56780604368483e-05,-0.00039791087574948044,-0.002707123338046933,-0.0017907110005918147,0.0,0.0,0.0,-0.0,-0.004971423274825077,-8.673617379884035e-19
1.6900000000000002,-85.0,89.26867227553123,1.0,0.0,0.4955386850271209,0.49551184982769936,-0.004674412391460564,-0.005052974235950415,0.911854634224603,0.006623866082450842,0.044394770165673864,-0.000993578970022297,0.010107666178935418,0.005115497419863634,-0.022467133850926514,0.006060791218490961,0.0025319501015814362,0.006122182454042953,-0.031629603996587825,0.01145529105281018,0.0010760178285981238,0.031054854492116892,0.0018588104880687619,0.11971810945316333,-6.868545701023163e-05,-0.00039730942784584815,-0.0027438649069336483,-0.001843114444160687,0.0,0.0,0.0,-0.0,-0.0050529742359504155,-8.673617379884035e-19
1.7000000000000002,-85.0,89.27206773756714,1.0,0.0,0.49549160517399443,0.49546091255038943,-0.004742810925130069,-0.00513592316435668,0.9122812806560124,0.006613656350569896,0.04091704036142017,-0.001049176175357505,0.009881671979341618,0.005175840979203169,-0.02273775845284873,0.006008207711831928,0.0022135427891002133,0.006237695163103055,-0.032061285088387466,0.01165162218604277,0.0010948714199998722,0.03227446112672863,0.0019124549488588884,0.12427357982692348,-6.236941051851789e-05,-0.000396153313805131,-0.0027811831694534387,-0.0018962172705795928,0.0,0.0,0.0,-0.0,-0.005135923164356681,-8.673617379884035e-19
1.7100000000000002,-85.0,89.27549219130228,1.0,0.0,0.495443832409356,0.49540913555595917,-0.004813080907082795,-0.005221021740347698,0.9126746484695122,0.006602899377027609,0.03774078490661547,-0.0011030614766267357,0.00965297081612041,0.0052356225726401156,-0.023011632302148064,0.005948292502717998,0.0018907845764041234,0.006355184789378032,-0.03250007997097302,0.011850448327479618,0.0011142664328161783,0.03354041030755064,0.001967122278515321,0.1289888660988166,-5.666569581148267e-05,-0.0003949161927346961,-0.0028191123915316326,-0.0019503274602698868,0.0,0.0,0.0,-0.0,-0.005221021740347698,0.0
1.72,-85.0,89.2803097724788,1.0,0.0,0.49539534546214536,0.49535649365429824,-0.00488523828227093,-0.005308424507635183,0.9130376262197208,0.006591610570670397,0.03484078856570947,-0.001155517668837322,0.009421494911088412,0.005294766582978998,-0.02328042833171997,0.005880574798715086,0.0015636005719202226,0.006474670714814119,-0.03294667227886388,0.012051508408443976,0.001134216230006894,0.034854323125438465,0.0020231205548327997,0.13386853447638095,-5.151522908058413e-05,-0.000393447548487576,-0.002857711619293989,-0.002005750110773034,0.0,0.0,0.0,-0.0,-0.005308424507635183,0.0
1.73,-85.0,89.28341531752253,1.0,0.0,0.4953461335994054,0.4953029735528865,-0.0049582102434908215,-0.005396896742784815,0.9133728662594047,0.006579802792748597,0.0321946860885403,-0.0012068366522582238,0.00918750205115485,0.005353192471842306,-0.023524995910007496,0.005804543435708122,0.0012319127416562127,0.00659618595133084,-0.03340100612268016,0.012255955354717914,0.0011547280538191447,0.03621786588963859,0.0020795785056615707,0.13891714161638033,-4.686667057816943e-05,-0.00039143322105864,-0.0028969757562422385,-0.002061621094905767,0.0,0.0,0.0,-0.0,-0.0053968967427848145,8.673617379884035e-19
1.74,-85.0,89.2860997199881,1.0,0.0,0.49529618232977324,0.49524855668990236,-0.005033486399341956,-0.005488086928393066,0.9136828002242153,0.006567487544241205,0.029780812167528786,-0.0012570493432950557,0.008951032050833894,0.005410814529045935,-0.023783123179205886,0.005719680482142621,0.0008956422812050583,0.006719762783964865,-0.03386348347485365,0.012462752686307072,0.001175811090860841,0.03763275005138887,0.002137534406848439,0.1441392067166944,-4.267117795105819e-05,-0.0003895069375188282,-0.0029369394046658615,-0.002118969408257318,0.0,0.0,0.0,-0.0,-0.005488086928393066,0.0
1.75,-85.0,89.28922739027595,1.0,0.0,0.4952454681159362,0.49519321592386856,-0.005110720151755207,-0.005581591325708217,0.9139696556441502,0.006554674555247677,0.027580078054664045,-0.0013063765005917613,0.008711915929893517,0.005467541963069938,-0.02404515327908314,0.005625479195004658,0.0005547047187862076,0.006845416626744522,-0.034334675655138334,0.012672097285581814,0.001197479771773126,0.0391007335218557,0.00219675235706662,0.14953933990843923,-3.8885187422270525e-05,-0.00038749354580544027,-0.002977651822608966,-0.002177560769871539,0.0,0.0,0.0,-0.0,-0.005581591325708216,8.673617379884035e-19
1.76,-85.0,89.29114503859114,1.0,0.0,0.49519397327735115,0.4951369303413923,-0.005189505885198944,-0.00567699417521991,0.9142354769849238,0.006541372334883392,0.02557505279733682,-0.0013548560314593974,0.008470139874773547,0.005523278720515569,-0.024310476414036872,0.0055213933233347915,0.000209011137080638,0.006973182153007614,-0.03481498191595886,0.01288578734797453,0.0012197449859241293,0.040623619214738525,0.0022568359824218327,0.15512201684022664,-3.5469787151477025e-05,-0.00038537517141966284,-0.0030191473378329615,-0.002237001878815808,0.0,0.0,0.0,-0.0,-0.005676994175219909,8.673617379884035e-19
1.77,-85.0,89.29142999647664,1.0,0.0,0.49514168349982735,0.495079681663624,-0.005269537882847102,-0.005773948901431392,0.9144821373385217,0.006527588783769753,0.023749241969161786,-0.0014027340501498028,0.00822583827366585,0.0055779232604633655,-0.024556234941102203,0.005406877232346776,-0.0001415311861774407,0.007103087897760533,-0.03530450652683452,0.0130990752417057,0.0012426174116022908,0.04220325564333707,0.0023178266165784153,0.1608919983353162,-3.238933871306862e-05,-0.00038279153597223144,-0.003061434683142032,-0.00229733334360406,0.0,0.0,0.0,-0.0,-0.005773948901431392,0.0
1.78,-85.0,89.29388093946957,1.0,0.0,0.49508858335708944,0.49502145179797147,-0.005352045953645016,-0.005873762722418815,0.9147113565096611,0.006513328788554885,0.02208738914354611,-0.0014500929255349994,0.007978999715623509,0.00563136841656043,-0.024821525226888255,0.005281350189989079,-0.0004970135100746863,0.007235125505528356,-0.03580334360540884,0.013314452545917413,0.0012661056610140593,0.043841539070389506,0.0023804532783435893,0.16685378297190745,-2.9611070592702563e-05,-0.00038035261717431115,-0.0031045217078497114,-0.00235927732680209,0.0,0.0,0.0,-0.0,-0.005873762722418815,0.0
1.79,-85.0,89.29492044447423,1.0,0.0,0.4950346560259282,0.4949622201512722,-0.005434827094643807,-0.005974152814947311,0.9149247100571924,0.006498597561624964,0.020576966363367855,-0.0014970559574242748,0.0077295783506966245,0.00568350124015123,-0.025067357537627732,0.005144234319599354,-0.0008575320478886912,0.007369330492357999,-0.03631190049370117,0.01353078122455819,0.001290220287289437,0.04554040937093735,0.00244301924775383,0.17301194387509145,-2.7107190225085558e-05,-0.00037745043388654327,-0.003148443402376386,-0.0024211517884592955,0.0,0.0,0.0,-0.0,-0.005974152814947311,0.0
1.8,-85.0,89.29856462477187,1.0,0.0,0.49497988586972597,0.49490196764869265,-0.00552028808815478,-0.006077547083310395,0.9151236412060921,0.006483398205014839,0.01920396478641709,-0.0015436779212971712,0.007477619070189744,0.005734202836143132,-0.02532539303731903,0.004994918320812119,-0.00122318326525752,0.007505709556121463,-0.036830137226154656,0.013750350762554294,0.001314972025166957,0.047301852938186215,0.002507521946332784,0.17937088479656935,-2.4849330607840995e-05,-0.00037456587224232003,-0.003193195958123482,-0.002484935922336752,0.0,0.0,0.0,-0.0,-0.006077547083310394,8.673617379884035e-19
1.81,-85.0,89.30221261976675,1.0,0.0,0.4949242618600332,0.49484068029339573,-0.005606365833431564,-0.006182013136238417,0.9153094754020693,0.00646773375086302,0.017957830444571332,-0.0015901047726590639,0.00722324539467195,0.005783348125146798,-0.025565269593089544,0.004832776921481186,-0.0015940641238087765,0.007644282610112742,-0.03735800884533883,0.013968929124661083,0.0013403678451675395,0.04912789994401982,0.0025724945613585697,0.185935181368158,-2.281490968816561e-05,-0.00037124745216681935,-0.0032387751376719044,-0.0025491756367115276,0.0,0.0,0.0,-0.0,-0.0061820131362384165,8.673617379884035e-19
1.82,-85.0,89.30645570753506,1.0,0.0,0.49486776336762717,0.49477833406278665,-0.005694302148977584,-0.006288432568830414,0.9154834233084577,0.006451605571440878,0.016827808789089155,-0.001636422179012976,0.006966367624063195,0.005830805743131647,-0.02581060343944913,0.004657181824389336,-0.00197027141308712,0.007785043185881393,-0.03789564679097402,0.014187798678244145,0.0013664219325028734,0.05102062581132474,0.0026384900023636365,0.19270917250412622,-2.0981700806291987e-05,-0.00036784046012699963,-0.0032851919644266013,-0.0026144184434705215,0.0,0.0,0.0,-0.0,-0.006288432568830414,0.0
1.83,-85.0,89.31135568617253,1.0,0.0,0.4948103850365627,0.4947149207685153,-0.0057828760291581205,-0.006395910759623957,0.9156466026496515,0.006435014171541363,0.01580440278433911,-0.0016827442212623087,0.006707155137482905,0.0058764378725940005,-0.02603703567942857,0.004467462248643421,-0.0023519022673159566,0.007928003768110356,-0.0384428767234464,0.014408919057617901,0.001393136459704661,0.052982148669612386,0.002704988252280454,0.1996971026122156,-1.9330388070636735e-05,-0.0003640007172231879,-0.003332430982646893,-0.0026801486716832392,0.0,0.0,0.0,-0.0,-0.006395910759623957,0.0
1.84,-85.0,89.3147809028471,1.0,0.0,0.4947525652662244,0.4946504185672508,-0.005817898512101478,-0.006505667398531961,0.9158000302825376,0.006417959757323117,0.014878207570188597,-0.0017290552504076531,0.006445586529032586,0.0059200999918636085,-0.02626764476432416,0.004262954462415412,-0.0027390527005671504,0.008073183642557089,-0.0389997878993362,0.01463042025188729,0.0014205248962326916,0.055014628295719716,0.002772901180862134,0.20690311322980254,-1.784232658996703e-05,-0.00036005614159514114,-0.0033804995430992027,-0.0027472693872476494,0.0,0.0,0.0,-0.0,-0.006505667398531961,0.0
1.85,-85.0,89.31517724989277,1.0,0.0,0.49469394452073606,0.49458481490179423,-0.0059081695256012565,-0.006617250303939988,0.9159446420623317,0.006400442143243939,0.014041355239833256,-0.001775415791799004,0.006181832814274464,0.00596164075839924,-0.02649895793885752,0.004042958555133241,-0.003131818050151472,0.008220563779744052,-0.03956605911292507,0.014850654743114486,0.0014485942399459133,0.05712026633277681,0.0028418664799901485,0.2143312641639205,-1.6501778118444213e-05,-0.00035595797699461445,-0.003429369430451389,-0.002815421118375539,0.0,0.0,0.0,-0.0,-0.006617250303939988,0.0
1.86,-85.0,89.31973619459467,1.0,0.0,0.4946344089340479,0.4945180801619737,-0.006000167242173876,-0.006731078277232725,0.9160812897227196,0.006382459902912691,0.013286266992825469,-0.0018219909720988414,0.005915675823673194,0.006000901974614404,-0.02673327563641862,0.003806804985886516,-0.0035302940737321035,0.008370151165726411,-0.04014212410133196,0.015070666199388436,0.00147736351042096,0.05930130344370993,0.002912264091742175,0.2219854608076891,-1.5293556873608164e-05,-0.00035172717257809236,-0.0034790778156793705,-0.002884979732101654,0.0,0.0,0.0,-0.0,-0.006731078277232724,8.673617379884035e-19
1.87,-85.0,89.32251825331025,1.0,0.0,0.4945739523013025,0.4944502055545611,-0.006092592574625693,-0.006845367429084522,0.916210765857237,0.006364011458071993,0.01260744385066333,-0.001868687173943079,0.005647225820548163,0.006037718538817171,-0.026962519478780575,0.0035537672925191836,-0.003934577702495278,0.008521939506414207,-0.040727732678238725,0.015292595366706874,0.0015068352921361126,0.06156001821883509,0.002982435465629314,0.22986925034070876,-1.420592408566216e-05,-0.00034725710191227437,-0.0035296026353512835,-0.0029543017677353027,0.0,0.0,0.0,-0.0,-0.006845367429084523,-8.673617379884035e-19
1.8800000000000001,-85.0,89.32430467603953,1.0,0.0,0.4945125647827911,0.4943811792447766,-0.006185861888720349,-0.006961016706102825,0.9163337948707223,0.006345094673003439,0.011997209846332487,-0.0019156678442781416,0.00537656620906013,0.006071917999450655,-0.02715661368427223,0.0032831162501843906,-0.004344764229662629,0.008675945902161098,-0.041322836020668566,0.015512862830411797,0.0015370150876601871,0.06389872449461084,0.0030536858520097123,0.2379862544680579,-1.3225175725123634e-05,-0.00034217244099692427,-0.0035809392630820527,-0.003024679826298725,0.0,0.0,0.0,-0.0,-0.006961016706102826,-8.673617379884035e-19
1.8900000000000001,-85.0,89.32817392347582,1.0,0.0,0.4944502329823607,0.4943109853721463,-0.006281224591418672,-0.007078809977144911,0.9164510360938254,0.006325706963980905,0.011450448488891513,-0.001962908524459761,0.0051038581334424335,0.006103320448599238,-0.02737804348759533,0.002994094022698384,-0.004760945249343818,0.008832130616165257,-0.041926883544116375,0.015729971660504972,0.0015679138192713773,0.06631977131074296,0.0031260572925504585,0.2463397425117793,-1.2341133986386967e-05,-0.0003372742589511619,-0.0036330395676160295,-0.0030961550165913326,0.0,0.0,0.0,-0.0,-0.00707880997714491,8.673617379884035e-19
1.9000000000000001,-85.0,89.33212938307031,1.0,0.0,0.49438694776229614,0.494239610497212,-0.006377242191696743,-0.0071977422172128745,0.9165631014203621,0.006305845439441985,0.010962087162714164,-0.0020104378942140374,0.004829018066155489,0.006131738570464547,-0.027591256074281922,0.002685965577725045,-0.005183211972268652,0.008990484736478054,-0.042540051898637,0.015945751958397387,0.001599536974800141,0.0688255381896055,0.0031989906792255825,0.2549326508282768,-1.1543867919856172e-05,-0.0003321068150832,-0.003685918452758439,-0.0031681730814513793,0.0,0.0,0.0,-0.0,-0.0071977422172128745,0.0
1.9100000000000001,-85.0,89.3347779273816,1.0,0.0,0.49432269514294985,0.49416703752394486,-0.006475064099411934,-0.007318622093767773,0.9166705484525556,0.006285506548160774,0.01052720837301623,-0.0020583586739828367,0.004552012417784862,0.006156977543632407,-0.02782280394722491,0.0023579780839538423,-0.005611654398463359,0.009150996045321144,-0.04316226007581082,0.016161582649224678,0.001631894662248934,0.07141843330607817,0.003273001138966873,0.2637676760543003,-1.0824129708095667e-05,-0.0003269857915336779,-0.0037395684689381513,-0.0032412437035878486,0.0,0.0,0.0,-0.0,-0.007318622093767773,0.0
1.9200000000000002,-85.0,89.34340181348978,1.0,0.0,0.4942574540825608,0.4940932452176605,-0.006575056581868872,-0.007441981416632832,0.9167738890158974,0.00626468678856944,0.010140780147725133,-0.002106624106174385,0.0042726786768726025,0.0061788351569610316,-0.028058387075083763,0.002009387559225778,-0.006046363665455632,0.009313651497753645,-0.04379353887196449,0.01637346544007565,0.0016649997366265262,0.07410089006526033,0.003348821613583867,0.2728472541528443,-1.0172898533136655e-05,-0.00032172459683067474,-0.003793991833894262,-0.003316092087374758,0.0,0.0,0.0,-0.0,-0.007441981416632831,8.673617379884035e-19
1.9300000000000002,-85.0,89.3521401405159,1.0,0.0,0.4941912140706593,0.49401821881637775,-0.006674575202479123,-0.007565049070940776,0.9168735916579525,0.006243382315284689,0.009800210316701603,-0.002155322211322261,0.003991208310447504,0.006197101444501206,-0.02825052481038148,0.001639393086456482,-0.006487428737484623,0.00947842557355821,-0.04443348167739098,0.016585094607987325,0.0016988630063745035,0.0768753642939596,0.0034242327725105513,0.2821733387960383,-9.584326268777549e-06,-0.000315791860107831,-0.003849152871277967,-0.0033905200132862013,0.0,0.0,0.0,-0.0,-0.007565049070940777,-8.673617379884035e-19
1.9400000000000002,-85.0,89.35447816846977,1.0,0.0,0.4941239713977982,0.49394195354053844,-0.006775146265856012,-0.007689398609423784,0.9169700974210423,0.006221588820560034,0.009501581596632716,-0.002204447530320652,0.003707628815156419,0.006211558466430556,-0.028459218257516693,0.0012472217103398752,-0.006934934391503111,0.009645292432239183,-0.04508185961701528,0.016791545811853634,0.0017334836330121196,0.0797443303925142,0.0035001553072108757,0.29174770683391915,-9.051367084864601e-06,-0.000309877083709188,-0.003905031347400416,-0.003465438811229316,0.0,0.0,0.0,-0.0,-0.007689398609423784,0.0
1.9500000000000002,-85.0,89.36171960828887,1.0,0.0,0.49405570877880495,0.4938644302604156,-0.006878111967358735,-0.007816284715812551,0.9170638024255386,0.006199302437328556,0.009240540372163942,-0.002253986634184117,0.003421856691992575,0.006221980685939499,-0.028686062095207063,0.0008321048957860254,-0.007388964217334716,0.00981421216090205,-0.04573849384072497,0.016996922559225126,0.0017688742611210906,0.08271027715197848,0.0035778824362723938,0.30157143445984297,-8.566842035158537e-06,-0.00030397827210459807,-0.003961611306858395,-0.0035421282948144006,0.0,0.0,0.0,-0.0,-0.007816284715812551,0.0
1.9600000000000002,-85.0,89.3684834480103,1.0,0.0,0.49398641553039896,0.4937856359511065,-0.006982497598418847,-0.007944708986509171,0.9171550743829485,0.006176518836024781,0.009014796686999805,-0.0023038007525607172,0.0031338778131809017,0.006228134797310045,-0.02892814167964529,0.00039326727943352936,-0.007849600469560883,0.0099851712062837,-0.04640325102747128,0.01719856963964706,0.0018050423946585107,0.08577570275031356,0.0036564724436156954,0.3116452941505635,-8.125905023242797e-06,-0.00029804686564686886,-0.00401888075293488,-0.003619655462904181,0.0,0.0,0.0,-0.0,-0.007944708986509173,-1.734723475976807e-18
1.9700000000000002,-85.0,89.37451028822002,1.0,0.0,0.4939160785400382,0.4937055559500328,-0.007086056697865818,-0.008072619416780304,0.9172442513459367,0.006153234876318579,0.008821982321308977,-0.002354108096853544,0.0028436388178228523,0.0062297798668957205,-0.029115315129326268,-7.005222228157262e-05,-0.008316924805120238,0.010158150465150343,-0.04707615976038711,0.017399383666683105,0.0018419969506452839,0.08894311002756161,0.0037345821876004224,0.32196953223852715,-7.72381522138469e-06,-0.0002913636742031356,-0.004076841698812729,-0.0036966902285430533,0.0,-0.0,0.0,-0.0,-0.008072619416780303,1.734723475976807e-18
1.9800000000000002,-85.0,89.38186388013875,1.0,0.0,0.4938447044915458,0.4936241956796694,-0.007190531966193829,-0.008201376722342533,0.9173316506536335,0.006129446187516051,0.008659150253022604,-0.0024047751653367326,0.002551594093448457,0.006226666910943305,-0.02930109652618142,-0.0005586930816041443,-0.008791013048924441,0.010333083087362855,-0.047756095017977555,0.017591132204069528,0.001879732184919602,0.09221500340814029,0.003813104632238865,0.3325440447210868,-7.3559379473266225e-06,-0.00028450825519274974,-0.004135396314901307,-0.00377411621430115,0.0,-0.0,0.0,-0.0,-0.008201376722342533,0.0
1.99,-85.0,89.39009485242855,1.0,0.0,0.49377227594528866,0.49354153749879154,-0.0072967885835792815,-0.008331984713164603,0.9174175552832278,0.006105149387618354,0.00852347537194622,-0.00245576127940311,0.002257615227073526,0.006218538943872715,-0.029505486133661718,-0.0010734090418300871,-0.009271934413979326,0.010509902514720391,-0.048442869210027856,0.017776503540349924,0.0019182602253422904,0.09559388149785389,0.003892890194539404,0.3433678909584944,-7.017563371224463e-06,-0.0002776646706390128,-0.004194527893785927,-0.003852774585368438,0.0,-0.0,0.0,-0.0,-0.008331984713164603,0.0
2.0,-85.0,89.39312562940586,1.0,0.0,0.49369879215800033,0.49345758023859876,-0.007401563569316454,-0.008461243485649202,0.9175022363972608,0.006080340298561136,0.008414410601336407,-0.0025071651407360513,0.0019617467075334,0.0062051315043231085,-0.029673551485077176,-0.0016149562951693688,-0.009759756220942915,0.01068855464738585,-0.049136201348626854,0.017956748744378897,0.0019575785272710304,0.09908223140191813,0.00397125658566762,0.35443961373594746,-6.706201700060293e-06,-0.00027031531792701835,-0.0042542117009196564,-0.003930010265102465,0.0,-0.0,0.0,-0.0,-0.008461243485649202,0.0
2.0100000000000002,-85.0,89.39639368055308,1.0,0.0,0.49362424763752755,0.49337231686197996,-0.007508932088527447,-0.008593136433544398,0.9175859365665349,0.006055014740553947,0.008327664305757364,-0.0025590180854607467,0.0016641140041958242,0.0061861724488878654,-0.029865246635003465,-0.0021840931030364663,-0.010254540714099397,0.010868992693114313,-0.04983549937675926,0.018132134598986827,0.0019976916548949362,0.10268252204655584,0.004051717977289791,0.3657570935464136,-6.416570156268647e-06,-0.0002630232018301406,-0.004314396045181066,-0.004009300616376923,0.0,-0.0,0.0,-0.0,-0.0085931364335444,-1.734723475976807e-18
2.02,-85.0,89.39907884595812,1.0,0.0,0.49354863150994466,0.49328573650454743,-0.00761577412331225,-0.008724457520356192,0.9176688812105844,0.006029168867150524,0.008263365815299777,-0.002611234014086374,0.0013645897091451287,0.006161382409138678,-0.030039224078039908,-0.00278152606707089,-0.010756347266752354,0.011051156348515941,-0.050540623477554385,0.01830173389983818,0.0020386060220545835,0.10639719811954419,0.004131431886776898,0.3773175163796042,-6.146924498998096e-06,-0.00025540995928726215,-0.004375068386996896,-0.0040878322495730346,0.0,-0.0,0.0,-0.0,-0.00872445752035619,1.734723475976807e-18
2.0300000000000002,-85.0,89.40406732557213,1.0,0.0,0.49347194067182915,0.4931978361321588,-0.00772344116440418,-0.008856662272476019,0.9177512797298144,0.006002800710918753,0.008218926537994773,-0.002663500021323536,0.001063291488508804,0.0061304748320103975,-0.030217599480025017,-0.003407969877306726,-0.011265230992021544,0.01123496300196167,-0.05125099405451222,0.018461480945034966,0.0020803227433251253,0.11022867238758298,0.004211722752704787,0.389117305138872,-5.8937162038846815e-06,-0.0002476750727753239,-0.004436178142591646,-0.004166915340905163,0.0,-0.0,0.0,-0.0,-0.008856662272476017,1.734723475976807e-18
2.04,-85.0,89.41104860303773,1.0,0.0,0.4933941717292939,0.4931086128302387,-0.007831211926107673,-0.00898893701505226,0.9178333254821457,0.005975907544569666,0.008192869153302935,-0.002716253667633438,0.000760315042232284,0.006093156228234574,-0.030367943375201233,-0.004064112079269079,-0.011781241964208444,0.011420344617435166,-0.051966093066487355,0.01861707957269634,0.0021228429837446797,0.11417931800646561,0.004292078098971175,0.40115212951744916,-5.654405874933064e-06,-0.00023956014033070378,-0.0044976800694567585,-0.004246042399389864,0.0,-0.0,0.0,-0.0,-0.00898893701505226,0.0
2.0500000000000003,-85.0,89.41670160291542,1.0,0.0,0.493315315792559,0.49301805770809487,-0.007940902461885791,-0.009123079591858678,0.9179151924098264,0.005948485484931826,0.008183316408052943,-0.0027692424956088793,0.00045569194728147926,0.00604912629638777,-0.03055170250855938,-0.004750607460367524,-0.012304424403983591,0.011607227527888012,-0.052685297683412666,0.01876187372007907,0.002166173902070251,0.11825146142447374,0.004373876761845875,0.4134169273149611,-5.426286517120956e-06,-0.00023155651902667394,-0.00455951984206502,-0.0043265769442498644,0.0,-0.0,0.0,-0.0,-0.00912307959185868,-1.734723475976807e-18
2.06,-85.0,89.42406511304705,1.0,0.0,0.4932353725223626,0.4929261741785578,-0.008049367524821454,-0.009255452270122906,0.9179970517830652,0.005920532107379668,0.008190839967708639,-0.0028225483076879123,0.00014940462523796167,0.005998078489453161,-0.030707659910145298,-0.005468064737876187,-0.0128348177499971,0.011795527006331458,-0.05340821862518429,0.018900181031058137,0.0022103102745114163,0.1224473731628144,0.00445396016680133,0.4259055982205192,-5.208362175438313e-06,-0.00022318637338882057,-0.004621663417717996,-0.004405394116840652,0.0,-0.0,0.0,-0.0,-0.009255452270122907,-1.734723475976807e-18
2.0700000000000003,-85.0,89.43128747937982,1.0,0.0,0.4931543353265659,0.4928329584985205,-0.008158825938789657,-0.009388626089215245,0.9180790530000273,0.00589204450906321,0.0082124337410136,-0.0028761069456725514,-0.00015844377021408237,0.005939700186924326,-0.03086052973257646,-0.006217077831229028,-0.013372455347105097,0.011985169304340735,-0.054134154571762544,0.019029644378870947,0.0022552555632055086,0.12676925886773996,0.00453479074308477,0.4386112418919359,-4.997470373116296e-06,-0.00021464953095249914,-0.004684049725418679,-0.00448492936247095,0.0,-0.0,0.0,-0.0,-0.009388626089215245,0.0
2.08,-85.0,89.43825120923799,1.0,0.0,0.49307220285778564,0.4927384098784745,-0.008267872681800332,-0.009521226856244394,0.9181613361994605,0.005863020873215216,0.008247847400704866,-0.0029298094783250196,-0.00046776942039043995,0.005873673204933487,-0.030993374634878463,-0.006998179858009084,-0.01391736509523056,0.012176056123919482,-0.054862497981431904,0.0191494690182837,0.0023010104979707667,0.13121925054091502,0.004615143568514906,0.4515259807293855,-4.7923535279021355e-06,-0.00020583788674463586,-0.004746625841380295,-0.004563970774591561,0.0,-0.0,0.0,-0.0,-0.009521226856244394,0.0
2.0900000000000003,-85.0,89.44338235852973,1.0,0.0,0.49298898110311534,0.4926425375707196,-0.008377222278420075,-0.00965399360449405,0.9182440379210876,0.005833459940718681,0.008295720504791732,-0.002983533424760934,-0.0007784704366546114,0.0057996740787336605,-0.03113854771501164,-0.00781186492676445,-0.014469567208015724,0.01236810277013755,-0.05559259640427401,0.01926148871170238,0.002347566366893981,0.13579939631974214,0.0046955971975446865,0.46464087389944186,-4.591170266156987e-06,-0.00019697715415803644,-0.004809335022557509,-0.004643090257512348,0.0,-0.0,0.0,-0.0,-0.009653993604494052,-1.734723475976807e-18
2.1,-85.0,89.4545208930754,1.0,0.0,0.49290466925852433,0.4925453455750006,-0.008486324825304037,-0.009785583715123652,0.9183272801698716,0.005803361919552481,0.008355714311034955,-0.003037248676792068,-0.0010905022886479316,0.005717374831824393,-0.031263264952084605,-0.008658565921237196,-0.015029076049291386,0.012561191779833643,-0.056323685216155835,0.01935759315608204,0.002394919836520301,0.14051165111376643,0.004775073087812955,0.47794628345683454,-4.392717650494873e-06,-0.0001878591077868434,-0.004872110820588386,-0.004721221069097928,0.0,-0.0,0.0,-0.0,-0.009785583715123652,0.0
2.1100000000000003,-85.0,89.46160516736717,1.0,0.0,0.4928192797947,0.49244685050378384,-0.008593900010574128,-0.009915876513739763,0.918411179919221,0.005772725611409376,0.008426649540983423,-0.0030911347213897662,-0.0014035309142480116,0.005626443105293167,-0.0313651320083722,-0.009538713144317703,-0.015595896959579917,0.012755205601378225,-0.057054834031269604,0.019445959102830347,0.002443057241996805,0.14535786695505631,0.004853516635837217,0.49143117022221827,-4.1956158317383405e-06,-0.00017849913696171957,-0.004934872530060935,-0.00479830923088537,0.0,-0.0,0.0,-0.0,-0.009915876513739763,0.0
2.12,-85.0,89.46892366407104,1.0,0.0,0.49273279390094243,0.49234703354488235,-0.008703889831223279,-0.010048009048691285,0.9184958280135661,0.005741551728312928,0.008506432311525295,-0.003144757229524369,-0.0017179835065322066,0.0055265433152303055,-0.03150991561631811,-0.010452501571310481,-0.016170028011728864,0.012950024659993505,-0.05778569995172917,0.019518383437002847,0.0024919968541277223,0.15033978101545142,0.004933768692866448,0.5050836259736027,-3.9976268129654735e-06,-0.00016925840992661293,-0.004997590132010404,-0.004877162879941302,0.0,-0.0,0.0,-0.0,-0.010048009048691284,1.734723475976807e-18
2.13,-85.0,89.47891626355812,1.0,0.0,0.492645227733651,0.49224591856119054,-0.008811277825008748,-0.010176864294779776,0.9185813290285949,0.005709843205631326,0.008596610079687799,-0.003198202757253983,-0.002033430229835674,0.005417337562352618,-0.03159814382124629,-0.011400252267364451,-0.01675146247418361,0.013145506542350863,-0.05851520518873949,0.019580882436834778,0.0025417191438962283,0.15545900515880168,0.005011284536467004,0.5188904733935648,-3.798975692955932e-06,-0.00015960594918070967,-0.005060170258450923,-0.004953289111455186,0.0,-0.0,0.0,-0.0,-0.010176864294779774,1.734723475976807e-18
2.14,-85.0,89.48697328565262,1.0,0.0,0.4925565814870924,0.4921435101618479,-0.008919149933916052,-0.010305824476109372,0.9186677712958674,0.0056776005910498155,0.008695135169927235,-0.0032513838965683743,-0.0023500530760731772,0.005298485518062595,-0.031724113707984655,-0.01238204976024006,-0.017340183108735693,0.013341556149830883,-0.059242861614861184,0.019628278666962512,0.0025922215184338454,0.16071701489486862,0.0050890307153939295,0.5328376272971325,-3.5977724820696736e-06,-0.00015003586054149147,-0.005122570488930474,-0.005029620354155337,0.0,-0.0,0.0,-0.0,-0.010305824476109372,0.0
2.15,-85.0,89.4978348731768,1.0,0.0,0.49246685482087355,0.4920398140911937,-0.009027269632142246,-0.010434208483607474,0.9187552364701335,0.00564482758670817,0.008801238674223506,-0.0033043332432328007,-0.0026679590185823107,0.005169646549208891,-0.03184633270410235,-0.013397922861819718,-0.017936168123525328,0.013538013184011577,-0.059967913372068665,0.019662609367223822,0.002643501227404219,0.16611513885827597,0.005166611844185547,0.546909744185137,-3.3928963978834614e-06,-0.00014032480449875716,-0.005184725277928977,-0.005105765504781857,0.0,-0.0,0.0,-0.0,-0.010434208483607474,0.0
2.16,-85.0,89.50421648023223,1.0,0.0,0.4923760590322421,0.491934849236004,-0.009132305030873327,-0.010559011576340925,0.9188438020325879,0.005611526186631112,0.00891566889496627,-0.003356942082417775,-0.0029868052503255276,0.00503047966460322,-0.031916244730357,-0.01444792395484621,-0.018539386779047113,0.013734741838537103,-0.060689285596732895,0.019680160449454195,0.0026955450211259805,0.1716545470045888,0.005241268193366575,0.5610904316650653,-3.184194214221278e-06,-0.00013028836124062343,-0.005246541591643775,-0.005178997429242306,0.0,-0.0,0.0,-0.0,-0.010559011576340926,-1.734723475976807e-18
2.17,-85.0,89.51404657361579,1.0,0.0,0.49228421461695687,0.4918286423974344,-0.009238045960341416,-0.010683804557940652,0.9189335462933408,0.005577700755236188,0.009036241414257512,-0.003409174794574978,-0.003306495849430156,0.0048806440074973265,-0.03203063579722368,-0.01553191407363311,-0.019149795971613058,0.013931571953406174,-0.06140583520366202,0.019684534742523487,0.0027483313444398565,0.17733623906793375,0.005316292413963343,0.5753619868172826,-2.9702785554675084e-06,-0.00012034363677191541,-0.005307920594793858,-0.00525257004781941,0.0,-0.0,0.0,-0.0,-0.01068380455794065,1.734723475976807e-18
2.18,-85.0,89.52029848096419,1.0,0.0,0.4921913195222358,0.4917211990641099,-0.009341798707084388,-0.010805606375361314,0.9190245276549213,0.0055433556060856,0.00916335275893603,-0.00346104400674837,-0.003627146930052788,0.004719801062079586,-0.032091009451182935,-0.016649627698375774,-0.019767345370384135,0.014128381547919951,-0.06211702239422538,0.019678208011595734,0.002801859998105489,0.18316103206462553,0.005389105460215119,0.589705590783422,-2.75061821712286e-06,-0.00011010511764364763,-0.005368815534438827,-0.005323935105061716,0.0,-0.0,0.0,-0.0,-0.010805606375361314,0.0
2.19,-85.0,89.52622919080284,1.0,0.0,0.49209740342875774,0.4916125562041074,-0.00944310382257806,-0.010924286807020707,0.9191168113779911,0.00550849452772148,0.009296663217975152,-0.0035121455065084857,-0.0039481468182113065,0.0045476143296241485,-0.03213063477181224,-0.017800884386347998,-0.020391974818696944,0.014325055869345906,-0.06282140901878513,0.019652628163580717,0.002856102226329491,0.18912954952852065,0.005459523433071357,0.6041014331628382,-2.52501500050169e-06,-9.97480437948651e-05,-0.005429102206502323,-0.005392911541723016,0.0,-0.0,0.0,-0.0,-0.010924286807020706,1.734723475976807e-18
2.2,-85.0,89.53666124341493,1.0,0.0,0.4920024676857904,0.4915027249019424,-0.009544783085470833,-0.011042347272243297,0.9192104473343221,0.005473126086470163,0.00943431212261511,-0.0035625825876784605,-0.004269745919836975,0.004363750771505226,-0.03219549110076943,-0.01898515661327037,-0.021023610836938704,0.014521380064003706,-0.06351808812107987,0.019610059649117887,0.0029110534152321805,0.19524221169642794,0.005530017347297261,0.6185284806191679,-2.2922606659397555e-06,-8.94122520506966e-05,-0.005488702248618572,-0.005461940510908088,0.0,-0.0,0.0,-0.0,-0.011042347272243295,1.734723475976807e-18
2.21,-85.0,89.54559564588052,1.0,0.0,0.4919065304528676,0.4913917318356774,-0.009642839582243,-0.011156150435674892,0.9193054851080871,0.005437260245661638,0.009577198025747455,-0.0036115887960879267,-0.004591724830173573,0.004167882465814054,-0.03219760710957851,-0.020201999157509927,-0.021662172396776383,0.01471719530614027,-0.06420618386847934,0.019552443670219497,0.002966695326240715,0.20149921994434777,0.005597217245147468,0.6329640235361704,-2.052328180635598e-06,-7.886424599551014e-05,-0.005547540109698389,-0.0055276937518003565,0.0,-0.0,0.0,-0.0,-0.011156150435674892,0.0
2.22,-85.0,89.55180406568007,1.0,0.0,0.49180962345297524,0.4912796171183773,-0.00973946744165331,-0.01126734081634797,0.9194019748956676,0.005400905105501411,0.009724178822052253,-0.0036605011396722478,-0.004913711778967304,0.003959687184104389,-0.032198975355322804,-0.0214506561738537,-0.0223075670121667,0.014912356750356064,-0.0648842820845335,0.019479189228860577,0.003022997154140897,0.20790054995707818,0.005662703787653496,0.6473858209863287,-1.8048465255443842e-06,-6.830895011588524e-05,-0.005605493852009775,-0.005591733167696768,0.0,-0.0,0.0,-0.0,-0.011267340816347973,-1.734723475976807e-18
2.23,-85.0,89.5624619483703,1.0,0.0,0.49171174574955134,0.4911663915604925,-0.009836325985991714,-0.011377751820469312,0.9194999467921555,0.005364067354025173,0.009873950596691697,-0.0037080977292137263,-0.0052359356359706856,0.003738850360195568,-0.03224153206754002,-0.022730356950805417,-0.022959690247875808,0.01510672703853654,-0.06555162621965707,0.01939071073107716,0.0030799572286970014,0.21444594135711953,0.005728330877788275,0.6617688517257834,-1.5490550373564693e-06,-5.781490105534457e-05,-0.005662498256096685,-0.005655889608279927,0.0,-0.0,0.0,-0.0,-0.011377751820469312,0.0
2.24,-85.0,89.56749238965423,1.0,0.0,0.4916129239235088,0.49105209027960206,-0.00992871956793455,-0.01148286699648169,0.9195994398056209,0.005326759154178162,0.01002807441161747,-0.003754594406604076,-0.005558286200671518,0.003505066577563431,-0.03222924700535499,-0.024040106725543,-0.02361843178445553,0.015300105383638997,-0.06620742180946303,0.019281946625013743,0.0031375505829599,0.22113488566332418,0.005789773076271053,0.6760882360633582,-1.284991933305859e-06,-4.720426393898473e-05,-0.005718485003895919,-0.005715892736713481,0.0,-0.0,0.0,-0.0,-0.01148286699648169,0.0
2.25,-85.0,89.57540750501047,1.0,0.0,0.49151318346506045,0.4909367506485194,-0.010019738128157582,-0.011585303824466276,0.9197004867126957,0.005288990510744883,0.010184665174947535,-0.0037999262782076443,-0.005880530051594177,0.0032580403432953733,-0.03222049789703796,-0.025378856029751776,-0.024283667350521766,0.015492290590499896,-0.06685002483638819,0.0191492048985321,0.003195751174979644,0.22796661919998454,0.005849694998253667,0.6903180162811513,-1.012288049871585e-06,-3.660478150929819e-05,-0.005773312468290229,-0.0057743742866168775,0.0,-0.0,0.0,-0.0,-0.011585303824466275,1.734723475976807e-18
2.2600000000000002,-85.0,89.58429689404835,1.0,0.0,0.4914125429557491,0.49082040019899065,-0.010108898671353993,-0.011685083336987418,0.9198031101986885,0.005250775916799954,0.010343227463708703,-0.0038437516873757152,-0.006202739515344703,0.0029974876622058206,-0.032218821560239155,-0.02674537934629706,-0.02495526087936884,0.015683047452320315,-0.0674785065664667,0.01900123165057578,0.0032545433959835896,0.23494011155343764,0.005908201717029509,0.7044305950518008,-7.306277156219259e-07,-2.6013448957801765e-05,-0.0058269008157342365,-0.005831438444579758,0.0,-0.0,0.0,-0.0,-0.01168508333698742,-1.734723475976807e-18
2.27,-85.0,89.59375085828154,1.0,0.0,0.49131102374685287,0.4907030726472186,-0.010195451761804293,-0.011780691904681374,0.9199073312826664,0.005212128214895998,0.01050414722398281,-0.003886476729357212,-0.006524838714355141,0.0027231373598182065,-0.03219905757541767,-0.028138285153717156,-0.02563306594655969,0.01587225170811667,-0.06809185208516194,0.018839462348600733,0.0033139064387632767,0.24205405422673987,0.005963864301721102,0.7183983258297545,-4.3992026525839343e-07,-1.54136164108942e-05,-0.005879162860042924,-0.005885675507962297,0.0,-0.0,0.0,-0.0,-0.011780691904681374,0.0
2.2800000000000002,-85.0,89.60248689648932,1.0,0.0,0.49120865156781673,0.49058480541350086,-0.010279576744930567,-0.011872865090207133,0.9200131673960573,0.005173061754842823,0.010666210054026874,-0.0039277142583849095,-0.0068466787570649855,0.002434732643752277,-0.032164673602670064,-0.029556093927643436,-0.02631692669279983,0.016059764063807786,-0.06868911316062186,0.01865853589840417,0.003373816468086243,0.24930685681065837,0.006017486271835618,0.7321927271793354,-1.4008161630220095e-07,-4.828345935067891e-06,-0.005930017252471709,-0.005937879410184054,0.0,-0.0,0.0,-0.0,-0.011872865090207133,0.0
2.29,-85.0,89.60830926892561,1.0,0.0,0.4911054472785321,0.4904656317596486,-0.010360470639774643,-0.011960534852008719,0.9201206265414821,0.005133590439838068,0.010829517281449236,-0.0039673156710303935,-0.007168096576242396,0.0021320326030041213,-0.03209754671860214,-0.030997204427357518,-0.027006675180290228,0.016245364330480322,-0.06926886006598056,0.01845791513438909,0.0034342547067417635,0.25669664474493026,0.00606808573959767,0.7457846004926882,1.6883075029934052e-07,5.719558537522772e-06,-0.005979341113341206,-0.005987082127955334,-0.0,0.0,0.0,-0.0,-0.011960534852008719,0.0
2.3000000000000003,-85.0,89.61349153516073,1.0,0.0,0.49100146110193377,0.49034561727594456,-0.010436711605652788,-0.012041909573222008,0.9202297324367553,0.005093734818617932,0.010994892658151378,-0.004004286058214122,-0.007488665402055042,0.0018148117399502627,-0.03201431851656105,-0.03246007779630676,-0.02770213012424781,0.016428906375415137,-0.06982986796297438,0.018247049696892295,0.0034951704119414104,0.26422124200047165,0.00611391357682493,0.7591432026860561,4.865432033694577e-07,1.6192835188129596e-05,-0.006027029523897204,-0.006031559427716302,-0.0,0.0,0.0,-0.0,-0.012041909573222008,0.0
2.31,-85.0,89.62367410657166,1.0,0.0,0.4908967132139315,0.4902247934761056,-0.010512633400267826,-0.01212202161302897,0.9203404809972066,0.005053514966979393,0.01115835972919053,-0.004040175940916672,-0.007808463198817987,0.0014828626413971014,-0.031944972273267855,-0.0339425338953531,-0.028403099750761707,0.016610228925382938,-0.07037117272192829,0.01801522086962593,0.003556548135887461,0.27187817428089467,0.006160165230477507,0.7722399722406492,8.129887014195997e-07,2.6603261589408466e-05,-0.006072999928676263,-0.006076437934643533,-0.0,0.0,0.0,-0.0,-0.012122021613028968,1.734723475976807e-18
2.3200000000000003,-85.0,89.63232545850013,1.0,0.0,0.49079122423416915,0.49010319497907096,-0.010584730568201861,-0.012196548134403316,0.9204528683530793,0.005012944823944085,0.011322634393318272,-0.00407416665736451,-0.008127563325705089,0.0011359996589207896,-0.03186854645470256,-0.03544253975715227,-0.029109381946589734,0.01678916137938877,-0.07089179299052827,0.01776801174059281,0.003618370272613096,0.27966467055465305,0.006202534759273368,0.7850438648807248,1.1483239691194282e-06,3.69425967129167e-05,-0.006117168361731207,-0.0061174706933541465,-0.0,0.0,0.0,-0.0,-0.012196548134403316,0.0
2.33,-85.0,89.63905878064344,1.0,0.0,0.49068504832895316,0.48998089545061746,-0.010650605658430033,-0.012263169310022777,0.9205669085382862,0.004972045313074679,0.011488081558885569,-0.004106621864038336,-0.008445564675443225,0.0007740575106626232,-0.03173924024378201,-0.03695795433963823,-0.029820764000044582,0.016965515050404695,-0.07139048782970346,0.017498905767008275,0.0036805799192669566,0.28757765166572885,0.006238686562064319,0.797524869861764,1.4922430373774752e-06,4.712341928083862e-05,-0.006159428768087884,-0.006152356204253109,-0.0,0.0,0.0,-0.0,-0.012263169310022776,1.734723475976807e-18
2.3400000000000003,-85.0,89.65062761304068,1.0,0.0,0.4905782166112442,0.48985794104901703,-0.01071467169192895,-0.01232605251311275,0.9206825902683384,0.004930835243044934,0.011651819509945559,-0.0041361928319497724,-0.008762339302660042,0.000396892548622315,-0.031612832398430185,-0.03848665214901201,-0.030537019696733975,0.017139177984542713,-0.07186602179171855,0.017227854262199305,0.0037431491869639308,0.29561373122506496,0.006272997365387103,0.8096507659983845,1.8442183744196184e-06,5.7191333458061506e-05,-0.006199675469152527,-0.006185412595792706,-0.0,0.0,0.0,-0.0,-0.01232605251311275,0.0
2.35,-85.0,89.65636835095549,1.0,0.0,0.4904707606570693,0.4897343786561498,-0.010775609500079268,-0.012384806319224303,0.9207999009731704,0.00488934064447522,0.011813705535114502,-0.004163112550401081,-0.009077946609138174,4.384830877135736e-06,-0.03150540877274681,-0.040026033630645025,-0.03125791685073517,0.01731007825720223,-0.07231819887821671,0.01694640604237848,0.0038060501917603056,0.30376921229619186,0.006305125159509522,0.8213916738396153,2.20409142800763e-06,6.718569289917948e-05,-0.006237892519631346,-0.006216303583920144,-0.0,0.0,0.0,-0.0,-0.012384806319224303,0.0
2.3600000000000003,-85.0,89.66448717114568,1.0,0.0,0.49036271859771935,0.48961025703223926,-0.010830921825237332,-0.012436735345233573,0.9209188234037471,0.004847588133084353,0.011974552384262545,-0.004188392274497941,-0.009392353043930384,-0.0004035593576815523,-0.03135069861992811,-0.04157337036396436,-0.03198321962850207,0.01747807334988194,-0.07274630609572204,0.01663981223849779,0.0038692532879838963,0.3120400966206159,0.006332248801034808,0.8327185889341919,2.5717999007185056e-06,7.696146529794629e-05,-0.006274019424318131,-0.0062422491861141086,-0.0,0.0,0.0,-0.0,-0.012436735345233575,-1.734723475976807e-18
2.37,-85.0,89.67292184826948,1.0,0.0,0.4902541482836432,0.48948564901919955,-0.010882527355233151,-0.01248364975727307,0.9210393470777656,0.004805590934514,0.01213277901069287,-0.0042111784186620645,-0.009705073415054359,-0.000827006930526589,-0.031187407216825867,-0.04312620966139855,-0.03271267521852332,0.01764285225246196,-0.07314809240471849,0.016316528379447942,0.003932704546347229,0.3204221024598196,0.006356444977655374,0.8436010826119615,2.9463153869114496e-06,8.656581758171554e-05,-0.006307863267161417,-0.006265298623080282,-0.0,0.0,0.0,-0.0,-0.01248364975727307,0.0
2.38,-85.0,89.68136796948508,1.0,0.0,0.4901450793764518,0.48936060034660384,-0.010930937340777986,-0.012525232252299167,0.9211614422675398,0.004763376813238703,0.012288524386382256,-0.004232095611532599,-0.010016094824860967,-0.0012659997116977087,-0.031023086673975797,-0.04468171183802926,-0.03344601706787551,0.017804352583479795,-0.07352282411661569,0.01598103558843403,0.003996379563099586,0.3289106341586673,0.006377468749081322,0.854010111537998,3.3273746384579956e-06,9.601413867245472e-05,-0.006339361900501954,-0.006285211865108126,-0.0,0.0,0.0,-0.0,-0.012525232252299168,-1.734723475976807e-18
2.39,-85.0,89.69142007824951,1.0,0.0,0.49003554952090356,0.4892351631673585,-0.010974491840603036,-0.012560877400433528,0.9212850810841292,0.004720964997190285,0.012441528953554729,-0.0042505038320120574,-0.010325480716169472,-0.001720549753454149,-0.030844806600884324,-0.04623697387394017,-0.03418297144241048,0.017962437602910806,-0.07386988533830086,0.015630069536486338,0.004060248272918097,0.3375008165377701,0.006394713458356871,0.8639169647681044,3.7146947960883734e-06,0.00010526394739956997,-0.006368463419269836,-0.006301392623359351,-0.0,0.0,0.0,-0.0,-0.012560877400433528,0.0
2.4,-85.0,89.69925432202368,1.0,0.0,0.4899256197085391,0.4891094190291128,-0.011010953735804256,-0.012586960097513802,0.921410247234741,0.004678389650896345,0.012593564782922695,-0.004264587718786567,-0.010632815860969064,-0.002190641834776938,-0.030626307500751775,-0.047789384255174726,-0.034923256622413044,0.018117028394829014,-0.07418840512196119,0.015282455013367554,0.004124249726097389,0.3461874811005018,0.006404447489277751,0.873292028352627,4.108110013556117e-06,0.00011419214769549225,-0.006395094177443344,-0.0063101661777795045,-0.0,0.0,0.0,-0.0,-0.0125869600975138,1.734723475976807e-18
2.41,-85.0,89.70947351452836,1.0,0.0,0.48981533524887594,0.48898342669272415,-0.011044915605100939,-0.012609810863685844,0.9215369028824133,0.004635678514275231,0.012739816351739194,-0.004277886767301611,-0.010937968602086495,-0.002676230353017338,-0.03040882367718607,-0.04933546509929056,-0.03566658502572334,0.018268030884688754,-0.07447761205964767,0.014912507229478707,0.004188347203419819,0.35496519406582144,0.0064132852306610965,0.8821122798294534,4.5056116348075275e-06,0.00012292449283000036,-0.0064191890099963775,-0.006318051958154276,-0.0,0.0,0.0,-0.0,-0.012609810863685846,-1.734723475976807e-18
2.42,-85.0,89.71469469067557,1.0,0.0,0.48970473927392427,0.48885724114456247,-0.01107258767475161,-0.012624782486312068,0.921665005574313,0.004592852829470339,0.01288322324036465,-0.004287825181654184,-0.011240911736505335,-0.0031772390867425304,-0.03017231308739849,-0.05087246858829047,-0.036412659557368894,0.018415411643043528,-0.07473712658393908,0.01454685805216261,0.004252508918174411,0.36382826241154564,0.00641645327076224,0.8903493114618479,4.907730263836888e-06,0.00013137507476945943,-0.006440716540037066,-0.0063203487513082985,-0.0,0.0,0.0,-0.0,-0.012624782486312068,0.0
2.43,-85.0,89.72033319470367,1.0,0.0,0.48959388722407116,0.4887309329855568,-0.01109629847886987,-0.012634594284829902,0.9217945177829581,0.004549935636372464,0.013021235467262474,-0.00429602164956882,-0.01154141223060358,-0.003693559688162843,-0.029914563485328845,-0.05239703292392086,-0.037161178883599884,0.018559001116265107,-0.07496572468423911,0.014164700922157079,0.004316686571832851,0.372770751468535,0.0064167797172111,0.8979812865540087,5.312847669454188e-06,0.00013951023142951064,-0.006459572764666875,-0.0063198445992619905,-0.0,0.0,0.0,-0.0,-0.012634594284829902,0.0
2.44,-85.0,89.72843141552863,1.0,0.0,0.48948282463673537,0.48860456281586395,-0.011113375145593789,-0.012635830188453424,0.9219253910617939,0.004506941787465524,0.013156058071381801,-0.0043024273665116675,-0.011839206588198424,-0.004225053019185925,-0.029621670159533858,-0.053906139142258426,-0.03791182652446283,0.018698627933659458,-0.07516192682905229,0.013758925021383683,0.004380842867242988,0.3817864985449354,0.0064108258193022166,0.9049858525479442,5.7210954227554414e-06,0.0001472350367437497,-0.006475631668333037,-0.006313154652286891,-0.0,0.0,0.0,-0.0,-0.012635830188453424,0.0
2.45,-85.0,89.73317193982038,1.0,0.0,0.48937160913017547,0.4884782019615818,-0.011127778896616643,-0.012633450090984264,0.9220575819400096,0.004463902073586729,0.013284165079685287,-0.004305279823336266,-0.012134166284774735,-0.004771550122892942,-0.029361469214324067,-0.05539677523678567,-0.03866427474282296,0.018834196265579327,-0.07532513271370953,0.013353080348700967,0.004444930975399924,0.3908691114083844,0.0064040035857390685,0.9113400554366168,6.130345926574078e-06,0.00015487335946806217,-0.0064888431190124095,-0.00630561067736649,-0.0,0.0,0.0,-0.0,-0.012633450090984263,1.734723475976807e-18
2.46,-85.0,89.73771257397541,1.0,0.0,0.4892602788118491,0.48835190105591403,-0.01113555606135793,-0.012623113466420246,0.9221910313672235,0.004420853765368344,0.013407922574193008,-0.004303954916020529,-0.012426440808124188,-0.005332850208221023,-0.02907289019156175,-0.05686574361472426,-0.03941819600581276,0.01896580937504364,-0.07545605949399281,0.012968716029699583,0.0045089264534997325,0.40001198327128296,0.0063915307502696505,0.9170232228192821,6.541294572975344e-06,0.00016212076311229747,-0.006499270348280997,-0.006292505175824524,-0.0,0.0,0.0,-0.0,-0.012623113466420248,-1.734723475976807e-18
2.47,-85.0,89.74514627453672,1.0,0.0,0.4891488961585944,0.4882257376990399,-0.011138237962507416,-0.012605404306590018,0.922325692843334,0.004377821902831244,0.013526846436918705,-0.004302619597832177,-0.012715782978979106,-0.005908719320894457,-0.02877601277933076,-0.05830945651595525,-0.04017326746099448,0.01909349409052095,-0.07555412048643431,0.012557631168152415,0.004572774863210359,0.4092083346433625,0.0063741352213186765,0.9220226893732582,6.952970068058042e-06,0.00016906458213120556,-0.006506864463651026,-0.006274557395138256,-0.0,0.0,0.0,-0.0,-0.012605404306590018,0.0
2.48,-85.0,89.7522351264652,1.0,0.0,0.4890375224514253,0.4880997935463762,-0.011134692843557394,-0.012580699550268474,0.922461517920238,0.004334822008167904,0.013639420985728123,-0.004297497960427755,-0.013001825887586079,-0.006498891621410659,-0.028428263919921565,-0.05972534262302677,-0.040929153703503245,0.019217071285950908,-0.07561832724577781,0.01215228831769951,0.004636417666866963,0.41845123739678014,0.006351997891974799,0.926319453054494,7.363647880081755e-06,0.00017542667625492474,-0.006511542039755521,-0.006251947834647958,-0.0,0.0,0.0,-0.0,-0.012580699550268474,0.0
2.49,-85.0,89.75859231945813,1.0,0.0,0.4889262079693798,0.4879741280855307,-0.011125631566487383,-0.01254892792624678,0.9225984395945012,0.004291877866664266,0.013746381432082103,-0.0042903570697204844,-0.01328443428817721,-0.007103072417309699,-0.028083834141152696,-0.06111015219512268,-0.041685513008446494,0.01933651513387323,-0.07564793121270603,0.011742393558319112,0.004699820452691072,0.4277336089429177,0.006325417050451254,0.9299018117095043,7.772988860191457e-06,0.00018151155275908016,-0.006513240195095366,-0.006224972272770686,-0.0,0.0,0.0,-0.0,-0.01254892792624678,0.0
2.5,-85.0,89.76699571606437,1.0,0.0,0.4888150090176876,0.48784881141164643,-0.011111850810066746,-0.012511071655153317,0.9227363989839875,0.004249025194193952,0.013846601332691496,-0.004280203844699683,-0.013563604140132565,-0.007720937338365992,-0.02773725569668464,-0.062460925422226685,-0.04244200230945273,0.01945199464212343,-0.07564372751910313,0.01134389479783567,0.0047629388829528675,0.4370482289168798,0.006295284889042149,0.932757189961543,8.17979272336282e-06,0.00018728837357627023,-0.006512029038831552,-0.006194510782621399,-0.0,0.0,0.0,-0.0,-0.012511071655153319,-1.734723475976807e-18
2.5100000000000002,-85.0,89.7704804420163,1.0,0.0,0.48870398038549023,0.487723910215416,-0.011091391861428485,-0.012465575326062281,0.922875329104309,0.004206280583305757,0.013940521556687065,-0.004268249023244768,-0.01383912425140207,-0.00835212987574989,-0.027357220153015387,-0.06377459286793001,-0.04319828006901695,0.019563334990022184,-0.07560479717235284,0.010929862617712451,0.004825730444024245,0.4463878022530082,0.006259868494507874,0.9348787931437028,8.583469487224563e-06,0.00019253249036253647,-0.006507831080433507,-0.006158860205478534,-0.0,0.0,0.0,-0.0,-0.01246557532606228,1.734723475976807e-18
2.52,-85.0,89.77351732250924,1.0,0.0,0.4885931898071922,0.4875995034329905,-0.011064338322406332,-0.01241246461920128,0.9230151690629005,0.00416367093980946,0.014027927276394167,-0.004253640368340143,-0.014110738719515062,-0.008996266191615561,-0.026946794343875684,-0.06504849306715595,-0.04395399811078197,0.019670611340809652,-0.07553119465379787,0.010521407106179879,0.004888140174125088,0.4557449412519054,0.00621917454983786,0.9362586303662757,8.983004159146557e-06,0.0001972347439238783,-0.006500652732039794,-0.006118029635244509,-0.0,0.0,0.0,-0.0,-0.012412464619201279,1.734723475976807e-18
2.5300000000000002,-85.0,89.77982187267989,1.0,0.0,0.4884826820289253,0.487475647832891,-0.011034321088250188,-0.012354815242407008,0.9231558417466144,0.004121225190781406,0.014107197516880365,-0.0042356432065218975,-0.014378397098532126,-0.009652935571192739,-0.026559984319523833,-0.066279953937393,-0.04470880943022256,0.01977391703647865,-0.07542291928582798,0.010130157774651198,0.004950136821203636,0.46511220151779803,0.00617671861207345,0.93689152573576,9.376680505165088e-06,0.00020178292044528427,-0.006490495491281815,-0.006075479352075642,-0.0,0.0,0.0,-0.0,-0.01235481524240701,-1.734723475976807e-18
2.54,-85.0,89.78317003246968,1.0,0.0,0.4883725096918627,0.48735240648881156,-0.0109980624131525,-0.012290494658815373,0.9232972738676389,0.004078956984985128,0.014179076251534401,-0.004217989812692904,-0.014642001201447073,-0.010321698251044464,-0.026153484242194276,-0.06746603689361325,-0.045462369024600185,0.01987321091250439,-0.07527991739110157,0.009727190458879365,0.005011682117012155,0.4744821226742502,0.006130009277535176,0.9367790676038876,9.76420864230335e-06,0.00020585759066603357,-0.006477356329406482,-0.006028760128717229,-0.0,0.0,0.0,-0.0,-0.012290494658815375,-1.734723475976807e-18
2.5500000000000003,-85.0,89.78406839367548,1.0,0.0,0.48826273273598125,0.48722984685999254,-0.010954656071949046,-0.012217890677643438,0.9234393914156127,0.004036888816566405,0.014244490334540534,-0.00419611155075964,-0.014901310681757755,-0.011002090991762975,-0.02570241976854036,-0.06860475260250486,-0.046214329992413025,0.019968645901252653,-0.0751025427610884,0.009342517810258221,0.005072732218681886,0.4838472242000035,0.006077148323967949,0.935917718193046,1.0145337465416756e-05,0.00020923860338555616,-0.006461267299944759,-0.005976007318549652,-0.0,0.0,0.0,-0.0,-0.012217890677643438,0.0
2.56,-85.0,89.78548173901217,1.0,0.0,0.48815340741857016,0.4871080366853873,-0.010907822352499635,-0.012140896215781473,0.9235821228414199,0.003995047731102244,0.014301326506502662,-0.004170709447005477,-0.01515632212101248,-0.011693626761089973,-0.025285838792044088,-0.06969360684406466,-0.046964347230965715,0.02006022297253676,-0.07489069995802314,0.008982846344079745,0.005133244613545644,0.4932000460269032,0.00602274166695837,0.9343106629636919,1.0517971019265438e-05,0.00021255984778807972,-0.006442221772195503,-0.005921752262393316,-0.0,0.0,0.0,-0.0,-0.012140896215781474,-1.734723475976807e-18
2.5700000000000003,-85.0,89.78831415173167,1.0,0.0,0.48804458364867526,0.48698703317164665,-0.010854279666152171,-0.012056245232631262,0.9237253864720091,0.003953467448914926,0.014351032442961528,-0.00414491128599574,-0.015406912427281677,-0.012395796108141162,-0.02482621593951208,-0.07073021157428747,-0.0477120850029142,0.02014825114556697,-0.07464605659510215,0.008619774782856828,0.005193185628359894,0.5025331509402782,0.005962665673086924,0.9319659008790973,1.0882384305529626e-05,0.00021517888795497564,-0.0064203646807962055,-0.005861941824095561,-0.0,0.0,0.0,-0.0,-0.012056245232631262,0.0
2.58,-85.0,89.78952760693167,1.0,0.0,0.48793631318755637,0.4868668974835272,-0.010796953388854407,-0.011966915274480336,0.9238691035916498,0.003912163226265085,0.014392197783095924,-0.004116462563954171,-0.015652988424613462,-0.013108067295402781,-0.024386850408809734,-0.07171268657535296,-0.04845721482929749,0.02023278161755781,-0.07436845203101433,0.008274166703444613,0.005252517090403254,0.5118391879577566,0.00590050179113802,0.928889153195977,1.1236805806390883e-05,0.00021763046441761332,-0.006395683664552635,-0.005800098880151705,-0.0,0.0,0.0,-0.0,-0.011966915274480336,0.0
2.5900000000000003,-85.0,89.78952722546171,1.0,0.0,0.48782864588546687,0.48674768928630324,-0.010733168356651779,-0.011870615256396847,0.924013197222776,0.0038711456644343356,0.01442600452994415,-0.004086041093504656,-0.015894627673856455,-0.0138298874091653,-0.023926280600478987,-0.072639022953328,-0.04919940784245705,0.020313819734467803,-0.07405819874594517,0.00793783488968952,0.00531120390565795,0.5211108998407398,0.005833526055961619,0.925090928616475,1.1581649807410286e-05,0.00021955724583028687,-0.006368207012559531,-0.005733547139475013,-0.0,0.0,0.0,-0.0,-0.011870615256396847,0.0
2.6,-85.0,89.78952760693122,1.0,0.0,0.48772163894138043,0.486629468010785,-0.01066504923632163,-0.011769487153882567,0.9241575859053194,0.0038304472931899557,0.014451078183109683,-0.004053462639372333,-0.016131617030852356,-0.014560688696299904,-0.023456972042593956,-0.07350769651497693,-0.04993834417556074,0.020391669768338123,-0.07371663109659606,0.007626575836275365,0.005369207742239209,0.5303411111938204,0.005763900057817696,0.9205824450290678,1.1914980531960615e-05,0.0002210615721625133,-0.0063380508537660436,-0.005664412852810996,-0.0,0.0,0.0,-0.0,-0.011769487153882565,1.734723475976807e-18
2.6100000000000003,-85.0,89.7890999793675,1.0,0.0,0.48761534253853694,0.4865122901119828,-0.010592328428768673,-0.011663363953574623,0.9243021884746014,0.0037900748444717604,0.014467635863433763,-0.004020897793658277,-0.01636380828507196,-0.015299885435609999,-0.02297617506544692,-0.07431703849790267,-0.05067371248183949,0.02046636775973115,-0.0733437988654378,0.007305736777089752,0.005426493000869385,0.5395228065208579,0.005691415683717274,0.9153808375241868,1.2236188501271014e-05,0.00022211328673410924,-0.006305220782332738,-0.005592492646477264,-0.0,0.0,0.0,-0.0,-0.011663363953574622,1.734723475976807e-18
2.62,-85.0,89.7863095283175,1.0,0.0,0.4875097977517737,0.4863962032337609,-0.010514289181547605,-0.011550920623864478,0.9244469203816055,0.003750027452242248,0.014476994554860258,-0.003987870897791345,-0.016591168048701053,-0.01604687890268173,-0.022490341864840464,-0.07506597711241615,-0.05140519497074414,0.020537820641569116,-0.0729389605534427,0.006989558866975576,0.005483034655061956,0.5486491297557161,0.005614849897811803,0.9095011473251681,1.2545800041239672e-05,0.0002227738574505434,-0.00626965428572112,-0.00551658599563514,-0.0,0.0,0.0,-0.0,-0.011550920623864477,1.734723475976807e-18
2.6300000000000003,-85.0,89.78452463146667,1.0,0.0,0.48740506121479005,0.48628127081640315,-0.010430038012169232,-0.011432026886480182,0.924591708779877,0.0037103226182204976,0.014478946280695851,-0.003953149732949019,-0.016813583847975867,-0.016801060122256427,-0.021980724773096857,-0.07575349487146804,-0.05213247722192598,0.020606231823476515,-0.07250337772238519,0.0066924842458221615,0.005538790506280017,0.5577133753565225,0.005533763228525019,0.9029605136674077,1.284301944203174e-05,0.00022285398748557637,-0.006231461121039757,-0.005436262772368032,-0.0,0.0,0.0,-0.0,-0.011432026886480182,0.0
2.64,-85.0,89.78317003246741,1.0,0.0,0.48730117791118643,0.48616753589538425,-0.010343534202003454,-0.011311053729375997,0.9247364666173286,0.0036709799709661404,0.014471054656431412,-0.003915800515646992,-0.01703101027662361,-0.01756181098571456,-0.021494318364498208,-0.076378812329007,-0.05285525865401281,0.02067186727419196,-0.07203836250020292,0.0064217716816678625,0.005593738543306392,0.5667090249657517,0.00545297076636703,0.8957779061061295,1.3125114235870538e-05,0.00022283058633877474,-0.0061907551758719195,-0.005356254254078723,-0.0,0.0,0.0,-0.0,-0.011311053729375997,0.0
2.65,-85.0,89.77788324352676,1.0,0.0,0.48719818648910607,0.4860550391395085,-0.010251015883740219,-0.011183742736298033,0.9248811093129854,0.003632006307600287,0.014456173521964481,-0.003878584603198655,-0.017243468505542696,-0.018328503953288628,-0.020983237171290678,-0.07694102922698684,-0.05357324784874853,0.020734776947478353,-0.07154435094514273,0.006155505190020696,0.005647859090051642,0.5756297833492308,0.005367607253709099,0.8879774180696911,1.3394166215857188e-05,0.00022221994645641778,-0.0061475749603802175,-0.005271781888590091,-0.0,0.0,0.0,-0.0,-0.011183742736298033,0.0
2.66,-85.0,89.77121782299432,1.0,0.0,0.4870961446611385,0.4859438408818774,-0.010153635168218761,-0.011051362577895003,0.9250255661489344,0.003593408189413107,0.014433620240185477,-0.0038401643076056684,-0.017450761143342517,-0.019100506713876617,-0.020456733027371728,-0.07743988735343409,-0.05428615597765306,0.020795112036468007,-0.07102200098866779,0.005920246132478119,0.0057011098985767705,0.5844695752926892,0.005278991374739247,0.8795805844248891,1.364888418720261e-05,0.00022110897398806405,-0.006101978140983094,-0.0051841422950871735,-0.0,0.0,0.0,-0.0,-0.011051362577895001,1.734723475976807e-18
2.67,-85.0,89.76731958385835,1.0,0.0,0.4869950912409371,0.48583398699766767,-0.010053994922129099,-0.010915996195068436,0.9251697587215965,0.0035552013333673923,0.014402317050856702,-0.0038015061411531097,-0.01765274122315934,-0.019877185291899278,-0.01992053720831634,-0.0778752103299649,-0.05499370898856557,0.02085323727146653,-0.0704729530415189,0.005694434721528233,0.005753462582593812,0.5932225516049183,0.005189156383955564,0.8706130916766674,1.3887627470683054e-05,0.0002195558204734991,-0.006054106635155413,-0.005095333007857205,-0.0,0.0,0.0,-0.0,-0.010915996195068434,1.734723475976807e-18
2.68,-85.0,89.7552914619099,1.0,0.0,0.48689505708507785,0.48572550654990354,-0.00994945478517115,-0.010776087838581205,0.9253136000034669,0.003517375485353109,0.01436374934472752,-0.0037634386673304995,-0.01784936189831558,-0.02065790318597375,-0.01939029810796726,-0.0782469323822276,-0.05569563984656228,0.020909035382944547,-0.06989687222377769,0.005466619051291111,0.0058049063345921225,0.6018831477221981,0.005096727195611913,0.861101907150368,1.4111341862264406e-05,0.0002177374834141558,-0.006003932484180393,-0.005004004179677231,-0.0,0.0,0.0,-0.0,-0.010776087838581205,0.0
2.69,-85.0,89.7465401649126,1.0,0.0,0.48679608902267735,0.48561844358825923,-0.009840645072141385,-0.010632235695252928,0.9254570173678731,0.0034799285026429106,0.014317604837532843,-0.0037256894453669333,-0.018040649672305953,-0.02144202488523524,-0.01885322213182912,-0.0785551727675251,-0.056391680431156783,0.020962613596045513,-0.069294473736675,0.005251004301372049,0.005855416076482619,0.6104460512933869,0.005002112158037047,0.8510733216722226,1.431939837646889e-05,0.000215520309477234,-0.0059515179912471555,-0.004910557411859476,-0.0,0.0,0.0,-0.0,-0.010632235695252928,0.0
2.7,-85.0,89.73573427196803,1.0,0.0,0.4866982260869318,0.48551283563276315,-0.009728288799560314,-0.010485010390655556,0.9255999356492854,0.0034428611425335637,0.014263966371163837,-0.00368720838205199,-0.01822654992205112,-0.022228917578456388,-0.018321277594531813,-0.07880037149749906,-0.057081570697336846,0.02101411125790216,-0.06866655462444292,0.005051281063498248,0.005904971800746502,0.6189062214452165,0.004905966362452707,0.840554475900358,1.4511467766202177e-05,0.00021304679630480976,-0.005896932395950494,-0.0048156362587760725,-0.0,0.0,0.0,-0.0,-0.010485010390655556,0.0
2.71,-85.0,89.7284317969922,1.0,0.0,0.48660150806323477,0.48540872283268527,-0.00961191799319278,-0.010333611425653082,0.9257422856258964,0.003406185381845392,0.014203443727078949,-0.0036478746443675816,-0.018407053765186716,-0.023017953327749315,-0.017770232788749438,-0.07898304964331611,-0.057765062523399545,0.02106371992668457,-0.06801447636911308,0.0048704577061436365,0.0059535503622882655,0.6272588917221074,0.004807074101213929,0.8295738529781487,1.4687850790708568e-05,0.00021004189691569339,-0.005840293358018501,-0.0047180478153409835,-0.0,0.0,0.0,-0.0,-0.010333611425653082,0.0
2.72,-85.0,89.7164708137156,1.0,0.0,0.4865059701349415,0.4853061375460229,-0.009492086495097743,-0.010179009180676447,0.9258839951114387,0.00336989868663299,0.01413616050895866,-0.003608761416283774,-0.018582143026247666,-0.023808509829063008,-0.017237045504501978,-0.07910385849975739,-0.058441919588570736,0.021111639348793294,-0.0673393325819288,0.004713134232971056,0.006001135471371598,0.63549959398006,0.004706776694732589,0.818161239870808,1.484838707767408e-05,0.00020694686826937419,-0.005781695411003115,-0.004619109025020381,-0.0,0.0,0.0,-0.0,-0.010179009180676449,-1.734723475976807e-18
2.73,-85.0,89.70203866955035,1.0,0.0,0.4864116482088037,0.4852051140093849,-0.009368882174330363,-0.010021641623726162,0.9260249971159306,0.003334008480395216,0.014061598830028152,-0.003568245009878115,-0.018751818835678495,-0.02459997276784171,-0.01669178853132141,-0.0791638049867397,-0.059111918228223675,0.021158030535111512,-0.06664258384529163,0.004574276958521849,0.0060477081253147175,0.64362415130389,0.004605038380424952,0.8063455322716043,1.4992284408465889e-05,0.0002034155739520707,-0.005721264533926251,-0.004518784948160447,-0.0,0.0,0.0,-0.0,-0.010021641623726162,0.0
2.74,-85.0,89.68439531322687,1.0,0.0,0.48631857159329567,0.4851056768251006,-0.009242980712654109,-0.009861761709945203,0.9261652210710374,0.0032985218199708217,0.013980340661271599,-0.0035278930613626375,-0.01891610840368889,-0.025391738050506818,-0.01615392132273798,-0.07916374521272161,-0.059774848967273156,0.02120315561212973,-0.06592566804372137,0.004457203251829023,0.006093258302634914,0.6516286818712383,0.004502238939899378,0.7941577825465447,1.511995900049937e-05,0.00019969125227803426,-0.005659124617793085,-0.004417448303430653,-0.0,0.0,0.0,-0.0,-0.009861761709945203,0.0
2.75,-85.0,89.66830682750887,1.0,0.0,0.4862267706527408,0.4850078508188737,-0.009113439194642543,-0.009698988616244292,0.9263045989807143,0.003263432418229455,0.013892598947386446,-0.0034887625738849277,-0.019074943383673295,-0.026183211053067815,-0.015598959026314613,-0.07910482894428052,-0.06043051597785009,0.02124710967740106,-0.06518953247826512,0.004348458181136095,0.006137773444215923,0.6595096211850524,0.004397605839664801,0.7816295406027429,1.5231362186885427e-05,0.00019547853775472661,-0.005595357377072839,-0.004314341139113066,-0.0,0.0,0.0,-0.0,-0.009698988616244292,0.0
2.7600000000000002,-85.0,89.65367708202524,1.0,0.0,0.4861362771309476,0.48491166350079595,-0.00898171546531469,-0.009534006611211912,0.9264430689709546,0.0032287377728427956,0.013798752057544666,-0.0034493462503121905,-0.019228267699384093,-0.026973810676871015,-0.015051063333728711,-0.0789885796629582,-0.06107873242881092,0.02129012764246349,-0.06443544924984837,0.004264150875452909,0.006181237669742534,0.6672637028237641,0.004292037169545936,0.7687895760628924,1.53266780884072e-05,0.0001910836927947358,-0.005530072357851593,-0.004210344624243463,-0.0,0.0,0.0,-0.0,-0.009534006611211912,0.0
2.77,-85.0,89.63172235485214,1.0,0.0,0.4860471179392209,0.48481714086695776,-0.008846853626338616,-0.009366681603944056,0.9265805732525312,0.00319444428867683,0.01369898704750333,-0.0034091260871027466,-0.019376047982536077,-0.027762971100003753,-0.014497486197977331,-0.07881654778517168,-0.06171932829072184,0.021332507741881092,-0.06366549477870949,0.004210309512203653,0.0062236355233566045,0.6748879542378818,0.004185059641947957,0.7556676145795584,1.5405944929160308e-05,0.00018635489619763085,-0.005463448049439132,-0.0041049943956317165,-0.0,0.0,0.0,-0.0,-0.009366681603944056,0.0
2.7800000000000002,-85.0,89.61233568187825,1.0,0.0,0.4859593149166745,0.48472429633099084,-0.008710230701176129,-0.009198118358804148,0.9267170488195499,0.0031605455991875094,0.0135930358909898,-0.003370683348661982,-0.019518311256426394,-0.02855014104523239,-0.013940635527138156,-0.07859007709691782,-0.06235215071272026,0.021374362464264933,-0.06288043718062768,0.004153056392744339,0.0062649637380785645,0.6823797183995515,0.004077770950515318,0.7422965274487155,1.546878299911061e-05,0.00018133033923532822,-0.005395550511399756,-0.003999366969638831,-0.0,0.0,0.0,-0.0,-0.009198118358804148,0.0
2.79,-85.0,89.5932351111993,1.0,0.0,0.48587288988388455,0.4846331462568853,-0.008571253020987659,-0.009027825980733557,0.9268524384786844,0.0031270283689757332,0.01348178203978525,-0.0033329503587499264,-0.01965502826257955,-0.029334784865877536,-0.013391688767645005,-0.07831098683183875,-0.06297704977468245,0.02141569667587943,-0.062080724875695076,0.004108195739339958,0.006305215145734081,0.6897366478226663,0.003969789875637947,0.7287049902731246,1.551607522072939e-05,0.00017616439630677985,-0.005326418349323917,-0.0038930881029371474,-0.0,0.0,0.0,-0.0,-0.009027825980733555,1.734723475976807e-18
2.8000000000000003,-85.0,89.56749238964147,1.0,0.0,0.48578786428775683,0.48454370593944585,-0.00843062105707176,-0.008856446418051188,0.9269866891566907,0.003093886232632834,0.013364966776723285,-0.003295329396318634,-0.019786228544423835,-0.03011638518943346,-0.0128342129099069,-0.07798112510689642,-0.06359388392808506,0.021456625814138777,-0.06126737542401565,0.004079822150283709,0.006344383815585742,0.6969566814314968,0.003861472408184815,0.7149216892846687,1.5547507803408954e-05,0.00017065159716040567,-0.0052561389509316455,-0.0037865065720833575,-0.0,0.0,0.0,-0.0,-0.008856446418051188,0.0
2.81,-85.0,89.54324502941174,1.0,0.0,0.48570425123930283,0.48445598200889783,-0.008288154688523218,-0.008684067350515698,0.9271197452516925,0.0030611189127123625,0.013243161105779744,-0.0032575929413521205,-0.019911883726753173,-0.030894443369593665,-0.012281586590620262,-0.07760239260806817,-0.06420252506304154,0.02149745341426388,-0.06044239388512718,0.0040894963839022405,0.0063824707947974305,0.7040380395292986,0.003752922290399285,0.7009745734922249,1.55636774062448e-05,0.00016497694238994982,-0.005184884320013543,-0.00367972365029835,-0.0,0.0,0.0,-0.0,-0.0086840673505157,-1.734723475976807e-18
2.8200000000000003,-85.0,89.51551561351798,1.0,0.0,0.48562207201042007,0.4843699889421112,-0.008143932708722523,-0.008510058443704435,0.9272515613901553,0.0030287244384217004,0.013117193524850392,-0.0032211060952254357,-0.02003197753714938,-0.03166848043452929,-0.011726312306681343,-0.07717669696018817,-0.06480286646083176,0.02153839636203689,-0.05960723260283382,0.004097696331839661,0.006419467519503331,0.7109792286645991,0.003643278524716775,0.6868937288973942,1.556554489511795e-05,0.00015904978145453964,-0.005112779013500598,-0.003571894756553495,-0.0,0.0,0.0,-0.0,-0.008510058443704435,0.0
2.83,-85.0,89.48275232311246,1.0,0.0,0.48554134438239316,0.4842857403110806,-0.00799818168218457,-0.008335680967877885,0.927382095922839,0.002996692955211835,0.012986478749571127,-0.003185101876796384,-0.020146511308288536,-0.032438036602237784,-0.011171458087243223,-0.0767060908265684,-0.06539480966489018,0.021579515602856647,-0.05876279316073849,0.004124608770316031,0.0064553659664835904,0.7177790435350028,0.003533799788998413,0.6727054668980079,1.5552450077423565e-05,0.00015292042097776195,-0.005039900284504386,-0.003464253554428685,-0.0,0.0,0.0,-0.0,-0.008335680967877885,0.0
2.8400000000000003,-85.0,89.44796648021673,1.0,0.0,0.4854620759658628,0.484203235054997,-0.007851791935428534,-0.008161237484123543,0.9275113001410756,0.0029650113183658164,0.01285125037079908,-0.0031506567396164123,-0.020255468320968938,-0.03320267272589352,-0.010614036490549148,-0.07619265013228267,-0.06597826511554626,0.021620833620291095,-0.05790956796453506,0.0041459108251964034,0.00649017209976647,0.7244365509686292,0.0034247202120751543,0.6584377041149322,1.5524689107741484e-05,0.0001465569172569365,-0.004966290179587897,-0.0033570289109003245,-0.0,0.0,0.0,-0.0,-0.008161237484123543,0.0
2.85,-85.0,89.41652917858076,1.0,0.0,0.48538427921990723,0.484122478119105,-0.007704282146830461,-0.007986446436095059,0.9276391350783345,0.002933673698514232,0.01271229076231196,-0.0031167194614238874,-0.020358914117332788,-0.03396197124345344,-0.010065239089653476,-0.07563847704962309,-0.06655315091101234,0.021662540371069225,-0.05704904116692898,0.004195961207252019,0.006523886363784722,0.7309510693942203,0.003315792956832102,0.6441143618264256,1.5483342621450915e-05,0.00014012422372830535,-0.004892075789948048,-0.0032499782124967673,-0.0,0.0,0.0,-0.0,-0.007986446436095059,0.0
2.8600000000000003,-85.0,89.39134187694478,1.0,0.0,0.4853079616920268,0.4840434696886525,-0.007555763639288188,-0.00781138817072098,0.927765562446488,0.002902677433517874,0.012569875516320099,-0.003082575510879047,-0.020456862095998785,-0.034715535855944446,-0.009517734667961858,-0.0750458176864018,-0.06711940271555651,0.021704874515087447,-0.05618287193743666,0.0042702577862598875,0.006556511911217288,0.7373221637578817,0.0032068637228175197,0.6297596122634614,1.5428852268531412e-05,0.0001335317237015377,-0.0048173991401065635,-0.003142949606584485,-0.0,0.0,0.0,-0.0,-0.007811388170720979,8.673617379884035e-19
2.87,-85.0,89.35214014049436,1.0,0.0,0.485233132379673,0.4839662104334858,-0.007406607135365252,-0.007636604634207371,0.9278905476202003,0.002872015377819935,0.012423870206595022,-0.0030498409457480656,-0.020549302628473612,-0.03546299150648676,-0.008963697053426525,-0.07441674982102886,-0.06767696968021854,0.021747951317468445,-0.05531218082757537,0.004344794326533085,0.006588050002894413,0.743549648278563,0.003098285103039375,0.6153989491347818,1.536114857959767e-05,0.00012667828412325064,-0.004742356023931944,-0.0030362880429782753,-0.0,0.0,0.0,-0.0,-0.007636604634207371,0.0
2.8800000000000003,-85.0,89.31954240795017,1.0,0.0,0.4851597970111957,0.48389069712041743,-0.007257187571240621,-0.0074623108954137325,0.9280140575947206,0.0028416804475391434,0.012274763992887829,-0.003016937161461203,-0.020636251174347503,-0.036203985246589965,-0.008417981339535873,-0.07375354522882857,-0.06822581141930552,0.02179187755953332,-0.05443796750287742,0.004440788222541141,0.006618505433939938,0.7496335686917076,0.0029904141569414566,0.6010533617326986,1.5280971493400753e-05,0.00011978267049768312,-0.004667031813632425,-0.0029303427237723926,-0.0,0.0,0.0,-0.0,-0.007462310895413733,-8.673617379884035e-19
2.89,-85.0,89.29091272350169,1.0,0.0,0.4850879594162097,0.4838169275930527,-0.007107079652000595,-0.0072879901876707395,0.9281360653660421,0.0028116642360378674,0.012123347826464625,-0.0029856085277289363,-0.02071780141549085,-0.036938185311647706,-0.007883338047041739,-0.07305811740167706,-0.06876589760566301,0.021836735270069168,-0.05356119331171002,0.004542919158957405,0.006647882283340913,0.7555741936817962,0.002882694489952619,0.5867461229118383,1.5189547476929339e-05,0.0001128965415047619,-0.004591508565363111,-0.0028245677112893196,-0.0,0.0,0.0,-0.0,-0.0072879901876707395,0.0
2.9000000000000004,-85.0,89.24506273265675,1.0,0.0,0.485017621511428,0.4837448944481642,-0.006957479860368597,-0.007115315573150747,0.9282565437667544,0.002781952227100401,0.011968721853548499,-0.002956472340775525,-0.020794019021144153,-0.03766528007159691,-0.007351150043075807,-0.07233259281962748,-0.06929720841339565,0.021882641355001883,-0.052682943361042296,0.004642234823083515,0.006676188793289341,0.7613720051253706,0.0027766247769606366,0.5724982174610289,1.508597068801589e-05,0.0001059080544523893,-0.00451587889245937,-0.002720430705831782,-0.0,0.0,0.0,-0.0,-0.007115315573150747,0.0
2.91,-85.0,89.21150064464382,1.0,0.0,0.4849487807845407,0.48367458682299364,-0.00680750193698301,-0.006942717153347583,0.928375467443785,0.0027525314580317444,0.011812562308947552,-0.0029276063283525866,-0.02086496892895663,-0.038384979684944254,-0.006828741767463217,-0.0715792271765397,-0.06981973187157532,0.02192967736025886,-0.051804061009332436,0.0047633096688716355,0.006703436167565957,0.7670276837273345,0.0026706508509612955,0.5583269963594379,1.497257772283146e-05,9.893304393320344e-05,-0.004440214643204146,-0.0026164081317994713,-0.0,0.0,0.0,-0.0,-0.006942717153347582,8.673617379884035e-19
2.92,-85.0,89.16817293163089,1.0,0.0,0.48488143824334506,0.4836060000613296,-0.006657978584811598,-0.0067713122332448755,0.9284928184856843,0.0027233937182214946,0.011654155071857117,-0.002899079557745059,-0.02093065977072214,-0.03909701600653348,-0.006302570824976148,-0.07080023476965723,-0.07033346758544702,0.021977912211657312,-0.05092548340489636,0.0048942448432254745,0.006729627557425428,0.7725420943926812,0.002565641309510914,0.5442508231196204,1.4848653163522474e-05,9.178510792767671e-05,-0.0043645957161740105,-0.0025133502781620647,-0.0,0.0,0.0,-0.0,-0.006771312233244876,-8.673617379884035e-19
2.93,-85.0,89.11624002452618,1.0,0.0,0.4848155903267842,0.48353912194792836,-0.006508466294756847,-0.006600920890188771,0.9286085774647919,0.00269453519807413,0.011494217237003437,-0.002872305437958113,-0.02099115668585935,-0.03980114280790418,-0.005788713079807602,-0.06999744314518472,-0.07083842378192831,0.022027451325949694,-0.05004823629909086,0.005017040672122478,0.006754774020634901,0.7779162734014801,0.002461573505951329,0.5302886363206891,1.4715356570075053e-05,8.470745444639485e-05,-0.004289109543338972,-0.0024112341578662695,-0.0,0.0,0.0,-0.0,-0.006600920890188771,0.0
2.94,-85.0,89.06201601024372,1.0,0.0,0.4847512367839166,0.48347394115956877,-0.0063591630564385875,-0.0064320737431642905,0.9287227286245034,0.002665944972244343,0.011332444215507598,-0.0028454296931915025,-0.021046510137419826,-0.040497132763735434,-0.005271943743071109,-0.06917311477539825,-0.07133461674466739,0.022078354471171242,-0.04917331244771445,0.005168637868123654,0.006778884902614594,0.783151430322635,0.002358686232849589,0.5164536344444122,1.457253858653307e-05,7.748731437727179e-05,-0.004213840713286918,-0.002310292882841177,-0.0,0.0,0.0,-0.0,-0.0064320737431642905,0.0
2.95,-85.0,89.01090326305112,1.0,0.0,0.48468837305792295,0.48341044438044534,-0.006210663141614128,-0.0062642545705166326,0.9288352586922092,0.00263761427147256,0.011169965626406306,-0.0028203505012528813,-0.021096769712004464,-0.041184779671520524,-0.004769414359682167,-0.06832908222207476,-0.07182207645967109,0.022130762161406557,-0.04830164535098503,0.005317123080750915,0.006801970485774771,0.7882489222918625,0.0022566402260428614,0.5027629108697637,1.4421896084757641e-05,7.038559689748647e-05,-0.004138868710025156,-0.0022101933534737213,-0.0,0.0,0.0,-0.0,-0.006264254570516634,-1.734723475976807e-18
2.96,-85.0,88.9673069953507,1.0,0.0,0.4846269882701481,0.48334861498498305,-0.006063346573424459,-0.006098356445116072,0.9289461559997473,0.0026095437053142005,0.011006178537017266,-0.002794256379843475,-0.02114199702448675,-0.04186389800685509,-0.004267896208342519,-0.06746760323178239,-0.07230084050953971,0.02218482519925866,-0.04743458251299765,0.005493672854599274,0.006824044060362734,0.793210240782818,0.0021560410569241273,0.4892270201178271,1.4262916165715824e-05,6.321699427559745e-05,-0.004064308460625716,-0.0021115278949316685,-0.0,0.0,0.0,-0.0,-0.006098356445116072,0.0
2.97,-85.0,88.91513757701551,1.0,0.0,0.48456707351348194,0.48328843884938283,-0.005916676092980365,-0.005933706602650842,0.9290554138006832,0.002581715036744007,0.01084205321878068,-0.0027711233083506973,-0.02118226588983674,-0.04253431956386559,-0.003777391649556059,-0.06659011126690123,-0.072770958620275,0.0222405465765974,-0.046572528768008194,0.005655503957116423,0.006845115600686268,0.7980370274570268,0.002056329415501799,0.4758629269522324,1.409713138564315e-05,5.6138324464030686e-05,-0.003990194115064829,-0.0020137479434356874,-0.0,0.0,0.0,-0.0,-0.005933706602650843,-8.673617379884035e-19
2.98,-85.0,88.85215959544789,1.0,0.0,0.48450862045358867,0.48322990035314045,-0.005771200839995618,-0.005771176749033652,0.9291630273558927,0.0025541152872099048,0.010677111519253392,-0.002748473112334464,-0.021217650349461995,-0.043195894877810885,-0.003289376759013495,-0.06569867966183304,-0.07323248305508884,0.022297936235443502,-0.045716074438083204,0.005827626590433335,0.00686519650139931,0.8027310406511472,0.00195822455261626,0.4626795321093755,1.3924200151551141e-05,4.903185407509073e-05,-0.003916575707883439,-0.001917557095376856,-0.0,0.0,0.0,-0.0,-0.005771176749033653,-8.673617379884035e-19
2.99,-85.0,88.78475732799163,1.0,0.0,0.4844516163660105,0.4831729780118587,-0.005626790485553927,-0.005610260514343656,0.9292689899842922,0.002526737159678236,0.010512154415368642,-0.0027265182774650295,-0.021248186278023082,-0.04384849357796102,-0.002810541825365691,-0.06479513669823266,-0.07368547345006789,0.022357066977357537,-0.04486601196586488,0.006008744266646368,0.006884303019776186,0.8072941422262819,0.0018612527579785786,0.44968739890491854,1.3745408507738426e-05,4.200530960473886e-05,-0.003843520564430933,-0.0018224906680252,-0.0,0.0,0.0,-0.0,-0.005610260514343656,0.0
3.0,-85.0,88.71550531383124,1.0,0.0,0.4843960511872639,0.4831176560354531,-0.005483568239756703,-0.005451253713983272,0.9293733033204284,0.002499579661982595,0.010347186696434214,-0.0027046433289348477,-0.021273978779446298,-0.04449200337730808,-0.0023388542131090417,-0.06388123416648138,-0.07412999982455452,0.02241809076924968,-0.044023549578474,0.006201666430133368,0.00690244585528847,0.8117282856762684,0.001765589598254257,0.4368952875461882,1.356107165523112e-05,3.5036691980677465e-05,-0.003771131640317966,-0.0017287198373012148,-0.0,0.0,0.0,-0.0,-0.005451253713983272,0.0
3.0100000000000002,-85.0,88.65427217479294,1.0,0.0,0.48434191053735864,0.48306391311653485,-0.005341947493986748,-0.005294522701582167,0.9294759661928821,0.002472633187249376,0.010182092103385946,-0.0026843059905460086,-0.02129506137042458,-0.04512632807195521,-0.0018685727077044371,-0.06295848100768983,-0.07456614065099489,0.022481007625789546,-0.043189131852016734,0.006388836924292345,0.0069196396032532,0.8160355245232923,0.0016714916073005434,0.4243134398305595,1.3371276387553186e-05,2.8047493990780977e-05,-0.0036994464492056604,-0.0016364950227548403,-0.0,0.0,0.0,-0.0,-0.005294522701582167,0.0
3.02,-85.0,88.61488428111596,1.0,0.0,0.48428917985660636,0.48301172783516294,-0.005201592528258624,-0.005139754488276211,0.9295769803057691,0.002445888019554253,0.010017495187938423,-0.002664707060464245,-0.02131148280014111,-0.04575138784049975,-0.001406582274750735,-0.062028600377095434,-0.07499397939558296,0.022545865365378368,-0.042363412575650586,0.006582232189005947,0.006935898864417855,0.8202179914022669,0.0015786972120913022,0.4119482553630936,1.3177094526318367e-05,2.114822278750194e-05,-0.0036285204273143142,-0.0015455593782757165,-0.0,0.0,0.0,-0.0,-0.005139754488276211,0.0
3.0300000000000002,-85.0,88.57992372508545,1.0,0.0,0.484237846243049,0.48296107997429266,-0.005062621987136217,-0.0049871781600155565,0.9296763510210267,0.0024193303158876783,0.009853392437549374,-0.0026461000752158893,-0.021323323214752412,-0.0463671184973196,-0.0009526797466408612,-0.06109310002647282,-0.07541360308153346,0.022612551691017852,-0.041546322588400415,0.0067676331127841955,0.006951237276305564,0.824277896275244,0.0014874523759022488,0.39980693334325224,1.2978799708504758e-05,1.4343128870009144e-05,-0.0035583470956562714,-0.0014561529929377984,-0.0,0.0,0.0,-0.0,-0.0049871781600155565,0.0
3.04,-85.0,88.51577234263891,1.0,0.0,0.4841878937646553,0.48291194423550027,-0.004925430781189929,-0.004837205347698089,0.9297740814863551,0.002392956753074317,0.009689669039696114,-0.00262827443794875,-0.021330641134992216,-0.04697347164303179,-0.0005037864030524163,-0.060153468978642016,-0.07582510210376493,0.022681166362962527,-0.04073875503599287,0.006958184365377948,0.006965673124510038,0.8282174962295558,0.0013980605294526066,0.38789456769761865,1.2776494612170092e-05,7.5927208341775645e-06,-0.0034890023876075985,-0.001368572175536838,-0.0,0.0,0.0,-0.0,-0.004837205347698089,0.0
3.0500000000000003,-85.0,88.46979265208691,1.0,0.0,0.48413930547791245,0.4828642992291939,-0.004789768042082433,-0.004689266891567602,0.9298701805611196,0.0023667591299427275,0.009526997006638786,-0.002611115748960502,-0.021333514583747437,-0.04757041297218618,-6.315458575340845e-05,-0.05921111145075812,-0.07622857265880019,0.022751691383217316,-0.03994096764681867,0.007148848612974241,0.006979220585913865,0.8320391080896733,0.0013099768871429394,0.37621608974322607,1.2571331716141382e-05,9.525293490563643e-07,-0.0034205078319689526,-0.0012822829206638468,-0.0,0.0,0.0,-0.0,-0.004689266891567602,0.0
3.06,-85.0,88.41988306041188,1.0,0.0,0.48409206588602893,0.48281812204052,-0.00465582379999395,-0.004543768386376517,0.9299646573261992,0.0023407285727030337,0.009365213388518145,-0.00259459655047778,-0.02133201604387098,-0.04815792150471061,0.0003704182459568811,-0.058267319508399223,-0.07662411473280852,0.022824133278235695,-0.0391533994337397,0.007347087110576295,0.006991895059615509,0.8357450929562618,0.0012235665226531063,0.3647753304380046,1.236335294532958e-05,-5.5893226281884194e-06,-0.003352900486509436,-0.0011976419301842221,-0.0,0.0,0.0,-0.0,-0.004543768386376517,0.0
3.0700000000000003,-85.0,88.36693162913724,1.0,0.0,0.48404615707342785,0.4827733891076693,-0.004523598574630546,-0.0044003524226401075,0.9300575227646422,0.00231485801640328,0.009204872024184367,-0.0025792216985688096,-0.021326227611909155,-0.04873598904453416,0.0007942442426877097,-0.0573233112954531,-0.07701183396840075,0.02289854423703768,-0.03837658485367855,0.007538446891567562,0.007003712338467254,0.8393378463998514,0.0011384672234979313,0.353576386615971,1.2153547713737957e-05,-1.198636804076693e-05,-0.0032862255866659544,-0.001114294015647124,-0.0,0.0,0.0,-0.0,-0.0044003524226401075,0.0
3.08,-85.0,88.31203622813604,1.0,0.0,0.4840015616725154,0.48273007673653257,-0.004393236682330331,-0.0042597567688705705,0.9301487892695848,0.0022891387263382335,0.009045433909067374,-0.0025644461116170443,-0.021316219826409508,-0.049304619550970596,0.00121486514154824,-0.05638032617481496,-0.07739183876494983,0.022974885836733454,-0.03761079713261396,0.007732064469654101,0.007014688006231426,0.8428197972313068,0.0010553143910271333,0.34262114405512345,1.1941446631069949e-05,-1.8331745776211095e-05,-0.003220506006106903,-0.0010328604636185262,-0.0,0.0,0.0,-0.0,-0.0042597567688705705,0.0
3.0900000000000003,-85.0,88.26307191844342,1.0,0.0,0.48395826055938607,0.48268816010297333,-0.0042647552695623476,-0.004121231829429307,0.9302384695414313,0.002263569128298441,0.008887716926196635,-0.002549112019314017,-0.0213020481318353,-0.04986382953218051,0.001625775125689347,-0.05543962322458518,-0.07776424124526589,0.023053206323170282,-0.0368565181624265,0.007939194627399681,0.007024838312771663,0.8461933882978373,0.0009734081987020833,0.3319102794323994,1.1728353185035507e-05,-2.4521978884541396e-05,-0.003155782493179588,-0.000952655710550213,-0.0,0.0,0.0,-0.0,-0.004121231829429307,0.0
3.1,-85.0,88.2089600562606,1.0,0.0,0.48391623495044006,0.48264761662754685,-0.0041382079560401365,-0.003985200763962821,0.9303265802310353,0.002238150781702428,0.008731547387191979,-0.002534429720893857,-0.021283817384787386,-0.05041364638597162,0.0020273047102798707,-0.05450209672966372,-0.07812916159883844,0.023133619576872665,-0.03611465606313461,0.008145877640719897,0.007034177341601263,0.8494610740422059,0.000893102565494384,0.32144636316631325,1.1514292853805546e-05,-3.0557182140675676e-05,-0.0030921323029468443,-0.0008740255717291073,-0.0,0.0,0.0,-0.0,-0.003985200763962821,0.0
3.1100000000000003,-85.0,88.13568391795471,1.0,0.0,0.48387546462981856,0.48260841801911103,-0.004013750782253965,-0.003852114782353525,0.9304131342751496,0.002212872790544407,0.008576615392370557,-0.0025209560316676004,-0.021261582624731077,-0.050954106406318804,0.0024256748384911086,-0.053568695964903525,-0.0784867244716708,0.0232160715071019,-0.03538525996336686,0.008346378240664155,0.007042723912055389,0.8526253330222908,0.0008147641315179052,0.3112307255740392,1.1299065655258336e-05,-3.652644434879634e-05,-0.003029559133582576,-0.000797328270077412,-0.0,0.0,0.0,-0.0,-0.003852114782353526,-8.673617379884035e-19
3.12,-85.0,88.07148904795937,1.0,0.0,0.48383592935079006,0.48257054093972174,-0.0038912802502363312,-0.0037211895479914744,0.9304981499433149,0.0021877285130942623,0.00842373282696513,-0.0025076794257789144,-0.02123540895479858,-0.051485256096150143,0.0028151751639790947,-0.05264043773511247,-0.07883705427195846,0.02330054197540486,-0.034668392355429456,0.008552075690673858,0.007050492024854227,0.8556886440212605,0.0007376807534980897,0.30126240980820884,1.1083951001493865e-05,-4.2339298033481e-05,-0.0029680678581616724,-0.0007218663427978151,-0.0,0.0,0.0,-0.0,-0.003721189547991475,-4.336808689942018e-19
3.1300000000000003,-85.0,88.01229066844255,1.0,0.0,0.48379760731045274,0.4825339593416935,-0.0037710638730641902,-0.003592986958353023,0.930581644268375,0.002162713271706293,0.008272458712885329,-0.0024954360038374947,-0.02120535299309861,-0.05200715108860541,0.0032019134149844403,-0.05171816150989075,-0.07918027841389068,0.023387031300048693,-0.033964337456235456,0.008744840741530317,0.007057498111042282,0.8586534825923094,0.0006623127776889264,0.2915421773331543,1.0868563474941653e-05,-4.808341881377963e-05,-0.002907682338241451,-0.0006480897647727342,-0.0,0.0,0.0,-0.0,-0.003592986958353023,0.0
3.14,-85.0,87.97788248057611,1.0,0.0,0.4837604776509654,0.4824986475154007,-0.0036528626158180595,-0.0034673028707352337,0.9306636356117276,0.002137818226360102,0.008123188087754694,-0.0024834348989800003,-0.021171485851832567,-0.0525198554028288,0.00357672351452892,-0.0508027352057486,-0.0795165235443794,0.023475444651542436,-0.033272927801949306,0.00893958406745916,0.007063758601351055,0.8615223237980766,0.0005886126474895089,0.2820681157408248,1.0653621141042166e-05,-5.3617224255132386e-05,-0.00284838778096063,-0.0005759514866605142,-0.0,0.0,0.0,-0.0,-0.0034673028707352346,-8.673617379884035e-19
3.1500000000000004,-85.0,87.93468370433078,1.0,0.0,0.4837245204342334,0.4824645807154118,-0.003536713611337434,-0.003344115965620413,0.9307441442013322,0.002113040927981618,0.007975869754092282,-0.0024716232256305906,-0.021133902572116378,-0.05302344109121965,0.003946828284922643,-0.04989488296233287,-0.07984591830230932,0.02356579962052488,-0.032594497494032655,0.009134393478540448,0.007069289184840618,0.8642976235610832,0.0005164231393120288,0.2728389539026429,1.0439263395640984e-05,-5.904569675738311e-05,-0.0027902123486668842,-0.0005052971835917871,-0.0,0.0,0.0,-0.0,-0.0033441159656204134,-4.336808689942018e-19
3.16,-85.0,87.84657983775341,1.0,0.0,0.4836897147333537,0.48243173208692025,-0.003422541554266852,-0.0032235096398306176,0.9308231882508068,0.002088381511627182,0.007830525124659673,-0.0024601489110646566,-0.021092636640308384,-0.053517987779249446,0.004311043131524123,-0.048995317588583165,-0.0801685935446163,0.02365810845110041,-0.031929351618067175,0.009330270076105322,0.007074106613658791,0.866981821091358,0.00044582569865277177,0.26385303671486904,1.022567409582097e-05,-6.43474950896061e-05,-0.002733181727769362,-0.0004362060910674704,-0.0,0.0,0.0,-0.0,-0.0032235096398306176,0.0
3.1700000000000004,-85.0,87.78321046824635,1.0,0.0,0.48365604065097767,0.4824000772604409,-0.003310569349731833,-0.0031056951623653233,0.9309007891130817,0.0020638307597987335,0.007687079427132586,-0.0024489103003646952,-0.02104776143854006,-0.05400358088724998,0.00466908961254235,-0.048104687642273915,-0.08048468220310341,0.02375231639070427,-0.031277454653798706,0.009519996993151886,0.007078225578076626,0.8695773458129235,0.0003770478078705368,0.2551084926458672,1.0012932680085536e-05,-6.951529255251532e-05,-0.002677292466563112,-0.00036890033592978184,-0.0,0.0,0.0,-0.0,-0.0031056951623653238,-4.336808689942018e-19
3.18,-85.0,87.71726694102446,1.0,0.0,0.48362347587255805,0.48236958845390215,-0.003200700762519377,-0.0029901901622918993,0.930976966254222,0.002039392648677611,0.00754593894485997,-0.002438617600833743,-0.02099934512631824,-0.05448031334586967,0.005019472545304738,-0.04722349885678713,-0.08079431721612662,0.023848416150174145,-0.030638865025649567,0.009702594855064358,0.007081664213913536,0.8720865938236126,0.0003096185809282173,0.2466034569412523,9.801733391060018e-06,-7.452395575585441e-05,-0.002622549160635512,-0.0003029187792915928,-0.0,0.0,0.0,-0.0,-0.002990190162291899,4.336808689942018e-19
3.19,-85.0,87.66144075389045,1.0,0.0,0.4835919976574138,0.4823402416015676,-0.003093137068942143,-0.0028774019896870983,0.9310517424603848,0.002015050957344717,0.007406881999355271,-0.0024294478689917223,-0.020947466590481034,-0.054948281652362305,0.005362489372938803,-0.046352274330521304,-0.08109762986154347,0.02394628155435751,-0.030013223715910326,0.00987326612746255,0.0070844372083772676,0.8745119534656511,0.0002439844431241573,0.23833546218579782,9.591950861444868e-06,-7.937544655876485e-05,-0.002568920699499475,-0.00023869779449030352,-0.0,0.0,0.0,-0.0,-0.0028774019896870983,0.0
3.2,-85.0,87.60178766245954,1.0,0.0,0.4835615854106488,0.4823120108542626,-0.0029875538422905763,-0.002767127154765237,0.9311251395979154,0.001990800387186485,0.007270070695913023,-0.0024203032587896923,-0.020892202262807642,-0.055407588393049156,0.0056973670286998524,-0.04549159494024825,-0.08139474925036191,0.024045865978739568,-0.029400519610342898,0.010045853613538373,0.007086561255524231,0.876855774386744,0.00017995345333451972,0.23030025262342274,9.383949021036462e-06,-8.405613588697447e-05,-0.002516405762966947,-0.00017604920493235145,-0.0,0.0,0.0,-0.0,-0.002767127154765237,0.0
3.21,-85.0,87.53495836253256,1.0,0.0,0.48353221984908934,0.48228487263265535,-0.002884038115631062,-0.002658961381910214,0.9311971809383365,0.001966643249735312,0.007135832443167181,-0.0024111914766146323,-0.020833613862454702,-0.05585834156501549,0.006024841149183195,-0.044641893777446824,-0.08168580623634518,0.024147196948101402,-0.028800980736065154,0.010217758929255069,0.00708805038747206,0.8791203664598325,0.00011708462602085033,0.2224946945494703,9.178284873942011e-06,-8.857490757040295e-05,-0.002465023518953532,-0.00011454124026022128,-0.0,0.0,0.0,-0.0,-0.002658961381910214,0.0
3.22,-85.0,87.48767175669738,1.0,0.0,0.48350387861194233,0.4822588028692947,-0.0027826002415401695,-0.0025533623324797477,0.9312678901958703,0.0019425724408433519,0.007003749965102246,-0.0024027229772599305,-0.020771780248933367,-0.05630065186524215,0.006347690421890235,-0.04380346304649682,-0.08197093098527604,0.02425017039310947,-0.028214303134766566,0.010379713355355145,0.007088919482678913,0.881308018654949,5.58327766031555e-05,0.21491614123256528,8.974558276616306e-06,-9.297076496619351e-05,-0.002414747614150926,-5.461851163924453e-05,-0.0,0.0,0.0,-0.0,-0.0025533623324797477,0.0
3.23,-85.0,87.44594697947551,1.0,0.0,0.48347654117473315,0.4822337775102556,-0.0026834338096643575,-0.0024502249021504242,0.9313372906209266,0.0019185841051713342,0.006874064697037854,-0.0023945865271177546,-0.02070676822589894,-0.05673463433567404,0.006659728579831805,-0.042976703497662916,-0.08225025168590461,0.024354752598134632,-0.027640414396495807,0.010537574619346936,0.0070891834217943275,0.8834209781916845,-3.807782950064468e-06,0.20756041191311272,8.773202860613497e-06,-9.715145374137366e-05,-0.0023655715282763314,3.724877006667258e-06,-0.0,0.0,0.0,-0.0,-0.0024502249021504242,0.0
3.24,-85.0,87.37359933848407,1.0,0.0,0.4834501850901983,0.4822097716926968,-0.0025862965202580247,-0.002349423865800516,0.9314054054010459,0.0018946788152840275,0.006746722092761174,-0.0023858783594598093,-0.020638664394856038,-0.057160407368340826,0.006965992539545621,-0.042162001300369185,-0.0825238961330973,0.02446091989836443,-0.02707938208024613,0.010701607280133765,0.00708885826422985,0.8854614518561318,-6.204451493971156e-05,0.2004226035083715,8.57427565237046e-06,-0.00010118959153180509,-0.00231750073045219,6.069218053110856e-05,-0.0,0.0,0.0,-0.0,-0.002349423865800516,0.0
3.25,-85.0,87.3270169257641,1.0,0.0,0.48342479081155215,0.4821867628303792,-0.002491105688695999,-0.0022508644973187907,0.9314722588112009,0.0018708602773717445,0.006621834343512817,-0.0023779130736181642,-0.020567535755877393,-0.057578092799177485,0.007265626885976811,-0.04135948665665624,-0.08279199543561933,0.024568735868814907,-0.026531656964133118,0.010862084801803246,0.007087957179446368,0.8874316003034021,-0.00011899881767657558,0.19349999397942252,8.378026701822765e-06,-0.00010507145289092519,-0.0022705735036731203,0.00011640243254343182,-0.0,0.0,0.0,-0.0,-0.0022508644973187907,0.0
3.2600000000000002,-85.0,87.28547220225315,1.0,0.0,0.4834003369571915,0.4821647266643323,-0.002398193288041019,-0.0021548725480070537,0.9315378743491708,0.0018471186748136009,0.006499234836611813,-0.0023702491620878154,-0.020493447247773952,-0.05798781334241418,0.007557367277546392,-0.040569403769198716,-0.08305468129072383,0.024678112414839512,-0.02599687363588754,0.011012061409210513,0.0070864949819514685,0.8893335600862913,-0.00017428561567385883,0.18678864880500537,8.18434424758573e-06,-0.00010877783358905621,-0.002224758287715159,0.0001704792290495753,-0.0,0.0,0.0,-0.0,-0.002154872548007054,-4.336808689942018e-19
3.27,-85.0,87.22690019602732,1.0,0.0,0.4833768033225155,0.4821436387674953,-0.0023071276183911195,-0.0020612925428360957,0.9316022750432135,0.0018234494754692883,0.00637887869060545,-0.0023634208043079004,-0.0204164626448575,-0.0583896944472115,0.007845803056637115,-0.039791982208180345,-0.08331208139356393,0.024788965489815344,-0.02547477713045789,0.011160193808070387,0.0070844870066910925,0.8911694226422361,-0.000228107597561058,0.18028408245451882,7.99326572757862e-06,-0.00011237391921851745,-0.002180032988348822,0.00022312109900366573,-0.0,0.0,0.0,-0.0,-0.0020612925428360952,4.336808689942018e-19
3.2800000000000002,-85.0,87.18513727183276,1.0,0.0,0.48335417039967893,0.4821234770105839,-0.002218234092227158,-0.0019698314601414827,0.9316654849545913,0.001799853690385556,0.006261112300395812,-0.0023558343185150162,-0.02033661348635162,-0.058783864424315414,0.008126407876320501,-0.03902750491662622,-0.08356432352928422,0.024901325971709787,-0.024965535476057336,0.01130886063227861,0.007081945777432721,0.8929412276784264,-0.000280710434972328,0.17398112054867623,7.805293687394081e-06,-0.00011579360884308629,-0.0021364117282231436,0.0002745685832373533,-0.0,0.0,0.0,-0.0,-0.0019698314601414827,0.0
3.29,-85.0,87.13315553660306,1.0,0.0,0.4833324172628841,0.4821042194682896,-0.0021311318075665467,-0.0018804001729655466,0.9317275295627084,0.0017763283851397734,0.006145863615050018,-0.0023489268453773765,-0.020253997882774346,-0.059170452441443394,0.008401512350899308,-0.03827597380655375,-0.0838115349865402,0.0250151122779636,-0.024468870210795433,0.011449731969867559,0.007078884640994584,0.8946509793941403,-0.000332194268310164,0.16787646465053657,7.620433264794908e-06,-0.00011907002191304508,-0.0020938704305789625,0.00032491984626166666,-0.0,0.0,0.0,-0.0,-0.0018804001729655464,2.168404344971009e-19
3.3000000000000003,-85.0,87.07633218760378,1.0,0.0,0.48331152373992414,0.4820858436474522,-0.0020462911920132946,-0.001793467914537937,0.9317884324441658,0.0017528723993018064,0.006032844046703555,-0.002341903670294381,-0.02016867034748624,-0.05954958884665184,0.008669008545442633,-0.037537527378749866,-0.08405384071494465,0.025130290474067587,-0.023984625863200715,0.01158787793641573,0.007075317097730159,0.8963006347138358,-0.0003820346154339508,0.16196512972646795,7.4383937593230835e-06,-0.00012217285268108677,-0.0020523955556228076,0.0003736621000066345,-0.0,0.0,0.0,-0.0,-0.001793467914537937,0.0
3.31,-85.0,87.0225789069639,1.0,0.0,0.4832914705112732,0.4820683273036307,-0.001963323466283447,-0.0017087882612276824,0.9318482170653771,0.001729483411420802,0.005922154172585633,-0.0023351100976486345,-0.020080688765423318,-0.059921404881196016,0.008930003918965701,-0.03681228408404591,-0.08429136452258035,0.025246811138122764,-0.02351266293773986,0.011721912796099201,0.007071256552210632,0.8978921071970124,-0.00043048654837455084,0.1562427269550193,7.259365603338698e-06,-0.0001251177215865136,-0.002011974942212615,0.00042104503696810766,-0.0,0.0,0.0,-0.0,-0.0017087882612276822,2.168404344971009e-19
3.3200000000000003,-85.0,86.9644852637752,1.0,0.0,0.48327223882658993,0.4820516494274909,-0.001881858240254715,-0.0016256267210862845,0.9319069073088617,0.0017061612983839119,0.0058141148936285535,-0.002329287893826872,-0.019990104949331473,-0.06028603300044978,0.009190612756989153,-0.03610022924902913,-0.08452422872026583,0.02536466581128654,-0.023052966005603526,0.011852170290696908,0.00706671519871415,0.8994272620520507,-0.0004783858368096755,0.15070522893756205,7.083796110628559e-06,-0.00012798973158399985,-0.001972607058778717,0.0004678862731658042,-0.0,0.0,0.0,-0.0,-0.001625626721086284,4.336808689942018e-19
3.33,-85.0,86.93121538157283,1.0,0.0,0.48325381163100667,0.48203579200398533,-0.0018022899475915258,-0.0015445604458387218,0.9319645287046936,0.001682896388306789,0.005708515897218934,-0.0023233453862799383,-0.019896951286779475,-0.06064360537694297,0.009444598053479525,-0.03540147186180512,-0.08475255535802716,0.025483800180597576,-0.02260535347631556,0.011975482334741022,0.007061701927670447,0.9009079268091348,-0.0005250364033910763,0.14534774487134683,6.911464739675429e-06,-0.0001307009003758468,-0.0019342761717652684,0.0005135051615627183,-0.0,0.0,0.0,-0.0,-0.0015445604458387216,2.168404344971009e-19
3.3400000000000003,-85.0,86.90805749888216,1.0,0.0,0.483236169880683,0.48202073412910484,-0.0017249191519483208,-0.0014658731713237093,0.9320211046478092,0.0016596940121836573,0.005605004475658331,-0.002317043679167157,-0.019801279814218184,-0.06099425537105934,0.0096932724108397,-0.034716049616542725,-0.0849764636413741,0.025604144677669412,-0.02216947639414124,0.012092969833886582,0.0070562291187622715,0.9023358776895639,-0.0005701363337538303,0.1401655748088548,6.741990807302011e-06,-0.00013326951828191363,-0.0018969522301370873,0.0005576065862879895,-0.0,0.0,0.0,-0.0,-0.0014658731713237095,-2.168404344971009e-19
3.35,-85.0,86.84168367380869,1.0,0.0,0.4832192906605807,0.4820064504145193,-0.0016498822916632874,-0.001389927090459525,0.9320766553387481,0.0016365547778596362,0.005503379614129415,-0.0023105968579625736,-0.019703171754190445,-0.0613381159603922,0.009932413971676659,-0.034043915806291875,-0.08519606933527973,0.025725638964534035,-0.021745072627919,0.01220779251191419,0.007050314446081776,0.903712847686699,-0.0006132335575732629,0.13515420203304207,6.57519482652062e-06,-0.00013563825216022097,-0.0018606126129933507,0.0005997485798675261,-0.0,0.0,0.0,-0.0,-0.0013899270904595249,2.168404344971009e-19
3.3600000000000003,-85.0,86.80455560679187,1.0,0.0,0.48320315664412766,0.4819929208939121,-0.0015758942656212468,-0.0013149683383553777,0.9321312031359787,0.0016134788269816722,0.005404629814939004,-0.002304573160498587,-0.01960266934083576,-0.06167531991483511,0.010168595656975627,-0.03338503012774016,-0.0854114871479827,0.02584827071370002,-0.021332089253913788,0.012319810513424097,0.007043969586210998,0.9050405223710634,-0.0006562076407352278,0.13030935452903797,6.412291382859101e-06,-0.00013789753165668412,-0.0018252526215687204,0.0006417695234871677,-0.0,0.0,0.0,-0.0,-0.0013149683383553777,0.0
3.37,-85.0,86.77228670115198,1.0,0.0,0.4831877528028796,0.4819801304167633,-0.001503709547711905,-0.0012419595025777914,0.9321847743066004,0.0015904623039110749,0.005308129860039179,-0.002298755721393069,-0.019499846289491914,-0.06200599948763037,0.010400655660172158,-0.032739341442700604,-0.08562283091696399,0.02597203651480651,-0.020930555206681148,0.012434825584327562,0.007037201810695665,0.9063205439019243,-0.0006980612165972846,0.12562620868436508,6.252571207582699e-06,-0.0001400315974687697,-0.0017908745773905271,0.0006826941010739227,-0.0,0.0,0.0,-0.0,-0.0012419595025777914,0.0
3.3800000000000003,-85.0,86.74616479868592,1.0,0.0,0.48317305932451243,0.4819680576118489,-0.0014338527022749587,-0.0011714649800284552,0.9322373907488162,0.0015675039555547816,0.0052136867180422155,-0.0022924999062475444,-0.019394769879751948,-0.0623302861728326,0.010619576983971651,-0.032106748581244016,-0.08583021435519003,0.026096868638343044,-0.020540090113715898,0.012532581814694998,0.007030024660025718,0.907554512514667,-0.0007380608720842267,0.12110116629744788,6.095842900737428e-06,-0.000141920218044741,-0.001757445776766321,0.0007218051718818696,-0.0,0.0,0.0,-0.0,-0.0011714649800284552,0.0
3.39,-85.0,86.65382280344645,1.0,0.0,0.4831590578362978,0.48195668227201294,-0.0013656354805033656,-0.0011031117850327852,0.9322890733708278,0.0015446053710206284,0.0051210302660061584,-0.002287180295431915,-0.019287497358813268,-0.06264831059141267,0.010837946564798027,-0.03148718190428666,-0.08603374542222142,0.02622266812341153,-0.02016032064999719,0.012628634539162418,0.007022450842089939,0.9087439852605089,-0.0007767291378455271,0.11672959989591761,5.941822972126501e-06,-0.00014373336364413512,-0.0017249341304199873,0.0007596138860592106,-0.0,0.0,0.0,-0.0,-0.0011031117850327852,0.0
3.4000000000000004,-85.0,86.62104272837297,1.0,0.0,0.4831457293721833,0.48194598101154973,-0.0012991138740492793,-0.001036214103095975,0.9323398406227839,0.0015217586126947337,0.005031056546458318,-0.0022823706385749253,-0.019178078053950443,-0.06296020296783542,0.011047236053440185,-0.030880600773459974,-0.08623353119953771,0.026349442472457026,-0.0197912114505093,0.012728840514346374,0.007014496276371251,0.9098904730645122,-0.000814647339471853,0.11250661417631255,5.791572317103788e-06,-0.00014535806620437296,-0.0016933364679807966,0.0007966888587720908,-0.0,0.0,0.0,-0.0,-0.001036214103095975,0.0
3.41,-85.0,86.59642229075067,1.0,0.0,0.4831330590901703,0.48193594117750854,-0.00123396718372599,-0.0009707850278995632,0.9323897198619396,0.0014989579929899231,0.004943457107626176,-0.002277556528850218,-0.01906657683202389,-0.06326609231991134,0.01125622408776285,-0.030286880493678815,-0.08642967910133159,0.026477218131258935,-0.019432953377416053,0.012825902734114531,0.007006166092413205,0.9109954425102441,-0.0008519383350824913,0.10842818482109053,5.64474642900118e-06,-0.00014691110160319122,-0.0016626690004068903,0.0008331503276815169,-0.0,0.0,0.0,-0.0,-0.0009707850278995636,-3.2526065174565133e-19
3.4200000000000004,-85.0,86.56756219858735,1.0,0.0,0.48312103112991095,0.48192654387210615,-0.0011705414106058388,-0.0009076818021892807,0.9324387326591327,0.0014762078724059318,0.004857635166713503,-0.002272348974696677,-0.01895304637865954,-0.06356610679387342,0.011459315278693595,-0.029705893653158996,-0.0866222956404135,0.02660589446791591,-0.019085066805003714,0.012908987552737276,0.006997471703664394,0.9120603205377159,-0.0008876093662110148,0.10449055583820124,5.500675562856876e-06,-0.00014831942134894526,-0.0016328905675545445,0.0008680275111513523,-0.0,0.0,0.0,-0.0,-0.0009076818021892805,2.168404344971009e-19
3.43,-85.0,86.54147996897285,1.0,0.0,0.4831096317172661,0.48191777340990355,-0.001108465374777714,-0.0008455393640414209,0.9324868993228523,0.0014535121004307019,0.004774362213614973,-0.002267011614639135,-0.01883747701483305,-0.06386037372224052,0.01165864401851274,-0.02913761525519207,-0.08681148175096255,0.02673539205580192,-0.018747017062033026,0.012993330598603251,0.006988420898611707,0.9130864914182378,-0.0009230370071929912,0.10068888162399073,5.36021908051023e-06,-0.0001496109689532024,-0.0016039553139913535,0.0009026666998226249,-0.0,0.0,0.0,-0.0,-0.0008455393640414209,0.0
3.44,-85.0,86.50727167124313,1.0,0.0,0.48309884089978095,0.48190961154598727,-0.0010485940436283146,-0.0007857284632980373,0.9325342414667199,0.0014308659381169003,0.004692903854766129,-0.002261902593581821,-0.018719971411465995,-0.06414901877369712,0.011847755955042718,-0.028581785936650592,-0.08699733575664222,0.026865714124011467,-0.01841880693701862,0.013071664319179988,0.00697902579319939,0.9140752978728447,-0.0009567377586588748,0.09701962182599705,5.22257420822096e-06,-0.00015070486781952087,-0.0015758633681338824,0.000935617198447145,-0.0,0.0,0.0,-0.0,-0.0007857284632980373,0.0
3.45,-85.0,86.45176744455833,1.0,0.0,0.483088645618998,0.48190204313395096,-0.000989583768080765,-0.0007270291658083784,0.9325807801978285,0.0014082715862498596,0.004613657472346893,-0.0022565680606591526,-0.01860056501858959,-0.06443216609318259,0.01203745287819689,-0.028038332656105554,-0.08717995548482328,0.026996840866150628,-0.018100362861406677,0.013152830843403508,0.006969294477683774,0.9150280399367491,-0.000990094091139533,0.09347801775202738,5.088183170237157e-06,-0.00015174004427290135,-0.0015486083375795805,0.0009682310328738663,-0.0,0.0,0.0,-0.0,-0.0007270291658083784,0.0
3.46,-85.0,86.424665164895,1.0,0.0,0.4830790308864985,0.4818950509035104,-0.0009323161408301857,-0.0006702918319837613,0.9326265343200062,0.0013857312739265313,0.00453611347541708,-0.0022510956900354587,-0.018479293011822464,-0.06470993845951693,0.012222438793420536,-0.027507043867127944,-0.08735943746467054,0.02712871701063747,-0.017791348819209653,0.013219896371656239,0.006959237317797912,0.915945980368057,-0.001022138948748333,0.09006127817644707,4.956477889649242e-06,-0.0001526494878842367,-0.0015221613777511068,0.0009995625557619328,-0.0,0.0,0.0,-0.0,-0.0006702918319837613,0.0
3.47,-85.0,86.36113176340552,1.0,0.0,0.48306998730237927,0.4818886262915632,-0.0008755807268092704,-0.00061382590691748,0.9326715263098393,0.0013632465172597323,0.004461148808821744,-0.0022457985642422478,-0.018356156690621905,-0.0649824573476798,0.012407109528333567,-0.026987872448110233,-0.0875358731946091,0.02726125250767889,-0.017491279420957576,0.013287106846224427,0.0069488557865923315,0.9168303454723116,-0.0010546137475412436,0.08676482780441425,4.828395835521064e-06,-0.00015348819908010078,-0.0014964808841665786,0.0010313147804936783,-0.0,0.0,0.0,-0.0,-0.00061382590691748,0.0
3.48,-85.0,86.3086243628926,1.0,0.0,0.4830614987137258,0.48188275140866094,-0.0008211970167823778,-0.0005600927122508601,0.9327157734236236,0.0013408138061322618,0.004387384309056823,-0.0022406976365267352,-0.018231210667718434,-0.06524984307432778,0.01258386371124305,-0.02648063389462591,-0.08770935223626851,0.02739445519183263,-0.017200171894179012,0.013353824192039036,0.00693816173687161,0.9176823199292132,-0.001084908988811592,0.08358493129548039,4.702437814683601e-06,-0.00015416280621070527,-0.0014715682433726104,0.0010609358995177722,-0.0,0.0,0.0,-0.0,-0.00056009271225086,1.0842021724855044e-19
3.49,-85.0,86.27245378488945,1.0,0.0,0.48305354852615934,0.48187741013560725,-0.0007681687515262648,-0.0005075050969586386,0.9327592954530741,0.0013184250043514233,0.004315902394045916,-0.0022365329843786184,-0.018104535171443975,-0.06551221355721819,0.01275362213293147,-0.025985063310912777,-0.08787996438344144,0.027528337544903393,-0.01691806976530026,0.013421341831312623,0.006927165496040683,0.9185030533185343,-0.0011146645438879755,0.0805181809738762,4.579781303678161e-06,-0.0001546873817471585,-0.0014474270987906398,0.0010900296022754814,-0.0,0.0,0.0,-0.0,-0.0005075050969586387,-1.0842021724855044e-19
3.5,-85.0,86.24663400644681,1.0,0.0,0.48304612133525654,0.4818725863338398,-0.000716445036995899,-0.00045656609308394733,0.9328021108195313,0.0012960820459124835,0.00424600627771416,-0.002231744005924667,-0.01797617233456191,-0.06576968481564405,0.012924564904310749,-0.02550101875179457,-0.08804779846004737,0.02766283939936494,-0.01664466813571328,0.013476504116144362,0.006915876997459258,0.9192936582862183,-0.0011434426820131653,0.07756101950702332,4.459670913741595e-06,-0.0001551623434356239,-0.0014240312894398504,0.0011181678688777852,-0.0,0.0,0.0,-0.0,-0.0004565660930839475,-1.6263032587282567e-19
3.5100000000000002,-85.0,86.19595613474249,1.0,0.0,0.4830392061874788,0.4818682672257741,-0.000666095776969952,-0.00040677829740451535,0.9328442378928475,0.0012737878045311,0.004178211885754176,-0.002226816290716853,-0.01784613469492448,-0.0660223715674282,0.013086050058520845,-0.025028379198495126,-0.0882129385725684,0.027797850628275597,-0.016379351495651024,0.013527482990004145,0.00690430277914469,0.9200552139177127,-0.001171567105342843,0.07470971119173396,4.342628374907071e-06,-0.00015546012069242663,-0.0014013280900791686,0.0011456672849921726,-0.0,0.0,0.0,-0.0,-0.0004067782974045155,-1.6263032587282567e-19
3.52,-85.0,86.15409593576766,1.0,0.0,0.4830327885346519,0.481864439855861,-0.0006169985364739599,-0.00035828849905458944,0.9328856953176006,0.0012515409712965692,0.004112187219720814,-0.0022221349715369314,-0.01771447765499282,-0.06627038676676192,0.013245079827125578,-0.024566923465782577,-0.08837546551785187,0.02793339090205646,-0.01612217906159135,0.013579265661303956,0.006892450369078512,0.9207887599346338,-0.0011989808655523976,0.07196072183368372,4.228294147280867e-06,-0.0001556664820502142,-0.0013793225044180964,0.0011724721932664405,-0.0,0.0,0.0,-0.0,-0.0003582884990545891,3.2526065174565133e-19
3.5300000000000002,-85.0,86.11481637949302,1.0,0.0,0.48302685332101286,0.4818610882913017,-0.0005693379951348583,-0.00031131615790287633,0.9329265009471022,0.0012293496964368084,0.004047868538170787,-0.002215704050646085,-0.017581308480304925,-0.06651384160031093,0.013394483258260793,-0.024116537782988067,-0.08853545893539425,0.02806940028157015,-0.015872814514770548,0.013626716354536302,0.006880331036804238,0.921495301441965,-0.0012253464678539142,0.0693099262551472,4.116611495287193e-06,-0.0001556996600402557,-0.0013579856948748514,0.0011982525855169434,-0.0,0.0,0.0,-0.0,-0.0003113161579028764,-5.421010862427522e-20
3.54,-85.0,86.07275819773011,1.0,0.0,0.48302139168982083,0.48185820330274576,-0.0005224625590405609,-0.0002651578912771834,0.9329666723276772,0.001207219588350147,0.00398527997600567,-0.0022100463292431226,-0.017446642791503243,-0.06675284494562003,0.013543627665918405,-0.023676804672370565,-0.08869299637276545,0.02820582675567828,-0.01563100689490118,0.013659927906161187,0.006867948253833502,0.9221758115045853,-0.0012514745851695875,0.06675612709823156,4.007579324643628e-06,-0.0001556705693686817,-0.0013372961413038575,0.0012238012400707123,-0.0,0.0,0.0,-0.0,-0.00026515789127718316,2.168404344971009e-19
3.5500000000000003,-85.0,86.03595972055703,1.0,0.0,0.48301639233500926,0.4818557732196722,-0.00047667582409364144,-0.00022012766469607574,0.9330062249522678,0.0011851438257678454,0.003924295754538845,-0.0022048753821836764,-0.017310500963212818,-0.06698750306757269,0.013689818211071314,-0.023247687941852536,-0.08884815100962733,0.028342621128336055,-0.015396419700427552,0.01369806141867065,0.006855308422364183,0.9228312382612643,-0.0012769831818585501,0.06429474688079356,3.9010462046796735e-06,-0.0001555482976479565,-0.0013172250046576892,0.00124874459140489,-0.0,0.0,0.0,-0.0,-0.00022012766469607582,-8.131516293641283e-20
3.56,-85.0,86.01089372629409,1.0,0.0,0.48301184379799467,0.4818537862953542,-0.0004322133340485063,-0.00017645158587852944,0.9330451739734846,0.0011631244627247342,0.0038647198957299906,-0.0021992758694309835,-0.017172897325528142,-0.06721792165736805,0.013833823838129842,-0.022829069468606036,-0.08900099536272779,0.028479815756871713,-0.015169104100936227,0.013738316820969937,0.0068424180069831175,0.923462488464915,-0.0013016552297396894,0.061922445731090806,3.7967937176243456e-06,-0.000155342195198753,-0.001297776615624043,0.001272870431226642,-0.0,0.0,0.0,-0.0,-0.0001764515858785295,-5.421010862427522e-20
3.5700000000000003,-85.0,85.98306856149894,1.0,0.0,0.4830077377782804,0.4818522339482103,-0.00038830044772792814,-0.00013334017280449033,0.9330835367288566,0.0011411543637482322,0.003806990366631697,-0.002194145457146114,-0.01703385259620885,-0.06744420418993707,0.013978018153110781,-0.022420703726897754,-0.08915160199671732,0.028617393365416192,-0.01494895826949235,0.013772736868214102,0.006829280305168219,0.9240704451687752,-0.0013263161497150627,0.0596370599161543,3.6952285969105293e-06,-0.00015507912794667054,-0.0012789422222708614,0.001296985948816131,-0.0,0.0,0.0,-0.0,-0.00013334017280449036,-2.710505431213761e-20
3.58,-85.0,85.95576181406221,1.0,0.0,0.4830040626655053,0.48185110414457516,-0.0003462436394840158,-9.216361194028573e-05,0.9331213286854259,0.0011192370015009315,0.0037505136016361424,-0.002188888048721487,-0.016893419800639013,-0.06766645243158313,0.01410967331150749,-0.022022374693341666,-0.08930003988788786,0.028755267105218675,-0.014735440514254667,0.013800477420357879,0.006815902813908318,0.9246559611465123,-0.0013493753426937858,0.057435416341465935,3.595756665430639e-06,-0.00015461966410400095,-0.001260675437919439,0.0013195357334177236,-0.0,0.0,0.0,-0.0,-9.21636119402857e-05,4.0657581468206416e-20
3.5900000000000003,-85.0,85.93033876413523,1.0,0.0,0.48300080213240726,0.4818503799377516,-0.00030526379251711276,-5.2094873095319166e-05,0.933158562630176,0.0010973753514747066,0.0036954608582721697,-0.0021832210500835727,-0.016751693308331015,-0.06788476556735402,0.014237745143133956,-0.021633868540901758,-0.08944637433109404,0.02889339724688123,-0.01452835491292762,0.013824650665392447,0.006802298808051477,0.9252198579545812,-0.0013717663162003963,0.05531444110570212,3.498547099851288e-06,-0.00015406661857063263,-0.001242959453460958,0.0013414326518364202,-0.0,0.0,0.0,-0.0,-5.2094873095319275e-05,-1.0842021724855044e-19
3.6,-85.0,85.88705835336842,1.0,0.0,0.48299794469783486,0.48185004957019445,-0.00026573125909905277,-1.3502837989739937e-05,0.9331952518585537,0.0010755704095302887,0.0036415235012858035,-0.002177619044978242,-0.016608705487645266,-0.06809924103541527,0.01436202527988824,-0.021254999867759652,-0.0895906681600391,0.02903171339236206,-0.014327354546950121,0.013840058595430577,0.006788475747026239,0.9257629313769407,-0.0013930809669443886,0.05327177505798268,3.4032899495625344e-06,-0.0001534192087634692,-0.0012257645516549707,0.0013622776324791377,-0.0,0.0,0.0,-0.0,-1.3502837989739754e-05,1.8295911660692887e-19
3.6100000000000003,-85.0,85.8617367743887,1.0,0.0,0.4829954794761009,0.4818501017969401,-0.00022651174150129717,2.474333092439852e-05,0.9332314100551817,0.0010538225957276645,0.003589420479934542,-0.002171360913105197,-0.016464507348962144,-0.06830997432668344,0.014481695951507759,-0.02088563262903482,-0.08973298107590427,0.029170189117364752,-0.014132341273777169,0.013853931871934684,0.0067744410282004905,0.9262859472678474,-0.0014144594728808372,0.051303952016697144,3.310642373504861e-06,-0.0001526706574147035,-0.0012090823015855287,0.0013831856475511257,-0.0,0.0,0.0,-0.0,2.4743330924398375e-05,-1.4568966692773966e-19
3.62,-85.0,85.81749887460822,1.0,0.0,0.4829934045187522,0.48185053469126043,-0.00018814412791272396,6.214207421395582e-05,0.9332670537794215,0.0010321360456547815,0.003538506620497472,-0.002165595275290018,-0.016319080607078568,-0.06851705934341469,0.014603178438679995,-0.02052548995799976,-0.0898733729056343,0.02930882251549284,-0.01394319632382464,0.01387059352657614,0.006760191750100811,0.9267896428008832,-0.0014354487293546652,0.04940892793308214,3.2199617752196496e-06,-0.00015188899666057827,-0.0011929025220775318,0.001403713631176846,-0.0,0.0,0.0,-0.0,6.214207421395557e-05,-2.574980159653073e-19
3.6300000000000003,-85.0,85.77316408151717,1.0,0.0,0.48299171015520226,0.48185133664999924,-0.000150315043770666,9.878970528687246e-05,0.9333021938111433,0.001010508494543691,0.003488863822489992,-0.0021595968115431822,-0.016172437580316588,-0.06872058773331415,0.014725243501071572,-0.020174488815669935,-0.09001190166230597,0.029447590122614997,-0.013759818413578461,0.013885280432985942,0.006745735395907871,0.9272747341807046,-0.0014561243260383149,0.04758389031790514,3.131298488674325e-06,-0.00015106058173731612,-0.001177216517005965,0.0014239355055414792,-0.0,0.0,0.0,-0.0,9.878970528687248e-05,1.3552527156068805e-20
3.64,-85.0,85.74066705698078,1.0,0.0,0.4829903831688137,0.4818524932138637,-0.00011467616927307541,0.0001331130550274086,0.9333368406456041,0.0009889421728365476,0.003439902446860109,-0.002153548251784051,-0.01602463779453063,-0.06892065008064843,0.01483526373256647,-0.01983240503132344,-0.09014862475571145,0.02958650808435231,-0.013582055053352993,0.013893618362265063,0.006731082907760505,0.9277419076048303,-0.001474734286249821,0.04582678608415744,3.044117537531518e-06,-0.00015005787073965515,-0.0011620112071395062,0.0014421380153690384,-0.0,0.0,0.0,-0.0,0.00013311305502740865,5.421010862427522e-20
3.6500000000000004,-85.0,85.72920961374325,1.0,0.0,0.48298941184207334,0.48185399478959146,-7.890060728615902e-05,0.00016787994517802245,0.9333710072374787,0.000967436241530633,0.003392789216019312,-0.0021470187302586948,-0.015875730722153914,-0.0691173342310191,0.014949141264379682,-0.01949906640994045,-0.09028359523676908,0.02972547194768857,-0.013409474457241733,0.013903052251272061,0.006716240502076276,0.9281918334344649,-0.0014942379525170245,0.044134589798167895,2.9594411326189762e-06,-0.0001490449584016295,-0.0011472496258665096,0.0014612150883135425,-0.0,0.0,0.0,-0.0,0.00016787994517802256,1.0842021724855044e-19
3.66,-85.0,85.71132211679478,1.0,0.0,0.4829887991334929,0.4818558449160408,-4.314807713881377e-05,0.0002026304288328761,0.9334047111869443,0.0009459932215556097,0.0033472585558626776,-0.002141247673409449,-0.015725683763210867,-0.06931072719374001,0.015063693034938805,-0.01917427778237789,-0.09041686656475821,0.029864527259097516,-0.013242282170065728,0.013907464225951962,0.006701200084658594,0.9286251486349706,-0.0015141486619206835,0.04250596356399018,2.8769758453314297e-06,-0.0001479880440331096,-0.0011329493512603215,0.0014806908482809756,-0.0,0.0,0.0,-0.0,0.00020263042883287598,-1.3552527156068805e-19
3.6700000000000004,-85.0,85.70304155344004,1.0,0.0,0.4829885382188605,0.48185803664661314,-8.470143109234825e-06,0.00023626460778277287,0.9334379649579689,0.0009246143193392437,0.0033028532414430597,-0.002134541265705861,-0.015574528571114054,-0.06950091385097902,0.015169285135622752,-0.01885792247668511,-0.09054849044045418,0.030003595489599518,-0.013080026190921473,0.013904352643016255,0.006685965092012725,0.9290424754569366,-0.001533206980344198,0.040938005224214376,2.7962973283698936e-06,-0.00014679369537481753,-0.0011190716926441726,0.0014993336984733933,-0.0,0.0,0.0,-0.0,0.00023626460778277303,1.6263032587282567e-19
3.68,-85.0,85.68379831308334,1.0,0.0,0.4829886179181375,0.4818605584348323,2.4728412934953515e-05,0.0002683961488741161,0.9334707787478759,0.0009032987892507404,0.003259150281644518,-0.0021286719547350006,-0.015422344987274213,-0.06968797673217203,0.015269349025052507,-0.018549671896161708,-0.09067851440134975,0.030142615906291765,-0.012922370892937733,0.01390282175359085,0.006670544480895857,0.929444414363819,-0.0015510272005567689,0.03942892949568645,2.7170456161514324e-06,-0.0001454994270682803,-0.001105587910836784,0.0015167664411630288,-0.0,0.0,0.0,-0.0,0.0002683961488741159,-2.168404344971009e-19
3.6900000000000004,-85.0,85.64038057321497,1.0,0.0,0.48298902451344333,0.48186339648295345,5.7196389144095954e-05,0.0002998048178189833,0.9335031600420927,0.0008820400274732327,0.003216581179014479,-0.002123214114594236,-0.015269161634809398,-0.06987199632104994,0.015369353789952531,-0.018249397250121008,-0.09080698566313958,0.030281665139309626,-0.012769647914942877,0.013906113413956886,0.0066549489996236486,0.9298315385162561,-0.001568490454536955,0.03797610110672774,2.6395678097083293e-06,-0.00014415912327679907,-0.00109252635467548,0.0015338507279615541,-0.0,0.0,0.0,-0.0,0.0002998048178189832,-1.0842021724855044e-19
3.7,-85.0,85.58556146615908,1.0,0.0,0.4829897540024232,0.481866546847118,8.858375781333291e-05,0.000330113587625823,0.9335351225263807,0.0008608347768783956,0.0031750960136303465,-0.0021174701362580185,-0.015114984045619834,-0.07005305146576775,0.0154636389273296,-0.01795692536513352,-0.09093395373023438,0.0304207302500794,-0.012621741077051779,0.013904319000985533,0.0066391788926023435,0.930204404193082,-0.0015851474886740262,0.036577891380501076,2.563792556184471e-06,-0.00014272036170092465,-0.0010798770723906472,0.0015501472291612104,-0.0,0.0,0.0,-0.0,0.00033011358762582294,-5.421010862427522e-20
3.71,-85.0,85.57995042795085,1.0,0.0,0.4829907962088959,0.4818699993073681,0.00012000048095356973,0.0003604952068796494,0.9335666757372905,0.0008396910730602224,0.0031348334986993544,-0.002111035358841111,-0.014959840038350953,-0.0702312195631002,0.015564667687990258,-0.01767212571813551,-0.09105946486955588,0.03055975444035733,-0.012478324354497155,0.013897345045433579,0.006623241308090615,0.9305635456664336,-0.0016022873985727128,0.03523213194072383,2.4898062244637806e-06,-0.00014129901676380197,-0.001067612152096304,0.0015669165695152915,-0.0,0.0,0.0,-0.0,0.00036049520687964944,5.421010862427522e-20
3.72,-85.0,85.56877527231097,1.0,0.0,0.4829921419605555,0.48187374452989945,0.00014977104879975977,0.0003891651688832304,0.9335978294762179,0.0008186094298909361,0.003095389635683146,-0.002104835901932173,-0.014803781171691626,-0.07040657632987338,0.01565079903973051,-0.017394799969294012,-0.0911835617522991,0.030698663370065764,-0.012338955944492946,0.013886519770271624,0.006607143005118255,0.9309094823327055,-0.001617846945869489,0.03393720905082355,2.417269392186449e-06,-0.00013969937450289348,-0.0010556937776616665,0.0015821410516556039,-0.0,0.0,0.0,-0.0,0.00038916516888323023,-1.6263032587282567e-19
3.73,-85.0,85.52717256540157,1.0,0.0,0.4829937874262156,0.48187777658879477,0.00017957778900065284,0.0004175887751626844,0.933628593424579,0.0007975873780410557,0.0030569423363041737,-0.0020992968647729456,-0.014646807834660843,-0.07057919583988702,0.015742462018126065,-0.017124796644050606,-0.09130628617596688,0.030837493385306752,-0.01220390508861593,0.013878568536979299,0.00659088684550019,0.9312427094177077,-0.0016335379330477788,0.03269114387405125,2.3462960022160616e-06,-0.00013810723352411907,-0.0010441449732233364,0.0015974946859079239,-0.0,0.0,0.0,-0.0,0.00041758877516268446,5.421010862427522e-20
3.74,-85.0,85.50271615976169,1.0,0.0,0.4829957276614813,0.4818820911854205,0.00020857466460774603,0.00044487898639838176,0.9336589801247714,0.0007766225053521654,0.0030191799349442447,-0.002093429795049343,-0.014488955278099187,-0.0707491504452818,0.015831804135370022,-0.016861931651227405,-0.09142768021676395,0.030976228075007065,-0.012073018947402963,0.013866293335455882,0.006574474314192882,0.9315637076656611,-0.0016483687014910797,0.03149217012591419,2.276630021890097e-06,-0.00013645268570862396,-0.0010329526530395252,0.0016120076951246407,-0.0,0.0,0.0,-0.0,0.0004448789863983817,-5.421010862427522e-20
3.75,-85.0,85.46934709543044,1.0,0.0,0.48299794739426083,0.48188666836772454,0.00023604674803331678,0.00047123403595788647,0.9336889922780355,0.0007557170143860968,0.0029827887042583948,-0.0020874936542046854,-0.014330288416920457,-0.07091651059442587,0.0159064648933102,-0.016605995272571793,-0.09154778385042858,0.03111483061811306,-0.011945828313123479,0.013852808995985266,0.006557923315423828,0.9318729393599148,-0.0016623953217230166,0.030338452501360157,2.2087777967438083e-06,-0.0001346329702476151,-0.001022076646813188,0.0016257348752219457,-0.0,0.0,0.0,-0.0,0.00047123403595788625,-2.168404344971009e-19
3.7600000000000002,-85.0,85.46189203256398,1.0,0.0,0.483000441902114,0.4818915093242576,0.0002631834266300421,0.0004972736603134819,0.9337186461070295,0.0007348722517151301,0.0029474025116976665,-0.00208140313187494,-0.014170853744504398,-0.0710813444517999,0.015982458322801648,-0.016356798714147133,-0.09166663448402769,0.03125329810696257,-0.011822450948999341,0.01384055292763435,0.006541230175222663,0.9321708481647013,-0.0016764057221176829,0.02922816935665974,2.1424377502231415e-06,-0.00013278852936561954,-0.0010115270282483625,0.0016394467801772409,-0.0,0.0,0.0,-0.0,0.000497273660313482,1.0842021724855044e-19
3.77,-85.0,85.44897890084988,1.0,0.0,0.4830032083023031,0.48189661146091195,0.00029032977220757266,0.000523358809519047,0.9337479510595899,0.0007140869914979783,0.002913093652311075,-0.002075504985173964,-0.014010622333235969,-0.07124371885150631,0.01606261107435732,-0.016114235603761056,-0.0917842697705925,0.03139162419509798,-0.011702795030762436,0.013821740813403241,0.006524394404106036,0.932457862836577,-0.0016907832151598471,0.028160339404946822,2.077620643478634e-06,-0.00013094115473347663,-0.0010012959361349588,0.0016535182797440037,-0.0,0.0,0.0,-0.0,0.0005233588095190469,-1.0842021724855044e-19
3.7800000000000002,-85.0,85.42002344125493,1.0,0.0,0.48300623759697997,0.4819019655870429,0.00031595559325984845,0.000547881565429317,0.9337769159701683,0.0006933629382408396,0.002879404026322025,-0.002068856510846004,-0.013849662727971048,-0.07140369957784658,0.016131425029709164,-0.015878150769702778,-0.0919007254604132,0.03152976406662596,-0.01158659672608213,0.013805469820835862,0.006507423240727363,0.9327343975744209,-0.0017037331528567473,0.02713250371752078,2.0139865418203327e-06,-0.0001289659044739787,-0.0009913607848705322,0.001666194268232008,-0.0,0.0,0.0,-0.0,0.0005478815654293174,3.2526065174565133e-19
3.79,-85.0,85.41954698556623,1.0,0.0,0.4830095237973816,0.4819075652792623,0.00034167725760817603,0.0005723317412470801,0.9338055484845589,0.0006727064795800798,0.0028465008410025303,-0.0020623580345573165,-0.013687989157070733,-0.07156134996698259,0.016206000161614432,-0.015648284228672073,-0.0920160360326982,0.03166770570663707,-0.011473776750352434,0.013783123625710353,0.0064903207264551226,0.9330008479891803,-0.001716914469267799,0.026144109469149267,1.951634866638053e-06,-0.00012700221882064458,-0.0009817147825927344,0.0016790971077938208,-0.0,0.0,0.0,-0.0,0.0005723317412470799,-2.168404344971009e-19
3.8000000000000003,-85.0,85.40336542123495,1.0,0.0,0.48301306250522463,0.4819134052530918,0.00036654660844855644,0.000596141274605884,0.9338338555760646,0.0006521096560584984,0.0028144790806931934,-0.0020567080665714254,-0.013525590908947558,-0.07171673200924714,0.01627699743676866,-0.015424582343492236,-0.09213023434980343,0.03180546078298364,-0.011364266854224361,0.013764597693385186,0.006473089675343279,0.9332575992821659,-0.0017296638475296758,0.025193312746246442,1.8906007175757375e-06,-0.00012497533402165123,-0.0009723520834893503,0.00169157809139931,-0.0,0.0,0.0,-0.0,0.0005961412746058842,1.0842021724855044e-19
3.81,-85.0,85.3770855903021,1.0,0.0,0.4830168479426721,0.4819194813538034,0.0003907772318432164,0.0006192970557505958,0.9338618473897755,0.000631573265014454,0.002783400215917796,-0.0020504506974282437,-0.013362500061114559,-0.07186990686757871,0.01634163754220422,-0.01520693297836675,-0.09224335361402204,0.03194300628012696,-0.011257988913762399,0.013742617046429905,0.006455732055874455,0.9335050204845491,-0.0017419417926787346,0.024278593656619996,1.830902061841858e-06,-0.0001228664324995363,-0.0009632659980877332,0.0017035985842760234,-0.0,0.0,0.0,-0.0,0.0006192970557505958,0.0
3.8200000000000003,-85.0,85.35288095468175,1.0,0.0,0.48302087071501026,0.4819257840362926,0.00041404429891877387,0.0006414819446214757,0.933889530908622,0.0006111004203826169,0.002752898905861649,-0.0020441662242746093,-0.013198780348625374,-0.07202093386740702,0.01640153146426324,-0.014995094695475636,-0.09235542471434095,0.032080296262537104,-0.011154631337588414,0.01371620108032864,0.0064382557668243865,0.9337434681811898,-0.0017534131978070868,0.023398985672901593,1.7722854556656637e-06,-0.00012069131782776958,-0.0009544298554197983,0.001714830832413378,-0.0,0.0,0.0,-0.0,0.0006414819446214756,-1.0842021724855044e-19
3.83,-85.0,85.32823457711802,1.0,0.0,0.483025124928733,0.4819323074788676,0.0004375730403261287,0.000663975547485269,0.9339169131084059,0.0005906911950889271,0.002723318180161956,-0.0020374601787331243,-0.013034449146668745,-0.0721698701717319,0.016467705138669905,-0.014788918583512492,-0.09246647627592308,0.0322173141677263,-0.011054116077469166,0.013687000297311422,0.006420664715752527,0.9339732851601715,-0.0017654630906850015,0.022552904031634378,1.7149521121590762e-06,-0.00011853180884840056,-0.0009458369713660872,0.0017266293755875976,-0.0,0.0,0.0,-0.0,0.000663975547485269,0.0
3.8400000000000003,-85.0,85.32425622933945,1.0,0.0,0.48302961748121276,0.48193905895372446,0.0004612421893298028,0.0006866177538247326,0.9339440060550349,0.0005703488934725936,0.0026947732203661517,-0.002030954019528481,-0.012869462571391663,-0.07231677256086237,0.016532221000396162,-0.014588392728686778,-0.09257653594628294,0.03235405246049911,-0.010956325215211223,0.0136569720823568,0.006402949059307266,0.9341947996006261,-0.0017778563390261706,0.021739160994913,1.6589290027006384e-06,-0.00011632819701606449,-0.0009374772638172218,0.001738764285655318,-0.0,0.0,0.0,-0.0,0.0006866177538247325,-1.0842021724855044e-19
3.85,-85.0,85.3159291266781,1.0,0.0,0.4830343411473845,0.481946031205689,0.0004835504763492772,0.0007078806589223693,0.9339708154563956,0.0005500694801533276,0.0026665090739334462,-0.002024560210941561,-0.012703861660564272,-0.07246169637389235,0.016589529647675832,-0.01439329444185369,-0.09268563005003025,0.03249045265594269,-0.010860980391561822,0.013622818868284663,0.006385114546728285,0.9344083330631394,-0.001788969211560459,0.02095684163763745,1.6037328804234399e-06,-0.00011404368926496722,-0.0009293269075419424,0.0017496475228488556,-0.0,0.0,0.0,-0.0,0.0007078806589223695,2.168404344971009e-19
3.8600000000000003,-85.0,85.27827005380192,1.0,0.0,0.4830392844953974,0.4819532126862521,0.000505253753213345,0.0007285373316271102,0.9339973450241024,0.0005298541876471269,0.0026388993592948106,-0.0020185749696297666,-0.012537703744917226,-0.07260469512943854,0.016643277283609734,-0.014203451634886385,-0.09279378249719515,0.03262652321062503,-0.01076808129733387,0.013594378496845774,0.006367171612537314,0.934614190203132,-0.001799621389651786,0.02020425438315157,1.549589110316418e-06,-0.0001117071044109356,-0.0009213858646050378,0.0017600807115327672,-0.0,0.0,0.0,-0.0,0.0007285373316271101,-1.0842021724855044e-19
3.87,-85.0,85.26148424142374,1.0,0.0,0.4830444394834266,0.4819605953391033,0.0005259919724718412,0.0007482275192118506,0.9340236005444349,0.0005096993207317794,0.0026117891288104933,-0.0020121573199740027,-0.012371026926209651,-0.07274582047097931,0.016693092353564542,-0.014018692238278004,-0.0929010189905253,0.03276232161008924,-0.01067781634022743,0.013562890432419135,0.006349126798701401,0.9348126624771806,-0.0018094609815628097,0.019480464327905164,1.4963939264051278e-06,-0.0001093182927854527,-0.000913670249151324,0.0017697196672222222,-0.0,0.0,0.0,-0.0,0.0007482275192118506,0.0
3.8800000000000003,-85.0,85.21414422982684,1.0,0.0,0.48304980154578475,0.4819681747202323,0.000546924597687455,0.0007681416936537918,0.9340495886854588,0.0004896089447006584,0.0025855694205730545,-0.0020054862034650286,-0.012203842271935855,-0.07288512283322439,0.016745384351241743,-0.013838957229286205,-0.09300736475412713,0.03289780072190362,-0.010589959381847574,0.013529948527024684,0.006330982794669157,0.935004033576482,-0.001819729138372875,0.018784378810984194,1.444350832924525e-06,-0.00010692021696420898,-0.000906160708152865,0.0017797782679379415,-0.0,0.0,0.0,-0.0,0.0007681416936537919,1.0842021724855044e-19
3.89,-85.0,85.2109066962573,1.0,0.0,0.48305537367407875,0.48197595327952186,0.0005678641139714184,0.0007877955917835012,0.9340753186852788,0.0004695847807013996,0.002559900108852883,-0.0019990951539141212,-0.012036142655149686,-0.07302265185191305,0.016798056480964135,-0.013664112238813461,-0.09311284280269547,0.033032928149158834,-0.010504307453844897,0.013494950614372303,0.006312735313310766,0.9351885767548341,-0.0018298984099424033,0.018115174197573865,1.3932386859978636e-06,-0.00010449842890363712,-0.0008988398774378936,0.001789740659439034,-0.0,0.0,0.0,-0.0,0.0007877955917835011,-1.0842021724855044e-19
3.9000000000000004,-85.0,85.1641732215256,1.0,0.0,0.4830611521329529,0.4819839261315463,0.0005880614628947291,0.0008069924285263554,0.9341007945149076,0.0004496272853850103,0.00253489380378768,-0.001992420231929191,-0.011867920717648011,-0.0731584562404073,0.016846639552221522,-0.013494086727450191,-0.09321747501924339,0.033167714744223566,-0.010420813824568768,0.013458578438365948,0.006294387667343677,0.9353665527523125,-0.0018397354030582195,0.017471586435931538,1.343095483286457e-06,-0.0001020254738140793,-0.0008917037546512742,0.0017993785615084226,-0.0,0.0,0.0,-0.0,0.0008069924285263555,1.0842021724855044e-19
3.91,-85.0,85.1009411811201,1.0,0.0,0.4830671335282132,0.4819920920241276,0.0006086395675415161,0.0008266018389665146,0.9341260244119883,0.00042973457823785596,0.002510766178545341,-0.001985787019346101,-0.011699208135061439,-0.07329258325214492,0.016898113100465188,-0.013328757180626191,-0.09332128256435898,0.03330213310801672,-0.010339428874761723,0.013425783339667464,0.006275939760852906,0.9355382159453968,-0.0018501693978216834,0.016852521136629196,1.2940143222004974e-06,-9.954495246901854e-05,-0.000884748093662783,0.0018096008707761157,-0.0,0.0,0.0,-0.0,0.0008266018389665147,1.0842021724855044e-19
3.9200000000000004,-85.0,85.06690149300954,1.0,0.0,0.4830733202999789,0.48200045363335514,0.0006284605035170241,0.0008454387048818165,0.9341510167280241,0.0004099091200550108,0.00248712426364938,-0.001979406888207616,-0.01152999350821697,-0.07342507956831959,0.01694278071870688,-0.013167986420250433,-0.09342428662573504,0.03343617798131234,-0.010260056889871392,0.013384648416514287,0.006257387206145585,0.9357038081856498,-0.0018599220751377506,0.016257857957311616,1.2457611767758866e-06,-9.699966081317563e-05,-0.0008779647078163781,0.0018191573123345945,-0.0,0.0,0.0,-0.0,0.0008454387048818167,1.0842021724855044e-19
3.93,-85.0,85.06595277779934,1.0,0.0,0.48307969425085423,0.48200899236933725,0.0006468243081828806,0.0008628118527179516,0.9341757715886574,0.00039014907531003225,0.002463456331667982,-0.001972208262301885,-0.011360393086039009,-0.07355598984408677,0.016982486275111036,-0.01301162154926998,-0.09352650551783503,0.03356980924027945,-0.01018246668197226,0.013343204136907937,0.0062387483388414815,0.9358635660430985,-0.0018682827087906292,0.0156857815614259,1.1980941299156443e-06,-9.440512293586021e-05,-0.0008713337976628391,0.001827352679186735,-0.0,0.0,0.0,-0.0,0.0008628118527179514,-2.168404344971009e-19
3.9400000000000004,-85.0,85.05742959969851,1.0,0.0,0.4830862527540792,0.48201770590458753,0.0006655732050911748,0.0008805945664480617,0.9342002928576957,0.0003704613768452181,0.002440619481419803,-0.0019653110612121577,-0.011190381224001091,-0.0736853574893637,0.017023755483826675,-0.01285953331927934,-0.0936279573005924,0.03370305458784844,-0.010106720618621098,0.013303988130901908,0.006220024030761084,0.936017709996328,-0.0018772096280161312,0.015135708853084906,1.151415817223973e-06,-9.17985260488468e-05,-0.0008648606993862774,0.0018361023760659618,-0.0,0.0,0.0,-0.0,0.0008805945664480617,0.0
3.95,-85.0,85.03173189156837,1.0,0.0,0.48309300148507633,0.48202660021302185,0.0006841780918120442,0.0008982490015273855,0.9342245895411507,0.00035084145682706593,0.0024183009415615986,-0.001958506949103129,-0.011019931976679519,-0.07381322502151086,0.017064719668024343,-0.012711660055457805,-0.09372866024619561,0.03383587486891307,-0.010032605388625937,0.013259396122290722,0.006201206666540887,0.9361664602371862,-0.0018861231788903131,0.014607205286764447,1.1055442003043032e-06,-8.916884506541424e-05,-0.0008585271661206531,0.0018448394685131484,-0.0,0.0,0.0,-0.0,0.0008982490015273854,-1.0842021724855044e-19
3.9600000000000004,-85.0,85.03173227303787,1.0,0.0,0.48309993510653376,0.48203567000425723,0.0007029104909608268,0.0009160672103932891,0.9342486651755776,0.0003312887638338671,0.0023965115658349397,-0.0019516656778429424,-0.010849070518661741,-0.07393963397799479,0.017109545612787318,-0.012567927178006415,-0.09382862975308225,0.03396825252937475,-0.009960079326130659,0.013217071281080062,0.006182300678472943,0.936310026060892,-0.0018953404025020223,0.014098906034931998,1.0604693168522502e-06,-8.653768472190903e-05,-0.0008523296285193966,0.0018538740543177423,-0.0,0.0,0.0,-0.0,0.000916067210393289,-1.0842021724855044e-19
3.97,-85.0,85.02991456979058,1.0,0.0,0.4831070510810464,0.4820449100656107,0.0007202619858183514,0.000932056219471171,0.9342725216601737,0.00031180502325708914,0.0023745118905865595,-0.00194487051533895,-0.010677785460868375,-0.07406462585357393,0.017146291137844508,-0.01242827666703847,-0.09392788292509295,0.03410023409435428,-0.009889400727402594,0.013177914723154188,0.006163310069671484,0.9364486030202205,-0.0019027847674311829,0.013609932235078004,1.01585168809035e-06,-8.384445946621999e-05,-0.0008462901870059902,0.0018611750142552906,-0.0,0.0,0.0,-0.0,0.0009320562194711707,-2.168404344971009e-19
3.98,-85.0,85.01508417123077,1.0,0.0,0.48311434025619715,0.48205431255535314,0.0007381909923583408,0.0009490581673915414,0.9342961646152199,0.0002923879985816588,0.0023539312060255864,-0.001938398584042232,-0.010506163125995695,-0.07418823993680207,0.017181019744062505,-0.012292430009161137,-0.09402643673411024,0.034231785465659255,-0.009820261230886206,0.013132930980355806,0.006144242023960977,0.9365823866789789,-0.0019113691840718244,0.013140412902147304,9.723938994422882e-07,-8.112330089977229e-05,-0.0008403824479703254,0.001869591522362197,-0.0,0.0,0.0,-0.0,0.0009490581673915416,2.168404344971009e-19
3.99,-85.0,85.00096559518076,1.0,0.0,0.48312180945077804,0.48206388592644034,0.0007559629256114407,0.0009659254114009937,0.9343196045940194,0.0002730338536192395,0.0023337843536152198,-0.0019325500268513568,-0.010334184035725507,-0.07431051435877657,0.01721665780099368,-0.012160400770624486,-0.09412430639746214,0.03436289013574789,-0.00975260595164928,0.013090470324932222,0.006125086669984698,0.9367115652298169,-0.0019199302958222543,0.012689119574512707,9.296390015426958e-07,-7.83881972681907e-05,-0.0008346017234304294,0.0018779856930980713,-0.0,0.0,0.0,-0.0,0.0009659254114009939,1.0842021724855044e-19
4.0,-85.0,85.00096597665026,1.0,0.0,0.48312945140178765,0.48207362297323414,0.0007722958614922996,0.0009813269927443126,0.9343428442973669,0.00025373927459527084,0.002313760833491603,-0.001926203682999751,-0.010161874356094199,-0.07443148673721771,0.01724308887035163,-0.012032072215578705,-0.09422150743313977,0.03449356330982014,-0.009686482398372677,0.013045475934481542,0.006105850333368189,0.9368363169009649,-0.0019270663392229612,0.012255258431315235,8.874559683211455e-07,-7.559474971632526e-05,-0.0008289520741354543,0.0018849863606277709,-0.0,0.0,0.0,-0.0,0.0009813269927443123,-2.168404344971009e-19
4.01,-85.0,84.97532625191857,1.0,0.0,0.4831372559919999,0.4820835134433998,0.0007891531158268002,0.000997295959493817,0.934365886208238,0.00023450780193065877,0.0022944524025010063,-0.0019198669797171493,-0.009989297633389304,-0.07455119321427019,0.01727481279264202,-0.011907293641211533,-0.09431805462326766,0.03462380736027008,-0.009621916191182347,0.013000484566965571,0.0060865426616458634,0.9369568115685776,-0.001934926129082524,0.011838153601060265,8.460720530612926e-07,-7.280980440659919e-05,-0.0008234356853742557,0.0018926953772216103,-0.0,0.0,0.0,-0.0,0.0009972959594938167,-2.168404344971009e-19
4.0200000000000005,-85.0,84.96849603646424,1.0,0.0,0.48314523414056515,0.48209356884963694,0.0008061270779075798,0.001013406989623868,0.9343887393211489,0.00021533972068820103,0.0022756981089444156,-0.0019133838402862462,-0.009816367836922447,-0.07466966942513306,0.017308053021287254,-0.01178610004135281,-0.094413963335,0.034753604023927014,-0.009558790377711823,0.012961702941254559,0.006067150340261532,0.9370732149742528,-0.0019430448048492351,0.011436807316141441,8.0538311114533e-07,-7.001390553056852e-05,-0.0008180425605260951,0.0019006580725693864,-0.0,0.0,0.0,-0.0,0.0010134069896238682,2.168404344971009e-19
4.03,-85.0,84.96849641793375,1.0,0.0,0.48315337478750153,0.482103778042326,0.0008218933541362607,0.0010283002907758721,0.9344114046913077,0.0001962370071611318,0.0022570227456292042,-0.001907276209114511,-0.009643142075908509,-0.07478695063664156,0.01733532911259206,-0.01166829237031264,-0.09450924857580631,0.034883018972118124,-0.00949727451965365,0.012921825062870382,0.006047683877959511,0.9371856807342364,-0.0019500178252173054,0.01105117497432413,7.652163748848628e-07,-6.717824099309847e-05,-0.0008127872029364589,0.0019075005183305446,-0.0,0.0,0.0,-0.0,0.0010283002907758721,0.0
4.04,-85.0,84.95249719613176,1.0,0.0,0.4831616660908985,0.48211412889714816,0.0008371250740195902,0.001042648043222708,0.9344338851116054,0.00017719558416747036,0.0022388810768393785,-0.0019009375153547583,-0.009469714541887666,-0.07490306950178288,0.017356923331410912,-0.011553692353459861,-0.0946039260401721,0.03501202739739736,-0.009437299123569524,0.012878585092547605,0.006028154820926351,0.9372943639776594,-0.001956531965924745,0.010680546229979587,7.257356091316183e-07,-6.430849854681061e-05,-0.0008076636572320473,0.0019138944633924344,-0.0,0.0,0.0,-0.0,0.0010426480432227082,2.168404344971009e-19
4.05,-85.0,84.94673051827507,1.0,0.0,0.4831701150053345,0.4821246288145774,0.0008527681709300274,0.0010574429108732232,0.9344561884051337,0.00015821577512435063,0.0022213973105276326,-0.001894646972855276,-0.00929602863123471,-0.07501805800229873,0.017382264133956587,-0.011442295953093443,-0.09469801118378261,0.0351406016730813,-0.009378797464376436,0.012835080700647358,0.0060085541673545245,0.9373994126573495,-0.001963632191639767,0.010324356216536773,6.869456341287757e-07,-6.143992667103833e-05,-0.0008026662218088359,0.0019208621137189687,-0.0,0.0,0.0,-0.0,0.0010574429108732232,0.0
4.0600000000000005,-85.0,84.94673089974458,1.0,0.0,0.48317871611483704,0.48213527253668814,0.000867421774180598,0.00107125429875784,0.9344783167782403,0.0001392955606742777,0.0022039537369390673,-0.0018891394585544038,-0.00912208880016811,-0.07513194778406626,0.017405156740575883,-0.01133398400406806,-0.09479151786277357,0.035268737938757434,-0.009321629835716282,0.012792809389634978,0.005988886243328659,0.9375009688788117,-0.001969820847977899,0.009982178228080396,6.486373618108807e-07,-5.854983060491997e-05,-0.0007977829380304943,0.0019269384300314434,-0.0,0.0,0.0,-0.0,0.0010712542987578399,-2.168404344971009e-19
4.07,-85.0,84.91671113961252,1.0,0.0,0.48318746546445984,0.482146056103317,0.0008827507165326432,0.0010857667043377536,0.9345002752071443,0.0001204329477889156,0.0021874212401345604,-0.001883205233700926,-0.008947930926207432,-0.0752447693099145,0.017429991446752287,-0.01122869636003689,-0.0948844598271505,0.03539645379947762,-0.009265863922693159,0.012748039906682216,0.0059691541577058015,0.9375991678833163,-0.0019768418375913973,0.009653284448062413,6.110603916810597e-07,-5.565409191360092e-05,-0.000793019597498682,0.0019338293333583554,-0.0,0.0,0.0,-0.0,0.0010857667043377536,0.0
4.08,-85.0,84.91058588021289,1.0,0.0,0.4831963598714851,0.4821569764326409,0.000896532728837706,0.0010987059195971872,0.9345220678510546,0.00010162693443561797,0.0021708938257095603,-0.0018778595562005162,-0.008773569161869632,-0.0753565524204078,0.017445840925158582,-0.011126323850626734,-0.09497685037563054,0.0355237451669005,-0.009211401875933403,0.012708296524603611,0.005949360068270452,0.9376941404272433,-0.001982327560250335,0.009337042541418903,5.739380648332008e-07,-5.271892810255718e-05,-0.0007883678255981728,0.0019392187352330838,-0.0,0.0,0.0,-0.0,0.001098705919597187,-2.168404344971009e-19
4.09,-85.0,84.9105862616824,1.0,0.0,0.4832053909371342,0.48216802503898987,0.000910385891927638,0.0011117355448712523,0.934543698241536,8.287108720754323e-05,0.002155100265645499,-0.0018729962933068333,-0.008599056961528637,-0.07546732552714408,0.017461998891625873,-0.011026746515710296,-0.09506870425102718,0.035650674603204605,-0.009158644853980045,0.01267544655198787,0.005929511634606837,0.9377860095339956,-0.001988046281883034,0.009032745249723868,5.374628989191983e-07,-4.9776365625545295e-05,-0.0007838619516267939,0.0019448363992246723,-0.0,0.0,0.0,-0.0,0.0011117355448712523,0.0
4.1000000000000005,-85.0,84.90377283089603,1.0,0.0,0.4832145673069658,0.4821792110507157,0.000924740794848879,0.001125305381235881,0.9345651756413418,6.416904344520344e-05,0.002140014229355788,-0.001867821745325327,-0.008424332088520123,-0.07557711677858048,0.017482382919613345,-0.010929977355021485,-0.09516003898914507,0.035777242439544193,-0.009107490865549583,0.012637577870403253,0.005909597913390687,0.9378748940801599,-0.001994458370889933,0.00874044111915432,5.015849902437864e-07,-4.683566780219584e-05,-0.0007794932576340078,0.001951132721681841,-0.0,0.0,0.0,-0.0,0.001125305381235881,0.0
4.11,-85.0,84.90377244942607,1.0,0.0,0.4832238774239373,0.48219052280665914,0.0009375112089479204,0.0011372713153431143,0.9345865010811193,4.551763822238997e-05,0.0021248559948203963,-0.0018626466024410787,-0.008249452943020609,-0.07568595346323571,0.0174951297751216,-0.010835891885023723,-0.09525086845724802,0.035903400121457554,-0.00905761754089818,0.012597632900156596,0.005889629884182479,0.937960914219106,-0.001999312509449434,0.008459658423355745,4.661131264971376e-07,-4.3865917456461443e-05,-0.0007752341461689742,0.0019559052658420528,-0.0,0.0,0.0,-0.0,0.001137271315343114,-2.168404344971009e-19
4.12,-85.0,84.90162820809283,1.0,0.0,0.48323331895383026,0.48220195808296157,0.0009510635626554614,0.0011500481324402227,0.9346076796976641,2.6914923492945496e-05,0.002110706263838696,-0.0018576043881407224,-0.008074432022608437,-0.07579386216660094,0.01751036558995607,-0.010744439804599746,-0.09534120663748703,0.03602919216623339,-0.009009280786023834,0.012556668402206608,0.005869608719627214,0.9380441792706027,-0.0020051276799142484,0.008189882969743868,4.312744109897823e-07,-4.089491623928389e-05,-0.0007711065211441974,0.0019616182954127143,-0.0,0.0,0.0,-0.0,0.0011500481324402227,0.0
4.13,-85.0,84.90162782662287,1.0,0.0,0.48324289282687494,0.4822135179435389,0.0009640146388999843,0.0011622328914246093,0.9346287182068977,8.363107361576427e-06,0.0020967592981343064,-0.0018526962935956773,-0.007899276334753241,-0.0759008689946442,0.017524042435528527,-0.010655555438372153,-0.09543106755414521,0.03615457304924922,-0.008962163707340742,0.012517943314861866,0.005849532207081564,0.9381247983095278,-0.002010432146887876,0.00793051794383635,3.96872798318877e-07,-3.7912748475704937e-05,-0.000767083263631691,0.0019668320307336864,-0.0,0.0,0.0,-0.0,0.0011622328914246093,0.0
4.140000000000001,-85.0,84.88623208992831,1.0,0.0,0.4832525944554102,0.48222519790011276,0.0009764885405508932,0.0011739265450705172,0.9346496194511994,-1.0138212955989164e-05,0.002083314177610473,-0.0018474212882161611,-0.007723999862818125,-0.07600699941760933,0.017531573748931373,-0.010569191044062636,-0.0955204633675329,0.03627954622546015,-0.008916220491558456,0.012473420880005704,0.005829403980495369,0.9382028743319136,-0.0020153168041060123,0.007681494498528597,3.6295434856509824e-07,-3.491132687290775e-05,-0.0007631604514152838,0.001971635369010144,-0.0,0.0,0.0,-0.0,0.0011739265450705174,2.168404344971009e-19
4.15,-85.0,84.88623170845835,1.0,0.0,0.4832624178358123,0.4822369919067251,0.0009884324623246358,0.0011851040887472402,0.9346703861578258,-2.8586479076065985e-05,0.002069971231037848,-0.0018418544230292795,-0.007548642925044011,-0.07611227803684946,0.017538853016378125,-0.010485234878784586,-0.09560940432150156,0.036404064519995165,-0.008871218639385536,0.012427893347665267,0.005809229472438595,0.9382785084520892,-0.0020197507779042612,0.007442145654113884,3.2944053609438695e-07,-3.190524857930689e-05,-0.0007593181818616209,0.0019759980786520736,-0.0,0.0,0.0,-0.0,0.0011851040887472402,0.0
4.16,-85.0,84.87015008919542,1.0,0.0,0.48327236151998726,0.48224889867299797,0.0010003347238369336,0.0011962680315385078,0.9346910213966863,-4.6980625396946294e-05,0.002056878114258389,-0.0018369515718080435,-0.007373202983858611,-0.07621672852463077,0.017548845622597176,-0.010403588810290715,-0.09569789980853073,0.036528150726655766,-0.008827201323683798,0.012388835041100457,0.005789009228245635,0.9383517942693435,-0.002024256559451409,0.007211950791110545,2.9634793152981587e-07,-2.8899485713883534e-05,-0.0007555601513136279,0.0019804313206344894,-0.0,0.0,0.0,-0.0,0.0011962680315385078,0.0
4.17,-85.0,84.87015047066492,1.0,0.0,0.4832824222210841,0.48226091497249696,0.0010119619219267594,0.0012071416121125496,0.9347115287556205,-6.532606016551281e-05,0.0020444147722361436,-0.0018318403334430717,-0.007197698767076716,-0.07632037367419449,0.017552667104440235,-0.01032422348064762,-0.09578596082093534,0.03665183109453821,-0.008784299982216779,0.012345049122924884,0.005768745665851407,0.9384228233893439,-0.00202854823981211,0.006990952012907073,2.637179482334759e-07,-2.5879865314526807e-05,-0.00075189760991936,0.0019846553693982027,-0.0,0.0,0.0,-0.0,0.0012071416121125493,-2.168404344971009e-19
4.180000000000001,-85.0,84.87015008919496,1.0,0.0,0.48329260334301405,0.48227304443517033,0.0010242624669638775,0.0012187455816326353,0.934731913721642,-8.361806902288428e-05,0.00203227910961722,-0.0018264240463021384,-0.007022113312860761,-0.07642323637483296,0.017565299914878783,-0.010247127707749744,-0.09587359707207024,0.036775052139394256,-0.008742234663208922,0.012300320828862824,0.005748434246332523,0.9384916857370942,-0.002033667616451661,0.006778567765272818,2.314850174181638e-07,-2.2868797099858936e-05,-0.0007483066002676207,0.001989689493982697,-0.0,0.0,0.0,-0.0,0.0012187455816326355,2.168404344971009e-19
4.19,-85.0,84.86262941353556,1.0,0.0,0.48330290501394696,0.482285287517441,0.0010359363621878508,0.0012297129169521468,0.9347521778441421,-0.0001018565424303106,0.002020371765635855,-0.0018211513357475973,-0.006846409259600644,-0.07652533912080561,0.017572791576297646,-0.010172261593011241,-0.09596081693108477,0.036897859272111054,-0.008701091654121517,0.012259693694406763,0.005728073779907284,0.9385584632633619,-0.002038203585209547,0.006574258678257857,1.9961824796327123e-07,-1.9845311701455517e-05,-0.0007447945105448782,0.001994153120950517,-0.0,0.0,0.0,-0.0,0.0012297129169521468,0.0
4.2,-85.0,84.8626290320656,1.0,0.0,0.4833133254224581,0.48229764246834217,0.0010480790887073444,0.0012411882544620463,0.9347723247818325,-0.00012004356728876177,0.0020089025148354645,-0.00181627183736304,-0.006670605396641774,-0.0766267037782477,0.01758513669024349,-0.010099562653431647,-0.09604763071832959,0.03702028503795165,-0.008661055056371415,0.01222456841888725,0.005707665243644099,0.9386232360180901,-0.002043355004374481,0.006377742533764396,1.6812858583741432e-07,-1.682196262664769e-05,-0.0007413771003650179,0.0019992191888678745,-0.0,0.0,0.0,-0.0,0.0012411882544620463,0.0
4.21,-85.0,84.86093111031244,1.0,0.0,0.48332386165076324,0.4823101063656416,0.0010594460436703817,0.0012518735774112678,0.9347923585596061,-0.0001381799679191185,0.0019976766445263068,-0.0018109402866127828,-0.00649473488087156,-0.07672735184906233,0.017591406469774123,-0.01002897047722271,-0.0961340493651684,0.037142321283352105,-0.008622034219076619,0.012181141331393301,0.005687210756269164,0.9386860836234194,-0.002047776565958276,0.006189329114773401,1.369889601332284e-07,-1.3788250284500362e-05,-0.0007380466105263202,0.0020035714492619553,-0.0,0.0,0.0,-0.0,0.001251873577411268,2.168404344971009e-19
4.220000000000001,-85.0,84.86093072884248,1.0,0.0,0.4833345092702908,0.4823226748825949,0.0010697368525649145,0.0012614683402606898,0.9348122803836246,-0.00015626408478964648,0.0019863822882146176,-0.001805827870864324,-0.006318806679063742,-0.07682730404732299,0.017591816535366223,-0.00996038590805594,-0.09622008150353295,0.03726393499700871,-0.008583761812500814,0.012140551209888308,0.005666714034117185,0.9387470829011083,-0.002051141285608064,0.006008145950514521,1.0617345212996481e-07,-1.074761272728194e-05,-0.0007347801565477676,0.0020068899360836095,-0.0,0.0,0.0,-0.0,0.0012614683402606898,0.0
4.23,-85.0,84.86093111031198,1.0,0.0,0.4833452665961425,0.4823353467465267,0.0010816492738269425,0.001272956343522352,0.9348320941176969,-0.00017429835902259966,0.001976324016790116,-0.0018009346494745864,-0.006142843292040956,-0.07692657953937518,0.017597938075260396,-0.009893688400936154,-0.09630573561045368,0.03738512941475179,-0.008546381732726031,0.012095497112605418,0.0056461756852558215,0.9388063067466156,-0.0020565199840984942,0.0058344368355074845,7.573927945326469e-08,-7.708555855951987e-06,-0.0007315900570358058,0.0020121792171346564,-0.0,0.0,0.0,-0.0,0.0012729563435223518,-2.168404344971009e-19
4.24,-85.0,84.83253946297287,1.0,0.0,0.4833561339392968,0.4823481237597277,0.0010918290089803966,0.0012822175421611588,0.934851805476181,-0.00019228594234227766,0.0019655919034273633,-0.001796122232645539,-0.005966869400416025,-0.0770251972388567,0.01759729183031223,-0.009828865245889462,-0.09639101948695977,0.03750590105796243,-0.008509853207029754,0.012060022952923409,0.005625593218655632,0.9388638262011088,-0.002059692371805509,0.005666960276177118,4.559046513536373e-08,-4.665247862829476e-06,-0.0007284728253454143,0.002015310024904267,-0.0,0.0,0.0,-0.0,0.0012822175421611588,0.0
4.25,-85.0,84.83253908150292,1.0,0.0,0.4833671008669193,0.4823609912711926,0.0011019374559052225,0.0012916564302028332,0.9348714104182242,-0.00021022442852592935,0.0019554495485870948,-0.0017913348005584222,-0.005790906829761785,-0.07712317565089412,0.01759510303092656,-0.00976584628449085,-0.09647594289476566,0.037626290997557085,-0.008474242631318718,0.01201641898883975,0.005604980769130927,0.9389197044562027,-0.002063126199814609,0.0055065629660407175,1.577148194270331e-08,-1.6220562830640607e-06,-0.0007254341364256655,0.00201869685142962,-0.0,0.0,0.0,-0.0,0.001291656430202833,-2.168404344971009e-19
4.26,-85.0,84.83253946297242,1.0,0.0,0.4833781697870309,0.4823739541146485,0.0011121741609704792,0.0013012434087508388,0.9348909163038558,-0.00022811436356615528,0.0019456092040123678,-0.0017865020913029903,-0.0056149707273537705,-0.07722053250637646,0.017594509447232395,-0.009704586637808044,-0.09656051365026994,0.037746247744463,-0.00843933685812473,0.011972772526436965,0.005584332712888317,0.9389740094874545,-0.0020667734183368006,0.005352463103406974,-1.3739742583817689e-08,1.4201962598701456e-06,-0.0007224557498290875,0.0020222927020626404,0.0,-0.0,0.0,-0.0,0.0013012434087508393,4.336808689942018e-19
4.2700000000000005,-85.0,84.80597505562355,1.0,0.0,0.4833893444665051,0.48238701646955856,0.001123163874692966,0.0013116362706437634,0.9349103254644685,-0.00024595670614947237,0.0019361194053030808,-0.0017816812401300506,-0.005439001898962327,-0.07731728544029987,0.017602278304073456,-0.009645084879614553,-0.09664473900859244,0.037865771533330414,-0.008405157636261016,0.011926141807507127,0.005563644152386303,0.9390268035157211,-0.0020713045414747595,0.005204624193251163,-4.2967953155485556e-08,4.465083953081914e-06,-0.0007195395323431612,0.002026753686986998,0.0,-0.0,0.0,-0.0,0.0013116362706437634,0.0
4.28,-85.0,84.80597543709305,1.0,0.0,0.48340062808553297,0.48240017957126474,0.0011332594179434843,0.001320954186428178,0.9349296389261353,-0.00026374937605771,0.0019266767574774642,-0.0017770707846508917,-0.005262960425328714,-0.07741345211091934,0.01760082853152497,-0.009587350953897329,-0.09672862527709633,0.0379848073622679,-0.008371429277366057,0.011882755120889887,0.005542913315396308,0.9390781489574025,-0.0020747757976453123,0.005062513341796374,-7.192429802403031e-08,7.5101412168018386e-06,-0.0007166618855980984,0.002030177855107499,0.0,-0.0,0.0,-0.0,0.0013209541864281783,2.168404344971009e-19
4.29,-85.0,84.8059750556231,1.0,0.0,0.48341200590295336,0.4824134311612991,0.0011422079419696513,0.0013292512285893725,0.934948859769174,-0.00028149769116095694,0.0019173651817328582,-0.0017726145706704868,-0.005086985500537259,-0.0775090494454389,0.017592313515974345,-0.009531239927015463,-0.0968121770057494,0.03810343568607263,-0.008338375059202043,0.011843513202495095,0.0055221522918651135,0.9391280998334953,-0.0020772680828862336,0.004925797544902013,-1.0059190606077016e-07,1.0549439227531431e-05,-0.0007138419161323957,0.0020326442974002976,0.0,-0.0,0.0,-0.0,0.0013292512285893725,0.0
4.3,-85.0,84.8059754370926,1.0,0.0,0.4834234781999136,0.4824267701599878,0.0011520880097029777,0.0013383140989022039,0.9349679903816316,-0.00029920181337637165,0.0019085105838374766,-0.001768033229715931,-0.004911068161583668,-0.07760409334854385,0.01758990159470107,-0.009476703591953711,-0.09689540182218513,0.03822163271551367,-0.008306025132881345,0.011797029560359084,0.005501361496174104,0.9391767125231487,-0.0020806032017741806,0.00479486583442487,-1.2900034852436572e-07,1.3589639573434129e-05,-0.0007110822062650895,0.0020359356659423837,0.0,-0.0,0.0,-0.0,0.0013383140989022039,0.0
4.3100000000000005,-85.0,84.7790226935621,1.0,0.0,0.4834350483926825,0.48244019819778305,0.001161970812609728,0.0013472775621913137,0.9349870317870099,-0.000316857974040597,0.0018996244977350296,-0.001763336991993217,-0.004735161084942615,-0.07769859975976727,0.017591009310450823,-0.009423764925539278,-0.09697830614660805,0.03833941195180084,-0.008274336814211605,0.011758454879968773,0.005480538722121341,0.9392240376802435,-0.002083891584152773,0.004668560396836571,-1.571378665536652e-07,1.663229069881112e-05,-0.0007083791049026186,0.0020391815142616746,0.0,-0.0,0.0,-0.0,0.0013472775621913135,-2.168404344971009e-19
4.32,-85.0,84.7790230750316,1.0,0.0,0.4834467199938201,0.4824537201832896,0.0011718384023561071,0.0013565829903536939,0.935005987254133,-0.0003344681178323466,0.0018911708242989817,-0.0017584388766019624,-0.004559219981375459,-0.0777925846003036,0.01759331985187741,-0.009372433032030246,-0.09706089673975746,0.03845677005464743,-0.008243196012245763,0.011712867983870041,0.005459678413527953,0.9392701271847052,-0.0020875743369621388,0.004547671657399457,-1.8505565409728192e-07,1.967739554409157e-05,-0.0007057228497992853,0.0020428135002629848,0.0,-0.0,0.0,-0.0,0.0013565829903536939,0.0
4.33,-85.0,84.77902269356164,1.0,0.0,0.4834584836682191,0.4824673284264873,0.0011814525132169424,0.0013656344429275975,0.9350248576525615,-0.0003520288928834673,0.0018828604037933521,-0.0017535354556352937,-0.0043833065678239,-0.0778860633582051,0.01759346617096608,-0.009322555622354041,-0.09714317750474999,0.038573686071217694,-0.008212437836604546,0.0116693440343075,0.0054387880305011875,0.939315030514946,-0.0020910329238325405,0.004431447741213488,-2.1273047605019796e-07,2.272015121532104e-05,-0.0007030993198912831,0.00204622634207961,0.0,-0.0,0.0,-0.0,0.0013656344429275975,0.0
4.34,-85.0,84.77902307503115,1.0,0.0,0.48347034353775864,0.4824810275722311,0.0011905574967557458,0.0013742996921005711,0.9350436455939038,-0.00036954214852981013,0.0018747264091395364,-0.0017490039308642388,-0.004207382463728639,-0.07797905060711512,0.017589699772442118,-0.009274143556495511,-0.09722515271142164,0.038690158541362145,-0.008182054730451372,0.011623516956632949,0.005417862501718367,0.9393587953620057,-0.0020941346659874007,0.00432009107102543,-2.4017933845253546e-07,2.5757540506671244e-05,-0.000700507872442632,0.0020492902033749844,0.0,-0.0,0.0,-0.0,0.0013742996921005711,0.0
4.3500000000000005,-85.0,84.77569475166666,1.0,0.0,0.48348229690483646,0.48249481565694347,0.0011999858462984777,0.0013831807373069294,0.9350623542716294,-0.00038701005122967325,0.0018667481537689619,-0.0017444606999735613,-0.0040314887254841334,-0.07807156041553684,0.017589014054108097,-0.009227112362404522,-0.09730682617179788,0.03880617299327387,-0.008152092107439168,0.011580023194157298,0.005396903443111497,0.9394014684743437,-0.002097489828370841,0.004213029926695823,-2.674005493048032e-07,2.8798261979776104e-05,-0.0006979523950788249,0.0020526022709552827,0.0,-0.0,0.0,-0.0,0.001383180737306929,-4.336808689942018e-19
4.36,-85.0,84.7756943701967,1.0,0.0,0.48349434127944524,0.48250868922718154,0.0012089838130822362,0.001391625842397291,0.9350809833003023,-0.0004044279776220411,0.0018588962610338472,-0.0017391792340810687,-0.0038556231817635576,-0.0781636072473944,0.01758495191239709,-0.009181537859877765,-0.09738820236942859,0.03892177880906669,-0.008122641603506878,0.01153906357558923,0.005375913985511614,0.9394430882977717,-0.002100450717919267,0.004109744998508757,-2.943969296238782e-07,3.183226379101838e-05,-0.0006954407320057099,0.0020555287075416065,0.0,-0.0,0.0,-0.0,0.001391625842397291,0.0
4.37,-85.0,84.77569475166621,1.0,0.0,0.4835064806412006,0.48252265250343973,0.0012188026915201488,0.0014009274392115622,0.9350995354650388,-0.00042179684976316337,0.0018514400789607158,-0.0017346470385067331,-0.0036797570904252906,-0.07825520475113541,0.017586202198604878,-0.00913729627090125,-0.09746928628419102,0.03903696467285819,-0.008093634553276198,0.011498818305936078,0.005354889429445434,0.9394836981793342,-0.0021043157295033863,0.004010885238593078,-3.2122557004799876e-07,3.487552287164424e-05,-0.0006929670085920288,0.0020593401505019948,0.0,-0.0,0.0,-0.0,0.0014009274392115622,0.0
4.38,-85.0,84.77569437019625,1.0,0.0,0.4835187127842776,0.48253670324059855,0.0012277803945809696,0.001409371079946495,0.9351180133187768,-0.0004391246425198323,0.0018440571358853339,-0.0017306292399574571,-0.003503920793674749,-0.07834636624548688,0.017581632752372477,-0.00909433266228907,-0.0975500831448678,0.039151780999352216,-0.008065285967995037,0.011461854678126132,0.005333831550661043,0.9395233381001855,-0.00210737397871329,0.003915901025713957,-3.478386944868427e-07,3.790626036406815e-05,-0.0006905496336837156,0.002062362291960629,0.0,-0.0,0.0,-0.0,0.001409371079946495,0.0
4.390000000000001,-85.0,84.77569475166575,1.0,0.0,0.4835310386616204,0.4825508426117642,0.0012373461849463027,0.001418443846375038,0.9351364188423329,-0.00045640944557319814,0.001836917145221285,-0.001726282775008648,-0.0033280902024690785,-0.07843710431668317,0.017583539867158753,-0.009052654358166797,-0.09763059926725175,0.03926617970061054,-0.008037437448829359,0.011418660727118094,0.00531273864495944,0.9395620489693777,-0.002111104596853035,0.0038249941753653047,-3.7427806489414477e-07,4.095051197368764e-05,-0.0006881750477538272,0.002066042660220072,0.0,-0.0,0.0,-0.0,0.0014184438463750381,2.168404344971009e-19
4.4,-85.0,84.76743860237355,1.0,0.0,0.4835434513727927,0.48256506238863167,0.0012451389746676999,0.0014254687747588097,0.9351547502863208,-0.0004736505817569066,0.0018293205502718608,-0.0017219180733569184,-0.003152288924957412,-0.07852743183863474,0.01757500757784466,-0.009012226504267699,-0.09771083868779647,0.03938015220528916,-0.008009951537002786,0.011374822307299316,0.005291618709764518,0.9395998683407593,-0.0021128003100181064,0.0037377575183115573,-4.0039786090089316e-07,4.396890742612852e-05,-0.0006858314768386434,0.0020677317420322258,0.0,-0.0,0.0,-0.0,0.00142546877475881,4.336808689942018e-19
4.41,-85.0,84.76743822090359,1.0,0.0,0.4835559484893473,0.4825793604780105,0.0012540041656793235,0.0014339217068207839,0.9351730103416794,-0.0004908472456432035,0.0018226072867971194,-0.0017172472410219748,-0.002976546029011728,-0.07861736108877,0.017569955789676864,-0.008973031102355337,-0.09779080470173794,0.03949365610869752,-0.007982702476239847,0.011325718663390806,0.005270473505579502,0.939636834208751,-0.0021159700639931914,0.0036542663174950734,-4.264863183564764e-07,4.699275294349818e-05,-0.0006835081527712461,0.002070863592966888,0.0,-0.0,0.0,-0.0,0.0014339217068207837,-2.168404344971009e-19
4.42,-85.0,84.76743860237309,1.0,0.0,0.4835685310519276,0.48259373973300496,0.0012624188544645765,0.001441823982715068,0.9351912029010109,-0.0005079971134852514,0.0018158175287531736,-0.0017125404615918717,-0.002800873987965934,-0.07870690392989697,0.01756239392599347,-0.008934952142124426,-0.09787049885628078,0.03960669766680047,-0.007955612393056064,0.011281315078767905,0.005249299919052573,0.9396729800287583,-0.0021186008561513638,0.0035738453130424123,-4.5234247064014303e-07,5.0006573059877345e-05,-0.0006811984102241549,0.0020734681623499856,0.0,-0.0,0.0,-0.0,0.0014418239827150678,-2.168404344971009e-19
4.430000000000001,-85.0,84.76743822090313,1.0,0.0,0.4835811943419959,0.48260819439251934,0.001269992798188111,0.0014488506618575928,0.935209329017879,-0.0005251023674913892,0.0018091736700192862,-0.0017083908144906786,-0.0026253263382845543,-0.07879607112600796,0.017545983372038616,-0.008897909435054942,-0.09794992326531914,0.039719308079671375,-0.00792878329695371,0.011240357156733192,0.005228103454029271,0.9397083373872616,-0.002120391523041404,0.0034965804683868007,-4.780133012765336e-07,5.298899151275202e-05,-0.0006789109801794384,0.0020752506638255556,0.0,-0.0,0.0,-0.0,0.0014488506618575926,-2.168404344971009e-19
4.44,-85.0,84.76743860237264,1.0,0.0,0.483593935375239,0.4826227214880454,0.0012782290676426411,0.0014565785090644829,0.9352273893638758,-0.0005421640205495921,0.001802761482387414,-0.001703844803694192,-0.002449916332205336,-0.07888487277100532,0.01753610966129603,-0.008861860244364039,-0.0980290814657557,0.03983149707486286,-0.007902359115460465,0.01119563352927617,0.005206886729951766,0.9397429374205907,-0.002122920493163773,0.0034225161408784803,-5.035274999472731e-07,5.598431829351395e-05,-0.000676658185406235,0.0020777559036771515,0.0,-0.0,0.0,-0.0,0.0014565785090644833,4.336808689942018e-19
4.45,-85.0,84.76743822090268,1.0,0.0,0.48360676137614617,0.48263732860210967,0.0012870587923876652,0.0014649383865571498,0.9352453868546046,-0.0005591824969419016,0.0017965018395813622,-0.0016996261552470293,-0.0022745848028999072,-0.07897331900877216,0.017532529654265876,-0.008826883005310185,-0.09810797694993954,0.03994325618096704,-0.007876262798617974,0.011154549946302201,0.005185641828735988,0.9397768111164746,-0.0021261066683172986,0.003351314851454318,-5.288816715438229e-07,5.8996147169017894e-05,-0.0006744334346371489,0.0020809045556968247,0.0,-0.0,0.0,-0.0,0.0014649383865571498,0.0
4.46,-85.0,84.76081933967686,1.0,0.0,0.483619675093516,0.4826520188178302,0.0012954161474693319,0.0014728206252580761,0.9352633215321184,-0.0005761564669321953,0.001790251791563773,-0.001695108993977384,-0.002099281331229434,-0.07906142121844627,0.017525987319003032,-0.008793043411664756,-0.09818661283198064,0.040054585386582416,-0.007850409470130137,0.011111177007243952,0.005164365473756312,0.9398099876654344,-0.0021288380320555462,0.003283072331173252,-5.540464359895684e-07,6.199587005968518e-05,-0.0006722294628515954,0.002083608264485976,0.0,-0.0,0.0,-0.0,0.0014728206252580761,0.0
4.470000000000001,-85.0,84.7608189582069,1.0,0.0,0.48363266892514545,0.4826667843083918,0.0013032727844656702,0.0014801887445518055,0.9352811938953486,-0.000593087882988845,0.0017841137090891066,-0.001690998309031879,-0.0019240699869892907,-0.07914919001621953,0.01751497339071574,-0.008760215679953002,-0.09826499136405749,0.04016549256201482,-0.007824827514775855,0.011067661012007228,0.005143065212016588,0.9398424954531004,-0.0021310882755117178,0.0032177167128306593,-5.790455584309711e-07,6.497524173217663e-05,-0.0006700486959550803,0.0020858412443331403,0.0,-0.0,0.0,-0.0,0.0014801887445518055,0.0
4.48,-85.0,84.7608193396764,1.0,0.0,0.48364573688019763,0.48268161899890977,0.0013101031214136413,0.0014865174246511902,0.9352990036511339,-0.0006099763492458291,0.0017777046280215425,-0.0016865786004758778,-0.0017489844091932215,-0.07923663513438359,0.017499722828368723,-0.008728309225897722,-0.0983431148499835,0.040275947627564986,-0.00779935803865647,0.011022653162415885,0.005121746871477047,0.9398743632441596,-0.0021323087109329313,0.0031550044933939723,-6.037489890887523e-07,6.793228161781311e-05,-0.0006678775241147386,0.002087066416137205,0.0,-0.0,0.0,-0.0,0.0014865174246511906,4.336808689942018e-19
4.49,-85.0,84.76081895820644,1.0,0.0,0.48365887432034455,0.4826965181963001,0.0013171592378855488,0.0014930782726848178,0.9353167510763966,-0.0006268237190455166,0.001771695162529202,-0.001682627414402332,-0.0015740501969810192,-0.07932376553662346,0.01748434558540722,-0.008697292761537774,-0.09842098503186196,0.0403859857372321,-0.007774243422025741,0.010982564199930165,0.005100414926632402,0.9399056151287657,-0.0021338056380815736,0.0030946335905593456,-6.28378590908468e-07,7.088102354537591e-05,-0.0006657367002653612,0.0020885623279957113,0.0,-0.0,0.0,-0.0,0.0014930782726848175,-2.168404344971009e-19
4.5,-85.0,84.76081933967595,1.0,0.0,0.4836720873146193,0.48271148817803616,0.0013251613704756615,0.0015006286741836405,0.9353344404680941,-0.0006436303857551823,0.0017659690284156618,-0.0016785642485843875,-0.0013992386089322919,-0.07941059014016354,0.017476553219941578,-0.00866718528800428,-0.09849860591190775,0.040495611144478076,-0.007749476326285943,0.010941950314306436,0.005079062661065059,0.9399362757143989,-0.0021363184180856133,0.0030367064620892116,-6.529139962956192e-07,7.3854488967236e-05,-0.0006636256013584432,0.0020910527005711436,0.0,-0.0,0.0,-0.0,0.0015006286741836407,2.168404344971009e-19
4.51,-85.0,84.76081895820599,1.0,0.0,0.4836853751031329,0.4827265283394871,0.0013325831905539082,0.001507580074023768,0.9353520721819253,-0.0006603972740504492,0.0017604408888388496,-0.0016746525480252567,-0.0012245338222634978,-0.07949711810447325,0.017463288262794637,-0.008637961619836052,-0.09857598090030284,0.040604833897994394,-0.007725068963280848,0.010899803486768504,0.005057690405001906,0.9399663686283225,-0.002138279525158679,0.002981260257531689,-6.773377475547614e-07,7.679944341929551e-05,-0.0006615452737941271,0.002093003242146154,0.0,-0.0,0.0,-0.0,0.0015075800740237675,-4.336808689942018e-19
4.5200000000000005,-85.0,84.76081933967549,1.0,0.0,0.4836987356599841,0.48274163642030393,0.001339718112788004,0.0015142325448587069,0.9353696503407845,-0.0006771245573756943,0.0017550474479455648,-0.0016708139673867672,-0.0010499974391524867,-0.07958335781919529,0.017446317487703516,-0.008609532677086189,-0.09865311238335962,0.04071361555371665,-0.0077007826428889745,0.010858006207071254,0.005036299917870254,0.9399959193058424,-0.002139970364459331,0.002928065294323741,-7.016241751703975e-07,7.972007005699485e-05,-0.0006594752765509683,0.002094689375527851,0.0,-0.0,0.0,-0.0,0.001514232544858707,2.168404344971009e-19
4.53,-85.0,84.73595018379146,1.0,0.0,0.483712169038203,0.4827568126519484,0.001347184926148507,0.001521248717424367,0.9353871748905616,-0.0006938127489594219,0.0017497212275029937,-0.0016667705743818465,-0.0008756059126088544,-0.07966931737616015,0.017434488083751285,-0.008581962473647764,-0.09873000245065196,0.04082198464430441,-0.007676781113078245,0.010815280731831946,0.005014890810080378,0.9400249481989958,-0.0021420408749256875,0.0028770445823162807,-7.257551680623805e-07,8.265682022448039e-05,-0.0006574296331431124,0.0020967472855110613,0.0,-0.0,0.0,-0.0,0.0015212487174243669,-2.168404344971009e-19
4.54,-85.0,84.7359498023215,1.0,0.0,0.48372567567156205,0.48277205765488335,0.0013544179379727768,0.0015280278198227248,0.9354046460458673,-0.0007104618296420441,0.00174452165801818,-0.0016630726381770024,-0.0007013349106371212,-0.07975500534747908,0.017420595873288664,-0.008555224214561523,-0.09880665320918804,0.040929920621772524,-0.0076529544479770825,0.010772964587672637,0.004993462313534124,0.9400534779509857,-0.0021439007309600046,0.0028281860978231943,-7.497631719220908e-07,8.557737531493137e-05,-0.0006553989307487382,0.0020985991384284536,0.0,-0.0,0.0,-0.0,0.0015280278198227246,-2.168404344971009e-19
4.55,-85.0,84.735950183791,1.0,0.0,0.4837392527715927,0.48278736591154797,0.0013605743878754846,0.0015334211365846963,0.9354220638489956,-0.0007270725895667518,0.001739070789400363,-0.0016589786207656255,-0.0005272106659679732,-0.07984043002736073,0.01739986920361708,-0.008529306083002137,-0.09888306739347799,0.041037443011615785,-0.007629382023733049,0.010731319379974572,0.004972019630256792,0.94008152801793,-0.00214440955311802,0.002781174777196302,-7.734819800058402e-07,8.845596835013932e-05,-0.00065338996405788,0.002099128614272443,0.0,-0.0,0.0,-0.0,0.0015334211365846963,0.0
4.5600000000000005,-85.0,84.73594980232104,1.0,0.0,0.4837528909486523,0.4828027302902641,0.0013669901955219038,0.0015393704710329826,0.9354394292266384,-0.0007436425769076303,0.0017339660191404548,-0.0016548883816111313,-0.00035329900405254975,-0.079925598808251,0.017380626350288985,-0.00850405177617311,-0.09895924608446433,0.041144543284627584,-0.007605905668493845,0.01068865363974893,0.004950569524270152,0.9401091176838672,-0.0021454975811274115,0.002736116242990632,-7.971652220904102e-07,9.133167069081232e-05,-0.000651389183062954,0.0021002251486272145,0.0,-0.0,0.0,-0.0,0.0015393704710329826,0.0
4.57,-85.0,84.73595018379055,1.0,0.0,0.48376659642434194,0.4828181574121605,0.001374183753361219,0.0015461181864924167,0.9354567446207736,-0.0007601693660552071,0.001729168215196082,-0.0016504609846666124,-0.00017956149185136753,-0.08001051860448517,0.017364801929336864,-0.008479541738631384,-0.09903519011669557,0.041251192566201876,-0.007582416109169043,0.010640840012850684,0.004929105262849033,0.9401362668210219,-0.002147390620248052,0.0026931556582864787,-8.208158783613617e-07,9.42164110463169e-05,-0.0006493872337798589,0.0021021098251043204,0.0,-0.0,0.0,-0.0,0.001546118186492417,2.168404344971009e-19
4.58,-85.0,84.73594980232059,1.0,0.0,0.4837803737478781,0.4828336516264336,0.0013808513887292341,0.0015521041825005038,0.9354740125157587,-0.0007766550734063474,0.0017240243571927994,-0.0016466045509634136,-5.98983397825011e-06,-0.08009519673690672,0.01734804692186243,-0.008455718364001502,-0.09911089942878568,0.0413574102202897,-0.0075590443088266145,0.01060051134426881,0.004907622367369093,0.9401629931568376,-0.002148529013884238,0.0026516677480981385,-8.441294042809518e-07,9.70877501663203e-05,-0.0006473953352372614,0.002103255896975726,0.0,-0.0,0.0,-0.0,0.001552104182500504,2.168404344971009e-19
4.59,-85.0,84.73061494819439,1.0,0.0,0.4837942203871917,0.48284920883281474,0.0013881555313868174,0.0015589997165309803,0.9354912291758399,-0.0007931002421805624,0.0017191642494695542,-0.0016424731412112037,0.0001674502989411798,-0.08017964030167994,0.017337306292738594,-0.0084326532739966,-0.09918637632433266,0.041463228909243435,-0.007535895863343918,0.010562308269997357,0.004886124946076963,0.9401893118702567,-0.0021505885174558435,0.0026116377190273732,-8.674134495430192e-07,9.998586771766531e-05,-0.0006454225287418783,0.0021053037910047363,0.0,-0.0,0.0,-0.0,0.0015589997165309803,0.0
4.6000000000000005,-85.0,84.73061532966389,1.0,0.0,0.48380812992354605,0.48286482452354534,0.0013942265914580051,0.0015646225789015154,0.935508396091557,-0.0008095054168767451,0.0017142385685999482,-0.0016384532335953917,0.00034070782960752324,-0.08026385647922578,0.01731703760836787,-0.008410228796240347,-0.09926162237470253,0.04156865300812491,-0.007512906338513076,0.010521964845354718,0.004864617090711363,0.940215239811244,-0.0021514261821681574,0.0025734359065933384,-8.904917969990936e-07,0.00010282068171294564,-0.0006434632935483259,0.002106155682533895,0.0,-0.0,0.0,-0.0,0.0015646225789015156,2.168404344971009e-19
4.61,-85.0,84.73061494819393,1.0,0.0,0.4838221052303017,0.48288049869217087,0.0014006880753943771,0.0015702673438571589,0.9355255148584986,-0.0008258696710617363,0.0017094556891466169,-0.0016343251448847848,0.0005137760042357497,-0.08034785156475754,0.01729634733673839,-0.00838844010164098,-0.0993366400250943,0.041673657884854665,-0.0074900906845452335,0.0104771395017314,0.004843098459214247,0.9402407942805013,-0.002152314133218112,0.0025370570471760856,-9.134720666810677e-07,0.00010564283304012073,-0.0006415189106452106,0.0021070568935289296,0.0,-0.0,0.0,-0.0,0.0015702673438571586,-2.168404344971009e-19
4.62,-85.0,84.73061532966344,1.0,0.0,0.4838361406355778,0.4828962276698568,0.0014066048982636977,0.001575744524206563,0.9355425857829607,-0.0008421933307640804,0.001704640496420599,-0.0016303185709673055,0.0006866281240168733,-0.08043163150813677,0.017275810038120235,-0.008367229156748122,-0.09941142865501523,0.041778228374244976,-0.007467197073594508,0.010436353280935479,0.00482157258686795,0.9402659916477313,-0.0021530336841004347,0.0025019570057123047,-9.362607346440911e-07,0.0001084552665862906,-0.0006395678091348728,0.002107793327489789,0.0,-0.0,0.0,-0.0,0.0015757445242065627,-2.168404344971009e-19
4.63,-85.0,84.73061494819348,1.0,0.0,0.48385023930196486,0.4829120156316015,0.0014133054896715849,0.001582027896742593,0.9355596101468252,-0.0008584766805168507,0.0017001285651449532,-0.0016263339493405309,0.0008592955907028574,-0.08051520242728036,0.017259112852556522,-0.008346632944122242,-0.09948598876822676,0.041882383130799894,-0.0074443843388087285,0.010395246824500255,0.0048000352619650775,0.9402908456381034,-0.00215456866687478,0.0024683384094479825,-9.59050541440123e-07,0.00011128238290643536,-0.0006376235955609042,0.002109328159938502,0.0,-0.0,0.0,-0.0,0.001582027896742593,0.0
4.640000000000001,-85.0,84.73061532966298,1.0,0.0,0.48386440657136703,0.4829278681167344,0.0014197186070626347,0.0015880276644854349,0.9355765898006121,-0.0008747213907262842,0.0016955382328145497,-0.0016224380622011326,0.0010318098549991408,-0.08059857051053411,0.017241996869019692,-0.008326679429878572,-0.09956032158474955,0.04198614402835614,-0.007421735153739902,0.010355822500243172,0.00477848083864189,0.9403153696335159,-0.002155839140204128,0.0024360464628100246,-9.816388629392937e-07,0.00011409850030082001,-0.0006356933548539232,0.0021106041579014773,0.0,-0.0,0.0,-0.0,0.0015880276644854349,0.0
4.65,-85.0,84.73061494819302,1.0,0.0,0.4838786322340199,0.4829437747818666,0.0014257835369397447,0.001593677355653938,0.9355935219152499,-0.0008909283862747985,0.0016909288038821995,-0.0016188531041048484,0.001204130994864118,-0.08068174159236925,0.017223577993775975,-0.008307227757849901,-0.09963442831887125,0.04208949631798171,-0.0073991914962487195,0.010314547926173754,0.004756919424579604,0.9403395785165977,-0.002156779218701666,0.002405280877647827,-1.0040517746873444e-06,0.00011689673458819779,-0.0006337721110330212,0.0021115567838734485,0.0,-0.0,0.0,-0.0,0.0015936773556539377,-4.336808689942018e-19
4.66,-85.0,84.73061532966253,1.0,0.0,0.48389291925932354,0.4829597385567671,0.0014317181000246223,0.001599175076703741,0.935610410657291,-0.0009070978344172109,0.001686690209913574,-0.0016150218145421099,0.0013762435586419973,-0.08076472077162129,0.017199935009268558,-0.00828830131336697,-0.09970831011931897,0.04219242660831361,-0.007376701409600174,0.010271876235117609,0.0047353477174888236,0.9403634861722646,-0.0021576157559365853,0.0023758189143355847,-1.026523651383769e-06,0.00011964888602493776,-0.0006318554160234206,0.0021124081303536078,0.0,-0.0,0.0,-0.0,0.001599175076703741,0.0
4.67,-85.0,84.705477619091,1.0,0.0,0.48390726460620204,0.4829757563132753,0.001437393196894862,0.0016044243295949008,0.9356272564522476,-0.0009232279594170081,0.0016822230572842347,-0.001611010357192661,0.0015481223299060741,-0.08084751297572453,0.017177854055301804,-0.00826985686929015,-0.09978196681112561,0.04229492031724281,-0.007354155273524449,0.010227961161574543,0.004713768639061624,0.9403871056033014,-0.0021581939875357794,0.0023476131589629315,-1.0486938507692903e-06,0.0001224002391717555,-0.0006299338782760023,0.0021130066625499166,0.0,-0.0,0.0,-0.0,0.0016044243295949005,-2.168404344971009e-19
4.680000000000001,-85.0,84.70547723762104,1.0,0.0,0.4839216693761618,0.48299182947797215,0.0014434124444038664,0.001610048355419862,0.9356440563419148,-0.0009393194122681652,0.0016776711447246842,-0.0016071280204365032,0.0017198263459850549,-0.0809301235459328,0.017161172663762374,-0.008252001133626313,-0.09985539814359337,0.042397001500356996,-0.007331656954623769,0.010187772489895278,0.004692181077983976,0.9404104475888333,-0.0021591292155676346,0.0023204084971563746,-1.0706529014179999e-06,0.00012518060377947405,-0.0006280163951564,0.0021139547996982056,0.0,-0.0,0.0,-0.0,0.0016100483554198617,-2.168404344971009e-19
4.69,-85.0,84.70547761909054,1.0,0.0,0.4839361368816158,0.48300796152470643,0.0014499631378369663,0.0016162214993669505,0.9356608115801176,-0.0009553726884843583,0.001673362010556801,-0.0016035486027895945,0.0018913795599334049,-0.08101255844336255,0.017147233363579605,-0.008234720596071726,-0.09992860495874248,0.042498694520857756,-0.007309294474329832,0.010150582077965114,0.004670581507224882,0.9404335225438645,-0.002160624444115817,0.0022942495097804678,-1.0926145756281816e-06,0.00012797329750828884,-0.0006261105087515899,0.00211545132518588,0.0,-0.0,0.0,-0.0,0.0016162214993669507,2.168404344971009e-19
4.7,-85.0,84.70547723762058,1.0,0.0,0.48395066314135304,0.4830241483246345,0.001455746496650179,0.0016216007443528478,0.9356775236473021,-0.0009713895888735788,0.0016691177296836092,-0.0015997499688558113,0.0020627408311768964,-0.08109482304913646,0.017126818459103084,-0.008217928747640641,-0.10000158881206019,0.04259998676548633,-0.007287035804852877,0.010108190056313216,0.0046489736114444956,0.9404563429710598,-0.0021613762017207478,0.002269448117829416,-1.1144650125454083e-06,0.00013070866545315056,-0.0006242134734706856,0.002116220017382928,0.0,-0.0,0.0,-0.0,0.0016216007443528473,-4.336808689942018e-19
4.71,-85.0,84.70547761909009,1.0,0.0,0.4839652511009734,0.4830403933937523,0.0014613088205602091,0.001626839010708404,0.9356941956740592,-0.0009873704759754292,0.0016651244165479685,-0.0015962796074090865,0.0022339094206288474,-0.08117692207040626,0.017102844570691986,-0.00820161954682247,-0.10007435064315649,0.04270088753584508,-0.00726490766718971,0.010071667917812648,0.004627353613481943,0.9404789190697053,-0.0021620339457284624,0.0022454216111320873,-1.1363341542241893e-06,0.00013340617665213818,-0.0006223275808725265,0.0021168967490830166,0.0,-0.0,0.0,-0.0,0.001626839010708404,0.0
4.720000000000001,-85.0,84.70547723762013,1.0,0.0,0.4839798908818654,0.4830566864446931,0.0014668219709074433,0.0016319466578300103,0.9357108266112734,-0.0010033154075807529,0.001661002907392005,-0.0015925364383253904,0.002404822611224027,-0.08125885986349665,0.017080712331656856,-0.008185688802935619,-0.10014689172557156,0.04280139457051454,-0.007242876801726957,0.010029415571937204,0.0046057313026547225,0.9405012612473491,-0.0021625640539798775,0.0022226721563119523,-1.157959925701751e-06,0.00013610601959255454,-0.0006204499759339048,0.002117448574097062,0.0,-0.0,0.0,-0.0,0.00163194665783001,-2.168404344971009e-19
4.73,-85.0,84.70547761908963,1.0,0.0,0.4839945849022434,0.4830730297101752,0.0014719376598182577,0.001636652091764604,0.9357274157780494,-0.0010192229039211263,0.0016568108429404827,-0.0015889318946438365,0.002575517510232538,-0.08134064039817185,0.017056908637526843,-0.008170163222543247,-0.10021921232078307,0.04290148964998843,-0.007220825252353864,0.009990721653059252,0.004584104555933744,0.9405233799997794,-0.002162706458975841,0.002200688217488354,-1.1793833160818627e-06,0.00013878118537737785,-0.000618570555547745,0.0021176208452510534,0.0,-0.0,0.0,-0.0,0.0016366520917646043,2.168404344971009e-19
4.74,-85.0,84.69823694220952,1.0,0.0,0.484009336120255,0.48308942631464147,0.0014781988950089678,0.001642546801349589,0.9357439641448823,-0.001035095372382106,0.0016528619232967468,-0.0015853331408390524,0.002746021747706306,-0.08142226768382095,0.017041489880863032,-0.008155065012281316,-0.10029131372790702,0.043001225627063246,-0.007199033419245426,0.00995393744229385,0.0045624701930037995,0.940545281873956,-0.0021640263697589356,0.0021794996643099084,-1.2008333102809618e-06,0.00014151482222022097,-0.000616713342210291,0.00211894615464994,0.0,-0.0,0.0,-0.0,0.001642546801349589,0.0
4.75,-85.0,84.69823732367902,1.0,0.0,0.4840241439856558,0.4831058757186241,0.001483531350729778,0.0016474892939797217,0.9357604725695138,-0.0010509314181233566,0.0016488115439215393,-0.0015818706791923822,0.0029163292335896342,-0.08150374607917804,0.017020278824864295,-0.008140388074608316,-0.10036319746575616,0.04310057942876464,-0.0071773148551002005,0.009917487771401398,0.004540828483663002,0.9405669770939238,-0.002164438598271279,0.0021592197150458797,-1.222064511091874e-06,0.0001441909492602616,-0.0006148623640877906,0.0021193827733183425,0.0,-0.0,0.0,-0.0,0.0016474892939797215,-2.168404344971009e-19
4.76,-85.0,84.69823694220906,1.0,0.0,0.4840390051154108,0.48312237439708855,0.0014885751149842428,0.0016521286339006651,0.9357769428041862,-0.0010667329348056,0.0016449831902585923,-0.0015783868406762634,0.003086401929498363,-0.0815850797209977,0.016995230935784363,-0.008126103709341241,-0.10043486517502676,0.04319957020111417,-0.0071558107672687315,0.009880794759123596,0.004519182449345319,0.9405884736454665,-0.0021646050049874714,0.0021397986520222995,-1.2433117030253263e-06,0.00014682291600216722,-0.0006130297164217748,0.0021195787460232983,0.0,-0.0,0.0,-0.0,0.0016521286339006654,2.168404344971009e-19
4.7700000000000005,-85.0,84.69823732367857,1.0,0.0,0.48405392192003527,0.48313892493194066,0.0014942011198505942,0.0016573739263037839,0.9357933753065515,-0.001082500283448407,0.0016413263139169114,-0.0015749846149090822,0.0032562679324097225,-0.08166627243019017,0.01697438440513423,-0.008112210602541291,-0.10050631884559805,0.04329820275270934,-0.007134528688724547,0.009845603961197349,0.004497529413986442,0.9406097796501274,-0.0021653838131228884,0.0021211200575099462,-1.2645499228323828e-06,0.00014948007186187015,-0.0006112160468418463,0.0021203744512065924,0.0,-0.0,0.0,-0.0,0.0016573739263037839,0.0
4.78,-85.0,84.69823694220861,1.0,0.0,0.4840688936127409,0.48315552661042777,0.0015003524197018784,0.0016631786371867651,0.9358097702450562,-0.0010982342400878513,0.0016376585193506208,-0.0015716422004640614,0.0034259340418023834,-0.08174732800589618,0.01695982284456919,-0.008098716608015005,-0.10057756078773059,0.0433964838099359,-0.007113494590255247,0.009809568155160403,0.004475869862558477,0.940630902845973,-0.0021667082354154227,0.002103302569610313,-1.285644662214077e-06,0.00015218334699889697,-0.0006094235806273673,0.0021217045154774497,0.0,-0.0,0.0,-0.0,0.0016631786371867653,2.168404344971009e-19
4.79,-85.0,84.69823732367811,1.0,0.0,0.484083923899711,0.48317218254727856,0.0015057279538860685,0.0016677971827833542,0.9358261283974274,-0.0011139358073445783,0.0016337189725417378,-0.001568466605020269,0.0035954311173454646,-0.0818282507981875,0.01694003506656738,-0.008085642009274264,-0.10064859300602934,0.04349437430222612,-0.00709260940386674,0.00977091954545609,0.004454200626948752,0.9406518541858345,-0.0021668904740133753,0.0020864960844632066,-1.3063914249244246e-06,0.00015483120406984912,-0.0006076438330463614,0.0021219162031847908,0.0,-0.0,0.0,-0.0,0.001667797182783354,-2.168404344971009e-19
4.8,-85.0,84.69823694220815,1.0,0.0,0.4840990049760384,0.48318888235977947,0.0015107705668315043,0.0016724535227360558,0.93584244856506,-0.0011296035047282402,0.0016302730685401748,-0.0015649735701715652,0.0037646996799817084,-0.08190904477833152,0.016915369118990276,-0.008072953355348715,-0.10071941685058183,0.04359190008319117,-0.0070717523318484165,0.009733439795152907,0.004432531543969407,0.940672638780548,-0.0021671708985805133,0.0020702224322927862,-1.3273932808195274e-06,0.00015742328024107653,-0.0006058664491908343,0.002122224084966633,0.0,-0.0,0.0,-0.0,0.0016724535227360556,-2.168404344971009e-19
4.8100000000000005,-85.0,84.6919636725546,1.0,0.0,0.4841141400167123,0.48320563245646053,0.0015162807176669745,0.0016775933982254563,0.9358587342379491,-0.0011452379397406485,0.0016270094780053877,-0.0015618255224617416,0.003933756721870508,-0.08198971349566954,0.016893411785194427,-0.008060594188204607,-0.10079003285884268,0.04368907272914145,-0.007051080423120596,0.009700248094762012,0.0044108560698044655,0.9406932631391224,-0.0021679469669840267,0.0020544596453372114,-1.3484163503574453e-06,0.00016002930277776766,-0.0006041048882989866,0.0021230174000970324,0.0,-0.0,0.0,-0.0,0.0016775933982254559,-4.336808689942018e-19
4.82,-85.0,84.69196405402411,1.0,0.0,0.48412932963622457,0.4832224334220008,0.0015216744255691747,0.0016826276674268158,0.9358749881052831,-0.001160841195507252,0.001623706896822724,-0.0015586309843052485,0.00410258877967009,-0.08207026015594017,0.01687287648498843,-0.008048555967523055,-0.10086044374424785,0.04378591249446671,-0.007030717922195725,0.009666639585977266,0.004389173130080702,0.9407137333004555,-0.002168639244025194,0.0020393828410591383,-1.3692802129069467e-06,0.00016263800634596726,-0.0006023697963758609,0.0021237287376696164,0.0,-0.0,0.0,-0.0,0.0016826276674268158,0.0
4.83,-85.0,84.69196367255415,1.0,0.0,0.4841445698163491,0.48323928177933567,0.0015263641309178333,0.0016869992757563125,0.9358912101822378,-0.0011764124878317316,0.0016205334002046903,-0.0015554735930648283,0.004271177445913449,-0.0821506879304205,0.01684596586364694,-0.008036801916697953,-0.10093065187969805,0.04388240654987583,-0.007010524184839588,0.009629486715627411,0.004367485771533945,0.9407340565187138,-0.002168744397226034,0.0020251902836604238,-1.3901249476995666e-06,0.00016517335295113036,-0.0006006491224113818,0.0021238651701642633,0.0,-0.0,0.0,-0.0,0.0016869992757563123,-2.168404344971009e-19
4.84,-85.0,84.69196405402366,1.0,0.0,0.48415985830330815,0.4832561748198687,0.0015312764561798361,0.0016915450867928709,0.9359073994982864,-0.0011919515695310312,0.001617281482197894,-0.001552304275032807,0.0044395256833466585,-0.08223099955169291,0.016822794069277155,-0.008025339084045022,-0.10100065851055881,0.04397852290149428,-0.006990417130919535,0.009594054335488874,0.004345796560792109,0.940754241050359,-0.0021690098285020265,0.0020114941519043007,-1.4107757922007089e-06,0.00016773308369607222,-0.0005989358327591204,0.00212415861164812,0.0,-0.0,0.0,-0.0,0.0016915450867928709,0.0
4.8500000000000005,-85.0,84.6919636725537,1.0,0.0,0.48417519826824873,0.4832731161958238,0.0015365482698812085,0.0016965506267837534,0.9359235586093955,-0.0012074590006869957,0.0016144794183379438,-0.0015490966965581105,0.004607641779816736,-0.08231119795841138,0.016798674832864322,-0.008014155628113296,-0.10107046504275038,0.044074287403491286,-0.006970500016118898,0.009557222445898154,0.00432410160940035,0.9407742914233321,-0.0021697830358533227,0.0019984779476402642,-1.4316991356274434e-06,0.00017027170749410616,-0.0005972387769881136,0.0021249493954133883,0.0,-0.0,0.0,-0.0,0.0016965506267837534,0.0
4.86,-85.0,84.6919640540232,1.0,0.0,0.48419059036911477,0.48329010652878823,0.0015418141063097035,0.0017010938088115064,0.9359396882782972,-0.0012229349226572604,0.001611051804835529,-0.0015459755765593363,0.0047755293180972175,-0.08239128596290138,0.016779291320168036,-0.00800327578569292,-0.1011400729467961,0.04416969393966792,-0.006950807077510754,0.009523527653814229,0.0043024000757938725,0.940794213992767,-0.0021700651198873384,0.0019858652124086574,-1.4519459728887547e-06,0.0001728473727395527,-0.0005955608896891263,0.0021252592717339687,0.0,-0.0,0.0,-0.0,0.0017010938088115064,0.0
4.87,-85.0,84.69196367255324,1.0,0.0,0.4842060315478701,0.48330713869982816,0.0015464716795300358,0.0017053928141977403,0.9359557839078908,-0.0012383804621554015,0.0016079474885744402,-0.0015430368086122317,0.004943198997472015,-0.08247126672369122,0.016755645600350668,-0.007992706000642943,-0.10120948504451942,0.04426477776382443,-0.006931267939432958,0.009491082288219894,0.004280698987410159,0.9408140123767738,-0.002170167157774224,0.001973753182798157,-1.472359766120957e-06,0.00017536844994583416,-0.000593896137231528,0.002125392861249555,0.0,-0.0,0.0,-0.0,0.00170539281419774,-2.168404344971009e-19
4.88,-85.0,84.69196405402275,1.0,0.0,0.4842215156705061,0.483324210198738,0.0015507566909405287,0.001709321666837078,0.9359718475073396,-0.0012537962625996948,0.0016047405193717864,-0.0015400908682115693,0.005110622115354696,-0.08255114300469438,0.016731830923153678,-0.007982379384293062,-0.10127870270261392,0.044359520842884345,-0.006911904465033869,0.009454070721767939,0.004259000366444892,0.940833693157847,-0.002169920249657898,0.0019624697010382094,-1.4925544928815593e-06,0.00017787588035153364,-0.0005922463922145875,0.0021251847331930133,0.0,-0.0,0.0,-0.0,0.001709321666837078,0.0
4.890000000000001,-85.0,84.69196367255279,1.0,0.0,0.484237049932009,0.48334132849386335,0.001556090441552167,0.001714318397726398,0.9359878808381689,-0.0012691828973223753,0.0016020372219666865,-0.0015372449663446923,0.005277851356480313,-0.082630917518217,0.01671166148098801,-0.007972360581436432,-0.1013477272096043,0.044453896237143374,-0.006892650736801584,0.009421991591693605,0.004237296931430713,0.9408532635525,-0.0021707446366018303,0.0019513869494521179,-1.5131058885722723e-06,0.0001804116450560309,-0.0005906060113405492,0.002126025869899489,0.0,-0.0,0.0,-0.0,0.0017143183977263985,4.336808689942018e-19
4.9,-85.0,84.68364343634653,1.0,0.0,0.4842526375930029,0.48335849678982123,0.0015614758687342246,0.0017193774307447207,0.9360038884102028,-0.0012845421198294372,0.0015993578917120263,-0.0015344658848816457,0.005444869472541626,-0.08271059305606206,0.01669294018926896,-0.007962602727059492,-0.10141656079674242,0.04454796557877614,-0.006873735099215129,0.00939027931695297,0.004215584922399054,0.9408727248329005,-0.002171656114127055,0.0019407916380955051,-1.5335734188406054e-06,0.00018295318302713316,-0.0005889945633893315,0.00212695238452576,0.0,-0.0,0.0,-0.0,0.001719377430744721,2.168404344971009e-19
4.91,-85.0,84.68364305487657,1.0,0.0,0.48426827114022897,0.48337570754355125,0.0015653544088978172,0.001722895193883282,0.9360198676033471,-0.0012998731505858374,0.0015964382452386175,-0.0015315850493000313,0.005611660797222315,-0.08279017242290802,0.016666065056072786,-0.007953108979180697,-0.10148520629079477,0.04464171898255306,-0.006855027175807262,0.009358708828198984,0.004193871514238713,0.9408920823092449,-0.002171114347837386,0.0019306256759562797,-1.553698915232122e-06,0.00018539415144637247,-0.0005874008733627983,0.0021264556147149397,0.0,-0.0,0.0,-0.0,0.0017228951938832817,-2.168404344971009e-19
4.92,-85.0,84.68364343634607,1.0,0.0,0.4842839505036101,0.48339296073463267,0.001570288539784594,0.0017275006846874422,0.9360358191153096,-0.0013151750796585129,0.0015938101131801456,-0.0015286578046173416,0.0057782297520003615,-0.08286965792511178,0.01664555126019336,-0.007943837342629136,-0.10155366596139753,0.04473515274868511,-0.0068365524560247476,0.009326016811029157,0.004172156467567563,0.9409113404944601,-0.0021716430542391,0.0019209665801788389,-1.573998018251984e-06,0.0001878944720813744,-0.0005858271262496944,0.002127007336874014,0.0,-0.0,0.0,-0.0,0.001727500684687442,-2.168404344971009e-19
4.930000000000001,-85.0,84.68364305487611,1.0,0.0,0.4842996705555797,0.48341025105680563,0.001573411151577027,0.0017302414670039214,0.9360517440210286,-0.00133044812816371,0.0015910617597017858,-0.001525865567744472,0.005944532867271207,-0.08294905175080935,0.016613078292763896,-0.007934769088362595,-0.1016219415445047,0.04482826389703923,-0.006818225571132859,0.009294116475716535,0.004150444429126056,0.9409305039949964,-0.0021704316873966023,0.0019117112908386205,-1.5940648877819051e-06,0.00019024676794564003,-0.0005842660046780471,0.0021258547686241105,0.0,-0.0,0.0,-0.0,0.0017302414670039216,2.168404344971009e-19
4.94,-85.0,84.68364343634562,1.0,0.0,0.484315426322409,0.48342757345028436,0.001577828036914911,0.0017343119402635073,0.9360676418375464,-0.0013456922729837395,0.001588619837468144,-0.0015229000194109856,0.0061105468228551,-0.08302835559328177,0.016587918009028632,-0.007925846292439264,-0.10169003460853866,0.044921046037872656,-0.006800044573670722,0.00926133242130536,0.00412874001999701,0.9409495772683875,-0.0021705197599300673,0.0019028615712210627,-1.6143248947682818e-06,0.00019266865272920722,-0.0005827173394979582,0.0021259749519270264,0.0,-0.0,0.0,-0.0,0.0017343119402635071,-2.168404344971009e-19
4.95,-85.0,84.68364305487566,1.0,0.0,0.4843312267700865,0.48344493705540925,0.0015824303394231744,0.0017385751063886386,0.9360835159912494,-0.0013609059168231,0.0015862480765341266,-0.0015197508192891212,0.006276306140717064,-0.08310757131178399,0.016563881343117582,-0.007917165141163706,-0.10175794624176794,0.04501348955543248,-0.006781915800749108,0.009226975329785878,0.004107034081670823,0.9409685645605099,-0.002170808134616673,0.0018944862825787069,-1.6345526104032548e-06,0.00019509139918058352,-0.0005811731102075772,0.0021262913700260356,0.0,-0.0,0.0,-0.0,0.0017385751063886388,2.168404344971009e-19
4.96,-85.0,84.68364343634516,1.0,0.0,0.4843470685999703,0.4834623379877823,0.0015860477157481222,0.0017416822762896785,0.9360993650573858,-0.0013760889309964088,0.0015834490903994765,-0.0015167385457405729,0.006441803497066263,-0.08318670121938077,0.016536794404491743,-0.00790867605732987,-0.10182567680188463,0.04510559618551632,-0.006763842121314488,0.009192594677789684,0.004085330335400137,0.9409874698187861,-0.0021699700508730287,0.001886532198681081,-1.6542305844493024e-06,0.00019746561669296248,-0.0005796335605923965,0.002125504450773562,0.0,-0.0,0.0,-0.0,0.0017416822762896787,2.168404344971009e-19
4.970000000000001,-85.0,84.6836430548752,1.0,0.0,0.48436294833864313,0.4834797686906853,0.0015898494124659166,0.0017446368781418693,0.936115182860151,-0.001391242281726976,0.0015803399090718409,-0.001513762568449786,0.006607065035965707,-0.08326574740335012,0.01651330844281456,-0.007900436659434046,-0.10189322754931661,0.04519736116834079,-0.006745896310997784,0.009159327020207294,0.004063636586403316,0.9410062972739904,-0.0021689553247794605,0.0018788677757590072,-1.6734683316414455e-06,0.0001998707771838259,-0.0005781049228516404,0.0021245444921413254,0.0,-0.0,0.0,-0.0,0.0017446368781418695,2.168404344971009e-19
4.98,-85.0,84.6407090186201,1.0,0.0,0.48437886643865036,0.48349723295691793,0.00159374268699369,0.0017481886176766864,0.9361309747279445,-0.0014063663380992923,0.0015778938609363577,-0.0015108797691461098,0.006772063572842837,-0.08334471223396869,0.016486882483841572,-0.007892397238892648,-0.10196059838006709,0.04528878903959749,-0.006727912438618138,0.009125930312285526,0.004041948509688507,0.9410250502162921,-0.0021685964147130183,0.001871588050448601,-1.693293527088221e-06,0.00020222796973266692,-0.000576572979938636,0.002124226921409744,0.0,-0.0,0.0,-0.0,0.0017481886176766866,2.168404344971009e-19
4.99,-85.0,84.6407094000896,1.0,0.0,0.48439482491092045,0.4835147342199825,0.0015976425189823027,0.001751741669435132,0.936146742770714,-0.0014214611660116766,0.0015756321648934157,-0.0015079865596461458,0.006936804402996334,-0.08342359775139739,0.01645894883439892,-0.00788458443653245,-0.1020277897041955,0.04537988243134172,-0.006709983901021197,0.00909242114322841,0.004020262499882885,0.9410437320387733,-0.002168275875264626,0.0018646712351996523,-1.7132147097115486e-06,0.00020455366705569112,-0.0005750457378404633,0.0021239469549296157,0.0,-0.0,0.0,-0.0,0.0017517416694351321,2.168404344971009e-19
5.0,-85.0,84.64070901861965,1.0,0.0,0.4844108261284241,0.48353227421054434,0.0016022439368478364,0.0017558730972339401,0.936162487522096,-0.0014365260411426098,0.0015731982011025342,-0.0015049263452591147,0.007101299040905344,-0.08350240624412901,0.01643742805114291,-0.007876995187208264,-0.10209480171806891,0.0454706318346709,-0.006692041486575105,0.009058599413311011,0.003998576794176706,0.941062346725518,-0.0021684750904182658,0.0018580749657608057,-1.7328486311032765e-06,0.0002069470638419063,-0.0005735172662024002,0.002124176148225537,0.0,-0.0,0.0,-0.0,0.00175587309723394,-2.168404344971009e-19
5.010000000000001,-85.0,84.64070940008915,1.0,0.0,0.4844268673661684,0.483549850072031,0.0016057430713986801,0.0017590219282990402,0.9361782073118378,-0.0014515600163783255,0.001570773741787457,-0.0015019131878873952,0.0072655410630650145,-0.08358113991384228,0.01640790894524814,-0.007869603526411736,-0.10216163371231185,0.045561041761932236,-0.006673997749383597,0.009024360854518935,0.00397689416871539,0.9410808970665834,-0.002167777591589799,0.001851840863955377,-1.7523900599401968e-06,0.00020922742173109992,-0.0005719800689674204,0.002123526965595301,0.0,-0.0,0.0,-0.0,0.0017590219282990402,0.0
5.0200000000000005,-85.0,84.64070901861919,1.0,0.0,0.4844429434563531,0.48356745729296574,0.00160950655257693,0.001762449852930809,0.9361939028058378,-0.0014665645479921801,0.001568310541998493,-0.0014988602254992409,0.007429488909580489,-0.08365980020578259,0.0163812919003008,-0.00786233523138213,-0.10222828533103619,0.04565112307200593,-0.006655974308709083,0.008990295975058222,0.003955218588094394,0.941099385723084,-0.002167342908076376,0.0018458718537340706,-1.7717793862399093e-06,0.0002115309645215665,-0.0005704445666594731,0.002123135234454955,0.0,-0.0,0.0,-0.0,0.0017624498529308086,-4.336808689942018e-19
5.03,-85.0,84.6407094000887,1.0,0.0,0.48445905746448303,0.48358509969859037,0.0016134571475424388,0.0017661452904816858,0.9362095742127544,-0.0014815384608126657,0.0015660065550302045,-0.0014958307601782841,0.007593170594573933,-0.08373838863271216,0.01635482462712735,-0.007855224141718747,-0.1022947564708584,0.04574085274678454,-0.006637895956126233,0.008956200055550489,0.003933546386286687,0.9411178168657597,-0.002167187664198797,0.0018402066174416161,-1.7912453878350359e-06,0.00021382359094388863,-0.0005689043156622861,0.0021230172605879185,0.0,-0.0,0.0,-0.0,0.001766145290481686,2.168404344971009e-19
5.04,-85.0,84.64070901861874,1.0,0.0,0.48447521131231225,0.4836027788373803,0.001616989221331458,0.0017693406329291343,0.9362252215758559,-0.001496483508431631,0.0015634763064213903,-0.0014931461819033378,0.007756599628078016,-0.0838169067892659,0.01632744940830285,-0.007848298035141785,-0.1023610468007863,0.04583024492970312,-0.006619812643826764,0.008922694801242909,0.003911876064398416,0.9411361929146568,-0.002166546172640308,0.0018348800025060454,-1.8103504470050178e-06,0.0002160916142925003,-0.0005673635978160886,0.002122422966899728,0.0,-0.0,0.0,-0.0,0.0017693406329291346,2.168404344971009e-19
5.05,-85.0,84.63952226629917,1.0,0.0,0.4844913989610063,0.483620488359949,0.001620529139228304,0.0017725432261502866,0.9362408442123715,-0.0015114018275382344,0.0015611002420195018,-0.00149043349048322,0.007919742171047328,-0.08389535645551802,0.016299552732281453,-0.007841518942488407,-0.10242715700445776,0.04591932985844136,-0.006601893260678847,0.008893681676044223,0.003890213459286473,0.9411545151378412,-0.002165947267160614,0.001829500689185255,-1.8295264628163016e-06,0.00021833924769569968,-0.0005658368848284215,0.0021218703897458247,0.0,-0.0,0.0,-0.0,0.0017725432261502866,0.0
5.0600000000000005,-85.0,84.63952264776867,1.0,0.0,0.48450762165901395,0.4836382296228392,0.0016238081602616234,0.0017754967386028634,0.9362564419477512,-0.0015262920974178195,0.0015583937242969641,-0.0014875340810974083,0.008082617175915168,-0.08397373908305221,0.01627370747331612,-0.007834888966412974,-0.10249308842498016,0.04600810124341066,-0.0065840275181817875,0.008860024047518757,0.0038685571918039164,0.9411727861442489,-0.002165083384671282,0.0018246353314504112,-1.8482079100349717e-06,0.00022060144699853686,-0.0005643147252716697,0.0021210582247860313,0.0,-0.0,0.0,-0.0,0.0017754967386028634,0.0
5.07,-85.0,84.63952226629871,1.0,0.0,0.4845238774360005,0.48365600068582515,0.0016274381958752229,0.0017788054666801102,0.936272013669787,-0.001541153186920515,0.0015559341850098492,-0.0014845642013597783,0.008245227771722085,-0.08405205602254084,0.01624858151387016,-0.007828397535357976,-0.10255884131727866,0.046096546785152,-0.006566194817114139,0.008827785295309512,0.0038469091354874376,0.9411910088748283,-0.0021645878311697454,0.0018198952393185261,-1.8670744104025073e-06,0.0002228610001226552,-0.0005627953526631071,0.0021206068936309645,0.0,-0.0,0.0,-0.0,0.00177880546668011,-2.168404344971009e-19
5.08,-85.0,84.63952264776822,1.0,0.0,0.4845401678494422,0.48367380309537306,0.0016308149055715578,0.001781845709755578,0.936287561366115,-0.0015559845845256053,0.001553634510565545,-0.0014815982280514406,0.008407569395360717,-0.08413030885028958,0.016219979887742604,-0.007822061523454174,-0.10262441582395448,0.04618467003928942,-0.0065483570717861615,0.008794912217505084,0.0038252675041641026,0.9412091853951934,-0.002163879649207234,0.0018154388735275345,-1.8860301148012614e-06,0.00022505998855609302,-0.0005612755036971041,0.0021199472550113905,0.0,-0.0,0.0,-0.0,0.0017818457097555783,2.168404344971009e-19
5.09,-85.0,84.63952226629826,1.0,0.0,0.4845564935704577,0.4836916374700824,0.0016343461003907034,0.001785046088552908,0.9363030867437376,-0.0015707868530674869,0.001551338670715612,-0.0014787483174698165,0.008569628882341366,-0.08420849899154792,0.016192362676609312,-0.00781585946783081,-0.10268981187171616,0.04627246708650735,-0.006530494429032129,0.008763601140272307,0.003803631351999797,0.9412273184571817,-0.002163332418455894,0.0018111369280088894,-1.9048885034240853e-06,0.0002272591524005973,-0.0005597534771598056,0.0021194453018155406,0.0,-0.0,0.0,-0.0,0.0017850460885529083,2.168404344971009e-19
5.1000000000000005,-85.0,84.63952264776776,1.0,0.0,0.4845728528625155,0.48370950215060016,0.0016374166186666958,0.0017877854508452826,0.936318587424387,-0.001585560386838006,0.0015487811407301313,-0.0014758909133887215,0.008731419585474093,-0.08428662763773814,0.01616433224152208,-0.007809761717746376,-0.10275502931948223,0.046359955712541756,-0.006512641792142122,0.008732782863824257,0.0037820024451563163,0.9412454091521617,-0.0021623343714691763,0.0018070045514700997,-1.923321991773469e-06,0.00022943936490260844,-0.0005582322636509463,0.002118501671585394,0.0,-0.0,0.0,-0.0,0.0017877854508452828,2.168404344971009e-19
5.11,-85.0,84.6395222662978,1.0,0.0,0.4845892420226497,0.4837273929662739,0.0016406791105866697,0.0017905920067736703,0.9363340632741094,-0.0016003057013851505,0.0015463379566771874,-0.0014730868866674332,0.008892914312598227,-0.08436469561983606,0.01613623945560735,-0.007803728735921717,-0.10282006798796517,0.04644710451374708,-0.0064947453754215095,0.008699040366793257,0.003760384528426748,0.9412634618297915,-0.0021614159108196487,0.0018032897119292517,-1.941788374505402e-06,0.00023160505180491248,-0.0005567072507453156,0.002117635994088579,0.0,-0.0,0.0,-0.0,0.0017905920067736703,0.0
5.12,-85.0,84.63952264776731,1.0,0.0,0.4846056687321108,0.4837453172306201,0.0016443604667816588,0.001793947773391424,0.9363495164504961,-0.0016150235426471103,0.0015441759317521796,-0.0014703709438281293,0.009054150321356674,-0.08444270399706395,0.016109065703118316,-0.007797850818133532,-0.1028849279574423,0.04653393665921529,-0.0064768696124628015,0.00866578068121337,0.003738770536493041,0.9412814769575814,-0.0021610597235078226,0.0017997582058884086,-1.9605093661468577e-06,0.00023377104214811523,-0.0005551839653240414,0.002117321205933497,0.0,-0.0,0.0,-0.0,0.001793947773391424,0.0
5.13,-85.0,84.63952226629735,1.0,0.0,0.4846221272094631,0.4837632698975087,0.0016477160435334761,0.0017969732313335154,0.9363649471832832,-0.001629714067747786,0.0015419931345182776,-0.0014676556544249144,0.009215089844765793,-0.08452065406167891,0.01608073933239349,-0.007792057023543073,-0.1029496090398556,0.04662043777727574,-0.006458997014361721,0.008632566592602316,0.003717164946147142,0.9412994575376228,-0.002160397363972469,0.0017964034686194766,-1.9791042398490235e-06,0.0002359067996311172,-0.000553660905779822,0.0021167064417220694,0.0,-0.0,0.0,-0.0,0.0017969732313335156,2.168404344971009e-19
5.140000000000001,-85.0,84.63952264776685,1.0,0.0,0.4846386210219911,0.4837812547089731,0.0016512717340995604,0.0018002133300643532,0.9363803551217875,-0.0016443773291285,0.0015396596993111356,-0.0014648390527780613,0.009375768392229769,-0.0845985468154962,0.01605524104171455,-0.0077863984161009306,-0.10301411123358081,0.046706602464219094,-0.006441091419328909,0.008599481462695537,0.0036955643337149473,0.9413174057709327,-0.0021599214102530446,0.0017932057160597826,-1.997408575566174e-06,0.00023807139443169777,-0.0005521349741923001,0.0021162743184005212,0.0,-0.0,0.0,-0.0,0.0018002133300643527,-4.336808689942018e-19
5.15,-85.0,84.6246106146856,1.0,0.0,0.48465515007769405,0.48379927224430874,0.0016545375599324797,0.0018032253708664804,0.9363957414375325,-0.0016590120037193947,0.0015374744814087029,-0.0014620077703765325,0.0095361745444163,-0.0846763834781624,0.01602626564630557,-0.0077808174311255925,-0.10307843425886608,0.04679244515600581,-0.006423155181550316,0.00856832963496808,0.003673967831347248,0.9413353221975347,-0.0021592758632851777,0.001790045654286886,-2.0158065750820246e-06,0.00024017151417338734,-0.0005506063726779553,0.00211567603594613,0.0,-0.0,0.0,-0.0,0.0018032253708664802,-2.168404344971009e-19
5.16,-85.0,84.62461023321563,1.0,0.0,0.48467171053503927,0.4838173179887749,0.0016577267421532059,0.0018060948643661993,0.9364111038783498,-0.0016736192473550287,0.001535055714729192,-0.0014592838702824065,0.009696303479402514,-0.08475416442316624,0.015999664679055836,-0.0077752732894051735,-0.103142578218858,0.046877991974865106,-0.006405303829300863,0.008539883595391224,0.00365237983607066,0.9413532068801462,-0.0021584688997543177,0.0017868728841545722,-2.0337981139800664e-06,0.00024229407602401068,-0.0005490850020919649,0.0021149195885481332,0.0,-0.0,0.0,-0.0,0.001806094864366199,-4.336808689942018e-19
5.17,-85.0,84.62461061468514,1.0,0.0,0.4846883068315432,0.4838353964579177,0.0016614873625786155,0.0018095531256355248,0.9364264431879918,-0.0016881992155412806,0.0015326971331003929,-0.0014565645611746352,0.009856183123132207,-0.08483189050386607,0.015976499794803607,-0.0077698638247158365,-0.10320654399052655,0.04696324478354142,-0.006387504405922947,0.008510373647576728,0.0036307959653861708,0.9413710612909245,-0.0021582261975312857,0.0017839436014410624,-2.0517706248111706e-06,0.00024445691037282123,-0.0005475680399367537,0.0021147160258242685,0.0,-0.0,0.0,-0.0,0.0018095531256355248,0.0
5.180000000000001,-85.0,84.62461023321518,1.0,0.0,0.48470493468427295,0.48385350327866655,0.0016639258845635816,0.0018116443398669732,0.9364417590156697,-0.0017027524701005757,0.0015304357518382556,-0.0014538443699251124,0.010015790318063402,-0.08490956311588083,0.015943366434509117,-0.007764575015864143,-0.10327033217344955,0.047048200012415727,-0.006369771568435976,0.008480458132163207,0.0036092201464117844,0.9413888874658515,-0.0021567632155626276,0.0017811702872048772,-2.069773731626111e-06,0.00024645408092403045,-0.0005460567406660843,0.002113316773340653,0.0,-0.0,0.0,-0.0,0.001811644339866973,-2.168404344971009e-19
5.19,-85.0,84.62461061468468,1.0,0.0,0.4847215892221786,0.48387163339271966,0.0016667950845531347,0.0018141879068058263,0.9364570525676008,-0.0017172787695498362,0.0015281317237931607,-0.0014512652584088908,0.01017508274723599,-0.08498718299440618,0.015914649348625073,-0.007759300139548761,-0.10333394368257198,0.0471328648235424,-0.006352198092012464,0.008452239747822348,0.003587656655618085,0.941406685988358,-0.00215572093419823,0.0017784600645915209,-2.087614923312015e-06,0.0002485048635708105,-0.0005445590555182227,0.0021123297136765506,0.0,-0.0,0.0,-0.0,0.0018141879068058263,0.0
5.2,-85.0,84.62461023321472,1.0,0.0,0.48473827294746963,0.48388978949214567,0.0016696518702004413,0.0018167199712588416,0.936472322432479,-0.00173177766509523,0.0015257933777255458,-0.0014484932314232375,0.010334098721109807,-0.08506475047135223,0.015886012783911038,-0.00775408823623375,-0.10339737950663296,0.047217225006024724,-0.0063345973826236255,0.008420893615755006,0.003566103127798349,0.941424459194341,-0.002154676663328398,0.0017760484573826338,-2.1053092166571442e-06,0.0002505435873557522,-0.0005430589898681713,0.002111340682987918,0.0,-0.0,0.0,-0.0,0.0018167199712588419,2.168404344971009e-19
5.21,-85.0,84.62461061468423,1.0,0.0,0.48475498604850153,0.4839079717245429,0.0016728500638865304,0.0018196051761786534,0.9364875699779126,-0.0017462508005329374,0.001523588826274492,-0.0014460097403592852,0.010492828684872033,-0.08514226590362274,0.015859693296019876,-0.0077489036256726705,-0.10346063998914176,0.047301304677075134,-0.006317171072865653,0.008394028915276837,0.00354455909383691,0.9414422070538802,-0.0021539841401379185,0.0017735130075612008,-2.123088351015453e-06,0.00025260578403868216,-0.0005415738298687973,0.002110696310359784,0.0,-0.0,0.0,-0.0,0.0018196051761786532,-2.168404344971009e-19
5.220000000000001,-85.0,84.62461023321427,1.0,0.0,0.48477173170481,0.4839261834201619,0.0016762449125876041,0.0018227388706240442,0.9365027965400923,-0.0017606979112509817,0.0015218812087414327,-0.0014433272136500288,0.010651290686358715,-0.0852197300470601,0.015830092302000113,-0.007743837401794052,-0.10352372699731058,0.047385105836677696,-0.006299888452651825,0.008363960290071734,0.003523021150627046,0.9414599306132129,-0.0021536248618988234,0.001771291231237628,-2.1414713244840475e-06,0.0002546027988192651,-0.0005401009451610717,0.002110378488290335,0.0,-0.0,0.0,-0.0,0.0018227388706240442,0.0
5.23,-85.0,84.62461061468377,1.0,0.0,0.4847885068472045,0.4839444218489035,0.0016789541616565931,0.001825117637654126,0.9365180047902723,-0.0017751196221822947,0.0015197832229319238,-0.0014408833003682346,0.010809436888257334,-0.0852971437288592,0.015799621402738624,-0.007738801019195346,-0.10358664119609193,0.047468605470484274,-0.006282634528223522,0.008336067126644161,0.003501491102774675,0.9414776330174838,-0.002152525868316175,0.0017691033549988092,-2.159211624383086e-06,0.0002565715286259689,-0.0005386304765024905,0.0021093357971550307,0.0,-0.0,0.0,-0.0,0.0018251176376541261,2.168404344971009e-19
5.24,-85.0,84.57308130254978,1.0,0.0,0.48480530972562286,0.48396268481479776,0.001681509882044764,0.0018273591341659524,0.9365331909228565,-0.0017895157479859592,0.001517358113588817,-0.0014382387945856068,0.010967299443967045,-0.08537450736576291,0.01577226648761034,-0.00773382852726884,-0.10364938349803886,0.04755183223690663,-0.006265491251618603,0.008308553046971558,0.0034799715054908585,0.9414953133626163,-0.002151257927363605,0.001766944136220913,-2.176388470730271e-06,0.0002585774506069639,-0.0005371694486729394,0.0021081275207026585,0.0,-0.0,0.0,-0.0,0.0018273591341659528,4.336808689942018e-19
5.25,-85.0,84.57308092107982,1.0,0.0,0.4848221413523799,0.48398097343350277,0.0016851960552358664,0.0018307515242285738,0.936548354077624,-0.0018038852810943885,0.0015152997667069214,-0.0014355321416687251,0.011124898356809234,-0.08545182147969137,0.01574933421406712,-0.007728911340649152,-0.1037119546210506,0.04763476883463622,-0.006248395109103859,0.008278698351740804,0.0034584613628383795,0.9415129736032751,-0.0021511071092932136,0.0017650370339380625,-2.1939960187173957e-06,0.00026064397821633114,-0.0005357124172065993,0.0021080139592375593,0.0,-0.0,0.0,-0.0,0.0018307515242285738,0.0
5.260000000000001,-85.0,84.57308130254933,1.0,0.0,0.4848390035012363,0.48399928814111215,0.00168770548541106,0.001832760529447885,0.936563494532028,-0.0018182289322192474,0.0015128729259078395,-0.0014331011191819568,0.011282240741108252,-0.08552908686320715,0.015721570995345453,-0.007724067468411947,-0.10377435505889869,0.047717415596465626,-0.006231359398974081,0.00824972920611533,0.003436960183527077,0.9415306150491016,-0.002149642900661195,0.0017632448862426784,-2.210975734888175e-06,0.00026261872245158635,-0.0005342605226793419,0.0021066133054105287,0.0,-0.0,0.0,-0.0,0.001832760529447885,0.0
5.2700000000000005,-85.0,84.57308092107937,1.0,0.0,0.48485589524454215,0.48401762871874204,0.0016904330875043923,0.001834871724604224,0.9365786114804485,-0.001832548597740647,0.0015101822264941686,-0.00143077632569435,0.011439338518164319,-0.08560630403258702,0.015697795978076613,-0.007719273088281287,-0.10383658523179568,0.04779976007386877,-0.006214383096445097,0.008217528767024834,0.003415468240082584,0.9415482400013139,-0.0021482316767222013,0.0017618098979344178,-2.227468711036354e-06,0.0002646483286340734,-0.0005328136772865591,0.0021052645419677458,0.0,-0.0,0.0,-0.0,0.0018348717246042237,-2.168404344971009e-19
5.28,-85.0,84.57308130254887,1.0,0.0,0.4848728115480519,0.4840359877950526,0.0016926914216402538,0.001836799434840586,0.9365937035056743,-0.0018468440645193931,0.0015081784107928145,-0.001428323891618578,0.011596164536619703,-0.08568347346953945,0.0156661058468613,-0.007714510535639248,-0.10389864526126821,0.04788178756685719,-0.0061973003381329645,0.008189022222885513,0.0033939924598262177,0.9415658503247305,-0.00214677403274227,0.0017601366522290848,-2.2448760241424686e-06,0.00026653172869776627,-0.0005313576563616437,0.002103870238528606,0.0,-0.0,0.0,-0.0,0.0018367994348405861,2.168404344971009e-19
5.29,-85.0,84.57308092107891,1.0,0.0,0.48488975046708754,0.48405436616889597,0.001695377304612493,0.0018391610581609983,0.9366087761209113,-0.00186111498373765,0.0015064016357842264,-0.0014257537090594055,0.011752670563541326,-0.08576059511028973,0.015635745840415653,-0.007709714025425305,-0.10396053532820466,0.047963546451974565,-0.006180398673082103,0.00816116006570817,0.003372531031038728,0.9415834430299144,-0.0021457669548571472,0.0017584496675414941,-2.262528605794552e-06,0.0002684232437362562,-0.0005299171153368939,0.00210291745836743,0.0,-0.0,0.0,-0.0,0.001839161058160998,-4.336808689942018e-19
5.3,-85.0,84.57308130254842,1.0,0.0,0.48490671442183036,0.48407276634806157,0.0016975225441050693,0.0018409793718301602,0.9366238295225437,-0.0018753601533016708,0.001504338892997969,-0.0014232554915966985,0.011908875061346774,-0.08583766865906915,0.015604685319120898,-0.007704893881595222,-0.10402225644066863,0.04804501491377322,-0.006163503260844768,0.008133544110939016,0.0033510814826447984,0.9416010200465055,-0.0021442321624276514,0.0017568365709981124,-2.2796607826105327e-06,0.00027028863006136017,-0.0005284770649031877,0.0021014474674545987,0.0,-0.0,0.0,-0.0,0.0018409793718301606,4.336808689942018e-19
5.3100000000000005,-85.0,84.57308092107846,1.0,0.0,0.4849237006037364,0.48409118552057073,0.0016996683989057228,0.001842802750951765,0.9366388623715352,-0.0018895803214081083,0.0015022324834681863,-0.0014207514787875925,0.012064775522648738,-0.08591469425895151,0.015574338118733416,-0.0077001213044951815,-0.10408380907601912,0.04812621442459256,-0.006146706822672715,0.00810647327170638,0.0033296464585048737,0.9416185808505334,-0.0021427128248707157,0.0017552679972106958,-2.296631299701481e-06,0.00027215226136636026,-0.0005270454539652107,0.002099992574850317,0.0,-0.0,0.0,-0.0,0.001842802750951765,0.0
5.32,-85.0,84.56117792120031,1.0,0.0,0.48494071114123777,0.48410962629718585,0.001702438572751981,0.0018453370279901322,0.936653875213362,-0.0019037758452456293,0.0015003447935623073,-0.0014183084201843746,0.012220383737550479,-0.08599167217498196,0.015546445397595966,-0.007695381916943913,-0.10414519402604486,0.04820713287286776,-0.006129956638573481,0.00807789939890121,0.003308223294795943,0.9416361271404798,-0.00214189305375786,0.0017539006602131785,-2.3138447485418752e-06,0.0002740453667111775,-0.0005256177638011,0.0020992232698285964,0.0,-0.0,0.0,-0.0,0.001845337027990132,-2.168404344971009e-19
5.33,-85.0,84.56117753973035,1.0,0.0,0.4849577512722499,0.48412809393135475,0.0017051659759196197,0.0018477565292788322,0.9366688697029159,-0.0019179456476702695,0.0014984034856462308,-0.001415484716352043,0.012375722324014186,-0.08606860314121496,0.015519122729980092,-0.007690741516206934,-0.10420641175684241,0.04828775590572177,-0.006113230021053589,0.008048022086529076,0.0032868068622742635,0.9416536606135649,-0.002140960616948255,0.0017526159308055744,-2.3308893429410567e-06,0.0002759359380754978,-0.0005241920519049323,0.0020983435324512076,0.0,-0.0,0.0,-0.0,0.001847756529278832,-2.168404344971009e-19
5.34,-85.0,84.56117792119986,1.0,0.0,0.48497481941512466,0.48414658563698815,0.0017078176855450991,0.001849869848320051,0.9366838443302345,-0.0019320894373675592,0.0014962850779330177,-0.0014131281588126892,0.012530790102509518,-0.08614548781816049,0.015491594350898854,-0.007686095426979703,-0.10426746271019027,0.04836811239183406,-0.006096655992352879,0.008022403741645746,0.0032653998207365213,0.9416711799241198,-0.0021397452433344487,0.0017512324362328703,-2.347569196703768e-06,0.00027781033079550397,-0.000522779380381857,0.002097186467103108,0.0,-0.0,0.0,-0.0,0.0018498698483200512,2.168404344971009e-19
5.3500000000000005,-85.0,84.5611775397299,1.0,0.0,0.4849919083188925,0.48416509346550174,0.0017100794836499217,0.0018518061508131785,0.9366987977916313,-0.0019462090088015742,0.0014945031168013673,-0.0014106702600533935,0.012685552564241113,-0.08622232594838243,0.015460046331576263,-0.007681431861003385,-0.10432834841647769,0.048448210993404836,-0.006080173096520046,0.007995806085178466,0.003244009385979199,0.9416886855710532,-0.0021384451713920842,0.0017499389320973263,-2.364685465508479e-06,0.0002795989690236504,-0.0005213744761238657,0.002095946343378902,0.0,-0.0,0.0,-0.0,0.0018518061508131785,0.0
5.36,-85.0,84.5611779211994,1.0,0.0,0.4850090223319977,0.48418362316961605,0.0017127557705152133,0.0018540424536120672,0.9367137316887716,-0.0019603045478975905,0.0014921859617614752,-0.001408328822035722,0.012840036418799303,-0.086299117472478,0.015436884476928817,-0.007676799785069824,-0.10438906980698129,0.04852805017024925,-0.006063840074810732,0.007971261340609935,0.003222629960069734,0.9417061782740419,-0.002137321413309988,0.001748597701382627,-2.380864432314311e-06,0.0002815266996041209,-0.0005199823795668858,0.002094878998007146,0.0,-0.0,0.0,-0.0,0.001854042453612067,-2.168404344971009e-19
5.37,-85.0,84.56117753972944,1.0,0.0,0.4850261614096832,0.48420217362884893,0.0017151858433463508,0.0018561730443643163,0.9367286434454823,-0.001974376722956872,0.0014901948800541374,-0.0014060138180293752,0.01299427224783646,-0.08637586322918127,0.01541016914288809,-0.00767226696298387,-0.10444962863295545,0.04860763307148423,-0.006047615368987239,0.007945290529591278,0.0032012629822698534,0.9417236586934901,-0.0021361773994775053,0.001747434405445385,-2.3974745295602858e-06,0.00028337827892812017,-0.0005185995267553077,0.002093791766721064,0.0,-0.0,0.0,-0.0,0.0018561730443643163,0.0
5.38,-85.0,84.56117792119895,1.0,0.0,0.4850433254425284,0.48422074603244936,0.0017174600985448887,0.0018581438193641354,0.9367435360477345,-0.001988425064503149,0.0014882041175626672,-0.0014036491858612013,0.013148236961714197,-0.08645256387515914,0.015382421898308274,-0.007667769496071777,-0.10451002547904258,0.04868694635975747,-0.006031445873423278,0.007918420930542337,0.003179906632204906,0.9417411283420976,-0.0021349070528888254,0.0017463875541804798,-2.4139974542011893e-06,0.00028519850349673586,-0.0005172213650349618,0.0020925806783565625,0.0,-0.0,0.0,-0.0,0.0018581438193641354,0.0
5.390000000000001,-85.0,84.56117753972899,1.0,0.0,0.4850605135178627,0.48423933951670983,0.0017201895729232633,0.0018605899497282181,0.9367584085261278,-0.002002449652024226,0.0014861814239034727,-0.001401187987632812,0.01330193878004498,-0.08652921977027113,0.015358792660529275,-0.0076633309409065075,-0.10457026120190636,0.04876599794788589,-0.00601538409815137,0.007891542381304175,0.0031585617496876777,0.941758587304693,-0.0021340650510636937,0.0017453816055939622,-2.430381690554727e-06,0.0002870833142619973,-0.0005158523971694927,0.0020917894143262683,0.0,-0.0,0.0,-0.0,0.0018605899497282181,0.0
5.4,-85.0,84.56117792119849,1.0,0.0,0.4850777252497064,0.48425795364453517,0.0017226111856119537,0.0018626996104464898,0.9367732623998488,-0.0020164502414740256,0.0014845840773552723,-0.0013988536728393223,0.013455364761575868,-0.0866058315319647,0.015328892406357686,-0.007658934456235312,-0.10463033670873807,0.04884479349574316,-0.005999420369926962,0.007866209542943791,0.003137228329193864,0.9417760357883145,-0.0021330210638704954,0.0017443672545399685,-2.4473782599440136e-06,0.00028883864115765255,-0.0005144917940128405,0.0020908001415616217,0.0,-0.0,0.0,-0.0,0.0018626996104464898,0.0
5.41,-85.0,84.56117753972853,1.0,0.0,0.4850949607111284,0.4842765884760217,0.0017246570412598563,0.0018644403274729973,0.9367880980382437,-0.0020304269578149932,0.0014826270550609391,-0.0013964149104547198,0.01360851067088074,-0.08668239949710904,0.015300240738549542,-0.007654566187165555,-0.10469025263883011,0.048923316277173994,-0.005983459416281673,0.007838594821145147,0.0031159060442153153,0.9417934757182072,-0.0021315895562758905,0.001743552956582061,-2.4636990991844347e-06,0.0002906044268347986,-0.0005131313856993783,0.0020894309854367615,0.0,-0.0,0.0,-0.0,0.0018644403274729973,0.0
5.42,-85.0,84.53451318731129,1.0,0.0,0.48511221827710255,0.4842952423786271,0.0017266999862857449,0.001866177328448837,0.9368029152135765,-0.0020443794054826226,0.0014807385668046747,-0.001394076815141164,0.013761373818975702,-0.08675892391768235,0.015271327862865338,-0.007650222790404455,-0.10475000919634238,0.049001572026910356,-0.005967527832841523,0.007812250058698395,0.0030945963619241523,0.9418109071657904,-0.002130175111382531,0.0017427282927043155,-2.4800469776316875e-06,0.00029235231575424036,-0.0005117734522927067,0.002088078511964935,0.0,-0.0,0.0,-0.0,0.0018661773284488368,-2.168404344971009e-19
5.430000000000001,-85.0,84.53451280584133,1.0,0.0,0.485129491248931,0.4843139085133085,0.001728296040323924,0.0018674583373257316,0.9368177127017872,-0.002058308549795945,0.0014787679120692628,-0.001391653588654025,0.013913922441818605,-0.08683540475219226,0.015240390462977252,-0.0076458475705694215,-0.10480960654258724,0.04907956410359637,-0.005951616258059544,0.007785404463310269,0.003073305492566293,0.9418283305535929,-0.002128350562965691,0.0017419479976326015,-2.4961662912080225e-06,0.0002940477140116717,-0.0005104171878372722,0.0020863239774425403,0.0,-0.0,0.0,-0.0,0.0018674583373257318,2.168404344971009e-19
5.44,-85.0,84.53451318731084,1.0,0.0,0.4851467843635817,0.48433259175520627,0.0017302861112795248,0.0018691452133216574,0.9368324910794531,-0.0020722136491542744,0.001476864260493372,-0.001389321242755898,0.014066186705177447,-0.08691184187007589,0.01521195745626643,-0.007641487321785697,-0.10486904485913572,0.04915729460129709,-0.005935745900652603,0.00776068065935363,0.003052028900400739,0.9418457459015095,-0.002126907850259457,0.001741082670895007,-2.512311578811827e-06,0.0002957782526043083,-0.0005090644136790745,0.0020849436859752355,0.0,-0.0,0.0,-0.0,0.0018691452133216574,0.0
5.45,-85.0,84.53451280584088,1.0,0.0,0.485164100542338,0.48435129506859503,0.001732697070922454,0.001871254498040758,0.9368472518781588,-0.002086095059722512,0.0014752321620609484,-0.0013869089656782655,0.014218174854021728,-0.08698823550371053,0.01518380745978824,-0.007637149317465937,-0.10492832510562647,0.049234779531143726,-0.005919976300784071,0.007735097965315324,0.003030763510065456,0.9418631526082168,-0.0021259124970994347,0.0017403073670203104,-2.5288372929855296e-06,0.0002975016790211542,-0.0005077202379262111,0.0020840018942388005,0.0,-0.0,0.0,-0.0,0.001871254498040758,0.0
5.46,-85.0,84.53451318731038,1.0,0.0,0.4851814356590901,0.4843700123998629,0.0017342833817909715,0.0018721722812250858,0.936861994584439,-0.002099952442876324,0.0014733119368850619,-0.0013845604332219546,0.014369849269489197,-0.08706458567809872,0.015150431769519817,-0.0076327693831189656,-0.10498744740070402,0.04931200445017726,-0.005904186899018089,0.007709280915373884,0.003009514604182739,0.9418805520939458,-0.0021238179877866884,0.0017395952828091977,-2.544782692451495e-06,0.00029910882199918483,-0.0005063743184611697,0.0020819825603795223,0.0,-0.0,0.0,-0.0,0.0018721722812250858,0.0
5.470000000000001,-85.0,84.53451280584042,1.0,0.0,0.4851987882273967,0.48438874264267,0.001735946321209529,0.001873583178726865,0.9368767194467683,-0.002113787081743368,0.0014715910414938983,-0.0013823162800590935,0.014521204531932438,-0.08714089172798481,0.01511902316396519,-0.007628339103827343,-0.10504641227919471,0.049388973027376014,-0.005888490379199205,0.00768405013237569,0.0029882830114084124,0.9418979446044785,-0.0021222100181486642,0.0017388913523663308,-2.5609842642137676e-06,0.0003007403665726008,-0.0005050363192845972,0.0020804401157030754,0.0,-0.0,0.0,-0.0,0.0018735831787268652,2.168404344971009e-19
5.48,-85.0,84.53451318730993,1.0,0.0,0.48521615456485295,0.4844074841594788,0.0017368848380814564,0.0018742615362831818,0.9368914247222832,-0.002127598816089118,0.0014695767027245524,-0.0013800065555014352,0.014672250581652538,-0.08721715334394904,0.015085793020166553,-0.00762388107624814,-0.10510522016394273,0.04946567945927281,-0.005872784747370957,0.007657737774918416,0.002967070426541525,0.9419153307858874,-0.0021199048972188653,0.001738272003411448,-2.576587258357084e-06,0.0003023214478894942,-0.0005036974920906024,0.002078214167742647,0.0,-0.0,0.0,-0.0,0.0018742615362831818,0.0
5.49,-85.0,84.53451280583997,1.0,0.0,0.4852335300997516,0.48442623214989755,0.0017385609488834823,0.0018756814682139517,0.9369061126882526,-0.002141388162904328,0.001468008874101643,-0.0013777796658977649,0.014822939179037584,-0.08729336986417546,0.015053678574884849,-0.007619318236631109,-0.10516387165636629,0.049542144738710554,-0.005857238429941591,0.007634773130226567,0.0029458805559621428,0.9419327093524137,-0.0021183634263414342,0.0017374294342009575,-2.5928811668920734e-06,0.0003039098588521888,-0.0005023722807961029,0.002076736771324758,0.0,-0.0,0.0,-0.0,0.001875681468213952,2.168404344971009e-19
5.5,-85.0,84.53451318730947,1.0,0.0,0.485250922472839,0.48444499453609247,0.0017400834693541672,0.0018769648440841035,0.9369207828949158,-0.0021551549229195124,0.00146606400406726,-0.0013755299370101165,0.01497333151542515,-0.08736954058369481,0.015025045168881035,-0.007614729166995943,-0.10522236842746291,0.049618378005968904,-0.005841833289617655,0.007611639057814004,0.0029247062808611195,0.9419500796991588,-0.0021166362467322686,0.0017366178274918012,-2.608426044024066e-06,0.00030555514511056375,-0.0005010591339891855,0.002075077259006749,0.0,-0.0,0.0,-0.0,0.0018769648440841032,-2.168404344971009e-19
5.510000000000001,-85.0,84.51701173772429,1.0,0.0,0.4852683338788188,0.4844637736659181,0.0017422839143227849,0.0018789447709443704,0.9369354340961868,-0.002168898646540652,0.0014641910577575727,-0.0013732157522868748,0.015123459292842903,-0.0874456656349297,0.015000371501886862,-0.007610189013367096,-0.10528071166815678,0.0496943714835991,-0.00582651964166385,0.007587547970359786,0.002903545633320695,0.9419674426025708,-0.0021155575197975072,0.0017359027406586196,-2.6240160404995156e-06,0.000307269156393095,-0.000499753791639062,0.002074053422230837,0.0,-0.0,0.0,-0.0,0.0018789447709443704,0.0
5.5200000000000005,-85.0,84.5170121191938,1.0,0.0,0.485285763930162,0.48448256923624844,0.001744033678844948,0.0018802670158080959,0.9369500678939454,-0.0021826197972213573,0.001462292631509053,-0.0013709273097819183,0.015273306399078495,-0.08752174534237579,0.014972009549378785,-0.007605651173273779,-0.10533890222422522,0.049770126660664715,-0.0058113410354745125,0.007562981748346056,0.00288239838767598,0.9419847984887003,-0.0021139089178397337,0.0017352621850667618,-2.639476193356455e-06,0.000308895634614127,-0.0004984599895966179,0.0020724708469839434,0.0,-0.0,0.0,-0.0,0.0018802670158080959,0.0
5.53,-85.0,84.51701173772383,1.0,0.0,0.4853032109394565,0.4845013777133526,0.0017452354721694267,0.0018812898475990996,0.936964681459346,-0.002196319434421272,0.0014603676235449056,-0.0013688702943084432,0.015422884027096668,-0.08759777972980962,0.01494264993340019,-0.0076011238540695,-0.10539694126639164,0.049845637272179624,-0.005796181430209782,0.007538448713411753,0.0028612681623561903,0.9420021483495332,-0.002111990190317231,0.001734694917350808,-2.654805102292173e-06,0.00031048904924891436,-0.0004971677731449828,0.00207062337659746,0.0,-0.0,0.0,-0.0,0.0018812898475990994,-2.168404344971009e-19
5.54,-85.0,84.51701211919334,1.0,0.0,0.4853206716531977,0.48452019810778246,0.0017472485244499477,0.0018831364801618353,0.9369792769045817,-0.002209996862013098,0.0014587085271316146,-0.0013665398135681915,0.01557216908113507,-0.08767376868514883,0.01491615854076161,-0.007596577573682773,-0.10545482905969052,0.0499208986085852,-0.00578108017390287,0.007513170374086806,0.0028401553257474655,0.942019492474783,-0.002110869236644539,0.0017341350131942269,-2.6705344096341815e-06,0.0003121295346748495,-0.0004958805173164111,0.0020695579972130314,0.0,-0.0,0.0,-0.0,0.0018831364801618355,2.168404344971009e-19
5.55,-85.0,84.51701173772338,1.0,0.0,0.48533815193823554,0.4845390364419376,0.0017485995323510539,0.0018843114367110448,0.936993854743072,-0.0022236519500731505,0.0014568511440987398,-0.0013643572831546706,0.01572119638410913,-0.08774971243235652,0.014887542820663993,-0.007592083918805769,-0.10551256605741789,0.049995915955269594,-0.005766025444618132,0.007489138225739804,0.002819054312157875,0.9420368308291842,-0.0021091242790437473,0.0017335670135042093,-2.685823106087552e-06,0.00031371368756182786,-0.0004945972110775511,0.0020678807833328554,0.0,-0.0,0.0,-0.0,0.0018843114367110446,-2.168404344971009e-19
5.5600000000000005,-85.0,84.51701211919288,1.0,0.0,0.485355643842466,0.48455788457192706,0.0017496674286804888,0.0018851925858282689,0.9370084142398544,-0.0022372847815738347,0.0014550558088005402,-0.0013621762753603297,0.015869924314712514,-0.08782561112585277,0.014856713514552675,-0.007587548343551217,-0.10557015275085918,0.05007069265462701,-0.005751031922881238,0.007465991361109245,0.002797972370553111,0.9420541635077501,-0.002107146010516322,0.00173294576210181,-2.7011417157935556e-06,0.0003152380886176117,-0.0004933191102607109,0.002065974749187162,0.0,-0.0,0.0,-0.0,0.001885192585828269,2.168404344971009e-19
5.57,-85.0,84.51701173772292,1.0,0.0,0.4853731454728039,0.4845767405627363,0.0017504794751822303,0.00188581421482056,0.9370229554946621,-0.002250895472523361,0.0014532405816905557,-0.0013598768806435265,0.01601834463443924,-0.08790146414034346,0.014825153756586296,-0.007582950763254153,-0.10562759017204089,0.05014523950834168,-0.0057361593222598605,0.007442810453176512,0.0027769110708675106,0.9420714897696882,-0.0021049432544565025,0.0017322972337089366,-2.716338562358062e-06,0.00031673335863415734,-0.0004920513365851643,0.002063848531333925,0.0,-0.0,0.0,-0.0,0.0018858142148205598,-2.168404344971009e-19
5.58,-85.0,84.51701211919243,1.0,0.0,0.48539065737623527,0.48459560490857956,0.0017515992178020548,0.001886738112133436,0.9370374799764917,-0.0022644839854130106,0.0014516180977646642,-0.0013576310425417232,0.01616645001119809,-0.08797727091698591,0.014793578206272986,-0.007578306738805648,-0.10568487913918409,0.05021954414303478,-0.005721322192223165,0.007417337843079806,0.002755869536697463,0.9420888105425624,-0.002103066647236525,0.001731840036674946,-2.7318122474712378e-06,0.00031821446938305704,-0.0004907865608662292,0.0020620420158640796,0.0,-0.0,0.0,-0.0,0.0018867381121334362,2.168404344971009e-19
5.59,-85.0,84.51701173772247,1.0,0.0,0.48540817742048303,0.48461447533215224,0.0017525077888350673,0.0018874491484838802,0.9370519885723431,-0.0022780487297471255,0.00144997363909335,-0.0013553361159648995,0.01631421683001641,-0.08805303093191363,0.014761140707431725,-0.007573583530169872,-0.1057420195769859,0.05029359760235352,-0.0057064795370805384,0.0073938878238544985,0.0027348494338346025,0.9421061262200198,-0.0021010058288673597,0.0017312322785473363,-2.747160481597574e-06,0.00031966277223592214,-0.0004895212657060429,0.0020600548024355984,0.0,-0.0,0.0,-0.0,0.00188744914848388,-2.168404344971009e-19
5.6000000000000005,-85.0,84.51701211919197,1.0,0.0,0.4854257102671911,0.4846333567705198,0.001753940411904255,0.0018887110712574688,0.9370664787880764,-0.002291590960015956,0.0014480224007010665,-0.001353058103845601,0.016461700562606825,-0.08812874366784448,0.01473474839205591,-0.007568872715459453,-0.10579901186607332,0.05036742290596582,-0.005691684829340023,0.007370161073870522,0.0027138467816613596,0.9421234355537752,-0.002099389797744447,0.0017306738727265586,-2.7618463584615014e-06,0.00032122931878460865,-0.00048826004019317953,0.0020585036390245014,0.0,-0.0,0.0,-0.0,0.001888711071257469,2.168404344971009e-19
5.61,-85.0,84.51701173772202,1.0,0.0,0.48544325604411914,0.48465224938991924,0.0017553301008358885,0.001889927475229637,0.9370809499088099,-0.002305111019960724,0.0014461834123594807,-0.0013508262648373455,0.016608910707184336,-0.08820440934540669,0.01470760972783622,-0.007564171219347303,-0.10585585641519452,0.0504410097800552,-0.0056769267291317095,0.007346209707469882,0.0026928614636796337,0.9421407396578064,-0.0020977592625783083,0.0017301652618632113,-2.7766640723069183e-06,0.0003227678578238372,-0.00048700191178053555,0.002056938193258642,0.0,-0.0,0.0,-0.0,0.001889927475229637,0.0
5.62,-85.0,84.50219888676966,1.0,0.0,0.48546081733485197,0.4846711557744631,0.0017570230295075805,0.0018914475388837192,0.9370954039296465,-0.00231860869504733,0.0014445303148123035,-0.0013486781913844322,0.016755847873026315,-0.08828002805673521,0.014680824227328127,-0.007559472712303531,-0.10591255361343131,0.050514360243337886,-0.005662239120849698,0.007323872730884486,0.0026718906995831814,0.9421580385689572,-0.0020964489680994807,0.00172958589838968,-2.7917603962380828e-06,0.0003243023818188492,-0.0004857497888479981,0.002055686706309106,0.0,-0.0,0.0,-0.0,0.001891447538883719,-2.168404344971009e-19
5.63,-85.0,84.50219926823917,1.0,0.0,0.4854783938389508,0.4846900756544031,0.0017582018721444509,0.0018924435551566894,0.9371098405271293,-0.002332081823947895,0.0014428098880746323,-0.001346060410273557,0.01690251772948231,-0.08835560032541039,0.014651750306003233,-0.0075548674816417055,-0.10596910468316306,0.05058749663160815,-0.005647690112783305,0.007301733940611822,0.002650934666559223,0.942175329843131,-0.0020946798931096764,0.0017288388241002766,-2.8066506338941404e-06,0.0003257744141229478,-0.0004845095144965238,0.0020539853061641595,0.0,-0.0,0.0,-0.0,0.0018924435551566894,0.0
5.640000000000001,-85.0,84.50219888676921,1.0,0.0,0.48549598407618805,0.4847090074892839,0.001759738136171415,0.0018938061773315052,0.9371242597555347,-0.0023455319189733736,0.001441084279116728,-0.0013439042163199382,0.01704890848549564,-0.08843112636304089,0.014624761034536802,-0.00755024848338757,-0.10602551045680927,0.05066040588997496,-0.005633197004714504,0.007279463350331192,0.0026299944760999365,0.942192615584781,-0.002093254592986459,0.0017283219412082048,-2.82145255404066e-06,0.00032728067882081325,-0.0004832739938507618,0.0020526209449154946,0.0,-0.0,0.0,-0.0,0.0018938061773315054,2.168404344971009e-19
5.65,-85.0,84.50219926823871,1.0,0.0,0.48551358806855477,0.48472795131302865,0.00176122830428679,0.0018951294657456816,0.9371386615231931,-0.002358959905908783,0.0014392160326404748,-0.0013416717056505664,0.017195022227514813,-0.0885066063128635,0.014599005184015197,-0.007545641642237307,-0.10608177171691989,0.0507330978365758,-0.005618802224355012,0.007259258388753492,0.0026090699507902854,0.9422098957135597,-0.0020917810966642222,0.0017276430967811916,-2.8358954992370033e-06,0.00032880295767962603,-0.0004820468671562977,0.00205120927072159,0.0,-0.0,0.0,-0.0,0.0018951294657456813,-2.168404344971009e-19
5.66,-85.0,84.50219888676875,1.0,0.0,0.48553120671285116,0.4847469081387683,0.0017626652969345718,0.0018963962209934708,0.9371530444642625,-0.002372366508604439,0.0014374280262939082,-0.0013395286953245703,0.017340881824501924,-0.08858204034972329,0.014572685430933888,-0.007541089035756171,-0.10613789003758752,0.0508055780943715,-0.005604568371785677,0.007235407178427595,0.00258816032980932,0.9422271701598744,-0.002090288431447919,0.0017273018826632466,-2.8504190566305097e-06,0.00033030139849563,-0.00048083350579486715,0.0020497787473493386,0.0,-0.0,0.0,-0.0,0.001896396220993471,2.168404344971009e-19
5.67,-85.0,84.50219926823826,1.0,0.0,0.4855488399758885,0.48476587776502256,0.0017639984290988646,0.0018975442494965817,0.9371674113403078,-0.0023857514969262655,0.0014358156797751416,-0.001337366496208563,0.017486460992783816,-0.08865742902632759,0.014544019325707709,-0.007536551246560964,-0.10619386602512926,0.050877819849016175,-0.005590351809957593,0.007211375166918355,0.00256726503764186,0.9422444413643389,-0.002088742880385188,0.001727006115104752,-2.8652134724024104e-06,0.0003317347394715164,-0.000479621587427014,0.0020482963109244817,0.0,-0.0,0.0,-0.0,0.0018975442494965817,0.0
5.680000000000001,-85.0,84.5021988867683,1.0,0.0,0.48556648754077425,0.484784859955863,0.0017653729113002515,0.0018987429202011927,0.937181760865825,-0.0023991156095983755,0.0014341228066406244,-0.0013353535599463636,0.01763177476599531,-0.0887327723599734,0.014517145610806907,-0.007532012922275112,-0.10624970004757969,0.05094982918420385,-0.005576190304200561,0.0071888572302213636,0.0025463845148172093,0.9422617093265386,-0.0020872238605145993,0.0017266552464739028,-2.8797729213197946e-06,0.0003331972067169318,-0.00047841435201391225,0.002046839838419493,0.0,-0.0,0.0,-0.0,0.0018987429202011927,0.0
5.69,-85.0,84.5021992682378,1.0,0.0,0.4855841442296181,0.484803849338178,0.0017661507887648115,0.0018991864382121811,0.9371960926659151,-0.002412458773164508,0.001432028918787844,-0.0013331774242611482,0.017776799951353003,-0.0888080702017951,0.014489982916208859,-0.007527464954231042,-0.10630539271643538,0.051021605084151045,-0.005562077993891181,0.007165439395554905,0.0025255235259342306,0.9422789742177111,-0.002084957070087823,0.0017263405225432823,-2.8934440650462944e-06,0.00033464118847293257,-0.0004772112946411586,0.0020446499884454535,0.0,-0.0,0.0,-0.0,0.0018991864382121811,0.0
5.7,-85.0,84.50219888676784,1.0,0.0,0.48560181263001634,0.48482284725661307,0.0017676323178775044,0.0019004991066613702,0.9372104040117136,-0.0024257800244861945,0.001430210939908882,-0.0013310316012661247,0.017921573771923847,-0.08888332278449869,0.014465166498164435,-0.007522966724902579,-0.1063609443165835,0.051093153211920726,-0.005547972920266905,0.007143954438024366,0.00250468143695608,0.9422962355435447,-0.0020835336758525773,0.0017259113134633487,-2.9075928660128237e-06,0.00033612835761822376,-0.0004760088158264721,0.0020432871577356314,0.0,-0.0,0.0,-0.0,0.0019004991066613702,0.0
5.71,-85.0,84.50219926823735,1.0,0.0,0.48561949402867016,0.48484185677445346,0.0017690421443574077,0.001901810884743144,0.9372246988103302,-0.0024390804702082974,0.001428662359659781,-0.0013289972279007288,0.018066076922104584,-0.08895853042651154,0.014438172207681114,-0.00751846061629866,-0.10641635538452507,0.05116448736770029,-0.005533981047699822,0.0071228160580302635,0.002483854499931175,0.9423134927657254,-0.0020821828314909105,0.0017255002962819307,-2.9222140033171696e-06,0.0003375536823129044,-0.0004748160091537711,0.002041995425587328,0.0,-0.0,0.0,-0.0,0.001901810884743144,0.0
5.720000000000001,-85.0,84.50219888676739,1.0,0.0,0.4856371906730175,0.48486088025704155,0.001770147137858459,0.0019027419714698673,0.9372389773890042,-0.002452360712144024,0.0014269571664471915,-0.0013269646676867153,0.01821032628192777,-0.08903369303154157,0.014411166445042697,-0.007513970066275141,-0.10647162722936232,0.05123561572229489,-0.005520125939910796,0.007102272074887915,0.0024630404754140914,0.9423307456172804,-0.002080467162370422,0.0017250697168674127,-2.936443064357567e-06,0.0003389674525765985,-0.0004736348979248409,0.002040345859882467,0.0,-0.0,0.0,-0.0,0.0019027419714698671,-2.168404344971009e-19
5.73,-85.0,84.48326539982867,1.0,0.0,0.485654898118297,0.48487991252726814,0.0017711497727144452,0.0019035192607350948,0.9372532417556654,-0.0024656202647410324,0.0014258290322832158,-0.0013249190943623048,0.01835427420347951,-0.0891088106005837,0.01437790339932333,-0.007509441137556979,-0.1065267608640854,0.051306525929874704,-0.005506335545598567,0.007079174842898637,0.0024422432901404292,0.9423479950578173,-0.002078764655626264,0.0017248359460367486,-2.9517872767674807e-06,0.0003402212078715748,-0.00047245929858462875,0.002038709138724916,0.0,-0.0,0.0,-0.0,0.0019035192607350948,0.0
5.74,-85.0,84.48326501835871,1.0,0.0,0.48567261419473434,0.48489895131347804,0.0017722411933049269,0.0019044209352074314,0.9372674932726294,-0.002478859768659993,0.001424354557078491,-0.0013229311763785835,0.01849789883351962,-0.0891838826354466,0.014348710986786757,-0.007504860570069821,-0.10658175684536038,0.051377216418119744,-0.0054925972137541855,0.007058024234198133,0.002421464548085853,0.9423652415017492,-0.002077108235097226,0.0017244836354832912,-2.9663423975357926e-06,0.00034155785341381936,-0.0004712881251210948,0.002037117549312243,0.0,-0.0,0.0,-0.0,0.0019044209352074319,4.336808689942018e-19
5.75,-85.0,84.48326539982821,1.0,0.0,0.48569033991465677,0.48491799785525624,0.001772758807282854,0.0019047312669485837,0.9372817293416373,-0.0024920796234294018,0.0014229479776274444,-0.0013209670830768379,0.018641232664356987,-0.08925890863450824,0.014315831551837747,-0.007500232153188776,-0.10663661596417096,0.05144769734621612,-0.005478976802384079,0.007037490967559646,0.002400703575438885,0.9423824843277572,-0.00207496190814925,0.001724089082868988,-2.980967541890451e-06,0.0003427938500538687,-0.0004701270290486888,0.002035045413485294,0.0,-0.0,0.0,-0.0,0.0019047312669485832,-4.336808689942018e-19
5.760000000000001,-85.0,84.48326501835825,1.0,0.0,0.4857080708441236,0.48493704745270405,0.0017731396494882982,0.0019046193260937425,0.9372959507471392,-0.0025052796558130757,0.001421008414160041,-0.0013189577909007194,0.018784241651826857,-0.08933388793161733,0.014285576598960343,-0.007495525482808635,-0.10669133939170378,0.05151797397207757,-0.0054655141522626524,0.007017295712860774,0.0023799640988806437,0.94239972307127,-0.0020723473392819736,0.0017236537206331642,-2.9943949248640946e-06,0.0003440792004940731,-0.000468979427678892,0.0020325139482034256,0.0,-0.0,0.0,-0.0,0.0019046193260937427,2.168404344971009e-19
5.7700000000000005,-85.0,84.48326539982776,1.0,0.0,0.4857258084665809,0.48495609898179165,0.0017742662345328214,0.0019055579867822167,0.9373101531479413,-0.0025184595079307585,0.0014194923750527459,-0.0013169485938204816,0.018926967000272677,-0.0894088201393339,0.014258016894900269,-0.007490815170360087,-0.10674592849463123,0.05158803476032884,-0.005452040708606441,0.006995211795091339,0.002359248032331134,0.9424169584062401,-0.002070750069225704,0.0017233517488660958,-3.0086374859648635e-06,0.0003454173443869835,-0.00046783085732306093,0.002030980137204259,0.0,-0.0,0.0,-0.0,0.001905557986782217,2.168404344971009e-19
5.78,-85.0,84.4832650183578,1.0,0.0,0.48574355643906525,0.4849751590006936,0.001775640991127955,0.001906757800884326,0.9373243403381171,-0.002531620163562576,0.0014180782039797664,-0.001315082876319839,0.019069415102860445,-0.08948370512969825,0.014231920704900912,-0.007486082616108247,-0.10680038334722439,0.051657882280911685,-0.005438667296358588,0.006972997088074551,0.0023385487117220595,0.9424341904651404,-0.0020694034893641144,0.0017231136906158957,-3.0230259914132327e-06,0.00034677951294683574,-0.0004666908309847049,0.0020296921449136085,0.0,-0.0,0.0,-0.0,0.0019067578008843261,2.168404344971009e-19
5.79,-85.0,84.4832653998273,1.0,0.0,0.4857613173789939,0.4849942301559935,0.0017765227450908514,0.0019074367644755501,0.9373385135703541,-0.002544760806921846,0.0014166410404978756,-0.0013129871082687577,0.01921159427978668,-0.0895585428152556,0.014202499453995574,-0.007481347872784481,-0.10685470428132642,0.05172749784002137,-0.005425252277457223,0.0069502665695035425,0.0023178634963387525,0.942451420627687,-0.0020676165095148847,0.0017228715487137736,-3.037297597096116e-06,0.00034804910892611483,-0.0004655471962001656,0.0020279721493466967,0.0,-0.0,0.0,-0.0,0.00190743676447555,-2.168404344971009e-19
5.800000000000001,-85.0,84.48326501835734,1.0,0.0,0.48577908588414,0.48501330679498844,0.001777072991184424,0.0019077863348006053,0.9373526724271466,-0.0025578808113382945,0.0014149982684787377,-0.0013110021038903396,0.019353470269056143,-0.08963333282574863,0.01417283694280157,-0.007476542846076527,-0.10690889115513534,0.051796896761056976,-0.005411867657269263,0.006929930803881418,0.002297197187071859,0.9424686476709906,-0.0020655146506528828,0.0017224781070282903,-3.0510535924873117e-06,0.000349300281874374,-0.00046440612951882676,0.0020259432360375455,0.0,-0.0,0.0,-0.0,0.0019077863348006055,2.168404344971009e-19
5.8100000000000005,-85.0,84.48326539982685,1.0,0.0,0.4857968602813206,0.4850323874036397,0.0017778840629562897,0.0019084102976220977,0.9373668147123662,-0.0025709812381566836,0.001413380227829439,-0.00130901200678381,0.019495059705878368,-0.08970807471003449,0.01414551934294408,-0.007471734413645841,-0.10696294487194485,0.05186609537974253,-0.00539861300451747,0.0069095797586580295,0.002276551544451639,0.9424858706322871,-0.002063657200881972,0.0017220904006416205,-3.064788110952618e-06,0.00035059729199095373,-0.0004632761746125356,0.0020241539683546325,0.0,-0.0,0.0,-0.0,0.001908410297622098,2.168404344971009e-19
5.82,-85.0,84.48326501835689,1.0,0.0,0.4858146453230971,0.48505147682149274,0.0017790329436123509,0.001909379710828039,0.9373809409605259,-0.0025840610809871076,0.001411777654261291,-0.0013069423999125594,0.01963638934981693,-0.08978276857169033,0.014120133191924131,-0.007466940852547282,-0.10701686624969789,0.051935086071135256,-0.005385395180564659,0.006887650752504088,0.002255922119885644,0.9425030899535766,-0.00206211752246896,0.0017218189742075282,-3.0784852496888203e-06,0.00035193121146852643,-0.00046214934137714673,0.002022676325986348,0.0,-0.0,0.0,-0.0,0.0019093797108280387,-2.168404344971009e-19
5.83,-85.0,84.4832653998264,1.0,0.0,0.48583243973257445,0.4850705737775741,0.001779606501810937,0.0019097609879152168,0.9373950505440902,-0.0025971203504945753,0.0014101029059261565,-0.0013048548403443204,0.019777457819793655,-0.08985741460711281,0.014091986448247024,-0.007462170196203786,-0.10707065529791603,0.05200384844754507,-0.005372125978064781,0.0068630870310360265,0.0022353100642966165,0.9425203073654611,-0.002060054978623256,0.0017217599447979055,-3.091953345014486e-06,0.0003531852509674389,-0.0004610180597817448,0.002020685750074537,0.0,-0.0,0.0,-0.0,0.0019097609879152168,0.0
5.84,-85.0,84.48326501835643,1.0,0.0,0.48585023949194245,0.48508967402158126,0.0017804190914284862,0.001910370162034849,0.9374091445318354,-0.0026101592583997334,0.001408666480895575,-0.001302879576396087,0.01991822836720156,-0.08993201277936688,0.01406267026899226,-0.007457353405931263,-0.10712431115704261,0.05207237874235014,-0.005358801926089002,0.0068430552846471876,0.00221471872887465,0.9425375233431571,-0.002058262699061553,0.001721393240838109,-3.1058699718168326e-06,0.00035439786812959436,-0.0004598820302408421,0.0020189601941179133,0.0,-0.0,0.0,-0.0,0.0019103701620348489,-2.168404344971009e-19
5.8500000000000005,-85.0,84.4702137946013,1.0,0.0,0.48586804401382644,0.4851087770511649,0.0017805370741503482,0.0019102840637266994,0.9374232231702859,-0.002623178940035069,0.0014070837885284168,-0.00130100971162677,0.020058699924756274,-0.09000656247621294,0.014031330934427017,-0.0074524627424851705,-0.10717783432602891,0.05214071735162981,-0.005345586865380237,0.006824389046303759,0.0021941484279259524,0.942554735108098,-0.002055835557435966,0.0017209391907154312,-3.1193911636038163e-06,0.0003555469550202267,-0.00045875531311474706,0.0020166118129848237,0.0,-0.0,0.0,-0.0,0.0019102840637266996,2.168404344971009e-19
5.86,-85.0,84.47021341313135,1.0,0.0,0.4858858541119139,0.4851278837021443,0.0017809993154637518,0.001910546956692743,0.9374372857483365,-0.0026361795325862782,0.0014054314263884794,-0.0012990448929435187,0.02019888722858824,-0.09008106296025258,0.014002929591734064,-0.007447521356896162,-0.107231225872659,0.05220886022911458,-0.0053324788779501335,0.006804311554882295,0.0021735984740784845,0.942571942813187,-0.00205370990806334,0.001720552858209597,-3.1326842786634293e-06,0.00035675830344659445,-0.0004576377445585884,0.0020145590820834004,0.0,-0.0,0.0,-0.0,0.001910546956692743,0.0
5.87,-85.0,84.47021379460085,1.0,0.0,0.4859036686522825,0.48514699283427143,0.0017817538587054972,0.001911119160285853,0.9374513322832909,-0.0026491606820983737,0.0014038012858344241,-0.0012971192306271263,0.02033878783537123,-0.09015551390130408,0.013976395977661163,-0.007442560448679691,-0.10728448687927351,0.05227681046078332,-0.0053194733395339,0.006785322922788481,0.0021530697514744214,0.9425891460989556,-0.0020518718081457433,0.0017200944686038481,-3.1459525498585714e-06,0.000358005704054636,-0.0004565289277286924,0.002012788336509768,0.0,-0.0,0.0,-0.0,0.0019111191602858531,2.168404344971009e-19
5.88,-85.0,84.47021341313089,1.0,0.0,0.4859214853491719,0.48516610214904277,0.0017815781643182084,0.0019107324141258552,0.9374653626461017,-0.002662122824288732,0.001402268829782912,-0.0012951408593449342,0.020478391084498518,-0.09022991490283802,0.013943837970651834,-0.007437529114145439,-0.10733761793538966,0.052344546163797905,-0.00530646450256448,0.006761645234967056,0.002132564151526961,0.9426063466873368,-0.002049225827454025,0.0017199652879559487,-3.159365625335795e-06,0.000359086562377056,-0.00045541978655165284,0.002010225003925788,0.0,-0.0,0.0,-0.0,0.0019107324141258554,2.168404344971009e-19
5.890000000000001,-85.0,84.4702137946004,1.0,0.0,0.4859393059323848,0.4851852134063696,0.0017826661775803946,0.0019116485743388939,0.9374793773635095,-0.002675064747420235,0.0014006246317337786,-0.0012932032633347584,0.020617706021732764,-0.09030426531711362,0.01391992959045826,-0.007432451197938973,-0.1073906186178942,0.052412061707954115,-0.005293423045731649,0.006741858430884559,0.0021120800298895853,0.9426235445255555,-0.002047689768471147,0.0017195413713574628,-3.1724538817995944e-06,0.0003603784507829751,-0.00045430780532623553,0.002008750382763954,0.0,-0.0,0.0,-0.0,0.0019116485743388939,0.0
5.9,-85.0,84.47021341313044,1.0,0.0,0.48595713587957495,0.485204332267496,0.0017832188002009969,0.0019120103074797951,0.9374933751077167,-0.002687987632638636,0.0013989832906887063,-0.0012913501022210926,0.02075677797789498,-0.09037856498134246,0.013892964282637744,-0.0074273726517016195,-0.10744348927467176,0.05247938925988185,-0.005280477496221335,0.006723558827092741,0.0020916126702152085,0.942640737518486,-0.0020456880683193466,0.0017190325559058891,-3.1854798842665614e-06,0.000361580895870461,-0.00045320401711730727,0.0020068189086109075,0.0,-0.0,0.0,-0.0,0.0019120103074797947,-4.336808689942018e-19
5.91,-85.0,84.47021379459994,1.0,0.0,0.48597497295248676,0.48522345672092826,0.0017839264641017775,0.0019125848590125902,0.9375073575310423,-0.0027008915446710036,0.0013974734075072348,-0.0012893775098083984,0.020895581402054143,-0.09045281399598405,0.013865762689609092,-0.007422324094125805,-0.10749623097600713,0.05254651781364069,-0.005267593972431832,0.006702344747586366,0.002071163242725354,0.9426579265709009,-0.0020439265736284674,0.0017187308758472822,-3.1987350809681376e-06,0.00036276610463844574,-0.00045210551378054644,0.002005123003235659,0.0,-0.0,0.0,-0.0,0.00191258485901259,-2.168404344971009e-19
5.92,-85.0,84.47021341312998,1.0,0.0,0.4859928138024616,0.4852425829725375,0.0017840253002029299,0.0019124568643523715,0.9375213263068518,-0.0027137757953755726,0.0013960685510596956,-0.0012874156171307897,0.02103407643246124,-0.0905270121515018,0.013833725181285532,-0.0074171864661549645,-0.10754884376430207,0.0526134406646826,-0.005254707258788303,0.006682345638647792,0.0020507344268054332,0.9426751121404897,-0.0020415903868647983,0.0017183343562500821,-3.212158623974398e-06,0.0003638124870465391,-0.0004510066969770835,0.00200286323290689,0.0,-0.0,0.0,-0.0,0.0019124568643523712,-2.168404344971009e-19
5.930000000000001,-85.0,84.47021379459949,1.0,0.0,0.4860106557268747,0.48526170826550036,0.0017844320000520455,0.0019126735054986446,0.9375352789759438,-0.002726640678853335,0.0013944327286294726,-0.0012854962096695605,0.02117227572140608,-0.09060115854254164,0.013806392762746299,-0.00741198840630717,-0.10760132788894052,0.052680166114389124,-0.005241863204156101,0.006662452434379846,0.002030329229018471,0.9426922935007713,-0.002039494895248925,0.0017179215496425952,-3.2249788709941823e-06,0.00036497048761421793,-0.0004499115005757782,0.002000839497331199,0.0,-0.0,0.0,-0.0,0.0019126735054986448,2.168404344971009e-19
5.94,-85.0,84.47021341312953,1.0,0.0,0.48602850338017795,0.48528083742451594,0.001785042571359135,0.0019130904667392962,0.9375492153658891,-0.002739485716336457,0.0013928507408338662,-0.0012835237719406706,0.021310210208374324,-0.09067525305806323,0.01377951238522119,-0.007406801910628476,-0.10765368362480328,0.05274668485156872,-0.005229023064263349,0.006641511766190946,0.0020099434228975643,0.9427094712368215,-0.0020376030353157193,0.0017175878512364858,-3.237853503633717e-06,0.0003661294666045002,-0.00044881660121000305,0.001999015454848433,0.0,-0.0,0.0,-0.0,0.0019130904667392964,2.168404344971009e-19
5.95,-85.0,84.47021379459903,1.0,0.0,0.48604635607960855,0.4852999695091495,0.0017858196544976836,0.0019136595643503074,0.9375631376901165,-0.002752311417489064,0.0013914802613448375,-0.0012815156898779963,0.02144785209778345,-0.09074929538633643,0.013751502960024305,-0.007401553102693017,-0.10770591109438254,0.052813006045569856,-0.005216217438140639,0.006621417335334692,0.001989577084740785,0.9427266448180233,-0.0020359119548049257,0.0017171794503609839,-3.251149565934134e-06,0.00036724702259152594,-0.00044772462529641234,0.001997388316621128,0.0,-0.0,0.0,-0.0,0.0019136595643503072,-2.168404344971009e-19
5.96,-85.0,84.47021341312907,1.0,0.0,0.48606421961616986,0.4853191105430977,0.0017864991196941175,0.0019141458173913834,0.9375770451212869,-0.0027651179257254825,0.001389934687553737,-0.0012796943873984062,0.021585245190796357,-0.09082328527232764,0.013724929017982918,-0.007396316610980176,-0.1077580107745841,0.05287913490753874,-0.005203475533770296,0.006603749460083702,0.0019692251123354194,0.9427438139702573,-0.0020341134424694124,0.001716651550179763,-3.263972118193321e-06,0.0003683921535920933,-0.0004466380823453636,0.001995655718262847,0.0,-0.0,0.0,-0.0,0.0019141458173913834,0.0
5.970000000000001,-85.0,84.46796312321186,1.0,0.0,0.4860820883570347,0.48533825474458103,0.0017871180321299425,0.001914565438430794,0.9375909376047645,-0.002777906119151652,0.0013884558400728089,-0.0012778562600368553,0.021722357300838897,-0.09089722260638032,0.013697360623074568,-0.007391038226684956,-0.1078099835512336,0.05294507913313897,-0.005190826484975505,0.006583472916882321,0.0019488923340102097,0.9427609783921216,-0.0020322938014871858,0.0017163111527287677,-3.276881889146777e-06,0.0003694994737732911,-0.0004455594711476839,0.001993902317694334,0.0,-0.0,0.0,-0.0,0.0019145654384307945,4.336808689942018e-19
5.98,-85.0,84.46796350468136,1.0,0.0,0.4860999601563758,0.48535739998193284,0.001787312320201511,0.0019145346861269084,0.9376048140725558,-0.00279067578167543,0.001386947994486115,-0.0012760023588728976,0.021859188821458753,-0.09097110701531308,0.01366782489323065,-0.0073857254580644216,-0.10786182996914323,0.05301082240261768,-0.005178213257217109,0.006562696970611011,0.0019285807725136293,0.9427781392356002,-0.002030083956746921,0.0017160013375600506,-3.2896543616464534e-06,0.00037054223498022844,-0.00044448389548957005,0.001991766000997897,0.0,-0.0,0.0,-0.0,0.0019145346861269088,4.336808689942018e-19
5.99,-85.0,84.4679631232114,1.0,0.0,0.48611783914041884,0.48537655038015637,0.001788352916771178,0.0019154077825213802,0.9376186749670328,-0.0028034267770096514,0.0013851826047786117,-0.0012741272069810882,0.021995762216757187,-0.0910449383514103,0.013646008440680984,-0.007380450092120498,-0.10791355027108697,0.05307635777625653,-0.005165597466179513,0.006542011189008613,0.001908286709654374,0.9427952970409218,-0.002028591754134248,0.0017157033234410832,-3.301746552028043e-06,0.0003717838815064665,-0.000443408062350747,0.001990333709917689,0.0,-0.0,0.0,-0.0,0.0019154077825213802,0.0
6.0,-85.0,84.46796350468091,1.0,0.0,0.4861357230518274,0.48539570308842467,0.0017884009986819805,0.0019151146872808567,0.937632518067002,-0.0028161591873930585,0.0013833809890621768,-0.0012723399629882943,0.0221320850880426,-0.09111871708892799,0.013618573839472604,-0.00737519128854192,-0.10796514454659831,0.053141691950905616,-0.005153023977326146,0.006524775991407486,0.0018880131549425415,0.9428124515405212,-0.00202608070770076,0.0017151699173871145,-3.3136805682992986e-06,0.00037286248139840216,-0.00044233582164546296,0.001987901708096217,0.0,-0.0,0.0,-0.0,0.0019151146872808567,0.0
6.010000000000001,-85.0,84.46796312321095,1.0,0.0,0.48615361053931644,0.4854148567582893,0.0017888657287151838,0.0019153749969081607,0.9376463442780034,-0.002828873511403386,0.0013818047629638296,-0.0012704694685756026,0.022268146540323948,-0.09119244340434138,0.013592163769878545,-0.007369967616228337,-0.10801661360526368,0.05320684692554307,-0.005140538731180483,0.006505623781721926,0.0018677610016238015,0.9428296011825479,-0.0020241242886403785,0.0017147691112287533,-3.326083659909592e-06,0.00037395840579364925,-0.00044127111674766137,0.0019860137915220827,0.0,-0.0,0.0,-0.0,0.0019153749969081611,4.336808689942018e-19
6.0200000000000005,-85.0,84.46796350468045,1.0,0.0,0.4861715005096771,0.48543401077844894,0.0017890274270643738,0.0019153235372745315,0.9376601547159688,-0.0028415692678139095,0.0013802685033915468,-0.0012685733243581517,0.02240393125497713,-0.0912661174985023,0.013563917228085576,-0.0073647294967975315,-0.10806795811281232,0.05327181688437083,-0.005128123567391311,0.006487646487516974,0.0018475302732391039,0.9428467463784662,-0.0020219190533294885,0.0017142714296890147,-3.338513512051003e-06,0.0003749927825937271,-0.0004402123890818367,0.001983881657274692,0.0,-0.0,0.0,-0.0,0.0019153235372745313,-2.168404344971009e-19
6.03,-85.0,84.4679631232105,1.0,0.0,0.48618939617187273,0.48545316843797964,0.0017899337357496269,0.0019160320035788258,0.9376739506806578,-0.0028542463601377993,0.0013788901378388213,-0.0012667533289419353,0.02253945081829315,-0.09133973911068456,0.01353891678201611,-0.007359486497735931,-0.1081191789547345,0.05333660753809621,-0.005115815129154061,0.006469785469442803,0.001827317752101005,0.9428638866392701,-0.0020204174080233027,0.0017137906629991857,-3.351259620672614e-06,0.00037610624514916786,-0.0004391627859679909,0.0019824398040183214,0.0,-0.0,0.0,-0.0,0.0019160320035788258,0.0
6.04,-85.0,84.46796350468,1.0,0.0,0.4862072970855914,0.48547232939903573,0.0017899064550115813,0.0019158016636181795,0.9376877318517314,-0.0028669046293874397,0.0013774022125792843,-0.001264891382466496,0.02267470849658907,-0.09141330839526451,0.01350959971905081,-0.007354256749240408,-0.10817027679632756,0.05340119829536312,-0.005103502645542603,0.006449492705293919,0.0018071237101357734,0.942881023643545,-0.0020180914702372954,0.0017134998176080462,-3.363674865053215e-06,0.0003770890597963499,-0.00043811279853394843,0.001980189077220831,0.0,-0.0,0.0,-0.0,0.0019158016636181795,0.0
6.050000000000001,-85.0,84.46796312321004,1.0,0.0,0.4862251963891628,0.48549148687147137,0.0017900667759354618,0.0019157994647504412,0.9377014989442245,-0.002879544611163584,0.0013760479246582378,-0.0012630122698263852,0.02280966038807575,-0.09148682510591172,0.013480646988488805,-0.007348968254814214,-0.1082212516714566,0.0534656000746547,-0.005091234633169291,0.006430735127505679,0.0017869537014464627,0.9428981567116822,-0.0020160039384277593,0.0017130772807885987,-3.376346990705933e-06,0.00037807021767564643,-0.0004370665893310765,0.0019781721833965777,0.0,-0.0,0.0,-0.0,0.0019157994647504416,4.336808689942018e-19
6.0600000000000005,-85.0,84.46796350467955,1.0,0.0,0.48624309651724235,0.48551064325707166,0.001789865988748658,0.001915385509282813,0.9377152527830278,-0.0028921658621153578,0.0013744909142188243,-0.001261167395691495,0.022944314152455663,-0.09156028863988866,0.01345093594661573,-0.007343613227305837,-0.10827210413942183,0.05352981970582647,-0.005078999384573983,0.006412298070905997,0.001766805323084752,0.9429152851304006,-0.002013532769283335,0.0017126282647826063,-3.3884524579842125e-06,0.0003790183577289421,-0.0004360231545570112,0.0019757787585688662,0.0,-0.0,0.0,-0.0,0.0019153855092828129,-2.168404344971009e-19
6.07,-85.0,84.46796312320959,1.0,0.0,0.48626099806515355,0.48552979911500965,0.0017904722339992117,0.0019158124876683075,0.9377289895927176,-0.002904768951773701,0.0013728492556343934,-0.0012593485695527073,0.023078704458468675,-0.091633698429384,0.013427027161187368,-0.007338247638544902,-0.10832283443472472,0.05359385413778182,-0.005066819043480671,0.006393764730524161,0.001746678873664346,0.9429324091192431,-0.002011767350785876,0.001712189019501872,-3.4002809593521835e-06,0.00038011940087671724,-0.0004349843952700233,0.0019740777630209657,0.0,-0.0,0.0,-0.0,0.0019158124876683075,0.0
6.08,-85.0,84.46796350467909,1.0,0.0,0.4862789037320995,0.4855489572756465,0.0017905317613493702,0.0019156784974987432,0.9377427094779024,-0.0029173540430102595,0.001371246732559341,-0.0012575945573049551,0.023212850173703933,-0.09170705468153485,0.013400025370981157,-0.007332888132865827,-0.10837344302574807,0.05365769896320199,-0.005054672655134349,0.006375435252114988,0.001726571868061289,0.9429495291392628,-0.0020095326858866345,0.001711753990777038,-3.4121399321417505e-06,0.0003811229188677773,-0.0004339485138169125,0.00197191623238002,0.0,-0.0,0.0,-0.0,0.001915678497498743,-2.168404344971009e-19
6.09,-85.0,84.46796312320913,1.0,0.0,0.48629681064830044,0.4855681146436392,0.00179063809082215,0.001915562471640654,0.9377564146274803,-0.00292992138724954,0.0013698505080294615,-0.001255799672944219,0.02334671916280127,-0.09178035707675258,0.013371502033803736,-0.007327473754346868,-0.10842393059594617,0.05372137107766896,-0.005042618498334485,0.00635850951220027,0.0017064863610424892,0.9429666438774339,-0.0020073801964928667,0.0017111867056943272,-3.4244448741317625e-06,0.0003820721803232211,-0.00043292051280870793,0.001969835249000273,0.0,-0.0,0.0,-0.0,0.0019155624716406545,4.336808689942018e-19
6.1000000000000005,-85.0,84.46796350467864,1.0,0.0,0.48631469579451525,0.48558726872517893,0.001786045679695591,0.0019150268845284442,0.9377701052913456,-0.0029424705535854062,0.0013683153551354364,-0.0012539778444290491,0.02348029657396741,-0.09185360502991453,0.013342142053467773,-0.007321995702635764,-0.10847429778954631,0.053784853721756606,-0.0050305930734945836,0.006339063761656467,0.0016864242910823995,0.9429837543655262,-0.002004838345772812,0.001710791698178618,-3.4363342575347307e-06,0.0003829860708716919,-0.0004318949401114389,0.001967372088025726,0.0,-0.0,0.0,-0.0,0.0019150268845284442,0.0
6.11,-85.0,84.39220933902902,1.0,0.0,0.4863325563075955,0.48560641834096957,0.001786021250225056,0.0019148536777569886,0.9377837806232219,-0.0029550021115033846,0.0013668252701687549,-0.0012522455999274156,0.023613586691429222,-0.09192679790699605,0.013314842112658603,-0.007316462077538077,-0.10852454516992167,0.053848164914060234,-0.005018673316108804,0.006322133032230243,0.0016663868214864335,0.9430008592068225,-0.0020026263072465966,0.0017102080912930811,-3.448268116563369e-06,0.00038394787270424295,-0.0004308784006542877,0.0019652324738235966,0.0,-0.0,0.0,-0.0,0.0019148536777569886,0.0
6.12,-85.0,84.39220972049853,1.0,0.0,0.4863504162918278,0.48562556591852124,0.0017859333049907078,0.0019146154829731558,0.9377974418085046,-0.002967515547567811,0.001365374748731443,-0.0012503928357415614,0.023746599637442696,-0.09199993541709975,0.013287311825895739,-0.007310919875276953,-0.1085746737076408,0.05391129223687208,-0.005006794033259024,0.006303067567609557,0.0016463715741386442,0.9430179591422234,-0.00200036947658405,0.0017097605774484734,-3.4602353508621237e-06,0.00038489220598451543,-0.0004298652986793924,0.001963048811018895,0.0,-0.0,0.0,-0.0,0.001914615482973156,2.168404344971009e-19
6.13,-85.0,84.39220933902857,1.0,0.0,0.486368279649427,0.4856447155078128,0.0017861504062633346,0.0019146941946335204,0.937811087483696,-0.0029800107016057452,0.0013637888892523166,-0.0012485683715443784,0.023879367857267172,-0.09207301752553493,0.013262371293357245,-0.0073053859581246475,-0.10862468335613049,0.05397423237871765,-0.004994910629828384,0.0062852053740535966,0.0016263752808405368,0.9430350544224292,-0.0019983686656464177,0.0017092350024290625,-3.471796032789417e-06,0.0003859014892297583,-0.0004288518069706809,0.0019611163084072326,0.0,-0.0,0.0,-0.0,0.0019146941946335207,2.168404344971009e-19
6.140000000000001,-85.0,84.39220972049807,1.0,0.0,0.4863861442649905,0.4856638635250157,0.0017866381901311247,0.0019148432679618357,0.9378247174966114,-0.0029924876716222403,0.001362117354151972,-0.0012467902085409458,0.024011875616535252,-0.09214604420488867,0.013239042272736557,-0.007299847811203996,-0.10867457482090198,0.05403699448341468,-0.00498313051184108,0.006267686979472332,0.001606400965954139,0.9430521443839677,-0.001996410455639596,0.0017086908039392786,-3.483070757256509e-06,0.0003869479565544611,-0.00042784714598821915,0.0019592255281528506,0.0,-0.0,0.0,-0.0,0.0019148432679618362,4.336808689942018e-19
6.15,-85.0,84.39220933902811,1.0,0.0,0.48640400833500635,0.4856830088680416,0.0017862810922884538,0.0019143323645442003,0.9378383314269598,-0.003004946538437639,0.0013605746399611171,-0.001244892645100076,0.024144121106623815,-0.09221901560214728,0.01321087726925302,-0.007294318574469321,-0.10872434820523287,0.0540995616693507,-0.004971277074192246,0.006245820401416138,0.001586449586663128,0.9430692303480006,-0.0019939280031714833,0.0017084523627936693,-3.494607427183563e-06,0.00038784294815649755,-0.0004268361523744869,0.0019568201761893736,0.0,-0.0,0.0,-0.0,0.0019143323645442007,4.336808689942018e-19
6.16,-85.0,84.39220972049762,1.0,0.0,0.4864218731538523,0.48570215296088504,0.0017866968439695023,0.001914369832890178,0.9378519301659004,-0.0030173870410652864,0.0013591274030694037,-0.0012431300644817243,0.024276103632418118,-0.09229193168678888,0.01318498315617851,-0.007288784491516255,-0.10877400278755939,0.05416193609744013,-0.0049594215532569414,0.006228808297598629,0.001566519627585295,0.9430863121470342,-0.001991947097821789,0.0017078832545520868,-3.5063244325876684e-06,0.0003887941538954101,-0.00042582494303479017,0.001954906946462146,0.0,-0.0,0.0,-0.0,0.001914369832890178,0.0
6.17,-85.0,84.39220933902766,1.0,0.0,0.486439742110988,0.48572129784220897,0.0017870311254105408,0.00191455025868457,0.9378655138177809,-0.003029809383449346,0.0013574607775930384,-0.0012413059333119163,0.02440783376424261,-0.0923647924712118,0.01316142795792944,-0.007283259927596164,-0.10882353890988726,0.054224137480925444,-0.00494757273276677,0.006211636334381704,0.0015466091959257587,0.9431033883700323,-0.0019900514504828503,0.0017073161989350936,-3.517410499074269e-06,0.0003898046308575239,-0.0004248142729939815,0.0019530773113201018,0.0,-0.0,0.0,-0.0,0.00191455025868457,0.0
6.180000000000001,-85.0,84.39220972049716,1.0,0.0,0.4864576122854471,0.48574044253566395,0.0017867560980497146,0.0019141306248781156,0.9378790798182337,-0.003042213892000159,0.0013557420250399732,-0.0012395740176766674,0.02453932691988668,-0.09243759816379055,0.01313545208679329,-0.00727776108352967,-0.10887295689815361,0.05428616571422173,-0.004935795954096898,0.006194179410283061,0.001526719632227776,0.943120459167153,-0.001987633249665929,0.0017067993505025824,-3.5282954121147243e-06,0.00039073392850064794,-0.00042380975222666944,0.0019507347440162516,0.0,-0.0,0.0,-0.0,0.0019141306248781154,-2.168404344971009e-19
6.19,-85.0,84.3922093390272,1.0,0.0,0.486475478900284,0.48575958190280766,0.0017865263396120074,0.0019137143794995004,0.937892631020013,-0.003054601186659473,0.0013544074830204856,-0.0012378040176697983,0.02467053601103848,-0.09251034865809535,0.013106459004930932,-0.007272217839693496,-0.1089222575368503,0.054348021247033355,-0.004924087024899313,0.00617647755563869,0.0015068545688777199,0.9431375246079912,-0.0019853278910924805,0.0017062782218300173,-3.5401124299912893e-06,0.00039156268828936125,-0.00042281101949534993,0.0019485028231354805,0.0,-0.0,0.0,-0.0,0.0019137143794995006,2.168404344971009e-19
6.2,-85.0,84.39220972049671,1.0,0.0,0.4864933426266625,0.48577871675809897,0.0017863485419390543,0.0019133758247592422,0.9379061670284387,-0.0030669709123248446,0.0013528658103580155,-0.0012360923108337535,0.024801469222941293,-0.0925830433703738,0.013079901877549226,-0.00726660291522921,-0.10897144111200291,0.05440969797841547,-0.004912395102627615,0.006158047218229933,0.0014870132900979707,0.9431545848986607,-0.0019830394068272093,0.0017058045306289598,-3.551323336484287e-06,0.00039245349178444744,-0.0004218137097047944,0.0019462873660160735,0.0,-0.0,0.0,-0.0,0.0019133758247592422,0.0
6.21,-85.0,84.39220933902675,1.0,0.0,0.48651120825086464,0.4857978519614561,0.0017865752821037094,0.0019134594222701134,0.9379196877554413,-0.0030793238717171907,0.001351243441425674,-0.0012344176800949775,0.02493215652204059,-0.09265568189483199,0.013056461918645674,-0.0072609830123460594,-0.10902050804898933,0.05447120358655923,-0.0049007863667018346,0.006142549115773028,0.001467191618613355,0.9431716395302439,-0.001981102585595884,0.0017051151388013121,-3.562258074504561e-06,0.0003934282169512022,-0.0004208235074587066,0.0019444169708521222,0.0,-0.0,0.0,-0.0,0.0019134594222701134,0.0
6.220000000000001,-85.0,84.39220972049625,1.0,0.0,0.4865290742896939,0.48581698613556096,0.0017866470954018315,0.0019133879037022297,0.9379331932109404,-0.0030916600114724376,0.001349805192191075,-0.0012327324939445923,0.02506259531027966,-0.0927282641983833,0.013031247264737993,-0.007255365506215576,-0.10906945966173207,0.05453255087307836,-0.004889318547814704,0.006125744366482321,0.0014473906661037535,0.9431886874835088,-0.0019790846408537363,0.001704522681310085,-3.5736148221799684e-06,0.0003943400158742626,-0.00041984536993098,0.0019424668725811275,0.0,-0.0,0.0,-0.0,0.0019133879037022301,4.336808689942018e-19
6.23,-85.0,84.3922093390263,1.0,0.0,0.4865469366824062,0.4858361150379575,0.0017860215707826263,0.0019125787208899888,0.9379466847443618,-0.0031039787998675514,0.0013484203012148232,-0.0012309552166190384,0.02519275340150472,-0.09280079031226418,0.013001494701721888,-0.007249722237517724,-0.109118296819173,0.05459372732633699,-0.0048778803672167225,0.0061085882462043745,0.001427613581311885,0.9432057296310868,-0.00197646862906755,0.0017039327364824154,-3.5850484328744945e-06,0.0003951038356449563,-0.0004188697407105856,0.0019399296743884925,0.0,-0.0,0.0,-0.0,0.0019125787208899886,-2.168404344971009e-19
6.24,-85.0,84.39217386234148,1.0,0.0,0.48656479775466394,0.4858552408137789,0.0017859679032427727,0.0019122401507700947,0.9379601605528126,-0.0031162802023277677,0.0013466490765853207,-0.0012292890715909295,0.02532265687700294,-0.09287325977406588,0.012978150234912642,-0.007244046608413298,-0.10916701969029649,0.054654731090961604,-0.004866501577602653,0.006092534194361396,0.0014078588697623055,0.9432227660178666,-0.0019741480860408127,0.0017032767162798324,-3.595389944736142e-06,0.0003960523338128783,-0.00041789917552515485,0.0019376823824271074,0.0,-0.0,0.0,-0.0,0.0019122401507700947,0.0
6.25,-85.0,84.39217424381098,1.0,0.0,0.48658265601708234,0.4858743609445167,0.0017857336903019906,0.0019118443553148435,0.9379736210577889,-0.003128564733548976,0.001345270415551812,-0.0012275465069709539,0.025452297759609183,-0.09294567239288679,0.012951318605830648,-0.0072383621570808005,-0.10921562936054822,0.0547155785203761,-0.00485520827056404,0.00607620361238212,0.0013881286526946635,0.9432397953723676,-0.001971896155189629,0.00170261045746793,-3.6067138345562314e-06,0.00039688464704216,-0.0004169359143048262,0.001935502336412066,0.0,-0.0,0.0,-0.0,0.0019118443553148435,0.0
6.260000000000001,-85.0,84.39217386234102,1.0,0.0,0.48660051278587857,0.48589347803364086,0.001785716814588281,0.0019116791753929897,0.9379870657641787,-0.003140831564230304,0.0013436036025594403,-0.0012257813849055447,0.02558168876822914,-0.09301802812866437,0.012927704423629238,-0.007232669469327438,-0.10926412603162128,0.054776251463427926,-0.004843902410291022,0.006058453127870353,0.0013684205576904266,0.9432568188728484,-0.0019697866327839427,0.0017020501783231907,-3.617202222920602e-06,0.00039780593758393827,-0.00041597153957358477,0.0019334619796055569,0.0,-0.0,0.0,-0.0,0.0019116791753929897,0.0
6.2700000000000005,-85.0,84.39217424381053,1.0,0.0,0.48661836952960424,0.4859125936064748,0.0017856508528062954,0.0019114483211227049,0.9380004943830089,-0.003153081246135932,0.0013421147786452348,-0.0012240951343205847,0.02571084380585656,-0.09309032701263381,0.012903028875752672,-0.007226982645750466,-0.10931250996635787,0.05483676061897934,-0.0048326752297211464,0.006042996187326877,0.0013487333490310707,0.9432738358585352,-0.0019676601563109997,0.0017013329597982672,-3.628107325054252e-06,0.0003986854202090165,-0.00041501388660341036,0.0019314048948421531,0.0,-0.0,0.0,-0.0,0.0019114483211227049,0.0
6.28,-85.0,84.39217386234057,1.0,0.0,0.48663622487300434,0.4859317060497271,0.0017852571112709614,0.001910873191169791,0.9380139091515891,-0.0031653141537779116,0.0013408377129948018,-0.0012224441932347405,0.025839739576305344,-0.0931625687958731,0.012874837548294733,-0.007221251242937458,-0.10936078197395462,0.054897100756002494,-0.004821493852661817,0.006025362648717033,0.0013290677653883878,0.9432908467371124,-0.0019653083994303606,0.0017007804380483812,-3.6395240923708003e-06,0.00039944625849435556,-0.0004140601320635219,0.001929126588831328,0.0,-0.0,0.0,-0.0,0.001910873191169791,0.0
6.29,-85.0,84.39217424381008,1.0,0.0,0.48665407407964956,0.4859508104745532,0.0017844114391521657,0.0019098375898886455,0.9380273112271389,-0.0031775304550306616,0.0013395289322168692,-0.001220750733793096,0.025968342011725,-0.09323475297896462,0.012844752299870638,-0.00721544999021869,-0.10940894231947784,0.0549572721917943,-0.004810362006221995,0.006009105796877038,0.0013094275791348544,0.9433078514217549,-0.001962562971853774,0.001700096631309293,-3.650792111152177e-06,0.0004001372255228186,-0.0004131105946689461,0.0019264617511459252,0.0,-0.0,0.0,-0.0,0.0019098375898886455,0.0
6.300000000000001,-85.0,84.39217386234012,1.0,0.0,0.4866719153128351,0.4859699047137389,0.0017841876934687312,0.001909398765310635,0.9380407018464569,-0.0031897296034406305,0.0013383986001324665,-0.0012190019874710133,0.026096630831189654,-0.09330687880993307,0.012816287927596075,-0.007209584845380594,-0.10945699171153231,0.055017281080947694,-0.00479928905958895,0.005992312401844895,0.0012898141727239842,0.9433248491496428,-0.001960391315607967,0.0016994310977508824,-3.6624831656713464e-06,0.0004008673053591653,-0.0004121660786940526,0.0019243600218111937,0.0,-0.0,0.0,-0.0,0.001909398765310635,0.0
6.3100000000000005,-85.0,84.39217424380962,1.0,0.0,0.48668975490004646,0.485988995510211,0.0017839674256185114,0.0019090028421226948,0.9380540790124527,-0.0032019110919764542,0.0013370148432248503,-0.001217075682666499,0.026224656452177968,-0.0933789457792706,0.01279001533926218,-0.0072036988427138455,-0.10950493012140029,0.05507711542470631,-0.004788189350912572,0.00597711526102558,0.0012702221767855778,0.9433418405797899,-0.001958200897270914,0.0016985405714084376,-3.67342256721523e-06,0.0004016557087575832,-0.0004112192298476343,0.0019222397857799611,0.0,-0.0,0.0,-0.0,0.0019090028421226948,0.0
6.32,-85.0,84.39217386233966,1.0,0.0,0.4867075940937893,0.486008083961756,0.0017842633814173896,0.0019090623668130149,0.9380674432976689,-0.0032140742977860037,0.0013357312208195572,-0.0012154845233521966,0.026352419477525913,-0.0934509536522748,0.012765043811931867,-0.007197750563143888,-0.10955275830268005,0.055136810510380094,-0.004777245568188885,0.00596162067374805,0.0012506503234801635,0.9433588224357172,-0.0019564566795228903,0.0016978066050924226,-3.6845773841331938e-06,0.0004024752069658555,-0.0004102857384074078,0.0019205574756387003,0.0,-0.0,0.0,-0.0,0.0019090623668130149,0.0
6.33,-85.0,84.39217424380917,1.0,0.0,0.4867254351953467,0.48602717214437446,0.0017839543983732083,0.0019085552767859014,0.9380807939141729,-0.0032262210731234704,0.001334462511422391,-0.0012138022024105167,0.026479937653288047,-0.0935229020691146,0.012737436812157586,-0.00719179863097648,-0.10960047765643756,0.05519635226803238,-0.004766418705504774,0.005945691468986234,0.0012310968490439184,0.9433757967593787,-0.001954240030196201,0.0016970929061753712,-3.6957170539190684e-06,0.00040320192459146237,-0.00040936225569781283,0.0019184113249461712,0.0,-0.0,0.0,-0.0,0.0019085552767859016,2.168404344971009e-19
6.340000000000001,-85.0,84.3921738623392,1.0,0.0,0.4867432726628214,0.48604625487742614,0.001783655692792453,0.0019081097439202898,0.9380941309932345,-0.003238350876143851,0.0013328694559039452,-0.0012120667087233228,0.026607186429079246,-0.093594790644891,0.012713124102565154,-0.00718578372102284,-0.10964808898572176,0.05525573146091441,-0.0047556290905249035,0.005929631954647745,0.0012115660716111472,0.9433927641148477,-0.0019519922794563598,0.001696365135807821,-3.705896032270737e-06,0.00040402302836081174,-0.00040844193766234594,0.0019162345492540948,0.0,-0.0,0.0,-0.0,0.0019081097439202898,0.0
6.3500000000000005,-85.0,84.39217424380871,1.0,0.0,0.4867611099292018,0.4860653359046472,0.001783547231180444,0.001907834823514231,0.9381074534023027,-0.0032504634046037328,0.001331550496398676,-0.0012104070097027045,0.026734197391656143,-0.09366661893802411,0.01268770272321481,-0.007179745355895811,-0.10969559263137235,0.05531495420696657,-0.004744889917076511,0.005914758713771827,0.0011920550744316544,0.9434097238559127,-0.001949968770937,0.0016955603369360576,-3.7167778812161152e-06,0.0004047996974489623,-0.0004075259188592097,0.0019142778228056945,0.0,-0.0,0.0,-0.0,0.001907834823514231,0.0
6.36,-85.0,84.39217386233875,1.0,0.0,0.4867789424637741,0.48608441039650874,0.0017832953075664897,0.0019073022122184987,0.9381207623045001,-0.0032625595375779344,0.0013300896357690477,-0.001208757846144048,0.02686093883421517,-0.09373838659503633,0.012662732487396147,-0.007173656475185463,-0.1097429892591353,0.055374019371796965,-0.004734236842980166,0.005898055686742346,0.001172567590211164,0.9434266762283675,-0.0019476850770908185,0.0016948869356243207,-3.7272022771215083e-06,0.0004055810947522423,-0.0004066172605633238,0.001912065580306702,0.0,-0.0,0.0,-0.0,0.001907302212218499,2.168404344971009e-19
6.37,-85.0,84.39217424380826,1.0,0.0,0.4867967735770648,0.48610348052969266,0.001782992121617786,0.0019068125772359642,0.9381340569777176,-0.0032746389348967384,0.0013286626947228224,-0.0012070696351286537,0.02698742891957022,-0.0938100932499634,0.012636982345338926,-0.007167543128971635,-0.10979027940999993,0.055432924542474456,-0.004723589954941644,0.0058823661907845635,0.0011531018485179477,0.9434436212312699,-0.0019454808758049798,0.001694119588778864,-3.7376613841518467e-06,0.0004063280544518735,-0.00040570910011254063,0.0019099312842807833,0.0,-0.0,0.0,-0.0,0.0019068125772359642,0.0
6.38,-85.0,84.371434879184,1.0,0.0,0.48681460049735203,0.48612254381522635,0.0017825604097743896,0.0019060610385708014,0.9381473356913801,-0.003286701150798799,0.00132696248041056,-0.0012053278549157798,0.027113671158398835,-0.09388173873268106,0.01261290006979501,-0.007161428365292574,-0.1098374635805959,0.05549167146414023,-0.0047130164876853465,0.005866230926533584,0.001133660365929845,0.9434605585830147,-0.0019429703692963182,0.0016933715253214011,-3.747289324158787e-06,0.00040711935979183657,-0.00040480721139775155,0.001907496179500875,0.0,-0.0,0.0,-0.0,0.0019060610385708012,-2.168404344971009e-19
6.390000000000001,-85.0,84.37143449771403,1.0,0.0,0.4868324239760897,0.48614160138509,0.0017822942001021076,0.0019056386409755366,0.938160598850629,-0.003298746295497526,0.0013257061290388654,-0.0012036235532817334,0.02723966637333251,-0.09395332300800634,0.0125861934435902,-0.007155289192121127,-0.10988454181317575,0.05555026103232709,-0.004702415560056378,0.005851187351814038,0.0011142419175391809,0.9434774881837853,-0.0019408898328447015,0.0016925407599731636,-3.758110330559087e-06,0.0004078165833842335,-0.00040390293030204453,0.0019054830982239066,0.0,-0.0,0.0,-0.0,0.0019056386409755364,-2.168404344971009e-19
6.4,-85.0,84.37143487918354,1.0,0.0,0.48685024338257965,0.48616065328615393,0.0017814936646434348,0.0019046290384839046,0.9381738492177332,-0.0033107743540019482,0.0013243819586392204,-0.0012019626048370628,0.027365389652161596,-0.09402484562425689,0.012557372604165456,-0.007149095300490299,-0.10993151424453332,0.05560869982496631,-0.004691868962187124,0.0058364796622388075,0.00109484551666814,0.943494409482767,-0.0019382959629874272,0.0016916898099753816,-3.768679973456435e-06,0.0004084350484265799,-0.0004030032824307653,0.0019029659524615464,0.0,-0.0,0.0,-0.0,0.0019046290384839046,0.0
6.41,-85.0,84.37143449771358,1.0,0.0,0.4868680572366258,0.4861796977112443,0.0017809840317240956,0.0019039242775997292,0.9381870858111102,-0.003322785440299765,0.001323050218845271,-0.0012002236068533762,0.02749084341513099,-0.094096306116976,0.012530470666574239,-0.0071428688572097235,-0.10997838153221913,0.05566698763670548,-0.0046813854432212094,0.005820846237384341,0.001075472926935981,0.9435113224578768,-0.0019359649433247394,0.001690887341827982,-3.7791685311221663e-06,0.0004091057018947311,-0.00040210901880550386,0.001900706763041624,0.0,-0.0,0.0,-0.0,0.0019039242775997292,0.0
6.42,-85.0,84.37143487918308,1.0,0.0,0.48688586421777363,0.48619873318913953,0.0017804061042096665,0.0019031568247058676,0.9382003089240226,-0.003334779673577479,0.001321622231683314,-0.0011985522183256797,0.02761601895698128,-0.09416770395129435,0.012503773824484818,-0.007136559278396562,-0.11002514410068337,0.055725123990163654,-0.0046709264608178315,0.005805465620356619,0.001056125216458574,0.9435282270628391,-0.0019335753567741236,0.0016900611251124454,-3.789320594476593e-06,0.00040977300225318277,-0.000401216828611775,0.0018983899716589364,0.0,-0.0,0.0,-0.0,0.0019031568247058674,-2.168404344971009e-19
6.430000000000001,-85.0,84.37143449771312,1.0,0.0,0.48690366701562104,0.4862177626464469,0.0017801489623761979,0.0019027248673397043,0.938213517978563,-0.003346757649342726,0.0013201027826524909,-0.0011969078423971961,0.027740936246011358,-0.09423903843619467,0.012479805110902166,-0.007130212993710242,-0.11007180206966657,0.05578308502208824,-0.004660445907223441,0.00578773460885716,0.0010367999597530046,0.9435451252220999,-0.001931443859617329,0.001689429871409053,-3.799149224213992e-06,0.0004105202897172974,-0.0004003227524055814,0.0018963264792522022,0.0,-0.0,0.0,-0.0,0.0019027248673397041,-2.168404344971009e-19
6.44,-85.0,84.37143487918263,1.0,0.0,0.4869214678340353,0.4862367882808416,0.0017798723561077607,0.0019022693512573887,0.9382267123611736,-0.003358718717673318,0.0013186237431177343,-0.0011952484639478893,0.027865613035592367,-0.09431030950920352,0.01245554041606754,-0.00712387132594911,-0.11011835517561469,0.05584088317766436,-0.004649968460794925,0.005772399426930957,0.0010174954432875232,0.9435620158232456,-0.0019293077143814337,0.0016886089326790218,-3.8090345415690314e-06,0.00041124895991629057,-0.0003994289106916165,0.0018942583365742836,0.0,-0.0,0.0,-0.0,0.0019022693512573887,0.0
6.45,-85.0,84.37143449771267,1.0,0.0,0.48693926582815483,0.4862558095505842,0.0017795228612653964,0.001901772550360922,0.938239890449148,-0.0033706631584694484,0.001316980381809189,-0.001193580526980819,0.027990059452651133,-0.09438151722265993,0.012432350932240852,-0.007117548714740007,-0.11016480370700425,0.055898536544807746,-0.004639533951168015,0.005757896816132107,0.0009982124500453491,0.9435788975560969,-0.0019271054346259849,0.001687727147474336,-3.81838552585974e-06,0.0004120044888784509,-0.00039853872457759236,0.001892125171585923,0.0,-0.0,0.0,-0.0,0.0019017725503609217,-2.168404344971009e-19
6.46,-85.0,84.37143487918217,1.0,0.0,0.48695706031357666,0.48627482565619196,0.0017793005476923233,0.0019013175497544662,0.9382530530268277,-0.0033825912629473318,0.0013157328261532743,-0.0011919578544986645,0.028114266182742043,-0.0944526618015534,0.01240627193380491,-0.00711124684310481,-0.11021114821778746,0.05595604582357509,-0.00462917090698855,0.005743159608423262,0.0009789513417861608,0.9435957705102732,-0.0019250598032284926,0.0016868840618640148,-3.828825915813293e-06,0.0004126552975011729,-0.00039765464476777644,0.0018901457229368833,0.0,-0.0,0.0,-0.0,0.0019013175497544664,2.168404344971009e-19
6.470000000000001,-85.0,84.37143449771222,1.0,0.0,0.4869748512183026,0.4862938359787483,0.001778814730116112,0.0019006781734167775,0.9382662030173703,-0.003394503336734768,0.001314196797655453,-0.0011903678045441274,0.028238208638629973,-0.0945237433062256,0.012381952964104553,-0.007104921386488039,-0.11025738944464224,0.056013410693412,-0.004618874829963272,0.005729243143406672,0.0009597117502255771,0.9436126349026027,-0.0019227813299844815,0.0016859886745276445,-3.838367070975441e-06,0.00041335525943573295,-0.00039677628528365076,0.0018879375663356705,0.0,-0.0,0.0,-0.0,0.0019006781734167773,-2.168404344971009e-19
6.48,-85.0,84.37143487918172,1.0,0.0,0.4869926390334667,0.486312841687757,0.001778534334468277,0.0019002407399424642,0.9382793371546954,-0.0034063992341769912,0.0013125813865540775,-0.0011887721618669205,0.028361919971432965,-0.0945947615521093,0.012359188426156267,-0.007098593921474839,-0.11030352782014496,0.056070626222461076,-0.004608601384438705,0.0057144433345630895,0.0009404934888601702,0.9436294910760837,-0.0019206661312413107,0.0016851609916491636,-3.8476165937995785e-06,0.00041409855869139686,-0.0003958998378487457,0.0018858896356936127,0.0,-0.0,0.0,-0.0,0.0019002407399424644,2.168404344971009e-19
6.49,-85.0,84.37143449771176,1.0,0.0,0.4870104246860139,0.4863318436785154,0.001778496389922034,0.0019000483746106263,0.9382924554399492,-0.0034182792229705316,0.0013110214326673753,-0.0011871538457107742,0.028485405979639326,-0.09466571657906861,0.012337429115264127,-0.007092288058591296,-0.11034956378476707,0.05612769581808043,-0.004598379596867451,0.005699109669590887,0.0009212957199924288,0.9436463388421873,-0.0019187792022423845,0.0016843784558602795,-3.856969399709733e-06,0.0004148673810805841,-0.0003950277964472603,0.001884065759377012,0.0,-0.0,0.0,-0.0,0.001900048374610626,-2.168404344971009e-19
6.5,-85.0,84.37143487918127,1.0,0.0,0.48702820894920185,0.4863508427473938,0.0017782139581000256,0.0018996144481502018,0.9383055582387481,-0.0034301429104643434,0.0013095665419627805,-0.0011855333660691575,0.028608668607415236,-0.09473660859983873,0.012313687542178304,-0.007085980110626733,-0.11039549759320577,0.05618461815326103,-0.004588185204838376,0.005685078630049542,0.000902117592432249,0.9436631783179201,-0.0019167252384096655,0.0016834959446166428,-3.866574028896774e-06,0.00041556130907389755,-0.00039415807732877785,0.0018820777904339791,0.0,-0.0,0.0,-0.0,0.001899614448150202,2.168404344971009e-19
6.510000000000001,-85.0,84.353389453766,1.0,0.0,0.48704599021224226,0.48636983703988307,0.001778059934093618,0.0018992388530973251,0.9383186466076193,-0.003441990116766415,0.001308278511102785,-0.0011838405575670423,0.028731690776594206,-0.09480743750713654,0.012288778796805382,-0.007079678395375392,-0.11044132967071493,0.056241393759717796,-0.004578023957122959,0.005669589488257118,0.0008829602826516222,0.943680009427385,-0.0019147831661607494,0.0016827214896029704,-3.8766150693101155e-06,0.00041620703446571244,-0.0003932911740158183,0.001880199607716741,0.0,-0.0,0.0,-0.0,0.0018992388530973251,0.0
6.5200000000000005,-85.0,84.3533898352355,1.0,0.0,0.48706377064516915,0.4863888285845279,0.001777847766949508,0.0018988844988369954,0.9383317212384972,-0.0034538203235291325,0.0013066194367066964,-0.0011822018963525034,0.028854475940266775,-0.09487820336052057,0.012267223810992494,-0.007073368262280688,-0.11048706007425216,0.056298014439449665,-0.004567856762829199,0.005654894661913859,0.0008638217483372164,0.9436968328453603,-0.001912754044508492,0.0016819082773367076,-3.885498718160069e-06,0.00041695785736868974,-0.00039242372918740954,0.0018782358693738754,0.0,-0.0,0.0,-0.0,0.0018988844988369956,2.168404344971009e-19
6.53,-85.0,84.35338945376554,1.0,0.0,0.48708154428592376,0.48640781047288995,0.0017771490231180552,0.0018978360776660964,0.9383447792797194,-0.003465634658470486,0.0013051704264143127,-0.001180628981104602,0.028977019821489355,-0.09494890608254698,0.012241199583849059,-0.0070670369074469636,-0.11053268908916525,0.0563544725233247,-0.004557712572077979,0.005637586854034346,0.0008447087725005032,0.9437136494749575,-0.0019101842723247438,0.0016813087505389765,-3.8949470319435776e-06,0.0004175481154576285,-0.00039155822728977497,0.0018757411365301865,0.0,-0.0,0.0,-0.0,0.0018978360776660964,0.0
6.54,-85.0,84.35338983523505,1.0,0.0,0.48709931084208946,0.4864267830921393,0.0017763054102201323,0.001896833238687361,0.9383578232648139,-0.0034774316717361494,0.0013035525831170485,-0.0011787720943376588,0.029099302669020635,-0.09501954545351658,0.012216246253006451,-0.007060695158255038,-0.11057821616679155,0.056410776141257835,-0.004547514129869087,0.005624173604138659,0.0008256202236089907,0.9437304579787303,-0.0019076279347723596,0.0016802770279891127,-3.903829775908093e-06,0.0004181656104300792,-0.0003906880317578204,0.0018732594897910104,0.0,-0.0,0.0,-0.0,0.0018968332386873612,2.168404344971009e-19
6.550000000000001,-85.0,84.35338945376509,1.0,0.0,0.4871170723291497,0.4864457491516877,0.001775755708889721,0.0018961357179222585,0.9383708504949059,-0.0034892116489402417,0.001301817345225396,-0.0011771514860242718,0.02922135731109989,-0.09509012117814668,0.012193658040919675,-0.007054319416378388,-0.11062364165088594,0.05646694296571536,-0.004537378266568276,0.005609330242482972,0.0008065543729690015,0.9437472569060084,-0.0019053138106900258,0.0016794523040481097,-3.91230005507565e-06,0.00041885560479940016,-0.0003898231804232421,0.001871015593601176,0.0,-0.0,0.0,-0.0,0.0018961357179222583,-2.168404344971009e-19
6.5600000000000005,-85.0,84.3533898352346,1.0,0.0,0.4871347981080614,0.4864647063896526,0.0017675405928120535,0.0018950525012323312,0.9383838616240346,-0.00350097540794823,0.0013004908807378967,-0.0011755785203209877,0.029343169610318198,-0.09516063302980367,0.012166508018964836,-0.007047908857213754,-0.110668966053237,0.05652296535474318,-0.004527307307856264,0.005595000739444416,0.0007875128971135412,0.9437640472071878,-0.0019027824720960953,0.001678582751008253,-3.921939457166804e-06,0.0004193800222372447,-0.00038896387270287913,0.0018685582911551323,0.0,-0.0,0.0,-0.0,0.0018950525012323312,0.0
6.57,-85.0,84.35338945376463,1.0,0.0,0.4871524697390719,0.48648365186592896,0.00176671605833685,0.0018939240570284557,0.9383968579097117,-0.003512723584932946,0.0012987027428142755,-0.0011740111934873633,0.029464720651379735,-0.09523108046959547,0.012143469075521059,-0.007041447557914492,-0.11071419009673814,0.056578845374975456,-0.0045173132138595015,0.005580634802145364,0.0007684979677325632,0.943780828683879,-0.0019000754078511669,0.0016776975013843521,-3.9301246275905975e-06,0.0004200370053903932,-0.00038811113558638436,0.0018659283118520372,0.0,-0.0,0.0,-0.0,0.0018939240570284555,-2.168404344971009e-19
6.58,-85.0,84.35338983523414,1.0,0.0,0.4871701337464157,0.4865025872554109,0.0017658942006015205,0.0018929201245878272,0.9384098384563161,-0.0035244560626574795,0.00129748716031948,-0.001172422643925109,0.029586030117140803,-0.0953014633346765,0.012116083306306554,-0.00703498493187635,-0.11075931428421962,0.0566345826642807,-0.00450732579470509,0.005566535380379232,0.0007495084380341006,0.9437976011761045,-0.0018976596827005349,0.001676777748482757,-3.939983998513857e-06,0.0004205347199654981,-0.0003872589393025943,0.001863584327923437,0.0,-0.0,0.0,-0.0,0.001892920124587827,-2.168404344971009e-19
6.590000000000001,-85.0,84.35338945376418,1.0,0.0,0.48718778779231403,0.4865215109827262,0.0017649481491566377,0.0018917966792223794,0.9384228081408826,-0.0035361725220026314,0.0012963093905871842,-0.001170804880395842,0.02970704418969085,-0.09537178112135865,0.012087357898583258,-0.007028424116780558,-0.11080433861642425,0.05669017331434874,-0.004497341449108123,0.005551520062792901,0.0007305439001028159,0.943814364815398,-0.0018951804167715522,0.001675908393654577,-3.949900080674087e-06,0.0004209757134199512,-0.0003864069746615525,0.0018611778405446548,0.0,-0.0,0.0,-0.0,0.0018917966792223794,0.0
6.6000000000000005,-85.0,84.35338983523368,1.0,0.0,0.48720543705596914,0.48654042806693326,0.0017646397957591787,0.0018913565120915819,0.9384357631700565,-0.0035478728645074926,0.0012946844474144214,-0.0011692234783298432,0.02982781866369053,-0.09544203306322238,0.012066083050195981,-0.007021832550249042,-0.1108492632997548,0.05674562265446022,-0.004487410262082727,0.005538144209569197,0.0007116011146862342,0.9438311190415068,-0.0018931449163153658,0.001674914284165969,-3.95839764881105e-06,0.0004216673910665166,-0.0003855595462910142,0.0018592070649648905,0.0,-0.0,0.0,-0.0,0.0018913565120915819,0.0
6.61,-85.0,84.35338945376373,1.0,0.0,0.48722307745862137,0.4865593350769327,0.0017635317518063722,0.001890163947465497,0.9384487023916555,-0.0035595572340907143,0.0012931875130382212,-0.001167612798523612,0.029948350372061353,-0.09551221906113282,0.012040078738135382,-0.007015219503264019,-0.1108940888596842,0.05680092935877999,-0.004477498230164683,0.005523574645661051,0.0006926833329795348,0.9438478639650417,-0.001890522315023679,0.0016739967251013289,-3.967227062342096e-06,0.00042218529275239746,-0.0003847137315193235,0.001856659613294765,0.0,-0.0,0.0,-0.0,0.001890163947465497,0.0
6.62,-85.0,84.35338983523323,1.0,0.0,0.48724070823160587,0.48657823075972334,0.0017627844168322361,0.0018891327082857228,0.9384616257696805,-0.0035712258220791052,0.0012914336334861605,-0.0011660504305375833,0.030068634515223694,-0.09558233867144576,0.012017638863836503,-0.007008570575625022,-0.11093881564124558,0.056856101008195215,-0.004467669557059095,0.0055104302305185315,0.0006737915406899496,0.9438645988540256,-0.001887952056151884,0.0016729615696874066,-3.975206918273416e-06,0.000422819505127675,-0.0003838750466368181,0.0018541634567131396,0.0,-0.0,0.0,-0.0,0.001889132708285723,2.168404344971009e-19
6.63,-85.0,84.35338945376327,1.0,0.0,0.4872583333087598,0.48659711758610436,0.0017622025609025534,0.0018882198642465608,0.9384745344734147,-0.003582878307981417,0.0012902390361618854,-0.001164454880631636,0.030188676706007212,-0.09565239182802662,0.011990959593873722,-0.0070019111080807045,-0.11098344413913616,0.05691112765947607,-0.004457841274907164,0.005495896030932961,0.0006549232871119534,0.9438813243437825,-0.001885664852613411,0.0016720262161749777,-3.98485085657487e-06,0.0004232958896310559,-0.00038303636399956303,0.0018519451894716428,0.0,-0.0,0.0,-0.0,0.0018882198642465608,0.0
6.640000000000001,-85.0,84.35338983523278,1.0,0.0,0.48727595253013684,0.48661599633351216,0.001761789624801148,0.0018876562893706146,0.9384874293187467,-0.003594515426156617,0.0012888244936849233,-0.0011629025134004458,0.030308473928840934,-0.09572237817115892,0.011968154105119047,-0.006995221443846778,-0.11102797472940043,0.0569660208291089,-0.004448095923220947,0.005481996664156333,0.000636077549009044,0.9438980396311563,-0.0018836095017136223,0.0016710459797478051,-3.993761288661134e-06,0.00042390028864490616,-0.0003822047762769649,0.0018499545382913345,0.0,-0.0,0.0,-0.0,0.0018876562893706146,0.0
6.65,-85.0,84.35338945376282,1.0,0.0,0.4872935692740009,0.48663487092475166,0.0017616025886007347,0.0018873010160197843,0.938500310908974,-0.0036061369761484535,0.0012874305386503828,-0.0011613847212616935,0.03042804518427496,-0.0957922977024166,0.011946422404622329,-0.006988550770575058,-0.11107240818441479,0.05702077768661004,-0.004438416897144582,0.005469277468312337,0.0006172508619580677,0.9439147449672818,-0.0018817414337597268,0.001669995522612545,-4.002681450454682e-06,0.0004245348098989871,-0.00038137885833464097,0.001848147745905893,0.0,-0.0,0.0,-0.0,0.0018873010160197843,0.0
6.66,-85.0,84.35338983523232,1.0,0.0,0.48731118091718867,0.4866537386953789,0.0017609551349766627,0.0018865008619286922,0.9385131789189814,-0.0036177427039148697,0.0012860119749487139,-0.001159719574399763,0.030547379129841627,-0.09586215060336224,0.011922529738196507,-0.006981883413463336,-0.11111674534620146,0.05707541662214927,-0.004428847100933287,0.005457992402611018,0.0005984453732185099,0.9439314389108515,-0.001879516370412615,0.001668791710614768,-4.011469814730772e-06,0.0004250843811683266,-0.00038056229628324797,0.0018459902468583444,0.0,-0.0,0.0,-0.0,0.0018865008619286922,0.0
6.67,-85.0,84.33174867617447,1.0,0.0,0.4873287879468283,0.486672600630874,0.0017603716875006813,0.0018858032884927801,0.9385260316340462,-0.0036293326926045994,0.0012844842509430535,-0.001158222626642113,0.030666495539758993,-0.09593193669998347,0.011900374303703321,-0.006975203210629005,-0.11116098716393359,0.05712992191771461,-0.004419321544775038,0.005443225762487065,0.0005796606368435641,0.9439481227393781,-0.001877344314759314,0.0016679180222249766,-4.019863324270275e-06,0.0004256879362867662,-0.0003797495061850984,0.0018438847217153824,0.0,-0.0,0.0,-0.0,0.00188580328849278,-2.168404344971009e-19
6.680000000000001,-85.0,84.33174829470451,1.0,0.0,0.4873463893702595,0.4866914557096681,0.0017597819466803814,0.0018850776004208226,0.938538868750266,-0.0036409074433574086,0.0012829017814264976,-0.0011566792070702222,0.030785393854141425,-0.09600165614301137,0.011878515414886784,-0.006968556034838364,-0.1112051338889026,0.05718429094010756,-0.004409841951761348,0.005430305400791897,0.0005608975735674672,0.9439647968811018,-0.0018751445334496003,0.0016668923327609001,-4.028029501297823e-06,0.0004262943903609645,-0.00037894063594828977,0.001841751875509446,0.0,-0.0,0.0,-0.0,0.0018850776004208228,2.168404344971009e-19
6.69,-85.0,84.33174867617402,1.0,0.0,0.48736398378103885,0.48671030241413527,0.0017588846909502621,0.0018840415583096075,0.9385516908316627,-0.0036524663658809,0.0012814975887040416,-0.001155038648275577,0.030904062645312903,-0.09607130914857455,0.01185396568145166,-0.006961902772018947,-0.1112491860600907,0.05723852411434161,-0.004400401743249626,0.0054155418358211435,0.0005421571826689509,0.9439814612207542,-0.0018727393712173605,0.0016659914014524402,-4.0366994959572e-06,0.0004267961669190389,-0.00037813512006877343,0.0018394172109552991,0.0,-0.0,0.0,-0.0,0.0018840415583096072,-2.168404344971009e-19
6.7,-85.0,84.33174829470406,1.0,0.0,0.48738156900566415,0.48672913863521716,0.001757917219998374,0.00188294889944401,0.9385644983393292,-0.0036640089642657405,0.0012800405709997207,-0.0011534583499581003,0.031022490332056455,-0.09614089545961099,0.011829769781473633,-0.006955218278228448,-0.11129314353512508,0.05729260104086969,-0.0043909069026033185,0.005400871927048943,0.0005234411144979478,0.9439981172303462,-0.0018702673187215226,0.0016650915648939262,-4.045147237156983e-06,0.00042730218112213504,-0.00037732487895556177,0.0018370167445145935,0.0,-0.0,0.0,-0.0,0.00188294889944401,0.0
6.71,-85.0,84.33174867617356,1.0,0.0,0.48739914416298297,0.48674796329436093,0.0017570232778662954,0.001881888367977588,0.9385772916763129,-0.0036755359075429377,0.0012786314223531647,-0.0011518849223270235,0.031140669938230798,-0.0962104148919082,0.01180524224703629,-0.006948523981318722,-0.11133700609219165,0.05734653830287639,-0.004381415085096282,0.005387005883932865,0.0005047501418536951,0.9440147637125219,-0.0018678493245714708,0.0016641277801004502,-4.053689657332453e-06,0.00042778765231094365,-0.0003765148667292488,0.0018346692720532256,0.0,-0.0,0.0,-0.0,0.001881888367977588,0.0
6.720000000000001,-85.0,84.3317482947036,1.0,0.0,0.48741671356549515,0.4867667809598199,0.0017565599313078381,0.0018813416464891805,0.9385900705865466,-0.0036870472546323943,0.0012771806472097642,-0.0011503411924344816,0.03125862302996244,-0.09627986735638024,0.011783277657675967,-0.0069418332556736495,-0.1113807737940232,0.05740034109583982,-0.004371935160127665,0.0053725809719757395,0.00048608031909902976,0.9440314002684144,-0.001865868971215423,0.0016632231731563323,-4.062046062059461e-06,0.0004283579620861189,-0.0003757058471377974,0.0018327515776029183,0.0,-0.0,0.0,-0.0,0.0018813416464891802,-2.168404344971009e-19
6.73,-85.0,84.3317486761731,1.0,0.0,0.487434272956437,0.486785587526805,0.0017552020994870488,0.0018798509373734373,0.9386028350421176,-0.00369854328875593,0.0012756634214827044,-0.0011488149789139516,0.03137633123429696,-0.09634925286815368,0.011757814248186619,-0.006935128225635976,-0.11142444686079497,0.05745400102142921,-0.004362492681242304,0.005359057244394522,0.00046743504348002816,0.9440480277250537,-0.0018630686303257949,0.0016622513361926761,-4.070134031164772e-06,0.00042879273723919146,-0.00037490001496265276,0.0018300283491280635,0.0,-0.0,0.0,-0.0,0.0018798509373734375,2.168404344971009e-19
6.74,-85.0,84.33174829470315,1.0,0.0,0.48745182200270626,0.48680438236882384,0.0017544875199598893,0.0018789843025947283,0.9386155835289487,-0.0037100237608294314,0.0012740729212891637,-0.0011472427345768088,0.03149380571909447,-0.09641857126793925,0.011735899754444746,-0.006928416310782269,-0.11146802558021673,0.05750752813155973,-0.004353073987408243,0.005346161723648803,0.0004488152616681835,0.9440646451453475,-0.0018607820674294824,0.001661210915375517,-4.077931051717705e-06,0.0004293487491969493,-0.000374096196013933,0.0018278096804634299,0.0,-0.0,0.0,-0.0,0.0018789843025947286,2.168404344971009e-19
6.75,-85.0,84.33174867617265,1.0,0.0,0.48746936391742046,0.48682316887043403,0.0017537794155300318,0.0018782010709759134,0.9386283173699026,-0.0037214884493135753,0.001272746109787351,-0.0011456272409921856,0.03161105399272287,-0.0964878226067581,0.01171238806805317,-0.006921715809530486,-0.11151151034450087,0.05756092042473983,-0.004343685502823923,0.005331187325877258,0.0004302176872770225,0.944081252636101,-0.0018586514094248256,0.0016603329289176846,-4.086517733056229e-06,0.00042983846905246125,-0.0003732949437457013,0.0018257440634022097,0.0,-0.0,0.0,-0.0,0.0018782010709759134,0.0
6.760000000000001,-85.0,84.33174829470269,1.0,0.0,0.48748689443255705,0.48684194273721365,0.0017522279933491235,0.0018764713471351095,0.9386410384470285,-0.0037329375399856772,0.0012714486037023244,-0.0011441227858448332,0.03172804180548461,-0.09655700684078654,0.011684512481491745,-0.006914985548236827,-0.11155490127055387,0.05761417024495145,-0.004334314758081333,0.0053179873175876425,0.0004116453122767742,0.9440978509226529,-0.0018557309977712667,0.0016593376854118582,-4.095143416611607e-06,0.0004301591062921994,-0.0003724951855458299,0.0018229025698053517,0.0,-0.0,0.0,-0.0,0.0018764713471351095,0.0
6.7700000000000005,-85.0,84.3317486761722,1.0,0.0,0.48750441323321136,0.48686070317134383,0.0017517168728898261,0.00187581212564269,0.9386537458517765,-0.00374437138046519,0.0012699004236602538,-0.0011425931704130098,0.03184477495685907,-0.09662612350883548,0.01166357818404363,-0.006908209699597578,-0.11159819852403569,0.05766728178997025,-0.00432494055832589,0.005304558860218547,0.0003930990635202514,0.9441144396249314,-0.0018536478209542372,0.0016583404323669531,-4.102905141079332e-06,0.0004307267366642338,-0.0003716950996372003,0.0018208833937567357,0.0,-0.0,0.0,-0.0,0.0018758121256426898,-2.168404344971009e-19
6.78,-85.0,84.33174829470224,1.0,0.0,0.4875219241514947,0.48687945423221624,0.0017505603497484032,0.001874489527914616,0.938666437724982,-0.0037557897421409262,0.0012684148381775905,-0.0011410559841020709,0.031961284591715426,-0.09669517238509749,0.011638869607636753,-0.006901427061923023,-0.11164140197847554,0.05772025356330683,-0.004315561953426007,0.005290548221611679,0.0003745759106756576,0.9441310187476861,-0.0018510389962973152,0.0016573865690826632,-4.110814180388111e-06,0.0004311471826640466,-0.0003708946055322512,0.0018183477649632088,0.0,-0.0,0.0,-0.0,0.0018744895279146161,2.168404344971009e-19
6.79,-85.0,84.33174867617174,1.0,0.0,0.48753942392420285,0.48689819227168885,0.0017492686615784476,0.0018729594096121708,0.9386791154742966,-0.0037671927065604984,0.0012672028299360026,-0.0011395252788453008,0.032077544348173566,-0.0967641533820669,0.011611468602097273,-0.006894620899984929,-0.11168451172209053,0.05777308169481237,-0.004306206810720557,0.0052763956109551395,0.00035607847952747753,0.9441475885916407,-0.001848332423320777,0.0016564404120493616,-4.119555473056167e-06,0.0004314590581330511,-0.00037009609731878296,0.0018157160042709588,0.0,-0.0,0.0,-0.0,0.0018729594096121708,0.0
6.800000000000001,-85.0,84.33174829470178,1.0,0.0,0.48755690933837514,0.48691691310113905,0.001748182446038575,0.0018716196538816714,0.938691782243632,-0.003778580901571469,0.0012659465891195916,-0.0011380462491310853,0.032193514129198374,-0.09683306589821984,0.011585480017535465,-0.006887735564315131,-0.11172752832187302,0.05782578794243628,-0.004296928526660355,0.0052644589741862105,0.0003376093649609013,0.944164147422398,-0.0018457824046436615,0.0016553075990739714,-4.128096525707069e-06,0.00043181399226982535,-0.00036930416335854125,0.0018132379214960946,0.0,-0.0,0.0,-0.0,0.0018716196538816716,2.168404344971009e-19
6.8100000000000005,-85.0,84.32906541811465,1.0,0.0,0.4875743872387695,0.486935624991743,0.001747335706309566,0.0018706858571948704,0.9387044356598242,-0.0037899540437175455,0.0012645688373462726,-0.0011365226632088692,0.03230924926401331,-0.0969019095279008,0.011562107176421343,-0.006880848168204086,-0.11177045239168573,0.057878372206193324,-0.004287707454682354,0.005251402826176233,0.0003191621057803318,0.9441806950897838,-0.00184355945867079,0.001654260041372387,-4.136189443157119e-06,0.0004322581147371303,-0.0003685171178098906,0.001811081049710788,0.0,-0.0,0.0,-0.0,0.0018706858571948706,2.168404344971009e-19
6.82,-85.0,84.32906579958416,1.0,0.0,0.4875918556710105,0.48695432630865065,0.0017461918057950219,0.001869414157283974,0.9387170740432574,-0.003801312047694333,0.0012630168142521445,-0.00113501775501295,0.03242475619584758,-0.09697068430757902,0.011538757969537601,-0.006873966763842247,-0.11181328449024285,0.05793082591069715,-0.004278530254272174,0.005238318858725563,0.0003007384870831839,0.9441972323245863,-0.0018410029785452806,0.0016532217758587035,-4.143658309670194e-06,0.000432695207693902,-0.00036773381364459964,0.0018085964215443417,0.0,-0.0,0.0,-0.0,0.0018694141572839738,-2.168404344971009e-19
6.83,-85.0,84.3290654181142,1.0,0.0,0.48760931492878734,0.4869730170958454,0.001745601960290323,0.001868674834823987,0.938729696789061,-0.003812654745418869,0.0012614949941606793,-0.0011335023049260083,0.032540040988267765,-0.09703939027485284,0.011517769847060596,-0.006867086649328571,-0.11185602492193314,0.057983148496379866,-0.004269374721002764,0.00522615678933417,0.00028233859228948973,0.9442137591275805,-0.001838907991448421,0.0016521062409373833,-4.151171552579317e-06,0.0004332132824420567,-0.000366952342558513,0.0018065650664930227,0.0,-0.0,0.0,-0.0,0.0018686748348239871,2.168404344971009e-19
6.840000000000001,-85.0,84.3290657995837,1.0,0.0,0.4876267638231087,0.486991695956917,0.001744164242393525,0.0018670626848771787,0.9387423053306748,-0.0038239821443334667,0.001260140496973596,-0.0011319627289589865,0.03265508867685066,-0.09710802741492222,0.011491691131803898,-0.0068601894488071425,-0.11189867406441542,0.05803534473719611,-0.0042602722128219405,0.00521338631836185,0.0002639631532009838,0.9442302751052652,-0.0018361328328301443,0.0016510263957436092,-4.159181080594488e-06,0.0004335318636103118,-0.0003661753996413515,0.0018038654019888129,0.0,-0.0,0.0,-0.0,0.0018670626848771787,0.0
6.8500000000000005,-85.0,84.32906541811374,1.0,0.0,0.48764420369053924,0.48701036412021176,0.0017437669008148662,0.0018665339142104915,0.9387548996546613,-0.003835294301004413,0.0012586557315108185,-0.001130459975499246,0.03276990518823068,-0.09717659541382878,0.011471656731563914,-0.006853273199470882,-0.11194123228828882,0.0580874134696228,-0.00425119374378816,0.0052007633594952085,0.00024561103322861465,0.9442467802556562,-0.0018342379798944853,0.001649939363147473,-4.1667074324361035e-06,0.0004340706385665231,-0.0003654004941294468,0.001802030477205851,0.0,-0.0,0.0,-0.0,0.0018665339142104912,-2.168404344971009e-19
6.86,-85.0,84.32906579958325,1.0,0.0,0.4876616365768485,0.48702902385429764,0.0017427483622339552,0.0018653418344261148,0.9387674794592309,-0.0038465916274103723,0.001257327356475934,-0.001128978156600503,0.0328845050994242,-0.09724509431299,0.01144756045432705,-0.0068463655695327535,-0.11198369997576589,0.058139357652899445,-0.004242174995815833,0.005188297598695806,0.0002272803740516094,0.9442632744757364,-0.0018318377239663745,0.0016488494332031112,-4.174700224411388e-06,0.00043444829160164353,-0.0003646306938159157,0.0017996989368647982,0.0,-0.0,0.0,-0.0,0.0018653418344261145,-2.168404344971009e-19
6.87,-85.0,84.32906541811329,1.0,0.0,0.487679057290877,0.48704766908185315,0.001741464828678739,0.0018638373811437302,0.9387800467550579,-0.003857873769393344,0.0012560305999010967,-0.001127460813986843,0.032998846837408974,-0.09731352405027763,0.01142192849071899,-0.006839432041941177,-0.11202607758667281,0.058191166179173325,-0.004233167936531278,0.005173635278334733,0.00020897562907026801,0.9442797586191,-0.0018291886578812526,0.0016479283792463868,-4.182744094368544e-06,0.0004347591482656533,-0.0003638618686865456,0.0017971228456589911,0.0,-0.0,0.0,-0.0,0.0018638373811437302,0.0
6.88,-85.0,84.32906579958279,1.0,0.0,0.4876964698604129,0.48706630453139543,0.0017408424692871675,0.0018630559925905154,0.9387926005371563,-0.0038691411902209887,0.001254676398922452,-0.0011259887373579972,0.03311296165056409,-0.09738188453570472,0.011400200471765692,-0.0068325278727897855,-0.1120683651826324,0.05824284491060058,-0.0042241829229676085,0.005161943941456148,0.00019069310867327635,0.944296232352926,-0.0018271340753228315,0.0016467938169498612,-4.190546010899851e-06,0.0004352107265500619,-0.00036309491043100717,0.0017951307224823606,0.0,-0.0,0.0,-0.0,0.0018630559925905156,2.168404344971009e-19
6.890000000000001,-85.0,84.32906541811283,1.0,0.0,0.48771387572880087,0.48708493165014305,0.001739977775943581,0.0018619986632127888,0.9388051400370347,-0.0038803938385904434,0.00125323883607545,-0.0011244933055528303,0.03322686150607926,-0.09745017609270865,0.011377649855628261,-0.006825644288735502,-0.11211056302733921,0.05829439756396664,-0.004215214190451668,0.005148257077587868,0.00017243170782629038,0.9443126955186014,-0.001824839256283043,0.001645824460796452,-4.198018855455517e-06,0.00043562352237463644,-0.0003623293240456402,0.001792902483739248,0.0,-0.0,0.0,-0.0,0.0018619986632127886,-2.168404344971009e-19
6.9,-85.0,84.32906579958234,1.0,0.0,0.48773127364495544,0.4871035489533054,0.0017395084650377963,0.0018613750284169014,0.9388176649575535,-0.0038916319883174843,0.001251691269004688,-0.0011230631841594966,0.033340541046703816,-0.09751839883770994,0.011357990395600166,-0.006818773852832045,-0.11215267133453961,0.05834582503642653,-0.004206280255877723,0.005136398211963221,0.00015419263705108023,0.9443291481710345,-0.0018228831883318267,0.0016447291595765802,-4.205070174045146e-06,0.0004361398195892308,-0.000361566700863867,0.0017910069798655825,0.0,-0.0,0.0,-0.0,0.0018613750284169012,-2.168404344971009e-19
6.91,-85.0,84.32906541811238,1.0,0.0,0.4877486636607156,0.4871221565873,0.001738507096586369,0.0018601782308377884,0.9388301756490977,-0.003902855456217762,0.0012503036278449524,-0.0011216160932272254,0.03345400033581937,-0.09758655300043874,0.01133461265964642,-0.00681190683017142,-0.11219469062948896,0.05839713182430866,-0.004197399225657188,0.005124939424812052,0.00013597562729129273,0.9443455899978245,-0.0018205016623508514,0.0016435990547615685,-4.212606299244686e-06,0.00043650606532098655,-0.00036080859756046927,0.001788693369376516,0.0,-0.0,0.0,-0.0,0.0018601782308377886,2.168404344971009e-19
6.92,-85.0,84.32906579958188,1.0,0.0,0.4877660445910265,0.4871407532606008,0.0017375962210206641,0.00185910117720269,0.9388426723435179,-0.003914065049110774,0.0012488985477645564,-0.0011202588387175466,0.0335672336030154,-0.09765463838970159,0.01131238717436533,-0.006805033945458398,-0.11223662160604995,0.05844832817974161,-0.004188632075993815,0.005114092365684336,0.00011778162949705662,0.9443620202888957,-0.001818214509888633,0.001642438152256883,-4.2200320465941875e-06,0.0004369090763082581,-0.0003600602555946332,0.0017864723885356593,0.0,-0.0,0.0,-0.0,0.00185910117720269,0.0
6.930000000000001,-85.0,84.32906541811192,1.0,0.0,0.48778341500912786,0.4871593379953139,0.0017365087323523902,0.0018578398738654262,0.9388551537644103,-0.003925260417399107,0.0012474455010861654,-0.0011188123549148593,0.03368024687196385,-0.09772265515889245,0.01128953940485358,-0.006798169584106649,-0.11227846509496524,0.058499406321647955,-0.0041799013698577666,0.005102010163465214,9.961173104587015e-05,0.9443784396182797,-0.0018157749355773437,0.0016413536526453383,-4.227244203743914e-06,0.00043728058736158376,-0.00035931501832586873,0.001784101549033455,0.0,-0.0,0.0,-0.0,0.001857839873865426,-2.168404344971009e-19
6.94,-85.0,84.32906579958143,1.0,0.0,0.4878007770823089,0.48717791274553635,0.0017356902297917527,0.0018568108873431995,0.938867620476924,-0.003936441501522391,0.001246003019460607,-0.0011173562599767015,0.033793047097581665,-0.09779060317951675,0.011267896707500174,-0.00679129467387734,-0.11232022161663585,0.058550367556568374,-0.004171230922994383,0.005089725341088736,8.146409576799318e-05,0.9443948477909822,-0.0018135370608797763,0.0016402796899160172,-4.234441117242874e-06,0.00043769146524814555,-0.0003585749338701886,0.0017819287970824854,0.0,-0.0,0.0,-0.0,0.0018568108873431995,0.0
6.95,-85.0,84.32906541811147,1.0,0.0,0.487818131735662,0.4871964779207078,0.001734700481146149,0.001855664507837062,0.9388800734473367,-0.003947607869517947,0.001244622370179695,-0.0011158691082782182,0.033905630995531066,-0.09785848243815828,0.011245737763659884,-0.0067844188311281615,-0.11236189156430851,0.05860119961703265,-0.004162582448774939,0.005076660243829282,6.333806668433481e-05,0.9444112457144543,-0.0018112096550296352,0.0016392669484099703,-4.2417975340895055e-06,0.0004380750332379808,-0.00035783671140029874,0.0017796679835334697,0.0,-0.0,0.0,-0.0,0.0018556645078370623,2.168404344971009e-19
6.96,-85.0,84.32906579958097,1.0,0.0,0.4878354759351881,0.48721503123531257,0.0017340795715042024,0.0018549343710350362,0.9388925116327207,-0.003958759425198515,0.0012429985277096901,-0.0011143903966386942,0.034017997580028894,-0.09792629290217156,0.011227111507452796,-0.006777547495853881,-0.1124034749992758,0.058651906021880876,-0.004153932064371239,0.005064388118263083,4.5235855567511284e-05,0.9444276331074394,-0.0018091718588415153,0.0016381912083598892,-4.248272726190426e-06,0.0004385892965955899,-0.0003570982971119401,0.001777691644277577,0.0,-0.0,0.0,-0.0,0.0018549343710350364,2.168404344971009e-19
6.970000000000001,-85.0,84.29370317445867,1.0,0.0,0.48785281082795634,0.48723357407479884,0.0017331106368611271,0.001853848536979157,0.9389049338879782,-0.00396989646800902,0.0012413951084125883,-0.001112976262848442,0.03413016197503425,-0.09799403485602785,0.011206861780890563,-0.00677070500432185,-0.11244497213449345,0.05870249533790762,-0.004145326228916657,0.005053250204545207,2.7156567243816706e-05,0.9444440093956489,-0.0018068472316883268,0.0016370435074002762,-4.254764896801441e-06,0.00043903361237530213,-0.00035636368532950647,0.0017754333748301629,0.0,-0.0,0.0,-0.0,0.001853848536979157,0.0
6.98,-85.0,84.29370355592818,1.0,0.0,0.48787013691085485,0.48725210694836174,0.0017320539132423328,0.0018526707537077258,0.9389173405805116,-0.003981019457637781,0.0012399026579048332,-0.0011115469088825755,0.03424212644925473,-0.09806170849413426,0.011185722436246994,-0.006763886628862874,-0.1124863836035455,0.05875297249928102,-0.0041368053982817465,0.005041514118651203,9.09964925222792e-06,0.9444603742909462,-0.0018044792227454557,0.0016359413112845423,-4.261586169694883e-06,0.00043943631035251503,-0.00035563635437782943,0.001773132383902735,0.0,-0.0,0.0,-0.0,0.0018526707537077258,0.0
6.99,-85.0,84.29370317445822,1.0,0.0,0.4878874510749232,0.487270626183885,0.0017306098461136285,0.001851018192537912,0.9389297337415169,-0.0039921281752301795,0.0012386805083268214,-0.0011101017017898483,0.03435386153580127,-0.09812931389692367,0.011160585386252132,-0.006757041648965999,-0.11252771017767152,0.05880333336102179,-0.004128346252256978,0.005029615089964324,-8.93248474296387e-06,0.9444767280678329,-0.0018018019926908382,0.0016348415347217683,-4.269285799682559e-06,0.00043967433696785583,-0.00035491429887965395,0.0017705274402493923,0.0,-0.0,0.0,-0.0,0.0018510181925379117,-2.168404344971009e-19
7.0,-85.0,84.29370355592772,1.0,0.0,0.48790475327460536,0.48728913165903187,0.0017297544070591403,0.0018499476842140793,0.9389421140253279,-0.0040032224044951855,0.0012374715177708392,-0.0011086769331360412,0.034465362245289496,-0.09819685058567594,0.011137926968575651,-0.006750152262875836,-0.11256895226702444,0.05885357543134899,-0.004119912273875682,0.00501767123588151,-2.6940026276847647e-05,0.9444930707352686,-0.0017996279633810943,0.0016337353223451825,-4.276982366763431e-06,0.0004400021833591138,-0.0003541943797479687,0.0017684168629696977,0.0,-0.0,0.0,-0.0,0.0018499476842140793,0.0
7.010000000000001,-85.0,84.29370317445776,1.0,0.0,0.48792204530569755,0.4873076250352701,0.001728625129587904,0.0018486982203035132,0.9389544809967236,-0.004014302123500842,0.001235877117992142,-0.0011072335338979046,0.034576639092521816,-0.09826431828698183,0.011117291747000758,-0.0067432476373019785,-0.11261010997176703,0.05890369332656336,-0.0041114581495657,0.005005835625170341,-4.4924328243968314e-05,0.9445094026680887,-0.0017971947102692525,0.0016326168296876909,-4.283296099958663e-06,0.00044040275476407524,-0.0003534727018696628,0.0017660514635090595,0.0,-0.0,0.0,-0.0,0.0018486982203035132,0.0
7.0200000000000005,-85.0,84.29370355592727,1.0,0.0,0.487939327530655,0.4873261071325274,0.001727678063497771,0.0018475925660431235,0.9389668335532549,-0.004025367821687237,0.001234594340577788,-0.0011058330087439386,0.034687705601768176,-0.09833171693553934,0.011095422410790435,-0.006736339233153235,-0.1126511835029753,0.05895369916096983,-0.004103091662958772,0.004994877094175637,-6.28857679309068e-05,0.9445257229772763,-0.0017949734106086448,0.0016314334507912306,-4.2906399131559035e-06,0.00044074748730951816,-0.00035275853190433866,0.0017638942505510998,0.0,-0.0,0.0,-0.0,0.0018475925660431235,0.0
7.03,-85.0,84.2937031744573,1.0,0.0,0.4879566015874442,0.48734457980090945,0.0017271348629269493,0.001846940375826838,0.9389791723252078,-0.004036419572811199,0.0012331239308471412,-0.0011044694882563196,0.03479856876829228,-0.09839904652616581,0.011077108393787128,-0.006729448649765163,-0.11269217365917648,0.05900359588824939,-0.004094785639950517,0.004984200875700673,-8.082608691100574e-05,0.9445420314422339,-0.0017930812078424021,0.0016302420569472265,-4.2972837064541396e-06,0.0004412268409803823,-0.000352049534512217,0.0017620603530651266,0.0,-0.0,0.0,-0.0,0.0018469403758268378,-2.168404344971009e-19
7.04,-85.0,84.29370355592681,1.0,0.0,0.4879738664341476,0.4873630419616871,0.0017260096574551501,0.0018456269618780932,0.9389914975111239,-0.004047457183163347,0.0012319117109844254,-0.0011030417162019488,0.034909223656402366,-0.0984663073183643,0.011053982159537115,-0.006722568264467329,-0.11273308100008797,0.05905336729222553,-0.004086510550439531,0.004971215338703697,-9.874450559116364e-05,0.9445583294532809,-0.0017907217381995378,0.001629233027409633,-4.304779538655951e-06,0.00044150772622861284,-0.00035134317076561405,0.0017597671859537502,0.0,-0.0,0.0,-0.0,0.001845626961878093,-2.168404344971009e-19
7.050000000000001,-85.0,84.29370317445685,1.0,0.0,0.4879911228312456,0.4873814942850436,0.0017250254181693555,0.0018445539535471844,0.9390038112374399,-0.00405848072113453,0.0012307946427696226,-0.0011016548093487814,0.035019654514845296,-0.09853349929614934,0.011031225458557897,-0.006715681357822165,-0.11277390551026571,0.05910301617010304,-0.004078249847160206,0.004959476709323256,-0.00011664242346550622,0.9445746168723068,-0.0017886010588287478,0.001628142711148133,-4.312561873951103e-06,0.0004417959399486682,-0.0003506380186139681,0.0017577085940864356,0.0,-0.0,0.0,-0.0,0.0018445539535471846,2.168404344971009e-19
7.0600000000000005,-85.0,84.29370355592636,1.0,0.0,0.48800836647877877,0.4873999324030479,0.0017235144793626895,0.0018428855011607445,0.9390161130621179,-0.004069490359833434,0.0012295631033289638,-0.0011002483126020294,0.03512984914900796,-0.09860062226604997,0.011006815548115055,-0.006708759936797633,-0.1128146476525318,0.059152549399760106,-0.004070024529264534,0.004947649196110686,-0.0001345160075809189,0.9445908932266303,-0.0017859523792659003,0.001627048007809295,-4.319895709294809e-06,0.00044201025571564463,-0.0003499358822528899,0.0017551310234072846,0.0,-0.0,0.0,-0.0,0.0018428855011607447,2.168404344971009e-19
7.07,-85.0,84.2937031744564,1.0,0.0,0.48802559597709033,0.48741835486660817,0.0017224234965453479,0.001841650358451055,0.939028402714294,-0.0040804862006965665,0.001228243075281794,-0.0010988833536355624,0.03523980543009516,-0.09866767576695509,0.010985116746298786,-0.006701795129167696,-0.1128553078128972,0.05920197399944597,-0.00406184616057121,0.004937090839607763,-0.00015236398192865544,0.9446071578279414,-0.0017836453657093848,0.0016258453050386535,-4.326869173985467e-06,0.00044232586390123395,-0.0003492377556468119,0.0017528891193706183,0.0,-0.0,0.0,-0.0,0.0018416503584510549,-2.168404344971009e-19
7.08,-85.0,84.2937035559259,1.0,0.0,0.4880428172279817,0.48743676725811447,0.0017216982196373541,0.0018406565933294808,0.9390406795728896,-0.004091468425160084,0.0012271550256713005,-0.0010975346413943437,0.03534955192785876,-0.09873465956707732,0.010962895352827172,-0.006694818652540689,-0.11289588631134424,0.05925128054464834,-0.004053691431953725,0.004924826719318567,-0.0001701909579050468,0.9446234114249986,-0.001781615431784894,0.0016247874889740487,-4.334614857836358e-06,0.0004426134135133394,-0.00034854163647407576,0.0017509194311480535,0.0,-0.0,0.0,-0.0,0.0018406565933294808,0.0
7.090000000000001,-85.0,84.29370317445594,1.0,0.0,0.48806003123321945,0.4874551703254174,0.0017211580996210737,0.0018400092740611658,0.939052943283685,-0.0041024368301323605,0.0012256077447125478,-0.0010961195893044531,0.035459094546251575,-0.09880157361109773,0.010945436621304577,-0.006687857369770204,-0.11293638333469617,0.05930047441747172,-0.004045557971384275,0.004913221730188063,-0.00018799753763489678,0.9446396535984343,-0.0017797491724626312,0.001623670789938037,-4.340691984843111e-06,0.00044308676826042574,-0.00034784732110481665,0.0017491105188903997,0.0,-0.0,0.0,-0.0,0.0018400092740611658,0.0
7.1000000000000005,-85.0,84.29370355592545,1.0,0.0,0.488077240884857,0.4874735670746958,0.0017205146864988055,0.0018391510845923843,0.9390651911466765,-0.004113391356916055,0.001224090825792369,-0.0010947349978615282,0.035568471141416126,-0.09886841839884265,0.01092764087259845,-0.006680966676859381,-0.11297679940513292,0.05934955477442808,-0.00403748711777503,0.004902568393378063,-0.00020578531959761969,0.9446558845493991,-0.0017776935018380686,0.0016225009816692925,-4.346830288367904e-06,0.0004435408996555812,-0.0003471583646660141,0.0017471153798911854,0.0,-0.0,0.0,-0.0,0.0018391510845923846,2.168404344971009e-19
7.11,-85.0,84.29370317445549,1.0,0.0,0.4880944401831155,0.4874919520792451,0.0017196010246551372,0.0018381037575583036,0.9390774257357623,-0.004124331888845175,0.0012228449534587172,-0.0010933134595240046,0.03567763849052593,-0.09893519436179281,0.010906290915837127,-0.006674092539015014,-0.11301713471543683,0.05939852661469698,-0.00402940375142024,0.004890710501686322,-0.00022355065266603858,0.9446721039581439,-0.0017755986395444955,0.0016214283808134728,-4.353883024142182e-06,0.0004438443099967524,-0.00034646830696306527,0.001745081637548759,0.0,-0.0,0.0,-0.0,0.0018381037575583039,2.168404344971009e-19
7.12,-85.0,84.27079782472379,1.0,0.0,0.4881116317649646,0.4875103272567262,0.0017186149666893102,0.001836868074188921,0.9390896488275843,-0.004135258347171109,0.0012216334622272484,-0.0010919120913346382,0.035786586580591515,-0.09900190157948958,0.010883760437905085,-0.006667199802857127,-0.11305738918794207,0.059447381851768885,-0.00402133587024357,0.004879940613777074,-0.00024129597216836836,0.9446883125922941,-0.0017733696908384116,0.0016202803947373398,-4.3610119593499094e-06,0.0004440926129614081,-0.00034577955627083674,0.0017429160294576995,0.0,-0.0,0.0,-0.0,0.0018368680741889208,-2.168404344971009e-19
7.130000000000001,-85.0,84.27079744325383,1.0,0.0,0.4881288147976423,0.4875286917768157,0.0017177705329725437,0.0018358206225413105,0.9391018585825257,-0.004146170810095283,0.0012202962904951978,-0.0010905295385368011,0.03589532585658954,-0.0990685396414899,0.01086310607202682,-0.0066602699562232515,-0.11309756319281611,0.05949612975752474,-0.004013319280185043,0.0048693650972161375,-0.0002590200960857987,0.9447045096482776,-0.0017712654021237641,0.0016191102385835119,-4.367646365319566e-06,0.00044441060546692064,-0.0003450951911131063,0.0017408728545528157,0.0,-0.0,0.0,-0.0,0.0018358206225413105,0.0
7.140000000000001,-85.0,84.27079782472333,1.0,0.0,0.48814599044358925,0.4875470470689226,0.0017172319399256291,0.0018351297510767251,0.9391140547379069,-0.004157069354629389,0.0012188471383851062,-0.0010891371768198392,0.03600386764562885,-0.09913510839190323,0.010845081338815014,-0.006653343094634315,-0.11313765727574089,0.05954476740170112,-0.004005334238397704,0.004857828223083346,-0.00027672412117186725,0.9447206953696403,-0.0017694231769306856,0.001618022093483528,-4.37383315362845e-06,0.0004448299307992428,-0.00034441351441218105,0.001739087167843292,0.0,-0.0,0.0,-0.0,0.0018351297510767254,2.168404344971009e-19
7.15,-85.0,84.27079744325337,1.0,0.0,0.48816315872725197,0.4875653928438283,0.0017163741121849947,0.0018340541729503375,0.9391262353188229,-0.004167953594633757,0.0012173544006735379,-0.0010877044345815891,0.03611223055185758,-0.09920160810298966,0.010826407486885766,-0.006646460740614195,-0.11317767160397943,0.05959327821989764,-0.003997351182887868,0.004845426643632792,-0.0002944070466433929,0.9447368711170101,-0.001767222572385584,0.0016170056312931583,-4.379817319931611e-06,0.0004452168098763872,-0.0003437319839255282,0.0017369491643194103,0.0,-0.0,0.0,-0.0,0.0018340541729503378,2.168404344971009e-19
7.16,-85.0,84.27079782472288,1.0,0.0,0.48818031747235036,0.4875837258629375,0.0017152138846245554,0.0018325275777160567,0.9391383989600132,-0.004178823795400547,0.0012155960571675136,-0.001086321761880447,0.036220410762192,-0.09926803922669099,0.010807541614248815,-0.006639623304414146,-0.11321760637257224,0.05964167580318855,-0.00398941211816235,0.004834415693241293,-0.00031206580781163756,0.9447530359062323,-0.0017645800686787016,0.0016158862053850037,-4.3847964725353645e-06,0.000445589851530448,-0.00034305421063904605,0.00173437673329719,0.0,-0.0,0.0,-0.0,0.0018325275777160567,0.0
7.17,-85.0,84.27079744325292,1.0,0.0,0.4881974649000969,0.48760204565952137,0.0017139560093511715,0.0018311064597476131,0.9391505484736843,-0.004189680411272343,0.0012142786973311657,-0.0010849436643363443,0.03632838555096927,-0.09933440194358217,0.010785830288938134,-0.00663277602789658,-0.11325746147176351,0.05968996818273134,-0.0039814505106972,0.004823306609030315,-0.0003297009458303726,0.9447691890881306,-0.0017621705222449395,0.001614766013387893,-4.391316172744473e-06,0.00044583907747688907,-0.0003423744735637936,0.0017320331720072622,0.0,-0.0,0.0,-0.0,0.0018311064597476131,0.0
7.180000000000001,-85.0,84.27079782472242,1.0,0.0,0.4882145990427674,0.48762035020647476,0.0017126706755381104,0.0018295987584942977,0.9391626853384707,-0.004200523108310745,0.0012131152299742713,-0.0010835453039661897,0.03643613404184884,-0.0994006959734095,0.010762516872882766,-0.006625879389000388,-0.11329723701307612,0.05973814951552656,-0.003973509621957496,0.004812671829118261,-0.00034731136058758485,0.9447853309682746,-0.0017597499747561186,0.0016135879302406017,-4.398345662353021e-06,0.00044601489766749486,-0.00034169649247849625,0.0017296786989676523,0.0,-0.0,0.0,-0.0,0.001829598758494298,2.168404344971009e-19
7.19,-85.0,84.27079744325246,1.0,0.0,0.488231720129992,0.48763863997432294,0.001711584691118628,0.0018283910760924181,0.9391748095858697,-0.004211351993337967,0.0012117208869083902,-0.0010821911546361183,0.036543658543939074,-0.09946692073025513,0.010742426706630871,-0.006618930798027843,-0.11333693336666906,0.05978622612326948,-0.003965613151030617,0.004802438692351376,-0.0003648975392097137,0.9448014608659024,-0.0017575089140785187,0.0016123679239669355,-4.4044909328212125e-06,0.00044631732263553797,-0.0003410223056521731,0.0017275005500418745,0.0,-0.0,0.0,-0.0,0.0018283910760924183,2.168404344971009e-19
7.2,-85.0,84.27079782472197,1.0,0.0,0.4882487644550051,0.4876569167159662,0.0016991975266875078,0.0018270289577489507,0.9391869208634142,-0.004222167305399593,0.001210450432969222,-0.001080851974685112,0.036650972854759344,-0.0995330761012291,0.010720980594945214,-0.006612000323349322,-0.11337655107991887,0.059834200178144545,-0.003957773074743413,0.004792309802431368,-0.00038246079953906245,0.9448175786136063,-0.001755180189638029,0.0016111503667992754,-4.411039925128063e-06,0.0004465567991375973,-0.0003403529436801809,0.0017252361422166625,0.0,-0.0,0.0,-0.0,0.001827028957748951,2.168404344971009e-19
7.21,-85.0,84.27079744325201,1.0,0.0,0.4882657516454247,0.48767518164857815,0.0016981788299714213,0.001825882902148908,0.9391990189667903,-0.004232969372342016,0.0012091654660166397,-0.0010795029504172785,0.036758083680230105,-0.09959916209999403,0.010700608255582842,-0.0066050566735384,-0.1134160905517533,0.05988206895259708,-0.003949963095061212,0.0047812329120472934,-0.0004000021970840604,0.9448336845284939,-0.0017530350476998718,0.0016100050817496288,-4.417491213316195e-06,0.0004468344427648998,-0.00033968614559249684,0.001723152096189821,0.0,-0.0,0.0,-0.0,0.0018258829021489077,-2.168404344971009e-19
7.220000000000001,-85.0,84.27079782472151,1.0,0.0,0.48828272761518565,0.4876934341784953,0.001697035269290728,0.0018246203306967336,0.9392111041676682,-0.00424375749727772,0.001207927946541949,-0.001078122075209452,0.036864986838812494,-0.0996651786736352,0.010679315651378762,-0.0065981082149243146,-0.11345555185611056,0.05992982289531488,-0.003942150695284694,0.0047701789631607655,-0.00041752137909216127,0.9448497792557075,-0.0017508171354140428,0.0016088539680830288,-4.424070955271565e-06,0.00044706708407464925,-0.00033901911501918133,0.0017209964325965374,0.0,-0.0,0.0,-0.0,0.0018246203306967338,2.168404344971009e-19
7.23,-85.0,84.27079744325155,1.0,0.0,0.48829969429178777,0.4877116761775598,0.0016961608879896362,0.001823539718422839,0.9392231768287952,-0.004254532155548094,0.0012067557609757515,-0.0010767670631372439,0.03697168863801511,-0.09973112572641836,0.010658443756726657,-0.006591164245154732,-0.11349493531740518,0.059977474891106726,-0.003934397145398766,0.004760003006049704,-0.00043502007712281865,0.9448658618457081,-0.0017487784874351026,0.0016076416055338227,-4.4308468568621725e-06,0.0004473107901983725,-0.00033835712176707376,0.0017190168968484023,0.0,-0.0,0.0,-0.0,0.001823539718422839,0.0
7.24,-85.0,84.27079782472106,1.0,0.0,0.4883166524630115,0.48772990771772595,0.0016953999231838653,0.0018226772580321284,0.9392352373054742,-0.004265293449985388,0.001205318769016265,-0.0010754402246851476,0.03707818673025658,-0.09979700340838644,0.010640482637644885,-0.0065842368729639705,-0.11353424148490968,0.06002502201454564,-0.003926677167386246,0.0047483029907330766,-0.000452498578897873,0.94488193267643,-0.0017468457716248499,0.00160657461935053,-4.436605329027593e-06,0.00044767044380104767,-0.00033769799222725997,0.001717141411787368,0.0,-0.0,0.0,-0.0,0.0018226772580321282,-2.168404344971009e-19
7.25,-85.0,84.2707974432511,1.0,0.0,0.488333598964997,0.48774812647953947,0.0016937852503786056,0.0018209532629583024,0.9392472843193195,-0.00427604087969176,0.001204100986844395,-0.00107402554139114,0.03718448089375425,-0.09986281185798628,0.0106174424594821,-0.006577305178797527,-0.11357347044437008,0.060072449783600664,-0.003918963422783158,0.004737128158831821,-0.00046995460237628256,0.9448979929314933,-0.001744261927324813,0.0016054480630809476,-4.443125179937736e-06,0.00044780998249215124,-0.00033703937460313873,0.0017146257802492276,0.0,-0.0,0.0,-0.0,0.0018209532629583024,0.0
7.260000000000001,-85.0,84.2707978247206,1.0,0.0,0.4883505325576635,0.4877663312092601,0.0016929583168499873,0.0018200254400675003,0.9392593181953455,-0.004286774554648865,0.0012026510170437222,-0.0010726615084842876,0.03729056373079069,-0.0999285508633628,0.01059919057082417,-0.0065703602861896864,-0.11361262221426603,0.060119771247390395,-0.003911241408726143,0.004726915642372675,-0.00048738725848218193,0.9449140415191001,-0.0017422876338411472,0.0016042486342012939,-4.4487419371700785e-06,0.00044814495265829924,-0.0003363800213511827,0.0017127092506975538,0.0,-0.0,0.0,-0.0,0.0018200254400675003,0.0
7.2700000000000005,-85.0,84.27079744325064,1.0,0.0,0.4883674590216289,0.48778452756292257,0.0016920941690240993,0.001818965942021548,0.9392713376823992,-0.00429749462067861,0.0012012546272839207,-0.001071324636004517,0.03739646900756568,-0.09999422067196437,0.010580246391086843,-0.0065634606022641736,-0.11365169690493193,0.06016698385282094,-0.003903552797429045,0.004716001341715353,-0.0005048009174627994,0.9449300787676712,-0.0017402181288724851,0.0016031304748449597,-4.454512548834299e-06,0.00044844492385708176,-0.0003357235179548324,0.001710699048668133,0.0,-0.0,0.0,-0.0,0.001818965942021548,0.0
7.28,-85.0,84.25708017335296,1.0,0.0,0.4883843755077435,0.48780271159442157,0.0016911568293534332,0.0018178144696454205,0.9392833442055493,-0.004308201408039538,0.001199999787740096,-0.001069988107247029,0.03750217155243723,-0.10005982141909493,0.010560144171592845,-0.0065565452535676985,-0.11369069507581273,0.06021409025946927,-0.003895918492924548,0.004704431141473988,-0.0005221927639727531,0.9449461045926523,-0.0017381165760517428,0.001602062744228821,-4.46076291880682e-06,0.0004486896356220877,-0.0003350716614599785,0.001708657258402118,0.0,-0.0,0.0,-0.0,0.0018178144696454203,-2.168404344971009e-19
7.29,-85.0,84.257079791883,1.0,0.0,0.4884012824199082,0.4878208842704425,0.0016900867097372377,0.0018165764476576023,0.9392953369928423,-0.004318895025667745,0.0011985744148765593,-0.0010687022413557222,0.03760768193714365,-0.10012535305443726,0.010540849838126684,-0.006549639318275148,-0.1137296169256363,0.06026108736157172,-0.0038883091694672783,0.004694835505267055,-0.000539563402309861,0.944962119287501,-0.0017358998158158792,0.00160084821697605,-4.466335139349952e-06,0.000448962584442973,-0.0003344219300722649,0.0017065021284262442,0.0,-0.0,0.0,-0.0,0.0018165764476576023,0.0
7.300000000000001,-85.0,84.2570801733525,1.0,0.0,0.4884181789060426,0.4878390447001489,0.001689284806423994,0.001815625322354785,0.9393073160421889,-0.0043295753627821225,0.0011971161698663274,-0.001067349213251583,0.037712995401499604,-0.10019081564344762,0.010522864733941026,-0.006542738400366098,-0.11376846268422929,0.06030796962261405,-0.0038806740529649044,0.004682259245922588,-0.0005569122141684328,0.9449781232998683,-0.001733921813958601,0.0015998674082057032,-4.471738369657105e-06,0.0004492853882445224,-0.0003337699567057883,0.001704581629185708,0.0,-0.0,0.0,-0.0,0.001815625322354785,0.0
7.3100000000000005,-85.0,84.25707979188255,1.0,0.0,0.4884350671385235,0.48785719578783293,0.0016882558242994423,0.0018144669958625706,0.9393192804255944,-0.004340242648604894,0.0011957321886798913,-0.001066066928765409,0.03781813273047818,-0.10025620932672333,0.010503859632974021,-0.0065358595650740125,-0.11380723206220957,0.06035473530855357,-0.003873044246657362,0.004671087017503883,-0.0005742412824944892,0.9449941168975501,-0.0017317838510283842,0.001598795273681768,-4.477375124109075e-06,0.0004495589919759231,-0.00033311841717859487,0.0017025037961893516,0.0,-0.0,0.0,-0.0,0.0018144669958625706,0.0
7.32,-85.0,84.25708017335205,1.0,0.0,0.4884519464371881,0.4878753362146031,0.0016874087290689823,0.0018134570812536072,0.9393312319512123,-0.00435089703868208,0.0011944887385360622,-0.0010647337480058326,0.03792307530736984,-0.10032153430309478,0.010484374304847886,-0.006529004054087549,-0.11384592521045911,0.060401398820268,-0.003865442524749913,0.004660748545909018,-0.000591550153934235,0.9450100990193021,-0.0017298268586687288,0.0015976563522362855,-4.483494265126876e-06,0.00044980605157185103,-0.00033246927020380774,0.0017006037941506907,0.0,-0.0,0.0,-0.0,0.0018134570812536072,0.0
7.33,-85.0,84.25707979188209,1.0,0.0,0.4884688150774861,0.4878934644573756,0.001686457694573186,0.0018123454544567647,0.9393431711606377,-0.0043615379467622575,0.0011932726234449523,-0.0010633926537152228,0.038027815062981744,-0.10038679083335411,0.010464495097684882,-0.006522161816601472,-0.11388454252261045,0.06044795261935164,-0.003857864240551535,0.004649667820772783,-0.0006088377302337712,0.9450260703106693,-0.0017277920238192668,0.0015965877814271123,-4.489672919058899e-06,0.00045003005886728466,-0.00033182211586008233,0.0016986271843686211,0.0,-0.0,0.0,-0.0,0.0018123454544567647,0.0
7.340000000000001,-85.0,84.2570801733516,1.0,0.0,0.4884856715197061,0.4879115792370796,0.0016848604568903793,0.001810639035456229,0.9393550982167802,-0.004372166122047401,0.0011920889574834495,-0.001062172977339244,0.03813234787929407,-0.10045197882762379,0.010442248573431177,-0.006515290319775006,-0.11392308420144612,0.06049440002477547,-0.0038503224904709583,0.004639347427329934,-0.0006261029732797423,0.9450420306883877,-0.0017252656638125686,0.0015954770505606434,-4.4959307480263145e-06,0.00045014579015184797,-0.0003311780803706954,0.0016961672564231027,0.0,-0.0,0.0,-0.0,0.001810639035456229,0.0
7.3500000000000005,-85.0,84.25707979188164,1.0,0.0,0.4885025131512876,0.48792967812829274,0.0016833884855603437,0.0018090690800979421,0.9393670137090268,-0.00438278158113816,0.001190902165249334,-0.001060900293943302,0.038236657996383684,-0.10051709790541415,0.010420100551550225,-0.006508376601137877,-0.11396155046558441,0.060540747015656066,-0.00384279183530219,0.004629998524641532,-0.0006433441953182517,0.9450579795346751,-0.0017228817473685279,0.0015942588275993236,-4.502132564639174e-06,0.0004502589157675638,-0.0003305349751942288,0.0016938472720892464,0.0,-0.0,0.0,-0.0,0.0018090690800979421,0.0
7.36,-85.0,84.25708017335114,1.0,0.0,0.488519343595703,0.4879477648104579,0.0016824393966015216,0.001807992638679687,0.9393789157650324,-0.004393384753791906,0.0011894985844219611,-0.0010596592294753553,0.03834077567097512,-0.10058214784648144,0.010402010506660854,-0.006501476297530136,-0.11399994159997451,0.06058698913820144,-0.003835278135556517,0.004617389176516091,-0.0006605638936290177,0.9450739172611436,-0.0017208283243443482,0.0015933239833973351,-4.507471846178086e-06,0.00045054129087562946,-0.0003298933053229514,0.001691852124973187,0.0,-0.0,0.0,-0.0,0.0018079926386796868,-2.168404344971009e-19
7.37,-85.0,84.25707979188118,1.0,0.0,0.4885361605447608,0.4879658364057172,0.0016809730610894357,0.0018063681110673108,0.939390805127708,-0.0044039752035532065,0.0011882285515146158,-0.0010583906875453208,0.03844468314983711,-0.10064712870335704,0.010380436367910764,-0.00649454070227814,-0.11403825739888909,0.060633113068505974,-0.0038277299037728276,0.004607275358200441,-0.000677759970252026,0.9450898448863829,-0.0017183747522573115,0.0015921648533029045,-4.51327169441854e-06,0.0004506665484647229,-0.00032924864137529947,0.0016894634756723058,0.0,-0.0,0.0,-0.0,0.0018063681110673108,0.0
7.380000000000001,-85.0,84.25708017335069,1.0,0.0,0.48855296526388925,0.48798389465409514,0.0016796255177448489,0.0018049238025946506,0.9394026801076897,-0.004414552858210352,0.001186828426483183,-0.001057119577809349,0.038548400955176004,-0.10071204016073289,0.010361012531026583,-0.006487609344047932,-0.11407649791733167,0.060679139603033984,-0.003820245645402242,0.0045979881053653665,-0.0006949333507439675,0.9451057605331394,-0.0017160208795094511,0.001590929928306927,-4.518534147765781e-06,0.0004508790387307225,-0.0003286094567963562,0.0016871727548080503,0.0,-0.0,0.0,-0.0,0.0018049238025946508,2.168404344971009e-19
7.390000000000001,-85.0,84.25707979188073,1.0,0.0,0.48856975271083863,0.4880019339741857,0.0016781501149722281,0.001803218571864844,0.939414543367402,-0.0044251178507089105,0.0011857023715043245,-0.001055849134853714,0.038651891402851746,-0.10077688213819973,0.01033858786024777,-0.00648063641774826,-0.1141146641499091,0.06072507370514562,-0.003812848497269112,0.004588722847449873,-0.000712080186762365,0.9451216637183998,-0.001713549854978069,0.0015896747546141343,-4.524794228833414e-06,0.00045095435554021234,-0.000327977740753633,0.0016847667513070982,0.0,-0.0,0.0,-0.0,0.0018032185718648442,2.168404344971009e-19
7.4,-85.0,84.25708017335023,1.0,0.0,0.4885864834139791,0.4880199597343241,0.0016647018239890406,0.0018020154463391346,0.9394263936451948,-0.004435670537581994,0.0011842921664654608,-0.0010546976888813403,0.03875518428047134,-0.10084165425483417,0.010320410762096999,-0.00647364369161758,-0.11415275659571447,0.06077091160430055,-0.0038054832227798555,0.004578121301822973,-0.0007292047235449333,0.9451375547016551,-0.0017114090309679922,0.0015885550900530197,-4.529927197080578e-06,0.00045120880532827925,-0.00032734874351989033,0.0016826853117278264,0.0,-0.0,0.0,-0.0,0.0018020154463391348,2.168404344971009e-19
7.41,-85.0,84.25707979188027,1.0,0.0,0.4886031243163655,0.48803797306061913,0.0016634174149959228,0.0018005719762936839,0.939438230467947,-0.004446211414734301,0.0011830637396097444,-0.0010533991035081266,0.03885829071389792,-0.10090635653437006,0.01030033589660097,-0.006466667185348226,-0.11419077547236584,0.06081664765208004,-0.003798152659126583,0.004568177849718829,-0.0007463076892195281,0.9451534340787073,-0.0017091177863265833,0.001587345531109992,-4.535713011473217e-06,0.00045137450904410504,-0.0003267227095333252,0.0016804558897943773,0.0,-0.0,0.0,-0.0,0.0018005719762936839,0.0
7.42,-85.0,84.25708017334978,1.0,0.0,0.4886197513411521,0.48805597107685655,0.001662210082197169,0.0017992460950056737,0.9394500546331731,-0.004456739278448245,0.0011817443940179075,-0.0010521249077381876,0.03896119512644815,-0.10097098893991294,0.010281439638807103,-0.006459669488626411,-0.11422872116044215,0.06086228455156965,-0.0037908498087243394,0.004558925395602101,-0.0007633869486853999,0.9451693012772774,-0.0017069018018819873,0.0015860728121715462,-4.5411070618247176e-06,0.00045158586333910193,-0.00032609903628272546,0.001678300375011122,0.0,-0.0,0.0,-0.0,0.0017992460950056737,0.0
7.430000000000001,-85.0,84.25707979187982,1.0,0.0,0.4886363664524681,0.4880739562184367,0.0016607866038752498,0.0017977534694017803,0.9394618650579535,-0.004467254706844971,0.0011803168374793214,-0.0010509054255355096,0.0390639159974013,-0.10103555135790296,0.010262545980626966,-0.006452667895640742,-0.11426659408753928,0.0609078311728132,-0.003783601324163666,0.00455009597555887,-0.0007804442473014316,0.9451851555992571,-0.001704526247050899,0.001584768815448502,-4.546042306496603e-06,0.0004517916543489961,-0.00032548001722030315,0.001675987874579584,0.0,-0.0,0.0,-0.0,0.0017977534694017803,0.0
7.44,-85.0,84.25708017334932,1.0,0.0,0.4886529667746525,0.4880919254356842,0.001659360426908544,0.0017962108187334423,0.9394736625489107,-0.004477757538253881,0.0011790652479561372,-0.0010496145716451597,0.03916643653353241,-0.10110004369575078,0.010242617158901911,-0.006445659025548409,-0.11430439495629116,0.06095328655246008,-0.0037764349054802845,0.004540727890116217,-0.0007974773585282908,0.9452009969897782,-0.0017021601038798653,0.001583486711716049,-4.551611249191995e-06,0.00045194593135107974,-0.0003248680347171267,0.0016736845333486813,0.0,-0.0,0.0,-0.0,0.0017962108187334425,2.168404344971009e-19
7.45,-85.0,84.18166933045362,1.0,0.0,0.488669556185424,0.4881098813386903,0.001658374412056382,0.0017947743437869345,0.9394854490596741,-0.004488247113086667,0.0011783648034708856,-0.0010482661418744772,0.03926875529782229,-0.10116446608392837,0.010218919235600496,-0.006438662658824476,-0.11434212420167732,0.06099863074556656,-0.003769248888131634,0.004528350414755129,-0.0008144891091590353,0.9452168270090878,-0.0017000780962172217,0.0015824576649229468,-4.559270062076274e-06,0.0004519274697995776,-0.00032425434419337926,0.0016716604882428124,0.0,-0.0,0.0,-0.0,0.0017947743437869345,0.0
7.46,-85.0,84.18166971192312,1.0,0.0,0.48868613443500863,0.48812782283689393,0.0016571132466746514,0.001793387536461837,0.9394972258871427,-0.004498723552168683,0.0011769853516339231,-0.0010469916621314284,0.039370854054575646,-0.10122881822993131,0.010200109201799692,-0.006431625341257817,-0.11437978125885946,0.061043863540197314,-0.003762013898927421,0.004517789322198634,-0.0008314792300421705,0.9452326457891848,-0.0016978264285089193,0.0015812946799083757,-4.564261006559334e-06,0.00045211868183486797,-0.00032363641863523155,0.00166946953426876,0.0,-0.0,0.0,-0.0,0.001793387536461837,0.0
7.470000000000001,-85.0,84.18166933045316,1.0,0.0,0.4887027011025812,0.48814575189428916,0.0016561967889191598,0.0017923471862979058,0.9395089889853073,-0.004509187425310858,0.001175661270342179,-0.0010457260558611652,0.039472771712925084,-0.10129310012961856,0.010182658572810074,-0.00642462105516916,-0.1144173660173001,0.06108899722993634,-0.0037548013909402384,0.00450815354548176,-0.0008484480026664547,0.9452484524746062,-0.0016958735751355341,0.0015800668333935495,-4.569424586755744e-06,0.00045236469444712136,-0.00032302040500143076,0.001667572321438971,0.0,-0.0,0.0,-0.0,0.0017923471862979058,0.0
7.48,-85.0,84.18166971192267,1.0,0.0,0.4887192564154279,0.4881636672458369,0.0016548240090485096,0.0017906583373504012,0.9395207394654232,-0.0045196386729668,0.001174367913014414,-0.0010444523802416246,0.039574497592326084,-0.10135731209123443,0.01016257707602568,-0.006417627437897811,-0.11445487890580348,0.06113403527647273,-0.0037476520902973306,0.00449836411747019,-0.0008653947216474326,0.9452642468749467,-0.001693391527986736,0.001578853588160351,-4.574665211838932e-06,0.0004524881499074373,-0.00032240980681967483,0.001665154659474478,0.0,-0.0,0.0,-0.0,0.0017906583373504014,2.168404344971009e-19
7.49,-85.0,84.1816693304527,1.0,0.0,0.48873579872087114,0.48818156744047336,0.0016535728961262698,0.0017892864298481553,0.9395324763185208,-0.004530076927472407,0.001173024241637336,-0.0010431797875957605,0.039676033880609037,-0.10142145411690763,0.01014383541125551,-0.0064106339555223945,-0.11449232021820867,0.0611789699321529,-0.003740472497632607,0.004488846449069461,-0.0008823178925363559,0.945280029510975,-0.0016911741823241485,0.001577612127421097,-4.579667598827323e-06,0.00045266548502678235,-0.0003217965800068651,0.0016629971924270654,0.0,-0.0,0.0,-0.0,0.0017892864298481553,0.0
7.5,-85.0,84.18166971192221,1.0,0.0,0.488752329434259,0.4881994545195127,0.0016526686055189513,0.0017882041935507605,0.9395441997457744,-0.004540502499830015,0.001171704783457266,-0.0010419144709611038,0.03977738529372244,-0.10148552623318473,0.010126188585875967,-0.0064036524616909885,-0.11452968984960155,0.06122380592123635,-0.0037333087093133063,0.004478635094547536,-0.0008992194263840801,0.9452958000306638,-0.0016892087973285677,0.0015764335533721002,-4.58472258943403e-06,0.00045288620135041047,-0.00032118469088107687,0.001661087405670861,0.0,-0.0,0.0,-0.0,0.0017882041935507605,0.0
7.510000000000001,-85.0,84.18166933045225,1.0,0.0,0.4887688516758352,0.48821733121160327,0.0016516888452451728,0.0017870380410811284,0.939555910764054,-0.004550915028708933,0.0011704536097805899,-0.0010405974934318482,0.03987855743734014,-0.10154952873794339,0.010107755968437847,-0.0063967054171160794,-0.11456698771615542,0.06126852780066229,-0.0037261086357652184,0.004466927567040196,-0.0009161018956320858,0.9453115597902791,-0.0016871963960456478,0.0015753898328486125,-4.590004268421511e-06,0.0004530663941533452,-0.00032056965892043453,0.001659131310116639,0.0,-0.0,0.0,-0.0,0.0017870380410811282,-2.168404344971009e-19
7.5200000000000005,-85.0,84.18166971192176,1.0,0.0,0.48878536254827454,0.48823519505406776,0.0016504573981198137,0.0017855962519369268,0.939567608860967,-0.00456131494424069,0.0011692690052061455,-0.0010393402143628468,0.039979543737246916,-0.10161346177407825,0.010087792278141066,-0.00638975905801354,-0.11460421361677872,0.06131314926269922,-0.0037189255927928995,0.0044565232012069725,-0.0009329631312151945,0.9453273078561523,-0.001684981021954202,0.001574251120260924,-4.595507070299531e-06,0.0004531722934189482,-0.000319956070326486,0.0016569755359147644,0.0,-0.0,0.0,-0.0,0.001785596251936927,2.168404344971009e-19
7.53,-85.0,84.1816693304518,1.0,0.0,0.4888018637471526,0.48825304606129233,0.0016498012276228852,0.0017846813870757176,0.939579295283851,-0.004571702350586233,0.0011678139467168054,-0.0010381045947312857,0.04008033384149054,-0.1016773252504786,0.010071711025075125,-0.006382801166430611,-0.11464136762134171,0.061357668813106565,-0.003711727528129023,0.004446930452492223,-0.0009498036893227589,0.945343044369304,-0.0016831273598273263,0.0015730515010142425,-4.599904223856464e-06,0.0004534470762042868,-0.0003193411677247539,0.0016551753828200411,0.0,-0.0,0.0,-0.0,0.0017846813870757176,0.0
7.54,-85.0,84.1816697119213,1.0,0.0,0.48881835550116026,0.4882708857286416,0.0016484707533008871,0.0017831933748991755,0.9395909681824497,-0.00458207758832354,0.0011667198340230707,-0.0010369053522760712,0.040180950021506685,-0.1017411193359619,0.010051276495329841,-0.006375871281734104,-0.11467844988933774,0.06140209673809993,-0.0037045916143081,0.004438471161138084,-0.0009666241347621306,0.94535876860912,-0.001680902503034999,0.0015717706036675813,-4.605683527301404e-06,0.0004535205279142057,-0.000318731590952115,0.001653010121464386,0.0,-0.0,0.0,-0.0,0.0017831933748991753,-2.168404344971009e-19
7.550000000000001,-85.0,84.18166933045134,1.0,0.0,0.4888348360701259,0.4882887128140562,0.0016475536896217665,0.0017821076221099027,0.9396026286623496,-0.004592440912880508,0.001165400742163748,-0.0010357090474561563,0.04028138020884507,-0.10180484418360476,0.010033912056324796,-0.006368964310734134,-0.1147154609924978,0.06144644056672237,-0.0036975028941425596,0.004430023054232932,-0.000983423866581607,0.9453744800371079,-0.0016789547480303313,0.001570496509117151,-4.610535137239067e-06,0.00045372692700722207,-0.0003181260531573679,0.0016511172833972877,0.0,-0.0,0.0,-0.0,0.0017821076221099029,2.168404344971009e-19
7.5600000000000005,-85.0,84.18166971192085,1.0,0.0,0.48885130631332735,0.4883065276775768,0.0016462929537434613,0.0017806825178377382,0.9396142762163849,-0.004602792254625028,0.0011640714449996279,-0.0010345204624531157,0.040381628587388585,-0.10186850007883373,0.010015099701632587,-0.006362073314455109,-0.11475240150143948,0.061490699745335775,-0.003690468487508921,0.004421623747697302,-0.0010002031622089959,0.9453901787688488,-0.0016767386815615677,0.001569224283593185,-4.6153052534004755e-06,0.00045386248752175433,-0.00031752516719575554,0.00164896050276514,0.0,-0.0,0.0,-0.0,0.0017806825178377382,0.0
7.57,-85.0,84.18166933045089,1.0,0.0,0.48886776481375094,0.4883243295471015,0.0016453230076340086,0.001779594745707817,0.9396259099112162,-0.004613131505317845,0.0011626957767153436,-0.0010332976180931449,0.04048170005020761,-0.10193208710791204,0.009998403776972075,-0.0063551965920091,-0.11478927191107069,0.061534871848437714,-0.0036834800816863615,0.004412535633415448,-0.0010169611049697836,0.945405864974587,-0.0016747772875305357,0.0015680017090034838,-4.61985047568981e-06,0.00045408871992606853,-0.0003169282177479581,0.0016470540940053961,0.0,-0.0,0.0,-0.0,0.001779594745707817,0.0
7.58,-85.0,84.18166971192039,1.0,0.0,0.48888420982590153,0.4883421163323514,0.0016438990263972747,0.0017780074400541173,0.9396375313826337,-0.004623458616939233,0.0011615973227710053,-0.0010320956089471902,0.04058157700855049,-0.10199560529739989,0.009977885405859737,-0.0063482924797840165,-0.11482607269874018,0.061578955459860966,-0.0036765523358642973,0.004404066670330384,-0.0010336964851291933,0.9454215387384827,-0.0016724965913748376,0.0015667195261448762,-4.625456393390381e-06,0.0004541357780155855,-0.00031633646590452277,0.0016448335843364447,0.0,-0.0,0.0,-0.0,0.0017780074400541171,-2.168404344971009e-19
7.590000000000001,-85.0,84.18166933045043,1.0,0.0,0.4889006426036734,0.48835988984348294,0.001642532913243841,0.0017765645122981538,0.9396491411400292,-0.004633774131245859,0.0011603694367691739,-0.0010309444749687158,0.040681266384047,-0.10205905442193829,0.009959119948850311,-0.006341397572069938,-0.11486280427062587,0.06162294016202016,-0.0036696192582049737,0.004393518225300248,-0.0010504109184129309,0.9454372009998578,-0.0016702864057593827,0.0015656330269708213,-4.630508151961902e-06,0.00045425692069447167,-0.00031574423429116955,0.0016426823340468138,0.0,-0.0,0.0,-0.0,0.001776564512298154,2.168404344971009e-19
7.6000000000000005,-85.0,84.18166971191994,1.0,0.0,0.4889170634981349,0.48837765008364326,0.0016415281869293365,0.0017754034974477825,0.9396607386807325,-0.0046440775592876005,0.0011590759105816726,-0.0010297275582604843,0.0407807711306533,-0.1021224347091082,0.009941664183463353,-0.006334523214704807,-0.11489946645695906,0.06166682918483056,-0.003662686212238786,0.004384540677129428,-0.0010671043101666083,0.9454528514735737,-0.0016683073332699697,0.001564406475245338,-4.63525789605621e-06,0.00045443244326873856,-0.00031515198438999666,0.0016407582964650966,0.0,-0.0,0.0,-0.0,0.0017754034974477822,-2.168404344971009e-19
7.61,-85.0,84.18166933044998,1.0,0.0,0.48893347325850495,0.4883953972698145,0.0016404633942310855,0.0017741393992685996,0.9396723240309597,-0.0046543685690467376,0.001157856407572937,-0.001028489343433174,0.04088008956909163,-0.10218574629188182,0.009923191483813003,-0.006327654902821153,-0.11493605944288231,0.06171062599967736,-0.0036557769150064473,0.00437539485534211,-0.0010837770308698284,0.9454684898528536,-0.0016662785324948546,0.0015631936948484592,-4.640263554071752e-06,0.00045455614593943177,-0.0003145617570761764,0.001638785273959416,0.0,-0.0,0.0,-0.0,0.0017741393992685996,0.0
7.62,-85.0,84.18166971191948,1.0,0.0,0.4889498709709768,0.4884131307860509,0.0016392375646059898,0.001772762416382195,0.9396838969787424,-0.004664647616666708,0.0011566300692760047,-0.001027280911271289,0.04097922141108579,-0.10224898920159113,0.009904541883120642,-0.006320788052540947,-0.11497258363560552,0.06175433861916532,-0.0036489301186799915,0.004366934972770845,-0.0011004285581880683,0.9454841155857073,-0.0016641541896908018,0.001561928807439954,-4.645202313270982e-06,0.00045466630019396566,-0.00031397688676307865,0.001636718205264579,0.0,-0.0,0.0,-0.0,0.0017727624163821952,2.168404344971009e-19
7.630000000000001,-85.0,84.18166933044952,1.0,0.0,0.4889662569011528,0.48843085108659773,0.0016379070438166331,0.001771270646847208,0.9396954574982962,-0.004674914559309671,0.0011554201485818772,-0.0010260939400581507,0.04107817084198621,-0.10231216343780788,0.00988525013435694,-0.006313914436924888,-0.11500903941261897,0.061797958298818456,-0.0036420918943676525,0.004357795445419132,-0.0011170592468535533,0.9454997293642877,-0.0016619495130347952,0.001560724124393662,-4.6501680631802e-06,0.00045474150343445237,-0.00031339273335474635,0.0016345720448306823,0.0,-0.0,0.0,-0.0,0.001771270646847208,0.0
7.640000000000001,-85.0,84.13198556885263,1.0,0.0,0.48898262920146524,0.48844855633394274,0.0016362858396247336,0.0017695306223139452,0.9397070054282218,-0.004685169701580494,0.0011541876673305108,-0.0010248972757776634,0.04117693086209675,-0.10237526887958451,0.00986543159685483,-0.006307030928069097,-0.11504542707319146,0.061841495402826754,-0.003635319660963182,0.004349442983402604,-0.0011336676365631734,0.9455153303450884,-0.0016595285115995556,0.0015594452397424464,-4.655003375226603e-06,0.00045478682839832486,-0.00031281423725499415,0.001632213034545841,0.0,-0.0,0.0,-0.0,0.0017695306223139452,0.0
7.65,-85.0,84.13198518738267,1.0,0.0,0.48899898754583115,0.488466246804486,0.0016351376196611926,0.0017682207051087446,0.939718540055184,-0.004695412583256783,0.0011529065945523281,-0.0010236420288000359,0.04127550996643145,-0.10243830545487385,0.009847645588585714,-0.006300145233419337,-0.11508174708279942,0.06188494303404634,-0.003628561141477616,0.0043400919201756075,-0.001150253703517297,0.9455309189425958,-0.0016574560723925844,0.0015582335672167328,-4.659603384934205e-06,0.0004549204463902644,-0.00031223690027949686,0.0016301967623829113,0.0,-0.0,0.0,-0.0,0.0017682207051087446,0.0
7.66,-85.0,84.13198556885217,1.0,0.0,0.48901533255636287,0.4884839209208039,0.0016340297852218842,0.00176681729736395,0.9397300634063255,-0.004705643123725301,0.001151621239547318,-0.0010224363178657208,0.04137388839671365,-0.10250127297410198,0.00982950318270858,-0.006293219554151707,-0.11511799974518414,0.061928299951058266,-0.003621828349253407,0.004331313478216048,-0.0011668168625536884,0.9455464951745453,-0.0016553130911961694,0.0015569719881338047,-4.664144379788956e-06,0.0004550321734638139,-0.0003116617560721455,0.0016281110243520707,0.0,-0.0,0.0,-0.0,0.0017668172973639503,2.168404344971009e-19
7.67,-85.0,84.13198518738221,1.0,0.0,0.4890316664760861,0.4885015823686097,0.0016326029841410225,0.0017653141702979804,0.9397415730329614,-0.004715861198930031,0.001150316969860978,-0.001021039003911662,0.04147209760728999,-0.10256417131534366,0.00981138914264222,-0.006286317376255831,-0.1151541851418961,0.06197157117867405,-0.003615135385852018,0.004323984777637225,-0.0011833594339973625,0.9455620584452812,-0.001653076045366153,0.0015555149883672305,-4.668570095058863e-06,0.0004551400742008439,-0.00031109001894766666,0.0016259326851398618,0.0,-0.0,0.0,-0.0,0.0017653141702979802,-2.168404344971009e-19
7.680000000000001,-85.0,84.13198556885172,1.0,0.0,0.4890479851110186,0.48851922775909606,0.0016313694004526137,0.0017639847284822412,0.9397530692849381,-0.004726065743037808,0.0011489858549474223,-0.0010198190699348881,0.04157012358660783,-0.10262700047400497,0.00979405466814566,-0.006279378180613584,-0.11519030405769631,0.06201477013018424,-0.003608517258508271,0.004315515998972167,-0.0011998787548435012,0.9455776071489833,-0.0016509905546203628,0.0015542071860860322,-4.672846455097798e-06,0.0004552789490953864,-0.0003105247007015682,0.001623903326543521,0.0,-0.0,0.0,-0.0,0.0017639847284822415,2.168404344971009e-19
7.69,-85.0,84.13198518738176,1.0,0.0,0.48906429427244014,0.48853686220534004,0.0016304813147005083,0.0017628565915035648,0.9397645530391342,-0.004736257640877963,0.0011478353246019593,-0.0010185630379638832,0.041667980202762675,-0.10268976039305816,0.009776197080911486,-0.006272464369306958,-0.11522635677564289,0.06205787241397674,-0.0036018841149133736,0.0043054902494260375,-0.0012163794491927022,0.9455931437675912,-0.0016491390032109493,0.001553040398013525,-4.677819565825196e-06,0.0004553884860235279,-0.00030995807087382237,0.0016221039959196846,0.0,-0.0,0.0,-0.0,0.0017628565915035648,0.0
7.7,-85.0,84.13198556885126,1.0,0.0,0.48908059276640936,0.4885544840898308,0.0016292992562045305,0.0017616044358621675,0.9397760251435422,-0.00474643754013511,0.0011464634101194901,-0.001017385490546334,0.04176565464072183,-0.10275245112121162,0.009759534975535026,-0.006265547812071726,-0.11526234318469819,0.062100887404226014,-0.003595264786598309,0.004297363888127196,-0.001232860524383427,0.9456086677743798,-0.0016471102146737397,0.0015517356893664236,-4.68185121673614e-06,0.00045554863761445425,-0.00030939261024180383,0.0016201302597062533,0.0,-0.0,0.0,-0.0,0.0017616044358621675,0.0
7.71,-85.0,84.1319851873813,1.0,0.0,0.48909687795653,0.4885720913177788,0.0016277009400780505,0.0017598393896769303,0.9397874846909396,-0.0047566053409344305,0.0011452902664406198,-0.0010161275471351036,0.041863145554692206,-0.10281507276194403,0.009739432651945223,-0.006258630116003519,-0.11529826360323032,0.062143818302143,-0.0035886843202447586,0.004288068681160082,-0.0012493199924081435,0.9456241789211791,-0.001644732877074683,0.0015505107409078194,-4.686655092943644e-06,0.00045554291887261176,-0.00030883047368498296,0.0016178135995822452,0.0,-0.0,0.0,-0.0,0.0017598393896769305,2.168404344971009e-19
7.720000000000001,-85.0,84.13198556885081,1.0,0.0,0.48911314813025997,0.48858968227189004,0.0016261996494362045,0.0017581883230905046,0.9397989317939697,-0.004766760862206527,0.0011440777027917823,-0.0010149366534741822,0.041960446534407544,-0.10287762507255264,0.009720179932247807,-0.006251689674224214,-0.1153341182035545,0.062186659103813983,-0.0035821107883828016,0.004279887924980058,-0.0012657565839790169,0.9456396775925767,-0.0016424371725558048,0.0015491983181066026,-4.691258913274162e-06,0.00045557134856501446,-0.00030826891335499303,0.0016155771467937573,0.0,-0.0,0.0,-0.0,0.0017581883230905046,0.0
7.73,-85.0,84.13198518738085,1.0,0.0,0.4891294050921385,0.4886072584468402,0.0016251133159923834,0.001756885522175467,0.9398103661257806,-0.004776904154370969,0.0011428196847775062,-0.0010137090479634774,0.04205756658382928,-0.10294010799598255,0.00970271013685857,-0.006244750357336286,-0.11536990712855523,0.062229410085811135,-0.003575546775740121,0.004270798244794047,-0.001282171455581445,0.9456551637434264,-0.0016404165675140358,0.0015479541173399037,-4.69563785061001e-06,0.0004556781005292572,-0.0003077081520995131,0.001613611211596333,0.0,-0.0,0.0,-0.0,0.001756885522175467,0.0
7.74,-85.0,84.13198556885035,1.0,0.0,0.4891456501756098,0.4886248195670716,0.0016240749044516482,0.0017555735026011376,0.9398217869405068,-0.004787035506869138,0.0011414039935598484,-0.0010125066857134264,0.042154513649360494,-0.10300252149382907,0.009686426707799251,-0.006237814463017297,-0.11540563087452954,0.062272078441897104,-0.0035690401831127445,0.004262546692605155,-0.0012985640401771707,0.9456706367932525,-0.0016383392874988797,0.0015466383367380532,-4.699329598291312e-06,0.00045583569780030644,-0.00030715231214171486,0.0016115894465408376,0.0,-0.0,0.0,-0.0,0.0017555735026011379,2.168404344971009e-19
7.75,-85.0,84.1319851873804,1.0,0.0,0.4891618827262555,0.4886423646833036,0.0016225749972951665,0.0017536208160306218,0.9398331973528968,-0.004797154720587591,0.0011405444851395566,-0.0010113070731905143,0.042251258696039365,-0.10306486554322472,0.009663787592826763,-0.006230840254195019,-0.11544128955950167,0.062314663373539504,-0.003562561957069745,0.004254336332763195,-0.001314934838515255,0.9456860967223149,-0.0016359253294926262,0.0015453143429498039,-4.705272364181002e-06,0.0004556885665647297,-0.0003065988934823268,0.0016092364153124,0.0,-0.0,0.0,-0.0,0.0017536208160306218,0.0
7.760000000000001,-85.0,84.1319855688499,1.0,0.0,0.4891781030122424,0.48865989444390756,0.0016214232541682755,0.0017522643582600886,0.9398445960576222,-0.004807261692628915,0.0011392077660595484,-0.0010100581344761417,0.04234781380598552,-0.10312713976237456,0.009646528100451881,-0.006223859705434058,-0.11547688332326954,0.06235715866642538,-0.0035560614931938834,0.004245115139775325,-0.0013312839950511371,0.9457015439967508,-0.0016338613835383984,0.001544067374599846,-4.709209472893147e-06,0.00045578950769761383,-0.0003060435411445966,0.0016072276011799645,0.0,-0.0,0.0,-0.0,0.0017522643582600886,0.0
7.7700000000000005,-85.0,84.13198518737994,1.0,0.0,0.48919431201186503,0.4886774106972174,0.0016203238842704291,0.0017509757738537813,0.939855982181135,-0.0048173563755884476,0.0011379286885065784,-0.0010088337767223917,0.04244419066705215,-0.10318934407751171,0.00962919378672044,-0.006216858873029345,-0.11551241224524747,0.062399569418139546,-0.0035495985832198476,0.004236806761064475,-0.0013476128847579969,0.9457169781738431,-0.0016318786316243854,0.0015427447750218553,-4.7133456530286955e-06,0.0004558819401549419,-0.0003054914013952748,0.0016052985807471429,0.0,-0.0,0.0,-0.0,0.0017509757738537813,0.0
7.78,-85.0,84.13198556884944,1.0,0.0,0.4892105100327885,0.4886949144824864,0.00161905247935174,0.0017495422178905175,0.9398673558306804,-0.0048274387276614665,0.001136778821899307,-0.0010076202298103746,0.042540396938708064,-0.10325147849752082,0.009610825997371498,-0.006209883534964186,-0.11554787673583618,0.062441890498893746,-0.003543162526783483,0.004227689184796743,-0.0013639222827983657,0.9457323997281725,-0.001629806238747601,0.0015415072041471683,-4.717980185670684e-06,0.0004559204479557471,-0.0003049415536910293,0.0016032813038114704,0.0,-0.0,0.0,-0.0,0.0017495422178905175,0.0
7.79,-85.0,84.13198518737948,1.0,0.0,0.48922669430925464,0.4887124019280161,0.0016178003469597985,0.0017479566475891387,0.9398787188470099,-0.00483750892125438,0.0011358253818964956,-0.0010063931317329847,0.04263640561014358,-0.10331354312549883,0.009590519148371772,-0.006202898538225048,-0.11558327703369475,0.062484125683060776,-0.0035367677115338628,0.004218558155465512,-0.0013802096366436656,0.9457478084690883,-0.0016276829037466757,0.0015402706251297982,-4.72339316661653e-06,0.00045586144409702354,-0.00030439523564376487,0.0016012138323024964,0.0,-0.0,0.0,-0.0,0.0017479566475891385,-2.168404344971009e-19
7.800000000000001,-85.0,84.13198556884899,1.0,0.0,0.48924286470397643,0.4887298726888462,0.0016163524240836397,0.001746334552493125,0.9398900722158551,-0.004847567203413406,0.0011346547612947958,-0.0010052026577294505,0.04273220880448356,-0.10337553775527397,0.009571596866560598,-0.006195886170042358,-0.11561861345701005,0.06252627274027452,-0.0035303830361368017,0.0042105126959038125,-0.0013964750662023107,0.945763204653959,-0.0016254612717631148,0.0015389500364613395,-4.7278653078901915e-06,0.00045586260938041366,-0.00030384977064964086,0.0015990495790702425,0.0,-0.0,0.0,-0.0,0.001746334552493125,0.0
7.8100000000000005,-85.0,84.13198518737903,1.0,0.0,0.48925902138852384,0.4887473279876784,0.0016150101057067466,0.001744769004333833,0.9399014128184844,-0.004857613568124099,0.0011334280535614419,-0.0010040329367852663,0.04282783124942388,-0.1034374623007352,0.009553095579796953,-0.006188885226328666,-0.11565388607552504,0.06256833595655886,-0.0035240159578757467,0.004202099619464018,-0.0014127186670947506,0.9457785879362365,-0.0016232833785920079,0.001537670059027788,-4.732066334286217e-06,0.0004558786010422056,-0.00030330580063316314,0.0015969282702590767,0.0,-0.0,0.0,-0.0,0.001744769004333833,0.0
7.82,-85.0,84.13198556884853,1.0,0.0,0.48927516413026384,0.4887647669502169,0.0016135518910655143,0.0017431064219858095,0.9399127417985346,-0.0048676480843589795,0.0011322330584919117,-0.0010028427912443542,0.04292326228860564,-0.10349931682605926,0.009534082121959223,-0.006181874122867113,-0.11568909525130174,0.06261031685689308,-0.0035176902129958943,0.004193432286587732,-0.001428940157165084,0.9457939582361405,-0.001621040883989357,0.0015364048329648,-4.736361147806356e-06,0.0004558648271795527,-0.00030276536854932407,0.0015947433245033873,0.0,-0.0,0.0,-0.0,0.0017431064219858095,0.0
7.83,-85.0,84.13198518737858,1.0,0.0,0.48929129394220655,0.4887821914877746,0.001612388976496111,0.0017417513119159212,0.939924057687508,-0.004877670589674142,0.001130978885996951,-0.0010016217233337192,0.04301851895146132,-0.10356110117940208,0.00951649467008496,-0.006174856299945893,-0.11572424102396026,0.06265220571854156,-0.003511328623407491,0.004184111922383321,-0.0014451407022154624,0.9458093162974809,-0.0016190434106215447,0.001535189688207834,-4.7403713171593044e-06,0.00045591417034049645,-0.00030222183216400093,0.0015927993450565849,0.0,-0.0,0.0,-0.0,0.0017417513119159212,0.0
7.840000000000001,-85.0,84.11859216674844,1.0,0.0,0.4893074127855619,0.4887996034965496,0.0016113918490978161,0.0017406597315883503,0.939935361295162,-0.0048876810563695545,0.0011296295106041896,-0.0010004415608606237,0.043113604198195786,-0.10362281545213131,0.009500921827397495,-0.006167861307470536,-0.11575932322328644,0.06269400803964247,-0.003504980477674229,0.004176222277352397,-0.0014613221238232617,0.9458246617475787,-0.001617221274943879,0.0015338740628792116,-4.7439444382429156e-06,0.0004560553206888683,-0.00030167943428676113,0.001591027789624486,0.0,-0.0,0.0,-0.0,0.0017406597315883503,0.0
7.8500000000000005,-85.0,84.11859178527848,1.0,0.0,0.4893235201561057,0.4888170029641724,0.0016101045231001366,0.0017392700906131544,0.9399466519424151,-0.004897679792297952,0.0011283339249385331,-0.0009992590731828337,0.043208520961124486,-0.10368445991412142,0.009483526579510907,-0.006160888703352451,-0.11579434205820602,0.06273573082045238,-0.0034986603574607322,0.004167533179815668,-0.0014774843304854986,0.9458399941733532,-0.0016151925167741843,0.001532636917131426,-4.747705448826295e-06,0.00045610433984076917,-0.0003011394300370358,0.0015890528862582474,0.0,-0.0,0.0,-0.0,0.0017392700906131546,2.168404344971009e-19
7.86,-85.0,84.11859216674799,1.0,0.0,0.48933961434240114,0.4888343881591196,0.0016084809840853304,0.0017374939080018021,0.9399579295623532,-0.004907666756980479,0.0011271877148482032,-0.0009981011675280751,0.04330326533912504,-0.10374603471679504,0.009464066975378367,-0.0061539244020344065,-0.11582929775577985,0.06277736273358324,-0.003492359630215108,0.004158971823748787,-0.0014936258209819655,0.9458553146120466,-0.0016128792634172119,0.0015313988557715675,-4.75205831614791e-06,0.00045604903124984975,-0.00030060107603415885,0.001586798011102259,0.0,-0.0,0.0,-0.0,0.001737493908001802,-2.168404344971009e-19
7.87,-85.0,84.11859178527803,1.0,0.0,0.48935569227680814,0.4888517553864252,0.0016071108367618088,0.0017359691172986517,0.9399691954923955,-0.004917642103960156,0.0011259898658869797,-0.000996920334536325,0.04339781731013197,-0.1038075396767544,0.009446157807806908,-0.006146926466345919,-0.11586419061409257,0.06281891435624491,-0.003486091662027198,0.004151085841049952,-0.001509743903219371,0.9458706221272162,-0.0016107536261714748,0.0015300837317646955,-4.756155689600896e-06,0.0004560631630966172,-0.0003000655220333089,0.0015847276319249442,0.0,-0.0,0.0,-0.0,0.0017359691172986517,0.0
7.880000000000001,-85.0,84.11859216674753,1.0,0.0,0.4893717578567832,0.48886910887500246,0.0016058282366088255,0.0017345563455938898,0.9399804485941609,-0.004927605317966019,0.0011246077396559748,-0.0009957147053021316,0.04349220134142936,-0.10386897475653675,0.009429828919604701,-0.006139949074465364,-0.11589902083436364,0.06286038136879739,-0.0034798287259380565,0.004142612930044232,-0.0015258417401330594,0.9458859169478935,-0.0016086687881112735,0.0015288209954466107,-4.759437432251976e-06,0.00045614885097200036,-0.00029953038249466913,0.0015826973145488107,0.0,-0.0,0.0,-0.0,0.0017345563455938898,0.0
7.890000000000001,-85.0,84.11859178527757,1.0,0.0,0.4893878095516008,0.48888644730117137,0.0016044257655280511,0.0017330385928339116,0.9399916883588267,-0.0049375567428670995,0.0011233599159214283,-0.0009945428467643303,0.0435864162324571,-0.10393034013984595,0.009412504433741736,-0.006132986861990368,-0.11593378862048072,0.06290176914294429,-0.00347361662437497,0.0041348253869370796,-0.0015419181088550823,0.9459011987297935,-0.0016065360109157683,0.0015275070586916503,-4.7632498443455254e-06,0.0004561816904562672,-0.00029899959963530526,0.001580619751857295,0.0,-0.0,0.0,-0.0,0.0017330385928339114,-2.168404344971009e-19
7.9,-85.0,84.11859216674708,1.0,0.0,0.4894038467208864,0.48890377021886844,0.00160291118309698,0.0017314429736795527,0.9400029156844563,-0.004947496202007048,0.0011220944147403936,-0.0009933201627889054,0.04368045767659642,-0.10399163595563923,0.009395184556421457,-0.006126041777552928,-0.11596849457665198,0.06294307729149473,-0.003467455295105822,0.004126656506154189,-0.0015579728733188067,0.9459164674738991,-0.0016043331470416177,0.001526218241540099,-4.766950164130761e-06,0.0004562099408433466,-0.00029847316823998444,0.0015784731512403214,0.0,-0.0,0.0,-0.0,0.001731442973679553,2.168404344971009e-19
7.91,-85.0,84.11859178527712,1.0,0.0,0.48941986658849224,0.4889210747961069,0.0016012892576188404,0.0017297100488415798,0.9400141314168131,-0.004957423882300992,0.0011208825970367934,-0.0009921831948395317,0.04377430971231565,-0.1040528622672834,0.009376869249106015,-0.006119078758672921,-0.11600313913397953,0.06298430689603342,-0.0034613262159666936,0.00411911781084136,-0.001574004034967593,0.9459317231278973,-0.0016020480656379651,0.0015248845330275923,-4.770840194717966e-06,0.00045618481117305645,-0.00029794949351488574,0.001576245571378127,0.0,-0.0,0.0,-0.0,0.0017297100488415798,0.0
7.920000000000001,-85.0,84.11859216674662,1.0,0.0,0.48943587379762554,0.4889383656695772,0.0016000206525776676,0.0017283436511599626,0.9400253337707434,-0.004967339992927563,0.0011195196057212334,-0.000991017777270032,0.043868000055304,-0.10411401902684414,0.009360942591940561,-0.0061121328101209575,-0.11603772238204757,0.06302545412016881,-0.003455199146819316,0.004110586632028634,-0.0015900149870764215,0.9459469660074402,-0.0016000216711946386,0.0015236322821216021,-4.774050416599959e-06,0.00045627124221627537,-0.00029742597352156255,0.0015742724328818498,0.0,-0.0,0.0,-0.0,0.0017283436511599626,0.0
7.930000000000001,-85.0,84.11859178527666,1.0,0.0,0.48945186534459817,0.4889556400088578,0.001598280532443792,0.0017262758667616735,0.9400365235616314,-0.004977244392539044,0.0011180584594070457,-0.0009898406061595384,0.043961515554848014,-0.10417510634550228,0.009343697749026788,-0.006105187872434456,-0.11607224452024179,0.06306651590578477,-0.0034491668843766505,0.004102135356212978,-0.0016060035722607756,0.9459621963593343,-0.0015973603577872262,0.0015223680018514913,-4.776802469869422e-06,0.0004562887591639885,-0.0002969105957500516,0.001571674505817606,0.0,-0.0,0.0,-0.0,0.0017262758667616735,0.0
7.94,-85.0,84.11859216674617,1.0,0.0,0.48946784138300226,0.4889728956253557,0.0015967602477020791,0.0017246751792480376,0.940047698128955,-0.004987137099488242,0.0011168188055460152,-0.0009886647293343587,0.044054870112643016,-0.10423612430417857,0.009326544731565039,-0.006098265498164485,-0.11610670643216875,0.0631074992371379,-0.0034431030389266088,0.0040943614662562276,-0.0016219669899820157,0.9459774134928985,-0.0015951721658870666,0.0015210328767206313,-4.7804636532196835e-06,0.0004563061241220736,-0.000296392479687254,0.0015695419984664376,0.0,-0.0,0.0,-0.0,0.0017246751792480376,0.0
7.95,-85.0,84.11859178527621,1.0,0.0,0.48948380238779277,0.48899013541848557,0.0015954201602394887,0.0017232582801778183,0.9400588599500976,-0.004997017935985781,0.0011155756455932715,-0.0009874659241254692,0.04414805593211743,-0.10429707310783619,0.009310126836224623,-0.006091357210494756,-0.11614110776601398,0.06314839895712991,-0.0034370413537772454,0.004085636738205612,-0.0016379086007737075,0.9459926177632865,-0.0015931391117942856,0.0015197766309160321,-4.78407367969705e-06,0.0004563548289591722,-0.00029587453103161116,0.0015675620559299545,0.0,-0.0,0.0,-0.0,0.0017232582801778185,2.168404344971009e-19
7.96,-85.0,84.11859216674571,1.0,0.0,0.48949975082540353,0.4890073615446144,0.0015943616913883236,0.0017220160744585856,0.9400700100095546,-0.00500688697665622,0.0011143684508104562,-0.0009863185265162376,0.044241075108282346,-0.1043579528619832,0.00929412136286253,-0.006084459721762511,-0.11617544856115666,0.06318921798954023,-0.003430999340644587,0.004078081770413952,-0.0016538305467557115,0.9460078089792062,-0.00159126952119217,0.0015184385847858569,-4.787802299110463e-06,0.00045641925492711925,-0.00029535825795310014,0.0015657428797836773,0.0,-0.0,0.0,-0.0,0.0017220160744585858,2.168404344971009e-19
7.970000000000001,-85.0,84.11859178527575,1.0,0.0,0.4895156869897863,0.4890245721935524,0.0015929296433381548,0.00172030056417314,0.9400811496934768,-0.005016744551600805,0.0011133435607426725,-0.0009851401177851772,0.04433391256997469,-0.10441876362921124,0.009275237226570936,-0.006077549893384069,-0.11620972923893944,0.063229961556246,-0.003425007419919075,0.004070297006856494,-0.0016697318314349801,0.9460229868308507,-0.0015890727131405687,0.0015171150637270222,-4.792278861721146e-06,0.0004563374631582571,-0.0002948462790126487,0.0015636016588892528,0.0,-0.0,0.0,-0.0,0.0017203005641731402,2.168404344971009e-19
7.98,-85.0,84.11859216674526,1.0,0.0,0.4895316119332242,0.48904177007527533,0.0015919382199617764,0.0017191566698650594,0.940092276741751,-0.005026590331594802,0.0011120387394635666,-0.0009839861016993955,0.044426592973182535,-0.10447950535021627,0.009260231019480031,-0.0060706630695974125,-0.11624394997520864,0.06327062724725387,-0.0034190230404828282,0.00406271068483106,-0.0016856140301440017,0.9460381514678299,-0.001587266986261834,0.0015157876439804486,-4.795516848608983e-06,0.00045644194094037816,-0.0002943349317490249,0.0015618451775223148,0.0,-0.0,0.0,-0.0,0.0017191566698650592,-2.168404344971009e-19
7.99,-85.0,84.1185917852753,1.0,0.0,0.48954752608711244,0.48905895605837196,0.001590834587112809,0.0017179567267852332,0.9401033903980986,-0.005036424338253947,0.001110752314018463,-0.000982771289046043,0.0445191244672221,-0.10454017838916482,0.009245097355381326,-0.006063815314996841,-0.11627811087226024,0.0633112065648445,-0.0034130329436577686,0.004052749575282253,-0.0017014776660697162,0.9460533037479878,-0.0015854144444215964,0.0015146659183411177,-4.798799284767537e-06,0.0004565360377843924,-0.0002938230749410681,0.0015600425632266767,0.0,-0.0,0.0,-0.0,0.0017179567267852334,2.168404344971009e-19
8.0,-85.0,84.1185921667448,1.0,0.0,0.4895634267609645,0.489076127083946,0.0015891385159085116,0.001716003632253289,0.9401144927146543,-0.005046246613686923,0.0011097887518910466,-0.000981643080129603,0.044611484259728974,-0.10460078306895436,0.009225091477305943,-0.006056973976240525,-0.11631221184381423,0.06335169612909025,-0.0034070491343214005,0.004044890261510328,-0.0017173208194414852,0.9460684441321134,-0.0015830478387818445,0.0015133911983696078,-4.803442256670215e-06,0.000456384782026686,-0.00029331174152070246,0.0015577340340039757,0.0,-0.0,0.0,-0.0,0.001716003632253289,0.0
8.01,-85.0,84.11859178527484,1.0,0.0,0.4895792123186233,0.48909327980551903,0.0015722879066818077,0.0017146007019400629,0.9401255849290601,-0.005056057483405424,0.0011086566322627577,-0.000980514586743494,0.044703649526287456,-0.10466131907016926,0.009208133191528675,-0.006050085541633371,-0.11634625294585814,0.06339210320800762,-0.003401056677284069,0.004036744010342516,-0.0017331412971958882,0.9460835719985056,-0.0015810908532651329,0.001512127595450302,-4.807320401435883e-06,0.00045637917512843365,-0.00029279964510146693,0.001555828492314532,0.0,-0.0,0.0,-0.0,0.0017146007019400629,0.0
8.02,-85.0,84.11859216674435,1.0,0.0,0.4895948409290688,0.4891104170415963,0.0015548746692435487,0.0017127489092761995,0.9401366665008724,-0.005065856970341104,0.0011076135732127207,-0.0009793437499238072,0.04479563599948054,-0.10472178617863927,0.009188856292808441,-0.006043187138042192,-0.11638023431588458,0.06343243205862971,-0.0033951011968288256,0.004028472647401672,-0.0017489412334717976,0.9460986869523441,-0.0015788031342780157,0.0015108683100637428,-4.811550400310589e-06,0.00045625375040963677,-0.00029229071418842607,0.0015535974234552993,0.0,-0.0,0.0,-0.0,0.0017127489092761995,0.0
8.030000000000001,-85.0,84.11859178527439,1.0,0.0,0.4896103834721681,0.4891275375573273,0.0015538633909486983,0.0017116131578942513,0.94014773684075,-0.0050756446904200985,0.0011064015387152485,-0.0009781811753984031,0.04488744271932275,-0.10478218417758288,0.009173576696482742,-0.0060362762713843335,-0.11641415605779336,0.06347267388786884,-0.003389127188369627,0.004019453684442726,-0.0017647194779833498,0.9461137896414397,-0.0015770438592616009,0.0015096722496769181,-4.815011364167544e-06,0.0004563220546707706,-0.0002917801700306876,0.001551886284618336,0.0,-0.0,0.0,-0.0,0.0017116131578942513,0.0
8.040000000000001,-85.0,84.1185921667439,1.0,0.0,0.48962591482826656,0.4891446457962448,0.0015524005284514987,0.001710057743592904,0.9401587951525429,-0.005085421165566008,0.0011051811174007668,-0.00097707699567226,0.04497909269705852,-0.10484251319302909,0.00915677845347396,-0.006029386825990145,-0.1164480181028562,0.06351283364003592,-0.003383164829762377,0.00401232223231043,-0.0017804794211725935,0.9461288798154779,-0.0015749402620799323,0.0015083366742581884,-4.8184017048985475e-06,0.00045631051020639734,-0.0002912706117257927,0.0015498362468171977,0.0,-0.0,0.0,-0.0,0.001710057743592904,0.0
8.05,-85.0,84.11859178527394,1.0,0.0,0.48964143597664134,0.48916174308827753,0.001551681459401197,0.001709217658448528,0.9401698399671745,-0.005095186631503352,0.0011038551813954331,-0.0009759698731183706,0.04507060073681639,-0.10490277347170783,0.009143412983260199,-0.006022539957746123,-0.11648182058761411,0.0635529222607004,-0.003377224959985193,0.004004538908884245,-0.0017962217121110507,0.9461439566613548,-0.0015733953163648918,0.0015070678334983428,-4.821298480633447e-06,0.0004564660396297463,-0.00029076297270406217,0.001548335890003477,0.0,-0.0,0.0,-0.0,0.0017092176584485278,-2.168404344971009e-19
8.06,-85.0,84.11859216674344,1.0,0.0,0.48965694736845494,0.489178829531228,0.0015505780704458208,0.0017080315516191506,0.9401808716616534,-0.0051049407145048265,0.0011024844905446825,-0.0009748379959553663,0.04516196497637154,-0.10496296553299354,0.009129085441143969,-0.006015736047289401,-0.11651556376514541,0.06359293089854223,-0.0033713004315744995,0.003997203490505301,-0.0018119466076792839,0.946159021032306,-0.0015715525515510019,0.0015057710367323567,-4.823964927295003e-06,0.0004565697588767735,-0.00029025663775787176,0.001546542395427544,0.0,-0.0,0.0,-0.0,0.0017080315516191506,0.0
8.07,-85.0,84.11859178527348,1.0,0.0,0.4896724481000065,0.4891959044516069,0.0015495225413306444,0.0017069203661813376,0.9401918899650304,-0.005114683717074079,0.0011011323022479464,-0.0009737269731432048,0.04525318497637939,-0.10502308966123991,0.009114977934373887,-0.006008958786548378,-0.1165492479475398,0.06363286770598608,-0.003365434643614422,0.003989986589895481,-0.0018276535114557053,0.946174072375959,-0.001569783880041639,0.0015044751138606027,-4.826677283249205e-06,0.0004566806375422743,-0.0002897553433253536,0.001544821749247666,0.0,-0.0,0.0,-0.0,0.0017069203661813374,-2.168404344971009e-19
8.08,-85.0,84.11859216674299,1.0,0.0,0.4896879378863518,0.48921296627436417,0.0015482987066116956,0.0017053679550985035,0.940202893632699,-0.005124415611694147,0.0010997618906933425,-0.0009726191987525811,0.04534426863634546,-0.10508314619855907,0.009099933114714251,-0.0060022148705498515,-0.11658287413041758,0.06367273231616499,-0.003359674041386791,0.003982787125968399,-0.0018433405411812972,0.9461891107631165,-0.001567627609408914,0.0015031750160927767,-4.829275528157107e-06,0.0004567407238667478,-0.00028926308791864263,0.0015427195946785554,0.0,-0.0,0.0,-0.0,0.0017053679550985035,0.0
8.09,-85.0,84.11859178527303,1.0,0.0,0.4897034139505223,0.4892300107667931,0.0015465485524426685,0.0017031690153194582,0.9402138866490157,-0.0051341362509058994,0.0010987886162013216,-0.0009714896539427839,0.045435175368602414,-0.10514313529913195,0.009080303257760724,-0.005995460134233912,-0.11661644284671223,0.06371252119883511,-0.0033539674772660962,0.003974833223362434,-0.0018590055714029444,0.9462041364256306,-0.0015650595142262743,0.001501930790450474,-4.833582552929987e-06,0.0004565659924366305,-0.00028877546748331666,0.0015402120729190742,0.0,-0.0,0.0,-0.0,0.001703169015319458,-2.168404344971009e-19
8.1,-85.0,84.11278619750425,1.0,0.0,0.48971887272848086,0.48924703374885886,0.0015451409316847519,0.0017014225917988633,0.940224869938134,-0.005143845570807419,0.0010977963241202303,-0.0009703650203598797,0.04552588448142671,-0.10520305659818269,0.009061887845223155,-0.005988651933716411,-0.11664995432422842,0.06375222840841681,-0.003348217176660844,0.003966934909239037,-0.0018746454863589831,0.9462191497199062,-0.0015628905634715827,0.0015006627353572482,-4.837771814241124e-06,0.000456447158852348,-0.00028828406284496646,0.001538097267605723,0.0,-0.0,0.0,-0.0,0.0017014225917988633,0.0
8.110000000000001,-85.0,84.11278581603429,1.0,0.0,0.4897343174192984,0.48926404100990833,0.0015438276550317242,0.0017000174957034922,0.9402358415849327,-0.005153544060031698,0.001096532056141711,-0.000969297851756966,0.04561642858772391,-0.10526290979295361,0.009046721176496783,-0.0059818555421441155,-0.11668340841530865,0.063791864226296,-0.0033424996541281345,0.003960061246058797,-0.001890264529214273,0.9462341497522139,-0.0015609083771988244,0.0014993199891986445,-4.840729335086788e-06,0.0004564875011253479,-0.0002877954631703409,0.001536166187083572,0.0,-0.0,0.0,-0.0,0.0017000174957034922,0.0
8.120000000000001,-85.0,84.1127861975038,1.0,0.0,0.48974974832710144,0.4892810336105776,0.0015424035060060948,0.0016984990936480377,0.9402468007111103,-0.005163231730233044,0.001095273350586894,-0.0009681800679165983,0.04570681870873198,-0.10532269513093838,0.009031162394183072,-0.005975080498837694,-0.11671680561466753,0.06383142981999303,-0.0033368280857105363,0.0039523875922624335,-0.001905863295996171,0.9462491364704688,-0.0015588394016027086,0.001498038886116238,-4.843677248610001e-06,0.00045650395589066385,-0.00028731080324792617,0.00153414961825391,0.0,-0.0,0.0,-0.0,0.0016984990936480377,0.0
8.13,-85.0,84.11278581603383,1.0,0.0,0.48976516606019493,0.4892980113131175,0.0015408740515456825,0.0016968245577075815,0.9402577479628184,-0.005172908299420953,0.0010941720152714159,-0.0009670603232266677,0.04579704950884417,-0.10538241278541721,0.009014075894231737,-0.0059683152039724146,-0.11675014613738352,0.06387091639194316,-0.003331169111501359,0.003943902262356243,-0.0019214418833264108,0.9462641106067065,-0.0015566964630507904,0.0014968303755357407,-4.847287745616289e-06,0.0004564388748710756,-0.00028682721085089997,0.001532060181433022,0.0,-0.0,0.0,-0.0,0.0016968245577075815,0.0
8.14,-85.0,84.11278619750334,1.0,0.0,0.48978056751032534,0.4893149717353761,0.0015392510013786471,0.0016950733740140706,0.9402686839114236,-0.005182573649166973,0.0010930591889599327,-0.0009659846543234975,0.04588710981309517,-0.10544206276033392,0.008996735695699632,-0.0059615404353747965,-0.11678343001973909,0.06391032141809469,-0.003325502474928598,0.0039370074582498376,-0.0019369984958106004,0.9462790723610155,-0.001554492642620003,0.0014954899918555252,-4.8508140874548975e-06,0.0004563563840547576,-0.00028634294132843613,0.0015299107453752038,0.0,-0.0,0.0,-0.0,0.0016950733740140704,-2.168404344971009e-19
8.15,-85.0,84.11278581603338,1.0,0.0,0.4897959526397473,0.48933191411119203,0.0015377207160217814,0.0016934133515409927,0.9402796093057267,-0.005192227904379332,0.0010918817379893405,-0.0009648369794348125,0.04597699024187289,-0.10550164486003424,0.008980090983282327,-0.005954738750073506,-0.11681665738701201,0.06394965316697376,-0.0033198538228709313,0.00392921744437422,-0.0019525328999266428,0.946294020976256,-0.0015523515884367546,0.0014942040824308415,-4.854018952552757e-06,0.0004563045715647876,-0.00028586020296680306,0.001527823001895561,0.0,-0.0,0.0,-0.0,0.0016934133515409929,2.168404344971009e-19
8.16,-85.0,84.11278619750288,1.0,0.0,0.4898113234153596,0.4893488416302511,0.0015363600345292868,0.0016919846977497587,0.9402905218953445,-0.005201871010724705,0.0010906762125085798,-0.0009637336841393751,0.04606671885354423,-0.10556115896461236,0.008964637182162102,-0.005947947393731023,-0.11684982833675925,0.06398890976281339,-0.0033142218488261244,0.0039216827771288675,-0.001968046932567941,0.9463089565490613,-0.0015503897310457902,0.001492904504758323,-4.857066341898369e-06,0.0004563090994001138,-0.0002853788838772179,0.0015259115485687612,0.0,-0.0,0.0,-0.0,0.0016919846977497587,0.0
8.17,-85.0,84.11278581603293,1.0,0.0,0.48982667892635195,0.48936575317577846,0.0015347498101608416,0.0016903296486756923,0.9403014227588162,-0.005211503220801818,0.0010894674364176405,-0.0009626779055506545,0.046156284820029606,-0.10562060511556189,0.008948548337436442,-0.005941145557033787,-0.11688294308097559,0.06402809364092563,-0.0033086209005184055,0.003914960198957331,-0.0019835400845131493,0.9463238789107483,-0.0015482376966093035,0.001491539324618091,-4.8600653587929255e-06,0.0004562770887088538,-0.0002849002194458055,0.0015238128447714369,0.0,-0.0,0.0,-0.0,0.0016903296486756923,0.0
8.18,-85.0,84.11278619750243,1.0,0.0,0.4898420203861631,0.4893826498756348,0.0015332528346313657,0.0016886850001146538,0.9403123113099248,-0.005221124758430717,0.001088316881884693,-0.0009615909370708751,0.04624569805458627,-0.10567998330222568,0.008932262233202442,-0.005934354037145062,-0.11691600197508979,0.06406720941093395,-0.003303062489050825,0.003908003527178104,-0.001999013059603888,0.9463387876652036,-0.001546114720857943,0.0014901868238319912,-4.863291617335202e-06,0.00045623082860661286,-0.0002844252012064024,0.0015217426643317786,0.0,-0.0,0.0,-0.0,0.0016886850001146538,0.0
8.190000000000001,-85.0,84.11278581603247,1.0,0.0,0.4898573485269866,0.4893995317160623,0.0015321446652840315,0.001687477063950716,0.9403231885162245,-0.005230735476921777,0.0010870866995217224,-0.0009605151505890628,0.046334954248968836,-0.10573929367863932,0.008918185636556492,-0.005927589365136801,-0.11694900542381505,0.06410625608897617,-0.003297522863213217,0.0039011484704030677,-0.0020144661487884593,0.9463536828984889,-0.0015443262061331806,0.001488837161907208,-4.8661290342350965e-06,0.0004562933763561224,-0.0002839517841619352,0.001520001600790764,0.0,-0.0,0.0,-0.0,0.001687477063950716,0.0
8.200000000000001,-85.0,84.11278619750198,1.0,0.0,0.48987266463481655,0.48941639971282824,0.0015309476632629675,0.0016859308680764378,0.94033405166273,-0.005240335136863129,0.0010855173847212978,-0.0009593779418134114,0.04642407803826483,-0.10579853660903797,0.008905943163775338,-0.005920868869249203,-0.11698195395409328,0.06414523072765208,-0.003292077958428126,0.00389332994280197,-0.0020298991772785295,0.9463685649148077,-0.0015421089644049313,0.0014875621192146351,-4.867414564955812e-06,0.00045644630010022933,-0.00028348650726256654,0.0015178384898037309,0.0,-0.0,0.0,-0.0,0.001685930868076438,2.168404344971009e-19
8.21,-85.0,84.11278581603202,1.0,0.0,0.48988796762079795,0.48943325188434506,0.0015297043752539412,0.0016846003636040257,0.9403449014174187,-0.005249923383171098,0.001084311909318752,-0.0009582666434512868,0.04651306063733244,-0.105857712509022,0.008891425545061178,-0.005914176821420915,-0.11701484769416462,0.06418412224845178,-0.0032865482046327073,0.003885404314387409,-0.002045310639886757,0.9463834345816293,-0.0015402272274976255,0.0014863009900180492,-4.8702971117460505e-06,0.00045647904123305666,-0.00028301390712381403,0.0015160055266065292,0.0,-0.0,0.0,-0.0,0.0016846003636040259,2.168404344971009e-19
8.22,-85.0,84.11278619750152,1.0,0.0,0.4899032610353741,0.489450092751894,0.0015288258590651005,0.0016834016320729386,0.9403557393044762,-0.005259498711255829,0.0010833348056645932,-0.0009567944137967398,0.04660190362553633,-0.10591682186764165,0.00887565542685526,-0.0059075569050729025,-0.11704768629239586,0.06422295665698424,-0.003281096414333701,0.003881299396935412,-0.002060705061679671,0.946398288847997,-0.0015385565081405834,0.0014845400228966233,-4.874175697010304e-06,0.00045644361333473836,-0.00028254800521038484,0.0015143801996455955,0.0,-0.0,0.0,-0.0,0.0016834016320729386,0.0
8.23,-85.0,84.11278581603156,1.0,0.0,0.4899185434752211,0.4894669199844334,0.0015275169982084437,0.0016819148291239404,0.9403665671681221,-0.005269061481402051,0.0010822153959929724,-0.0009557224607158294,0.046690585275561185,-0.10597586467727825,0.008860076804960303,-0.005900868655907278,-0.11708047100132367,0.06426173629881216,-0.0032757415107491704,0.003874450058509656,-0.0020760813668665016,0.9464131276939278,-0.0015365951700291075,0.0014832045590454479,-4.877382937726453e-06,0.0004564138880550345,-0.00028209043102940887,0.001512468755036041,0.0,-0.0,0.0,-0.0,0.0016819148291239401,-2.168404344971009e-19
8.24,-85.0,84.11278619750107,1.0,0.0,0.48993381398310604,0.4894837338905982,0.001526234488459297,0.0016805326371610134,0.9403773838017593,-0.005278613253095139,0.0010810794691727462,-0.0009545913241107493,0.04677911808086799,-0.10603484073384255,0.008845129553949758,-0.005894210910641239,-0.1171132022369772,0.06430044117098216,-0.003270389440473343,0.0038661068863881697,-0.002091439288009726,0.946427953732824,-0.0015347112821459978,0.0014820010011188042,-4.880484679301923e-06,0.00045641273117301835,-0.00028163308531930305,0.0015106334759866,0.0,-0.0,0.0,-0.0,0.0016805326371610134,0.0
8.25,-85.0,84.1127858160311,1.0,0.0,0.48994906918187126,0.4895005305215336,0.001524826999209287,0.00167883301255226,0.9403881897979092,-0.005288153950610596,0.0010800883440987966,-0.0009535381365342532,0.04686748296118189,-0.106093750159966,0.008827869419801331,-0.005887536659916086,-0.11714587987146563,0.06433906876410123,-0.0032650299533904838,0.003859413018909298,-0.002106775846500067,0.9464427672435881,-0.0015326305226017116,0.001480667173070106,-4.884208286099119e-06,0.00045628796595401945,-0.00028117508455639156,0.0015086043394407311,0.0,-0.0,0.0,-0.0,0.0016788330125522598,-2.168404344971009e-19
8.26,-85.0,84.11278619750061,1.0,0.0,0.48996431084116754,0.4895173116831356,0.0015234660721823504,0.0016773683346784846,0.9403989846364709,-0.005297683977215107,0.0010788267479803558,-0.0009524756947477408,0.04695568828217303,-0.1061525928994268,0.008813176157839402,-0.005880876991417331,-0.11717850385754457,0.064377623020028,-0.003259663702471484,0.0038520896807477875,-0.002122092475213372,0.9464575679873555,-0.001530656081055893,0.001479394626941255,-4.886676858006798e-06,0.0004562917160687423,-0.0002807164853792442,0.0015066797808469933,0.0,-0.0,0.0,-0.0,0.0016773683346784846,0.0
8.27,-85.0,84.11278581603065,1.0,0.0,0.4899795391596802,0.48953407835388535,0.0015223761383563496,0.0016761900431583193,0.9404097669869418,-0.005307202729688186,0.001077558178920246,-0.0009511886399059502,0.04704374671931643,-0.10621136918264915,0.008799695757929648,-0.005874256430952135,-0.11721107434018753,0.06441611169006206,-0.0032543380328683737,0.0038464705725915673,-0.0021373895493626235,0.9464723551162252,-0.0015289161000693178,0.0014779022639337313,-4.8890810357749515e-06,0.00045635454771613375,-0.00028026136522173997,0.0015049859416997008,0.0,-0.0,0.0,-0.0,0.0016761900431583195,2.168404344971009e-19
8.280000000000001,-85.0,84.11278619750016,1.0,0.0,0.48999475887125443,0.4895508338855208,0.0015214343518166894,0.0016748697590103008,0.9404205378673449,-0.005316709239383033,0.0010765268385414094,-0.0009501106798814816,0.04713166508445771,-0.10627007929757225,0.00878417365900399,-0.005867632539868698,-0.11724359202691607,0.06445454154444043,-0.003249094369233561,0.003839570699653428,-0.0021526702200371744,0.9464871278322087,-0.0015271514984959782,0.0014766035720396795,-4.892531169688144e-06,0.0004563077766268595,-0.0002798132926149892,0.0015032678061681188,0.0,-0.0,0.0,-0.0,0.0016748697590103008,0.0
8.290000000000001,-85.0,84.1127858160302,1.0,0.0,0.49000996599773167,0.48956757337381174,0.0015201108919581606,0.0016732070473554827,0.9404312981628873,-0.005326205319582801,0.001075441581079948,-0.0009490893123951527,0.04721942036098005,-0.10632872322544164,0.008767882043480587,-0.005861015958191239,-0.11727605745251078,0.06449290503353271,-0.0032438836358834036,0.003833087350646096,-0.0021679308096886367,0.9465018874382664,-0.0015250865173398942,0.0014752855471920926,-4.895705139112862e-06,0.0004562168747484161,-0.0002793680403215391,0.0015012539180677188,0.0,-0.0,0.0,-0.0,0.001673207047355483,2.168404344971009e-19
8.3,-85.0,84.1127861974997,1.0,0.0,0.49002515968014493,0.4895842967887688,0.0015187823175605033,0.0016716927950785833,0.9404420480549428,-0.005335691162440644,0.0010744352706575655,-0.0009480283729834589,0.04730701136475258,-0.10638730100258943,0.008751391758983157,-0.005854401363917693,-0.11730847089129182,0.06453120311760285,-0.0032386902099081783,0.003825609476218674,-0.0021831714185469807,0.9465166339266162,-0.001523189069528611,0.0014740498766966145,-4.89920749227165e-06,0.0004561113924843848,-0.0002789242630055677,0.0014994048730920379,0.0,-0.0,0.0,-0.0,0.0016716927950785835,2.168404344971009e-19
8.31,-85.0,84.11278581602974,1.0,0.0,0.49004034184871603,0.4896010078960793,0.0015173906788559228,0.0016702588948330087,0.940452786588842,-0.005345166337564064,0.001073276003959507,-0.0009469606977938684,0.04739445774936271,-0.10644581267148183,0.008736633600269682,-0.005847802284713822,-0.11734083231039218,0.06456942654682665,-0.0032334977275982773,0.003818836063902727,-0.0021983948658014256,0.9465313680839514,-0.001521284930734476,0.0014727632339398592,-4.90198271944429e-06,0.00045609225401324936,-0.0002784805522341365,0.0014975491757733398,0.0,-0.0,0.0,-0.0,0.0016702588948330085,-2.168404344971009e-19
8.32,-85.0,84.11278619749925,1.0,0.0,0.49005550899883715,0.48961770277664207,0.0015159072439150571,0.001668632595092911,0.9404635141934115,-0.0053546308368831895,0.0010721547665119525,-0.0009459280918133813,0.0474817445699126,-0.1065042584294941,0.008720789124799903,-0.005841214417705647,-0.11737314194472295,0.06460758222910612,-0.003228327700984022,0.0038122972672010834,-0.0022135980247269312,0.9465460894192553,-0.0015192491820328969,0.0014714695805443689,-4.904899744717721e-06,0.0004560124049283419,-0.00027803875986237374,0.0014955638497716603,0.0,-0.0,0.0,-0.0,0.0016686325950929107,-2.168404344971009e-19
8.33,-85.0,84.11278581602929,1.0,0.0,0.49007066096608,0.48963438125525455,0.0015146832792416803,0.0016672553358559926,0.9404742302844787,-0.005364084899628632,0.0010709716891319217,-0.0009448282018539448,0.047568874631753785,-0.10656263827555186,0.008706272452563396,-0.0058346230927165555,-0.11740539991234075,0.06464566736230161,-0.0032231493842217315,0.003804287539522757,-0.0022287806177095394,0.9465607982192205,-0.0015173989093101913,0.0014702878011306005,-4.9075021058899745e-06,0.00045599803959874816,-0.000277596237893702,0.0014937610362568364,0.0,-0.0,0.0,-0.0,0.0016672553358559926,0.0
8.34,-85.0,84.10767908079958,1.0,0.0,0.49008580134982865,0.4896510466374315,0.001513248533873267,0.0016656191329406486,0.9404849345826606,-0.005373528218402693,0.0010699308001962376,-0.0009437858416798688,0.04765586290341421,-0.10662095229570569,0.008690113143751376,-0.005828052499010244,-0.11743760607529975,0.0646836785993105,-0.0032179874559526336,0.003797677306771051,-0.00224394523267522,0.9465754947587065,-0.001515379008895107,0.0014690053704283202,-4.910726296539156e-06,0.00045589380198311714,-0.0002771551125430549,0.0014917911697971257,0.0,-0.0,0.0,-0.0,0.0016656191329406489,2.168404344971009e-19
8.35,-85.0,84.10767869932963,1.0,0.0,0.49010092585605153,0.48966769410846417,0.001511555030464698,0.0016638132183258083,0.9404956287231311,-0.005382961407755004,0.0010688226008272515,-0.0009428000052071125,0.04774268239793833,-0.10667920054967105,0.008673751151357543,-0.005821463620694973,-0.11746976059292413,0.0647216142413068,-0.003212806814946443,0.0037901489529017524,-0.00225908847802841,0.9465901793702194,-0.001513199882494558,0.0014678121605862483,-4.913609911811158e-06,0.0004557747089241033,-0.0002767123597353758,0.001489664479048892,0.0,-0.0,0.0,-0.0,0.0016638132183258085,2.168404344971009e-19
8.360000000000001,-85.0,84.10767908079913,1.0,0.0,0.4901160344843925,0.4896843239369812,0.001510161487035866,0.0016621703861817104,0.9405063116854058,-0.0053923843598929775,0.0010677318039480541,-0.0009417602764729706,0.047829340216283565,-0.1067373829780966,0.008657897308672674,-0.005814888281221252,-0.11750186335422837,0.06475948373100125,-0.003207644902934805,0.003783618110015683,-0.002274210276755236,0.9466048511713561,-0.0015111652337181753,0.0014665219119821891,-4.916542235158446e-06,0.0004556781907773717,-0.0002762712042329571,0.0014876799418724542,0.0,-0.0,0.0,-0.0,0.0016621703861817102,-2.168404344971009e-19
8.370000000000001,-85.0,84.10767869932917,1.0,0.0,0.490131130178644,0.48970093813119625,0.001508857642149677,0.001660543688189362,0.9405169836583746,-0.005401796851072199,0.001066673102949204,-0.0009407185510678845,0.04791584271519883,-0.10679549964296753,0.008641889559096907,-0.005808309185437165,-0.11753391444161915,0.06479728059696212,-0.00320247504029119,0.0037763657764579264,-0.0022893123787403845,0.9466195106994136,-0.0015091587815570543,0.0014652943260462991,-4.919592055224738e-06,0.0004555695379370981,-0.00027582934868549487,0.0014857230909929838,0.0,-0.0,0.0,-0.0,0.0016605436881893623,2.168404344971009e-19
8.38,-85.0,84.10767908079868,1.0,0.0,0.49014621211697856,0.4897175366836638,0.001507539339372908,0.0016591196291506558,0.940527644088473,-0.005411199032124953,0.0010653967469929138,-0.0009396975659109908,0.04800219360824908,-0.10685355048260874,0.008627984886562195,-0.005801729616299465,-0.11756591389896749,0.06483501267951378,-0.003197318290870344,0.0037699835227514838,-0.00230439461899821,0.9466341572799096,-0.0015072495913950015,0.0014639930712111496,-4.921606752498838e-06,0.00045556792220567693,-0.00027538860729450434,0.001483861920991982,0.0,-0.0,0.0,-0.0,0.0016591196291506558,0.0
8.39,-85.0,84.10767869932872,1.0,0.0,0.49016128314503266,0.4897341225999567,0.0015064836966978993,0.001657865508025031,0.940538292593839,-0.005420591069509296,0.0010642886597531415,-0.0009386756173527937,0.04808840694197634,-0.10691153561832295,0.008613874803285727,-0.00579517006646654,-0.1175978619781682,0.06487268141956973,-0.0031922040672950156,0.003763600062560165,-0.0023194593555877566,0.9466487908375326,-0.0015055321612734648,0.0014626968261329397,-4.924368469356979e-06,0.0004555519187483566,-0.0002749515141434857,0.0014821894718895173,0.0,-0.0,0.0,-0.0,0.0016578655080250312,2.168404344971009e-19
8.4,-85.0,84.10767908079822,1.0,0.0,0.49017634037912633,0.4897506916713168,0.001504903551620906,0.001655987888328476,0.940548931265509,-0.005429972720607837,0.0010633042740785556,-0.0009375994867351266,0.04817445678246772,-0.10696945520306277,0.008596819193412224,-0.00578861408129163,-0.11762975919744381,0.06491028479237461,-0.003187130198928646,0.003756412347535711,-0.002334503799737084,0.9466634115572246,-0.0015033478695099523,0.001461463859847298,-4.927672034228735e-06,0.00045537611349263186,-0.00027451788163744073,0.0014800573285075136,0.0,-0.0,0.0,-0.0,0.0016559878883284761,2.168404344971009e-19
8.41,-85.0,84.10767869932826,1.0,0.0,0.49019138344900276,0.4897672435207046,0.0015036537732256575,0.0016543939061426014,0.9405595597337372,-0.005439343457084368,0.0010623317545268565,-0.0009365319271804924,0.04826034273959513,-0.10702730917773999,0.008580403254498421,-0.005782042669363917,-0.11766160544039043,0.06494780826342224,-0.0031820042262830184,0.0037488292680230924,-0.0023495276200237512,0.9466780206198028,-0.0015014170706404363,0.001460266318347936,-4.931001094393679e-06,0.0004552299764733079,-0.00027407974590292226,0.0014781746766666095,0.0,-0.0,0.0,-0.0,0.0016543939061426016,2.168404344971009e-19
8.42,-85.0,84.10767908079777,1.0,0.0,0.49020641340036,0.489783779652954,0.0015022919891679812,0.001652783485243766,0.9405701778017956,-0.005448703831250851,0.0010612482878502047,-0.000935516179380058,0.048346070072945765,-0.10708509734542782,0.008564838346489781,-0.005775454215422614,-0.11769340042559276,0.06498526570899255,-0.0031768920055167747,0.0037425528923646398,-0.002364532077967041,0.9466926169021009,-0.0014994285193662834,0.0014589614067291629,-4.933785476321017e-06,0.00045512495370727917,-0.0002736427796950026,0.0014762350967078106,0.0,-0.0,0.0,-0.0,0.001652783485243766,0.0
8.43,-85.0,84.1076786993278,1.0,0.0,0.4902214300652436,0.4898002996945046,0.0015009367155485239,0.0016511587954295486,0.9405807850712455,-0.005458053750965324,0.0010601703242769,-0.0009344681830531246,0.04843164093086001,-0.10714281959318206,0.00854908453598587,-0.005768855716784617,-0.11772514425816127,0.06502265249436827,-0.0031717733712657956,0.0037354086475740182,-0.002379516726309996,0.9467072007565365,-0.0014974391790504448,0.0014577239596670036,-4.936565212436539e-06,0.00045500593774792046,-0.0002732052459790282,0.0014742946688730929,0.0,-0.0,0.0,-0.0,0.0016511587954295486,0.0
8.440000000000001,-85.0,84.10767908079731,1.0,0.0,0.49023643384280113,0.48981680518294807,0.0014997667827462687,0.0016498855811704902,0.9405913806735813,-0.005467393421810156,0.0010589337116604768,-0.0009334326558727658,0.04851706642087585,-0.10720047585762758,0.00853570782889414,-0.0057622647132952575,-0.11775683694201693,0.06505997530445355,-0.0031666644274343787,0.0037289957795486775,-0.002394482561973701,0.9467217716294717,-0.0014956821765720373,0.0014564265738390325,-4.938575935603226e-06,0.0004550097681044941,-0.00027276853217898073,0.00147258292118058,0.0,-0.0,0.0,-0.0,0.0016498855811704902,0.0
8.450000000000001,-85.0,84.10767869932735,1.0,0.0,0.4902514244061812,0.4898332959485372,0.0014983373891400906,0.0016482255598158264,0.9406019645063477,-0.0054767227997214495,0.001057832641260503,-0.0009324083116102537,0.04860234806643715,-0.10725806631665369,0.008520204403998923,-0.005755691597433342,-0.1177884787275513,0.06509723449163428,-0.003161594753859365,0.0037226760821761078,-0.0024094293887699874,0.9467363295229498,-0.0014936552326361605,0.0014551274709291287,-4.941188523138911e-06,0.0004548966009562118,-0.00027233518624908995,0.0014706053336318436,0.0,-0.0,0.0,-0.0,0.0016482255598158266,2.168404344971009e-19
8.46,-85.0,84.10767908079686,1.0,0.0,0.49026640022010354,0.4898497687107629,0.0014967822308664925,0.0016463815560445766,0.9406125383936756,-0.005486041583461524,0.0010568263894504023,-0.000931346121976344,0.0486874630065375,-0.10731559090557764,0.00850354622584639,-0.005749083692123937,-0.11782006999923451,0.06513442785141017,-0.0031565576097395505,0.0037160726155113393,-0.0024243551956943856,0.9467508745400304,-0.0014915115229526207,0.0014538339432372841,-4.944213362024642e-06,0.000454717689258039,-0.0002719046271228263,0.0014685127072713885,0.0,-0.0,0.0,-0.0,0.0016463815560445766,0.0
8.47,-85.0,84.1076786993269,1.0,0.0,0.4902813616042197,0.4898662251738749,0.0014951932607061345,0.0016445859289941247,0.940623101321857,-0.005495350152576626,0.0010558140141327108,-0.0009303298253413757,0.048772425023427705,-0.10737304935272901,0.008487032063215248,-0.00574246683722462,-0.11785161095867204,0.0651715562772227,-0.003151537368243381,0.00370932922637843,-0.0024392610196171905,0.9467654065705079,-0.0014894147217079663,0.0014525570614129964,-4.947180866779888e-06,0.00045454242714005656,-0.000271475509098327,0.0014664661918191752,0.0,-0.0,0.0,-0.0,0.0016445859289941247,0.0
8.48,-85.0,84.1076790807964,1.0,0.0,0.4902963058949,0.48988266317985285,0.001493682628974543,0.0016430318452327456,0.9406336534877243,-0.005504648554714678,0.0010545597666602657,-0.0009293238011498261,0.04885722451258135,-0.10743044145928883,0.008473030493776049,-0.0057358229974849234,-0.11788310175111656,0.06520861943825158,-0.0031465199241433096,0.00370319583118852,-0.0024541452448559676,0.9467799255775041,-0.0014874296570300816,0.0014512160742282754,-4.948983708452238e-06,0.00045449782897951003,-0.0002710466167561095,0.0014645296167177973,0.0,-0.0,0.0,-0.0,0.0016430318452327456,0.0
8.49,-85.0,84.10767869932644,1.0,0.0,0.49031123595152637,0.4898990863213555,0.0014921909071324384,0.0016414121602444486,0.9406441939114638,-0.005513936714170335,0.0010535599251553722,-0.0009282988369548049,0.048941881649547256,-0.10748776724103495,0.008457113776790603,-0.00572919469581386,-0.11791454249479555,0.06524561998801083,-0.003141531946686866,0.0036969266437976694,-0.0024690104666418877,0.9467944312722696,-0.0014854898510894931,0.0014498869904022104,-4.951951118612222e-06,0.00045434682479873506,-0.0002706202481952751,0.0014626375347596009,0.0,-0.0,0.0,-0.0,0.0016414121602444486,0.0
8.5,-85.0,84.10767908079595,1.0,0.0,0.49032615048037675,0.4899154922099571,0.0014906023654024944,0.001639676990852403,0.9406547248395748,-0.005523214674862923,0.0010525363568224173,-0.0009272301076418874,0.04902637339780209,-0.10754502660439759,0.008441272750805428,-0.005722542695963252,-0.11794593357084464,0.06528255788176723,-0.00313658459929701,0.003690013402454663,-0.0024838555985323345,0.9468089236533747,-0.0014834361753415105,0.0014486006163933053,-4.9547772589060515e-06,0.00045419586945230904,-0.0002701973648827018,0.0014606332635417017,0.0,-0.0,0.0,-0.0,0.0016396769908524028,-2.168404344971009e-19
8.51,-85.0,84.10767869932599,1.0,0.0,0.4903410499811738,0.48993188198361726,0.0014891743325690227,0.0016381149740262188,0.9406652445469833,-0.005532482026402005,0.001051447976709204,-0.0009262083750581051,0.04911071730050758,-0.10760221946012309,0.008426414951716761,-0.0057158945995792,-0.11797727509743106,0.06531942770252927,-0.003131627790494591,0.0036838089243531455,-0.00249868088033705,0.9468234030940001,-0.0014815073485323908,0.0014472618643038885,-4.957269568572009e-06,0.0004540940440044179,-0.00026977365190542705,0.0014587518514958,0.0,-0.0,0.0,-0.0,0.0016381149740262188,0.0
8.52,-85.0,84.10767908079549,1.0,0.0,0.4903559348806274,0.48994825584320595,0.0014876848130825162,0.0016364833705979935,0.9406757538539594,-0.005541739525427155,0.0010504071356749053,-0.0009252517407707457,0.049194908959727314,-0.10765934585365583,0.008410968786873927,-0.005709250028660719,-0.11800856708074497,0.06535622845285809,-0.0031266588628032863,0.003676611549703967,-0.0025134867992095966,0.9468378698628659,-0.0014795430745528624,0.0014460289982462645,-4.959956787049028e-06,0.00045395673985334476,-0.00026934888045508187,0.0014568354679867794,0.0,-0.0,0.0,-0.0,0.0016364833705979933,-2.168404344971009e-19
8.530000000000001,-85.0,84.10767869932553,1.0,0.0,0.49037080222037643,0.48996461088056864,0.0014858847980038798,0.0016346273253454134,0.9406862529598513,-0.0055509868154718185,0.0010493301922358614,-0.0009242191129923891,0.049278935862323056,-0.10771640574937562,0.008395058394471907,-0.005702590240813068,-0.11803980925843263,0.06539295794036483,-0.0031216726187328204,0.0036698797247081845,-0.002528271105283148,0.9468523241015344,-0.0014773786661122403,0.001444734943372116,-4.962443291382013e-06,0.00045379042392122996,-0.00026892260216146636,0.0014547219468770316,0.0,-0.0,0.0,-0.0,0.0016346273253454132,-2.168404344971009e-19
8.540000000000001,-85.0,84.10767908079504,1.0,0.0,0.490385657253224,0.48998095259623176,0.001484927711054374,0.0016334346910679184,0.9406967401481013,-0.0055602241479912225,0.001048195919337101,-0.0009232125986232088,0.04936282773587353,-0.10777339915700587,0.008381550320200451,-0.005695958216381043,-0.11807100146575229,0.06542962721432931,-0.003116682224975911,0.0036638143575505712,-0.002543037769418946,0.9468667648759946,-0.001475759102968767,0.0014433961743347012,-4.964630526283423e-06,0.00045375042318868787,-0.0002684959523553544,0.0014531448507608684,0.0,-0.0,0.0,-0.0,0.0016334346910679184,0.0
8.55,-85.0,84.10767869932508,1.0,0.0,0.4904005002800971,0.4899972801649669,0.0014837526152876286,0.001632183256900407,0.9407072163781489,-0.005569451479356851,0.0010469485078804987,-0.0009222168820271623,0.049446575472785324,-0.10783032625741783,0.008368795879004501,-0.005689334660480298,-0.11810214398044301,0.06546623627938454,-0.0031117200474290937,0.003657821774174871,-0.0025577865180571244,0.9468811922564311,-0.0014740437345811361,0.0014420581721813395,-4.966251723545828e-06,0.00045374787006151866,-0.0002680717192516808,0.001451473357814115,0.0,-0.0,0.0,-0.0,0.001632183256900407,0.0
8.56,-85.0,84.10767908079458,1.0,0.0,0.4904153311668512,0.4900135945674816,0.0014824046964516532,0.001630659410039376,0.9407176810411502,-0.005578668756470821,0.0010459483234131072,-0.0009212164964684747,0.04953018939350071,-0.10788718732043427,0.008353715594609517,-0.005682743048307229,-0.11813323710695822,0.06550278475828739,-0.00310680431159695,0.0036517953916941487,-0.002572517838073729,0.9468956063502112,-0.0014721884991801052,0.001440731913187675,-4.969017429640178e-06,0.0004536158229556125,-0.00026765147320937375,0.0014496640777227772,0.0,-0.0,0.0,-0.0,0.0016306594100393757,-2.168404344971009e-19
8.57,-85.0,84.10767869932462,1.0,0.0,0.49043014776842125,0.49002989291278626,0.001480835950374896,0.001628910375563575,0.940728134361111,-0.0055878758038028255,0.0010447301274932918,-0.0009201670597536861,0.04961365840698226,-0.10794398251614021,0.008339443212229502,-0.005676165805025464,-0.11816428119396935,0.06553927140267807,-0.0031019186385949507,0.0036454238711028904,-0.0025872294713924827,0.9469100072874062,-0.0014700652869414474,0.0014394275015377688,-4.970718439691121e-06,0.0004535240457738089,-0.0002672338027146979,0.001447590850944155,0.0,-0.0,0.0,-0.0,0.001628910375563575,0.0
8.58,-85.0,84.10767908079413,1.0,0.0,0.49044495171721303,0.49004617695052727,0.0014796262583616077,0.0016275746981914887,0.9407385756581563,-0.005597072626982182,0.0010436333296707204,-0.0009191497330203362,0.04969699363756303,-0.10800071204162898,0.008325731532249133,-0.0056696119952344744,-0.11819527630543993,0.06557569468282733,-0.0030970176457923468,0.0036384357507915467,-0.0026019226183034263,0.9469243952098285,-0.0014683335957999166,0.001438188613834877,-4.972968429085595e-06,0.0004534593719284084,-0.0002668147983901994,0.0014459030930823653,0.0,-0.0,0.0,-0.0,0.0016275746981914887,0.0
8.59,-85.0,84.10767869932417,1.0,0.0,0.49045974278910087,0.4900624472147569,0.0014783665670544677,0.0016262407906084183,0.9407490061572349,-0.005606259168348256,0.0010425666028819167,-0.0009181454719339019,0.04978019005057166,-0.10805737620618344,0.008311916870917497,-0.005663096104063651,-0.11822622239359193,0.06561204888197464,-0.0030921167085792797,0.0036323819139750793,-0.002616598135363765,0.9469387707353197,-0.0014666130085539762,0.0014368880549869476,-4.975333745722723e-06,0.00045338570040568874,-0.0002663957850765187,0.001444226209024971,0.0,-0.0,0.0,-0.0,0.0016262407906084183,0.0
8.6,-85.0,84.10532159788352,1.0,0.0,0.49047451924978525,0.49007870142899523,0.0014769612019861658,0.0016245326746387565,0.9407594266335703,-0.00561543579758893,0.001041544338020371,-0.0009171095220715943,0.049863234229760175,-0.10811397528511833,0.008296395376146353,-0.005656591405081935,-0.11825711968371576,0.06564834183367878,-0.0030872452538678054,0.0036249397594074347,-0.00263125451334241,0.9469531333856512,-0.0014646134736928673,0.0014357091655377993,-4.977882631858851e-06,0.0004532152854143806,-0.00026597929763455585,0.0014422745694907908,0.0,-0.0,0.0,-0.0,0.0016245326746387567,2.168404344971009e-19
8.610000000000001,-85.0,84.10532121641356,1.0,0.0,0.49048928393173913,0.490094941182763,0.0014757926387594406,0.0016231991361474842,0.9407698361076745,-0.005624602210495154,0.001040366064278857,-0.0009161452616924467,0.04994613809598523,-0.10817050935017748,0.00828328213993826,-0.005650093759507581,-0.11828796804589348,0.0656845630032894,-0.003082336161578996,0.0036191755805914895,-0.0026458927260780475,0.9469674840664104,-0.0014628602282918484,0.0014344018023179105,-4.979657620719261e-06,0.0004531729492255545,-0.00026555955368903994,0.0014405653982316887,0.0,-0.0,0.0,-0.0,0.001623199136147484,-2.168404344971009e-19
8.620000000000001,-85.0,84.10532159788306,1.0,0.0,0.49050403586613806,0.49011116419435713,0.00147454500789051,0.0016214921396898539,0.9407802363713739,-0.005633758770568193,0.0010395228883622195,-0.0009151524820068464,0.050028881707949335,-0.10822697841909187,0.008266641645359245,-0.005643583891511359,-0.11831876758623365,0.06572072508390382,-0.003077474810560161,0.00361321903634007,-0.002660511619123798,0.9469818217651012,-0.0014609333209597384,0.0014331058775746556,-4.983007755967337e-06,0.00045293390987630964,-0.0002651439087571444,0.001438685146326656,0.0,-0.0,0.0,-0.0,0.0016214921396898539,0.0
8.63,-85.0,84.1053212164131,1.0,0.0,0.4905187749596614,0.49012737178625226,0.0014732011422253744,0.0016200211945954185,0.9407906271437056,-0.005642905565037569,0.0010384894043562187,-0.0009141774867052837,0.05011147167894735,-0.1082833823500255,0.00825210617671924,-0.005637070723999845,-0.11834951862404217,0.06575682876405695,-0.0030726393231128605,0.0036073939068156733,-0.002675112233455673,0.9469961464474029,-0.0014591341983190454,0.0014318044873343708,-4.985418527129667e-06,0.00045280642277780315,-0.00026473047835182497,0.00143693066869657,0.0,-0.0,0.0,-0.0,0.0016200211945954185,0.0
8.64,-85.0,84.10532159788261,1.0,0.0,0.49053350010412844,0.4901435643254389,0.0014717879878762637,0.001618376404295453,0.9408010065502864,-0.005652042498862071,0.0010374461633630419,-0.0009131844257593368,0.050193921754779235,-0.1083397211896938,0.008237047549447927,-0.005630560476326089,-0.1183802214024682,0.06579287338048016,-0.0030678309669489763,0.0036014339457131313,-0.0026896942250632955,0.9470104581548218,-0.0014571936337745542,0.001430507821508842,-4.987755219069007e-06,0.00045264669476657903,-0.00026431937169771054,0.0014350368364456534,0.0,-0.0,0.0,-0.0,0.001618376404295453,0.0
8.65,-85.0,84.10532121641265,1.0,0.0,0.4905482120578964,0.49015974136156326,0.0014705153587030993,0.0016167514022135993,0.9408113751615218,-0.0056611690560242805,0.0010364149507075468,-0.0009121495722641028,0.05027622767184766,-0.10839599494930853,0.008222108128680487,-0.005624056437413206,-0.11841087603315491,0.06582884720870295,-0.0030630128155937734,0.003594378899953103,-0.0027042574222198978,0.9470247578124841,-0.0014552693901904695,0.0014293034058031487,-4.9901221659537825e-06,0.0004524899213570662,-0.0002639074072849952,0.0014331590103074821,0.0,-0.0,0.0,-0.0,0.0016167514022135993,0.0
8.66,-85.0,84.10532159788215,1.0,0.0,0.4905629102454808,0.49017590118680326,0.0014690858346990924,0.0016151202834344318,0.9408217342345458,-0.005670285809606836,0.001035420682675719,-0.0009111543011807626,0.050358377071949054,-0.10845220357533386,0.008207104350964051,-0.00561753342126165,-0.11844148268211,0.06586476249815879,-0.003058227149322414,0.0035878754551066034,-0.0027188008388298584,0.9470390444407099,-0.0014533493242043268,0.0014280513640580815,-4.992638682906016e-06,0.0004523259193485655,-0.0002634982277235158,0.001431285230492288,0.0,-0.0,0.0,-0.0,0.0016151202834344316,-2.168404344971009e-19
8.67,-85.0,84.1053212164122,1.0,0.0,0.4905775939434368,0.4901920443586382,0.0014677248394955166,0.0016135755951659368,0.9408320832764743,-0.005679392565210746,0.0010343624968147547,-0.0009101342701723047,0.050440375366395354,-0.10850834692443405,0.008192736853479439,-0.005611009548994878,-0.11847204142780624,0.06590061092740822,-0.003053422308409863,0.0035811788604011604,-0.0027333247809286777,0.947053318688968,-0.001451483092012839,0.001426813367843538,-4.994819028617862e-06,0.0004521933957382828,-0.0002630873821340981,0.00142946440059037,0.0,-0.0,0.0,-0.0,0.0016135755951659368,0.0
8.68,-85.0,84.1053215978817,1.0,0.0,0.49059226597732775,0.4902081731753779,0.0014665416217009993,0.001612059309694573,0.9408424220785143,-0.005688489239000954,0.001033361515688633,-0.0009091738351658139,0.05052223146163967,-0.10856442516238787,0.008178024275052207,-0.005604503958101133,-0.11850255208501909,0.06593639492527452,-0.0030486185880170256,0.0035755138509057298,-0.0027478311024661064,0.9470675804239523,-0.0014496689816652626,0.001425506710220515,-4.9972484334552235e-06,0.0004520383385061091,-0.00026267661965363644,0.0014276948392755557,0.0,-0.0,0.0,-0.0,0.0016120593096945733,2.168404344971009e-19
8.690000000000001,-85.0,84.10532121641174,1.0,0.0,0.49060692442036735,0.4902242865295795,0.0014650721139190096,0.0016104801981635998,0.940852749882603,-0.005697576269545607,0.0010322372508436224,-0.0009081989244282983,0.05060394561877391,-0.10862043837046934,0.008163893507077984,-0.005598009601665517,-0.11853301484233784,0.06597212199098777,-0.003043845142324876,0.003569743701683781,-0.0027623187121236215,0.9470818291147433,-0.0014477640034469264,0.0014242081050171666,-4.99905407662778e-06,0.00045191198136008417,-0.00026226845203683935,0.0014258357229169824,0.0,-0.0,0.0,-0.0,0.0016104801981635995,-2.168404344971009e-19
8.700000000000001,-85.0,84.10532159788124,1.0,0.0,0.4906215686053118,0.4902403844931957,0.0014636056973567095,0.0016088343028596405,0.9408630663644367,-0.0057066531816939775,0.0010311975261787227,-0.0009071792383047257,0.0506855202508011,-0.10867638676022745,0.008148920250943312,-0.00559153924946106,-0.11856342989112031,0.06600778453366833,-0.0030390815920488088,0.0035631987721255628,-0.0027767875972413516,0.9470960653942102,-0.0014458433813785746,0.0014229779444433742,-5.001241555487915e-06,0.0004517355339378478,-0.00026186112341517316,0.0014239611338924538,0.0,-0.0,0.0,-0.0,0.0016088343028596405,0.0
8.71,-85.0,84.10532121641128,1.0,0.0,0.49063619717744295,0.49025646511904497,0.0014620729200214085,0.0016072528901557078,0.9408733726202362,-0.005715720182200309,0.0010299992334628165,-0.0009061992039916594,0.050766941507655435,-0.10873227042304019,0.008135292387021032,-0.005585061333567374,-0.11859379743086162,0.06604338361251422,-0.0030343255623100263,0.0035566339393148802,-0.002791236618593295,0.9471102892353965,-0.0014439159816775431,0.0014217536523117287,-5.0026306776819695e-06,0.00045163014752068085,-0.00026145442889958175,0.0014220798022122909,0.0,-0.0,0.0,-0.0,0.001607252890155708,2.168404344971009e-19
8.72,-85.0,84.10532159788079,1.0,0.0,0.49065081283152856,0.4902725316357062,0.0014609304766474629,0.0016059782778998137,0.9408836669529418,-0.005724777661776619,0.0010288036806519207,-0.00090525633001851,0.050848231369664855,-0.10878808930863776,0.008122697086320636,-0.0055785894743183954,-0.11862411740504938,0.06607892325478121,-0.0030295799969632968,0.003551097177808738,-0.0028056678379046137,0.9471245003298602,-0.0014422460342853878,0.0014204449159354335,-5.004004728267588e-06,0.0004515789375697623,-0.0002610486227382111,0.0014204519677965303,0.0,-0.0,0.0,-0.0,0.001605978277899814,2.168404344971009e-19
8.73,-85.0,84.10532121641083,1.0,0.0,0.4906654160205645,0.49028858511078127,0.0014597272125455296,0.0016047357390441088,0.9408939490102498,-0.00573382535321851,0.0010275447568424386,-0.0009041851450899759,0.05092939792441466,-0.10884384364618303,0.008110811023447741,-0.005572161390020179,-0.11865439005247058,0.06611440298852554,-0.003024845448882464,0.0035437702112925827,-0.0028200819332809745,0.9471386987079181,-0.0014405722672709434,0.0014192819531372704,-5.005042511568104e-06,0.0004515642205169964,-0.0002606437527924576,0.0014188203138311383,0.0,-0.0,0.0,-0.0,0.0016047357390441088,0.0
8.74,-85.0,84.10532159788033,1.0,0.0,0.49068000593913524,0.49030462439908307,0.0014582391874380656,0.0016030797059811228,0.9409042194038052,-0.00574286257544452,0.001026507823082445,-0.0009032086675012008,0.05101043414318802,-0.10889953385238477,0.008096098026559116,-0.005565746723680544,-0.11868461528987403,0.06614981286981021,-0.0030201043613015594,0.003537527341488817,-0.002834478165739044,0.9471528852509069,-0.0014386422205511407,0.0014180444679113475,-5.00713405534157e-06,0.00045138895791244413,-0.0002602383060774643,0.0014169361882014845,0.0,-0.0,0.0,-0.0,0.0016030797059811228,0.0
8.75,-85.0,84.10532121641037,1.0,0.0,0.4906945812362551,0.4903206475411736,0.001456794234124914,0.0016015142819279435,0.9409144791992269,-0.005751889118989339,0.00102542947921999,-0.0009019527798556518,0.05109132631972362,-0.10895516001031809,0.008082134987005656,-0.005559368871419371,-0.11871479315676628,0.06618516895944573,-0.0030154019611798666,0.0035343795247527138,-0.002848855363380997,0.9471670581964396,-0.0014367684028974198,0.001416393294039496,-5.008996147874727e-06,0.00045125207988312043,-0.0002598361794744062,0.0014151073776671038,0.0,-0.0,0.0,-0.0,0.0016015142819279433,-2.168404344971009e-19
8.76,-85.0,84.10532159787988,1.0,0.0,0.4907091412364544,0.49033665400989246,0.001455175824919583,0.0015997807506745528,0.9409247279600715,-0.005760903855122537,0.0010242643483360904,-0.0009009702168454455,0.05117207573889849,-0.10901072222841733,0.008067893168073154,-0.005552941381444177,-0.11874492452649162,0.06622048410987297,-0.0030107778840490506,0.003528566874408292,-0.0028632130274178704,0.9471812158363256,-0.0014347495822363845,0.0014151046320524,-5.010406113380535e-06,0.00045109626231822753,-0.00025944078839029434,0.0014131356828600004,0.0,-0.0,0.0,-0.0,0.001599780750674553,2.168404344971009e-19
8.77,-85.0,84.10532121640992,1.0,0.0,0.4907235165713852,0.49035264321929317,0.0014345428931649379,0.0015980947270148953,0.9409349668545667,-0.0057699085840438305,0.0010233500996331738,-0.0008999755561613511,0.05125267150197158,-0.10906622006128085,0.008052227108198154,-0.0055464864601950095,-0.11877500969937475,0.06625573558970256,-0.0030061578078094896,0.003522130919748731,-0.002877551249370684,0.9471953610125717,-0.0014328651150014528,0.0014138625132924622,-5.013015329731693e-06,0.0004508572207857067,-0.00025904572863824746,0.0014112962501971677,0.0,-0.0,0.0,-0.0,0.0015980947270148953,0.0
8.780000000000001,-85.0,84.10532159787942,1.0,0.0,0.4907378555658335,0.49036861742775234,0.0014332020758577833,0.0015966845782311191,0.9409451946143537,-0.005778903722809854,0.0010221955125199584,-0.0008990193841638159,0.05133313011695145,-0.10912165323779661,0.008039135536943829,-0.005540015525376699,-0.11880504862121902,0.06629092978596114,-0.003001538946267759,0.0035165600353633014,-0.0028918714086504736,0.9472094931676831,-0.0014311167323218204,0.0014125431479005952,-5.014420815015845e-06,0.0004507589680580676,-0.00025865076051586407,0.0014095907915039315,0.0,-0.0,0.0,-0.0,0.0015966845782311191,0.0
8.790000000000001,-85.0,84.10532121640946,1.0,0.0,0.49075218230574597,0.4903845788761124,0.001432003796515322,0.0015954179889780618,0.94095541029289,-0.005787889352287618,0.0010210153421549416,-0.0008980594036904581,0.05141346685536014,-0.1091770217473735,0.008026875630577827,-0.005533561234499172,-0.11883504142334944,0.0663260686045559,-0.002996938710534978,0.003510957447494318,-0.0029061749497342874,0.947223612112693,-0.0014294712870312086,0.0014112285694777705,-5.015673961503198e-06,0.0004507043830853288,-0.000258257384796951,0.0014079866646511871,0.0,-0.0,0.0,-0.0,0.0015954179889780618,0.0
8.8,-85.0,84.10532159787897,1.0,0.0,0.49076649822422463,0.4904005284988472,0.0014309475393206887,0.001594218974867227,0.940965614167286,-0.0057968651460433025,0.0010198448790566536,-0.0008970536637530778,0.05149368381179294,-0.10923232589363167,0.008014825880668954,-0.005527143220655526,-0.11886498828645237,0.06636114886339534,-0.002992350486243276,0.003504621220010164,-0.002920462748421183,0.9472377181507321,-0.001427886487009753,0.0014099832934608677,-5.016948065782933e-06,0.0004506587371884173,-0.00025786503178523604,0.0014064422175298287,0.0,-0.0,0.0,-0.0,0.001594218974867227,0.0
8.81,-85.0,84.10532121640901,1.0,0.0,0.49078080125924944,0.49041646379006654,0.00142955087378086,0.0015927380218509278,0.9409758070236319,-0.005805830886074601,0.001018684341281554,-0.000896055540301388,0.051573768099344545,-0.10928756591322221,0.008001696723446486,-0.005520731792264031,-0.11889488926516886,0.06639616447283048,-0.0029877490651622597,0.0034983305464227725,-0.002934733034914706,0.9472518118789798,-0.0014260790550653848,0.0014087397436093173,-5.018243292935424e-06,0.0004505493702445255,-0.00025747152873262626,0.0014046784236319638,0.0,-0.0,0.0,-0.0,0.0015927380218509275,-2.168404344971009e-19
8.82,-85.0,84.10532159787851,1.0,0.0,0.4907950909436418,0.49043238514932147,0.0014282916008588834,0.0015914018221131227,0.9409859877543566,-0.005814786380954034,0.001017516917473283,-0.0008950529886039456,0.05165372742605012,-0.10934274191733732,0.007989210083044413,-0.005514338337407175,-0.11892474410652126,0.06643111344259324,-0.002983133770543185,0.0034919755918200804,-0.0029489857779341037,0.9472658934801501,-0.001424383665616892,0.0014075051620825512,-5.019477645523078e-06,0.0004504731858068488,-0.00025707681729285206,0.001403024931244649,0.0,-0.0,0.0,-0.0,0.0015914018221131227,0.0
8.83,-85.0,84.10532121640856,1.0,0.0,0.49080936612577475,0.4904482924388848,0.0014073487233133542,0.0015898052562683498,0.94099615734622,-0.005823732118411652,0.0010164825443115103,-0.0008940721752147987,0.05173355710713966,-0.10939785401404901,0.007975216099935725,-0.005507950155579484,-0.11895455296391942,0.06646600494894432,-0.002978559471829704,0.0034862470304586014,-0.0029632211546552494,0.9472799622453342,-0.0014225176495977884,0.0014062191021573115,-5.021341874309501e-06,0.00045030891328676,-0.0002566856260089659,0.0014012033108648653,0.0,-0.0,0.0,-0.0,0.00158980525626835,2.168404344971009e-19
8.84,-85.0,84.10532159787806,1.0,0.0,0.4908234350463439,0.49046418552006027,0.001406241202374322,0.001588559517500591,0.9410063160431776,-0.0058326681444038145,0.0010152982246825351,-0.0008930979494730779,0.05181325646251571,-0.10945290225250445,0.007963315583551709,-0.005501571803203054,-0.11898431612816888,0.06650083983828421,-0.0029739917812526546,0.003480562152042864,-0.0029774391211483584,0.9472940181114349,-0.0014208907384112618,0.0014049325595073495,-5.022438768460725e-06,0.0004502597943116929,-0.0002562949915070274,0.0013996171534643865,0.0,-0.0,0.0,-0.0,0.0015885595175005912,2.168404344971009e-19
8.85,-85.0,84.1053212164081,1.0,0.0,0.4908374898977709,0.49048006212653517,0.0014046841842238313,0.0015866449347612531,0.9410164645345002,-0.0058415945732618,0.0010144758775478388,-0.0008921550347011078,0.05189281426498483,-0.10950788667609905,0.007947255210844285,-0.005495182115249606,-0.11901403391744975,0.06653561891999084,-0.00296948672947818,0.003475106017150071,-0.002991638084607817,0.9473080610200739,-0.0014188342668757673,0.0014036247986225435,-5.025300134023555e-06,0.00044997217353791546,-0.00025590974211618363,0.0013976078034735448,0.0,-0.0,0.0,-0.0,0.0015866449347612531,0.0
8.860000000000001,-85.0,84.1053215978776,1.0,0.0,0.4908515301182242,0.49049592102655115,0.0014032533150793818,0.0015850195464998673,0.9410266047245325,-0.005850511604573047,0.0010135259004313015,-0.0008912048997204853,0.051972214298793555,-0.10956280713098246,0.007932352783580891,-0.005488773281637266,-0.11904370665077164,0.06657034368668738,-0.002964972421610905,0.003469592889096496,-0.003005817799402714,0.9473220908268972,-0.0014170071087522098,0.001402318459384603,-5.027503347409568e-06,0.00044974646183756044,-0.00025552368201362305,0.0013958242700233398,0.0,-0.0,0.0,-0.0,0.0015850195464998675,2.168404344971009e-19
8.870000000000001,-85.0,84.10532121640765,1.0,0.0,0.4908655550511252,0.49051176351163134,0.0014017712098792529,0.0015835135942283548,0.9410367342447201,-0.005859419142053467,0.0010123438731052645,-0.000890273933407168,0.05205147390065631,-0.109617663431772,0.007919692425681262,-0.00548235925839756,-0.11907333433810278,0.06660501347405759,-0.002960475524245303,0.003464240076909616,-0.0030199786041439193,0.9473361075369513,-0.0014151758213773707,0.001400998175503266,-5.028528701966801e-06,0.0004496446264109177,-0.0002551391094513391,0.001394036605970743,0.0,-0.0,0.0,-0.0,0.0015835135942283548,0.0
8.88,-85.0,84.07940683347283,1.0,0.0,0.4908795676339488,0.4905275926350598,0.001400538241011074,0.001582073240026032,0.9410468520304611,-0.005868317187696687,0.001011235699977409,-0.000889304508584246,0.05213061181467101,-0.10967245568247659,0.007906762065638404,-0.005475962733808533,-0.1191029170709193,0.06663962843375773,-0.0029559879176806456,0.0034586086517403654,-0.0030341225527650726,0.9473501111354699,-0.0014134308767311979,0.0013996980570879889,-5.029894728003929e-06,0.0004495245242845255,-0.0002547553252458496,0.00139233393571536,0.0,-0.0,0.0,-0.0,0.0015820732400260318,-2.168404344971009e-19
8.89,-85.0,84.07940721494234,1.0,0.0,0.4908935678261147,0.4905434081305628,0.0013994661506004553,0.0015809043679639245,0.9410569581699717,-0.0058772055721410844,0.001010035736773553,-0.0008883460388395195,0.05220962720508973,-0.10972718404905436,0.007895480208008912,-0.005469588873602882,-0.11913245489322644,0.06667418299164433,-0.0029514870529042526,0.003452344986625807,-0.0030482494565449983,0.9473641021237819,-0.0014118676547658642,0.0013984624045979238,-5.03077785204972e-06,0.0004494953124233209,-0.0002543703860311541,0.0013908102194238074,0.0,-0.0,0.0,-0.0,0.0015809043679639245,0.0
8.9,-85.0,84.07940683347238,1.0,0.0,0.490907554500391,0.49055920906008593,0.0013978701927645418,0.0015792803509446756,0.9410670528667439,-0.005886084440663048,0.0010088852233472133,-0.0008873939489228815,0.052288516403810804,-0.1097818487327107,0.00788233416204374,-0.00546322027701529,-0.11916194774513487,0.06670867981895173,-0.002946997818801033,0.0034468644155353136,-0.0030623586004522208,0.9473780803412023,-0.0014099543376533692,0.0013971569453936682,-5.03188036414938e-06,0.000449357097609981,-0.00025398643664488306,0.001388941570343727,0.0,-0.0,0.0,-0.0,0.0015792803509446756,0.0
8.91,-85.0,84.07940721494188,1.0,0.0,0.49092149815068536,0.49057499572946467,0.0013767718464133415,0.0015780174380366227,0.9410771357299219,-0.005894953829688623,0.001007676654059965,-0.0008864811946458696,0.052367283648978,-0.10983644985364541,0.007870860871186663,-0.0054568804527093725,-0.11919139571338833,0.0667431168261588,-0.002942499353618404,0.003440385198190789,-0.0030764500849552513,0.9473920459806345,-0.0014083125974097073,0.001395955191308099,-5.032666762072689e-06,0.0004493113930604187,-0.00025360167917489205,0.0013873403909131687,0.0,-0.0,0.0,-0.0,0.0015780174380366227,0.0
8.92,-85.0,84.07940683347192,1.0,0.0,0.4909352619963729,0.490590770317224,0.001375936866092109,0.0015768137942349719,0.9410872073820409,-0.005903814183505766,0.0010066502663397512,-0.0008855650297454595,0.05244593402363294,-0.10989098772500389,0.007858741460722605,-0.005450571582167057,-0.1192207987250445,0.06677749494931777,-0.0029380187935102164,0.0034351404299822062,-0.0030905258522557805,0.9474059991384912,-0.0014067737383610577,0.0013946526955496386,-5.034337791934547e-06,0.0004492260771112719,-0.00025321845288504635,0.001385840507800681,0.0,-0.0,0.0,-0.0,0.0015768137942349719,0.0
8.93,-85.0,84.07940721494143,1.0,0.0,0.4909490146871398,0.49060652976445845,0.0013745257267869062,0.001575147245093981,0.94109726615307,-0.005912665400125445,0.0010053066534192593,-0.000884639471498379,0.05252447295976521,-0.10994546279917089,0.007847408775830572,-0.005444319703092251,-0.11925015747952183,0.06681182069426168,-0.002933601895268543,0.0034298184080530326,-0.003104582562009956,0.9474199393009444,-0.001404726023923007,0.0013933588175920216,-5.034396722075025e-06,0.0004491830633582594,-0.0002528407006537217,0.0013838392791115184,0.0,-0.0,0.0,-0.0,0.001575147245093981,0.0
8.940000000000001,-85.0,84.07940683347147,1.0,0.0,0.49096275502630315,0.49062227532570163,0.0013734848001147654,0.001573971465224619,0.9411073143270937,-0.005921507299694098,0.0010042099099852402,-0.0008837203140171564,0.05260288427767493,-0.10999987542325271,0.007835470745494275,-0.0054380815020171145,-0.11927947161897573,0.066846092822849,-0.0029291383351278005,0.003424537863273688,-0.0031186224357594118,0.9474338665667845,-0.0014032116711946048,0.0013920679429641715,-5.035664429997051e-06,0.00044910262123906756,-0.0002524589145890193,0.0013823634230045677,0.0,-0.0,0.0,-0.0,0.001573971465224619,0.0
8.950000000000001,-85.0,84.07940721494097,1.0,0.0,0.49097648174874037,0.49063800515393496,0.0013718925653512938,0.0015720080426963746,0.9411173505381051,-0.0059303399126435525,0.0010029276372786665,-0.0008827644048117359,0.05268117301144384,-0.11005422576605974,0.007822791184214386,-0.005431861854827162,-0.11930874160883954,0.06688030932627495,-0.002924771230076313,0.0034182921646551487,-0.003132643369264946,0.947447781169194,-0.0014009513398781832,0.0013908526350451022,-5.035975193420685e-06,0.00044897683938141644,-0.00025208542924555185,0.0013801526077539307,0.0,-0.0,0.0,-0.0,0.0015720080426963746,0.0
8.96,-85.0,84.07940683347101,1.0,0.0,0.4909901960525529,0.49065372007299574,0.0013708267864062883,0.0015707981940836688,0.9411273745346486,-0.005939162730546566,0.001001893205870641,-0.0008817591037010605,0.052759346165648376,-0.11010851402277763,0.0078109029817887915,-0.005425664852958322,-0.11933796750271959,0.06691446107156133,-0.0029203158489430107,0.0034116326828260144,-0.003146645822514722,0.9474616837510107,-0.0013994062183383146,0.001389664744929719,-5.0375049041342035e-06,0.0004488937013244154,-0.0002517043229187235,0.0013786463205821113,0.0,-0.0,0.0,-0.0,0.001570798194083669,2.168404344971009e-19
8.97,-85.0,84.07940721494052,1.0,0.0,0.49100389622748986,0.49066941984803,0.001369266794124782,0.0015691523179672143,0.9411373880670993,-0.005947975761709558,0.0010008026782162348,-0.0008808099986239679,0.05283739069418289,-0.11016274036964492,0.007797818031364695,-0.0054194831031283445,-0.11936714880477794,0.06694855095501015,-0.0029158572682236087,0.0034061423190228854,-0.0031606303119973657,0.9474755741145875,-0.0013974907192689815,0.0013883888661252695,-5.038727205531757e-06,0.0004487388820282659,-0.00025132292839867576,0.0013767750915431559,0.0,-0.0,0.0,-0.0,0.0015691523179672143,0.0
8.98,-85.0,84.07940683347056,1.0,0.0,0.49101758305334836,0.4906851053860278,0.0013681679886035786,0.0015680046918197653,0.9411473901994932,-0.005956778857012754,0.00099961608506479,-0.0008798163315148818,0.052915314485703045,-0.11021690502564824,0.007786986894522725,-0.005413325190440109,-0.11939628545941061,0.06698257955130568,-0.0029113847723648847,0.003399962873534,-0.0031745973175493184,0.9474894522327904,-0.0013959504263437656,0.0013871713514527883,-5.039440198131213e-06,0.000448711005443564,-0.0002509403222115057,0.0013752734487858381,0.0,-0.0,0.0,-0.0,0.0015680046918197651,-2.168404344971009e-19
8.99,-85.0,84.07940721494006,1.0,0.0,0.49103125834048394,0.49070077714851446,0.0013668313257734132,0.0015664404262961409,0.9411573817721867,-0.005965572597109934,0.000998571538765876,-0.0008788966545967488,0.052993114730020975,-0.11027100811780882,0.007773956310483293,-0.005407168273845077,-0.11942537759201383,0.06701655363382135,-0.0029069502689172645,0.003394667916521919,-0.0031885475158368167,0.9475033176347907,-0.0013941227562782401,0.0013858877368205333,-5.04084374520353e-06,0.00044855361912390126,-0.00025056097860669,0.001373488629524133,0.0,-0.0,0.0,-0.0,0.0015664404262961409,0.0
9.0,-85.0,84.0794068334701,1.0,0.0,0.4910449208810855,0.49071643350171096,0.00136561499359467,0.0015647372801244521,0.941167361361533,-0.00597435703530032,0.0009973870422765306,-0.0008779742183769656,0.0530707984082338,-0.11032504970376576,0.007762007456798429,-0.005401029202123585,-0.11945442572613593,0.06705047412940628,-0.0029025916055563077,0.0033893849218195743,-0.003202478906613269,0.9475171702120383,-0.0013920995503060745,0.0013845957215505586,-5.041515924686516e-06,0.00044845585132412985,-0.0002501881594673325,0.0013715111041923413,0.0,-0.0,0.0,-0.0,0.0015647372801244521,0.0
9.01,-85.0,84.07940721493961,1.0,0.0,0.4910585696981543,0.49073207189311374,0.0013640805953200885,0.0015628608085374084,0.9411773294039409,-0.0059831324628554314,0.000996154834098008,-0.0008770891689742098,0.053148357112336925,-0.11037902997232876,0.007749744989257648,-0.005394904022964134,-0.1194834304144386,0.06708434315715107,-0.0028982691015184154,0.003384337706497501,-0.0032163894707243697,0.9475310097457025,-0.0013899245997254213,0.001383280209581442,-5.04192009607405e-06,0.00044833716529650715,-0.0002498184442024389,0.0013693840075394142,0.0,-0.0,0.0,-0.0,0.0015628608085374084,0.0
9.02,-85.0,84.07940683346965,1.0,0.0,0.4910722050464911,0.4907476927665115,0.0013630077716660404,0.0015613336725473514,0.9411872868364356,-0.0059918990413604205,0.00099533596917573,-0.0008762009591857408,0.053225785653491495,-0.1104329490139937,0.007735809685014554,-0.005388784280660776,-0.11951239177134881,0.06711816172584066,-0.0028939190598208514,0.0033792728824258555,-0.0032302800078366917,0.947544836058618,-0.0013882052272959698,0.0013819577276919228,-5.044391530658154e-06,0.0004481187166549124,-0.00024944634266546464,0.001367705690088562,0.0,-0.0,0.0,-0.0,0.0015613336725473514,0.0
9.030000000000001,-85.0,84.07940721493915,1.0,0.0,0.4910858286654572,0.49076329847089045,0.0013617579219790362,0.0015598284073851266,0.9411972354976635,-0.006000656596659944,0.0009943674588084755,-0.00087528463661008,0.05330307860661857,-0.11048680690208945,0.007722750627414216,-0.0053826662443483275,-0.11954130974684483,0.067151928752668,-0.0028895895400084894,0.003374030387813812,-0.003244153257052151,0.9475586492339004,-0.0013864607121908535,0.0013806499958268093,-5.0460810373170855e-06,0.00044794794288883783,-0.00024907599810429596,0.001366002543637902,0.0,-0.0,0.0,-0.0,0.0015598284073851266,0.0
9.040000000000001,-85.0,84.07940683346919,1.0,0.0,0.4910994396593756,0.4907788901232973,0.0013603570845573966,0.0015584124973099574,0.9412071735397183,-0.006009404600322132,0.0009932475238268548,-0.0008742831718925538,0.0533802502917116,-0.110540603635012,0.007711096868903023,-0.005376559899931536,-0.11957018443560508,0.06718563776134961,-0.002885259582743788,0.003367629334838442,-0.003258009538340857,0.9475724497693382,-0.001384726197460857,0.0013794340211144701,-5.046977879621409e-06,0.0004478558864718508,-0.00024870560400536883,0.001364309192723097,0.0,-0.0,0.0,-0.0,0.0015584124973099574,0.0
9.05,-85.0,84.0794072149387,1.0,0.0,0.49111303723976,0.4907944677168479,0.0013591937900913453,0.0015570973463179794,0.9412171008722371,-0.006018142805443548,0.000992191921509106,-0.0008733005780481925,0.05345730324316334,-0.11059433941229505,0.007699432144856509,-0.0053704792115684425,-0.1195990158189506,0.06721928674557037,-0.0028809297764448957,0.003361502785476313,-0.0032718487212208326,0.9475862378621184,-0.001383097666755307,0.001378206095946445,-5.048177054408894e-06,0.00044776052736850055,-0.00024833521107148204,0.0013627202070753699,0.0,-0.0,0.0,-0.0,0.0015570973463179794,0.0
9.06,-85.0,84.07940683346874,1.0,0.0,0.4911266224290697,0.49081002934633955,0.0013578298976899687,0.0015553261119582574,0.9412270189371877,-0.006026871338050859,0.000991315042453202,-0.0008723856064100017,0.05353422301532864,-0.11064801438421598,0.007685224597060483,-0.00536438914201407,-0.11962780402505806,0.06725287607300644,-0.0028766196229035685,0.0033562948941449366,-0.0032856697720100637,0.9476000135725943,-0.0013811619979740128,0.0013769066918858956,-5.050261380327799e-06,0.0004475143246874221,-0.0002479665001243731,0.0013608285487755364,0.0,-0.0,0.0,-0.0,0.0015553261119582577,2.168404344971009e-19
9.07,-85.0,84.07940721493824,1.0,0.0,0.4911401935407311,0.4908255746953658,0.0013565984285253165,0.0015538838486366725,0.9412369272400596,-0.006035589735059738,0.000990331950906103,-0.0008713368432453295,0.05361101099660079,-0.1107016284875258,0.0076726198480770525,-0.005358301067711294,-0.11965654934933861,0.06728642521742786,-0.0028723638879416258,0.003352442084533129,-0.0032994723416117588,0.9476137748606553,-0.0013794727925744653,0.0013754360466578723,-5.051781065746646e-06,0.0004473584331141751,-0.0002476024680152468,0.001359179664603491,0.0,-0.0,0.0,-0.0,0.0015538838486366727,2.168404344971009e-19
9.08,-85.0,84.07940683346828,1.0,0.0,0.49115375251110305,0.4908411052755637,0.0013551176862038326,0.00155210087479572,0.9412468263254592,-0.006044298400364745,0.000989469223409655,-0.0008702644304805483,0.053687668570347555,-0.1107551815948952,0.0076583230885933,-0.00535220531640716,-0.11968525234897187,0.06731992801463138,-0.002868168433422948,0.00334898446776163,-0.0033132579643578406,0.9476275223691737,-0.0013775468946389607,0.0013739195278997028,-5.053891438836083e-06,0.000447100875606091,-0.00024724362059837533,0.0013572975112268403,0.0,-0.0,0.0,-0.0,0.0015521008747957199,-2.168404344971009e-19
9.09,-85.0,84.07940721493779,1.0,0.0,0.49116729693299527,0.49085661874273273,0.0013536804144490193,0.0015505063649043367,0.9412567161467353,-0.006052996448632262,0.0009884887334469562,-0.0008693186135381367,0.053764189325770345,-0.11080867369442542,0.007645435653650012,-0.0053460910603983225,-0.11971391376140485,0.06735339111234098,-0.0028640341628968936,0.0033435385948064012,-0.0033270247358462017,0.9476412552234453,-0.001375736659192956,0.0013726241941124948,-5.0553765168504e-06,0.0004469225193109874,-0.00024689003546485126,0.001355529257575051,0.0,-0.0,0.0,-0.0,0.0015505063649043367,0.0
9.1,-85.0,84.07940683346783,1.0,0.0,0.4911808284180912,0.4908721168651654,0.0013525508988886752,0.0015491048988731928,0.9412665966594114,-0.006061685250781746,0.0009875355502756938,-0.0008683869969741784,0.05384058008276649,-0.11086210467012833,0.007632880116877798,-0.005339983952398713,-0.11974253385260049,0.06738680096788124,-0.002859896021745469,0.0033375478606949066,-0.003340774100233958,0.9476549750712396,-0.0013741054119811638,0.00137138568258726,-5.056977470328581e-06,0.0004467606756606117,-0.00024653610515798453,0.0013539373058408944,0.0,-0.0,0.0,-0.0,0.001549104898873193,2.168404344971009e-19
9.110000000000001,-85.0,84.07940721493733,1.0,0.0,0.4911943475989599,0.49088760099435347,0.001351302320679032,0.001547658819372279,0.9412764668125574,-0.006070364464177106,0.0009865079114184667,-0.0008674384147461752,0.05391684906635205,-0.11091547462989504,0.007620470044554112,-0.005333881396889192,-0.11977111239265595,0.0674201495199731,-0.0028557339090725387,0.003332121493747194,-0.003354506944286049,0.9476686826529753,-0.0013724206085434152,0.001370099684441364,-5.058173808887335e-06,0.0004466045608956288,-0.0002461800970974626,0.001352292529383,0.0,-0.0,0.0,-0.0,0.001547658819372279,0.0
9.120000000000001,-85.0,84.07940683346737,1.0,0.0,0.4912078534086905,0.49090306970680675,0.0013498525335558158,0.0015460421603205876,0.9412863270566343,-0.006079034433605514,0.0009855085212343085,-0.000866526816202356,0.053992989289686225,-0.11096878350779656,0.007607484408232179,-0.005327767947653489,-0.11979964943013982,0.06745344553104766,-0.0028515928820614816,0.0033269585305782273,-0.003368222274002338,0.9476823772507298,-0.0013706018430178126,0.0013687936868050973,-5.059490774066634e-06,0.00044641184869587906,-0.00024582589520289263,0.0013505156976016679,0.0,-0.0,0.0,-0.0,0.0015460421603205876,0.0
9.13,-85.0,84.07940721493688,1.0,0.0,0.49122134465760653,0.4909185207448572,0.0013484030097631943,0.0015442042575850297,0.9412961782691556,-0.006087695356977095,0.0009846598672810926,-0.0008656211103280017,0.05406898942581864,-0.11102203114417314,0.007592869358852373,-0.005321632698155952,-0.11982814520959648,0.06748669045409814,-0.002847476778911834,0.003321851717470165,-0.0033819185291024036,0.9476960587131807,-0.0013686617314649506,0.0013674763349822295,-5.0615576147821466e-06,0.0004461204099790937,-0.0002454738300413823,0.0013486192352621003,0.0,-0.0,0.0,-0.0,0.0015442042575850295,-2.168404344971009e-19
9.14,-85.0,84.07940683346692,1.0,0.0,0.49123482052554274,0.4909339526785044,0.0013468807470784123,0.0015422840010457129,0.9413060210474224,-0.006096347032143692,0.0009838225340610667,-0.0008646779123899014,0.05414484098036244,-0.1110752173006176,0.007578021991446957,-0.005315470862520236,-0.11985659987954528,0.06751988156824894,-0.002843363897812666,0.003315984478960317,-0.0033955948137535936,0.9477097271753746,-0.0013666556247281755,0.0013662128862522837,-5.063659020937216e-06,0.0004458120125834992,-0.0002451220305981184,0.001346657678081269,0.0,-0.0,0.0,-0.0,0.0015422840010457127,-2.168404344971009e-19
9.15,-85.0,84.07940721493642,1.0,0.0,0.49124828122588265,0.4909493672997685,0.0013452843846327874,0.001540640130449375,0.9413158540416513,-0.006104989473692554,0.0009827660182720127,-0.0008637870365886142,0.05422055825321856,-0.1111283417888126,0.007565202915511649,-0.0053093018715061014,-0.11988501323635062,0.06755301701612323,-0.0028392216241506928,0.003311016144972446,-0.0034092521009247145,0.9477233827626844,-0.0013648083309980715,0.0013648766079387036,-5.064608595523596e-06,0.00044561987808299804,-0.00024476768545696637,0.0013448525464188666,0.0,-0.0,0.0,-0.0,0.0015406401304493746,-4.336808689942018e-19
9.16,-85.0,84.07940683346646,1.0,0.0,0.49126172871070667,0.49096476735455463,0.0013441942401049263,0.0015394043224283293,0.9413256764224376,-0.0061136228343244845,0.0009816967448550346,-0.0008629233209301852,0.054296153774961324,-0.11118140462441724,0.007553822594938273,-0.005303137535627981,-0.11991338516913679,0.06758610149688989,-0.0028350789106714575,0.0033047252698749667,-0.003422892443901138,0.9477370250821158,-0.0013632918076699747,0.0013636693153798644,-5.065468310026061e-06,0.0004455097883964189,-0.00024441329108461796,0.0013433732934265545,0.0,-0.0,0.0,-0.0,0.0015394043224283293,0.0
9.17,-85.0,84.07940721493597,1.0,0.0,0.4912751638033474,0.4909801539324514,0.0013428848780626143,0.001537877912408225,0.9413354884389397,-0.006122247890860003,0.0009807055212638623,-0.0008620710544912367,0.05437163079147118,-0.11123440588371135,0.007541229136724453,-0.005296989936456173,-0.11994171553856597,0.06761912026959242,-0.002830900962835999,0.0032985780008843103,-0.003436516770745529,0.9477506556930161,-0.0013615530251530933,0.001362460879220424,-5.066707370985095e-06,0.0004453254920085071,-0.00024405584804043193,0.0013416749758111348,0.0,-0.0,0.0,-0.0,0.001537877912408225,0.0
9.18,-85.0,84.07940683346601,1.0,0.0,0.49128858662069225,0.49099552569840027,0.0013415547266544807,0.0015363331019165717,0.9413452908054412,-0.0061308642214197556,0.000979719543374123,-0.000861174619539401,0.05444698039106112,-0.11128734569575575,0.007528438077205605,-0.0052908472378584105,-0.11997000397624356,0.067652081539314,-0.0028267115558036327,0.003293608241425259,-0.003450124259796015,0.9477642738573766,-0.001359809325144167,0.0013611425359599887,-5.067949956927045e-06,0.0004451267014221955,-0.0002436974057538615,0.0013399717562051648,0.0,-0.0,0.0,-0.0,0.0015363331019165717,0.0
9.190000000000001,-85.0,84.07940721493551,1.0,0.0,0.4913019962872901,0.4910108826490799,0.0013402705687362414,0.0015349218742527228,0.9413550829179255,-0.006139471490522257,0.0009786925236369302,-0.000860261392123658,0.05452220659667231,-0.11134022413371307,0.007516398347204892,-0.005284719142349161,-0.1199982505948639,0.06768499247092148,-0.002822540385307507,0.0032885267703350843,-0.003463714701615474,0.9477778788958264,-0.0013581602959661801,0.0013598363045683498,-5.068956810700166e-06,0.0004449695845860945,-0.000243340524319493,0.0013383617707968215,0.0,-0.0,0.0,-0.0,0.0015349218742527228,0.0
9.200000000000001,-85.0,84.07940683346555,1.0,0.0,0.491315392226704,0.4910262246783011,0.0013390161343082973,0.0015334707947509767,0.9413648645803911,-0.006148069530545898,0.000977638978384251,-0.0008593120301421918,0.05459731249911808,-0.11139304136815405,0.0075045672615532315,-0.005278607365114598,-0.12002645567049178,0.06771785172148569,-0.0028183947525555228,0.003282829650688495,-0.0034772878536282045,0.9477914709487221,-0.0013564630966488521,0.0013585827508043504,-5.069802712089454e-06,0.0004448221685302822,-0.0002429858332076964,0.0013367042621404803,0.0,-0.0,0.0,-0.0,0.0015334707947509767,0.0
9.21,-85.0,84.07692689877294,1.0,0.0,0.4913287755763564,0.49104155018994466,0.0013377160870647,0.0015316433891985446,0.9413746372634587,-0.006156658206685769,0.000976882784916359,-0.0008583662141551129,0.05467228355877214,-0.11144579744681342,0.0074895986094287185,-0.005272481164495882,-0.12005461936098247,0.06775065516013958,-0.0028142627722002184,0.003277524138588383,-0.0034908430205679406,0.9478050503765592,-0.001354578531112385,0.0013572916242089643,-5.0721675717939135e-06,0.0004444858066680197,-0.00024263230763588308,0.0013348620577382018,0.0,-0.0,0.0,-0.0,0.0015316433891985446,0.0
9.22,-85.0,84.07692728024244,1.0,0.0,0.49134214609652843,0.4910568596565818,0.0013363288324734935,0.0015301723717153987,0.9413843998521657,-0.00616523663086554,0.0009756195226885989,-0.0008573107800973906,0.054747128453729525,-0.11149849233681337,0.007479137438818889,-0.0052663773360856645,-0.12008274181540915,0.06778341571152285,-0.002810172948725611,0.0032742643862841915,-0.003504380196372536,0.9478186157233479,-0.0013527880439436805,0.0013557756776822012,-5.071876023180224e-06,0.00044441415034926046,-0.00024228240520230573,0.0013331125025916241,0.0,-0.0,0.0,-0.0,0.0015301723717153987,0.0
9.23,-85.0,84.07692689877248,1.0,0.0,0.4913555021896691,0.49107215265131554,0.0013349209702392137,0.0015284915990697008,0.9413941518227269,-0.006173805333726343,0.0009747126114927293,-0.0008564002535922893,0.0548218498516595,-0.11155112620225435,0.007465491621898695,-0.005260271563661657,-0.12011082372304827,0.06781613365531626,-0.002806124097548176,0.0032691952609612807,-0.003517898872822435,0.9478321670689489,-0.0013509849383886033,0.0013544694969016935,-5.0734126941378335e-06,0.0004441505825013325,-0.00024193602377398684,0.0013313504530364931,0.0,-0.0,0.0,-0.0,0.0015284915990697008,0.0
9.24,-85.0,84.07692728024199,1.0,0.0,0.4913688459795146,0.49108743058561355,0.0013337243596843857,0.001527020704705861,0.9414038940296151,-0.006182364774470923,0.0009737077093312501,-0.0008554687098570471,0.05489644538322893,-0.11160369901007279,0.007453344166339696,-0.005254168048819471,-0.12013886515384985,0.06784879979359955,-0.0028020838089459813,0.0032639704049919676,-0.0035314006638898754,0.9478457054390936,-0.0013493074596097254,0.001353176855963225,-5.074416488567013e-06,0.00044397334237724305,-0.00024159036957095999,0.001329712148388145,0.0,-0.0,0.0,-0.0,0.001527020704705861,0.0
9.25,-85.0,84.07692689877203,1.0,0.0,0.49138217580668375,0.4911026924485,0.0013322230605382428,0.0015253117588279739,0.9414136265237955,-0.006190914924399041,0.0009728011800017283,-0.0008545395510808301,0.05497091343425169,-0.11165621083859657,0.0074397878153633235,-0.005248077146361499,-0.12016686625304566,0.06788141376104981,-0.0027980539348992158,0.0032587573179461526,-0.003544884682671658,0.947859230913101,-0.0013474778942967457,0.0013518909415970515,-5.0759100129641635e-06,0.00044370936254913766,-0.00024124560208936584,0.001327923908381166,0.0,-0.0,0.0,-0.0,0.0015253117588279737,-2.168404344971009e-19
9.26,-85.0,84.07692728024153,1.0,0.0,0.4913954921367456,0.4911179391732606,0.001330801088887169,0.0015235711773248157,0.941423349112733,-0.00619945596954798,0.0009719629209114077,-0.0008536455224692404,0.055045256385113366,-0.11170866182370338,0.007425688477408791,-0.005241993868699193,-0.12019482701167113,0.06791397708294444,-0.002794040937733767,0.0032538151560091008,-0.003558351758786889,0.9478727434580217,-0.0013456539310470784,0.001350590868948911,-5.077738123587277e-06,0.00044341006298319563,-0.00024090227875743316,0.0013261411312226405,0.0,-0.0,0.0,-0.0,0.0015235711773248157,0.0
9.27,-85.0,84.07692689877157,1.0,0.0,0.4914087944877674,0.49113316907365306,0.001329596834916402,0.0015222699891418651,0.9414330629392199,-0.006207987913490475,0.0009708182570542772,-0.000852721697880274,0.055119463336064024,-0.11176105192232572,0.007414955539339704,-0.005235909016274335,-0.12022274772547811,0.06794648998959846,-0.0027900274002424434,0.0032486885628938717,-0.0035718009024010323,0.9478862430636608,-0.0013440730483293202,0.0013493046659685396,-5.07794145974124e-06,0.0004433089749694667,-0.00024055889766290208,0.0013245978532950417,0.0,-0.0,0.0,-0.0,0.0015222699891418651,0.0
9.280000000000001,-85.0,84.07692728024108,1.0,0.0,0.4914220861539971,0.49114838748098544,0.0013286614239473543,0.0015212744383124048,0.9414427647929108,-0.006216510863679822,0.0009695857550230834,-0.0008518475332143999,0.05519357080647609,-0.11181338133079871,0.007405674194687025,-0.0052298553440709725,-0.12025062830959748,0.06797895317447077,-0.002786013067705932,0.003243873977976559,-0.00358523531100191,0.9478997297607888,-0.001342715926229609,0.001348008557659011,-5.07766192441083e-06,0.00044329249115189034,-0.000240215437632162,0.0013232750467170873,0.0,-0.0,0.0,-0.0,0.0015212744383124048,0.0
9.290000000000001,-85.0,84.07692689877112,1.0,0.0,0.4914353653065584,0.4911635904020245,0.0013273249134443561,0.0015193442697158345,0.941452456880011,-0.006225024843806532,0.0009688612658526612,-0.0008509317113972499,0.055267552831266144,-0.11186565024014845,0.007390436281932361,-0.005223791075512774,-0.12027846896769986,0.06801136247884003,-0.002782033274676151,0.003238176444700376,-0.003598652563407618,0.9479132039777003,-0.0013407807227717957,0.0013467813965976673,-5.080019893348143e-06,0.0004429167597566962,-0.00023987494473267387,0.00132138247458516,0.0,-0.0,0.0,-0.0,0.0015193442697158342,-2.168404344971009e-19
9.3,-85.0,84.07692728024062,1.0,0.0,0.49144863216501855,0.49117877612180516,0.0013260792474927602,0.0015177814181994965,0.941462140784308,-0.006233529910210735,0.0009679169792256739,-0.0008500541043368265,0.05534139444102221,-0.1119178583114147,0.00737762972620144,-0.005217695612204957,-0.12030626972037574,0.06804372082894362,-0.0027780387488387888,0.0032333813861339994,-0.003612051869106343,0.9479266653863756,-0.0013390710464477999,0.0013454740043984006,-5.0812030641379815e-06,0.00044268368394518025,-0.00023953317043810913,0.0013197121077565637,0.0,-0.0,0.0,-0.0,0.001517781418199497,4.336808689942018e-19
9.31,-85.0,84.07692689877067,1.0,0.0,0.4914618848361473,0.491193943131504,0.001324443694938119,0.0015157712963081472,0.9414718173990314,-0.006242025965547741,0.000967240186146276,-0.0008491371716146439,0.05541508660403128,-0.11197000530233768,0.007361991957129932,-0.0052115701522602005,-0.12033403079969254,0.06807602974847932,-0.0027740860116038913,0.00322833867443566,-0.0036254323040492546,0.947940113793627,-0.0013370882151936706,0.0013441774660501815,-5.083767705455065e-06,0.00044227757768082986,-0.00023919498804077078,0.0013177724743735433,0.0,-0.0,0.0,-0.0,0.0015157712963081472,0.0
9.32,-85.0,84.07692728024017,1.0,0.0,0.49147512393203024,0.4912090954534945,0.0013232670452268153,0.0015145072726684798,0.9414814836656709,-0.006250512750040549,0.0009660740731378705,-0.0008481853153415446,0.055488659684698745,-0.11202209108293823,0.007351543108514059,-0.005205467452491119,-0.12036175207203552,0.06810828604492267,-0.002770092684012437,0.0032223750478028294,-0.003638796101652275,0.9479535494423351,-0.0013355427719911298,0.0013429664011087093,-5.083738936426709e-06,0.0004421804519354036,-0.000238853295028903,0.0013162638546984058,0.0,-0.0,0.0,-0.0,0.0015145072726684798,0.0
9.33,-85.0,84.07692689877021,1.0,0.0,0.49148835017166653,0.4912242330767217,0.0013218927470436672,0.0015129508501672165,0.9414911391480598,-0.006258990132324132,0.0009650172242316277,-0.0008472761579836358,0.055562116576041994,-0.11207411589766328,0.007339522795372835,-0.005199374630594088,-0.12038943332441436,0.0681404811609259,-0.0027660758238286826,0.003216746863579119,-0.00365214307936284,0.9479669731636192,-0.001333797592947796,0.0013417370357460623,-5.084261451247606e-06,0.00044198634464183054,-0.00023850956209572045,0.001314558329072354,0.0,-0.0,0.0,-0.0,0.0015129508501672165,0.0
9.34,-85.0,84.07692728023972,1.0,0.0,0.49150156393089217,0.4912393560646515,0.001320642434093656,0.0015114795658051079,0.9415007845442459,-0.006267458607211982,0.0009640733537532817,-0.0008463933148969733,0.0556354534755637,-0.11212607984279023,0.007327144579677877,-0.005193292249887511,-0.12041707439778916,0.06817262520162835,-0.002762068993658426,0.003211955091300207,-0.0036654735497276994,0.9479803841803078,-0.001332164831360676,0.0013404423405015172,-5.085356617371963e-06,0.00044176806016833536,-0.00023816668329067884,0.0013129635455448234,0.0,-0.0,0.0,-0.0,0.0015114795658051079,0.0
9.35,-85.0,84.07692689876976,1.0,0.0,0.4915147639885944,0.4912544627180495,0.001319399907607852,0.0015097555034716392,0.9415104206224023,-0.006275917674786617,0.0009631919852214367,-0.0008454146551645134,0.05570866085929166,-0.1121779830419617,0.0073134699736335925,-0.005187218553724056,-0.1204446754226684,0.06820471223182452,-0.002758051815879102,0.003205482875427027,-0.0036787864140304044,0.9479937830066607,-0.001330357201751283,0.0013392879068626067,-5.0867592214961135e-06,0.00044146880535312467,-0.00023782290125647692,0.0013111963585964877,0.0,-0.0,0.0,-0.0,0.0015097555034716394,2.168404344971009e-19
9.360000000000001,-85.0,84.07692728023926,1.0,0.0,0.49152795185004294,0.4912695534901604,0.0013181329320437424,0.0015081533202839863,0.9415200470826247,-0.006284367660811151,0.0009622137107124797,-0.0008445513826209582,0.05578174065947243,-0.1122298253802854,0.007300825302270212,-0.005181126789271976,-0.12047223614795897,0.06823674459635587,-0.0027540243441499497,0.00320085259382997,-0.0036920820186728443,0.9480071694819145,-0.0013286116063506693,0.0013379837321261018,-5.0876277783009525e-06,0.0004412289129016843,-0.00023747822069359128,0.0013094902558541941,0.0,-0.0,0.0,-0.0,0.0015081533202839863,0.0
9.370000000000001,-85.0,84.0769268987693,1.0,0.0,0.49154112761994684,0.49128462858447414,0.0013168821094329452,0.0015067584310485941,0.9415296640564742,-0.006292808967131881,0.000961128227185472,-0.0008436901169824339,0.05585469273149041,-0.11228160679197322,0.007289367480997394,-0.005175032499063205,-0.12049975665329862,0.06826873039177622,-0.002749999599811961,0.003196240871737687,-0.003705360614773348,0.9480205429319377,-0.0013270059244594623,0.0013366784344561377,-5.087905942672254e-06,0.0004410581024485997,-0.00023713376448192462,0.0013079219990245914,0.0,-0.0,0.0,-0.0,0.0015067584310485944,2.168404344971009e-19
9.38,-85.0,84.0769272802388,1.0,0.0,0.49155428918405714,0.49129968882426817,0.0013151632271890075,0.001505010255084972,0.941539269856748,-0.006301241692273263,0.0009601131891205807,-0.0008428202020937402,0.05592753033181932,-0.11233332731610475,0.007276650353542834,-0.005168947079190113,-0.12052723704258966,0.06830067026695642,-0.0027460128566820703,0.0031915738751118186,-0.003718622250948569,0.9480339033149646,-0.0013251254217977494,0.0013353741872290078,-5.088534410596722e-06,0.0004408085454828642,-0.00023679257436391357,0.0013060828183766183,0.0,-0.0,0.0,-0.0,0.0015050102550849722,2.168404344971009e-19
9.39,-85.0,84.07692689876885,1.0,0.0,0.4915674341276951,0.4913147313375563,0.0013137707843119727,0.0015034733679991127,0.9415488656367655,-0.006309665444560063,0.0009590016738906731,-0.0008419360977968488,0.0560002394114275,-0.11238498694411025,0.0072651403991003324,-0.005162853278710476,-0.12055467751766584,0.06833255414213188,-0.0027420017174272404,0.003186017742729216,-0.0037318649268459434,0.9480472514163598,-0.001323385155024797,0.001334141825790771,-5.088627634636296e-06,0.0004406294659043903,-0.00023644926931149234,0.0013043817990408511,0.0,-0.0,0.0,-0.0,0.001503473367999113,2.168404344971009e-19
9.4,-85.0,84.07692728023835,1.0,0.0,0.49158056626906427,0.49132975969421966,0.001312580792992317,0.001502100324616292,0.9415584501185381,-0.006318080574090174,0.0009578927825739149,-0.0008410816195474043,0.05607283870476015,-0.11243658568545185,0.007254221542425538,-0.005156770684385472,-0.1205820778342075,0.06836438263698393,-0.002737975483334175,0.0031800954807069577,-0.0037450911101338923,0.9480605872286578,-0.0013217758776655401,0.0013329503617808703,-5.088711877738993e-06,0.00044048385334743767,-0.00023610465194424075,0.0013028098350908342,0.0,-0.0,0.0,-0.0,0.001502100324616292,0.0
9.41,-85.0,84.07692689876839,1.0,0.0,0.49159368616373456,0.4913447740635995,0.0013114314568411418,0.0015008699804430208,0.9415680240349067,-0.006326487204953367,0.0009567723188954366,-0.0008402149040899372,0.056145323701248535,-0.11248812359684167,0.007243666966091613,-0.0051506932669008595,-0.12060943783355094,0.06839616117347594,-0.002733942918121531,0.003175481480498334,-0.00375830126489327,0.9480739102762399,-0.0013202907135161307,0.0013316366119829944,-5.088711335711007e-06,0.00044035801603146545,-0.00023575947807922832,0.0013013601538264946,0.0,-0.0,0.0,-0.0,0.0015008699804430208,0.0
9.42,-85.0,84.0769272802379,1.0,0.0,0.4916067948777935,0.491359776674901,0.0013102670780542316,0.001499643051388744,0.94157758625771,-0.0063348845457451555,0.0009556148352551764,-0.0008392744513998835,0.05621770888580399,-0.11253960094958919,0.0072335422023679765,-0.005144658603403968,-0.12063675752950526,0.0684278859313819,-0.002729915790366442,0.003169937216645135,-0.0037714967783772347,0.9480872208405166,-0.0013187850063202614,0.0013304087544230173,-5.088491531437976e-06,0.00044025612841236004,-0.00023541476290556672,0.0012998901774133886,0.0,-0.0,0.0,-0.0,0.001499643051388744,0.0
9.43,-85.0,84.07692689876794,1.0,0.0,0.491619892347993,0.4913747675710056,0.0013092819634813366,0.0014986111062510377,0.9415871371319254,-0.006343273211348879,0.0009544711867769548,-0.0008384334896708497,0.05628999429181344,-0.11259101809267912,0.0072241170888481445,-0.00513865298880432,-0.12066403707732985,0.06845956348368183,-0.002725912172240273,0.0031654708460816367,-0.0037846777291874923,0.9481005185492066,-0.0013174381863697428,0.0013291088849421702,-5.088322915687338e-06,0.000440194727345612,-0.00023507206493938475,0.0012985767667604978,0.0,-0.0,0.0,-0.0,0.0014986111062510377,0.0
9.440000000000001,-85.0,84.07692728023744,1.0,0.0,0.49163297682596857,0.4913897435577325,0.0013078604791553195,0.001496679191240542,0.941596678211162,-0.006351652687827095,0.0009537426779046379,-0.0008374936295233957,0.056362161506678395,-0.11264237531657983,0.007209434438224915,-0.005132655569898176,-0.12069127672856424,0.06849118547436037,-0.0027219348162092986,0.0031597238364797276,-0.0037978420684425165,0.9481138041466185,-0.0013155104903968021,0.001327909718070156,-5.090346095036154e-06,0.0004398104143404135,-0.00023473162113345832,0.001296690744128623,0.0,-0.0,0.0,-0.0,0.001496679191240542,0.0
9.450000000000001,-85.0,84.07692689876748,1.0,0.0,0.49164584581754933,0.4914047046168601,0.0012850445734817536,0.0014953571081624108,0.941606210162139,-0.006360023492537282,0.000952684914474994,-0.0008366351160492792,0.05643420642539925,-0.11269367239634742,0.007198633066624185,-0.005126644823477129,-0.12071847647087343,0.06852276067944178,-0.0027179445896742035,0.0031551683393093266,-0.0038109900602498127,0.9481270768644016,-0.001313961088572636,0.0013266135635408036,-5.0905908535242005e-06,0.00043966020614936356,-0.00023439005692131037,0.0012951775497878819,0.0,-0.0,0.0,-0.0,0.0014953571081624108,0.0
9.46,-85.0,84.07692728023699,1.0,0.0,0.491658689661213,0.4914196507997594,0.0012836661100517485,0.001493833845690216,0.9416157318743001,-0.006368385394881399,0.0009516235396629488,-0.0008357498820069438,0.05650613626777715,-0.11274490951001818,0.0071872002455704255,-0.005120653984395549,-0.12074563640798469,0.06855428453121162,-0.002713963243421774,0.0031499940603220743,-0.0038241213384625976,0.948140337132681,-0.001312249912011272,0.0013253742600879879,-5.0907937785916615e-06,0.00043946904616266576,-0.00023404924795606004,0.0012935048412622018,0.0,-0.0,0.0,-0.0,0.001493833845690216,0.0
9.47,-85.0,84.06171541195062,1.0,0.0,0.49167152194136143,0.49143458388921424,0.0012826990029498162,0.0014926105164077288,0.9416252424864846,-0.006376738227625275,0.0009505599459867239,-0.00083482734482667,0.05657796179222977,-0.11279608680499459,0.007176869571939578,-0.005114683329493443,-0.12077275651135813,0.06858575849869482,-0.0027099891225863524,0.003144966067428317,-0.003837237061323583,0.9481535848163805,-0.0013107775892472185,0.0013241187303804278,-5.090963187033645e-06,0.0004393430065252778,-0.000233709051834055,0.0012920675249035395,0.0,-0.0,0.0,-0.0,0.0014926105164077288,0.0
9.48,-85.0,84.06171503048066,1.0,0.0,0.4916843431761311,0.49144950251065717,0.0012814711271279284,0.0014911178164882237,0.9416347422935588,-0.006385082066712129,0.0009494660754781725,-0.0008339423471733334,0.05664968012422856,-0.11284720445437592,0.007166096802620657,-0.005108727519975581,-0.12079983723719392,0.06861718390711027,-0.002706065952902998,0.003140202109272005,-0.0038503360771633697,0.9481668198162557,-0.0013090660375673156,0.001322841125272294,-5.090948383146679e-06,0.0004391876609072684,-0.00023337323924955833,0.0012903943432136602,0.0,-0.0,0.0,-0.0,0.0014911178164882235,-2.168404344971009e-19
9.49,-85.0,84.06171541195016,1.0,0.0,0.49169715186875596,0.4914644074246321,0.0012802464025340257,0.0014898234036153802,0.9416442316674203,-0.006393417235618477,0.0009484025731753632,-0.000833048225617288,0.05672129075336578,-0.11289826270756624,0.0071557591239847255,-0.005102806016998439,-0.12082687858162662,0.06864856229177681,-0.002702125501249451,0.0031350397997504105,-0.003863419214156402,0.9481800419637306,-0.001307529538709136,0.0013215908009427829,-5.091074339180022e-06,0.00043905673718371897,-0.00023303592601170596,0.0012888936667825473,0.0,-0.0,0.0,-0.0,0.0014898234036153802,0.0
9.5,-85.0,84.0617150304802,1.0,0.0,0.49170994855254,0.4914792990535917,0.0012788827714486403,0.0014883280700032976,0.941653710956361,-0.00640174353639954,0.000947443237386934,-0.000832194849891014,0.05679279356051901,-0.11294926179631158,0.007144169363745485,-0.005096890867568445,-0.12085388056634441,0.06867989028401676,-0.0026982014849168514,0.0031305088523786604,-0.0038764869353094607,0.9481932515203298,-0.0013058715041693986,0.0013202915512985731,-5.09173823828681e-06,0.0004388466909094311,-0.00023270002006124866,0.001287273137393402,0.0,-0.0,0.0,-0.0,0.0014883280700032976,0.0
9.51,-85.0,84.0617154119497,1.0,0.0,0.4917227308134544,0.4914941745579984,0.001277481472041284,0.0014866408175580599,0.9416631809334695,-0.006410061136499678,0.0009465556482543855,-0.0008313121791600686,0.056864175762080464,-0.11300020173651848,0.007131599090225027,-0.005090974146708185,-0.12088084342783936,0.06871116812860309,-0.002694290658570755,0.0031251446937951197,-0.003889537205720633,0.9482064484877378,-0.001304084025933459,0.0013190608706730852,-5.0927665395194815e-06,0.0004385738720840648,-0.00023236524108616487,0.0012855249530996794,0.0,-0.0,0.0,-0.0,0.0014866408175580599,0.0
9.52,-85.0,84.06171503047975,1.0,0.0,0.4917354994122612,0.491509031950162,0.0012761649132319738,0.0014846425773832588,0.9416726426081368,-0.006418369664833882,0.0009454770374212443,-0.0008304158027758249,0.056935423841420356,-0.11305108241601064,0.007119398969196655,-0.005085032718356112,-0.1209077670315742,0.06874238525057294,-0.0026904055893635847,0.0031193116442787146,-0.0039025688729340076,0.9482196337309503,-0.0013019619323086712,0.0013178649241531411,-5.092744089077664e-06,0.00043832113977471137,-0.0002320326727187423,0.0012834468544163675,0.0,-0.0,0.0,-0.0,0.0014846425773832588,0.0
9.530000000000001,-85.0,84.06171541194925,1.0,0.0,0.49174825505517444,0.4915238720437688,0.001275050724657304,0.0014832305925112734,0.9416820921565607,-0.006426669808509389,0.0009445261424328404,-0.0008295875758577972,0.05700656761446004,-0.113101903728977,0.007108241760650518,-0.005079113604370381,-0.120934651748255,0.06877355719432096,-0.0026864726646857622,0.0031149726697542422,-0.0039155809384870685,0.9482328058548659,-0.0013003683504354087,0.0013165351748231527,-5.093388695183802e-06,0.0004381302559657412,-0.00023169596605498774,0.0012818896912957039,0.0,-0.0,0.0,-0.0,0.0014832305925112734,0.0
9.540000000000001,-85.0,84.06171503047929,1.0,0.0,0.49176099898577,0.49153869688068214,0.0012735770221405202,0.0014814515512287494,0.9416915326077858,-0.006434961630384819,0.0009436977510136628,-0.000828754312288484,0.057077594199460624,-0.1131526659551425,0.007095099627718812,-0.005073211678345123,-0.12096149731839055,0.06880468544127816,-0.0026825750560994363,0.0031105942452728822,-0.00392857629632573,0.9482459647386589,-0.0012985328635917452,0.0013152138222359382,-5.0946735062748376e-06,0.0004378145122761547,-0.00023136229490119947,0.0012800940073600692,0.0,-0.0,0.0,-0.0,0.0014814515512287497,2.168404344971009e-19
9.55,-85.0,84.0617154119488,1.0,0.0,0.49177372704501987,0.49155350295590056,0.0012721783033689269,0.001479772198979637,0.9417009656243581,-0.006443245111650289,0.0009427062456768347,-0.000827913459322508,0.057148481248682534,-0.1132033690251077,0.007083623926321126,-0.005067281140670976,-0.12098830409917988,0.0688357699605005,-0.0026787190884016896,0.003106188217483501,-0.003941552856897049,0.948259110355393,-0.0012966996964439384,0.001313884091039668,-5.095055265756014e-06,0.0004375989070206902,-0.00023103220437202207,0.001278300551596725,0.0,-0.0,0.0,-0.0,0.001479772198979637,0.0
9.56,-85.0,84.06171503047884,1.0,0.0,0.49178644436560387,0.4915682948830757,0.0012712406897931801,0.001478581923720688,0.941710387613525,-0.006451519939341196,0.0009416473347258857,-0.0008270411291803471,0.05721926868210585,-0.11325401292010528,0.00707380466938286,-0.00506138593338117,-0.12101507228152494,0.06886680499358762,-0.002674832117973326,0.0031008109776453022,-0.003954512822690799,0.9482722431294348,-0.0012952579877815768,0.0013126421603112176,-5.095052179079778e-06,0.00043748345733504636,-0.0002306994297251795,0.001276892948289901,0.0,-0.0,0.0,-0.0,0.0014785819237206881,2.168404344971009e-19
9.57,-85.0,84.06171541194834,1.0,0.0,0.4917989891457913,0.4915830737235206,0.0012478099903924136,0.0014770667974643732,0.9417197990987782,-0.006459785684028196,0.0009406837413329912,-0.000826072962092317,0.0572899535185537,-0.11330459803807996,0.007062289309466342,-0.005055521311188029,-0.12104180152294036,0.06889778153215169,-0.002670921807040867,0.0030930997964028284,-0.003967457451685456,0.9482853639167902,-0.001293593885410694,0.00131160686756194,-5.095544245188582e-06,0.0004372609172769359,-0.00023036463204721065,0.0012752660564798366,0.0,-0.0,0.0,-0.0,0.0014770667974643734,2.168404344971009e-19
9.58,-85.0,84.06171503047838,1.0,0.0,0.4918114631745516,0.49159784003664103,0.0012468586855595724,0.0014759941886455386,0.9417292000500063,-0.00646804210986787,0.0009395892758341346,-0.0008251971931049315,0.05736053592041823,-0.11335512456012482,0.00705283641770255,-0.0050496712102893115,-0.1210684911025018,0.06892868700949466,-0.0026669183296277404,0.0030878632965821765,-0.0039803872597057866,0.9482984739204038,-0.0012922424685843635,0.0013103753716703574,-5.095306631716646e-06,0.0004371639104618788,-0.00023002178892718238,0.001273947373742559,0.0,-0.0,0.0,-0.0,0.0014759941886455386,0.0
9.59,-85.0,84.06171541194789,1.0,0.0,0.4918239259429209,0.49161259388037126,0.0012457117528829372,0.0014747676405264844,0.9417385909435526,-0.006476290059441005,0.0009385860989587881,-0.0008243734159646317,0.057431013029590666,-0.11340559269707005,0.007042329717190678,-0.005043844004666025,-0.12109514075002432,0.06895954441771077,-0.002662932600170668,0.0030835581728722206,-0.003993302486151606,0.9483115713154641,-0.0012908053685363274,0.0013090779398599074,-5.095542854212702e-06,0.00043699947270465974,-0.00022968046665617907,0.0012725441773322164,0.0,-0.0,0.0,-0.0,0.0014747676405264844,0.0
9.6,-85.0,84.06171503047793,1.0,0.0,0.49183637748511044,0.49162733429691124,0.0012445952535992642,0.001473281419446583,0.9417479721531397,-0.006484529763691674,0.0009376749525749741,-0.0008235544846559493,0.05750138028202639,-0.11345600263141199,0.007030652707266567,-0.005038026953733092,-0.12112175074264125,0.06899035887036567,-0.002658991304316787,0.0030793071562328096,-0.004006202495707107,0.9483246557471915,-0.0012891852709727642,0.0013077790276098645,-5.096258254054838e-06,0.0004367601193742935,-0.00022934296682928354,0.001270960525155628,0.0,-0.0,0.0,-0.0,0.001473281419446583,0.0
9.610000000000001,-85.0,84.06171541194743,1.0,0.0,0.4918488189204132,0.49164206163998575,0.0012435775213669017,0.0014720887438429918,0.9417573435626976,-0.006492761392150501,0.0009365849997519371,-0.0008227488093701255,0.0575716405968401,-0.11350635443617617,0.007020990926450024,-0.005032219995324214,-0.12114832142483248,0.06902113149794031,-0.0026550709599151307,0.0030751313976882097,-0.004019087515788116,0.9483377271603891,-0.0012877390498321124,0.0013064782317039072,-5.095981132367027e-06,0.00043664374475839554,-0.00022900726422547541,0.0012695482444424386,0.0,-0.0,0.0,-0.0,0.0014720887438429918,0.0
9.620000000000001,-85.0,84.06171503047747,1.0,0.0,0.49186124885367394,0.4916567748103004,0.0012422702731623323,0.0014704225499158417,0.9417667051483871,-0.00650098498416113,0.0009357693816519125,-0.000821942981932697,0.057641791036922775,-0.11355664817867687,0.007008297988392408,-0.005026413354793734,-0.12117485316226255,0.06905186251806394,-0.002651206981328348,0.003070961928882603,-0.004031956671316261,0.9483507855307575,-0.0012860125340478008,0.001305172027719594,-5.097176326316672e-06,0.0004363365601447477,-0.00022867641332522014,0.0012678595794226308,0.0,-0.0,0.0,-0.0,0.0014704225499158417,0.0
9.63,-85.0,84.06171541194698,1.0,0.0,0.491873664540385,0.49167147166084324,0.0012408441285950346,0.0014689489135269113,0.9417760583139222,-0.0065092005065341615,0.0009348024805214173,-0.0008211407076038393,0.057711816871241765,-0.11360688382507991,0.006997156620002075,-0.005020600203444306,-0.12120134636005143,0.06908255178377459,-0.0026473614894823123,0.003066816847873471,-0.004044808782292724,0.9483638308397548,-0.00128438668821473,0.0013038630741210517,-5.097526691299992e-06,0.00043612347618117003,-0.00022834714677157252,0.001266270110808614,0.0,-0.0,0.0,-0.0,0.0014689489135269115,2.168404344971009e-19
9.64,-85.0,84.06171503047702,1.0,0.0,0.49188606693886955,0.49168615447015995,0.001239648599115942,0.0014676095282384351,0.9417854013000687,-0.006517407479114561,0.0009337670755794627,-0.0008202559393454237,0.05778173739467284,-0.11365706147857436,0.006986904089277692,-0.005014813619844192,-0.12122780114713501,0.06911319095068832,-0.002643511863568743,0.0030613622855448644,-0.004057644966540965,0.9483768637874574,-0.0012828423247269996,0.0013026662273761657,-5.097483004088823e-06,0.0004359635988836043,-0.00022801751371314923,0.0012647609260720686,0.0,-0.0,0.0,-0.0,0.001467609528238435,-2.168404344971009e-19
9.65,-85.0,84.06171541194652,1.0,0.0,0.4918984577116411,0.4917008247921612,0.0012383669721622531,0.0014662719654699229,0.9417947334798384,-0.006525606085291175,0.000932731326060268,-0.0008194495115584821,0.0578515604301644,-0.11370718136092925,0.006976484029977371,-0.005009047750076482,-0.12125421739331335,0.06914378389930478,-0.002639668359171723,0.003057184504337427,-0.004070466311845525,0.94838988411752,-0.001281313079173705,0.0013013711916591186,-5.09741719091398e-06,0.00043579118216355756,-0.00022768839901332345,0.0012632665995106025,0.0,-0.0,0.0,-0.0,0.0014662719654699227,-2.168404344971009e-19
9.66,-85.0,84.06171503047656,1.0,0.0,0.4919108361316781,0.4917154805659399,0.001237326201625181,0.0014648587674138853,0.9418040561905824,-0.006533796634345989,0.0009318349658613437,-0.0008186270644320616,0.05792127189669076,-0.11375724358196466,0.00696534716257718,-0.005003283272314008,-0.12128059545689476,0.06917433511225826,-0.0026358715632672563,0.0030529020158758823,-0.004083271680244798,0.9484028914820366,-0.0012797596843850925,0.001300081316017836,-5.098092610777167e-06,0.0004355717477438608,-0.00022736330335784087,0.0012617484156386427,0.0,-0.0,0.0,-0.0,0.0014648587674138853,0.0
9.67,-85.0,84.06171541194607,1.0,0.0,0.49192320406805545,0.49173012295367874,0.0012361630999726235,0.0014635339619423471,0.9418133697379741,-0.0065419788784272775,0.0009308699390554542,-0.000817801971528708,0.0579908733599112,-0.11380724816778928,0.006954548325342374,-0.004997515390381775,-0.1213069355826417,0.06920484298164595,-0.002632083573703894,0.0030486086546916494,-0.004096062197638351,0.9484158859888641,-0.0012782771958584956,0.0012987917200988435,-5.098372393536666e-06,0.00043537119825998286,-0.0002270389577655676,0.0012603000938414682,0.0,-0.0,0.0,-0.0,0.001463533961942347,-2.168404344971009e-19
9.68,-85.0,84.06171503047611,1.0,0.0,0.49193555842245484,0.4917447502046024,0.0012346992471452146,0.0014618954783127596,0.9418226739502206,-0.006550152709274275,0.000929932075942191,-0.0008169429462615196,0.05806036142254686,-0.11385719510878671,0.00694299787669494,-0.0049917541464204705,-0.12133323799184709,0.06923530248019867,-0.0026283192019442886,0.0030435601356607004,-0.004108836345692921,0.9484288680796725,-0.0012765288501937154,0.0012975674851125531,-5.098780496997053e-06,0.000435121294735098,-0.00022671663954554544,0.001258589603620204,0.0,-0.0,0.0,-0.0,0.0014618954783127596,0.0
9.690000000000001,-85.0,84.06171541194561,1.0,0.0,0.4919478992388967,0.4917593618600512,0.0012334327620417169,0.0014604340869734933,0.9418319676921615,-0.006558318261256381,0.0009288121238246283,-0.0008161343819006795,0.058129744350664876,-0.11390708446253738,0.0069333497938139,-0.004986005512275548,-0.12135950287358961,0.06926571792791128,-0.002624580506595719,0.0030393761097670634,-0.004121593167211369,0.9484418373776123,-0.0012748426489205102,0.0012962699992823412,-5.098169539337106e-06,0.00043498845163903393,-0.00022639652612875424,0.0012569403310025505,0.0,-0.0,0.0,-0.0,0.0014604340869734931,-2.168404344971009e-19
9.700000000000001,-85.0,84.06171503047565,1.0,0.0,0.49196022832699293,0.4917739597686547,0.0012323177719939238,0.001459069528692108,0.9418412508696641,-0.00656647573863611,0.0009278017836042251,-0.0008153280156033058,0.0581990282144493,-0.11395691641903932,0.006923125693587182,-0.004980273366398147,-0.121385730210104,0.06929608077723051,-0.0026208081230780123,0.0030338850086971936,-0.00413433417040336,0.9484547946955658,-0.0012732910508569117,0.0012950954224717098,-5.098139643465323e-06,0.00043481744348194333,-0.00022607349709505636,0.001255423721948686,0.0,-0.0,0.0,-0.0,0.0014590695286921076,-4.336808689942018e-19
9.71,-85.0,84.06171541194516,1.0,0.0,0.4919725458979897,0.4917885446853049,0.0012311653178054885,0.0014576971577160394,0.9418505235386988,-0.006574624965530375,0.000926843289327038,-0.0008145085003198667,0.05826821449818815,-0.11400669115642618,0.006912655706315833,-0.0049745605680101175,-0.1214119198450845,0.06932639832634566,-0.002617058820308093,0.003029628888516147,-0.004147060033569013,0.9484677393691254,-0.0012717516172555403,0.0012938077124304205,-5.098375150507622e-06,0.00043462892271273754,-0.00022575244951660337,0.0012539190596704127,0.0,-0.0,0.0,-0.0,0.0014576971577160392,-2.168404344971009e-19
9.72,-85.0,84.0617150304752,1.0,0.0,0.49198485215010923,0.4918031147392708,0.0012300662948867514,0.0014563598528296868,0.941859785726121,-0.006582766041549584,0.0009255791322350447,-0.0008137005873917952,0.058337300632125354,-0.11405640878296334,0.006904650087938071,-0.004968857116839575,-0.12143807237645138,0.06935667364350123,-0.002613372762490635,0.0030254484473699428,-0.004159769096228154,0.9484806711144809,-0.0012700964077319286,0.0012925080668109196,-5.096908099402265e-06,0.00043459341396590083,-0.00022543684775574915,0.0012523001947189374,0.0,-0.0,0.0,-0.0,0.0014563598528296868,0.0
9.73,-85.0,84.0617154119447,1.0,0.0,0.4919971470341346,0.49181767212290467,0.001228908586520516,0.0014550361758431996,0.941869036921972,-0.006590898817902594,0.0009246822840588592,-0.0008128539799937,0.058406296340499084,-0.11410606961592622,0.006893939673065898,-0.0049631942428020066,-0.12146418790959808,0.06938690539227713,-0.0026096652873959327,0.003020974804698654,-0.004172462987695469,0.9484935900161886,-0.0012686297875276805,0.001291236292038219,-5.0974437238438905e-06,0.00043438577933522723,-0.00022511938908690676,0.001250867229318723,0.0,-0.0,0.0,-0.0,0.0014550361758431996,0.0
9.74,-85.0,84.06171503047474,1.0,0.0,0.4920094311970746,0.4918322172313848,0.001227839799643999,0.0014539122167306453,0.9418782785566606,-0.006599023320842751,0.0009236249880383665,-0.0008120295944785319,0.05847519236279779,-0.11415567389963928,0.006884988425188542,-0.004957554352981029,-0.12149026645329686,0.06941709385291137,-0.002605974031374574,0.003016666948369738,-0.004185142728741801,0.9485064961451997,-0.0012672558733674215,0.0012899633936679117,-5.097075360539009e-06,0.0004342869835886232,-0.00022480332037923295,0.001249525628881794,0.0,-0.0,0.0,-0.0,0.0014539122167306453,0.0
9.75,-85.0,84.06171541194425,1.0,0.0,0.49202170289284525,0.49184674816339097,0.0012265214911230066,0.0014521619509868069,0.9418875109348608,-0.006607139351079602,0.0009228742649962915,-0.0008111599197544825,0.05854398359859507,-0.11420522191963485,0.006872484780326925,-0.004951932332112794,-0.12151630829745984,0.06944723318718929,-0.0026023157020928513,0.0030113532877085827,-0.004197806765455941,0.9485193901014389,-0.0012654808270060754,0.0012887810177194872,-5.09837981733928e-06,0.0004339619531089018,-0.00022449008262562318,0.0012477884603208673,0.0,-0.0,0.0,-0.0,0.0014521619509868067,-2.168404344971009e-19
9.76,-85.0,84.06171503047429,1.0,0.0,0.49203396206191713,0.4918612627361581,0.0012253834283903714,0.001450864327500043,0.9418967354178216,-0.006615246844483943,0.0009219204035947166,-0.0008103230306300153,0.05861265486807859,-0.1142547136637055,0.0068624907463338495,-0.0049463077742118965,-0.12154231340900164,0.0694773190237218,-0.002598612762696613,0.0030057647952486544,-0.00421045388376634,0.9485322722952714,-0.0012640014688811937,0.001287632916695169,-5.098542435978652e-06,0.0004337930614434713,-0.0002241729868279428,0.001246342795320493,0.0,-0.0,0.0,-0.0,0.0014508643275000428,-2.168404344971009e-19
9.770000000000001,-85.0,84.0617154119438,1.0,0.0,0.49204620922583037,0.49187576296099705,0.0012238770217369234,0.001449097151569696,0.9419059505270174,-0.006623346244673739,0.0009210609889262955,-0.000809530167568023,0.05868122041591775,-0.11430414922464141,0.006850440343494636,-0.0049406885420494534,-0.12156828140696457,0.06950735684513858,-0.0025949174075505614,0.0030016865556245415,-0.004223085192542193,0.9485451423639513,-0.0012621811784607935,0.0012863555536085968,-5.099208304819525e-06,0.00043349198437427603,-0.00022385653580349145,0.0012445609113037306,0.0,-0.0,0.0,-0.0,0.0014490971515696957,-2.168404344971009e-19
9.780000000000001,-85.0,84.06171503047383,1.0,0.0,0.4920584429623562,0.4918902473462382,0.0012228242575155713,0.0014477814007986716,0.9419151571468052,-0.0066314375623855604,0.0009201855110665822,-0.0008087190386983993,0.05874967011429632,-0.1143535285922335,0.006839777299968519,-0.004935071370481381,-0.12159421244092197,0.06953734761309188,-0.002591209995194999,0.0029967607173458618,-0.004235699869560492,0.9485580002002406,-0.0012607308880721515,0.0012851541562990316,-5.099765841102008e-06,0.00043327638993544013,-0.00022353903496342628,0.0012431438116677596,0.0,-0.0,0.0,-0.0,0.0014477814007986716,0.0
9.790000000000001,-85.0,84.06171541194334,1.0,0.0,0.4920706642768026,0.49190471744699,0.0012214933231399466,0.001446275805258757,0.9419243547987655,-0.0066395209439800325,0.0009192708792727825,-0.0008079371868499303,0.058818011745061335,-0.11440285177087749,0.00682886567016826,-0.0049294474050644715,-0.12162010651350072,0.0695672955886587,-0.002587529327984799,0.002992763330263734,-0.004248299012928687,0.9485708454589975,-0.0012591083816797237,0.0012838697922128682,-5.100087305764268e-06,0.0004330428730377527,-0.0002232238319791554,0.0012415568515059241,0.0,-0.0,0.0,-0.0,0.0014462758052587571,2.168404344971009e-19
9.8,-85.0,84.06171503047338,1.0,0.0,0.492082872248918,0.4919191721651477,0.0012201209780963902,0.001444667479183217,0.9419335433012428,-0.006647596577321131,0.0009183813792040297,-0.0008071158218086304,0.05888624393045918,-0.11445211867372632,0.006817642512449072,-0.004923822794515285,-0.12164596395783542,0.0695972038996348,-0.0025838872540023625,0.0029880830207388714,-0.004260881648108383,0.9485836778327237,-0.0012574075169215382,0.001282637161853392,-5.10052895827011e-06,0.00043278738240118614,-0.00022291194884333816,0.0012398925745836392,0.0,-0.0,0.0,-0.0,0.0014446674791832172,2.168404344971009e-19
9.81,-85.0,84.06171541194288,1.0,0.0,0.4920950675890297,0.49193361129162355,0.001218913074901013,0.001443150912108101,0.941942723306809,-0.006655663658060105,0.0009175546212704717,-0.0008062671676872672,0.058954361527092485,-0.11450132928113343,0.00680617575294978,-0.004918182030346276,-0.12167178491401602,0.06962706330007103,-0.002580235604106044,0.002982975640107936,-0.00427344793299146,0.9485964979872922,-0.0012558172467822023,0.0012814330399509707,-5.101299952330665e-06,0.0004325141405142397,-0.0002225992301100953,0.0012383373016562874,0.0,-0.0,0.0,-0.0,0.001443150912108101,0.0
9.82,-85.0,84.06171503047293,1.0,0.0,0.4921072510443142,0.4919480370124956,0.0012176913587079086,0.0014418394201493943,0.9419518936364816,-0.006663722019417904,0.0009165356822196991,-0.0008053987485754739,0.05902237906989271,-0.11455048351213487,0.006796540686601434,-0.004912553590024427,-0.12169756922260998,0.06965687004143929,-0.0025765591667586446,0.0029784009129165444,-0.004285999149767999,0.948609306220959,-0.0012543157790597006,0.0012801814366221363,-5.1009838011360995e-06,0.00043235521898192,-0.00022228436372969299,0.0012368695486983034,0.0,-0.0,0.0,-0.0,0.0014418394201493943,0.0
9.83,-85.0,84.06171541194243,1.0,0.0,0.49211942097968825,0.4919624478767963,0.0012163832875553184,0.001440377788948095,0.9419610544952176,-0.006671772033629664,0.0009156352666539935,-0.0008045932925901398,0.05909029122894954,-0.1145995815061769,0.006785844742805288,-0.004906930649423201,-0.121723316850411,0.06968662864717866,-0.0025728881032239374,0.0029736294794970954,-0.004298534189969585,0.948622102224037,-0.0012527337402838345,0.0012789593219920579,-5.101307779758731e-06,0.0004321267505003528,-0.0002219699514931031,0.001235322297720604,0.0,-0.0,0.0,-0.0,0.001440377788948095,0.0
9.84,-85.0,84.06171503047247,1.0,0.0,0.4921315798871937,0.49197684438390715,0.001215402501878599,0.0014387956276545237,0.9419702072936423,-0.006679814120765242,0.0009149300448048681,-0.0008037943457241544,0.059158091906401256,-0.11464862330719193,0.006773706309567415,-0.00490131395696927,-0.12174902785269065,0.0697163452438263,-0.0025692473878791756,0.0029695580873725608,-0.0043110539886077135,0.9486348855313941,-0.0012511287016223065,0.0012776798635116635,-5.102701091699971e-06,0.0004318041579501454,-0.00022165814826333456,0.0012337523190594129,0.0,-0.0,0.0,-0.0,0.0014387956276545237,0.0
9.85,-85.0,84.06171541194198,1.0,0.0,0.49214372873038803,0.4919912270381785,0.0012143465415505553,0.0014375732726350315,0.9419793512464635,-0.006687848208298422,0.0009139393946705078,-0.0008030034319209932,0.059225787022295986,-0.11469760891036569,0.006764236583310111,-0.004895698546258199,-0.12177470243029628,0.06974602110251309,-0.002565607248367462,0.0029655437413658283,-0.004323558709942237,0.9486476560345539,-0.0012497166432658305,0.001276395916323583,-5.102484347251217e-06,0.0004316495475684419,-0.0002213463855715847,0.0012323725949854255,0.0,-0.0,0.0,-0.0,0.0014375732726350315,0.0
9.860000000000001,-85.0,84.06171503047202,1.0,0.0,0.4921558667598645,0.49200559573921143,0.0012132281023324574,0.001436230607951607,0.9419884864725528,-0.006695874395786762,0.0009130233512035968,-0.0008021988542194669,0.059293374756866794,-0.11474653840410233,0.0067538756364883875,-0.004890085398086989,-0.12180034078496543,0.06977565684011032,-0.002561992476879025,0.002961438678678517,-0.004336048409898297,0.9486604137177242,-0.0012482449714686344,0.0012751198476105739,-5.1026646024828244e-06,0.00043143603417939103,-0.00022103680239411535,0.0012309340407688143,0.0,-0.0,0.0,-0.0,0.0014362306079516072,2.168404344971009e-19
9.870000000000001,-85.0,84.06171541194152,1.0,0.0,0.492167994115311,0.49201995242418306,0.0012121377164923935,0.0014348790768475088,0.9419976114458306,-0.006703892457690412,0.000912029477206202,-0.000801400964315037,0.05936087009319529,-0.11479541186418439,0.006744051810638142,-0.004884498725744177,-0.12182594295620079,0.06980524673531176,-0.002558379409205864,0.002956864978291482,-0.004348524097967318,0.9486731590995187,-0.0012467312173902938,0.0012738968748907313,-5.10239156092541e-06,0.0004312548816834144,-0.00022072735737436176,0.0012294539440993817,0.0,-0.0,0.0,-0.0,0.0014348790768475088,0.0
9.88,-85.0,84.06171503047156,1.0,0.0,0.4921801101188098,0.49203429344998445,0.0012110080639920822,0.0014333693433196226,0.942006727787289,-0.006711902596098374,0.0009111533267837371,-0.0008005915067383158,0.05942825293987424,-0.11484422948674076,0.006733014150295639,-0.0048789119536783,-0.12185150917131378,0.06983479554329965,-0.0025547914894139506,0.0029527311807006377,-0.00436098343188699,0.9486858918388802,-0.0012451407927526043,0.0012726302668602978,-5.102757460956588e-06,0.0004309939819484752,-0.0002204200726897967,0.0012278981915219006,0.0,-0.0,0.0,-0.0,0.0014333693433196226,0.0
9.89,-85.0,84.05798616389418,1.0,0.0,0.49219221425533044,0.49204861984256054,0.0012096635693143198,0.0014317626301602064,0.9420158351750854,-0.006719904766646249,0.000910343443740557,-0.0007998554008734921,0.0594955276557004,-0.11489299124639593,0.006721179096708398,-0.004873322015042563,-0.12187703954985991,0.06986430042370925,-0.002551211139193721,0.0029476551215382265,-0.004373427200274914,0.9486986121781829,-0.0012435071044804833,0.0012714654618309058,-5.103476248020487e-06,0.00043067981200571115,-0.00022011343197044398,0.00122629972637296,0.0,-0.0,0.0,-0.0,0.0014317626301602066,2.168404344971009e-19
9.9,-85.0,84.05798654536369,1.0,0.0,0.49220430532661325,0.49206293017426056,0.0012084373351123317,0.0014302428495607234,0.9420249344328577,-0.006727899461893898,0.0009094870811560843,-0.0007990671610730001,0.05956268549444439,-0.11494169700920816,0.006710079901654105,-0.004867721127186307,-0.12190253407716106,0.06989375734296492,-0.002547624413975463,0.0029436787236762746,-0.004385854549675515,0.9487113205716621,-0.0012419152725948288,0.001270186977294612,-5.1039156756792854e-06,0.00043041050781599655,-0.0002198062319373945,0.0012247424893578006,0.0,-0.0,0.0,-0.0,0.0014302428495607234,0.0
9.91,-85.0,84.05798616389373,1.0,0.0,0.4922163851034449,0.4920772261933099,0.001207383481815638,0.0014288697805705367,0.942034024771593,-0.006735886480453981,0.0009085617973207511,-0.0007982795462793447,0.05962973732913518,-0.1149903468120967,0.0066999269482252806,-0.004862129289296229,-0.12192799270344469,0.06992316522572989,-0.002544019124912564,0.0029379982127750457,-0.0043982665597065325,0.9487240170985626,-0.001240410794139734,0.0012690714794009739,-5.103949760744637e-06,0.0004301997999751676,-0.00021949742117450071,0.0012232713515306147,0.0,-0.0,0.0,-0.0,0.001428869780570537,2.168404344971009e-19
9.92,-85.0,84.05798654536324,1.0,0.0,0.49222845435965246,0.4920915098015049,0.0012064769115937264,0.0014278787921018516,0.9420431052589165,-0.006743865371550941,0.0009074878329876533,-0.0007974906036569363,0.05969669515373041,-0.11503894082813282,0.006691807302345268,-0.004856565112401778,-0.12195341513516166,0.06995252532463904,-0.002540395755065504,0.0029340231339389233,-0.004410664367506094,0.9487367016409765,-0.001239160793132342,0.0012678077369162658,-5.103129775800428e-06,0.0004301178299729133,-0.0002191870415792324,0.001222051133483971,0.0,-0.0,0.0,-0.0,0.0014278787921018516,0.0
9.93,-85.0,84.05798616389328,1.0,0.0,0.4922405133010521,0.49210578045299114,0.001205272150469513,0.0014263002664504903,0.942052176383534,-0.006751836447687384,0.0009066756347008639,-0.0007966925238341254,0.05976355445745328,-0.11508747928712262,0.006680363997766539,-0.00485101482787841,-0.12197880159191767,0.06998184530847007,-0.0025368193715158446,0.0029294871558980147,-0.004423047754817224,0.9487493736107906,-0.0012375392274188415,0.0012665970596894372,-5.103763268870061e-06,0.00042982029861205314,-0.0002188807071504321,0.0012204644382577394,0.0,-0.0,0.0,-0.0,0.0014263002664504905,2.168404344971009e-19
9.940000000000001,-85.0,84.05798654536278,1.0,0.0,0.49225256048424426,0.4921200359865598,0.0012041950408360647,0.0014248274411389286,0.9420612394631678,-0.006759799559067521,0.0009058742562675305,-0.0007958898942073192,0.05983030111641374,-0.11513596224144475,0.006669231337410997,-0.004845463506112325,-0.12200415228062024,0.07001112081594633,-0.002533246450406065,0.0029254026969296088,-0.004435415498064709,0.948762033409694,-0.0012360072112208367,0.0012653467393163326,-5.104439607952578e-06,0.00042954053330872407,-0.00021857466240562774,0.0012189660098437848,0.0,-0.0,0.0,-0.0,0.0014248274411389286,0.0
9.950000000000001,-85.0,84.05798616389282,1.0,0.0,0.4922645954935866,0.4921342767042267,0.0012027314902993893,0.0014231287755355235,0.9420702935370787,-0.006767754818677369,0.00090501570439935,-0.0007951105845320052,0.059896941542786165,-0.1151843896758423,0.006657692424915425,-0.004839909712889379,-0.12202946709313192,0.07004034353399374,-0.002529653653189013,0.0029201040042934542,-0.004447767492020421,0.9487746818498513,-0.0012342728957219617,0.001264212912552432,-5.1047759940175825e-06,0.0004292324222045599,-0.00021826689361745683,0.001217268022942438,0.0,-0.0,0.0,-0.0,0.0014231287755355235,0.0
9.96,-85.0,84.05798654536233,1.0,0.0,0.49227661693404146,0.4921485013314972,0.0012015565362652378,0.0014218114934657535,0.942079339274429,-0.0067757022067526295,0.0009041152334706224,-0.000794331819345928,0.05996346882951864,-0.11523276154843394,0.006647723239422879,-0.004834356825214874,-0.12205474610934157,0.07006952597292201,-0.0025260812699153526,0.002915667072466437,-0.004460102928547234,0.9487873177405959,-0.0012328264188260617,0.0012629977701277854,-5.104857053193976e-06,0.0004290233668822797,-0.0002179608769608619,0.00121585386059753,0.0,-0.0,0.0,-0.0,0.0014218114934657538,2.168404344971009e-19
9.97,-85.0,84.05798616389237,1.0,0.0,0.4922886271974086,0.4921627119866068,0.0012004391523206621,0.0014204155266581378,0.9420883762040193,-0.0067836416027867025,0.0009031563891346743,-0.0007935231774567444,0.060029892797832246,-0.11528107798941024,0.006637772109147173,-0.00482882060546749,-0.12207998937520328,0.07009865815977542,-0.002522487012626918,0.0029108985386966657,-0.004472423336144376,0.9487999420316198,-0.0012312987491109781,0.0012618159154353455,-5.104589868422724e-06,0.0004288135017362439,-0.00021765296401669623,0.0012143595788070127,0.0,-0.0,0.0,-0.0,0.0014204155266581376,-2.168404344971009e-19
9.98,-85.0,84.05798654536187,1.0,0.0,0.49230062719928513,0.4921769108171758,0.0011994599072936598,0.0014190781547109516,0.942097402854594,-0.006791572868903145,0.0009022855510297113,-0.0007926789665003541,0.06009622707045059,-0.11532933917285149,0.006627457337843992,-0.00482330809627336,-0.1221051966308554,0.07012774691549897,-0.0025189075701964776,0.002906550500258404,-0.004484729988652418,0.9488125541281335,-0.001229858059274982,0.0012605952643113347,-5.104802707126299e-06,0.00042857824060533285,-0.00021734632075611564,0.0012129510375688604,0.0,-0.0,0.0,-0.0,0.0014190781547109513,-2.168404344971009e-19
9.99,-85.0,84.05798616389191,1.0,0.0,0.4923126177928928,0.4921910961207364,0.0011985979476877608,0.0014179669365529935,0.9421064211049885,-0.006799495685003689,0.0009013593709063052,-0.0007918628751789577,0.06016245641956515,-0.11537754521139013,0.006618159361026496,-0.0048177932626726205,-0.12213036822423627,0.07015679220890907,-0.0025153417826419234,0.002902427741242546,-0.00449702221846928,0.94882515401797,-0.0012285828845191044,0.0012593599963061433,-5.1046840605447055e-06,0.00042840677255095885,-0.00021704084698437074,0.0012117056950469499,0.0,-0.0,0.0,-0.0,0.0014179669365529932,-2.168404344971009e-19
10.0,-85.0,84.05798654536142,1.0,0.0,0.4923245979495327,0.49220526743066656,0.0011973456650354324,0.0014161489580113036,0.9421154308789779,-0.006807410564836942,0.0009006291691561272,-0.0007910957841104336,0.0602285798470437,-0.115425696142239,0.006605738905880221,-0.00481227197196197,-0.12215550440538801,0.07018579770244934,-0.0025118334806284305,0.002898621173126657,-0.004509299660417698,0.9488377414823735,-0.0012268043474767515,0.0012581022535427702,-5.1056576657416495e-06,0.0004280310802112822,-0.00021674032471056488,0.001209963860176328,0.0,-0.0,0.0,-0.0,0.0014161489580113036,0.0
